{"crs":{"properties":{"name":"urn:ogc:def:crs:OGC:1.3:CRS84"},"type":"name"},"features":[{"collection":"gpzone","geometry":{"bbox":[70.965486808,51.980931345,70.9673009030001,51.982477949],"coordinates":[[[[70.9661001430001,51.981453738],[70.965938533,51.9814165270001],[70.965486808,51.9822394600001],[70.9665236860001,51.982477949],[70.967018382,51.9816521110001],[70.9661001430001,51.981453738]]],[[[70.967295806,51.9811793810001],[70.966204856,51.980931345],[70.965971283,51.9813568650001],[70.9659718303872,51.9813569704543],[70.9659723781778,51.9813570737579],[70.9659729263767,51.9813571749128],[70.9659734749657,51.9813572739167],[70.965974023934,51.9813573707661],[70.965974573285,51.9813574654613],[70.9659751230001,51.9813575580001],[70.967052902,51.981594483],[70.9673009030001,51.9811804660001],[70.967295806,51.9811793810001]]]],"type":"MultiPolygon"},"id":"10234745.","properties":{"_release_layer_kind":"prohibited","_source_collection":"gpzone-restrict","admterr_id/locality_admterr_id":"kz.11.32.20.100","admterr_id/locality_admterr_id/geometry":{"bbox":[70.8523094266288,51.9518618226077,71.0279271440472,52.0802527422118]},"admterr_id/locality_admterr_id/name":"г.Акколь","admterr_id/locality_admterr_id/name_kk":"Ақкөл қ.","admterr_id/locality_admterr_id/name_ru":"г.Акколь","admterr_id/oblast_admterr_id":"kz.11","admterr_id/oblast_admterr_id/geometry":{"bbox":[65.3511897767069,50.0393502247237,74.2592871444736,53.6843580486921]},"admterr_id/oblast_admterr_id/name":"Акмолинская область","admterr_id/oblast_admterr_id/name_kk":"Ақмола облысы","admterr_id/oblast_admterr_id/name_ru":"Акмолинская область","admterr_id/rayon_admterr_id":"kz.11.32","admterr_id/rayon_admterr_id/geometry":{"bbox":[70.1281097298711,51.7706646443949,72.5349641677958,52.6841373051009]},"admterr_id/rayon_admterr_id/name":"Аккольский район","admterr_id/rayon_admterr_id/name_kk":"Ақкөл ауданы","admterr_id/rayon_admterr_id/name_ru":"Аккольский район","functional":"Объекты обороны","gpsubtype_id":11360000,"id":"10234745.","implementation":"Существующие","name_usl":"Территория оборонных объектов","object_id_i32":1,"usl_i32":11360000},"type":"Feature"},{"collection":"gpzone","geometry":{"bbox":[70.988902705,51.969867472,70.991116692,51.971587239],"coordinates":[[[[70.991116692,51.9712569430001],[70.9902004360001,51.969867472],[70.988902705,51.9702065860001],[70.989858177,51.971587239],[70.991116692,51.9712569430001]]]],"type":"MultiPolygon"},"id":"10234746.","properties":{"_release_layer_kind":"prohibited","_source_collection":"gpzone-restrict","admterr_id/locality_admterr_id":"kz.11.32.20.100","admterr_id/locality_admterr_id/geometry":{"bbox":[70.8523094266288,51.9518618226077,71.0279271440472,52.0802527422118]},"admterr_id/locality_admterr_id/name":"г.Акколь","admterr_id/locality_admterr_id/name_kk":"Ақкөл қ.","admterr_id/locality_admterr_id/name_ru":"г.Акколь","admterr_id/oblast_admterr_id":"kz.11","admterr_id/oblast_admterr_id/geometry":{"bbox":[65.3511897767069,50.0393502247237,74.2592871444736,53.6843580486921]},"admterr_id/oblast_admterr_id/name":"Акмолинская область","admterr_id/oblast_admterr_id/name_kk":"Ақмола облысы","admterr_id/oblast_admterr_id/name_ru":"Акмолинская область","admterr_id/rayon_admterr_id":"kz.11.32","admterr_id/rayon_admterr_id/geometry":{"bbox":[70.1281097298711,51.7706646443949,72.5349641677958,52.6841373051009]},"admterr_id/rayon_admterr_id/name":"Аккольский район","admterr_id/rayon_admterr_id/name_kk":"Ақкөл ауданы","admterr_id/rayon_admterr_id/name_ru":"Аккольский район","functional":"Объекты обороны","gpsubtype_id":11360000,"id":"10234746.","implementation":"Существующие","name_usl":"Территория оборонных объектов","object_id_i32":2,"usl_i32":11360000},"type":"Feature"},{"collection":"gpzone","geometry":{"bbox":[70.9904999120001,51.969349987,70.993120332,51.971179874],"coordinates":[[[[70.9904999120001,51.969792602],[70.9914161680001,51.971179874],[70.993120332,51.9707306670001],[70.9922040770001,51.969349987],[70.9904999120001,51.969792602]]]],"type":"MultiPolygon"},"id":"10234747.","properties":{"_release_layer_kind":"prohibited","_source_collection":"gpzone-restrict","admterr_id/locality_admterr_id":"kz.11.32.20.100","admterr_id/locality_admterr_id/geometry":{"bbox":[70.8523094266288,51.9518618226077,71.0279271440472,52.0802527422118]},"admterr_id/locality_admterr_id/name":"г.Акколь","admterr_id/locality_admterr_id/name_kk":"Ақкөл қ.","admterr_id/locality_admterr_id/name_ru":"г.Акколь","admterr_id/oblast_admterr_id":"kz.11","admterr_id/oblast_admterr_id/geometry":{"bbox":[65.3511897767069,50.0393502247237,74.2592871444736,53.6843580486921]},"admterr_id/oblast_admterr_id/name":"Акмолинская область","admterr_id/oblast_admterr_id/name_kk":"Ақмола облысы","admterr_id/oblast_admterr_id/name_ru":"Акмолинская область","admterr_id/rayon_admterr_id":"kz.11.32","admterr_id/rayon_admterr_id/geometry":{"bbox":[70.1281097298711,51.7706646443949,72.5349641677958,52.6841373051009]},"admterr_id/rayon_admterr_id/name":"Аккольский район","admterr_id/rayon_admterr_id/name_kk":"Ақкөл ауданы","admterr_id/rayon_admterr_id/name_ru":"Аккольский район","functional":"Объекты обороны","gpsubtype_id":11360000,"id":"10234747.","implementation":"Существующие","name_usl":"Территория оборонных объектов","object_id_i32":3,"usl_i32":11360000},"type":"Feature"},{"collection":"gpzone","geometry":{"bbox":[70.992485727,51.9686871580001,70.9956480560001,51.970655799],"coordinates":[[[[70.993398417,51.970655799],[70.9956480560001,51.970067858],[70.9947424960001,51.9686871580001],[70.992485727,51.9692773190001],[70.993398417,51.970655799]]]],"type":"MultiPolygon"},"id":"10234748.","properties":{"_release_layer_kind":"prohibited","_source_collection":"gpzone-restrict","admterr_id/locality_admterr_id":"kz.11.32.20.100","admterr_id/locality_admterr_id/geometry":{"bbox":[70.8523094266288,51.9518618226077,71.0279271440472,52.0802527422118]},"admterr_id/locality_admterr_id/name":"г.Акколь","admterr_id/locality_admterr_id/name_kk":"Ақкөл қ.","admterr_id/locality_admterr_id/name_ru":"г.Акколь","admterr_id/oblast_admterr_id":"kz.11","admterr_id/oblast_admterr_id/geometry":{"bbox":[65.3511897767069,50.0393502247237,74.2592871444736,53.6843580486921]},"admterr_id/oblast_admterr_id/name":"Акмолинская область","admterr_id/oblast_admterr_id/name_kk":"Ақмола облысы","admterr_id/oblast_admterr_id/name_ru":"Акмолинская область","admterr_id/rayon_admterr_id":"kz.11.32","admterr_id/rayon_admterr_id/geometry":{"bbox":[70.1281097298711,51.7706646443949,72.5349641677958,52.6841373051009]},"admterr_id/rayon_admterr_id/name":"Аккольский район","admterr_id/rayon_admterr_id/name_kk":"Ақкөл ауданы","admterr_id/rayon_admterr_id/name_ru":"Аккольский район","functional":"Объекты обороны","gpsubtype_id":11360000,"id":"10234748.","implementation":"Существующие","name_usl":"Территория оборонных объектов","object_id_i32":4,"usl_i32":11360000},"type":"Feature"},{"collection":"gpzone","geometry":{"bbox":[66.324484225,51.1206057380001,66.3307801300001,51.126210943],"coordinates":[[[[66.324484225,51.1213827230001],[66.3264558320001,51.126210943],[66.3307801300001,51.125159335],[66.3287226630001,51.1206057380001],[66.324484225,51.1213827230001]],[[66.3277028310001,51.1239861070001],[66.3275578910001,51.123692938],[66.3281447850001,51.123587383],[66.328273993,51.1238859850001],[66.3277028310001,51.1239861070001]]]],"type":"MultiPolygon"},"id":"18174295.","properties":{"_release_layer_kind":"prohibited","_source_collection":"gpzone-restrict","admterr_id/locality_admterr_id":"kz.11.54.201","admterr_id/locality_admterr_id/geometry":{"bbox":[66.2636490384725,51.068376697306,66.4222594214408,51.1514742336865]},"admterr_id/locality_admterr_id/name":"г.Державинск","admterr_id/locality_admterr_id/name_kk":"Державин қ.","admterr_id/locality_admterr_id/name_ru":"г.Державинск","admterr_id/oblast_admterr_id":"kz.11","admterr_id/oblast_admterr_id/geometry":{"bbox":[65.3511897767069,50.0393502247237,74.2592871444736,53.6843580486921]},"admterr_id/oblast_admterr_id/name":"Акмолинская область","admterr_id/oblast_admterr_id/name_kk":"Ақмола облысы","admterr_id/oblast_admterr_id/name_ru":"Акмолинская область","admterr_id/rayon_admterr_id":"kz.11.54","admterr_id/rayon_admterr_id/geometry":{"bbox":[65.3865190001298,50.3843644662321,67.9447091784504,51.7816316983815]},"admterr_id/rayon_admterr_id/name":"Жаркаинский район","admterr_id/rayon_admterr_id/name_kk":"Жарқайың ауданы","admterr_id/rayon_admterr_id/name_ru":"Жаркаинский район","functional":"Территория оборонных объектов","gpsubtype_id":11360000,"id":"18174295.","implementation":"Существующие","name_usl":"Территория оборонных объектов","object_id_i32":1,"usl_i32":11360000},"type":"Feature"},{"collection":"gpzone","geometry":{"bbox":[69.21199261300006,53.324592547000066,69.21902015200004,53.32653784000007],"coordinates":[[[[69.21899844600006,53.32653784000007],[69.21902015200004,53.324592547000066],[69.21199261300006,53.32506447600008],[69.21200435400004,53.32605448800007],[69.21460858000006,53.32623446300005],[69.21899844600006,53.32653784000007]]]],"type":"MultiPolygon"},"id":"32460505.","properties":{"_release_layer_kind":"prohibited","_source_collection":"gpzone-restrict","admterr_id/locality_admterr_id":"kz.11.10.10","admterr_id/locality_admterr_id/geometry":{"bbox":[68.9938661312108,53.2085014360382,69.5450088057591,53.4055383209313]},"admterr_id/locality_admterr_id/name":"г.Кокшетау","admterr_id/locality_admterr_id/name_kk":"Көкшетау қ.","admterr_id/locality_admterr_id/name_ru":"г.Кокшетау","admterr_id/oblast_admterr_id":"kz.11","admterr_id/oblast_admterr_id/geometry":{"bbox":[65.3511897767069,50.0393502247237,74.2592871444736,53.6843580486921]},"admterr_id/oblast_admterr_id/name":"Акмолинская область","admterr_id/oblast_admterr_id/name_kk":"Ақмола облысы","admterr_id/oblast_admterr_id/name_ru":"Акмолинская область","admterr_id/rayon_admterr_id":"kz.11.10","admterr_id/rayon_admterr_id/geometry":{"bbox":[68.9938661312108,53.2085014360382,69.5450088057591,53.4055383209313]},"admterr_id/rayon_admterr_id/name":"Кокшетау Г.А.","admterr_id/rayon_admterr_id/name_kk":"Көкшетау Қ.Ә.","admterr_id/rayon_admterr_id/name_ru":"Кокшетау Г.А.","functional":"Территрия учебных центров военно-технических школ","gpsubtype_id":11360000,"id":"32460505.","implementation":"Существующие","name_usl":"Территория оборонных объектов\r\n","note":"Территрия учебных центров военно-технических школ","object_id_i32":1,"usl_i32":11360000},"type":"Feature"},{"collection":"gpzone","geometry":{"bbox":[70.8067089910001,52.839297963,70.8246020490001,52.8464838690001],"coordinates":[[[[70.824297474,52.8436189870001],[70.817886157,52.8453250410001],[70.816423232,52.8444734030001],[70.8128806510001,52.842438552],[70.807506833,52.839331289],[70.8069152680001,52.839297963],[70.8067089910001,52.840274305],[70.8078602840001,52.841474857],[70.809776006,52.8425243120001],[70.808549118,52.8434042530001],[70.80937228,52.8438178530001],[70.811284313,52.8447560330001],[70.814791427,52.8464838690001],[70.8163358900001,52.8461516740001],[70.817911,52.845819799],[70.819694815,52.8453615820001],[70.8223977260001,52.8446716760001],[70.8246020490001,52.844102191],[70.824297474,52.8436189870001]]]],"type":"MultiPolygon"},"id":"10228098.","properties":{"_release_layer_kind":"prohibited","_source_collection":"gpzone-san","admterr_id/locality_admterr_id":"kz.11.45.20.100","admterr_id/locality_admterr_id/geometry":{"bbox":[70.688545478108,52.7839364043872,70.8542795268534,52.8677919233118]},"admterr_id/locality_admterr_id/name":"г.Степняк","admterr_id/locality_admterr_id/name_kk":"Степняк қ.","admterr_id/locality_admterr_id/name_ru":"г.Степняк","admterr_id/oblast_admterr_id":"kz.11","admterr_id/oblast_admterr_id/geometry":{"bbox":[65.3511897767069,50.0393502247237,74.2592871444736,53.6843580486921]},"admterr_id/oblast_admterr_id/name":"Акмолинская область","admterr_id/oblast_admterr_id/name_kk":"Ақмола облысы","admterr_id/oblast_admterr_id/name_ru":"Акмолинская область","admterr_id/rayon_admterr_id":"kz.11.45","admterr_id/rayon_admterr_id/geometry":{"bbox":[70.4214855083241,52.3177446490086,72.9305253749135,53.4289420913295]},"admterr_id/rayon_admterr_id/name":"район Биржан сал","admterr_id/rayon_admterr_id/name_kk":"Біржан сал ауданы","admterr_id/rayon_admterr_id/name_ru":"район Биржан сал","gpsubtype_id":11410000,"id":"10228098.","name_usl":"Санитарно-защитные зоны","object_id_i32":1,"usl_i32":11410000},"type":"Feature"},{"collection":"gpzone","geometry":{"bbox":[70.7820889720001,52.8337128970001,70.7922277920001,52.83862565],"coordinates":[[[[70.7820889720001,52.8350259100001],[70.7872483400001,52.8380589290001],[70.7872533290001,52.83806186],[70.7882127810001,52.83862565],[70.789525966,52.8377468030001],[70.7907337890001,52.836946251],[70.7922277920001,52.8359816510001],[70.791258348,52.8344092450001],[70.7853061650001,52.8342841720001],[70.783027621,52.8337128970001],[70.7820889720001,52.8350259100001]]]],"type":"MultiPolygon"},"id":"10228099.","properties":{"_release_layer_kind":"prohibited","_source_collection":"gpzone-san","admterr_id/locality_admterr_id":"kz.11.45.20.100","admterr_id/locality_admterr_id/geometry":{"bbox":[70.688545478108,52.7839364043872,70.8542795268534,52.8677919233118]},"admterr_id/locality_admterr_id/name":"г.Степняк","admterr_id/locality_admterr_id/name_kk":"Степняк қ.","admterr_id/locality_admterr_id/name_ru":"г.Степняк","admterr_id/oblast_admterr_id":"kz.11","admterr_id/oblast_admterr_id/geometry":{"bbox":[65.3511897767069,50.0393502247237,74.2592871444736,53.6843580486921]},"admterr_id/oblast_admterr_id/name":"Акмолинская область","admterr_id/oblast_admterr_id/name_kk":"Ақмола облысы","admterr_id/oblast_admterr_id/name_ru":"Акмолинская область","admterr_id/rayon_admterr_id":"kz.11.45","admterr_id/rayon_admterr_id/geometry":{"bbox":[70.4214855083241,52.3177446490086,72.9305253749135,53.4289420913295]},"admterr_id/rayon_admterr_id/name":"район Биржан сал","admterr_id/rayon_admterr_id/name_kk":"Біржан сал ауданы","admterr_id/rayon_admterr_id/name_ru":"район Биржан сал","gpsubtype_id":11410000,"id":"10228099.","name_usl":"Санитарно-защитные зоны","object_id_i32":2,"usl_i32":11410000},"type":"Feature"},{"collection":"gpzone","geometry":{"bbox":[70.974522301,51.9964500350001,70.991088577,52.005149429],"coordinates":[[[[70.990524088,52.005149429],[70.991088577,51.9964500350001],[70.9829836980001,51.9964573710001],[70.9829364432503,51.9964955997901],[70.9828868828016,51.9965307880602],[70.9828352120021,51.9965627971214],[70.9827816344914,51.9965915008179],[70.9827263614352,51.9966167860166],[70.9826696106866,51.9966385530624],[70.9826116059121,51.9966567161664],[70.9825525757333,51.9966712037385],[70.9824927527997,51.9966819586797],[70.9824323728957,51.996688938604],[70.982371674,51.9966921160001],[70.974522301,51.9966921160001],[70.9745282420001,51.9966957830001],[70.9746449601844,51.9970529609999],[70.9747735501256,51.9974060387331],[70.9749138681473,51.9977546217397],[70.9750657574877,51.9980983205714],[70.9752290484535,51.9984367512398],[70.9754035586084,51.9987695356484],[70.9755890930001,51.9990963020001],[70.9757024414097,51.9991088525251],[70.9758148174611,51.999128269007],[70.9759258056547,51.9991544796576],[70.9760349956123,51.9991873875588],[70.9761419836128,51.9992268710366],[70.9762463740694,51.9992727841048],[70.9763477810001,51.9993249570001],[70.976570248,51.9994552320001],[70.9775314250001,52.000136529],[70.97757706,52.0001532530001],[70.9779150410001,52.0001858210001],[70.977805232,52.0007350760001],[70.9777493280001,52.0007308930001],[70.977710496,52.0008938780001],[70.9773753680001,52.000867472],[70.977415035,52.0007058830001],[70.9770993240001,52.000682263],[70.9772119840001,52.000129487],[70.977254766,52.0001101220001],[70.9772569355871,52.0001103516304],[70.9772591158777,52.0001104301672],[70.9772612963679,52.0001103572304],[70.9772634665387,52.0001101331727],[70.9772656159293,52.0001097590721],[70.9772677341825,52.0001092367329],[70.9772698110901,52.0001085686745],[70.9772718366366,52.0001077581164],[70.9772738010579,52.0001068089641],[70.9772756948841,52.0001057257941],[70.9772775089877,52.0001045138269],[70.9772792346266,52.000103178907],[70.9772808634807,52.0001017274681],[70.9772823876956,52.0001001665041],[70.9772837999262,52.0000985035422],[70.9772850933659,52.0000967465985],[70.9772862617829,52.0000949041405],[70.9772872995345,52.0000929850521],[70.9772882016295,52.0000909985811],[70.9772889637133,52.0000889543044],[70.9772895821152,52.0000868620755],[70.9772900538519,52.0000847319807],[70.9772903766534,52.0000825742882],[70.9772905489553,52.0000803993971],[70.9772905699392,52.0000782177922],[70.9772904394922,52.0000760399889],[70.977290158251,52.0000738764866],[70.9772897275688,52.0000717377134],[70.9772891495195,52.0000696339775],[70.9772884268932,52.0000675754236],[70.9772875631715,52.0000655719705],[70.97728656252,52.000063633277],[70.9772854297553,52.0000617686874],[70.9772841703452,52.0000599871928],[70.977282790358,52.0000582973771],[70.9772812964475,52.0000567073894],[70.9772796958095,52.0000552248912],[70.977277996164,52.0000538570275],[70.9772762057037,52.0000526103959],[70.9772743330577,52.0000514910043],[70.9772723872535,52.0000505042453],[70.977270377675,52.0000496548789],[70.9772683140001,52.000048947],[70.9763651310001,51.999425451],[70.9763274974971,51.999403335288],[70.976289486702,51.9993818745161],[70.9762511100125,51.9993610751208],[70.9762123789333,51.9993409433355],[70.9761733050767,51.9993214851975],[70.9761339001629,51.9993027065422],[70.9760941760001,51.999284613],[70.9760304071868,51.9992585018346],[70.9759655262001,51.999235291677],[70.9758996649325,51.9992150297112],[70.9758329572723,51.9991977571262],[70.975765538829,51.9991835090377],[70.9756975466669,51.9991723144095],[70.9756291190001,51.999164196],[70.9757941039108,51.9994333426145],[70.9759652942118,51.999698585526],[70.9761425975812,51.9999597816932],[70.9763259183965,52.0002167902512],[70.9765151577991,52.0004694726004],[70.9767102137277,52.0007176924716],[70.9769109810001,52.000961316],[70.9797156020001,52.0041079390001],[70.984564269,52.004988073],[70.990524088,52.005149429]],[[70.9778021020001,52.001070698],[70.9782251710001,51.9988202550001],[70.9852266230001,51.999869204],[70.9852509840001,52.002367512],[70.9788764140001,52.001232068],[70.978144361,52.0011381800001],[70.9778021020001,52.001070698]],[[70.9747240510001,51.9969338720001],[70.9748042670001,51.996924703],[70.974839919,51.9970182330001],[70.9747478180001,51.9970292360001],[70.9747240510001,51.9969338720001]]]],"type":"MultiPolygon"},"id":"10234750.","properties":{"_release_layer_kind":"prohibited","_source_collection":"gpzone-san","admterr_id/locality_admterr_id":"kz.11.32.20.100","admterr_id/locality_admterr_id/geometry":{"bbox":[70.8523094266288,51.9518618226077,71.0279271440472,52.0802527422118]},"admterr_id/locality_admterr_id/name":"г.Акколь","admterr_id/locality_admterr_id/name_kk":"Ақкөл қ.","admterr_id/locality_admterr_id/name_ru":"г.Акколь","admterr_id/oblast_admterr_id":"kz.11","admterr_id/oblast_admterr_id/geometry":{"bbox":[65.3511897767069,50.0393502247237,74.2592871444736,53.6843580486921]},"admterr_id/oblast_admterr_id/name":"Акмолинская область","admterr_id/oblast_admterr_id/name_kk":"Ақмола облысы","admterr_id/oblast_admterr_id/name_ru":"Акмолинская область","admterr_id/rayon_admterr_id":"kz.11.32","admterr_id/rayon_admterr_id/geometry":{"bbox":[70.1281097298711,51.7706646443949,72.5349641677958,52.6841373051009]},"admterr_id/rayon_admterr_id/name":"Аккольский район","admterr_id/rayon_admterr_id/name_kk":"Ақкөл ауданы","admterr_id/rayon_admterr_id/name_ru":"Аккольский район","gpsubtype_id":11410000,"id":"10234750.","name_usl":"Санитарно-защитные зоны","object_id_i32":1,"usl_i32":11410000},"type":"Feature"},{"collection":"gpzone","geometry":{"bbox":[70.936674027,51.983418392,70.939839921,51.9858972600001],"coordinates":[[[[70.939800704,51.9855822960001],[70.939839921,51.984252708],[70.9395074709565,51.9841629728028],[70.9391778778917,51.9840632539572],[70.9388514415405,51.9839536421532],[70.9385284587806,51.9838342370713],[70.9382092233317,51.9837051473032],[70.937894025522,51.9835664902469],[70.9375831520001,51.983418392],[70.9375214009692,51.9834544226787],[70.9374619392905,51.9834941178715],[70.9374049841499,51.9835373325877],[70.9373507435812,51.9835839089828],[70.937299415702,51.9836336769295],[70.9372511879919,51.9836864546505],[70.9372062366086,51.9837420493705],[70.9371647257381,51.9838002580245],[70.9371268070001,51.9838608680001],[70.9370733721209,51.9839247732895],[70.9370157134095,51.9839848952114],[70.9369540980478,51.9840409551743],[70.9368888115459,51.9840926934084],[70.9368201564235,51.9841398701691],[70.9367484508204,51.9841822668519],[70.936674027,51.9842196870001],[70.937499965,51.9849397040001],[70.9375794334813,51.9850056815566],[70.9376540950334,51.9850770533366],[70.9377235843021,51.9851534700883],[70.9377875612445,51.9852345578729],[70.9378457127968,51.9853199198933],[70.9378977544038,51.9854091384404],[70.9379434313996,51.9855017769314],[70.9379825202704,51.9855973820449],[70.938014829736,51.9856954859505],[70.938040201698,51.9857956085824],[70.9380585120001,51.9858972600001],[70.9388345360001,51.985894876],[70.9389805531842,51.9858813225565],[70.9391251821299,51.9858570907208],[70.9392676429888,51.9858223111514],[70.9394071675924,51.9857771713814],[70.9395430036139,51.9857219148098],[70.9396744186175,51.9856568393844],[70.939800704,51.9855822960001]],[[70.9382574300001,51.98561863],[70.9385212550001,51.985605423],[70.938542645,51.985812342],[70.9382895160001,51.9858277500001],[70.9382574300001,51.98561863]],[[70.9389383820001,51.985273029],[70.9391487290001,51.985105731],[70.9393982920001,51.9852224000001],[70.9391843810001,51.985391899],[70.9389383820001,51.985273029]],[[70.938956208,51.9847293080001],[70.9391180680001,51.984568171],[70.9393982920001,51.9846764760001],[70.9392378590001,51.9848327700001],[70.938956208,51.9847293080001]],[[70.938478472,51.984451941],[70.938129083,51.9847006910001],[70.9377832590001,51.9845267860001],[70.9381255170001,51.984269231],[70.938478472,51.984451941]],[[70.937790389,51.9840336870001],[70.937441,51.984273633],[70.9371557840001,51.9841107340001],[70.9375194350001,51.983868585],[70.937790389,51.9840336870001]],[[70.9380363880001,51.9839786530001],[70.938232473,51.983824558],[70.9385390800001,51.9839830560001],[70.9383358640001,51.9841349490001],[70.9380363880001,51.9839786530001]]]],"type":"MultiPolygon"},"id":"10234751.","properties":{"_release_layer_kind":"prohibited","_source_collection":"gpzone-san","admterr_id/locality_admterr_id":"kz.11.32.20.100","admterr_id/locality_admterr_id/geometry":{"bbox":[70.8523094266288,51.9518618226077,71.0279271440472,52.0802527422118]},"admterr_id/locality_admterr_id/name":"г.Акколь","admterr_id/locality_admterr_id/name_kk":"Ақкөл қ.","admterr_id/locality_admterr_id/name_ru":"г.Акколь","admterr_id/oblast_admterr_id":"kz.11","admterr_id/oblast_admterr_id/geometry":{"bbox":[65.3511897767069,50.0393502247237,74.2592871444736,53.6843580486921]},"admterr_id/oblast_admterr_id/name":"Акмолинская область","admterr_id/oblast_admterr_id/name_kk":"Ақмола облысы","admterr_id/oblast_admterr_id/name_ru":"Акмолинская область","admterr_id/rayon_admterr_id":"kz.11.32","admterr_id/rayon_admterr_id/geometry":{"bbox":[70.1281097298711,51.7706646443949,72.5349641677958,52.6841373051009]},"admterr_id/rayon_admterr_id/name":"Аккольский район","admterr_id/rayon_admterr_id/name_kk":"Ақкөл ауданы","admterr_id/rayon_admterr_id/name_ru":"Аккольский район","gpsubtype_id":11410000,"id":"10234751.","name_usl":"Санитарно-защитные зоны","object_id_i32":2,"usl_i32":11410000},"type":"Feature"},{"collection":"gpzone","geometry":{"bbox":[69.4541809890001,51.048620177,69.467200043,51.0521119920001],"coordinates":[[[[69.457227919,51.0517365090001],[69.4568649610001,51.0508574440001],[69.467200043,51.0490089180001],[69.467003021,51.048620177],[69.4549275750001,51.050779994],[69.4541809890001,51.051111614],[69.4549159430001,51.0517054530001],[69.455128513,51.0521119920001],[69.457227919,51.0517365090001]]]],"type":"MultiPolygon"},"id":"17420486.","properties":{"_release_layer_kind":"prohibited","_source_collection":"gpzone-san","admterr_id/locality_admterr_id":"kz.11.44.30.100","admterr_id/locality_admterr_id/geometry":{"bbox":[69.4319684930436,51.0193582081077,69.5184535716551,51.0777430273622]},"admterr_id/locality_admterr_id/name":"с.Егиндыколь","admterr_id/locality_admterr_id/name_kk":"Егіндікөл а.","admterr_id/locality_admterr_id/name_ru":"с.Егиндыколь","admterr_id/oblast_admterr_id":"kz.11","admterr_id/oblast_admterr_id/geometry":{"bbox":[65.3511897767069,50.0393502247237,74.2592871444736,53.6843580486921]},"admterr_id/oblast_admterr_id/name":"Акмолинская область","admterr_id/oblast_admterr_id/name_kk":"Ақмола облысы","admterr_id/oblast_admterr_id/name_ru":"Акмолинская область","admterr_id/rayon_admterr_id":"kz.11.44","admterr_id/rayon_admterr_id/geometry":{"bbox":[68.5589847931818,50.5645928439865,70.2038258396407,51.4472808106324]},"admterr_id/rayon_admterr_id/name":"Егиндыкольский район","admterr_id/rayon_admterr_id/name_kk":"Егіндікөл ауданы","admterr_id/rayon_admterr_id/name_ru":"Егиндыкольский район","gpsubtype_id":11410000,"id":"17420486.","name_usl":"Санитарно-защитные зоны","object_id_i32":1,"usl_i32":11410000},"type":"Feature"},{"collection":"gpzone","geometry":{"bbox":[69.4697238050001,51.0546711860001,69.4745265770001,51.0567334850001],"coordinates":[[[[69.474489164,51.0553894000001],[69.4721514560001,51.0554104750001],[69.472133725,51.0546711860001],[69.4697238050001,51.054698305],[69.4698231660001,51.0560708120001],[69.4705788700001,51.0560476950001],[69.4705712560001,51.055838302],[69.471148037,51.055824977],[69.4711784940001,51.0563160980001],[69.4726309170001,51.056274219],[69.4726575810001,51.0567334850001],[69.4745265770001,51.0566810190001],[69.474489164,51.0553894000001]]]],"type":"MultiPolygon"},"id":"17420487.","properties":{"_release_layer_kind":"prohibited","_source_collection":"gpzone-san","admterr_id/locality_admterr_id":"kz.11.44.30.100","admterr_id/locality_admterr_id/geometry":{"bbox":[69.4319684930436,51.0193582081077,69.5184535716551,51.0777430273622]},"admterr_id/locality_admterr_id/name":"с.Егиндыколь","admterr_id/locality_admterr_id/name_kk":"Егіндікөл а.","admterr_id/locality_admterr_id/name_ru":"с.Егиндыколь","admterr_id/oblast_admterr_id":"kz.11","admterr_id/oblast_admterr_id/geometry":{"bbox":[65.3511897767069,50.0393502247237,74.2592871444736,53.6843580486921]},"admterr_id/oblast_admterr_id/name":"Акмолинская область","admterr_id/oblast_admterr_id/name_kk":"Ақмола облысы","admterr_id/oblast_admterr_id/name_ru":"Акмолинская область","admterr_id/rayon_admterr_id":"kz.11.44","admterr_id/rayon_admterr_id/geometry":{"bbox":[68.5589847931818,50.5645928439865,70.2038258396407,51.4472808106324]},"admterr_id/rayon_admterr_id/name":"Егиндыкольский район","admterr_id/rayon_admterr_id/name_kk":"Егіндікөл ауданы","admterr_id/rayon_admterr_id/name_ru":"Егиндыкольский район","gpsubtype_id":11410000,"id":"17420487.","name_usl":"Санитарно-защитные зоны","object_id_i32":2,"usl_i32":11410000},"type":"Feature"},{"collection":"gpzone","geometry":{"bbox":[69.4748908000001,51.056828952,69.4788837990001,51.059447203],"coordinates":[[[[69.4788837990001,51.058571155],[69.478703894,51.056828952],[69.4786151260001,51.0568361970001],[69.4748908000001,51.0569407440001],[69.4749265670001,51.058175432],[69.4775034900001,51.059447203],[69.4788837990001,51.058571155]]]],"type":"MultiPolygon"},"id":"17420488.","properties":{"_release_layer_kind":"prohibited","_source_collection":"gpzone-san","admterr_id/locality_admterr_id":"kz.11.44.30.100","admterr_id/locality_admterr_id/geometry":{"bbox":[69.4319684930436,51.0193582081077,69.5184535716551,51.0777430273622]},"admterr_id/locality_admterr_id/name":"с.Егиндыколь","admterr_id/locality_admterr_id/name_kk":"Егіндікөл а.","admterr_id/locality_admterr_id/name_ru":"с.Егиндыколь","admterr_id/oblast_admterr_id":"kz.11","admterr_id/oblast_admterr_id/geometry":{"bbox":[65.3511897767069,50.0393502247237,74.2592871444736,53.6843580486921]},"admterr_id/oblast_admterr_id/name":"Акмолинская область","admterr_id/oblast_admterr_id/name_kk":"Ақмола облысы","admterr_id/oblast_admterr_id/name_ru":"Акмолинская область","admterr_id/rayon_admterr_id":"kz.11.44","admterr_id/rayon_admterr_id/geometry":{"bbox":[68.5589847931818,50.5645928439865,70.2038258396407,51.4472808106324]},"admterr_id/rayon_admterr_id/name":"Егиндыкольский район","admterr_id/rayon_admterr_id/name_kk":"Егіндікөл ауданы","admterr_id/rayon_admterr_id/name_ru":"Егиндыкольский район","gpsubtype_id":11410000,"id":"17420488.","name_usl":"Санитарно-защитные зоны","object_id_i32":4,"usl_i32":11410000},"type":"Feature"},{"collection":"gpzone","geometry":{"bbox":[69.4581703520001,51.0533400070001,69.4605763980001,51.055375315],"coordinates":[[[[69.4601566810001,51.054358832],[69.4595023320001,51.054478579],[69.459281042,51.0539324920001],[69.4591918130001,51.053936062],[69.4591739670001,51.0537576030001],[69.459138275,51.0533400070001],[69.4587225820001,51.0533930750001],[69.458454219,51.0534370180001],[69.4581703520001,51.0534835010001],[69.458538365,51.054374764],[69.4605763980001,51.055375315],[69.4601566810001,51.054358832]]]],"type":"MultiPolygon"},"id":"17420489.","properties":{"_release_layer_kind":"prohibited","_source_collection":"gpzone-san","admterr_id/locality_admterr_id":"kz.11.44.30.100","admterr_id/locality_admterr_id/geometry":{"bbox":[69.4319684930436,51.0193582081077,69.5184535716551,51.0777430273622]},"admterr_id/locality_admterr_id/name":"с.Егиндыколь","admterr_id/locality_admterr_id/name_kk":"Егіндікөл а.","admterr_id/locality_admterr_id/name_ru":"с.Егиндыколь","admterr_id/oblast_admterr_id":"kz.11","admterr_id/oblast_admterr_id/geometry":{"bbox":[65.3511897767069,50.0393502247237,74.2592871444736,53.6843580486921]},"admterr_id/oblast_admterr_id/name":"Акмолинская область","admterr_id/oblast_admterr_id/name_kk":"Ақмола облысы","admterr_id/oblast_admterr_id/name_ru":"Акмолинская область","admterr_id/rayon_admterr_id":"kz.11.44","admterr_id/rayon_admterr_id/geometry":{"bbox":[68.5589847931818,50.5645928439865,70.2038258396407,51.4472808106324]},"admterr_id/rayon_admterr_id/name":"Егиндыкольский район","admterr_id/rayon_admterr_id/name_kk":"Егіндікөл ауданы","admterr_id/rayon_admterr_id/name_ru":"Егиндыкольский район","gpsubtype_id":11410000,"id":"17420489.","name_usl":"Санитарно-защитные зоны","object_id_i32":5,"usl_i32":11410000},"type":"Feature"},{"collection":"gpzone","geometry":{"bbox":[68.2865890610001,51.7959932900001,68.2992727210001,51.8077306380001],"coordinates":[[[[68.2897319040001,51.8025072870001],[68.2892344260001,51.8023350340001],[68.2892817840001,51.80237721],[68.291712487,51.8045474530001],[68.293294388,51.805958424],[68.2945222580001,51.8070539170001],[68.2952803680001,51.8077306380001],[68.295236366,51.8076599410001],[68.2951614150001,51.8075316370001],[68.2950195590001,51.80724883],[68.2949210210001,51.807000051],[68.2948520180001,51.8067329180001],[68.2948130890001,51.8064762430001],[68.2948019400001,51.8061069180001],[68.2948157430001,51.8059314110001],[68.294846863,51.8057689920001],[68.294886375,51.805598709],[68.2949389820001,51.8054441360001],[68.294975397,51.805336718],[68.2950490050001,51.805163797],[68.2951934660001,51.8048991530001],[68.2952266360001,51.8048467460001],[68.2953523420001,51.8047209410001],[68.2955318840001,51.8045274140001],[68.293185706,51.8037076410001],[68.2897319040001,51.8025072870001]]],[[[68.293436865,51.7961066560001],[68.2932906240001,51.7959932900001],[68.286875916,51.79948719],[68.2867211160001,51.799736593],[68.2865890610001,51.8000047850001],[68.2865955940001,51.8000105230001],[68.288518588,51.8016978620001],[68.288696326,51.8018558190001],[68.288777033,51.8019276950001],[68.2899040880001,51.8023179420001],[68.293358503,51.803518512],[68.29570669,51.804338993],[68.295712193,51.8043330620001],[68.296666137,51.803300446],[68.297536467,51.802362159],[68.298122219,51.8017278900001],[68.2984861910001,51.80133212],[68.2988921150001,51.8008970330001],[68.2992727210001,51.8004776700001],[68.2988528390001,51.8001635370001],[68.2982987380001,51.7997473060001],[68.2970261440001,51.798797031],[68.2961171380001,51.7981176910001],[68.2954547190001,51.797615046],[68.293436865,51.7961066560001]]]],"type":"MultiPolygon"},"id":"17422810.","properties":{"_release_layer_kind":"prohibited","_source_collection":"gpzone-san","admterr_id/locality_admterr_id":"kz.11.38.201","admterr_id/locality_admterr_id/geometry":{"bbox":[68.2717051363021,51.7472741971886,68.4574141884111,51.8636115644419]},"admterr_id/locality_admterr_id/name":"г.Атбасар","admterr_id/locality_admterr_id/name_kk":"Атбасар қ.","admterr_id/locality_admterr_id/name_ru":"г.Атбасар","admterr_id/oblast_admterr_id":"kz.11","admterr_id/oblast_admterr_id/geometry":{"bbox":[65.3511897767069,50.0393502247237,74.2592871444736,53.6843580486921]},"admterr_id/oblast_admterr_id/name":"Акмолинская область","admterr_id/oblast_admterr_id/name_kk":"Ақмола облысы","admterr_id/oblast_admterr_id/name_ru":"Акмолинская область","admterr_id/rayon_admterr_id":"kz.11.38","admterr_id/rayon_admterr_id/geometry":{"bbox":[67.7196257801397,50.6174259199747,69.267732777934,52.2133676141954]},"admterr_id/rayon_admterr_id/name":"Атбасарский район","admterr_id/rayon_admterr_id/name_kk":"Атбасар ауданы","admterr_id/rayon_admterr_id/name_ru":"Атбасарский район","gpsubtype_id":11410000,"id":"17422810.","name_usl":"Санитарно-защитные зоны","object_id_i32":1,"usl_i32":11410000},"type":"Feature"},{"collection":"gpzone","geometry":{"bbox":[68.3179445710001,51.8152809030001,68.3381843170001,51.8242058580001],"coordinates":[[[[68.3377611380001,51.821525648],[68.3377443750001,51.821351517],[68.3377441320001,51.821347282],[68.3377354460001,51.820881193],[68.33773576,51.8208742290001],[68.337750343,51.8207406770001],[68.337751123,51.8207356730001],[68.3377823880001,51.8205811620001],[68.337783157,51.820577868],[68.3378150880001,51.820457295],[68.3378167920001,51.8204519430001],[68.3378614980001,51.820331465],[68.337863778,51.8203261080001],[68.337925409,51.820197765],[68.337927311,51.8201941],[68.337935734,51.820179018],[68.3379977370001,51.8200680040001],[68.3380013810001,51.8200622310001],[68.338055845,51.8199842340001],[68.3380928440001,51.8199312520001],[68.3380993520001,51.8199231190001],[68.338138024,51.8198804830001],[68.3381843170001,51.8198294480001],[68.3381821510001,51.8198282750001],[68.337825566,51.8196416690001],[68.3377062870001,51.8195792500001],[68.33762857,51.819623284],[68.3374931160001,51.8196841110001],[68.3374083350001,51.8197155810001],[68.3372858380001,51.819738693],[68.3371257790001,51.8197618250001],[68.3369244350001,51.8197682220001],[68.3367807070001,51.8197515420001],[68.336636786,51.8197243870001],[68.3364925120001,51.8196783810001],[68.3363857990001,51.8196323530001],[68.3362235550001,51.8195381730001],[68.336112373,51.819435587],[68.3360419320001,51.8193204080001],[68.336019375,51.819209389],[68.336024449,51.8191151170001],[68.3360467890001,51.8190313090001],[68.336093109,51.818951676],[68.3361497920001,51.8188783240001],[68.3362271180001,51.8188133400001],[68.3356342580001,51.818516189],[68.335526202,51.8185811910001],[68.335356678,51.818646228],[68.335176522,51.8186903220001],[68.3350300860001,51.818711351],[68.3349039000001,51.818719801],[68.334661381,51.8187157460001],[68.334421536,51.8186718860001],[68.3342050480001,51.8185986820001],[68.3340326380001,51.818508696],[68.3339147440001,51.8184123950001],[68.333827699,51.8183223620001],[68.33378163,51.818232305],[68.333734898,51.818106635],[68.3337331020001,51.8180102690001],[68.333755013,51.8179034140001],[68.3337943480001,51.8178154060001],[68.3338876180001,51.817689655],[68.3331197510001,51.817346505],[68.332786033,51.817212612],[68.3327082530001,51.8171807000001],[68.3323627920001,51.8170389620001],[68.3317195710001,51.8167879200001],[68.3308741420001,51.816497182],[68.3300736910001,51.81623784],[68.3293320710001,51.8160203680001],[68.3282687720001,51.8157653630001],[68.3282146660001,51.8157555380001],[68.3275283410001,51.818184907],[68.327681764,51.818114656],[68.3319065750001,51.8187565060001],[68.3321197430001,51.8212623540001],[68.328595325,51.821099341],[68.327733816,51.8215947100001],[68.3269271120001,51.821595158],[68.3260565260001,51.8216034960001],[68.32433467,51.8212823760001],[68.323570611,51.8201358860001],[68.3227186080001,51.8197671390001],[68.322976956,51.8178265870001],[68.3273795330001,51.8182473940001],[68.3273799190001,51.8182457890001],[68.328089849,51.8157328720001],[68.3268194620001,51.8155021890001],[68.326276099,51.8154333520001],[68.3258655820001,51.815392725],[68.3258564800001,51.8154540100001],[68.325840075,51.8155357270001],[68.3258033020001,51.81562374],[68.3257561350001,51.8157039020001],[68.325665933,51.8158107990001],[68.3255523880001,51.8159019980001],[68.325397631,51.8159806460001],[68.3251941890001,51.8160577530001],[68.325033579,51.8160971220001],[68.3248445350001,51.816122368],[68.3246679150001,51.816127179],[68.324485881,51.8161162810001],[68.3243369640001,51.816095938],[68.3242082720001,51.8160614400001],[68.3240510850001,51.816009675],[68.3239296940001,51.8159547480001],[68.323808157,51.8158919640001],[68.3237120260001,51.815818166],[68.3236025890001,51.815717664],[68.3235419600001,51.8156249930001],[68.3235098230001,51.8155495870001],[68.32348755,51.815453753],[68.3234757530001,51.8153704800001],[68.3234971320001,51.8152809030001],[68.3233077370001,51.8152872940001],[68.322839371,51.8153032660001],[68.3224866,51.8153380300001],[68.3218376660001,51.8154216670001],[68.3218768420001,51.8154625000001],[68.3219872720001,51.8156164250001],[68.3220327110001,51.815718534],[68.322049366,51.815787662],[68.3220643370001,51.8159039290001],[68.3220691540001,51.8160249160001],[68.3220483010001,51.8161427730001],[68.321996803,51.81626536],[68.3219348590001,51.8163769530001],[68.3218346470001,51.8164964270001],[68.3217137400001,51.8166049100001],[68.321582237,51.816694543],[68.3214353110001,51.816781043],[68.321214174,51.816870727],[68.320969522,51.8169352830001],[68.3207755910001,51.8169731010001],[68.3205838390001,51.8169904910001],[68.320391971,51.8170015970001],[68.3201894800001,51.8169922810001],[68.32003553,51.8169766540001],[68.319894176,51.8169500210001],[68.319765541,51.816918667],[68.31964206,51.816888883],[68.3195028870001,51.8168418220001],[68.3193789360001,51.8167868950001],[68.3192935740001,51.816741376],[68.3191356560001,51.8166503320001],[68.3189465300001,51.816830591],[68.3186906160001,51.8171392300001],[68.3184378590001,51.817501801],[68.3182467970001,51.8178769030001],[68.3181329490001,51.8181807330001],[68.31806534,51.818400738],[68.3180109200001,51.8185955980001],[68.3179831180001,51.8187527300001],[68.3179751800001,51.8188764400001],[68.3179576190001,51.8190335670001],[68.3179512130001,51.8192393940001],[68.3179445710001,51.8194326510001],[68.317967475,51.819699734],[68.31799657,51.8198866850001],[68.3180215350001,51.8200253460001],[68.3180251370001,51.8200453520001],[68.3180611810001,51.820193019],[68.3180993770001,51.8203186900001],[68.31813472,51.8204286480001],[68.3181381950001,51.82043688],[68.3181990240001,51.820581013],[68.3182715090001,51.8207600790001],[68.3183248670001,51.820874739],[68.318475586,51.8211291750001],[68.3185705340001,51.8212768060001],[68.3186017930001,51.8213050680001],[68.31894514,51.8215892460001],[68.3192411620001,51.8218074600001],[68.319583778,51.8220523580001],[68.3200447850001,51.8223286100001],[68.3204198750001,51.8225294980001],[68.3207662670001,51.8227021220001],[68.320993947,51.8227998350001],[68.3213109960001,51.8229359040001],[68.3216773780001,51.8230818060001],[68.32195569,51.8231743420001],[68.3222057450001,51.8232621820001],[68.322646218,51.823398619],[68.3229861130001,51.8234974040001],[68.3232099430001,51.823552266],[68.3235804220001,51.8236431780001],[68.3243465780001,51.8238029990001],[68.3249374470001,51.8239016430001],[68.3252250960001,51.823945472],[68.3255844240001,51.8239876900001],[68.326338933,51.8240721060001],[68.327077665,51.8241345390001],[68.327905737,51.8241812090001],[68.328787182,51.8242058580001],[68.3292404460001,51.824204035],[68.3295040520001,51.8241944640001],[68.3298441620001,51.8241675690001],[68.3303297510001,51.8241138860001],[68.3309249540001,51.824035661],[68.332421734,51.8238227470001],[68.3353490250001,51.8234142350001],[68.3367231730001,51.8232170960001],[68.3378521970001,51.8230625100001],[68.3378873240001,51.8230600960001],[68.3378861780001,51.822868972],[68.337823756,51.8221761220001],[68.3377611380001,51.821525648]]]],"type":"MultiPolygon"},"id":"17422811.","properties":{"_release_layer_kind":"prohibited","_source_collection":"gpzone-san","admterr_id/locality_admterr_id":"kz.11.38.201","admterr_id/locality_admterr_id/geometry":{"bbox":[68.2717051363021,51.7472741971886,68.4574141884111,51.8636115644419]},"admterr_id/locality_admterr_id/name":"г.Атбасар","admterr_id/locality_admterr_id/name_kk":"Атбасар қ.","admterr_id/locality_admterr_id/name_ru":"г.Атбасар","admterr_id/oblast_admterr_id":"kz.11","admterr_id/oblast_admterr_id/geometry":{"bbox":[65.3511897767069,50.0393502247237,74.2592871444736,53.6843580486921]},"admterr_id/oblast_admterr_id/name":"Акмолинская область","admterr_id/oblast_admterr_id/name_kk":"Ақмола облысы","admterr_id/oblast_admterr_id/name_ru":"Акмолинская область","admterr_id/rayon_admterr_id":"kz.11.38","admterr_id/rayon_admterr_id/geometry":{"bbox":[67.7196257801397,50.6174259199747,69.267732777934,52.2133676141954]},"admterr_id/rayon_admterr_id/name":"Атбасарский район","admterr_id/rayon_admterr_id/name_kk":"Атбасар ауданы","admterr_id/rayon_admterr_id/name_ru":"Атбасарский район","gpsubtype_id":11410000,"id":"17422811.","name_usl":"Санитарно-защитные зоны","object_id_i32":3,"usl_i32":11410000},"type":"Feature"},{"collection":"gpzone","geometry":{"bbox":[68.356812189,51.8264777780001,68.358668234,51.82760985],"coordinates":[[[[68.3569474010001,51.8264777780001],[68.356887918,51.8268325860001],[68.356812189,51.8272842480001],[68.3582119710001,51.82760985],[68.358668234,51.8268698150001],[68.3569474010001,51.8264777780001]]]],"type":"MultiPolygon"},"id":"17422812.","properties":{"_release_layer_kind":"prohibited","_source_collection":"gpzone-san","admterr_id/locality_admterr_id":"kz.11.38.201","admterr_id/locality_admterr_id/geometry":{"bbox":[68.2717051363021,51.7472741971886,68.4574141884111,51.8636115644419]},"admterr_id/locality_admterr_id/name":"г.Атбасар","admterr_id/locality_admterr_id/name_kk":"Атбасар қ.","admterr_id/locality_admterr_id/name_ru":"г.Атбасар","admterr_id/oblast_admterr_id":"kz.11","admterr_id/oblast_admterr_id/geometry":{"bbox":[65.3511897767069,50.0393502247237,74.2592871444736,53.6843580486921]},"admterr_id/oblast_admterr_id/name":"Акмолинская область","admterr_id/oblast_admterr_id/name_kk":"Ақмола облысы","admterr_id/oblast_admterr_id/name_ru":"Акмолинская область","admterr_id/rayon_admterr_id":"kz.11.38","admterr_id/rayon_admterr_id/geometry":{"bbox":[67.7196257801397,50.6174259199747,69.267732777934,52.2133676141954]},"admterr_id/rayon_admterr_id/name":"Атбасарский район","admterr_id/rayon_admterr_id/name_kk":"Атбасар ауданы","admterr_id/rayon_admterr_id/name_ru":"Атбасарский район","gpsubtype_id":11410000,"id":"17422812.","name_usl":"Санитарно-защитные зоны","object_id_i32":4,"usl_i32":11410000},"type":"Feature"},{"collection":"gpzone","geometry":{"bbox":[68.3607812440001,51.8273987920001,68.361791214,51.827761669],"coordinates":[[[[68.3610147750001,51.827401217],[68.3608293350001,51.8273987920001],[68.3607812440001,51.8276106600001],[68.3617505830001,51.827761669],[68.361791214,51.8276797490001],[68.3615162880001,51.8275148290001],[68.3610147750001,51.827401217]]]],"type":"MultiPolygon"},"id":"17422813.","properties":{"_release_layer_kind":"prohibited","_source_collection":"gpzone-san","admterr_id/locality_admterr_id":"kz.11.38.201","admterr_id/locality_admterr_id/geometry":{"bbox":[68.2717051363021,51.7472741971886,68.4574141884111,51.8636115644419]},"admterr_id/locality_admterr_id/name":"г.Атбасар","admterr_id/locality_admterr_id/name_kk":"Атбасар қ.","admterr_id/locality_admterr_id/name_ru":"г.Атбасар","admterr_id/oblast_admterr_id":"kz.11","admterr_id/oblast_admterr_id/geometry":{"bbox":[65.3511897767069,50.0393502247237,74.2592871444736,53.6843580486921]},"admterr_id/oblast_admterr_id/name":"Акмолинская область","admterr_id/oblast_admterr_id/name_kk":"Ақмола облысы","admterr_id/oblast_admterr_id/name_ru":"Акмолинская область","admterr_id/rayon_admterr_id":"kz.11.38","admterr_id/rayon_admterr_id/geometry":{"bbox":[67.7196257801397,50.6174259199747,69.267732777934,52.2133676141954]},"admterr_id/rayon_admterr_id/name":"Атбасарский район","admterr_id/rayon_admterr_id/name_kk":"Атбасар ауданы","admterr_id/rayon_admterr_id/name_ru":"Атбасарский район","gpsubtype_id":11410000,"id":"17422813.","name_usl":"Санитарно-защитные зоны","object_id_i32":5,"usl_i32":11410000},"type":"Feature"},{"collection":"gpzone","geometry":{"bbox":[68.3795870270001,51.8086251540001,68.3995702830001,51.8216556900001],"coordinates":[[[[68.385839338,51.82161245],[68.3858659350001,51.821242747],[68.3858834230001,51.821078045],[68.385882355,51.8210778360001],[68.385880086,51.8210773610001],[68.385877001,51.8210766220001],[68.3857877900001,51.8210536270001],[68.3857807690001,51.821051507],[68.3856878970001,51.8210190620001],[68.3856845590001,51.821017811],[68.3856088700001,51.8209874790001],[68.3856087240001,51.8209874130001],[68.3856071000001,51.8209878150001],[68.3847750510001,51.8215522980001],[68.384295722,51.821392313],[68.384501662,51.8215273010001],[68.3845535890001,51.8215493200001],[68.3847335870001,51.8216066350001],[68.3847423460001,51.8216092360001],[68.3849740730001,51.8216445480001],[68.385154512,51.8216556900001],[68.385475549,51.821646263],[68.3857674280001,51.821620823],[68.385839338,51.82161245]]],[[[68.3879301100001,51.821137396],[68.3878916370001,51.820956971],[68.3868799460001,51.821081517],[68.3868357920001,51.82108736],[68.3868349850001,51.8210874690001],[68.3866658040001,51.8211098570001],[68.3866634940001,51.8211101350001],[68.386660077,51.8211104490001],[68.3864776490001,51.8211241660001],[68.3864711360001,51.8211244500001],[68.38638345,51.8211255520001],[68.3863808310001,51.8211255370001],[68.386269815,51.8211235050001],[68.386265269,51.8211233220001],[68.3861644230001,51.821117094],[68.386161025,51.8211168300001],[68.3860840570001,51.8211095390001],[68.3860826550001,51.821109398],[68.386010361,51.8211014710001],[68.3859948050001,51.8212478950001],[68.385969678,51.8215972740001],[68.3863813,51.8215493430001],[68.387972587,51.8213558290001],[68.3879301100001,51.821137396]]],[[[68.3913412510001,51.8209418590001],[68.3912000000001,51.8205496850001],[68.3905623270001,51.82062819],[68.389931823,51.8207096180001],[68.389930125,51.8207060180001],[68.388018297,51.820941378],[68.3880581760001,51.821128388],[68.3880993990001,51.8213403760001],[68.3913412510001,51.8209418590001]]],[[[68.3867520380001,51.8210172750001],[68.386730222,51.8208612600001],[68.386729039,51.8208613950001],[68.3862844050001,51.8209027180001],[68.3857552520001,51.8209518950001],[68.3858403310001,51.820981616],[68.3859232940001,51.821002998],[68.385970232,51.8210122290001],[68.386022682,51.821022541],[68.3861031970001,51.8210313690001],[68.3861777110001,51.8210384270001],[68.3862745870001,51.8210444090001],[68.3863817000001,51.8210463710001],[68.38646386,51.821045337],[68.3866401610001,51.8210320810001],[68.3867520380001,51.8210172750001]]],[[[68.3878748260001,51.82087813],[68.387845526,51.8207407340001],[68.3868653320001,51.8208456080001],[68.3868575820001,51.8208465060001],[68.3868791410001,51.821000703],[68.3878748260001,51.82087813]]],[[[68.395894964,51.8203940550001],[68.3958178190001,51.8201702590001],[68.39575985,51.81999934],[68.3943516350001,51.820168326],[68.3943452021747,51.8201704985479],[68.3943386352869,51.8201722239891],[68.3943319653663,51.8201734941686],[68.3943252239405,51.8201743030822],[68.3943184428638,51.8201746469067],[68.3943116541893,51.8201745240187],[68.3943048900001,51.8201739350001],[68.3931952250001,51.8203070930001],[68.3928855570001,51.8203455770001],[68.392097649,51.820439175],[68.3913894290001,51.8205263620001],[68.3915306920001,51.820918572],[68.3915678440001,51.8209140050001],[68.395894964,51.8203940550001]]],[[[68.3898626540001,51.8205628520001],[68.3898495130001,51.8205349720001],[68.38797277,51.8207206160001],[68.3879712730001,51.820720855],[68.3880014860001,51.820862536],[68.3898866100001,51.8206304600001],[68.3898626540001,51.8205628520001]]],[[[68.3983036760001,51.820033858],[68.3985213490001,51.8199590740001],[68.3987091230001,51.8198793920001],[68.398880449,51.8197917140001],[68.39898243,51.8197283710001],[68.3990957560001,51.8196493790001],[68.3991217050001,51.819630337],[68.3992623190001,51.8194986020001],[68.399295878,51.8194627620001],[68.399318131,51.819433991],[68.3994581700001,51.819212807],[68.3995395540001,51.8189990820001],[68.3995702830001,51.8186324590001],[68.3995382420001,51.8183789890001],[68.3994647160001,51.8180983110001],[68.399199384,51.8172940220001],[68.399199369,51.8172939870001],[68.3990134700001,51.8167584910001],[68.3989819510001,51.8166641710001],[68.398709711,51.8158801310001],[68.3986791340001,51.8157868230001],[68.39808449,51.815861784],[68.3982631900001,51.816404004],[68.3982885240001,51.816480691],[68.398769149,51.8179229200001],[68.398932733,51.8183880970001],[68.3989652390001,51.818620616],[68.3989634150001,51.81868796],[68.3989637290001,51.818693566],[68.398963779,51.818694915],[68.3989636190001,51.8186990710001],[68.3989629170001,51.8187064040001],[68.3989606900001,51.8187887330001],[68.3989506460001,51.8188345940001],[68.3989493290001,51.8188483420001],[68.398948326,51.818854049],[68.3989348210001,51.818906838],[68.3989276470001,51.818939587],[68.3989239110001,51.8189494750001],[68.398916441,51.818978675],[68.3989138960001,51.818985652],[68.3988953240001,51.8190251510001],[68.3988837150001,51.8190558780001],[68.39886427,51.8190911840001],[68.398858471,51.819103522],[68.3988567740001,51.8191067700001],[68.3988543410001,51.819110579],[68.3988509280001,51.819115416],[68.398811879,51.8191863230001],[68.3987165230001,51.8192916470001],[68.398686609,51.819319448],[68.3986742440001,51.819332644],[68.3986693740001,51.8193373130001],[68.398640453,51.8193623510001],[68.398608273,51.8193922600001],[68.3985970100001,51.8193999600001],[68.3985664620001,51.8194264030001],[68.398562144,51.819429862],[68.3985559100001,51.8194340540001],[68.3984356300001,51.8195074400001],[68.398429637,51.8195107980001],[68.3983297280001,51.8195615450001],[68.3983183160001,51.819567997],[68.398299084,51.8195771110001],[68.398253728,51.8196001480001],[68.398245172,51.8196040220001],[68.398226171,51.819611659],[68.3981744600001,51.8196361600001],[68.3981291860001,51.8196506360001],[68.3980820630001,51.8196695770001],[68.398077775,51.8196712020001],[68.3980721460001,51.819673062],[68.3979384520001,51.8197137220001],[68.397934536,51.8197148460001],[68.3977986350001,51.819751581],[68.3977925560001,51.8197530740001],[68.397647938,51.8197846610001],[68.397643708,51.819785713],[68.397641671,51.8197860290001],[68.397617848,51.819791233],[68.397609345,51.8197928210001],[68.3974327230001,51.819820414],[68.397428242,51.8198210450001],[68.3973629880001,51.8198292210001],[68.39722321,51.8198508880001],[68.3968484580001,51.819897181],[68.3959831320001,51.820004499],[68.3959742860001,51.820004097],[68.395959437,51.820006005],[68.396007275,51.8201470530001],[68.3960845730001,51.820371289],[68.3970361500001,51.820257391],[68.3977378060001,51.8201627350001],[68.3980780210001,51.820095511],[68.3982204590001,51.8200574090001],[68.3983036760001,51.820033858]]],[[[68.3929397510001,51.8118955480001],[68.3928480370001,51.811784027],[68.392841187,51.811774309],[68.3928157550001,51.8117302350001],[68.3927574800001,51.8116407620001],[68.3926930800001,51.811467855],[68.3925539140001,51.811139364],[68.3922702120001,51.810475136],[68.3920940020001,51.8100722890001],[68.392005532,51.80989694],[68.3916666160001,51.810047743],[68.390065265,51.810767147],[68.3899337970001,51.8108264590001],[68.3902863280001,51.8118130710001],[68.3905403890001,51.8117948110001],[68.390978433,51.8118008540001],[68.3911629990001,51.8118101810001],[68.3913041150001,51.8118242460001],[68.3914429370001,51.8118524550001],[68.391576634,51.8118806670001],[68.3916273520001,51.8118963250001],[68.3916303600001,51.811897065],[68.391636249,51.8118986490001],[68.3917564220001,51.8119339390001],[68.3917628190001,51.8119360030001],[68.3917669830001,51.811937549],[68.3919067260001,51.811992472],[68.391908646,51.8119933],[68.3919220010001,51.811998331],[68.39208725,51.8120705250001],[68.3923599920001,51.8122298850001],[68.392399476,51.8122516340001],[68.3924338720001,51.8122700740001],[68.392745538,51.8124316170001],[68.3928297470001,51.812472396],[68.393023342,51.8125540010001],[68.393221855,51.8126246030001],[68.393407241,51.8126779280001],[68.3934076740001,51.8126780420001],[68.393409441,51.8126782110001],[68.393411208,51.8126783800001],[68.3934176613606,51.8126791740557],[68.393424068654,51.8126802799115],[68.3934304148352,51.8126816949698],[68.3934366849826,51.8126834159066],[68.3934428643588,51.8126854386728],[68.3934489384614,51.8126877585233],[68.3934548930001,51.81269037],[68.3937495200001,51.812767308],[68.3939807690001,51.812808036],[68.394304419,51.8128597130001],[68.3947048090001,51.8129066330001],[68.395235955,51.8129613360001],[68.3955209850001,51.8130020350001],[68.3957958300001,51.813045882],[68.3961069970001,51.813114849],[68.39645984,51.813221507],[68.39651704,51.8132460730001],[68.396522432,51.8132479100001],[68.396529161,51.813250462],[68.3966711140001,51.813309309],[68.3966783610001,51.8133126210001],[68.396715654,51.8133313610001],[68.3967412430001,51.813342348],[68.396767201,51.8133572620001],[68.3968035680001,51.8133755360001],[68.3968101140001,51.813379162],[68.3968972920001,51.813432],[68.3969871680001,51.8134836350001],[68.3970229120001,51.813512066],[68.397059896,51.81353863],[68.397065178,51.813542785],[68.3971086710001,51.8135802730001],[68.3971431410001,51.813607688],[68.3972630260001,51.8137191900001],[68.3973731040001,51.8138542630001],[68.3974418270001,51.8139689330001],[68.3975031320001,51.8140977500001],[68.3980460430001,51.815745125],[68.3986409,51.8156701380001],[68.3985137340001,51.8152820700001],[68.398501163,51.815245383],[68.3982974940001,51.8146262340001],[68.3981325720001,51.8141358720001],[68.3980763770001,51.813988914],[68.3980510580001,51.8139314000001],[68.3979807520001,51.813803798],[68.3978380040001,51.8135880410001],[68.397743614,51.8134821730001],[68.397743593,51.8134821500001],[68.397698317,51.813433596],[68.3975647920001,51.8133167540001],[68.3975193360001,51.813278697],[68.3974205970001,51.8132068640001],[68.3971373350001,51.8130442240001],[68.3969823900001,51.812975167],[68.3967279880001,51.8128831210001],[68.396370946,51.8127813580001],[68.3963349250001,51.8127729500001],[68.3957267360001,51.8126594890001],[68.3950078300001,51.812561411],[68.3945388540001,51.8124988160001],[68.3943025030001,51.8124591380001],[68.39398377,51.8123964590001],[68.3936713990001,51.812308633],[68.393579247,51.812273459],[68.3934939370001,51.812245326],[68.3934904690001,51.8122441460001],[68.3934765970001,51.8122386140001],[68.393347464,51.812180541],[68.3933404410001,51.8121771790001],[68.3933320580001,51.8121725670001],[68.3933173340001,51.8121638170001],[68.393313542,51.8121621660001],[68.393099454,51.8120344760001],[68.392964175,51.811921409],[68.3929554160001,51.8119107470001],[68.392952316,51.8119081460001],[68.392944334,51.8119007000001],[68.3929397510001,51.8118955480001]]],[[[68.3814239480001,51.8131070480001],[68.381496553,51.81279306],[68.381772707,51.8115308280001],[68.381792106,51.811341972],[68.3817750380001,51.8111289750001],[68.381754829,51.8110415820001],[68.3817081660001,51.8109302110001],[68.381658423,51.810839806],[68.3816002170001,51.8107532290001],[68.3815188510001,51.8106611100001],[68.381401392,51.8105471530001],[68.3813393330001,51.810501285],[68.3812631920001,51.8104481980001],[68.381186901,51.810387065],[68.3811868670001,51.8103870370001],[68.381023568,51.8102584220001],[68.381019435,51.810255005],[68.3807278610001,51.8100016170001],[68.380678946,51.8099590680001],[68.3805347590001,51.809838863],[68.3803768440001,51.8100228160001],[68.3803352690001,51.8101281290001],[68.3801893120001,51.810541507],[68.3800155500001,51.8111120440001],[68.379876354,51.811613412],[68.379762154,51.812081757],[68.3796513630001,51.8125956710001],[68.3795870270001,51.81292125],[68.3806476710001,51.8128077310001],[68.3810960150001,51.8143285620001],[68.3815696330001,51.8142738270001],[68.3815511170001,51.8141963180001],[68.3817485600001,51.8141698950001],[68.3817005930001,51.814083511],[68.3816487600001,51.81400282],[68.3816537020001,51.8139990600001],[68.3816504160001,51.813993145],[68.381650231,51.8139928310001],[68.38159188,51.81389361],[68.3815896660001,51.8138895470001],[68.3815329230001,51.8137764410001],[68.381530474,51.8137709440001],[68.3814838580001,51.8136515460001],[68.3814821860001,51.8136466650001],[68.381449149,51.8135309080001],[68.3814472400001,51.813520973],[68.3814388470001,51.813437171],[68.3814386450001,51.813434515],[68.381422554,51.8131214480001],[68.3814239480001,51.8131070480001]]],[[[68.3850785560001,51.812798823],[68.385360452,51.812671385],[68.385451882,51.8126296450001],[68.3856411500001,51.8125316260001],[68.3856509350001,51.812526989],[68.3859481800001,51.8123982850001],[68.3869792690001,51.811935889],[68.386979405,51.8119358280001],[68.3872060580001,51.8118338720001],[68.3872061270001,51.8118338410001],[68.3880523920001,51.8114520460001],[68.388052939,51.8114527270001],[68.3898918800001,51.8106231020001],[68.3914939900001,51.809903352],[68.3919125570001,51.809717107],[68.3918914370001,51.8096890790001],[68.391789332,51.809557484],[68.391626009,51.8093763750001],[68.3914003460001,51.80917744],[68.391154079,51.8090042050001],[68.39108917,51.8089663580001],[68.3908685980001,51.8088613350001],[68.390638139,51.80877136],[68.390377867,51.8086921030001],[68.3903349170001,51.8086844760001],[68.3901203010001,51.8086522120001],[68.389938977,51.8086334560001],[68.389791991,51.8086251540001],[68.389580284,51.808625271],[68.3892868200001,51.8086359110001],[68.3890610030001,51.808656543],[68.3889393790001,51.8086715700001],[68.388636266,51.8087242770001],[68.3882110740001,51.808812517],[68.3878611250001,51.808907004],[68.3826348680001,51.810530725],[68.3820214390001,51.810719583],[68.3819148370001,51.8107556880001],[68.3819285450001,51.8107760810001],[68.3819302700001,51.8107787640001],[68.381931926,51.8107816130001],[68.3819849390001,51.8108779680001],[68.381988021,51.8108843360001],[68.3820380510001,51.8110037390001],[68.382040144,51.8110095170001],[68.3820412030001,51.8110134630001],[68.382063487,51.811109834],[68.382064756,51.8111179960001],[68.3820825540001,51.8113400860001],[68.3820827170001,51.811343445],[68.3820824430001,51.8113500600001],[68.382062208,51.811547025],[68.3820612100001,51.811553254],[68.3817842290001,51.8128192460001],[68.3817132330001,51.8131262890001],[68.38172883,51.8134294390001],[68.381736587,51.8135069150001],[68.381767279,51.813614466],[68.3818117610001,51.813728397],[68.3818661080001,51.8138367280001],[68.3818661440001,51.8138367940001],[68.3818674760001,51.8138363520001],[68.381876026,51.813829845],[68.383695968,51.813230149],[68.3843550730001,51.813005075],[68.384629649,51.81293415],[68.3847900320001,51.8128901000001],[68.3848697650001,51.8128676030001],[68.3850785560001,51.812798823]],[[68.3834151550001,51.8110613090001],[68.386304732,51.8101404000001],[68.387228453,51.8116092010001],[68.3847518530001,51.8127027070001],[68.3834151550001,51.8110613090001]]],[[[68.390158554,51.811824437],[68.3898202620001,51.8108776810001],[68.3881881840001,51.8116139780001],[68.3882151600001,51.811691264],[68.388368772,51.812075727],[68.389221504,51.8119338280001],[68.3895866990001,51.8118786250001],[68.3898864230001,51.8118502230001],[68.3899635380001,51.8118421380001],[68.3899677950001,51.8118417520001],[68.3900102590001,51.8118384890001],[68.390158554,51.811824437]]]],"type":"MultiPolygon"},"id":"17422814.","properties":{"_release_layer_kind":"prohibited","_source_collection":"gpzone-san","admterr_id/locality_admterr_id":"kz.11.38.201","admterr_id/locality_admterr_id/geometry":{"bbox":[68.2717051363021,51.7472741971886,68.4574141884111,51.8636115644419]},"admterr_id/locality_admterr_id/name":"г.Атбасар","admterr_id/locality_admterr_id/name_kk":"Атбасар қ.","admterr_id/locality_admterr_id/name_ru":"г.Атбасар","admterr_id/oblast_admterr_id":"kz.11","admterr_id/oblast_admterr_id/geometry":{"bbox":[65.3511897767069,50.0393502247237,74.2592871444736,53.6843580486921]},"admterr_id/oblast_admterr_id/name":"Акмолинская область","admterr_id/oblast_admterr_id/name_kk":"Ақмола облысы","admterr_id/oblast_admterr_id/name_ru":"Акмолинская область","admterr_id/rayon_admterr_id":"kz.11.38","admterr_id/rayon_admterr_id/geometry":{"bbox":[67.7196257801397,50.6174259199747,69.267732777934,52.2133676141954]},"admterr_id/rayon_admterr_id/name":"Атбасарский район","admterr_id/rayon_admterr_id/name_kk":"Атбасар ауданы","admterr_id/rayon_admterr_id/name_ru":"Атбасарский район","gpsubtype_id":11410000,"id":"17422814.","name_usl":"Санитарно-защитные зоны","object_id_i32":6,"usl_i32":11410000},"type":"Feature"},{"collection":"gpzone","geometry":{"bbox":[68.2935781990001,51.7949367590001,68.3240229740001,51.805795388],"coordinates":[[[[68.3183103170001,51.804998362],[68.318858945,51.804948944],[68.3193725620001,51.804948659],[68.3196682170001,51.804946752],[68.319682345,51.804947123],[68.3198388010001,51.804955943],[68.3198388740001,51.8049559460001],[68.3201505310001,51.8049711470001],[68.320209403,51.8049768320001],[68.320280542,51.8049808420001],[68.3202920830001,51.8049817820001],[68.320843924,51.805040428],[68.3208481760001,51.805040922],[68.3213993300001,51.8051102160001],[68.322156023,51.805214757],[68.322159888,51.8052153260001],[68.3228473620001,51.805322436],[68.3232366010001,51.80537545],[68.3235089450001,51.805401412],[68.3237193200001,51.8054180560001],[68.3237229430001,51.8054183710001],[68.3240002850001,51.8054446680001],[68.3240229740001,51.8053468940001],[68.322955381,51.805244364],[68.3225754900001,51.8052052470001],[68.322040304,51.805145037],[68.3210170410001,51.8049972730001],[68.3206264140001,51.8049364890001],[68.3197279180001,51.804781495],[68.3185913010001,51.8045614280001],[68.317308041,51.8042996090001],[68.3170143560001,51.8042426310001],[68.309386105,51.802734587],[68.3089912890001,51.802644087],[68.3084929030001,51.8025264810001],[68.307806865,51.802359863],[68.3070665590001,51.8021441560001],[68.306476376,51.8019676590001],[68.305692347,51.801696308],[68.3049400900001,51.8014118390001],[68.304413014,51.8011861850001],[68.303815725,51.8009147240001],[68.3032395340001,51.8006301520001],[68.30263569,51.800293201],[68.30212285,51.799972569],[68.3015230010001,51.7995635650001],[68.3009813500001,51.799128329],[68.3001806760001,51.798536041],[68.299049966,51.7976983190001],[68.2981197770001,51.7970274880001],[68.297330076,51.796451543],[68.2964268100001,51.7957937770001],[68.29576153,51.7953094480001],[68.2952302880001,51.7949367590001],[68.2935781990001,51.7958366490001],[68.293862301,51.7960486370001],[68.2949254380001,51.796844858],[68.2962240800001,51.797818738],[68.296691459,51.798162205],[68.2969859180001,51.7983883940001],[68.2973183300001,51.7986355210001],[68.2977824120001,51.7989852690001],[68.2981565410001,51.7992721900001],[68.299081055,51.799959103],[68.2996421110001,51.8003821390001],[68.299971111,51.800629256],[68.3002339020001,51.8008051530001],[68.3006656110001,51.801066882],[68.3012556830001,51.8013976810001],[68.3018657330001,51.8017012220001],[68.3024926240001,51.801992177],[68.3033837300001,51.80235214],[68.3039475560001,51.802557204],[68.304792708,51.802833363],[68.3053864070001,51.803015095],[68.3138121490001,51.8052627970001],[68.3158228560001,51.805795388],[68.3160124880001,51.805664312],[68.3161562560001,51.8055918750001],[68.31626077,51.8055362060001],[68.3162699630001,51.8055317480001],[68.316317955,51.8055104030001],[68.3163507780001,51.8054938640001],[68.3164405840001,51.8054558580001],[68.3165176080001,51.8054215960001],[68.3165278150001,51.8054174550001],[68.3165553260001,51.805407298],[68.3166684000001,51.805359443],[68.3167602360001,51.805331644],[68.3167809390001,51.8053240010001],[68.3167890810001,51.8053212550001],[68.3170882640001,51.8052281010001],[68.3171010820001,51.8052245810001],[68.3171622730001,51.805209947],[68.317177728,51.80520527],[68.3172210560001,51.80519589],[68.3174976500001,51.8051297440001],[68.317507903,51.805127628],[68.3176797510001,51.8050965950001],[68.3177994640001,51.8050706800001],[68.317909549,51.805055096],[68.317920756,51.8050530730001],[68.3179282230001,51.8050518540001],[68.3182321570001,51.8050076810001],[68.3182401810001,51.805006662],[68.3182439980001,51.80500628],[68.318273741,51.8050035400001],[68.3183103170001,51.804998362]]]],"type":"MultiPolygon"},"id":"17422815.","properties":{"_release_layer_kind":"prohibited","_source_collection":"gpzone-san","admterr_id/locality_admterr_id":"kz.11.38.201","admterr_id/locality_admterr_id/geometry":{"bbox":[68.2717051363021,51.7472741971886,68.4574141884111,51.8636115644419]},"admterr_id/locality_admterr_id/name":"г.Атбасар","admterr_id/locality_admterr_id/name_kk":"Атбасар қ.","admterr_id/locality_admterr_id/name_ru":"г.Атбасар","admterr_id/oblast_admterr_id":"kz.11","admterr_id/oblast_admterr_id/geometry":{"bbox":[65.3511897767069,50.0393502247237,74.2592871444736,53.6843580486921]},"admterr_id/oblast_admterr_id/name":"Акмолинская область","admterr_id/oblast_admterr_id/name_kk":"Ақмола облысы","admterr_id/oblast_admterr_id/name_ru":"Акмолинская область","admterr_id/rayon_admterr_id":"kz.11.38","admterr_id/rayon_admterr_id/geometry":{"bbox":[67.7196257801397,50.6174259199747,69.267732777934,52.2133676141954]},"admterr_id/rayon_admterr_id/name":"Атбасарский район","admterr_id/rayon_admterr_id/name_kk":"Атбасар ауданы","admterr_id/rayon_admterr_id/name_ru":"Атбасарский район","gpsubtype_id":11410000,"id":"17422815.","name_usl":"Санитарно-защитные зоны","object_id_i32":7,"usl_i32":11410000},"type":"Feature"},{"collection":"gpzone","geometry":{"bbox":[68.3215116260001,51.764097566,68.3674317790001,51.7874395190001],"coordinates":[[[[68.3324313080001,51.7795259800001],[68.331810246,51.7795037980001],[68.3302861230001,51.7806859520001],[68.329608781,51.7816730900001],[68.329615505,51.7816680380001],[68.330118052,51.781287219],[68.3309286190001,51.780668775],[68.331404004,51.780308],[68.3318907600001,51.7799385880001],[68.332216503,51.7796899450001],[68.3324313080001,51.7795259800001]]],[[[68.3317831190001,51.779423497],[68.3325305910001,51.7794501930001],[68.3325422410001,51.7794413010001],[68.33284281,51.7792162570001],[68.3327785800001,51.779205285],[68.3329695790001,51.778734978],[68.333190587,51.7787757440001],[68.3332619270001,51.7786184460001],[68.3335624100001,51.778663883],[68.3337587990001,51.7784829280001],[68.333984866,51.7782453400001],[68.3342102010001,51.7779684370001],[68.3343625830001,51.77776234],[68.3344011030001,51.7777031510001],[68.3344721340001,51.7775940070001],[68.334516502,51.7775011990001],[68.3346097190001,51.7772809780001],[68.334652261,51.7772274860001],[68.334716401,51.7771512130001],[68.3347205680001,51.7771450160001],[68.3346336650001,51.7771242310001],[68.334222217,51.7770499440001],[68.333784913,51.7769740750001],[68.333526394,51.7769263480001],[68.33352469,51.7769299590001],[68.333522934,51.7769334530001],[68.3333930210001,51.777177286],[68.3333917410001,51.7771795960001],[68.333389239,51.777183688],[68.333190071,51.7774904620001],[68.3331847570001,51.777497838],[68.332909489,51.7778439690001],[68.3329036280001,51.7778507070001],[68.3326325930001,51.778130977],[68.3326239630001,51.7781390490001],[68.332397063,51.7783318180001],[68.332390612,51.7783369640001],[68.3310840460001,51.779316238],[68.3294049150001,51.7805987470001],[68.3279908260001,51.7816607510001],[68.3274356570001,51.78208935],[68.3264186010001,51.782860881],[68.3250428310001,51.7838989640001],[68.3247907520001,51.7840947610001],[68.3250926760001,51.7842198650001],[68.325250714,51.7842853480001],[68.32522794,51.784304563],[68.3247906020001,51.7846734970001],[68.3246935550001,51.784755363],[68.3235133250001,51.785750981],[68.323202252,51.7860133930001],[68.3226991560001,51.7864377800001],[68.3215116260001,51.7874395190001],[68.3219040550001,51.787330507],[68.322102602,51.7872163060001],[68.322616784,51.7869205540001],[68.3232264540001,51.7865161350001],[68.3237188460001,51.7861400780001],[68.3247542030001,51.7853533350001],[68.3251682420001,51.78503937],[68.3256153460001,51.7847003260001],[68.326330087,51.7841621750001],[68.3265876180001,51.783963908],[68.3270295500001,51.7836287430001],[68.3276711090001,51.7831487970001],[68.32829983,51.7826672840001],[68.328779651,51.7823037810001],[68.3292593850001,51.781935558],[68.3293185690001,51.7818910990001],[68.3293659590001,51.7818220970001],[68.330170471,51.780649624],[68.330173728,51.7806455520001],[68.330179221,51.7806405410001],[68.331729716,51.7794379360001],[68.3317350296641,51.7794346311505],[68.3317405704656,51.7794317231265],[68.3317463088206,51.7794292274575],[68.3317522140896,51.7794271574658],[68.3317582547461,51.7794255242061],[68.3317643985392,51.7794243363951],[68.3317706126617,51.7794236003747],[68.3317768639393,51.7794233200796],[68.3317831190001,51.779423497]]],[[[68.36619454,51.7687420340001],[68.3658144,51.7683844000001],[68.365541546,51.7681722030001],[68.3653683250001,51.7680385990001],[68.3650939450001,51.7678591710001],[68.3650139320001,51.7678028510001],[68.364867679,51.7677110690001],[68.3648889670001,51.7677398000001],[68.3649375320001,51.7678034800001],[68.364970048,51.7678994130001],[68.364987822,51.7679599620001],[68.365036424,51.7680944240001],[68.3650510780001,51.7681250890001],[68.365108035,51.7681580880001],[68.3651694640001,51.7682249060001],[68.365171484,51.7683334390001],[68.3651463360001,51.7684270400001],[68.3651415310001,51.7685127710001],[68.3651316670001,51.7685332240001],[68.365102683,51.7685584060001],[68.3650526860001,51.7685552890001],[68.365038424,51.768545858],[68.3650174530001,51.768519917],[68.3650182360001,51.768493176],[68.3650321150001,51.768482158],[68.365030237,51.768449913],[68.364995707,51.7684522920001],[68.3649792360001,51.768461738],[68.3649778180001,51.7685230850001],[68.3649565600001,51.7685506230001],[68.36492602,51.7685608630001],[68.364901617,51.7685569450001],[68.3648629240001,51.7685420240001],[68.3648291640001,51.768516875],[68.36481717,51.768491714],[68.364819416,51.7684059870001],[68.3648357540001,51.7683894620001],[68.3648660470001,51.768365852],[68.3648822270001,51.768340676],[68.364883777,51.7682864080001],[68.3648655850001,51.768272262],[68.3648213020001,51.7682321760001],[68.3647683770001,51.7682093980001],[68.364765639,51.7680623250001],[68.3647766970001,51.768037152],[68.3647728400001,51.7678987370001],[68.3647036120001,51.7678256310001],[68.364595427,51.7677234500001],[68.364487566,51.7676385680001],[68.364438191,51.767600056],[68.36443101,51.7675583770001],[68.364410794,51.7675041200001],[68.3643573420001,51.7674530290001],[68.3642967870001,51.767406039],[68.3639865650001,51.7672518240001],[68.3635872670001,51.7670800660001],[68.3632296070001,51.7669439360001],[68.3626625620001,51.7667492],[68.3622986570001,51.7666445350001],[68.3618969980001,51.766529404],[68.3612967030001,51.7663829210001],[68.360666108,51.766259528],[68.360069895,51.7661486970001],[68.359528858,51.7660671990001],[68.3586393890001,51.765952751],[68.358025142,51.7658826400001],[68.3575954120001,51.765843852],[68.357036785,51.7657918580001],[68.3567369,51.765770365],[68.3567824990001,51.7657838420001],[68.3568194150001,51.7658179030001],[68.35683033,51.765831006],[68.3568367710001,51.7659476680001],[68.3568363430001,51.7660394280001],[68.356800504,51.7660630430001],[68.3567536740001,51.7660696240001],[68.356661907,51.766069675],[68.356623127,51.766050034],[68.3565621230001,51.7659832150001],[68.3565335000001,51.7659360390001],[68.3565318660001,51.7658482130001],[68.3565458050001,51.7657944580001],[68.3565922920001,51.765769526],[68.35660942,51.7657652940001],[68.3556542000001,51.7657111890001],[68.355667232,51.7657176050001],[68.3556898910001,51.7657883780001],[68.35572016,51.7658093370001],[68.3558058180001,51.765825018],[68.3558829390001,51.7658407070001],[68.355948186,51.7659062130001],[68.3559961130001,51.765958621],[68.3559967950001,51.7659953240001],[68.3559674540001,51.76602418],[68.355933844,51.7660530380001],[68.355925552,51.7660661500001],[68.3559178940001,51.7661133460001],[68.35593565,51.7661500390001],[68.355940552,51.766184121],[68.3559197980001,51.7662155930001],[68.355855918,51.7662234920001],[68.3558260900001,51.7662261300001],[68.3557704070001,51.7662156750001],[68.3556239690001,51.7661449710001],[68.355558381,51.7660611110001],[68.3555408670001,51.766037526],[68.355544405,51.765998198],[68.355513795,51.765958889],[68.3553795750001,51.765856715],[68.355310354,51.7658069430001],[68.3552881830001,51.7657623850001],[68.3552828890001,51.765707331],[68.3553023310001,51.76569033],[68.3548107030001,51.7656640850001],[68.35477215,51.7656620270001],[68.3540352590001,51.7656296630001],[68.352614509,51.7655738080001],[68.3527034030001,51.7658778790001],[68.3526966220001,51.7659722660001],[68.3526642100001,51.766065354],[68.3525799670001,51.7661257010001],[68.3524992850001,51.7661480290001],[68.3524183810001,51.7661585610001],[68.3522651070001,51.7661506730001],[68.3521958380001,51.7660982770001],[68.352095423,51.765977734],[68.352028375,51.7658152230001],[68.35202603,51.7656893820001],[68.3520335270001,51.7656043220001],[68.3520370350001,51.7655645190001],[68.3518997720001,51.765558748],[68.3512592210001,51.7655427190001],[68.349983094,51.765490991],[68.3490749840001,51.7654325060001],[68.3475523330001,51.7653219250001],[68.346328885,51.7652341180001],[68.345169157,51.7651298910001],[68.344335318,51.7650484230001],[68.342983211,51.764927915],[68.3411551020001,51.7647454020001],[68.3378819930001,51.7644333380001],[68.3375045800001,51.7644000380001],[68.3360297,51.764276319],[68.334961042,51.7641917030001],[68.3341383570001,51.7641364440001],[68.333822959,51.7641038470001],[68.3334305370001,51.764097566],[68.3334362240001,51.7648651160001],[68.333651961,51.76487453],[68.3336568780001,51.7648747860001],[68.334128622,51.7649034790001],[68.3349895370001,51.764966046],[68.336015467,51.7650415200001],[68.3360196130001,51.7650418570001],[68.3372902120001,51.7651539610001],[68.338732586,51.7652896260001],[68.3411444530001,51.765526879],[68.342876195,51.7656910890001],[68.344516963,51.7658526010001],[68.3464285650001,51.766016392],[68.34854513,51.7661696530001],[68.3497130200001,51.7662418660001],[68.3505240370001,51.7662806070001],[68.3512583280001,51.7663115490001],[68.3526780430001,51.766353946],[68.354048161,51.7663885600001],[68.3540542170001,51.7663887800001],[68.354895502,51.7664277360001],[68.355821436,51.766482447],[68.3565230440001,51.7665294490001],[68.3573134530001,51.7665920580001],[68.357318708,51.7665925250001],[68.358198794,51.7666786890001],[68.3582052850001,51.7666794290001],[68.3589497240001,51.7667733970001],[68.3589565770001,51.7667743490001],[68.3599902980001,51.766931076],[68.3599995110001,51.766932636],[68.360712672,51.7670659440001],[68.3607229390001,51.7670680790001],[68.3615604230001,51.767264583],[68.361577761,51.7672693100001],[68.362344116,51.7675087630001],[68.362351942,51.7675113620001],[68.362357026,51.767513217],[68.3629889300001,51.767752746],[68.3630023060001,51.767758342],[68.3635942710001,51.7680306610001],[68.3636013540001,51.7680340910001],[68.3636119060001,51.768039919],[68.36417735,51.76837779],[68.3641886020001,51.768385159],[68.364655983,51.768720574],[68.364668254,51.7687304820001],[68.3649678410001,51.769002958],[68.3649738570001,51.7690088160001],[68.3653265680001,51.7693783590001],[68.3653342440001,51.7693873170001],[68.3656623690001,51.7698170620001],[68.365667493,51.7698244650001],[68.3658260860001,51.7700789840001],[68.3658281,51.7700824180001],[68.365978248,51.770352346],[68.365980866,51.7703574550001],[68.36615421,51.7707269830001],[68.3661568080001,51.770733201],[68.3663054800001,51.7711376680001],[68.3663828950001,51.7713650220001],[68.3663841680001,51.7713693950001],[68.366385436,51.7713743680001],[68.3665660570001,51.7712509570001],[68.3674317790001,51.7706594480001],[68.3673714080001,51.7705122090001],[68.3671980130001,51.770140057],[68.367043304,51.7698544],[68.366880693,51.769602826],[68.366541236,51.769137695],[68.36619454,51.7687420340001]]],[[[68.349272172,51.767252377],[68.3488415310001,51.7672526140001],[68.3486593700001,51.7672659830001],[68.3484712750001,51.767285889],[68.347449006,51.767416725],[68.3456318790001,51.76764588],[68.344042689,51.7678417960001],[68.3438566410001,51.767865435],[68.343954029,51.7681291650001],[68.344227844,51.7689183290001],[68.3500090060001,51.768216082],[68.3514231290001,51.76804846],[68.3513621640001,51.7679867400001],[68.3512677510001,51.7679149680001],[68.351085432,51.7677804190001],[68.3508376710001,51.7676420130001],[68.3506607960001,51.76755511],[68.350456797,51.767481149],[68.3502078240001,51.7674022340001],[68.3499901850001,51.7673455570001],[68.3497465780001,51.7672979860001],[68.3495673100001,51.7672746530001],[68.349272172,51.767252377]]],[[[68.339660102,51.7694708450001],[68.3396767630001,51.7694688300001],[68.339676916,51.769469079],[68.3426157800001,51.7691141450001],[68.3441014910001,51.7689336770001],[68.3438279900001,51.7681454120001],[68.3437305180001,51.767881463],[68.3417180980001,51.768137176],[68.3406114300001,51.7682778280001],[68.3393206090001,51.76843747],[68.338989472,51.7684781020001],[68.3391935870001,51.768765251],[68.339528644,51.7692572500001],[68.339530542,51.7692601790001],[68.339660102,51.7694708450001]]],[[[68.353877256,51.7674331260001],[68.3538740480001,51.7673754510001],[68.3543033770001,51.7673948770001],[68.3548907790001,51.767422077],[68.3562373180001,51.76750151],[68.356925538,51.7675561820001],[68.3574193800001,51.767601788],[68.3581186360001,51.7676761160001],[68.3588908450001,51.7677713780001],[68.359847787,51.7679307650001],[68.3604799450001,51.7680693600001],[68.360739251,51.7681268910001],[68.3611898600001,51.7682577210001],[68.3619156930001,51.768498504],[68.3623116460001,51.768673929],[68.362675757,51.768858546],[68.3630556850001,51.7690903430001],[68.3634477240001,51.769399466],[68.3638844970001,51.7698186650001],[68.364162439,51.7701894510001],[68.3643408300001,51.7704672850001],[68.3644227840001,51.7706165640001],[68.3645831300001,51.7709371190001],[68.364806747,51.771576618],[68.36497991,51.7723346810001],[68.3660796440001,51.771583299],[68.3660748060001,51.7715627800001],[68.3660342270001,51.771403653],[68.3659586890001,51.771181831],[68.3658117800001,51.770782195],[68.365641092,51.770418325],[68.3654934020001,51.7701528200001],[68.3653385160001,51.7699042510001],[68.3650166770001,51.769482737],[68.3646711360001,51.7691207080001],[68.3643805090001,51.768856385],[68.3639253210001,51.7685297190001],[68.3633741100001,51.7682003530001],[68.3627979340001,51.767935299],[68.36217923,51.767700775],[68.361427942,51.76746603],[68.3606066510001,51.767273317],[68.359904021,51.7671419760001],[68.358878351,51.7669864690001],[68.3581412560001,51.76689343],[68.357269064,51.7668080430001],[68.356484761,51.766745906],[68.35578888,51.7666992950001],[68.354868863,51.7666449260001],[68.3540342750001,51.7666062920001],[68.352665861,51.766571717],[68.351241282,51.7665291660001],[68.350501841,51.766498014],[68.3496871880001,51.766459104],[68.3496831630001,51.7664588840001],[68.3485102510001,51.7663863510001],[68.346386915,51.7662325970001],[68.3444679790001,51.7660681770001],[68.342824641,51.7659064260001],[68.3410929190001,51.7657422170001],[68.3386812690001,51.7655049860001],[68.337241738,51.76536959],[68.3359748440001,51.7652578120001],[68.3357052060001,51.7652379780001],[68.335785935,51.7652886580001],[68.335793514,51.7652938020001],[68.336102592,51.7655235390001],[68.3361048250001,51.7655252420001],[68.336532543,51.7658592770001],[68.3365377640001,51.765863616],[68.3368518730001,51.7661415300001],[68.3371820990001,51.7664259940001],[68.337187252,51.766430744],[68.3377144830001,51.7669515100001],[68.337716775,51.7669538540001],[68.3381963310001,51.7674685800001],[68.3382004060001,51.7674732670001],[68.3388175140001,51.7682364710001],[68.3388205740001,51.768240501],[68.3388703260001,51.7683104910001],[68.339260616,51.768262592],[68.3405504680001,51.768103066],[68.3416563920001,51.7679625100001],[68.3439818250001,51.7676670230001],[68.3455712270001,51.7674710800001],[68.3473873130001,51.7672420540001],[68.3484116270001,51.767110954],[68.3484162010001,51.7671104180001],[68.3486108210001,51.7670898220001],[68.3486182120001,51.7670891600001],[68.3488125820001,51.7670748950001],[68.3488296460001,51.7670742660001],[68.349277816,51.7670740190001],[68.3492956900001,51.7670746850001],[68.349606007,51.7670981080001],[68.349613371,51.7670987820001],[68.349618461,51.7670993870001],[68.3498110030001,51.7671244470001],[68.3498250050001,51.7671267210001],[68.3500820390001,51.7671769130001],[68.350087467,51.7671780460001],[68.3500948550001,51.7671798260001],[68.350323895,51.7672394720001],[68.350333919,51.767242362],[68.3505915410001,51.7673240140001],[68.3505980240001,51.7673261990001],[68.350815449,51.7674050290001],[68.3508325880001,51.7674122940001],[68.351022309,51.767505515],[68.3510283730001,51.767508718],[68.3512871670001,51.7676532890001],[68.3513007660001,51.7676619710001],[68.3514915260001,51.7678027530001],[68.351593521,51.7678802830001],[68.3516048820001,51.767890214],[68.3517280520001,51.768014914],[68.3517324740001,51.7680197870001],[68.3518581820001,51.7681691490001],[68.3518636320001,51.768176397],[68.3519611120001,51.768322627],[68.3519626880001,51.7683250910001],[68.3519651020001,51.7683293630001],[68.3520288500001,51.7684520180001],[68.352031642,51.7684581240001],[68.352090763,51.7686075230001],[68.352092396,51.7686121830001],[68.352225907,51.7690504710001],[68.3524838650001,51.7698457560001],[68.3532050520001,51.7720819850001],[68.353206711,51.7720885560001],[68.3532358670001,51.7722417900001],[68.353236823,51.7722504010001],[68.3532429360001,51.7724410760001],[68.3532424200001,51.7724501020001],[68.353224335,51.772579082],[68.353222943,51.772585909],[68.353222003,51.7725890500001],[68.353168678,51.772751079],[68.353165888,51.772758078],[68.353099376,51.7728996650001],[68.353096834,51.772904542],[68.353093447,51.7729098200001],[68.3530935350001,51.7729098200001],[68.3531273390001,51.772891454],[68.353232753,51.7728219300001],[68.3532792410001,51.7727970020001],[68.3533813880001,51.7727812150001],[68.3536259850001,51.7727365200001],[68.3538320920001,51.7726879100001],[68.3539873240001,51.7726576790001],[68.3541061550001,51.7726209130001],[68.35417619,51.772599905],[68.354203275,51.7725645020001],[68.3542303610001,51.7725290990001],[68.35427781,51.7724412580001],[68.354344273,51.7723429210001],[68.3544552110001,51.77222621],[68.3546088800001,51.772112093],[68.354815784,51.771991396],[68.3551161460001,51.7718470550001],[68.3554549030001,51.7717013800001],[68.3556625360001,51.7716200020001],[68.3558509110001,51.7715360130001],[68.3560436330001,51.771455954],[68.3561533380001,51.771387738],[68.3562273740001,51.7713523070001],[68.3563264110001,51.771284096],[68.3564122010001,51.7711922990001],[68.3566222730001,51.7710126150001],[68.3565534460001,51.7709838170001],[68.3564826020001,51.7709615750001],[68.356400991,51.770934094],[68.356304225,51.7708948260001],[68.3561645280001,51.7708424750001],[68.35605687,51.7707914160001],[68.3558565880001,51.770694533],[68.3557552600001,51.77063954],[68.3557076000001,51.7706015560001],[68.355672429,51.7705465240001],[68.355654573,51.7705045920001],[68.3556164890001,51.7704076210001],[68.3555391850001,51.7702674130001],[68.3554586820001,51.7701848830001],[68.3553719980001,51.77011415],[68.355285731,51.7700657],[68.3551909240001,51.7700172560001],[68.3550467650001,51.769954419],[68.3548637760001,51.7698693230001],[68.3547109100001,51.7697973150001],[68.3546245690001,51.7697449330001],[68.3545597880001,51.7697043370001],[68.3545055320001,51.7696558690001],[68.354453262,51.769599536],[68.3543941510001,51.7695196130001],[68.3543394320001,51.7694462410001],[68.3542949430001,51.7693492690001],[68.3542046850001,51.7692012030001],[68.35412632,51.7691186660001],[68.354018146,51.769040083],[68.35392133,51.768998191],[68.3537787920001,51.7689078280001],[68.3536233020001,51.7688096050001],[68.353507011,51.7687533070001],[68.3534055840001,51.7686930660001],[68.3533106070001,51.7686354450001],[68.3532522030001,51.7685935310001],[68.3531162150001,51.7685110260001],[68.3530360570001,51.7684468420001],[68.352962495,51.768393142],[68.352873603,51.768318476],[68.3527975440001,51.768245113],[68.3527514570001,51.768176978],[68.3527136880001,51.7680970390001],[68.352719101,51.7679292550001],[68.3527455030001,51.767857146],[68.3527639050001,51.7678138780001],[68.3528037940001,51.7677784640001],[68.3528542830001,51.7677391130001],[68.3529815520001,51.7676970970001],[68.3531175740001,51.7676668730001],[68.3533727930001,51.7676195430001],[68.3536278180001,51.7675617250001],[68.3537213060001,51.7675393900001],[68.353803779,51.7674987080001],[68.3538502440001,51.7674724650001],[68.353877256,51.7674331260001]]],[[[68.3439495700001,51.7722307650001],[68.3451987760001,51.772083169],[68.3448199380001,51.770990602],[68.3444883700001,51.7700554230001],[68.3441851110001,51.7691746780001],[68.3441284470001,51.7690113630001],[68.3426420360001,51.769191919],[68.3397229670001,51.769544458],[68.339921615,51.7698696100001],[68.3414562230001,51.7696249590001],[68.3414935390001,51.7697035850001],[68.3428530800001,51.769547113],[68.3431282270001,51.770707751],[68.3427247050001,51.770767742],[68.3430707380001,51.771884271],[68.3415376610001,51.7721422770001],[68.34097259,51.7710219450001],[68.340620603,51.7710300040001],[68.340872071,51.7714646960001],[68.3409599990001,51.7716127640001],[68.3409600210001,51.7716128000001],[68.3415053460001,51.7725188700001],[68.3417262710001,51.7724963270001],[68.34195407,51.772469873],[68.341954188,51.7724698590001],[68.3434584840001,51.7722902630001],[68.3439495700001,51.7722307650001]]],[[[68.3526044830001,51.773118991],[68.3527314890001,51.77297158],[68.352777094,51.7729074430001],[68.3528229030001,51.7728430160001],[68.3528851760001,51.77271045],[68.352935712,51.7725569],[68.3529524350001,51.7724376350001],[68.3529466200001,51.7722563500001],[68.352918952,51.7721109340001],[68.3521990570001,51.7698787240001],[68.35194075,51.769082358],[68.3518076990001,51.768645582],[68.3517507190001,51.7685015970001],[68.3516903170001,51.768385386],[68.3515975160001,51.7682461740001],[68.3514922910001,51.768121148],[68.3500350370001,51.7682938820001],[68.3442547970001,51.7689960160001],[68.3443113500001,51.769159002],[68.3446145500001,51.7700395750001],[68.344946097,51.7709746990001],[68.34532527,51.7720682250001],[68.34637931,51.7719436900001],[68.3463794340001,51.77194438],[68.3473306180001,51.7718322760001],[68.3470686320001,51.7711462500001],[68.345938876,51.77135659],[68.345303024,51.7704006440001],[68.346707999,51.770116746],[68.3465096690001,51.769661323],[68.3462870720001,51.7691501690001],[68.3467535930001,51.7690930130001],[68.3484003400001,51.7688912630001],[68.3509988150001,51.7685729120001],[68.3512673020001,51.7694514350001],[68.35151899,51.7702749650001],[68.3518133150001,51.7712379910001],[68.3510535670001,51.7713306860001],[68.351387462,51.772370101],[68.3515284110001,51.7728088740001],[68.3493035330001,51.7730842650001],[68.3493056830001,51.7731190260001],[68.3493525380001,51.773113756],[68.34950009,51.7733759150001],[68.349741893,51.773810552],[68.3500280000001,51.773841641],[68.3501698100001,51.7738551880001],[68.350381364,51.7738598340001],[68.3504562950001,51.7738577490001],[68.3505981180001,51.7738498450001],[68.3506208090001,51.7738484760001],[68.350773277,51.7738392780001],[68.3510189290001,51.7738062010001],[68.351252505,51.7737660160001],[68.351311147,51.7737500040001],[68.351331321,51.7737444950001],[68.3515206170001,51.773692811],[68.351596869,51.7736673970001],[68.351738873,51.7736200680001],[68.3517425210001,51.7736187990001],[68.3519405170001,51.773538376],[68.3519613130001,51.7735299300001],[68.3519820270001,51.7735202260001],[68.35209847,51.773465677],[68.3521875010001,51.7734239690001],[68.3522169970001,51.7734051930001],[68.3523013220001,51.7733515130001],[68.3523014130001,51.7733514540001],[68.3523924120001,51.7732935280001],[68.352492618,51.7732224200001],[68.3526044830001,51.773118991]]],[[[68.3478694880001,51.773261764],[68.3474576790001,51.772168444],[68.347388111,51.7719828230001],[68.3473628820001,51.7719167590001],[68.3473601690001,51.7719096530001],[68.3463969850001,51.7720231740001],[68.3464307420001,51.772181861],[68.3464309500001,51.772182963],[68.3465111030001,51.7726638970001],[68.3467582270001,51.7726543680001],[68.3470176370001,51.7733365510001],[68.3478694880001,51.773261764]]],[[[68.3386698450001,51.777116273],[68.338645904,51.7767223180001],[68.338639007,51.7767030540001],[68.3386172680001,51.776665237],[68.338578092,51.7766200610001],[68.338550141,51.776596425],[68.3384843150001,51.77656009],[68.3384756140001,51.776556956],[68.3384754,51.7765568770001],[68.338434249,51.7765420460001],[68.3383835270001,51.7765293100001],[68.3383390270001,51.776521625],[68.3376843090001,51.776521985],[68.3369133180001,51.7765232580001],[68.33690592,51.7765205030001],[68.3369040249686,51.7765201119155],[68.3369021387871,51.7765196801602],[68.3369002623258,51.7765192079387],[68.3368983964574,51.7765186954639],[68.3368965420405,51.7765181429759],[68.3368946999376,51.7765175507293],[68.336892871,51.7765169190001],[68.3360741880001,51.7762157640001],[68.3360731500001,51.776215382],[68.335372626,51.77595769],[68.3353696127139,51.7759565436681],[68.3353666608333,51.775955247379],[68.3353637778127,51.775953804412],[68.3353609709375,51.7759522184096],[68.3353582472906,51.7759504933775],[68.3353556137605,51.7759486336762],[68.335353077,51.775946644],[68.335345438,51.7759438080001],[68.335344299,51.7759361830001],[68.3353435984043,51.7759348612275],[68.3353429718319,51.7759335028013],[68.3353424212,51.7759321118629],[68.3353419481755,51.7759306926509],[68.3353415542062,51.7759292494911],[68.3353412404956,51.7759277867885],[68.3353410080001,51.7759263090001],[68.335332808,51.775859294],[68.3352866540001,51.7755504510001],[68.335247671,51.7753096260001],[68.3351992,51.7749863830001],[68.3351836260001,51.7749360590001],[68.3351585880001,51.7749089540001],[68.3351214640001,51.7748864310001],[68.3350803740001,51.774867279],[68.3350250650001,51.7748538930001],[68.3350100900001,51.7748509680001],[68.3348880890001,51.774850154],[68.3347096510001,51.774856518],[68.3347057710001,51.7748565850001],[68.3345587260001,51.7748561120001],[68.3345082540001,51.7748575360001],[68.334485338,51.774855878],[68.3344272620001,51.7748556910001],[68.33441644,51.7748550960001],[68.334410651,51.7748543040001],[68.3343541360001,51.7748449000001],[68.334349027,51.7748439090001],[68.334346128,51.7748432170001],[68.3343177040001,51.774835948],[68.334315771,51.7748356270001],[68.3343122530001,51.7748345530001],[68.3342929450001,51.774829615],[68.334286229,51.7748276130001],[68.3342600940001,51.7748186570001],[68.3342488070001,51.7748152180001],[68.3342455910001,51.7748136870001],[68.3342309280001,51.774808663],[68.3342213220001,51.7748045960001],[68.3342201610001,51.7748039890001],[68.3341770480001,51.774780945],[68.334170165,51.7747766720001],[68.3341636480001,51.774771059],[68.3341253250001,51.7747312180001],[68.334120436,51.7747249370001],[68.3341198360001,51.7747239170001],[68.334095113,51.774679893],[68.334092678,51.7746742460001],[68.334091755,51.7746699460001],[68.334056704,51.7743892930001],[68.334035859,51.7742444350001],[68.3340367820001,51.7742297810001],[68.3340295560001,51.774171949],[68.3340294211468,51.7741703326438],[68.3340293877517,51.7741687110147],[68.3340294559457,51.7741670904761],[68.3340296254537,51.7741654773872],[68.3340298956173,51.7741638780717],[68.3340302653778,51.7741622988087],[68.3340307332801,51.774160745792],[68.3340312974906,51.7741592251132],[68.3340319557973,51.7741577427396],[68.3340327056123,51.7741563044884],[68.3340335440001,51.774154916],[68.334401557,51.7735601200001],[68.334449723,51.7734834460001],[68.3344716860001,51.7734436590001],[68.3344972300001,51.7734078160001],[68.3345011060001,51.773401645],[68.3345050940001,51.773396463],[68.3345058240001,51.7733956920001],[68.334505999,51.773395511],[68.3345103710001,51.773389378],[68.33454555,51.7733531840001],[68.3345497350001,51.7733504500001],[68.3345577530001,51.7733421900001],[68.334563372,51.7733372970001],[68.33456786,51.7733342960001],[68.334656839,51.7732807450001],[68.3346872530001,51.7732610990001],[68.334755903,51.7732343230001],[68.33477666,51.773229132],[68.334809378,51.7732185],[68.334817264,51.773216344],[68.3348189230001,51.7732159860001],[68.3348852550001,51.7732023190001],[68.3348944260001,51.7732008830001],[68.3348988690001,51.7732004960001],[68.3349297340001,51.7731984810001],[68.334939605,51.7731972590001],[68.3350103970001,51.773192023],[68.3350383580001,51.7731883200001],[68.335094273,51.773177187],[68.3351100470001,51.7731719320001],[68.3351425380001,51.7731582230001],[68.335171856,51.7731426970001],[68.3351813940001,51.7731360770001],[68.3352157890001,51.7731089070001],[68.335229993,51.773087665],[68.335242748,51.7730681340001],[68.3352577310001,51.7730011960001],[68.335274482,51.772583458],[68.3352762790001,51.7724583880001],[68.335280696,51.7724285290001],[68.3352838800001,51.7723491120001],[68.3352841660001,51.7723462230001],[68.3353025150001,51.7722313990001],[68.3353030640001,51.7722288350001],[68.3353033700001,51.7722277830001],[68.3353482750001,51.7720848040001],[68.3353493070001,51.7720814850001],[68.3353503320001,51.7720787480001],[68.335358096,51.772060965],[68.335376873,51.7720153230001],[68.3353858680001,51.771997335],[68.3354051200001,51.7719532310001],[68.3354052170001,51.771953006],[68.3354141940001,51.7719324400001],[68.3354155220001,51.771929781],[68.3354874780001,51.7718019110001],[68.335547954,51.7716901750001],[68.3355627280001,51.7716638540001],[68.3356526370001,51.7714932210001],[68.335652812,51.77149289],[68.3356800380001,51.7714412190001],[68.335680665,51.7714400870001],[68.335802115,51.771234495],[68.3358536580001,51.7711447560001],[68.3358666010001,51.771126199],[68.3360275250001,51.7708875980001],[68.3360287300001,51.770885922],[68.3360602180001,51.7708447860001],[68.336100984,51.7707881050001],[68.3361186590001,51.7707684360001],[68.336193741,51.7706703480001],[68.3361960060001,51.7706676640001],[68.336364286,51.7704866230001],[68.3363661930001,51.7704847000001],[68.336479448,51.7703776820001],[68.336483388,51.770374357],[68.33666035,51.7702404250001],[68.336662829,51.7702386770001],[68.3367281750001,51.7701952260001],[68.3368122830001,51.7701336570001],[68.3369601360001,51.770050998],[68.3369913450001,51.7700359830001],[68.3370391920001,51.7700094780001],[68.3370406490001,51.7700086940001],[68.3370435150001,51.7700072870001],[68.3372034810001,51.7699332720001],[68.3372074380001,51.76993158],[68.3373955770001,51.76985755],[68.3373981440001,51.7698565910001],[68.337573965,51.76979506],[68.3375819890001,51.7697926930001],[68.3376320840001,51.7697804690001],[68.3376326800001,51.7697803240001],[68.337715615,51.7697600910001],[68.3377739140001,51.769742523],[68.337994914,51.7696912800001],[68.338042838,51.7696828860001],[68.3381889930001,51.769651761],[68.3381966040001,51.7696504580001],[68.3384502420001,51.7696172240001],[68.3388788380001,51.769565463],[68.3388803140001,51.7695652840001],[68.338979415,51.769553316],[68.339001753,51.7695504710001],[68.3393721850001,51.7695056680001],[68.3392599160001,51.7693231270001],[68.3389267410001,51.7688338740001],[68.338651773,51.768447064],[68.338556081,51.7683124480001],[68.337942506,51.7675536180001],[68.3374669,51.7670431280001],[68.336943546,51.7665261910001],[68.336614948,51.7662431240001],[68.336302285,51.765966495],[68.335878386,51.7656354430001],[68.3355750740001,51.765409983],[68.3352716900001,51.765219518],[68.3352687733894,51.765217647067],[68.3352659137901,51.765215690094],[68.3352631137532,51.7652136488195],[68.3352603757521,51.7652115250512],[68.3352577022208,51.7652093206771],[68.3352550955349,51.7652070376513],[68.335252558,51.765204678],[68.3349512390001,51.765182511],[68.3340939570001,51.765120197],[68.333628059,51.765091871],[68.3334378430001,51.7650835700001],[68.333470252,51.7694588910001],[68.3334789454897,51.7694604700379],[68.333487505747,51.76946265913],[68.3334958900195,51.7694654473453],[68.333504056427,51.7694688207539],[68.3335119641888,51.7694727625112],[68.3335195738036,51.7694772529303],[68.3335268472729,51.7694822695812],[68.333533748264,51.769487787411],[68.3335402423145,51.7694937788583],[68.3335462969844,51.7695002140026],[68.3335518820386,51.7695070607024],[68.333556969581,51.7695142847606],[68.3335615342039,51.7695218500994],[68.3335655531082,51.769529718933],[68.3335690062221,51.7695378519592],[68.3335718762941,51.76954620856],[68.3335741490001,51.7695547470001],[68.3336205410001,51.770326084],[68.3336793920001,51.7717661790001],[68.3337426910001,51.773790729],[68.3338420040001,51.7756862310001],[68.3338472400001,51.7759665090001],[68.333845576,51.7759826770001],[68.3338100890001,51.7761399660001],[68.3338094570001,51.776142544],[68.3337436190001,51.7763903650001],[68.333742042,51.776395489],[68.333644802,51.7766746890001],[68.3336417250001,51.7766822],[68.3336249850001,51.7767176340001],[68.3338809520001,51.7767648990001],[68.3343172020001,51.7768405780001],[68.3347378290001,51.77691652],[68.3347482070001,51.7769186080001],[68.334752317,51.7769195560001],[68.3348556120001,51.7769442620001],[68.334861936,51.7769348570001],[68.3350910340001,51.776997636],[68.3351726870001,51.7769989450001],[68.3358531710001,51.7769077060001],[68.335856141133,51.7769073545767],[68.3358591201266,51.7769070885215],[68.3358621055304,51.7769069080587],[68.3358650948794,51.7769068133311],[68.3358680857143,51.7769068044172],[68.335871075578,51.7769068813302],[68.3358740620001,51.776907044],[68.3359268660001,51.7769106700001],[68.3360261720001,51.776917471],[68.3365939220001,51.776960676],[68.3386698450001,51.777116273]]],[[[68.3334871580001,51.77568869],[68.3333878780001,51.7737940330001],[68.33332455,51.771768712],[68.333265784,51.7703305470001],[68.3332229700001,51.769618843],[68.3313290630001,51.7697415690001],[68.3312547890001,51.7704064800001],[68.3312246830001,51.770675989],[68.3311531900001,51.7713159960001],[68.3311286270001,51.7715358670001],[68.331056479,51.7721817250001],[68.3310541270001,51.7722027870001],[68.3310011770001,51.7726767670001],[68.3309099300001,51.773493547],[68.33082663,51.7742392120001],[68.330771348,51.774734053],[68.3307113880001,51.7752707500001],[68.330703171,51.7753443030001],[68.3306796620001,51.775554727],[68.3302533950001,51.776049905],[68.3301782230001,51.776137228],[68.3295342860001,51.7768852550001],[68.3292969130001,51.7771609960001],[68.328748949,51.777797519],[68.328551051,51.7780274],[68.3280304720001,51.7786321020001],[68.3276935430001,51.7790234750001],[68.3271806130001,51.7796192800001],[68.3266031430001,51.780093337],[68.3264620190001,51.7802091900001],[68.325664771,51.7808636600001],[68.3254685410001,51.7810247450001],[68.3247445360001,51.78161908],[68.3238596840001,51.7823454400001],[68.3232597130001,51.7828379410001],[68.3230167560001,51.7830373780001],[68.3227558290001,51.7832515640001],[68.3237061280001,51.7836453340001],[68.3239124850001,51.7837308410001],[68.3244942210001,51.7839718910001],[68.3247650310001,51.7837615500001],[68.326142067,51.7827225010001],[68.3271578970001,51.781951898],[68.327713606,51.7815228870001],[68.3291282710001,51.7804604400001],[68.3308075140001,51.779177845],[68.3321117460001,51.7782003120001],[68.332330938,51.7780140900001],[68.332593376,51.7777427350001],[68.332862618,51.7774041740001],[68.3330572980001,51.7771043160001],[68.3331845610001,51.7768654590001],[68.3332990050001,51.7766231800001],[68.3333940240001,51.7763503630001],[68.3334588000001,51.7761065380001],[68.333492182,51.7759585790001],[68.3334871580001,51.77568869]],[[68.3327523780001,51.774135743],[68.3327340010001,51.7738091720001],[68.3327647350001,51.773809155],[68.3327486040001,51.7727707400001],[68.332675286,51.7726842760001],[68.3324599420001,51.7725349790001],[68.3324757300001,51.7721449140001],[68.3324979990001,51.771690355],[68.3327217250001,51.7716021530001],[68.3327167680001,51.7711525830001],[68.3328223190001,51.7711132040001],[68.3329547860001,51.771075383],[68.3330811590001,51.7710540790001],[68.3332165250001,51.771034344],[68.33327796,51.7710327360001],[68.3333413300001,51.772707918],[68.333402204,51.7743267860001],[68.333412308,51.7747801980001],[68.3328552020001,51.774981816],[68.33273791,51.7748717910001],[68.3326335090001,51.774766475],[68.3325442400001,51.774648572],[68.33247319,51.774546382],[68.3324072630001,51.774444192],[68.3323433400001,51.774312116],[68.3322998460001,51.7741768860001],[68.3322890150001,51.7741454370001],[68.3327523780001,51.774135743]]]],"type":"MultiPolygon"},"id":"17422816.","properties":{"_release_layer_kind":"prohibited","_source_collection":"gpzone-san","admterr_id/locality_admterr_id":"kz.11.38.201","admterr_id/locality_admterr_id/geometry":{"bbox":[68.2717051363021,51.7472741971886,68.4574141884111,51.8636115644419]},"admterr_id/locality_admterr_id/name":"г.Атбасар","admterr_id/locality_admterr_id/name_kk":"Атбасар қ.","admterr_id/locality_admterr_id/name_ru":"г.Атбасар","admterr_id/oblast_admterr_id":"kz.11","admterr_id/oblast_admterr_id/geometry":{"bbox":[65.3511897767069,50.0393502247237,74.2592871444736,53.6843580486921]},"admterr_id/oblast_admterr_id/name":"Акмолинская область","admterr_id/oblast_admterr_id/name_kk":"Ақмола облысы","admterr_id/oblast_admterr_id/name_ru":"Акмолинская область","admterr_id/rayon_admterr_id":"kz.11.38","admterr_id/rayon_admterr_id/geometry":{"bbox":[67.7196257801397,50.6174259199747,69.267732777934,52.2133676141954]},"admterr_id/rayon_admterr_id/name":"Атбасарский район","admterr_id/rayon_admterr_id/name_kk":"Атбасар ауданы","admterr_id/rayon_admterr_id/name_ru":"Атбасарский район","gpsubtype_id":11410000,"id":"17422816.","name_usl":"Санитарно-защитные зоны","object_id_i32":8,"usl_i32":11410000},"type":"Feature"},{"collection":"gpzone","geometry":{"bbox":[68.360925851,51.7836782320001,68.4125347250001,51.807695514],"coordinates":[[[[68.4050641750001,51.8059169240001],[68.4049192200001,51.805765073],[68.4036781360001,51.805964707],[68.4053298210001,51.807695514],[68.405330222,51.80767167],[68.4053310370001,51.807623219],[68.405353721,51.8075480790001],[68.4053696300001,51.8074953770001],[68.4053867220001,51.8074563120001],[68.4054154820001,51.8073905790001],[68.405478331,51.8072815820001],[68.4055217090001,51.8072231940001],[68.4055982510001,51.8071201670001],[68.405742543,51.8069838810001],[68.405779807,51.80695108],[68.4058482020001,51.806890884],[68.4058735670001,51.806868556],[68.405924123,51.8068329070001],[68.4059368970001,51.8068250580001],[68.4050641750001,51.8059169240001]]],[[[68.4125347250001,51.8052425100001],[68.4119483570001,51.8039068310001],[68.4085499350001,51.804473794],[68.4054844130001,51.8049840610001],[68.40503763,51.8045955860001],[68.404431774,51.804068789],[68.403685706,51.803420067],[68.4029583330001,51.8027875920001],[68.4024105550001,51.8023112770001],[68.4010951720001,51.801167472],[68.4002416440001,51.800425262],[68.3996325000001,51.8004519520001],[68.4002800050001,51.8009375920001],[68.4002832260001,51.800940079],[68.4009331080001,51.801457101],[68.4009365690001,51.801459949],[68.4017443500001,51.8021471540001],[68.4017474510001,51.8021498790001],[68.402393278,51.802735655],[68.402395577,51.8027377910001],[68.4027214970001,51.803048684],[68.402724865,51.803052027],[68.4033016870001,51.80364783],[68.4043574900001,51.804747686],[68.405369653,51.805808009],[68.4061947580001,51.8066666000001],[68.406234715,51.8066420470001],[68.4063236250001,51.8065947690001],[68.406400391,51.8065539460001],[68.40660689,51.8064574380001],[68.4067423810001,51.80639869],[68.4070082690001,51.8063090310001],[68.4071375010001,51.806254407],[68.4074134300001,51.8061730540001],[68.4077701100001,51.8060733200001],[68.408267547,51.8059682690001],[68.408739573,51.8058737100001],[68.409203351,51.805794872],[68.4098075950001,51.8056949990001],[68.4109734950001,51.8055005160001],[68.4125347250001,51.8052425100001]]],[[[68.400004628,51.801073236],[68.399202432,51.8004715770001],[68.3991405990001,51.8004744580001],[68.3991361940001,51.8004746290001],[68.397770575,51.8005173190001],[68.3976155280001,51.8005215760001],[68.3978815300001,51.8007056070001],[68.3995958560001,51.8019974580001],[68.4004610710001,51.8027317740001],[68.4013797000001,51.803583927],[68.403524766,51.8058046830001],[68.4047663810001,51.8056049620001],[68.4040519810001,51.8048565660001],[68.402996704,51.8037572650001],[68.4024218590001,51.8031635070001],[68.402098805,51.8028553460001],[68.4014556650001,51.802272008],[68.400651162,51.8015875940001],[68.400004628,51.801073236]]],[[[68.3626558070001,51.784441503],[68.3625842430001,51.7844268640001],[68.3625608200001,51.7845075000001],[68.3625472860001,51.7846436660001],[68.36254101,51.7848381300001],[68.362556752,51.784988985],[68.3625960840001,51.785165959],[68.3626208330001,51.785240076],[68.3634273800001,51.785466979],[68.363683881,51.7855398630001],[68.364190277,51.7856926310001],[68.3651838490001,51.7860425810001],[68.365418441,51.7861330120001],[68.366146825,51.78643155],[68.366759189,51.786690289],[68.367931936,51.787207186],[68.3700510310001,51.788116619],[68.3720195760001,51.788963885],[68.3739236660001,51.7897882410001],[68.3873066410001,51.795568454],[68.39012948,51.7967930290001],[68.3911783600001,51.797190673],[68.391969192,51.7974836650001],[68.393828517,51.798310509],[68.39468227,51.7987504260001],[68.3960214090001,51.7994923940001],[68.397310191,51.8003118190001],[68.3977498900001,51.800299742],[68.398911904,51.8002634170001],[68.398783102,51.8001715930001],[68.3978744620001,51.799565934],[68.3967081310001,51.7988461320001],[68.395827152,51.798354477],[68.3952097530001,51.798030392],[68.3944383420001,51.7976399670001],[68.393706589,51.797300567],[68.393013856,51.7969925030001],[68.391949369,51.7965594980001],[68.390889047,51.7961683520001],[68.3908782650001,51.7961640440001],[68.3776689100001,51.790465022],[68.3762875410001,51.789876103],[68.375305939,51.789449329],[68.373938099,51.7888581030001],[68.37287544,51.7884027850001],[68.371678058,51.7878867090001],[68.3708045240001,51.78749944],[68.369286619,51.786848191],[68.367806058,51.7862094500001],[68.3665966390001,51.785685146],[68.365618978,51.7853109320001],[68.3649937740001,51.7850882010001],[68.3644035900001,51.7849019390001],[68.363923663,51.7847621590001],[68.363201148,51.7845678320001],[68.3626558070001,51.784441503]]],[[[68.363001706,51.783975291],[68.362705663,51.783898294],[68.362703475,51.7839121840001],[68.3626516720001,51.784211703],[68.3627681290001,51.784235525],[68.3627735840001,51.784236703],[68.3633277500001,51.7843650720001],[68.3633364080001,51.7843672370001],[68.364065677,51.784563382],[68.3640705890001,51.784564758],[68.364555539,51.7847060030001],[68.3645606760001,51.784707558],[68.3651574820001,51.7848959120001],[68.3651650800001,51.7848984560001],[68.3657971580001,51.7851236330001],[68.3658020460001,51.785125441],[68.366786511,51.78550226],[68.366795112,51.785505765],[68.3680084120001,51.7860317550001],[68.369488253,51.7866701870001],[68.3710080600001,51.7873222640001],[68.3718819090001,51.7877096710001],[68.3730769210001,51.788224723],[68.3741397790001,51.7886801260001],[68.3755086360001,51.7892717930001],[68.3764892880001,51.789698161],[68.3778701240001,51.7902868560001],[68.3910750430001,51.795983983],[68.3921332480001,51.796374352],[68.392139962,51.796376953],[68.3932108920001,51.7968125800001],[68.39321707,51.7968152070001],[68.393915774,51.797125942],[68.3946534790001,51.7974680940001],[68.39465948,51.7974710020001],[68.3954353240001,51.7978636710001],[68.395437573,51.7978648310001],[68.3960582820001,51.7981906570001],[68.396062391,51.7981928790001],[68.3969487480001,51.7986875350001],[68.396955292,51.7986913780001],[68.398127264,51.7994146650001],[68.3981320610001,51.7994177400001],[68.3990450840001,51.800026324],[68.3990490840001,51.800029081],[68.3993532420001,51.8002459200001],[68.3994515850001,51.8002413340001],[68.4000023780001,51.8002172020001],[68.3999583070001,51.800178879],[68.398779103,51.7991534430001],[68.3978610760001,51.79835511],[68.3949342380001,51.7971014250001],[68.3931967940001,51.7963571880001],[68.39055883,51.79522719],[68.38862055,51.7943968900001],[68.3800118730001,51.7907090100001],[68.3779935040001,51.7898443160001],[68.376089064,51.7890316780001],[68.372313122,51.7874204220001],[68.3697547840001,51.7863287000001],[68.3675707410001,51.785396684],[68.3661723020001,51.7847999050001],[68.363001706,51.783975291]]],[[[68.361473946,51.7842114840001],[68.3610475770001,51.784146998],[68.361030478,51.7841940820001],[68.360925851,51.78487878],[68.3620721350001,51.7851205520001],[68.3622361380001,51.785155918],[68.3622042250001,51.7850123260001],[68.362202955,51.7850045390001],[68.3621863330001,51.7848452140001],[68.3621859790001,51.784839489],[68.3621860050001,51.7848360850001],[68.3621925,51.7846348180001],[68.3621927940001,51.7846303470001],[68.3622071710001,51.7844856790001],[68.362209394,51.7844739340001],[68.3622433200001,51.784357131],[68.3619467290001,51.784296463],[68.361473946,51.7842114840001]]],[[[68.3623065620001,51.784141113],[68.362350355,51.7838879370001],[68.3623627650001,51.783809111],[68.3618595560001,51.7836782320001],[68.3618506010001,51.7836986830001],[68.361791662,51.783833299],[68.361756809,51.7838649720001],[68.3617209920001,51.783889888],[68.361674528,51.783916118],[68.361591811,51.7839436830001],[68.3614872350001,51.78394374],[68.3613355420001,51.7839346530001],[68.3611795630001,51.7839227850001],[68.3611303710001,51.783919042],[68.361124653,51.783934785],[68.3615591720001,51.7840005040001],[68.361566645,51.7840017400001],[68.362046304,51.7840879570001],[68.3620525910001,51.7840891640001],[68.3623065620001,51.784141113]]]],"type":"MultiPolygon"},"id":"17422817.","properties":{"_release_layer_kind":"prohibited","_source_collection":"gpzone-san","admterr_id/locality_admterr_id":"kz.11.38.201","admterr_id/locality_admterr_id/geometry":{"bbox":[68.2717051363021,51.7472741971886,68.4574141884111,51.8636115644419]},"admterr_id/locality_admterr_id/name":"г.Атбасар","admterr_id/locality_admterr_id/name_kk":"Атбасар қ.","admterr_id/locality_admterr_id/name_ru":"г.Атбасар","admterr_id/oblast_admterr_id":"kz.11","admterr_id/oblast_admterr_id/geometry":{"bbox":[65.3511897767069,50.0393502247237,74.2592871444736,53.6843580486921]},"admterr_id/oblast_admterr_id/name":"Акмолинская область","admterr_id/oblast_admterr_id/name_kk":"Ақмола облысы","admterr_id/oblast_admterr_id/name_ru":"Акмолинская область","admterr_id/rayon_admterr_id":"kz.11.38","admterr_id/rayon_admterr_id/geometry":{"bbox":[67.7196257801397,50.6174259199747,69.267732777934,52.2133676141954]},"admterr_id/rayon_admterr_id/name":"Атбасарский район","admterr_id/rayon_admterr_id/name_kk":"Атбасар ауданы","admterr_id/rayon_admterr_id/name_ru":"Атбасарский район","gpsubtype_id":11410000,"id":"17422817.","name_usl":"Санитарно-защитные зоны","object_id_i32":9,"usl_i32":11410000},"type":"Feature"},{"collection":"gpzone","geometry":{"bbox":[68.3667405560001,51.8419174270001,68.375709208,51.8520448580001],"coordinates":[[[[68.3703579630001,51.8425889760001],[68.369187831,51.8422953260001],[68.369106548,51.84245315],[68.3687238590001,51.843197505],[68.3686330020001,51.8433642560001],[68.368537501,51.8435948110001],[68.3684488370001,51.8438549350001],[68.3683997950001,51.8440705100001],[68.3683586500001,51.8443599870001],[68.3683632230001,51.8447847040001],[68.368386586,51.8449818330001],[68.3684435470001,51.8452062960001],[68.3685522900001,51.8455061500001],[68.3686725300001,51.8457434540001],[68.3688504120001,51.8460302020001],[68.369066355,51.8462949890001],[68.3692137790001,51.8464736500001],[68.3697018440001,51.8469811800001],[68.3697044140001,51.8469839410001],[68.3742532370001,51.852044048],[68.375709208,51.8520434000001],[68.375029248,51.8512873610001],[68.374498477,51.8507035950001],[68.374166496,51.850342664],[68.3739075450001,51.8500523430001],[68.3737349770001,51.849862455],[68.3732957720001,51.8493822490001],[68.3730447080001,51.8491029080001],[68.372655158,51.8486760490001],[68.3723779260001,51.8483668840001],[68.371938662,51.8478835210001],[68.3717531440001,51.847685782],[68.3715856680001,51.8474943150001],[68.3712379740001,51.8471145230001],[68.3709555010001,51.84679907],[68.370738519,51.8465620900001],[68.3705215090001,51.846323538],[68.3703724580001,51.8461587460001],[68.3702472470001,51.8460363390001],[68.3701503240001,51.8459201960001],[68.3699902380001,51.8457130130001],[68.3699137740001,51.8455952890001],[68.3698529100001,51.8454901160001],[68.369797136,51.84538337],[68.369743548,51.8452562100001],[68.369695048,51.845127474],[68.3696486410001,51.8449736150001],[68.3696068740001,51.8446564440001],[68.3696099860001,51.844411478],[68.3696323190001,51.8442355930001],[68.369679702,51.844029859],[68.369716242,51.84392934],[68.3700234510001,51.8432366630001],[68.3703579630001,51.8425889760001]]],[[[68.3688572280001,51.8422123590001],[68.3676819990001,51.8419174270001],[68.367063708,51.8431409410001],[68.3669727010001,51.8433419930001],[68.366870997,51.8436561110001],[68.366801706,51.8439231],[68.366748412,51.8443612410001],[68.3667405560001,51.8446266240001],[68.3667575480001,51.844851164],[68.366798761,51.8451385000001],[68.3668428400001,51.845304921],[68.3668836560001,51.845433659],[68.36692709,51.8455655340001],[68.3670209410001,51.8457915970001],[68.3671089970001,51.8459815470001],[68.367256952,51.846224852],[68.367412351,51.846455587],[68.3676195880001,51.846719266],[68.367917601,51.8470441320001],[68.368427475,51.8476059750001],[68.368955772,51.8481944930001],[68.369321923,51.8486025270001],[68.369889454,51.8492349740001],[68.370477856,51.84988781],[68.3708568970001,51.8503005320001],[68.371408801,51.850918833],[68.3720206900001,51.851595182],[68.3724260320001,51.8520448580001],[68.3738499450001,51.8520442280001],[68.3693952410001,51.8470888250001],[68.3689055620001,51.8465796180001],[68.368900023,51.8465734110001],[68.368749607,51.8463911200001],[68.3685292590001,51.8461209330001],[68.368522032,51.8461108370001],[68.368338834,51.8458155170001],[68.36833533,51.845809273],[68.3682112490001,51.845564386],[68.3682074590001,51.8455556540001],[68.3680958680001,51.8452479480001],[68.3680946800001,51.8452443900001],[68.368093736,51.845241021],[68.368034768,51.8450086540001],[68.368033117,51.8449997810001],[68.3680088040001,51.844794613],[68.3680083450001,51.8447877020001],[68.368003673,51.844354045],[68.3680043370001,51.8443438940001],[68.3680466010001,51.8440465620001],[68.3680476280001,51.8440409990001],[68.368098122,51.843819034],[68.3680987820001,51.8438163800001],[68.3681001640001,51.843811847],[68.3681908140001,51.8435458910001],[68.3681925100001,51.8435413980001],[68.3682905360001,51.843304748],[68.3682941920001,51.8432971160001],[68.368386162,51.8431283470001],[68.3687679590001,51.8423856910001],[68.3688572280001,51.8422123590001]]]],"type":"MultiPolygon"},"id":"17422818.","properties":{"_release_layer_kind":"prohibited","_source_collection":"gpzone-san","admterr_id/locality_admterr_id":"kz.11.38.201","admterr_id/locality_admterr_id/geometry":{"bbox":[68.2717051363021,51.7472741971886,68.4574141884111,51.8636115644419]},"admterr_id/locality_admterr_id/name":"г.Атбасар","admterr_id/locality_admterr_id/name_kk":"Атбасар қ.","admterr_id/locality_admterr_id/name_ru":"г.Атбасар","admterr_id/oblast_admterr_id":"kz.11","admterr_id/oblast_admterr_id/geometry":{"bbox":[65.3511897767069,50.0393502247237,74.2592871444736,53.6843580486921]},"admterr_id/oblast_admterr_id/name":"Акмолинская область","admterr_id/oblast_admterr_id/name_kk":"Ақмола облысы","admterr_id/oblast_admterr_id/name_ru":"Акмолинская область","admterr_id/rayon_admterr_id":"kz.11.38","admterr_id/rayon_admterr_id/geometry":{"bbox":[67.7196257801397,50.6174259199747,69.267732777934,52.2133676141954]},"admterr_id/rayon_admterr_id/name":"Атбасарский район","admterr_id/rayon_admterr_id/name_kk":"Атбасар ауданы","admterr_id/rayon_admterr_id/name_ru":"Атбасарский район","gpsubtype_id":11410000,"id":"17422818.","name_usl":"Санитарно-защитные зоны","object_id_i32":10,"usl_i32":11410000},"type":"Feature"},{"collection":"gpzone","geometry":{"bbox":[68.3417802760001,51.8454003940001,68.3493576710001,51.8520584610001],"coordinates":[[[[68.3488856020001,51.8459502380001],[68.3493576710001,51.8454003940001],[68.3492177940001,51.8454528130001],[68.34887438,51.845577313],[68.3484287750001,51.8457149560001],[68.3476257250001,51.8459116800001],[68.3474859520001,51.8459377570001],[68.3468587620001,51.846696185],[68.3445379140001,51.8494974480001],[68.342434041,51.8520581690001],[68.3437882870001,51.8520575690001],[68.3479775540001,51.84703942],[68.3488856020001,51.8459502380001]]],[[[68.346541904,51.8465960930001],[68.3470134230001,51.8460259130001],[68.346985567,51.8460311090001],[68.346544899,51.846090239],[68.3461719890001,51.8461367670001],[68.3417802760001,51.8520584610001],[68.342034814,51.852058346],[68.3442208480001,51.849397621],[68.346541904,51.8465960930001]]]],"type":"MultiPolygon"},"id":"17422819.","properties":{"_release_layer_kind":"prohibited","_source_collection":"gpzone-san","admterr_id/locality_admterr_id":"kz.11.38.201","admterr_id/locality_admterr_id/geometry":{"bbox":[68.2717051363021,51.7472741971886,68.4574141884111,51.8636115644419]},"admterr_id/locality_admterr_id/name":"г.Атбасар","admterr_id/locality_admterr_id/name_kk":"Атбасар қ.","admterr_id/locality_admterr_id/name_ru":"г.Атбасар","admterr_id/oblast_admterr_id":"kz.11","admterr_id/oblast_admterr_id/geometry":{"bbox":[65.3511897767069,50.0393502247237,74.2592871444736,53.6843580486921]},"admterr_id/oblast_admterr_id/name":"Акмолинская область","admterr_id/oblast_admterr_id/name_kk":"Ақмола облысы","admterr_id/oblast_admterr_id/name_ru":"Акмолинская область","admterr_id/rayon_admterr_id":"kz.11.38","admterr_id/rayon_admterr_id/geometry":{"bbox":[67.7196257801397,50.6174259199747,69.267732777934,52.2133676141954]},"admterr_id/rayon_admterr_id/name":"Атбасарский район","admterr_id/rayon_admterr_id/name_kk":"Атбасар ауданы","admterr_id/rayon_admterr_id/name_ru":"Атбасарский район","gpsubtype_id":11410000,"id":"17422819.","name_usl":"Санитарно-защитные зоны","object_id_i32":11,"usl_i32":11410000},"type":"Feature"},{"collection":"gpzone","geometry":{"bbox":[68.352058239,51.8379207850001,68.3548883130001,51.8404698250001],"coordinates":[[[[68.3548883130001,51.838633142],[68.3537191400001,51.8383388500001],[68.3530048060001,51.8392031170001],[68.353050409,51.8392826350001],[68.3531974370001,51.8396136580001],[68.353283097,51.8398583360001],[68.353361367,51.840164529],[68.353401751,51.8404698250001],[68.3534729130001,51.8403949290001],[68.3535971430001,51.840235723],[68.3539224310001,51.8398259200001],[68.3541620010001,51.8395116980001],[68.3543873180001,51.8392341240001],[68.3548883130001,51.838633142]]],[[[68.3533883630001,51.8382555910001],[68.352058239,51.8379207850001],[68.352130055,51.8379953460001],[68.352454998,51.8383681590001],[68.3527197230001,51.8387161380001],[68.352829822,51.8388979910001],[68.3528411230001,51.838917699],[68.3533883630001,51.8382555910001]]]],"type":"MultiPolygon"},"id":"17422820.","properties":{"_release_layer_kind":"prohibited","_source_collection":"gpzone-san","admterr_id/locality_admterr_id":"kz.11.38.201","admterr_id/locality_admterr_id/geometry":{"bbox":[68.2717051363021,51.7472741971886,68.4574141884111,51.8636115644419]},"admterr_id/locality_admterr_id/name":"г.Атбасар","admterr_id/locality_admterr_id/name_kk":"Атбасар қ.","admterr_id/locality_admterr_id/name_ru":"г.Атбасар","admterr_id/oblast_admterr_id":"kz.11","admterr_id/oblast_admterr_id/geometry":{"bbox":[65.3511897767069,50.0393502247237,74.2592871444736,53.6843580486921]},"admterr_id/oblast_admterr_id/name":"Акмолинская область","admterr_id/oblast_admterr_id/name_kk":"Ақмола облысы","admterr_id/oblast_admterr_id/name_ru":"Акмолинская область","admterr_id/rayon_admterr_id":"kz.11.38","admterr_id/rayon_admterr_id/geometry":{"bbox":[67.7196257801397,50.6174259199747,69.267732777934,52.2133676141954]},"admterr_id/rayon_admterr_id/name":"Атбасарский район","admterr_id/rayon_admterr_id/name_kk":"Атбасар ауданы","admterr_id/rayon_admterr_id/name_ru":"Атбасарский район","gpsubtype_id":11410000,"id":"17422820.","name_usl":"Санитарно-защитные зоны","object_id_i32":12,"usl_i32":11410000},"type":"Feature"},{"collection":"gpzone","geometry":{"bbox":[68.3655289700001,51.8366593740001,68.3673525390001,51.8373986940001],"coordinates":[[[[68.36591301,51.8366764900001],[68.365536423,51.8366593740001],[68.3655289700001,51.8367890160001],[68.3660902010001,51.8370378980001],[68.3663960550001,51.8371424300001],[68.367272476,51.8373986940001],[68.3673525390001,51.8368966180001],[68.36591301,51.8366764900001]]]],"type":"MultiPolygon"},"id":"17422821.","properties":{"_release_layer_kind":"prohibited","_source_collection":"gpzone-san","admterr_id/locality_admterr_id":"kz.11.38.201","admterr_id/locality_admterr_id/geometry":{"bbox":[68.2717051363021,51.7472741971886,68.4574141884111,51.8636115644419]},"admterr_id/locality_admterr_id/name":"г.Атбасар","admterr_id/locality_admterr_id/name_kk":"Атбасар қ.","admterr_id/locality_admterr_id/name_ru":"г.Атбасар","admterr_id/oblast_admterr_id":"kz.11","admterr_id/oblast_admterr_id/geometry":{"bbox":[65.3511897767069,50.0393502247237,74.2592871444736,53.6843580486921]},"admterr_id/oblast_admterr_id/name":"Акмолинская область","admterr_id/oblast_admterr_id/name_kk":"Ақмола облысы","admterr_id/oblast_admterr_id/name_ru":"Акмолинская область","admterr_id/rayon_admterr_id":"kz.11.38","admterr_id/rayon_admterr_id/geometry":{"bbox":[67.7196257801397,50.6174259199747,69.267732777934,52.2133676141954]},"admterr_id/rayon_admterr_id/name":"Атбасарский район","admterr_id/rayon_admterr_id/name_kk":"Атбасар ауданы","admterr_id/rayon_admterr_id/name_ru":"Атбасарский район","gpsubtype_id":11410000,"id":"17422821.","name_usl":"Санитарно-защитные зоны","object_id_i32":15,"usl_i32":11410000},"type":"Feature"},{"collection":"gpzone","geometry":{"bbox":[70.164491603,52.9226173180001,70.1709336600001,52.925013386],"coordinates":[[[[70.164943668,52.925013386],[70.166000667,52.9245902420001],[70.1671759430001,52.9241297240001],[70.1671185970001,52.924068898],[70.166800596,52.924148814],[70.1666440340001,52.9239365270001],[70.1669780280001,52.923844602],[70.1669109110001,52.923760122],[70.1694488540001,52.9231120480001],[70.170647493,52.9227675180001],[70.1709336600001,52.9226173180001],[70.1691441410001,52.9228263090001],[70.1679289560001,52.922943355],[70.1667663010001,52.923089964],[70.1657641210001,52.9231931950001],[70.164491603,52.9233253720001],[70.164646121,52.9238290480001],[70.1648309190001,52.9243365040001],[70.1648245150001,52.9244156880001],[70.1648224690001,52.9244948350001],[70.1647938930001,52.9245610230001],[70.1647298570001,52.9246565330001],[70.164615719,52.9247278610001],[70.164943668,52.925013386]]]],"type":"MultiPolygon"},"id":"10210370.","properties":{"_release_layer_kind":"prohibited","_source_collection":"gpzone-transport","admterr_id/locality_admterr_id":"kz.11.70.20.100","admterr_id/locality_admterr_id/geometry":{"bbox":[70.0990001415679,52.8606953572399,70.3179749926171,53.0082769671341]},"admterr_id/locality_admterr_id/name":"г. Щучинск","admterr_id/locality_admterr_id/name_kk":"Щучинск қ.","admterr_id/locality_admterr_id/name_ru":"г. Щучинск","admterr_id/oblast_admterr_id":"kz.11","admterr_id/oblast_admterr_id/geometry":{"bbox":[65.3511897767069,50.0393502247237,74.2592871444736,53.6843580486921]},"admterr_id/oblast_admterr_id/name":"Акмолинская область","admterr_id/oblast_admterr_id/name_kk":"Ақмола облысы","admterr_id/oblast_admterr_id/name_ru":"Акмолинская область","admterr_id/rayon_admterr_id":"kz.11.70","admterr_id/rayon_admterr_id/geometry":{"bbox":[69.3005628783148,52.3987723271093,70.8892456332102,53.430480019049]},"admterr_id/rayon_admterr_id/name":"Бурабайский район","admterr_id/rayon_admterr_id/name_kk":"Бурабай ауданы","admterr_id/rayon_admterr_id/name_ru":"Бурабайский район","functional":"ОАО Национальная компания \"Казахстан темир жолы\"","gpsubtype_id":11140000,"id":"10210370.","implementation":"Существующие","name_usl":"Территория железных дорог и сооружений железнодорожного транспорта","note":"ОАО Национальная компания \"Казахстан темир жолы\"","object_id_i32":1,"usl_i32":11140000},"type":"Feature"},{"collection":"gpzone","geometry":{"bbox":[70.1727415170001,52.91632588,70.175939015,52.9180959760001],"coordinates":[[[[70.1748572480001,52.9180704070001],[70.1746654890001,52.917533452],[70.174884859,52.9174990980001],[70.174923848,52.9176105180001],[70.175939015,52.917497143],[70.1756655610001,52.9165224270001],[70.1756368520001,52.9164939350001],[70.1755754760001,52.91632588],[70.175364759,52.916341921],[70.175143695,52.916343843],[70.1750669570001,52.9163546500001],[70.17498405,52.9163837630001],[70.174952192,52.916405495],[70.1747637270001,52.9165256050001],[70.174628597,52.9165893140001],[70.1738536460001,52.9169870200001],[70.1727415170001,52.9171766860001],[70.172810498,52.917420006],[70.1740411590001,52.917260485],[70.174125986,52.917495681],[70.1743970410001,52.9174741620001],[70.174611752,52.9180959760001],[70.1748572480001,52.9180704070001]]]],"type":"MultiPolygon"},"id":"10210371.","properties":{"_release_layer_kind":"prohibited","_source_collection":"gpzone-transport","admterr_id/locality_admterr_id":"kz.11.70.20.100","admterr_id/locality_admterr_id/geometry":{"bbox":[70.0990001415679,52.8606953572399,70.3179749926171,53.0082769671341]},"admterr_id/locality_admterr_id/name":"г. Щучинск","admterr_id/locality_admterr_id/name_kk":"Щучинск қ.","admterr_id/locality_admterr_id/name_ru":"г. Щучинск","admterr_id/oblast_admterr_id":"kz.11","admterr_id/oblast_admterr_id/geometry":{"bbox":[65.3511897767069,50.0393502247237,74.2592871444736,53.6843580486921]},"admterr_id/oblast_admterr_id/name":"Акмолинская область","admterr_id/oblast_admterr_id/name_kk":"Ақмола облысы","admterr_id/oblast_admterr_id/name_ru":"Акмолинская область","admterr_id/rayon_admterr_id":"kz.11.70","admterr_id/rayon_admterr_id/geometry":{"bbox":[69.3005628783148,52.3987723271093,70.8892456332102,53.430480019049]},"admterr_id/rayon_admterr_id/name":"Бурабайский район","admterr_id/rayon_admterr_id/name_kk":"Бурабай ауданы","admterr_id/rayon_admterr_id/name_ru":"Бурабайский район","functional":"Курорт-Боровская База Материально технического снабжения","gpsubtype_id":11140000,"id":"10210371.","implementation":"Существующие","name_usl":"Территория железных дорог и сооружений железнодорожного транспорта","note":"Курорт-Боровская База Материально технического снабжения","object_id_i32":2,"usl_i32":11140000},"type":"Feature"},{"collection":"gpzone","geometry":{"bbox":[70.175746867,52.916471244,70.1765103000001,52.9175433670001],"coordinates":[[[[70.1761194950001,52.9175433670001],[70.1765103000001,52.9174939690001],[70.1761076230001,52.9165228000001],[70.1758990010001,52.9165459660001],[70.1758669110001,52.916471244],[70.175746867,52.916483084],[70.1761194950001,52.9175433670001]]]],"type":"MultiPolygon"},"id":"10210372.","properties":{"_release_layer_kind":"prohibited","_source_collection":"gpzone-transport","admterr_id/locality_admterr_id":"kz.11.70.20.100","admterr_id/locality_admterr_id/geometry":{"bbox":[70.0990001415679,52.8606953572399,70.3179749926171,53.0082769671341]},"admterr_id/locality_admterr_id/name":"г. Щучинск","admterr_id/locality_admterr_id/name_kk":"Щучинск қ.","admterr_id/locality_admterr_id/name_ru":"г. Щучинск","admterr_id/oblast_admterr_id":"kz.11","admterr_id/oblast_admterr_id/geometry":{"bbox":[65.3511897767069,50.0393502247237,74.2592871444736,53.6843580486921]},"admterr_id/oblast_admterr_id/name":"Акмолинская область","admterr_id/oblast_admterr_id/name_kk":"Ақмола облысы","admterr_id/oblast_admterr_id/name_ru":"Акмолинская область","admterr_id/rayon_admterr_id":"kz.11.70","admterr_id/rayon_admterr_id/geometry":{"bbox":[69.3005628783148,52.3987723271093,70.8892456332102,53.430480019049]},"admterr_id/rayon_admterr_id/name":"Бурабайский район","admterr_id/rayon_admterr_id/name_kk":"Бурабай ауданы","admterr_id/rayon_admterr_id/name_ru":"Бурабайский район","functional":"Курорт-Боровская База Материально технического снабжения","gpsubtype_id":11140000,"id":"10210372.","implementation":"Существующие","name_usl":"Территория железных дорог и сооружений железнодорожного транспорта","note":"Курорт-Боровская База Материально технического снабжения","object_id_i32":3,"usl_i32":11140000},"type":"Feature"},{"collection":"gpzone","geometry":{"bbox":[70.1499025000001,52.9209980110001,70.156086051,52.922618926],"coordinates":[[[[70.1502426110001,52.921970274],[70.1502653360001,52.921795527],[70.1506097560001,52.9218078430001],[70.151073674,52.921840558],[70.1516919650001,52.921874992],[70.153333526,52.9219693790001],[70.1537064990001,52.922009689],[70.154675184,52.9222225440001],[70.1558580650001,52.922444989],[70.1560562830001,52.9224754200001],[70.156086051,52.922455256],[70.1560442430001,52.922409686],[70.15592696,52.9223785520001],[70.155597142,52.9222727100001],[70.1539538430001,52.9218551060001],[70.1522514800001,52.9214401580001],[70.1512417180001,52.9211898130001],[70.150491462,52.9209980110001],[70.1500215010001,52.9217261650001],[70.1499025000001,52.9225222270001],[70.1519227370001,52.922618926],[70.1519510260001,52.922035823],[70.1502426110001,52.921970274]]]],"type":"MultiPolygon"},"id":"10210373.","properties":{"_release_layer_kind":"prohibited","_source_collection":"gpzone-transport","admterr_id/locality_admterr_id":"kz.11.70.20.100","admterr_id/locality_admterr_id/geometry":{"bbox":[70.0990001415679,52.8606953572399,70.3179749926171,53.0082769671341]},"admterr_id/locality_admterr_id/name":"г. Щучинск","admterr_id/locality_admterr_id/name_kk":"Щучинск қ.","admterr_id/locality_admterr_id/name_ru":"г. Щучинск","admterr_id/oblast_admterr_id":"kz.11","admterr_id/oblast_admterr_id/geometry":{"bbox":[65.3511897767069,50.0393502247237,74.2592871444736,53.6843580486921]},"admterr_id/oblast_admterr_id/name":"Акмолинская область","admterr_id/oblast_admterr_id/name_kk":"Ақмола облысы","admterr_id/oblast_admterr_id/name_ru":"Акмолинская область","admterr_id/rayon_admterr_id":"kz.11.70","admterr_id/rayon_admterr_id/geometry":{"bbox":[69.3005628783148,52.3987723271093,70.8892456332102,53.430480019049]},"admterr_id/rayon_admterr_id/name":"Бурабайский район","admterr_id/rayon_admterr_id/name_kk":"Бурабай ауданы","admterr_id/rayon_admterr_id/name_ru":"Бурабайский район","functional":"ОАО Национальная компания \"Казахстан Темир Жолы\"","gpsubtype_id":11140000,"id":"10210373.","implementation":"Существующие","name_usl":"Территория железных дорог и сооружений железнодорожного транспорта","note":"ОАО Национальная компания \"Казахстан Темир Жолы\"","object_id_i32":4,"usl_i32":11140000},"type":"Feature"},{"collection":"gpzone","geometry":{"bbox":[70.1519227370001,52.922035823,70.1533353500001,52.9226917600001],"coordinates":[[[[70.1519227370001,52.922618926],[70.1532828950001,52.9226917600001],[70.1533353500001,52.9220778900001],[70.1519510260001,52.922035823],[70.1519227370001,52.922618926]]]],"type":"MultiPolygon"},"id":"10210374.","properties":{"_release_layer_kind":"prohibited","_source_collection":"gpzone-transport","admterr_id/locality_admterr_id":"kz.11.70.20.100","admterr_id/locality_admterr_id/geometry":{"bbox":[70.0990001415679,52.8606953572399,70.3179749926171,53.0082769671341]},"admterr_id/locality_admterr_id/name":"г. Щучинск","admterr_id/locality_admterr_id/name_kk":"Щучинск қ.","admterr_id/locality_admterr_id/name_ru":"г. Щучинск","admterr_id/oblast_admterr_id":"kz.11","admterr_id/oblast_admterr_id/geometry":{"bbox":[65.3511897767069,50.0393502247237,74.2592871444736,53.6843580486921]},"admterr_id/oblast_admterr_id/name":"Акмолинская область","admterr_id/oblast_admterr_id/name_kk":"Ақмола облысы","admterr_id/oblast_admterr_id/name_ru":"Акмолинская область","admterr_id/rayon_admterr_id":"kz.11.70","admterr_id/rayon_admterr_id/geometry":{"bbox":[69.3005628783148,52.3987723271093,70.8892456332102,53.430480019049]},"admterr_id/rayon_admterr_id/name":"Бурабайский район","admterr_id/rayon_admterr_id/name_kk":"Бурабай ауданы","admterr_id/rayon_admterr_id/name_ru":"Бурабайский район","functional":"Кокшетауская дистанция электроснабжения Курорт-Боровской регион","gpsubtype_id":11140000,"id":"10210374.","implementation":"Существующие","name_usl":"Территория железных дорог и сооружений железнодорожного транспорта","note":"Кокшетауская дистанция электроснабжения Курорт-Боровской регион","object_id_i32":5,"usl_i32":11140000},"type":"Feature"},{"collection":"gpzone","geometry":{"bbox":[70.164491603,52.9226173180001,70.1709336600001,52.925013386],"coordinates":[[[[70.164943668,52.925013386],[70.166000667,52.9245902420001],[70.1671759430001,52.9241297240001],[70.1671185970001,52.924068898],[70.166800596,52.924148814],[70.1666440340001,52.9239365270001],[70.1669780280001,52.923844602],[70.1669109110001,52.923760122],[70.1694488540001,52.9231120480001],[70.170647493,52.9227675180001],[70.1709336600001,52.9226173180001],[70.1691441410001,52.9228263090001],[70.1679289560001,52.922943355],[70.1667663010001,52.923089964],[70.1657641210001,52.9231931950001],[70.164491603,52.9233253720001],[70.164646121,52.9238290480001],[70.1648309190001,52.9243365040001],[70.1648245150001,52.9244156880001],[70.1648224690001,52.9244948350001],[70.1647938930001,52.9245610230001],[70.1647298570001,52.9246565330001],[70.164615719,52.9247278610001],[70.164943668,52.925013386]]]],"type":"MultiPolygon"},"id":"10210375.","properties":{"_release_layer_kind":"prohibited","_source_collection":"gpzone-transport","admterr_id/locality_admterr_id":"kz.11.70.20.100","admterr_id/locality_admterr_id/geometry":{"bbox":[70.0990001415679,52.8606953572399,70.3179749926171,53.0082769671341]},"admterr_id/locality_admterr_id/name":"г. Щучинск","admterr_id/locality_admterr_id/name_kk":"Щучинск қ.","admterr_id/locality_admterr_id/name_ru":"г. Щучинск","admterr_id/oblast_admterr_id":"kz.11","admterr_id/oblast_admterr_id/geometry":{"bbox":[65.3511897767069,50.0393502247237,74.2592871444736,53.6843580486921]},"admterr_id/oblast_admterr_id/name":"Акмолинская область","admterr_id/oblast_admterr_id/name_kk":"Ақмола облысы","admterr_id/oblast_admterr_id/name_ru":"Акмолинская область","admterr_id/rayon_admterr_id":"kz.11.70","admterr_id/rayon_admterr_id/geometry":{"bbox":[69.3005628783148,52.3987723271093,70.8892456332102,53.430480019049]},"admterr_id/rayon_admterr_id/name":"Бурабайский район","admterr_id/rayon_admterr_id/name_kk":"Бурабай ауданы","admterr_id/rayon_admterr_id/name_ru":"Бурабайский район","functional":"ОАО Национальная компания \"Казахстан темир жолы\"","gpsubtype_id":11110000,"id":"10210375.","implementation":"Существующие","name_usl":"Территория сооружений автомобильного транспорта","note":"ОАО Национальная компания \"Казахстан темир жолы\"","object_id_i32":6,"usl_i32":11110000},"type":"Feature"},{"collection":"gpzone","geometry":{"bbox":[70.1727415170001,52.91632588,70.175939015,52.9180959760001],"coordinates":[[[[70.1748572480001,52.9180704070001],[70.1746654890001,52.917533452],[70.174884859,52.9174990980001],[70.174923848,52.9176105180001],[70.175939015,52.917497143],[70.1756655610001,52.9165224270001],[70.1756368520001,52.9164939350001],[70.1755754760001,52.91632588],[70.175364759,52.916341921],[70.175143695,52.916343843],[70.1750669570001,52.9163546500001],[70.17498405,52.9163837630001],[70.174952192,52.916405495],[70.1747637270001,52.9165256050001],[70.174628597,52.9165893140001],[70.1738536460001,52.9169870200001],[70.1727415170001,52.9171766860001],[70.172810498,52.917420006],[70.1740411590001,52.917260485],[70.174125986,52.917495681],[70.1743970410001,52.9174741620001],[70.174611752,52.9180959760001],[70.1748572480001,52.9180704070001]]]],"type":"MultiPolygon"},"id":"10210376.","properties":{"_release_layer_kind":"prohibited","_source_collection":"gpzone-transport","admterr_id/locality_admterr_id":"kz.11.70.20.100","admterr_id/locality_admterr_id/geometry":{"bbox":[70.0990001415679,52.8606953572399,70.3179749926171,53.0082769671341]},"admterr_id/locality_admterr_id/name":"г. Щучинск","admterr_id/locality_admterr_id/name_kk":"Щучинск қ.","admterr_id/locality_admterr_id/name_ru":"г. Щучинск","admterr_id/oblast_admterr_id":"kz.11","admterr_id/oblast_admterr_id/geometry":{"bbox":[65.3511897767069,50.0393502247237,74.2592871444736,53.6843580486921]},"admterr_id/oblast_admterr_id/name":"Акмолинская область","admterr_id/oblast_admterr_id/name_kk":"Ақмола облысы","admterr_id/oblast_admterr_id/name_ru":"Акмолинская область","admterr_id/rayon_admterr_id":"kz.11.70","admterr_id/rayon_admterr_id/geometry":{"bbox":[69.3005628783148,52.3987723271093,70.8892456332102,53.430480019049]},"admterr_id/rayon_admterr_id/name":"Бурабайский район","admterr_id/rayon_admterr_id/name_kk":"Бурабай ауданы","admterr_id/rayon_admterr_id/name_ru":"Бурабайский район","functional":"Курорт-Боровская База Материально технического снабжения","gpsubtype_id":11110000,"id":"10210376.","implementation":"Существующие","name_usl":"Территория сооружений автомобильного транспорта","note":"Курорт-Боровская База Материально технического снабжения","object_id_i32":7,"usl_i32":11110000},"type":"Feature"},{"collection":"gpzone","geometry":{"bbox":[70.175746867,52.916471244,70.1765103000001,52.9175433670001],"coordinates":[[[[70.1761194950001,52.9175433670001],[70.1765103000001,52.9174939690001],[70.1761076230001,52.9165228000001],[70.1758990010001,52.9165459660001],[70.1758669110001,52.916471244],[70.175746867,52.916483084],[70.1761194950001,52.9175433670001]]]],"type":"MultiPolygon"},"id":"10210377.","properties":{"_release_layer_kind":"prohibited","_source_collection":"gpzone-transport","admterr_id/locality_admterr_id":"kz.11.70.20.100","admterr_id/locality_admterr_id/geometry":{"bbox":[70.0990001415679,52.8606953572399,70.3179749926171,53.0082769671341]},"admterr_id/locality_admterr_id/name":"г. Щучинск","admterr_id/locality_admterr_id/name_kk":"Щучинск қ.","admterr_id/locality_admterr_id/name_ru":"г. Щучинск","admterr_id/oblast_admterr_id":"kz.11","admterr_id/oblast_admterr_id/geometry":{"bbox":[65.3511897767069,50.0393502247237,74.2592871444736,53.6843580486921]},"admterr_id/oblast_admterr_id/name":"Акмолинская область","admterr_id/oblast_admterr_id/name_kk":"Ақмола облысы","admterr_id/oblast_admterr_id/name_ru":"Акмолинская область","admterr_id/rayon_admterr_id":"kz.11.70","admterr_id/rayon_admterr_id/geometry":{"bbox":[69.3005628783148,52.3987723271093,70.8892456332102,53.430480019049]},"admterr_id/rayon_admterr_id/name":"Бурабайский район","admterr_id/rayon_admterr_id/name_kk":"Бурабай ауданы","admterr_id/rayon_admterr_id/name_ru":"Бурабайский район","functional":"Курорт-Боровская База Материально технического снабжения","gpsubtype_id":11110000,"id":"10210377.","implementation":"Существующие","name_usl":"Территория сооружений автомобильного транспорта","note":"Курорт-Боровская База Материально технического снабжения","object_id_i32":8,"usl_i32":11110000},"type":"Feature"},{"collection":"gpzone","geometry":{"bbox":[70.1499025000001,52.9209980110001,70.156086051,52.922618926],"coordinates":[[[[70.1502426110001,52.921970274],[70.1502653360001,52.921795527],[70.1506097560001,52.9218078430001],[70.151073674,52.921840558],[70.1516919650001,52.921874992],[70.153333526,52.9219693790001],[70.1537064990001,52.922009689],[70.154675184,52.9222225440001],[70.1558580650001,52.922444989],[70.1560562830001,52.9224754200001],[70.156086051,52.922455256],[70.1560442430001,52.922409686],[70.15592696,52.9223785520001],[70.155597142,52.9222727100001],[70.1539538430001,52.9218551060001],[70.1522514800001,52.9214401580001],[70.1512417180001,52.9211898130001],[70.150491462,52.9209980110001],[70.1500215010001,52.9217261650001],[70.1499025000001,52.9225222270001],[70.1519227370001,52.922618926],[70.1519510260001,52.922035823],[70.1502426110001,52.921970274]]]],"type":"MultiPolygon"},"id":"10210378.","properties":{"_release_layer_kind":"prohibited","_source_collection":"gpzone-transport","admterr_id/locality_admterr_id":"kz.11.70.20.100","admterr_id/locality_admterr_id/geometry":{"bbox":[70.0990001415679,52.8606953572399,70.3179749926171,53.0082769671341]},"admterr_id/locality_admterr_id/name":"г. Щучинск","admterr_id/locality_admterr_id/name_kk":"Щучинск қ.","admterr_id/locality_admterr_id/name_ru":"г. Щучинск","admterr_id/oblast_admterr_id":"kz.11","admterr_id/oblast_admterr_id/geometry":{"bbox":[65.3511897767069,50.0393502247237,74.2592871444736,53.6843580486921]},"admterr_id/oblast_admterr_id/name":"Акмолинская область","admterr_id/oblast_admterr_id/name_kk":"Ақмола облысы","admterr_id/oblast_admterr_id/name_ru":"Акмолинская область","admterr_id/rayon_admterr_id":"kz.11.70","admterr_id/rayon_admterr_id/geometry":{"bbox":[69.3005628783148,52.3987723271093,70.8892456332102,53.430480019049]},"admterr_id/rayon_admterr_id/name":"Бурабайский район","admterr_id/rayon_admterr_id/name_kk":"Бурабай ауданы","admterr_id/rayon_admterr_id/name_ru":"Бурабайский район","functional":"ОАО Национальная компания \"Казахстан Темир Жолы\"","gpsubtype_id":11110000,"id":"10210378.","implementation":"Существующие","name_usl":"Территория сооружений автомобильного транспорта","note":"ОАО Национальная компания \"Казахстан Темир Жолы\"","object_id_i32":9,"usl_i32":11110000},"type":"Feature"},{"collection":"gpzone","geometry":{"bbox":[70.1519227370001,52.922035823,70.1533353500001,52.9226917600001],"coordinates":[[[[70.1519227370001,52.922618926],[70.1532828950001,52.9226917600001],[70.1533353500001,52.9220778900001],[70.1519510260001,52.922035823],[70.1519227370001,52.922618926]]]],"type":"MultiPolygon"},"id":"10210379.","properties":{"_release_layer_kind":"prohibited","_source_collection":"gpzone-transport","admterr_id/locality_admterr_id":"kz.11.70.20.100","admterr_id/locality_admterr_id/geometry":{"bbox":[70.0990001415679,52.8606953572399,70.3179749926171,53.0082769671341]},"admterr_id/locality_admterr_id/name":"г. Щучинск","admterr_id/locality_admterr_id/name_kk":"Щучинск қ.","admterr_id/locality_admterr_id/name_ru":"г. Щучинск","admterr_id/oblast_admterr_id":"kz.11","admterr_id/oblast_admterr_id/geometry":{"bbox":[65.3511897767069,50.0393502247237,74.2592871444736,53.6843580486921]},"admterr_id/oblast_admterr_id/name":"Акмолинская область","admterr_id/oblast_admterr_id/name_kk":"Ақмола облысы","admterr_id/oblast_admterr_id/name_ru":"Акмолинская область","admterr_id/rayon_admterr_id":"kz.11.70","admterr_id/rayon_admterr_id/geometry":{"bbox":[69.3005628783148,52.3987723271093,70.8892456332102,53.430480019049]},"admterr_id/rayon_admterr_id/name":"Бурабайский район","admterr_id/rayon_admterr_id/name_kk":"Бурабай ауданы","admterr_id/rayon_admterr_id/name_ru":"Бурабайский район","functional":"Кокшетауская дистанция электроснабжения Курорт-Боровской регион","gpsubtype_id":11110000,"id":"10210379.","implementation":"Существующие","name_usl":"Территория сооружений автомобильного транспорта","note":"Кокшетауская дистанция электроснабжения Курорт-Боровской регион","object_id_i32":10,"usl_i32":11110000},"type":"Feature"},{"collection":"gpzone","geometry":{"bbox":[70.1576001860001,52.927767708,70.1591995740001,52.9290915330001],"coordinates":[[[[70.1576001860001,52.927767708],[70.1578806040001,52.9290915330001],[70.158552764,52.9290528340001],[70.158676713,52.928834899],[70.1591995740001,52.9281941930001],[70.1576001860001,52.927767708]]]],"type":"MultiPolygon"},"id":"10210380.","properties":{"_release_layer_kind":"prohibited","_source_collection":"gpzone-transport","admterr_id/locality_admterr_id":"kz.11.70.20.100","admterr_id/locality_admterr_id/geometry":{"bbox":[70.0990001415679,52.8606953572399,70.3179749926171,53.0082769671341]},"admterr_id/locality_admterr_id/name":"г. Щучинск","admterr_id/locality_admterr_id/name_kk":"Щучинск қ.","admterr_id/locality_admterr_id/name_ru":"г. Щучинск","admterr_id/oblast_admterr_id":"kz.11","admterr_id/oblast_admterr_id/geometry":{"bbox":[65.3511897767069,50.0393502247237,74.2592871444736,53.6843580486921]},"admterr_id/oblast_admterr_id/name":"Акмолинская область","admterr_id/oblast_admterr_id/name_kk":"Ақмола облысы","admterr_id/oblast_admterr_id/name_ru":"Акмолинская область","admterr_id/rayon_admterr_id":"kz.11.70","admterr_id/rayon_admterr_id/geometry":{"bbox":[69.3005628783148,52.3987723271093,70.8892456332102,53.430480019049]},"admterr_id/rayon_admterr_id/name":"Бурабайский район","admterr_id/rayon_admterr_id/name_kk":"Бурабай ауданы","admterr_id/rayon_admterr_id/name_ru":"Бурабайский район","functional":"АЗС","gpsubtype_id":11110000,"id":"10210380.","implementation":"Существующие","name_usl":"Территория сооружений автомобильного транспорта","note":"АЗС","object_id_i32":11,"usl_i32":11110000},"type":"Feature"},{"collection":"gpzone","geometry":{"bbox":[70.219153851,52.947113098,70.221650276,52.9482010720001],"coordinates":[[[[70.219153851,52.9474974130001],[70.2210728650001,52.9480465080001],[70.221650276,52.9482010720001],[70.2201967130001,52.9473853920001],[70.2197170220001,52.947113098],[70.219153851,52.9474974130001]]]],"type":"MultiPolygon"},"id":"10210381.","properties":{"_release_layer_kind":"prohibited","_source_collection":"gpzone-transport","admterr_id/locality_admterr_id":"kz.11.70.20.100","admterr_id/locality_admterr_id/geometry":{"bbox":[70.0990001415679,52.8606953572399,70.3179749926171,53.0082769671341]},"admterr_id/locality_admterr_id/name":"г. Щучинск","admterr_id/locality_admterr_id/name_kk":"Щучинск қ.","admterr_id/locality_admterr_id/name_ru":"г. Щучинск","admterr_id/oblast_admterr_id":"kz.11","admterr_id/oblast_admterr_id/geometry":{"bbox":[65.3511897767069,50.0393502247237,74.2592871444736,53.6843580486921]},"admterr_id/oblast_admterr_id/name":"Акмолинская область","admterr_id/oblast_admterr_id/name_kk":"Ақмола облысы","admterr_id/oblast_admterr_id/name_ru":"Акмолинская область","admterr_id/rayon_admterr_id":"kz.11.70","admterr_id/rayon_admterr_id/geometry":{"bbox":[69.3005628783148,52.3987723271093,70.8892456332102,53.430480019049]},"admterr_id/rayon_admterr_id/name":"Бурабайский район","admterr_id/rayon_admterr_id/name_kk":"Бурабай ауданы","admterr_id/rayon_admterr_id/name_ru":"Бурабайский район","functional":"АЗС","gpsubtype_id":11110000,"id":"10210381.","implementation":"Существующие","name_usl":"Территория сооружений автомобильного транспорта","note":"АЗС","object_id_i32":12,"usl_i32":11110000},"type":"Feature"},{"collection":"gpzone","geometry":{"bbox":[70.1930915730001,52.9030708110001,70.1948051480001,52.9042363190001],"coordinates":[[[[70.1930915730001,52.9039497030001],[70.1940335460001,52.9042363190001],[70.1946716800001,52.903449112],[70.1948051480001,52.903277555],[70.1940084500001,52.9030708110001],[70.1930915730001,52.9039497030001]]]],"type":"MultiPolygon"},"id":"10210382.","properties":{"_release_layer_kind":"prohibited","_source_collection":"gpzone-transport","admterr_id/locality_admterr_id":"kz.11.70.20.100","admterr_id/locality_admterr_id/geometry":{"bbox":[70.0990001415679,52.8606953572399,70.3179749926171,53.0082769671341]},"admterr_id/locality_admterr_id/name":"г. Щучинск","admterr_id/locality_admterr_id/name_kk":"Щучинск қ.","admterr_id/locality_admterr_id/name_ru":"г. Щучинск","admterr_id/oblast_admterr_id":"kz.11","admterr_id/oblast_admterr_id/geometry":{"bbox":[65.3511897767069,50.0393502247237,74.2592871444736,53.6843580486921]},"admterr_id/oblast_admterr_id/name":"Акмолинская область","admterr_id/oblast_admterr_id/name_kk":"Ақмола облысы","admterr_id/oblast_admterr_id/name_ru":"Акмолинская область","admterr_id/rayon_admterr_id":"kz.11.70","admterr_id/rayon_admterr_id/geometry":{"bbox":[69.3005628783148,52.3987723271093,70.8892456332102,53.430480019049]},"admterr_id/rayon_admterr_id/name":"Бурабайский район","admterr_id/rayon_admterr_id/name_kk":"Бурабай ауданы","admterr_id/rayon_admterr_id/name_ru":"Бурабайский район","functional":"Проектируемая АЗС","gpsubtype_id":11110000,"id":"10210382.","implementation":"Проектируемые","name_usl":"Территория сооружений автомобильного транспорта","note":"Проектируемая азс","object_id_i32":13,"usl_i32":11110000},"type":"Feature"},{"collection":"gpzone","geometry":{"bbox":[70.188604056,52.9252308700001,70.1902762600001,52.9261776280001],"coordinates":[[[[70.1891812330001,52.9261776280001],[70.1902762600001,52.9257301740001],[70.1896385250001,52.9252308700001],[70.188604056,52.9256869280001],[70.189178634,52.92617461],[70.1891812330001,52.9261776280001]]]],"type":"MultiPolygon"},"id":"10210383.","properties":{"_release_layer_kind":"prohibited","_source_collection":"gpzone-transport","admterr_id/locality_admterr_id":"kz.11.70.20.100","admterr_id/locality_admterr_id/geometry":{"bbox":[70.0990001415679,52.8606953572399,70.3179749926171,53.0082769671341]},"admterr_id/locality_admterr_id/name":"г. Щучинск","admterr_id/locality_admterr_id/name_kk":"Щучинск қ.","admterr_id/locality_admterr_id/name_ru":"г. Щучинск","admterr_id/oblast_admterr_id":"kz.11","admterr_id/oblast_admterr_id/geometry":{"bbox":[65.3511897767069,50.0393502247237,74.2592871444736,53.6843580486921]},"admterr_id/oblast_admterr_id/name":"Акмолинская область","admterr_id/oblast_admterr_id/name_kk":"Ақмола облысы","admterr_id/oblast_admterr_id/name_ru":"Акмолинская область","admterr_id/rayon_admterr_id":"kz.11.70","admterr_id/rayon_admterr_id/geometry":{"bbox":[69.3005628783148,52.3987723271093,70.8892456332102,53.430480019049]},"admterr_id/rayon_admterr_id/name":"Бурабайский район","admterr_id/rayon_admterr_id/name_kk":"Бурабай ауданы","admterr_id/rayon_admterr_id/name_ru":"Бурабайский район","functional":"АЗС","gpsubtype_id":11110000,"id":"10210383.","implementation":"Существующие","name_usl":"Территория сооружений автомобильного транспорта","note":"АЗС","object_id_i32":14,"usl_i32":11110000},"type":"Feature"},{"collection":"gpzone","geometry":{"bbox":[70.1902107050001,52.922599076,70.191527367,52.9236035370001],"coordinates":[[[[70.190226544,52.9234148900001],[70.1904460210001,52.9236035370001],[70.1909047760001,52.923417021],[70.191527367,52.923168435],[70.1908454150001,52.922599076],[70.1902107050001,52.922667398],[70.1907544960001,52.923217949],[70.190226544,52.9234148900001]]]],"type":"MultiPolygon"},"id":"10210384.","properties":{"_release_layer_kind":"prohibited","_source_collection":"gpzone-transport","admterr_id/locality_admterr_id":"kz.11.70.20.100","admterr_id/locality_admterr_id/geometry":{"bbox":[70.0990001415679,52.8606953572399,70.3179749926171,53.0082769671341]},"admterr_id/locality_admterr_id/name":"г. Щучинск","admterr_id/locality_admterr_id/name_kk":"Щучинск қ.","admterr_id/locality_admterr_id/name_ru":"г. Щучинск","admterr_id/oblast_admterr_id":"kz.11","admterr_id/oblast_admterr_id/geometry":{"bbox":[65.3511897767069,50.0393502247237,74.2592871444736,53.6843580486921]},"admterr_id/oblast_admterr_id/name":"Акмолинская область","admterr_id/oblast_admterr_id/name_kk":"Ақмола облысы","admterr_id/oblast_admterr_id/name_ru":"Акмолинская область","admterr_id/rayon_admterr_id":"kz.11.70","admterr_id/rayon_admterr_id/geometry":{"bbox":[69.3005628783148,52.3987723271093,70.8892456332102,53.430480019049]},"admterr_id/rayon_admterr_id/name":"Бурабайский район","admterr_id/rayon_admterr_id/name_kk":"Бурабай ауданы","admterr_id/rayon_admterr_id/name_ru":"Бурабайский район","functional":"АЗС","gpsubtype_id":11110000,"id":"10210384.","implementation":"Существующие","name_usl":"Территория сооружений автомобильного транспорта","note":"АЗС","object_id_i32":15,"usl_i32":11110000},"type":"Feature"},{"collection":"gpzone","geometry":{"bbox":[70.1769311410001,52.9221934930001,70.178715159,52.922928814],"coordinates":[[[[70.1771055820001,52.922928814],[70.178715159,52.922718617],[70.178607615,52.9224777570001],[70.1785909880001,52.922424676],[70.1785902780001,52.92240035],[70.1785896110001,52.9223775450001],[70.1786603420001,52.9221934930001],[70.177652616,52.9223565630001],[70.1769311410001,52.9225410010001],[70.177018027,52.922702971],[70.1771055820001,52.922928814]]]],"type":"MultiPolygon"},"id":"10210385.","properties":{"_release_layer_kind":"prohibited","_source_collection":"gpzone-transport","admterr_id/locality_admterr_id":"kz.11.70.20.100","admterr_id/locality_admterr_id/geometry":{"bbox":[70.0990001415679,52.8606953572399,70.3179749926171,53.0082769671341]},"admterr_id/locality_admterr_id/name":"г. Щучинск","admterr_id/locality_admterr_id/name_kk":"Щучинск қ.","admterr_id/locality_admterr_id/name_ru":"г. Щучинск","admterr_id/oblast_admterr_id":"kz.11","admterr_id/oblast_admterr_id/geometry":{"bbox":[65.3511897767069,50.0393502247237,74.2592871444736,53.6843580486921]},"admterr_id/oblast_admterr_id/name":"Акмолинская область","admterr_id/oblast_admterr_id/name_kk":"Ақмола облысы","admterr_id/oblast_admterr_id/name_ru":"Акмолинская область","admterr_id/rayon_admterr_id":"kz.11.70","admterr_id/rayon_admterr_id/geometry":{"bbox":[69.3005628783148,52.3987723271093,70.8892456332102,53.430480019049]},"admterr_id/rayon_admterr_id/name":"Бурабайский район","admterr_id/rayon_admterr_id/name_kk":"Бурабай ауданы","admterr_id/rayon_admterr_id/name_ru":"Бурабайский район","functional":"АЗС","gpsubtype_id":11110000,"id":"10210385.","implementation":"Существующие","name_usl":"Территория сооружений автомобильного транспорта","note":"АЗС","object_id_i32":16,"usl_i32":11110000},"type":"Feature"},{"collection":"gpzone","geometry":{"bbox":[70.164291027,52.9282823190001,70.165992212,52.9293603630001],"coordinates":[[[[70.164291027,52.9288150900001],[70.1643630010001,52.9288664540001],[70.1643949880001,52.9288969670001],[70.164427473,52.9289445800001],[70.1644829780001,52.9290544290001],[70.164547311,52.9291761740001],[70.164560851,52.9292042800001],[70.1646106410001,52.9293603630001],[70.165992212,52.9290674590001],[70.165501669,52.9282823190001],[70.164291027,52.9288150900001]]]],"type":"MultiPolygon"},"id":"10210386.","properties":{"_release_layer_kind":"prohibited","_source_collection":"gpzone-transport","admterr_id/locality_admterr_id":"kz.11.70.20.100","admterr_id/locality_admterr_id/geometry":{"bbox":[70.0990001415679,52.8606953572399,70.3179749926171,53.0082769671341]},"admterr_id/locality_admterr_id/name":"г. Щучинск","admterr_id/locality_admterr_id/name_kk":"Щучинск қ.","admterr_id/locality_admterr_id/name_ru":"г. Щучинск","admterr_id/oblast_admterr_id":"kz.11","admterr_id/oblast_admterr_id/geometry":{"bbox":[65.3511897767069,50.0393502247237,74.2592871444736,53.6843580486921]},"admterr_id/oblast_admterr_id/name":"Акмолинская область","admterr_id/oblast_admterr_id/name_kk":"Ақмола облысы","admterr_id/oblast_admterr_id/name_ru":"Акмолинская область","admterr_id/rayon_admterr_id":"kz.11.70","admterr_id/rayon_admterr_id/geometry":{"bbox":[69.3005628783148,52.3987723271093,70.8892456332102,53.430480019049]},"admterr_id/rayon_admterr_id/name":"Бурабайский район","admterr_id/rayon_admterr_id/name_kk":"Бурабай ауданы","admterr_id/rayon_admterr_id/name_ru":"Бурабайский район","functional":"АЗС","gpsubtype_id":11110000,"id":"10210386.","implementation":"Существующие","name_usl":"Территория сооружений автомобильного транспорта","note":"АЗС","object_id_i32":17,"usl_i32":11110000},"type":"Feature"},{"collection":"gpzone","geometry":{"bbox":[70.1525574880001,52.9578138730001,70.1536369390001,52.9584627900001],"coordinates":[[[[70.152999148,52.9578138730001],[70.1525574880001,52.9583921550001],[70.1536369390001,52.9584627900001],[70.1534405070001,52.9579197560001],[70.152999148,52.9578138730001]]]],"type":"MultiPolygon"},"id":"10210387.","properties":{"_release_layer_kind":"prohibited","_source_collection":"gpzone-transport","admterr_id/locality_admterr_id":"kz.11.70.20.100","admterr_id/locality_admterr_id/geometry":{"bbox":[70.0990001415679,52.8606953572399,70.3179749926171,53.0082769671341]},"admterr_id/locality_admterr_id/name":"г. Щучинск","admterr_id/locality_admterr_id/name_kk":"Щучинск қ.","admterr_id/locality_admterr_id/name_ru":"г. Щучинск","admterr_id/oblast_admterr_id":"kz.11","admterr_id/oblast_admterr_id/geometry":{"bbox":[65.3511897767069,50.0393502247237,74.2592871444736,53.6843580486921]},"admterr_id/oblast_admterr_id/name":"Акмолинская область","admterr_id/oblast_admterr_id/name_kk":"Ақмола облысы","admterr_id/oblast_admterr_id/name_ru":"Акмолинская область","admterr_id/rayon_admterr_id":"kz.11.70","admterr_id/rayon_admterr_id/geometry":{"bbox":[69.3005628783148,52.3987723271093,70.8892456332102,53.430480019049]},"admterr_id/rayon_admterr_id/name":"Бурабайский район","admterr_id/rayon_admterr_id/name_kk":"Бурабай ауданы","admterr_id/rayon_admterr_id/name_ru":"Бурабайский район","functional":"АЗС","gpsubtype_id":11110000,"id":"10210387.","implementation":"Существующие","name_usl":"Территория сооружений автомобильного транспорта","note":"АЗС","object_id_i32":18,"usl_i32":11110000},"type":"Feature"},{"collection":"gpzone","geometry":{"bbox":[70.183253936,52.949868617,70.184210008,52.9503828800001],"coordinates":[[[[70.184210008,52.9500872500001],[70.183952349,52.949868617],[70.183253936,52.9501685380001],[70.1835351980001,52.9503828800001],[70.184210008,52.9500872500001]]]],"type":"MultiPolygon"},"id":"10210388.","properties":{"_release_layer_kind":"prohibited","_source_collection":"gpzone-transport","admterr_id/locality_admterr_id":"kz.11.70.20.100","admterr_id/locality_admterr_id/geometry":{"bbox":[70.0990001415679,52.8606953572399,70.3179749926171,53.0082769671341]},"admterr_id/locality_admterr_id/name":"г. Щучинск","admterr_id/locality_admterr_id/name_kk":"Щучинск қ.","admterr_id/locality_admterr_id/name_ru":"г. Щучинск","admterr_id/oblast_admterr_id":"kz.11","admterr_id/oblast_admterr_id/geometry":{"bbox":[65.3511897767069,50.0393502247237,74.2592871444736,53.6843580486921]},"admterr_id/oblast_admterr_id/name":"Акмолинская область","admterr_id/oblast_admterr_id/name_kk":"Ақмола облысы","admterr_id/oblast_admterr_id/name_ru":"Акмолинская область","admterr_id/rayon_admterr_id":"kz.11.70","admterr_id/rayon_admterr_id/geometry":{"bbox":[69.3005628783148,52.3987723271093,70.8892456332102,53.430480019049]},"admterr_id/rayon_admterr_id/name":"Бурабайский район","admterr_id/rayon_admterr_id/name_kk":"Бурабай ауданы","admterr_id/rayon_admterr_id/name_ru":"Бурабайский район","functional":"АЗС","gpsubtype_id":11110000,"id":"10210388.","implementation":"Существующие","name_usl":"Территория сооружений автомобильного транспорта","note":"АЗС","object_id_i32":19,"usl_i32":11110000},"type":"Feature"},{"collection":"gpzone","geometry":{"bbox":[70.181790289,52.9509881750001,70.1828319150001,52.951514649],"coordinates":[[[[70.181790289,52.9511654930001],[70.1823042180001,52.951514649],[70.1828319150001,52.951262974],[70.182276114,52.9509881750001],[70.181790289,52.9511654930001]]]],"type":"MultiPolygon"},"id":"10210389.","properties":{"_release_layer_kind":"prohibited","_source_collection":"gpzone-transport","admterr_id/locality_admterr_id":"kz.11.70.20.100","admterr_id/locality_admterr_id/geometry":{"bbox":[70.0990001415679,52.8606953572399,70.3179749926171,53.0082769671341]},"admterr_id/locality_admterr_id/name":"г. Щучинск","admterr_id/locality_admterr_id/name_kk":"Щучинск қ.","admterr_id/locality_admterr_id/name_ru":"г. Щучинск","admterr_id/oblast_admterr_id":"kz.11","admterr_id/oblast_admterr_id/geometry":{"bbox":[65.3511897767069,50.0393502247237,74.2592871444736,53.6843580486921]},"admterr_id/oblast_admterr_id/name":"Акмолинская область","admterr_id/oblast_admterr_id/name_kk":"Ақмола облысы","admterr_id/oblast_admterr_id/name_ru":"Акмолинская область","admterr_id/rayon_admterr_id":"kz.11.70","admterr_id/rayon_admterr_id/geometry":{"bbox":[69.3005628783148,52.3987723271093,70.8892456332102,53.430480019049]},"admterr_id/rayon_admterr_id/name":"Бурабайский район","admterr_id/rayon_admterr_id/name_kk":"Бурабай ауданы","admterr_id/rayon_admterr_id/name_ru":"Бурабайский район","functional":"Проектируемая АЗС","gpsubtype_id":11110000,"id":"10210389.","implementation":"Проектируемые","name_usl":"Территория сооружений автомобильного транспорта","note":"Проектируемая АЗС","object_id_i32":20,"usl_i32":11110000},"type":"Feature"}],"type":"FeatureCollection"}