{"crs":{"properties":{"name":"urn:ogc:def:crs:OGC:1.3:CRS84"},"type":"name"},"features":[{"bbox":[76.9515,52.2971,76.9542,52.2977],"geometry":{"coordinates":[[[76.9541,52.2972],[76.9541,52.2972],[76.9542,52.2972],[76.9516,52.2971],[76.9515,52.2977],[76.9541,52.2972]]],"type":"MultiLineString"},"geometry_name":"shape","id":"gp_red_lines.fid--7752831e_19fb67eabdc_4828","properties":{"area":0.629487519756566,"creation_doc_id":3464,"deactivation_doc_id":null,"id":2482901},"type":"Feature"},{"bbox":[77.0942,52.3225,77.0981,52.3238],"geometry":{"coordinates":[[[77.0981,52.3231],[77.0945,52.3225],[77.0942,52.3232],[77.0978,52.3238],[77.0981,52.3231]]],"type":"MultiLineString"},"geometry_name":"shape","id":"gp_red_lines.fid--7752831e_19fb67eabdc_4829","properties":{"area":2.01768488582467,"creation_doc_id":3464,"deactivation_doc_id":null,"id":2504352},"type":"Feature"},{"bbox":[77.0946,52.3216,77.0984,52.3229],"geometry":{"coordinates":[[[77.0983,52.3224],[77.0983,52.3224],[77.0983,52.3223],[77.0984,52.3223],[77.0984,52.3223],[77.0984,52.3223],[77.0984,52.3223],[77.0984,52.3223],[77.0984,52.3223],[77.0984,52.3223],[77.0983,52.3222],[77.0983,52.3222],[77.0983,52.3222],[77.0983,52.3222],[77.0983,52.3222],[77.0983,52.3222],[77.0983,52.3222],[77.0983,52.3222],[77.0983,52.3222],[77.0982,52.3222],[77.0982,52.3221],[77.0982,52.3221],[77.0982,52.3221],[77.0982,52.3221],[77.0982,52.3221],[77.0981,52.3221],[77.0981,52.3221],[77.0981,52.3221],[77.0949,52.3216],[77.0946,52.3223],[77.0981,52.3229],[77.0983,52.3224]]],"type":"MultiLineString"},"geometry_name":"shape","id":"gp_red_lines.fid--7752831e_19fb67eabdc_482a","properties":{"area":2.06172471573736,"creation_doc_id":3464,"deactivation_doc_id":null,"id":2504850},"type":"Feature"},{"bbox":[77.077,52.3187,77.0809,52.3201],"geometry":{"coordinates":[[[77.0809,52.3193],[77.0773,52.3187],[77.077,52.3195],[77.0807,52.3201],[77.0809,52.3193]]],"type":"MultiLineString"},"geometry_name":"shape","id":"gp_red_lines.fid--7752831e_19fb67eabdc_482b","properties":{"area":2.13083011483407,"creation_doc_id":3464,"deactivation_doc_id":null,"id":2505675},"type":"Feature"},{"bbox":[77.0767,52.3197,77.0806,52.321],"geometry":{"coordinates":[[[77.0806,52.3202],[77.0769,52.3197],[77.0767,52.3204],[77.0803,52.321],[77.0806,52.3202]]],"type":"MultiLineString"},"geometry_name":"shape","id":"gp_red_lines.fid--7752831e_19fb67eabdc_482c","properties":{"area":2.14976532482038,"creation_doc_id":3464,"deactivation_doc_id":null,"id":2505865},"type":"Feature"},{"bbox":[77.09,52.3218,77.0942,52.3232],"geometry":{"coordinates":[[[77.0942,52.3225],[77.0903,52.3218],[77.09,52.3225],[77.0939,52.3232],[77.0942,52.3225]]],"type":"MultiLineString"},"geometry_name":"shape","id":"gp_red_lines.fid--7752831e_19fb67eabdc_482d","properties":{"area":2.26796473611285,"creation_doc_id":3464,"deactivation_doc_id":null,"id":2507054},"type":"Feature"},{"bbox":[77.0904,52.3209,77.0946,52.3223],"geometry":{"coordinates":[[[77.0946,52.3215],[77.0907,52.3209],[77.0904,52.3216],[77.0943,52.3223],[77.0946,52.3215]]],"type":"MultiLineString"},"geometry_name":"shape","id":"gp_red_lines.fid--7752831e_19fb67eabdc_482e","properties":{"area":2.31038288709483,"creation_doc_id":3464,"deactivation_doc_id":null,"id":2507432},"type":"Feature"},{"bbox":[77.0723,52.3211,77.0758,52.3225],"geometry":{"coordinates":[[[77.0758,52.3217],[77.0723,52.3211],[77.0723,52.322],[77.0755,52.3225],[77.0758,52.3217]]],"type":"MultiLineString"},"geometry_name":"shape","id":"gp_red_lines.fid--7752831e_19fb67eabdc_482f","properties":{"area":2.3449489288793,"creation_doc_id":3464,"deactivation_doc_id":null,"id":2507729},"type":"Feature"},{"bbox":[77.0723,52.3181,77.077,52.3194],"geometry":{"coordinates":[[[77.077,52.3187],[77.0737,52.3182],[77.0737,52.3182],[77.0737,52.3182],[77.0736,52.3182],[77.0736,52.3181],[77.0735,52.3181],[77.0734,52.3181],[77.0734,52.3181],[77.0733,52.3181],[77.0732,52.3181],[77.0732,52.3181],[77.0731,52.3182],[77.073,52.3182],[77.073,52.3182],[77.0729,52.3182],[77.0728,52.3182],[77.0728,52.3182],[77.0727,52.3183],[77.0727,52.3183],[77.0726,52.3183],[77.0726,52.3183],[77.0725,52.3184],[77.0725,52.3184],[77.0725,52.3184],[77.0724,52.3185],[77.0724,52.3185],[77.0724,52.3185],[77.0723,52.3186],[77.0723,52.3186],[77.0723,52.3186],[77.0723,52.3187],[77.0723,52.3187],[77.0767,52.3194],[77.077,52.3187]]],"type":"MultiLineString"},"geometry_name":"shape","id":"gp_red_lines.fid--7752831e_19fb67eabdc_4830","properties":{"area":2.43299512891821,"creation_doc_id":3464,"deactivation_doc_id":null,"id":2508573},"type":"Feature"},{"bbox":[77.0853,52.3211,77.0898,52.3225],"geometry":{"coordinates":[[[77.0898,52.3217],[77.0856,52.3211],[77.0853,52.3218],[77.0895,52.3225],[77.0898,52.3217]]],"type":"MultiLineString"},"geometry_name":"shape","id":"gp_red_lines.fid--7752831e_19fb67eabdc_4831","properties":{"area":2.43458853905675,"creation_doc_id":3464,"deactivation_doc_id":null,"id":2508590},"type":"Feature"},{"bbox":[77.0938,52.3235,77.0977,52.3249],"geometry":{"coordinates":[[[77.0977,52.3241],[77.0941,52.3235],[77.0938,52.3243],[77.0974,52.3249],[77.0977,52.3241]]],"type":"MultiLineString"},"geometry_name":"shape","id":"gp_red_lines.fid--7752831e_19fb67eabdc_4832","properties":{"area":2.45722748241016,"creation_doc_id":3464,"deactivation_doc_id":null,"id":2508798},"type":"Feature"},{"bbox":[77.0857,52.3202,77.0902,52.3216],"geometry":{"coordinates":[[[77.0902,52.3208],[77.086,52.3202],[77.0857,52.3209],[77.0899,52.3216],[77.0902,52.3208]]],"type":"MultiLineString"},"geometry_name":"shape","id":"gp_red_lines.fid--7752831e_19fb67eabdc_4833","properties":{"area":2.47678325938973,"creation_doc_id":3464,"deactivation_doc_id":null,"id":2508965},"type":"Feature"},{"bbox":[77.0758,52.3217,77.0797,52.3232],"geometry":{"coordinates":[[[77.0797,52.3223],[77.0761,52.3217],[77.0758,52.3226],[77.0794,52.3232],[77.0797,52.3223]]],"type":"MultiLineString"},"geometry_name":"shape","id":"gp_red_lines.fid--7752831e_19fb67eabdc_4834","properties":{"area":2.47978099525135,"creation_doc_id":3464,"deactivation_doc_id":null,"id":2508995},"type":"Feature"},{"bbox":[77.0762,52.3207,77.0802,52.3221],"geometry":{"coordinates":[[[77.0802,52.3213],[77.0765,52.3207],[77.0762,52.3215],[77.0798,52.3221],[77.0802,52.3213]]],"type":"MultiLineString"},"geometry_name":"shape","id":"gp_red_lines.fid--7752831e_19fb67eabdc_4835","properties":{"area":2.50117602515054,"creation_doc_id":3464,"deactivation_doc_id":null,"id":2509175},"type":"Feature"},{"bbox":[77.0723,52.3189,77.0766,52.3203],"geometry":{"coordinates":[[[77.0766,52.3196],[77.0723,52.3189],[77.0723,52.3197],[77.0763,52.3203],[77.0766,52.3196]]],"type":"MultiLineString"},"geometry_name":"shape","id":"gp_red_lines.fid--7752831e_19fb67eabdc_4836","properties":{"area":2.50418367739149,"creation_doc_id":3464,"deactivation_doc_id":null,"id":2509199},"type":"Feature"},{"bbox":[77.0811,52.3194,77.0857,52.3208],"geometry":{"coordinates":[[[77.0857,52.3201],[77.0814,52.3194],[77.0811,52.3201],[77.0854,52.3208],[77.0857,52.3201]]],"type":"MultiLineString"},"geometry_name":"shape","id":"gp_red_lines.fid--7752831e_19fb67eabdc_4837","properties":{"area":2.51179164611566,"creation_doc_id":3464,"deactivation_doc_id":null,"id":2509253},"type":"Feature"},{"bbox":[77.0933,52.3245,77.0973,52.326],"geometry":{"coordinates":[[[77.0973,52.3251],[77.0937,52.3245],[77.0933,52.3254],[77.097,52.326],[77.0973,52.3251]]],"type":"MultiLineString"},"geometry_name":"shape","id":"gp_red_lines.fid--7752831e_19fb67eabdc_4838","properties":{"area":2.51583113586464,"creation_doc_id":3464,"deactivation_doc_id":null,"id":2509286},"type":"Feature"},{"bbox":[77.0807,52.3203,77.0853,52.3217],"geometry":{"coordinates":[[[77.0853,52.321],[77.081,52.3203],[77.0807,52.321],[77.085,52.3217],[77.0853,52.321]]],"type":"MultiLineString"},"geometry_name":"shape","id":"gp_red_lines.fid--7752831e_19fb67eabdc_4839","properties":{"area":2.51756353492275,"creation_doc_id":3464,"deactivation_doc_id":null,"id":2509297},"type":"Feature"},{"bbox":[77.0723,52.32,77.0762,52.3215],"geometry":{"coordinates":[[[77.0762,52.3206],[77.0723,52.32],[77.0723,52.3209],[77.0759,52.3215],[77.0762,52.3206]]],"type":"MultiLineString"},"geometry_name":"shape","id":"gp_red_lines.fid--7752831e_19fb67eabdc_483a","properties":{"area":2.63152230442659,"creation_doc_id":3464,"deactivation_doc_id":null,"id":2510158},"type":"Feature"},{"bbox":[77.0895,52.3228,77.0938,52.3243],"geometry":{"coordinates":[[[77.0938,52.3234],[77.0899,52.3228],[77.0895,52.3237],[77.0935,52.3243],[77.0938,52.3234]]],"type":"MultiLineString"},"geometry_name":"shape","id":"gp_red_lines.fid--7752831e_19fb67eabdc_483b","properties":{"area":2.73292162519709,"creation_doc_id":3464,"deactivation_doc_id":null,"id":2510911},"type":"Feature"},{"bbox":[77.089,52.3238,77.0934,52.3253],"geometry":{"coordinates":[[[77.0934,52.3245],[77.0894,52.3238],[77.089,52.3247],[77.093,52.3253],[77.0934,52.3245]]],"type":"MultiLineString"},"geometry_name":"shape","id":"gp_red_lines.fid--7752831e_19fb67eabdc_483c","properties":{"area":2.77734832061105,"creation_doc_id":3464,"deactivation_doc_id":null,"id":2511202},"type":"Feature"},{"bbox":[76.7365,52.2352,76.7403,52.2373],"geometry":{"coordinates":[[[76.7403,52.2364],[76.7375,52.2352],[76.7365,52.2361],[76.7393,52.2373],[76.7403,52.2364]]],"type":"MultiLineString"},"geometry_name":"shape","id":"gp_red_lines.fid--7752831e_19fb67eabdc_483d","properties":{"area":2.81330136871901,"creation_doc_id":3464,"deactivation_doc_id":null,"id":2511455},"type":"Feature"},{"bbox":[77.0844,52.3231,77.0889,52.3246],"geometry":{"coordinates":[[[77.0889,52.3238],[77.0848,52.3231],[77.0844,52.324],[77.0886,52.3246],[77.0889,52.3238]]],"type":"MultiLineString"},"geometry_name":"shape","id":"gp_red_lines.fid--7752831e_19fb67eabdc_483e","properties":{"area":2.86887124842288,"creation_doc_id":3464,"deactivation_doc_id":null,"id":2511858},"type":"Feature"},{"bbox":[77.0849,52.3221,77.0894,52.3236],"geometry":{"coordinates":[[[77.0894,52.3227],[77.0852,52.3221],[77.0849,52.3229],[77.089,52.3236],[77.0894,52.3227]]],"type":"MultiLineString"},"geometry_name":"shape","id":"gp_red_lines.fid--7752831e_19fb67eabdc_483f","properties":{"area":2.87253783262657,"creation_doc_id":3464,"deactivation_doc_id":null,"id":2511890},"type":"Feature"},{"bbox":[76.9879,52.2779,76.9913,52.2792],"geometry":{"coordinates":[[[76.9913,52.278],[76.988,52.2779],[76.9879,52.2791],[76.9882,52.2791],[76.9912,52.2792],[76.9913,52.278]]],"type":"MultiLineString"},"geometry_name":"shape","id":"gp_red_lines.fid--7752831e_19fb67eabdc_4840","properties":{"area":2.94307678990748,"creation_doc_id":3464,"deactivation_doc_id":null,"id":2512326},"type":"Feature"},{"bbox":[76.9873,52.2847,76.9906,52.2861],"geometry":{"coordinates":[[[76.9906,52.2849],[76.9874,52.2847],[76.9873,52.2859],[76.9898,52.286],[76.9898,52.286],[76.9905,52.2861],[76.9906,52.2849]]],"type":"MultiLineString"},"geometry_name":"shape","id":"gp_red_lines.fid--7752831e_19fb67eabdc_4841","properties":{"area":2.94771047950493,"creation_doc_id":3464,"deactivation_doc_id":null,"id":2512357},"type":"Feature"},{"bbox":[77.0803,52.3213,77.0849,52.3229],"geometry":{"coordinates":[[[77.0849,52.322],[77.0806,52.3213],[77.0803,52.3222],[77.0846,52.3229],[77.0849,52.322]]],"type":"MultiLineString"},"geometry_name":"shape","id":"gp_red_lines.fid--7752831e_19fb67eabdc_4842","properties":{"area":2.97090886032784,"creation_doc_id":3464,"deactivation_doc_id":null,"id":2512509},"type":"Feature"},{"bbox":[77.0798,52.3224,77.0845,52.3239],"geometry":{"coordinates":[[[77.0845,52.3231],[77.0802,52.3224],[77.0798,52.3232],[77.0841,52.3239],[77.0845,52.3231]]],"type":"MultiLineString"},"geometry_name":"shape","id":"gp_red_lines.fid--7752831e_19fb67eabdc_4843","properties":{"area":2.97756880226142,"creation_doc_id":3464,"deactivation_doc_id":null,"id":2512555},"type":"Feature"},{"bbox":[76.9974,52.2745,77.0009,52.2758],"geometry":{"coordinates":[[76.9977,52.2745],[76.9977,52.2746],[76.9976,52.2752],[76.9976,52.2753],[76.9975,52.2754],[76.9975,52.2755],[76.9974,52.2755],[76.9974,52.2757],[77.0008,52.2758],[77.0009,52.2746],[76.9977,52.2745]],"type":"LineString"},"geometry_name":"shape","id":"gp_red_lines.fid--7752831e_19fb67eabdc_4844","properties":{"area":2.97991564610141,"creation_doc_id":3464,"deactivation_doc_id":null,"id":2512577},"type":"Feature"},{"bbox":[76.8455,52.439,76.8485,52.4409],"geometry":{"coordinates":[[[76.8485,52.4394],[76.846,52.439],[76.8455,52.4405],[76.8462,52.4407],[76.8462,52.4407],[76.8463,52.4407],[76.8463,52.4407],[76.848,52.4409],[76.8485,52.4394]]],"type":"MultiLineString"},"geometry_name":"shape","id":"gp_red_lines.fid--7752831e_19fb67eabdc_4845","properties":{"area":3.02850210706962,"creation_doc_id":3464,"deactivation_doc_id":null,"id":2512886},"type":"Feature"},{"bbox":[76.9915,52.278,76.995,52.2793],"geometry":{"coordinates":[[[76.995,52.2785],[76.995,52.2785],[76.995,52.2784],[76.995,52.2783],[76.995,52.2782],[76.995,52.2782],[76.995,52.2781],[76.9916,52.278],[76.9915,52.2792],[76.9938,52.2793],[76.9945,52.2793],[76.9949,52.2793],[76.995,52.2785]]],"type":"MultiLineString"},"geometry_name":"shape","id":"gp_red_lines.fid--7752831e_19fb67eabdc_4846","properties":{"area":3.03998235457713,"creation_doc_id":3464,"deactivation_doc_id":null,"id":2512961},"type":"Feature"},{"bbox":[76.9908,52.2849,76.9943,52.2862],"geometry":{"coordinates":[[[76.9943,52.285],[76.9909,52.2849],[76.9908,52.2861],[76.9942,52.2862],[76.9943,52.285]]],"type":"MultiLineString"},"geometry_name":"shape","id":"gp_red_lines.fid--7752831e_19fb67eabdc_4847","properties":{"area":3.05520199207682,"creation_doc_id":3464,"deactivation_doc_id":null,"id":2513037},"type":"Feature"},{"bbox":[76.9871,52.2861,76.9905,52.2875],"geometry":{"coordinates":[[[76.9905,52.2862],[76.9898,52.2862],[76.9872,52.2861],[76.9871,52.2874],[76.9903,52.2875],[76.9905,52.2862]]],"type":"MultiLineString"},"geometry_name":"shape","id":"gp_red_lines.fid--7752831e_19fb67eabdc_4848","properties":{"area":3.06276554845186,"creation_doc_id":3464,"deactivation_doc_id":null,"id":2513088},"type":"Feature"},{"bbox":[77.0096,52.2857,77.0135,52.287],"geometry":{"coordinates":[[[77.0135,52.2859],[77.0097,52.2857],[77.0096,52.2868],[77.0132,52.287],[77.0135,52.2859]]],"type":"MultiLineString"},"geometry_name":"shape","id":"gp_red_lines.fid--7752831e_19fb67eabdc_4849","properties":{"area":3.1312960287202,"creation_doc_id":3464,"deactivation_doc_id":null,"id":2513444},"type":"Feature"},{"bbox":[76.9906,52.2863,76.9942,52.2876],"geometry":{"coordinates":[[[76.9942,52.2864],[76.9908,52.2863],[76.9906,52.2875],[76.994,52.2876],[76.9942,52.2864]]],"type":"MultiLineString"},"geometry_name":"shape","id":"gp_red_lines.fid--7752831e_19fb67eabdc_484a","properties":{"area":3.23801936220434,"creation_doc_id":3464,"deactivation_doc_id":null,"id":2514022},"type":"Feature"},{"bbox":[76.9985,52.2662,77.0018,52.2677],"geometry":{"coordinates":[[[77.0018,52.2664],[77.0005,52.2663],[77.0005,52.2663],[76.9986,52.2662],[76.9985,52.2676],[76.9988,52.2676],[77.0017,52.2677],[77.0018,52.2664]]],"type":"MultiLineString"},"geometry_name":"shape","id":"gp_red_lines.fid--7752831e_19fb67eabdc_484b","properties":{"area":3.24825601169032,"creation_doc_id":3464,"deactivation_doc_id":null,"id":2514094},"type":"Feature"},{"bbox":[76.9245,52.307,76.928,52.3096],"geometry":{"coordinates":[[[76.928,52.3093],[76.928,52.3089],[76.928,52.3089],[76.928,52.308],[76.928,52.308],[76.928,52.308],[76.928,52.307],[76.9276,52.3073],[76.9274,52.3074],[76.9269,52.3077],[76.9263,52.3081],[76.926,52.3084],[76.9255,52.3087],[76.9245,52.3096],[76.928,52.3093]]],"type":"MultiLineString"},"geometry_name":"shape","id":"gp_red_lines.fid--7752831e_19fb67eabdc_484c","properties":{"area":3.27101485140676,"creation_doc_id":3464,"deactivation_doc_id":null,"id":2514203},"type":"Feature"},{"bbox":[77.0822,52.3165,77.0866,52.3181],"geometry":{"coordinates":[[[77.0866,52.3171],[77.0826,52.3165],[77.0822,52.3175],[77.0862,52.3181],[77.0866,52.3171]]],"type":"MultiLineString"},"geometry_name":"shape","id":"gp_red_lines.fid--7752831e_19fb67eabdc_484d","properties":{"area":3.28048072304469,"creation_doc_id":3464,"deactivation_doc_id":null,"id":2514245},"type":"Feature"},{"bbox":[76.7328,52.2336,76.737,52.2359],"geometry":{"coordinates":[[[76.737,52.235],[76.7338,52.2336],[76.7328,52.2345],[76.736,52.2359],[76.737,52.235]]],"type":"MultiLineString"},"geometry_name":"shape","id":"gp_red_lines.fid--7752831e_19fb67eabdc_484e","properties":{"area":3.31679826470946,"creation_doc_id":3464,"deactivation_doc_id":null,"id":2514430},"type":"Feature"},{"bbox":[76.9874,52.2832,76.9908,52.2847],"geometry":{"coordinates":[[[76.9907,52.2839],[76.9908,52.2833],[76.9881,52.2832],[76.9875,52.2832],[76.9874,52.2845],[76.9906,52.2847],[76.9907,52.2839]]],"type":"MultiLineString"},"geometry_name":"shape","id":"gp_red_lines.fid--7752831e_19fb67eabdc_484f","properties":{"area":3.39796322672045,"creation_doc_id":3464,"deactivation_doc_id":null,"id":2514829},"type":"Feature"},{"bbox":[77.0053,52.2855,77.0094,52.2868],"geometry":{"coordinates":[[[77.0094,52.2857],[77.0059,52.2856],[77.0053,52.2855],[77.0053,52.2867],[77.0093,52.2868],[77.0094,52.2857]]],"type":"MultiLineString"},"geometry_name":"shape","id":"gp_red_lines.fid--7752831e_19fb67eabdc_4850","properties":{"area":3.42512534511794,"creation_doc_id":3464,"deactivation_doc_id":null,"id":2514957},"type":"Feature"},{"bbox":[77.0827,52.3153,77.0872,52.3169],"geometry":{"coordinates":[[[77.0872,52.3158],[77.0846,52.3154],[77.0845,52.3153],[77.0844,52.3153],[77.0843,52.3153],[77.0842,52.3153],[77.0841,52.3153],[77.084,52.3153],[77.0839,52.3153],[77.0839,52.3154],[77.0838,52.3154],[77.0837,52.3154],[77.0836,52.3154],[77.0835,52.3154],[77.0834,52.3155],[77.0834,52.3155],[77.0833,52.3155],[77.0832,52.3156],[77.0832,52.3156],[77.0831,52.3156],[77.083,52.3157],[77.083,52.3157],[77.0829,52.3158],[77.0829,52.3158],[77.0829,52.3159],[77.0827,52.3163],[77.0867,52.3169],[77.0872,52.3158]]],"type":"MultiLineString"},"geometry_name":"shape","id":"gp_red_lines.fid--7752831e_19fb67eabdc_4851","properties":{"area":3.49051190467793,"creation_doc_id":3464,"deactivation_doc_id":null,"id":2515210},"type":"Feature"},{"bbox":[76.9469,52.2969,76.9507,52.2986],"geometry":{"coordinates":[[[76.9506,52.2979],[76.9507,52.297],[76.9506,52.297],[76.9506,52.297],[76.9506,52.297],[76.9471,52.2969],[76.9469,52.2986],[76.9506,52.2979]]],"type":"MultiLineString"},"geometry_name":"shape","id":"gp_red_lines.fid--7752831e_19fb67eabdc_4852","properties":{"area":3.50198032745073,"creation_doc_id":3464,"deactivation_doc_id":null,"id":2515267},"type":"Feature"},{"bbox":[76.8421,52.4385,76.8455,52.4405],"geometry":{"coordinates":[[[76.8455,52.439],[76.8427,52.4385],[76.8421,52.4401],[76.8426,52.4402],[76.8426,52.4402],[76.845,52.4405],[76.8455,52.439]]],"type":"MultiLineString"},"geometry_name":"shape","id":"gp_red_lines.fid--7752831e_19fb67eabdc_4853","properties":{"area":3.50474022768138,"creation_doc_id":3464,"deactivation_doc_id":null,"id":2515282},"type":"Feature"},{"bbox":[77.0059,52.2785,77.01,52.2798],"geometry":{"coordinates":[[[77.01,52.2787],[77.006,52.2785],[77.0059,52.2797],[77.0099,52.2798],[77.01,52.2787]]],"type":"MultiLineString"},"geometry_name":"shape","id":"gp_red_lines.fid--7752831e_19fb67eabdc_4854","properties":{"area":3.51245300049608,"creation_doc_id":3464,"deactivation_doc_id":null,"id":2515309},"type":"Feature"},{"bbox":[76.9834,52.2777,76.9874,52.2791],"geometry":{"coordinates":[[[76.9874,52.2779],[76.9835,52.2777],[76.9834,52.2789],[76.9873,52.2791],[76.9874,52.2779]]],"type":"MultiLineString"},"geometry_name":"shape","id":"gp_red_lines.fid--7752831e_19fb67eabdc_4855","properties":{"area":3.59260879953191,"creation_doc_id":3464,"deactivation_doc_id":null,"id":2515623},"type":"Feature"},{"bbox":[76.9909,52.2833,76.9944,52.2848],"geometry":{"coordinates":[[[76.9944,52.2834],[76.9911,52.2833],[76.991,52.2839],[76.991,52.2839],[76.991,52.2839],[76.9909,52.2847],[76.9943,52.2848],[76.9944,52.2834]]],"type":"MultiLineString"},"geometry_name":"shape","id":"gp_red_lines.fid--7752831e_19fb67eabdc_4856","properties":{"area":3.59540806837531,"creation_doc_id":3464,"deactivation_doc_id":null,"id":2515631},"type":"Feature"},{"bbox":[76.9929,52.2743,76.9971,52.2756],"geometry":{"coordinates":[[[76.9969,52.2754],[76.9969,52.2753],[76.997,52.2753],[76.997,52.2752],[76.997,52.2751],[76.9971,52.2745],[76.9971,52.2745],[76.9971,52.2745],[76.9971,52.2745],[76.9971,52.2745],[76.993,52.2743],[76.9929,52.2755],[76.9967,52.2756],[76.9969,52.2754]]],"type":"MultiLineString"},"geometry_name":"shape","id":"gp_red_lines.fid--7752831e_19fb67eabdc_4857","properties":{"area":3.62073314351432,"creation_doc_id":3464,"deactivation_doc_id":null,"id":2515724},"type":"Feature"},{"bbox":[76.9401,52.2715,76.9419,52.2749],"geometry":{"coordinates":[[[76.9419,52.2716],[76.9405,52.2715],[76.9401,52.2748],[76.9416,52.2749],[76.9419,52.2716]]],"type":"MultiLineString"},"geometry_name":"shape","id":"gp_red_lines.fid--7752831e_19fb67eabdc_4858","properties":{"area":3.63819584778598,"creation_doc_id":3464,"deactivation_doc_id":null,"id":2515800},"type":"Feature"},{"bbox":[77.0921,52.3167,77.0969,52.3183],"geometry":{"coordinates":[[[77.0965,52.3183],[77.0967,52.3183],[77.0969,52.3183],[77.096,52.317],[77.0959,52.317],[77.0959,52.317],[77.0959,52.317],[77.0959,52.317],[77.0958,52.317],[77.0958,52.317],[77.0958,52.317],[77.0958,52.317],[77.0957,52.3171],[77.0957,52.3171],[77.0957,52.3171],[77.0957,52.3171],[77.0956,52.3171],[77.0956,52.3171],[77.0955,52.3171],[77.0955,52.3171],[77.0954,52.3171],[77.0954,52.3171],[77.0954,52.3171],[77.0954,52.3171],[77.0953,52.3171],[77.0953,52.3171],[77.0953,52.3171],[77.0953,52.3171],[77.0952,52.3171],[77.0952,52.3171],[77.0952,52.3171],[77.0952,52.3171],[77.0952,52.3171],[77.0951,52.3171],[77.0951,52.3171],[77.095,52.3171],[77.095,52.3171],[77.0945,52.317],[77.0945,52.317],[77.0945,52.317],[77.0925,52.3167],[77.0921,52.3177],[77.095,52.3182],[77.095,52.3182],[77.095,52.3182],[77.0953,52.3182],[77.0955,52.3183],[77.0958,52.3183],[77.096,52.3183],[77.0962,52.3183],[77.0965,52.3183]]],"type":"MultiLineString"},"geometry_name":"shape","id":"gp_red_lines.fid--7752831e_19fb67eabdc_4859","properties":{"area":3.66083687976595,"creation_doc_id":3464,"deactivation_doc_id":null,"id":2515876},"type":"Feature"},{"bbox":[76.9613,52.2975,76.9643,52.3],"geometry":{"coordinates":[[[76.9643,52.2976],[76.9616,52.2975],[76.9613,52.2997],[76.9627,52.3],[76.9643,52.2976]]],"type":"MultiLineString"},"geometry_name":"shape","id":"gp_red_lines.fid--7752831e_19fb67eabdc_485a","properties":{"area":3.68422553939901,"creation_doc_id":3464,"deactivation_doc_id":null,"id":2515970},"type":"Feature"},{"bbox":[77.0062,52.2748,77.0104,52.2761],"geometry":{"coordinates":[[[77.0104,52.2749],[77.0063,52.2748],[77.0062,52.276],[77.0103,52.2761],[77.0104,52.2749]]],"type":"MultiLineString"},"geometry_name":"shape","id":"gp_red_lines.fid--7752831e_19fb67eabdc_485b","properties":{"area":3.71112463769269,"creation_doc_id":3464,"deactivation_doc_id":null,"id":2516087},"type":"Feature"},{"bbox":[76.9826,52.2845,76.9868,52.2859],"geometry":{"coordinates":[[[76.9868,52.2847],[76.9868,52.2847],[76.9828,52.2845],[76.9828,52.2845],[76.9827,52.2845],[76.9826,52.2858],[76.9866,52.2859],[76.9868,52.2847]]],"type":"MultiLineString"},"geometry_name":"shape","id":"gp_red_lines.fid--7752831e_19fb67eabdc_485c","properties":{"area":3.74682074599052,"creation_doc_id":3464,"deactivation_doc_id":null,"id":2516213},"type":"Feature"},{"bbox":[76.9386,52.2867,76.9404,52.2901],"geometry":{"coordinates":[[[76.9404,52.2867],[76.939,52.2867],[76.9386,52.2901],[76.9401,52.2901],[76.9404,52.2867]]],"type":"MultiLineString"},"geometry_name":"shape","id":"gp_red_lines.fid--7752831e_19fb67eabdc_485d","properties":{"area":3.76833468486356,"creation_doc_id":3464,"deactivation_doc_id":null,"id":2516298},"type":"Feature"},{"bbox":[76.9883,52.2742,76.9927,52.2755],"geometry":{"coordinates":[[[76.9927,52.2743],[76.9884,52.2742],[76.9883,52.2753],[76.9926,52.2755],[76.9927,52.2743]]],"type":"MultiLineString"},"geometry_name":"shape","id":"gp_red_lines.fid--7752831e_19fb67eabdc_485e","properties":{"area":3.79714862818941,"creation_doc_id":3464,"deactivation_doc_id":null,"id":2516399},"type":"Feature"},{"bbox":[76.9875,52.2815,76.9909,52.2831],"geometry":{"coordinates":[[[76.9909,52.2816],[76.9907,52.2816],[76.9907,52.2816],[76.9906,52.2816],[76.9906,52.2816],[76.99,52.2816],[76.9877,52.2815],[76.9875,52.283],[76.9875,52.283],[76.9876,52.283],[76.9883,52.283],[76.9908,52.2831],[76.9909,52.2816]]],"type":"MultiLineString"},"geometry_name":"shape","id":"gp_red_lines.fid--7752831e_19fb67eabdc_485f","properties":{"area":3.80481380855877,"creation_doc_id":3464,"deactivation_doc_id":null,"id":2516430},"type":"Feature"},{"bbox":[76.9392,52.2809,76.941,52.2845],"geometry":{"coordinates":[[[76.941,52.281],[76.9395,52.2809],[76.9392,52.2845],[76.9406,52.2845],[76.941,52.281]]],"type":"MultiLineString"},"geometry_name":"shape","id":"gp_red_lines.fid--7752831e_19fb67eabdc_4860","properties":{"area":3.81465220163798,"creation_doc_id":3464,"deactivation_doc_id":null,"id":2516475},"type":"Feature"},{"bbox":[77.0865,52.3171,77.0915,52.3189],"geometry":{"coordinates":[[[77.0915,52.3179],[77.0869,52.3171],[77.0865,52.3182],[77.0911,52.3189],[77.0915,52.3179]]],"type":"MultiLineString"},"geometry_name":"shape","id":"gp_red_lines.fid--7752831e_19fb67eabdc_4861","properties":{"area":3.82537807933609,"creation_doc_id":3464,"deactivation_doc_id":null,"id":2516516},"type":"Feature"},{"bbox":[76.9825,52.2859,76.9866,52.2873],"geometry":{"coordinates":[[[76.9866,52.2861],[76.9826,52.2859],[76.9825,52.2872],[76.9865,52.2873],[76.9866,52.2861]]],"type":"MultiLineString"},"geometry_name":"shape","id":"gp_red_lines.fid--7752831e_19fb67eabdc_4862","properties":{"area":3.85478306258768,"creation_doc_id":3464,"deactivation_doc_id":null,"id":2516639},"type":"Feature"},{"bbox":[76.9911,52.2816,76.9946,52.2833],"geometry":{"coordinates":[[[76.9946,52.2817],[76.9912,52.2816],[76.9911,52.2831],[76.9945,52.2833],[76.9946,52.2817]]],"type":"MultiLineString"},"geometry_name":"shape","id":"gp_red_lines.fid--7752831e_19fb67eabdc_4863","properties":{"area":3.9337243447652,"creation_doc_id":3464,"deactivation_doc_id":null,"id":2516959},"type":"Feature"},{"bbox":[76.7378,52.2336,76.7419,52.2361],"geometry":{"coordinates":[[[76.7419,52.2349],[76.7391,52.2336],[76.7378,52.2349],[76.7406,52.2361],[76.7419,52.2349]]],"type":"MultiLineString"},"geometry_name":"shape","id":"gp_red_lines.fid--7752831e_19fb67eabdc_4864","properties":{"area":3.93911926873513,"creation_doc_id":3464,"deactivation_doc_id":null,"id":2516981},"type":"Feature"},{"bbox":[76.9405,52.2674,76.9423,52.2711],"geometry":{"coordinates":[[[76.9423,52.2675],[76.9409,52.2674],[76.9405,52.271],[76.9419,52.2711],[76.9423,52.2675]]],"type":"MultiLineString"},"geometry_name":"shape","id":"gp_red_lines.fid--7752831e_19fb67eabdc_4865","properties":{"area":3.97427235578418,"creation_doc_id":3464,"deactivation_doc_id":null,"id":2517096},"type":"Feature"},{"bbox":[76.8375,52.4603,76.8408,52.4626],"geometry":{"coordinates":[[[76.8403,52.4622],[76.8403,52.4622],[76.8403,52.4622],[76.8403,52.4622],[76.8403,52.4621],[76.8403,52.4621],[76.8408,52.4606],[76.8382,52.4603],[76.8375,52.4622],[76.8401,52.4626],[76.8403,52.4622]]],"type":"MultiLineString"},"geometry_name":"shape","id":"gp_red_lines.fid--7752831e_19fb67eabdc_4866","properties":{"area":4.00096844084908,"creation_doc_id":3464,"deactivation_doc_id":null,"id":2517208},"type":"Feature"},{"bbox":[77.0102,52.2787,77.0149,52.28],"geometry":{"coordinates":[[[77.0149,52.2789],[77.0103,52.2787],[77.0102,52.2799],[77.0148,52.28],[77.0149,52.2789]]],"type":"MultiLineString"},"geometry_name":"shape","id":"gp_red_lines.fid--7752831e_19fb67eabdc_4867","properties":{"area":4.05425849982863,"creation_doc_id":3464,"deactivation_doc_id":null,"id":2517395},"type":"Feature"},{"bbox":[77.087,52.3158,77.0921,52.3177],"geometry":{"coordinates":[[[77.0921,52.3166],[77.0875,52.3158],[77.087,52.317],[77.0916,52.3177],[77.0921,52.3166]]],"type":"MultiLineString"},"geometry_name":"shape","id":"gp_red_lines.fid--7752831e_19fb67eabdc_4868","properties":{"area":4.08795547144458,"creation_doc_id":3464,"deactivation_doc_id":null,"id":2517491},"type":"Feature"},{"bbox":[77.0007,52.2784,77.0055,52.2797],"geometry":{"coordinates":[[[77.0055,52.2785],[77.0008,52.2784],[77.0007,52.2795],[77.0054,52.2797],[77.0055,52.2785]]],"type":"MultiLineString"},"geometry_name":"shape","id":"gp_red_lines.fid--7752831e_19fb67eabdc_4869","properties":{"area":4.10005579992423,"creation_doc_id":3464,"deactivation_doc_id":null,"id":2517529},"type":"Feature"},{"bbox":[77.0011,52.2746,77.0058,52.276],"geometry":{"coordinates":[[[77.0058,52.2748],[77.0012,52.2746],[77.0011,52.2758],[77.0057,52.276],[77.0058,52.2748]]],"type":"MultiLineString"},"geometry_name":"shape","id":"gp_red_lines.fid--7752831e_19fb67eabdc_486a","properties":{"area":4.12742688332525,"creation_doc_id":3464,"deactivation_doc_id":null,"id":2517603},"type":"Feature"},{"bbox":[77.0069,52.2666,77.0111,52.2681],"geometry":{"coordinates":[[[77.0111,52.2667],[77.011,52.2667],[77.0107,52.2667],[77.0095,52.2667],[77.007,52.2666],[77.0069,52.2679],[77.0106,52.268],[77.0106,52.268],[77.0106,52.2681],[77.0109,52.2681],[77.011,52.2681],[77.0111,52.2667]]],"type":"MultiLineString"},"geometry_name":"shape","id":"gp_red_lines.fid--7752831e_19fb67eabdc_486b","properties":{"area":4.18852481358214,"creation_doc_id":3464,"deactivation_doc_id":null,"id":2517766},"type":"Feature"},{"bbox":[77.0106,52.2749,77.0152,52.2763],"geometry":{"coordinates":[[[77.0152,52.2751],[77.0107,52.2749],[77.0106,52.2761],[77.0151,52.2763],[77.0152,52.2751]]],"type":"MultiLineString"},"geometry_name":"shape","id":"gp_red_lines.fid--7752831e_19fb67eabdc_486c","properties":{"area":4.21947614163267,"creation_doc_id":3464,"deactivation_doc_id":null,"id":2517873},"type":"Feature"},{"bbox":[76.7399,52.2449,76.7438,52.2474],"geometry":{"coordinates":[[[76.7438,52.2456],[76.7412,52.2449],[76.7399,52.2467],[76.7424,52.2474],[76.7438,52.2456]]],"type":"MultiLineString"},"geometry_name":"shape","id":"gp_red_lines.fid--7752831e_19fb67eabdc_486d","properties":{"area":4.23893459507882,"creation_doc_id":3464,"deactivation_doc_id":null,"id":2517925},"type":"Feature"},{"bbox":[77.0962,52.3158,77.1,52.3182],"geometry":{"coordinates":[[[77.0972,52.3182],[77.0974,52.3182],[77.0977,52.3181],[77.0979,52.318],[77.0981,52.318],[77.0983,52.3179],[77.0985,52.3178],[77.0987,52.3177],[77.0989,52.3176],[77.099,52.3175],[77.0992,52.3174],[77.0993,52.3173],[77.0994,52.3172],[77.0995,52.3171],[77.0996,52.317],[77.1,52.316],[77.0988,52.3158],[77.0987,52.3158],[77.0986,52.3158],[77.0985,52.3158],[77.0984,52.3158],[77.0983,52.3158],[77.0982,52.3158],[77.0981,52.3158],[77.0981,52.3158],[77.098,52.3158],[77.0979,52.3158],[77.0978,52.3159],[77.0977,52.3159],[77.0976,52.3159],[77.0976,52.3159],[77.0975,52.316],[77.0974,52.316],[77.0974,52.316],[77.0973,52.3161],[77.0972,52.3161],[77.0972,52.3162],[77.0971,52.3162],[77.0971,52.3163],[77.0971,52.3163],[77.097,52.3164],[77.097,52.3164],[77.097,52.3164],[77.097,52.3164],[77.097,52.3165],[77.097,52.3165],[77.097,52.3165],[77.097,52.3165],[77.0969,52.3165],[77.0969,52.3165],[77.0969,52.3165],[77.0969,52.3165],[77.0969,52.3165],[77.0969,52.3165],[77.0969,52.3165],[77.0968,52.3166],[77.0968,52.3166],[77.0968,52.3166],[77.0968,52.3166],[77.0968,52.3166],[77.0968,52.3166],[77.0968,52.3166],[77.0968,52.3166],[77.0967,52.3167],[77.0967,52.3167],[77.0967,52.3167],[77.0967,52.3167],[77.0966,52.3167],[77.0966,52.3167],[77.0966,52.3168],[77.0966,52.3168],[77.0965,52.3168],[77.0965,52.3168],[77.0965,52.3168],[77.0965,52.3168],[77.0964,52.3168],[77.0964,52.3168],[77.0964,52.3168],[77.0964,52.3168],[77.0963,52.3169],[77.0963,52.3169],[77.0963,52.3169],[77.0963,52.3169],[77.0962,52.3169],[77.0972,52.3182],[77.0972,52.3182]]],"type":"MultiLineString"},"geometry_name":"shape","id":"gp_red_lines.fid--7752831e_19fb67eabdc_486e","properties":{"area":4.31461338492177,"creation_doc_id":3464,"deactivation_doc_id":null,"id":2518131},"type":"Feature"},{"bbox":[77,52.2853,77.0051,52.2866],"geometry":{"coordinates":[[[77.0051,52.2855],[77.0001,52.2853],[77.0,52.2865],[77.005,52.2866],[77.0051,52.2855]]],"type":"MultiLineString"},"geometry_name":"shape","id":"gp_red_lines.fid--7752831e_19fb67eabdc_486f","properties":{"area":4.32299886539128,"creation_doc_id":3464,"deactivation_doc_id":null,"id":2518163},"type":"Feature"},{"bbox":[76.9891,52.2658,76.9934,52.2674],"geometry":{"coordinates":[[[76.9934,52.266],[76.9912,52.2659],[76.9892,52.2658],[76.9891,52.2672],[76.9933,52.2674],[76.9934,52.266]]],"type":"MultiLineString"},"geometry_name":"shape","id":"gp_red_lines.fid--7752831e_19fb67eabdc_4870","properties":{"area":4.33505261331504,"creation_doc_id":3464,"deactivation_doc_id":null,"id":2518193},"type":"Feature"},{"bbox":[76.9948,52.2851,76.9998,52.2864],"geometry":{"coordinates":[[[76.9998,52.2853],[76.9949,52.2851],[76.9948,52.2862],[76.9961,52.2863],[76.9997,52.2864],[76.9998,52.2853]]],"type":"MultiLineString"},"geometry_name":"shape","id":"gp_red_lines.fid--7752831e_19fb67eabdc_4871","properties":{"area":4.34812093614308,"creation_doc_id":3464,"deactivation_doc_id":null,"id":2518228},"type":"Feature"},{"bbox":[76.9936,52.266,76.998,52.2675],"geometry":{"coordinates":[[[76.998,52.2662],[76.9977,52.2662],[76.9977,52.2662],[76.9977,52.2662],[76.9937,52.266],[76.9936,52.2674],[76.9971,52.2675],[76.9979,52.2675],[76.998,52.2662]]],"type":"MultiLineString"},"geometry_name":"shape","id":"gp_red_lines.fid--7752831e_19fb67eabdc_4872","properties":{"area":4.3564879828909,"creation_doc_id":3464,"deactivation_doc_id":null,"id":2518255},"type":"Feature"},{"bbox":[77.002,52.2664,77.0064,52.2679],"geometry":{"coordinates":[[[77.0064,52.2666],[77.0034,52.2664],[77.0021,52.2664],[77.002,52.2677],[77.0063,52.2679],[77.0064,52.2666]]],"type":"MultiLineString"},"geometry_name":"shape","id":"gp_red_lines.fid--7752831e_19fb67eabdc_4873","properties":{"area":4.39138404732675,"creation_doc_id":3464,"deactivation_doc_id":null,"id":2518343},"type":"Feature"},{"bbox":[76.9955,52.2782,77.0005,52.2795],"geometry":{"coordinates":[[[77.0005,52.2783],[76.9957,52.2782],[76.9956,52.2782],[76.9956,52.2783],[76.9956,52.2784],[76.9955,52.2785],[76.9955,52.2793],[77.0004,52.2795],[77.0005,52.2783]]],"type":"MultiLineString"},"geometry_name":"shape","id":"gp_red_lines.fid--7752831e_19fb67eabdc_4874","properties":{"area":4.39955640024979,"creation_doc_id":3464,"deactivation_doc_id":null,"id":2518363},"type":"Feature"},{"bbox":[77.0113,52.2668,77.0158,52.2683],"geometry":{"coordinates":[[[77.0158,52.2669],[77.0146,52.2669],[77.0146,52.2669],[77.0114,52.2668],[77.0113,52.2681],[77.0157,52.2683],[77.0158,52.2669]]],"type":"MultiLineString"},"geometry_name":"shape","id":"gp_red_lines.fid--7752831e_19fb67eabdc_4875","properties":{"area":4.40054912852149,"creation_doc_id":3464,"deactivation_doc_id":null,"id":2518367},"type":"Feature"},{"bbox":[76.9877,52.2793,76.9912,52.2812],"geometry":{"coordinates":[[[76.9912,52.2794],[76.9882,52.2793],[76.9879,52.2793],[76.9877,52.2811],[76.9905,52.2812],[76.9906,52.2812],[76.991,52.2812],[76.9912,52.2794]]],"type":"MultiLineString"},"geometry_name":"shape","id":"gp_red_lines.fid--7752831e_19fb67eabdc_4876","properties":{"area":4.57100161320187,"creation_doc_id":3464,"deactivation_doc_id":null,"id":2518827},"type":"Feature"},{"bbox":[76.728,52.2316,76.7334,52.2344],"geometry":{"coordinates":[[[76.7334,52.2334],[76.7291,52.2316],[76.728,52.2325],[76.7324,52.2344],[76.7334,52.2334]]],"type":"MultiLineString"},"geometry_name":"shape","id":"gp_red_lines.fid--7752831e_19fb67eabdc_4877","properties":{"area":4.57253669778661,"creation_doc_id":3464,"deactivation_doc_id":null,"id":2518832},"type":"Feature"},{"bbox":[76.998,52.2698,77.0014,52.2718],"geometry":{"coordinates":[[[77.0014,52.27],[76.9982,52.2698],[76.998,52.2717],[76.998,52.2717],[77.0012,52.2718],[77.0014,52.27]]],"type":"MultiLineString"},"geometry_name":"shape","id":"gp_red_lines.fid--7752831e_19fb67eabdc_4878","properties":{"area":4.59250319927611,"creation_doc_id":3464,"deactivation_doc_id":null,"id":2518880},"type":"Feature"},{"bbox":[76.9982,52.2678,77.0016,52.2698],"geometry":{"coordinates":[[[77.0016,52.2679],[76.9987,52.2678],[76.9984,52.2678],[76.9982,52.2697],[77.0014,52.2698],[77.0016,52.2679]]],"type":"MultiLineString"},"geometry_name":"shape","id":"gp_red_lines.fid--7752831e_19fb67eabdc_4879","properties":{"area":4.65495985065525,"creation_doc_id":3464,"deactivation_doc_id":null,"id":2519016},"type":"Feature"},{"bbox":[77.0054,52.2838,77.0095,52.2855],"geometry":{"coordinates":[[[77.0095,52.284],[77.0055,52.2838],[77.0054,52.2853],[77.006,52.2854],[77.0094,52.2855],[77.0095,52.284]]],"type":"MultiLineString"},"geometry_name":"shape","id":"gp_red_lines.fid--7752831e_19fb67eabdc_487a","properties":{"area":4.67340735085317,"creation_doc_id":3464,"deactivation_doc_id":null,"id":2519076},"type":"Feature"},{"bbox":[76.9947,52.2864,76.9997,52.288],"geometry":{"coordinates":[[[76.9997,52.2866],[76.9961,52.2865],[76.9961,52.2865],[76.9948,52.2864],[76.9947,52.2877],[76.996,52.2877],[76.9978,52.2878],[76.9978,52.2878],[76.9995,52.288],[76.9997,52.2866]]],"type":"MultiLineString"},"geometry_name":"shape","id":"gp_red_lines.fid--7752831e_19fb67eabdc_487b","properties":{"area":4.67565709990802,"creation_doc_id":3464,"deactivation_doc_id":null,"id":2519080},"type":"Feature"},{"bbox":[76.7341,52.232,76.7387,52.2347],"geometry":{"coordinates":[[[76.7387,52.2334],[76.7355,52.232],[76.7341,52.2333],[76.7373,52.2347],[76.7387,52.2334]]],"type":"MultiLineString"},"geometry_name":"shape","id":"gp_red_lines.fid--7752831e_19fb67eabdc_487c","properties":{"area":4.6879805817038,"creation_doc_id":3464,"deactivation_doc_id":null,"id":2519113},"type":"Feature"},{"bbox":[76.9479,52.2851,76.9519,52.2869],"geometry":{"coordinates":[[[76.9519,52.2852],[76.948,52.2851],[76.948,52.2852],[76.948,52.2852],[76.948,52.2852],[76.9479,52.2867],[76.9517,52.2869],[76.9519,52.2852]]],"type":"MultiLineString"},"geometry_name":"shape","id":"gp_red_lines.fid--7752831e_19fb67eabdc_487d","properties":{"area":4.7122960023058,"creation_doc_id":3464,"deactivation_doc_id":null,"id":2519186},"type":"Feature"},{"bbox":[77.0055,52.2821,77.0097,52.2838],"geometry":{"coordinates":[[[77.0097,52.2823],[77.0063,52.2821],[77.0057,52.2821],[77.0056,52.2821],[77.0055,52.2837],[77.0096,52.2838],[77.0097,52.2823]]],"type":"MultiLineString"},"geometry_name":"shape","id":"gp_red_lines.fid--7752831e_19fb67eabdc_487e","properties":{"area":4.7700491492093,"creation_doc_id":3464,"deactivation_doc_id":null,"id":2519307},"type":"Feature"},{"bbox":[76.9913,52.2794,76.9949,52.2813],"geometry":{"coordinates":[[[76.9949,52.2795],[76.9943,52.2795],[76.9936,52.2795],[76.9915,52.2794],[76.9913,52.2812],[76.9916,52.2812],[76.9947,52.2813],[76.9949,52.2795]]],"type":"MultiLineString"},"geometry_name":"shape","id":"gp_red_lines.fid--7752831e_19fb67eabdc_487f","properties":{"area":4.7730397372656,"creation_doc_id":3464,"deactivation_doc_id":null,"id":2519313},"type":"Feature"},{"bbox":[77.0097,52.284,77.0141,52.2857],"geometry":{"coordinates":[[[77.0141,52.2841],[77.0098,52.284],[77.0097,52.2855],[77.0136,52.2857],[77.0141,52.2841]]],"type":"MultiLineString"},"geometry_name":"shape","id":"gp_red_lines.fid--7752831e_19fb67eabdc_4880","properties":{"area":4.81436442916671,"creation_doc_id":3464,"deactivation_doc_id":null,"id":2519415},"type":"Feature"},{"bbox":[76.9371,52.2713,76.9399,52.2748],"geometry":{"coordinates":[[[76.9399,52.2715],[76.9381,52.2713],[76.938,52.2737],[76.938,52.2737],[76.938,52.2737],[76.9371,52.2743],[76.9377,52.2747],[76.9396,52.2748],[76.9399,52.2715]]],"type":"MultiLineString"},"geometry_name":"shape","id":"gp_red_lines.fid--7752831e_19fb67eabdc_4881","properties":{"area":4.8144605853669,"creation_doc_id":3464,"deactivation_doc_id":null,"id":2519416},"type":"Feature"},{"bbox":[76.9382,52.2673,76.9403,52.271],"geometry":{"coordinates":[[[76.9403,52.2674],[76.9386,52.2673],[76.9382,52.2709],[76.94,52.271],[76.9403,52.2674]]],"type":"MultiLineString"},"geometry_name":"shape","id":"gp_red_lines.fid--7752831e_19fb67eabdc_4882","properties":{"area":4.90746277692695,"creation_doc_id":3464,"deactivation_doc_id":null,"id":2519612},"type":"Feature"},{"bbox":[76.7429,52.2458,76.7468,52.249],"geometry":{"coordinates":[[[76.7468,52.2481],[76.7446,52.2459],[76.7442,52.2458],[76.7429,52.2477],[76.7443,52.249],[76.7468,52.2481]]],"type":"MultiLineString"},"geometry_name":"shape","id":"gp_red_lines.fid--7752831e_19fb67eabdc_4883","properties":{"area":4.95234115558701,"creation_doc_id":3464,"deactivation_doc_id":null,"id":2519710},"type":"Feature"},{"bbox":[77.0915,52.3179,77.0978,52.3197],"geometry":{"coordinates":[[[77.0969,52.3197],[77.0971,52.3197],[77.0973,52.3197],[77.0976,52.3197],[77.0978,52.3196],[77.0978,52.3196],[77.097,52.3184],[77.0968,52.3185],[77.0968,52.3185],[77.0968,52.3185],[77.0968,52.3185],[77.0965,52.3185],[77.0965,52.3185],[77.0965,52.3185],[77.0965,52.3185],[77.0963,52.3185],[77.0963,52.3185],[77.0962,52.3185],[77.0962,52.3185],[77.096,52.3185],[77.096,52.3185],[77.096,52.3185],[77.096,52.3185],[77.096,52.3185],[77.096,52.3185],[77.0957,52.3185],[77.0957,52.3185],[77.0957,52.3185],[77.0957,52.3185],[77.0955,52.3185],[77.0955,52.3185],[77.0955,52.3185],[77.0955,52.3185],[77.0952,52.3184],[77.0952,52.3184],[77.0952,52.3184],[77.0952,52.3184],[77.095,52.3184],[77.092,52.3179],[77.0915,52.319],[77.0962,52.3197],[77.0964,52.3197],[77.0966,52.3197],[77.0969,52.3197]]],"type":"MultiLineString"},"geometry_name":"shape","id":"gp_red_lines.fid--7752831e_19fb67eabdc_4884","properties":{"area":5.01123935550394,"creation_doc_id":3464,"deactivation_doc_id":null,"id":2519814},"type":"Feature"},{"bbox":[77.0099,52.2823,77.0146,52.284],"geometry":{"coordinates":[[[77.0146,52.2824],[77.01,52.2823],[77.0099,52.2838],[77.0141,52.284],[77.0146,52.2824]]],"type":"MultiLineString"},"geometry_name":"shape","id":"gp_red_lines.fid--7752831e_19fb67eabdc_4885","properties":{"area":5.21894167614301,"creation_doc_id":3464,"deactivation_doc_id":null,"id":2520223},"type":"Feature"},{"bbox":[76.9949,52.2835,77,52.2851],"geometry":{"coordinates":[[[77.0,52.2836],[76.9951,52.2835],[76.9949,52.2849],[76.9998,52.2851],[77.0,52.2836]]],"type":"MultiLineString"},"geometry_name":"shape","id":"gp_red_lines.fid--7752831e_19fb67eabdc_4886","properties":{"area":5.37919932866846,"creation_doc_id":3464,"deactivation_doc_id":null,"id":2520545},"type":"Feature"},{"bbox":[76.9831,52.2791,76.9873,52.2811],"geometry":{"coordinates":[[[76.9873,52.2792],[76.9833,52.2791],[76.9832,52.2805],[76.9832,52.2805],[76.9831,52.2809],[76.9871,52.2811],[76.9871,52.2811],[76.9871,52.2811],[76.9871,52.2811],[76.9873,52.2792]]],"type":"MultiLineString"},"geometry_name":"shape","id":"gp_red_lines.fid--7752831e_19fb67eabdc_4887","properties":{"area":5.51374344820887,"creation_doc_id":3464,"deactivation_doc_id":null,"id":2520803},"type":"Feature"},{"bbox":[77.0001,52.2836,77.0052,52.2853],"geometry":{"coordinates":[[[77.0052,52.2838],[77.0003,52.2836],[77.0001,52.2851],[77.0051,52.2853],[77.0052,52.2838]]],"type":"MultiLineString"},"geometry_name":"shape","id":"gp_red_lines.fid--7752831e_19fb67eabdc_4888","properties":{"area":5.55521738804127,"creation_doc_id":3464,"deactivation_doc_id":null,"id":2520868},"type":"Feature"},{"bbox":[76.9977,52.2721,77.0012,52.2744],"geometry":{"coordinates":[[[77.0012,52.2722],[76.9979,52.2721],[76.9979,52.2721],[76.9977,52.2743],[77.001,52.2744],[77.0012,52.2722]]],"type":"MultiLineString"},"geometry_name":"shape","id":"gp_red_lines.fid--7752831e_19fb67eabdc_4889","properties":{"area":5.57671937814873,"creation_doc_id":3464,"deactivation_doc_id":null,"id":2520909},"type":"Feature"},{"bbox":[77.0058,52.2799,77.0099,52.2819],"geometry":{"coordinates":[[[77.0099,52.28],[77.0059,52.2799],[77.0058,52.2817],[77.0097,52.2819],[77.0099,52.28]]],"type":"MultiLineString"},"geometry_name":"shape","id":"gp_red_lines.fid--7752831e_19fb67eabdc_488a","properties":{"area":5.63664602871394,"creation_doc_id":3464,"deactivation_doc_id":null,"id":2521022},"type":"Feature"},{"bbox":[77.0973,52.316,77.1022,52.3196],"geometry":{"coordinates":[[[77.0982,52.3195],[77.1006,52.3186],[77.1008,52.3185],[77.1009,52.3185],[77.101,52.3184],[77.1012,52.3183],[77.1013,52.3182],[77.1014,52.3181],[77.1015,52.318],[77.1015,52.3179],[77.1016,52.3178],[77.1017,52.3177],[77.1022,52.3163],[77.1003,52.316],[77.0999,52.317],[77.0999,52.317],[77.0999,52.317],[77.0999,52.317],[77.0998,52.3172],[77.0998,52.3172],[77.0998,52.3172],[77.0998,52.3172],[77.0997,52.3173],[77.0997,52.3173],[77.0997,52.3173],[77.0997,52.3173],[77.0997,52.3173],[77.0997,52.3173],[77.0997,52.3173],[77.0996,52.3174],[77.0996,52.3174],[77.0996,52.3174],[77.0996,52.3174],[77.0995,52.3175],[77.0995,52.3175],[77.0995,52.3175],[77.0995,52.3175],[77.0993,52.3176],[77.0993,52.3176],[77.0993,52.3176],[77.0993,52.3176],[77.0991,52.3177],[77.0991,52.3177],[77.0991,52.3177],[77.0991,52.3177],[77.0989,52.3179],[77.0989,52.3179],[77.0989,52.3179],[77.0989,52.3179],[77.0987,52.318],[77.0987,52.318],[77.0987,52.318],[77.0987,52.318],[77.0985,52.3181],[77.0985,52.3181],[77.0985,52.3181],[77.0985,52.3181],[77.0983,52.3181],[77.0983,52.3181],[77.0983,52.3181],[77.0983,52.3181],[77.0983,52.3181],[77.0983,52.3181],[77.0983,52.3181],[77.098,52.3182],[77.098,52.3182],[77.098,52.3182],[77.098,52.3182],[77.0978,52.3183],[77.0978,52.3183],[77.0978,52.3183],[77.0978,52.3183],[77.0976,52.3183],[77.0976,52.3183],[77.0975,52.3183],[77.0975,52.3183],[77.0973,52.3184],[77.0981,52.3196],[77.0982,52.3195]]],"type":"MultiLineString"},"geometry_name":"shape","id":"gp_red_lines.fid--7752831e_19fb67eabdc_488b","properties":{"area":5.65230934697502,"creation_doc_id":3464,"deactivation_doc_id":null,"id":2521046},"type":"Feature"},{"bbox":[77.0003,52.2819,77.0053,52.2836],"geometry":{"coordinates":[[[77.0053,52.2821],[77.0005,52.2819],[77.0003,52.2835],[77.0052,52.2836],[77.0053,52.2821]]],"type":"MultiLineString"},"geometry_name":"shape","id":"gp_red_lines.fid--7752831e_19fb67eabdc_488c","properties":{"area":5.71647747066797,"creation_doc_id":3464,"deactivation_doc_id":null,"id":2521126},"type":"Feature"},{"bbox":[76.7634,52.2618,76.769,52.2648],"geometry":{"coordinates":[[[76.769,52.2635],[76.7644,52.2618],[76.7634,52.2632],[76.7678,52.2648],[76.769,52.2635]]],"type":"MultiLineString"},"geometry_name":"shape","id":"gp_red_lines.fid--7752831e_19fb67eabdc_488d","properties":{"area":5.71975912752282,"creation_doc_id":3464,"deactivation_doc_id":null,"id":2521130},"type":"Feature"},{"bbox":[76.9951,52.2817,77.0002,52.2835],"geometry":{"coordinates":[[[77.0002,52.2819],[76.9952,52.2817],[76.9951,52.2833],[77.0,52.2835],[77.0002,52.2819]]],"type":"MultiLineString"},"geometry_name":"shape","id":"gp_red_lines.fid--7752831e_19fb67eabdc_488e","properties":{"area":5.76459696799534,"creation_doc_id":3464,"deactivation_doc_id":null,"id":2521201},"type":"Feature"},{"bbox":[77.0066,52.2702,77.0108,52.2722],"geometry":{"coordinates":[[[77.0108,52.2703],[77.0067,52.2702],[77.0066,52.272],[77.0103,52.2722],[77.0106,52.2722],[77.0106,52.2722],[77.0108,52.2703]]],"type":"MultiLineString"},"geometry_name":"shape","id":"gp_red_lines.fid--7752831e_19fb67eabdc_488f","properties":{"area":5.81831218835179,"creation_doc_id":3464,"deactivation_doc_id":null,"id":2521283},"type":"Feature"},{"bbox":[76.9396,52.2753,76.9415,52.2807],"geometry":{"coordinates":[[[76.9413,52.2786],[76.9413,52.2776],[76.9415,52.2753],[76.9401,52.2753],[76.9398,52.2786],[76.9398,52.2786],[76.9397,52.2795],[76.9397,52.2795],[76.9396,52.2806],[76.941,52.2807],[76.9413,52.2786]]],"type":"MultiLineString"},"geometry_name":"shape","id":"gp_red_lines.fid--7752831e_19fb67eabdc_4890","properties":{"area":5.88668029529131,"creation_doc_id":3464,"deactivation_doc_id":null,"id":2521394},"type":"Feature"},{"bbox":[77.0067,52.2681,77.011,52.2701],"geometry":{"coordinates":[[[77.011,52.2683],[77.0109,52.2683],[77.0109,52.2683],[77.0109,52.2683],[77.0106,52.2682],[77.0069,52.2681],[77.0067,52.27],[77.0108,52.2701],[77.011,52.2683]]],"type":"MultiLineString"},"geometry_name":"shape","id":"gp_red_lines.fid--7752831e_19fb67eabdc_4891","properties":{"area":5.90610596821973,"creation_doc_id":3464,"deactivation_doc_id":null,"id":2521423},"type":"Feature"},{"bbox":[76.9932,52.2696,76.9976,52.2717],"geometry":{"coordinates":[[[76.9976,52.2698],[76.9934,52.2696],[76.9932,52.2715],[76.9974,52.2717],[76.9974,52.2717],[76.9976,52.2698]]],"type":"MultiLineString"},"geometry_name":"shape","id":"gp_red_lines.fid--7752831e_19fb67eabdc_4892","properties":{"area":5.91373297246886,"creation_doc_id":3464,"deactivation_doc_id":null,"id":2521432},"type":"Feature"},{"bbox":[76.9887,52.2695,76.9931,52.2715],"geometry":{"coordinates":[[[76.9931,52.2696],[76.9889,52.2695],[76.9887,52.2713],[76.9929,52.2715],[76.9931,52.2696]]],"type":"MultiLineString"},"geometry_name":"shape","id":"gp_red_lines.fid--7752831e_19fb67eabdc_4893","properties":{"area":6.00923699397209,"creation_doc_id":3464,"deactivation_doc_id":null,"id":2521556},"type":"Feature"},{"bbox":[76.9934,52.2676,76.9978,52.2696],"geometry":{"coordinates":[[[76.9978,52.2677],[76.997,52.2677],[76.9936,52.2676],[76.9934,52.2695],[76.9976,52.2696],[76.9978,52.2677]]],"type":"MultiLineString"},"geometry_name":"shape","id":"gp_red_lines.fid--7752831e_19fb67eabdc_4894","properties":{"area":6.13439335358314,"creation_doc_id":3464,"deactivation_doc_id":null,"id":2521739},"type":"Feature"},{"bbox":[76.9889,52.2674,76.9933,52.2695],"geometry":{"coordinates":[[[76.9933,52.2676],[76.9891,52.2674],[76.9889,52.2693],[76.9931,52.2695],[76.9933,52.2676]]],"type":"MultiLineString"},"geometry_name":"shape","id":"gp_red_lines.fid--7752831e_19fb67eabdc_4895","properties":{"area":6.17544368672687,"creation_doc_id":3464,"deactivation_doc_id":null,"id":2521802},"type":"Feature"},{"bbox":[76.7646,52.2602,76.7705,52.2633],"geometry":{"coordinates":[[[76.7705,52.262],[76.7656,52.2602],[76.7646,52.2615],[76.7693,52.2633],[76.7705,52.262]]],"type":"MultiLineString"},"geometry_name":"shape","id":"gp_red_lines.fid--7752831e_19fb67eabdc_4896","properties":{"area":6.23978970602532,"creation_doc_id":3464,"deactivation_doc_id":null,"id":2521918},"type":"Feature"},{"bbox":[77.0015,52.27,77.0061,52.272],"geometry":{"coordinates":[[[77.0061,52.2701],[77.0017,52.27],[77.0015,52.2718],[77.006,52.272],[77.0061,52.2701]]],"type":"MultiLineString"},"geometry_name":"shape","id":"gp_red_lines.fid--7752831e_19fb67eabdc_4897","properties":{"area":6.26644111137328,"creation_doc_id":3464,"deactivation_doc_id":null,"id":2521957},"type":"Feature"},{"bbox":[77.0017,52.2679,77.0063,52.27],"geometry":{"coordinates":[[[77.0063,52.2681],[77.0019,52.2679],[77.0017,52.2698],[77.0061,52.27],[77.0063,52.2681]]],"type":"MultiLineString"},"geometry_name":"shape","id":"gp_red_lines.fid--7752831e_19fb67eabdc_4898","properties":{"area":6.27609245348525,"creation_doc_id":3464,"deactivation_doc_id":null,"id":2521974},"type":"Feature"},{"bbox":[77.0111,52.2683,77.0157,52.2703],"geometry":{"coordinates":[[[77.0157,52.2685],[77.0113,52.2683],[77.0111,52.2701],[77.0156,52.2703],[77.0157,52.2685]]],"type":"MultiLineString"},"geometry_name":"shape","id":"gp_red_lines.fid--7752831e_19fb67eabdc_4899","properties":{"area":6.31775416646674,"creation_doc_id":3464,"deactivation_doc_id":null,"id":2522035},"type":"Feature"},{"bbox":[77.0109,52.2703,77.0156,52.2724],"geometry":{"coordinates":[[[77.0156,52.2705],[77.0111,52.2703],[77.0109,52.2722],[77.0154,52.2724],[77.0156,52.2705]]],"type":"MultiLineString"},"geometry_name":"shape","id":"gp_red_lines.fid--7752831e_19fb67eabdc_489a","properties":{"area":6.35853552581477,"creation_doc_id":3464,"deactivation_doc_id":null,"id":2522090},"type":"Feature"},{"bbox":[76.8369,52.4377,76.8423,52.4401],"geometry":{"coordinates":[[[76.8423,52.4385],[76.8373,52.4377],[76.8372,52.4377],[76.8369,52.4394],[76.8417,52.4401],[76.8423,52.4385]]],"type":"MultiLineString"},"geometry_name":"shape","id":"gp_red_lines.fid--7752831e_19fb67eabdc_489b","properties":{"area":6.3918316011424,"creation_doc_id":3464,"deactivation_doc_id":null,"id":2522137},"type":"Feature"},{"bbox":[76.7294,52.2301,76.7351,52.2331],"geometry":{"coordinates":[[[76.7351,52.2318],[76.7318,52.2303],[76.7318,52.2303],[76.7318,52.2303],[76.7318,52.2303],[76.7318,52.2303],[76.7317,52.2303],[76.7317,52.2302],[76.7316,52.2302],[76.7316,52.2302],[76.7315,52.2302],[76.7315,52.2302],[76.7314,52.2302],[76.7314,52.2301],[76.7313,52.2301],[76.7312,52.2301],[76.7312,52.2301],[76.7311,52.2301],[76.731,52.2301],[76.731,52.2301],[76.7309,52.2301],[76.7309,52.2302],[76.7308,52.2302],[76.7307,52.2302],[76.7307,52.2302],[76.7306,52.2302],[76.7306,52.2302],[76.7305,52.2303],[76.7305,52.2303],[76.7304,52.2303],[76.7304,52.2303],[76.7304,52.2304],[76.7303,52.2304],[76.7303,52.2304],[76.7303,52.2304],[76.7303,52.2304],[76.7303,52.2304],[76.7294,52.2313],[76.7337,52.2331],[76.7351,52.2318]]],"type":"MultiLineString"},"geometry_name":"shape","id":"gp_red_lines.fid--7752831e_19fb67eabdc_489c","properties":{"area":6.40242470826169,"creation_doc_id":3464,"deactivation_doc_id":null,"id":2522152},"type":"Feature"},{"bbox":[76.951,52.2524,76.955,52.2559],"geometry":{"coordinates":[[[76.955,52.2528],[76.9539,52.2526],[76.9539,52.2526],[76.9532,52.2524],[76.951,52.2547],[76.9548,52.2559],[76.955,52.2528]]],"type":"MultiLineString"},"geometry_name":"shape","id":"gp_red_lines.fid--7752831e_19fb67eabdc_489d","properties":{"area":6.4073119711877,"creation_doc_id":3464,"deactivation_doc_id":null,"id":2522159},"type":"Feature"},{"bbox":[76.7422,52.2494,76.7475,52.2534],"geometry":{"coordinates":[[[76.7475,52.2527],[76.7441,52.2494],[76.7422,52.2501],[76.7456,52.2534],[76.7475,52.2527]]],"type":"MultiLineString"},"geometry_name":"shape","id":"gp_red_lines.fid--7752831e_19fb67eabdc_489e","properties":{"area":6.60257905399364,"creation_doc_id":3464,"deactivation_doc_id":null,"id":2522448},"type":"Feature"},{"bbox":[77.01,52.28,77.0148,52.2821],"geometry":{"coordinates":[[[77.0148,52.2805],[77.0148,52.2803],[77.0148,52.2802],[77.0102,52.28],[77.01,52.2819],[77.0147,52.2821],[77.0148,52.2805]]],"type":"MultiLineString"},"geometry_name":"shape","id":"gp_red_lines.fid--7752831e_19fb67eabdc_489f","properties":{"area":6.62503869087638,"creation_doc_id":3464,"deactivation_doc_id":null,"id":2522472},"type":"Feature"},{"bbox":[76.7354,52.2436,76.7407,52.2466],"geometry":{"coordinates":[[[76.7407,52.2448],[76.7368,52.2436],[76.7354,52.2455],[76.7394,52.2466],[76.7407,52.2448]]],"type":"MultiLineString"},"geometry_name":"shape","id":"gp_red_lines.fid--7752831e_19fb67eabdc_48a0","properties":{"area":6.63798955240918,"creation_doc_id":3464,"deactivation_doc_id":null,"id":2522494},"type":"Feature"},{"bbox":[77.0005,52.2797,77.0053,52.2817],"geometry":{"coordinates":[[[77.0053,52.2799],[77.0007,52.2797],[77.0005,52.2816],[77.0052,52.2817],[77.0053,52.2799]]],"type":"MultiLineString"},"geometry_name":"shape","id":"gp_red_lines.fid--7752831e_19fb67eabdc_48a1","properties":{"area":6.64319714636362,"creation_doc_id":3464,"deactivation_doc_id":null,"id":2522504},"type":"Feature"},{"bbox":[77.1015,52.3227,77.1068,52.3251],"geometry":{"coordinates":[[[77.1068,52.3232],[77.1031,52.3227],[77.1031,52.3227],[77.103,52.3227],[77.1029,52.3227],[77.1029,52.3227],[77.1028,52.3227],[77.1027,52.3227],[77.1027,52.3227],[77.1026,52.3227],[77.1026,52.3227],[77.1025,52.3227],[77.1025,52.3228],[77.1024,52.3228],[77.1024,52.3228],[77.1023,52.3228],[77.1023,52.3228],[77.1022,52.3229],[77.1022,52.3229],[77.1021,52.3229],[77.1021,52.323],[77.1021,52.323],[77.102,52.323],[77.102,52.3231],[77.102,52.3231],[77.1015,52.3243],[77.106,52.3251],[77.1068,52.3232]]],"type":"MultiLineString"},"geometry_name":"shape","id":"gp_red_lines.fid--7752831e_19fb67eabdc_48a2","properties":{"area":6.66509555096147,"creation_doc_id":3464,"deactivation_doc_id":null,"id":2522543},"type":"Feature"},{"bbox":[77.0063,52.2724,77.0106,52.2747],"geometry":{"coordinates":[[[77.0106,52.2726],[77.0065,52.2724],[77.0063,52.2746],[77.0104,52.2747],[77.0106,52.2726]]],"type":"MultiLineString"},"geometry_name":"shape","id":"gp_red_lines.fid--7752831e_19fb67eabdc_48a3","properties":{"area":6.75427489361823,"creation_doc_id":3464,"deactivation_doc_id":null,"id":2522686},"type":"Feature"},{"bbox":[76.9841,52.2714,76.988,52.274],"geometry":{"coordinates":[[[76.988,52.2717],[76.988,52.2717],[76.988,52.2717],[76.9843,52.2714],[76.9841,52.2739],[76.9878,52.274],[76.988,52.2717]]],"type":"MultiLineString"},"geometry_name":"shape","id":"gp_red_lines.fid--7752831e_19fb67eabdc_48a4","properties":{"area":6.79470740297253,"creation_doc_id":3464,"deactivation_doc_id":null,"id":2522738},"type":"Feature"},{"bbox":[76.734,52.2458,76.7392,52.2488],"geometry":{"coordinates":[[[76.7392,52.2469],[76.7352,52.2458],[76.734,52.2473],[76.734,52.2473],[76.734,52.2473],[76.734,52.2474],[76.734,52.2474],[76.734,52.2474],[76.734,52.2474],[76.734,52.2475],[76.734,52.2475],[76.734,52.2475],[76.734,52.2475],[76.734,52.2475],[76.734,52.2476],[76.734,52.2476],[76.7341,52.2476],[76.7341,52.2476],[76.7341,52.2477],[76.7341,52.2477],[76.7341,52.2477],[76.7342,52.2477],[76.7342,52.2477],[76.7342,52.2477],[76.7343,52.2478],[76.7343,52.2478],[76.7343,52.2478],[76.7378,52.2488],[76.7392,52.2469]]],"type":"MultiLineString"},"geometry_name":"shape","id":"gp_red_lines.fid--7752831e_19fb67eabdc_48a5","properties":{"area":6.80454968818743,"creation_doc_id":3464,"deactivation_doc_id":null,"id":2522754},"type":"Feature"},{"bbox":[77.1055,52.3254,77.1107,52.3281],"geometry":{"coordinates":[[[77.1107,52.3262],[77.1063,52.3254],[77.1055,52.3274],[77.1099,52.3281],[77.1107,52.3262]]],"type":"MultiLineString"},"geometry_name":"shape","id":"gp_red_lines.fid--7752831e_19fb67eabdc_48a6","properties":{"area":6.86852052960248,"creation_doc_id":3464,"deactivation_doc_id":null,"id":2522862},"type":"Feature"},{"bbox":[77.1064,52.3233,77.1117,52.3259],"geometry":{"coordinates":[[[77.1117,52.3239],[77.1073,52.3233],[77.1064,52.3252],[77.1108,52.3259],[77.1117,52.3239]]],"type":"MultiLineString"},"geometry_name":"shape","id":"gp_red_lines.fid--7752831e_19fb67eabdc_48a7","properties":{"area":6.87356937679476,"creation_doc_id":3464,"deactivation_doc_id":null,"id":2522870},"type":"Feature"},{"bbox":[76.7383,52.247,76.7438,52.2499],"geometry":{"coordinates":[[[76.7438,52.2492],[76.7424,52.2478],[76.7396,52.247],[76.7383,52.2489],[76.7418,52.2499],[76.7438,52.2492]]],"type":"MultiLineString"},"geometry_name":"shape","id":"gp_red_lines.fid--7752831e_19fb67eabdc_48a8","properties":{"area":6.89620839951024,"creation_doc_id":3464,"deactivation_doc_id":null,"id":2522896},"type":"Feature"},{"bbox":[76.9958,52.2758,77.0008,52.2782],"geometry":{"coordinates":[[[77.0008,52.276],[76.9972,52.2758],[76.9958,52.278],[77.0006,52.2782],[77.0008,52.276]]],"type":"MultiLineString"},"geometry_name":"shape","id":"gp_red_lines.fid--7752831e_19fb67eabdc_48a9","properties":{"area":6.95788670135276,"creation_doc_id":3464,"deactivation_doc_id":null,"id":2522985},"type":"Feature"},{"bbox":[76.9952,52.2795,77.0004,52.2815],"geometry":{"coordinates":[[[77.0004,52.2797],[76.9954,52.2795],[76.9952,52.2814],[77.0002,52.2815],[77.0004,52.2797]]],"type":"MultiLineString"},"geometry_name":"shape","id":"gp_red_lines.fid--7752831e_19fb67eabdc_48aa","properties":{"area":7.01655132900812,"creation_doc_id":3464,"deactivation_doc_id":null,"id":2523055},"type":"Feature"},{"bbox":[77.1005,52.3246,77.1059,52.3273],"geometry":{"coordinates":[[[77.1059,52.3254],[77.1014,52.3246],[77.1005,52.3266],[77.1022,52.3268],[77.105,52.3273],[77.1059,52.3254]]],"type":"MultiLineString"},"geometry_name":"shape","id":"gp_red_lines.fid--7752831e_19fb67eabdc_48ab","properties":{"area":7.09136263952095,"creation_doc_id":3464,"deactivation_doc_id":null,"id":2523142},"type":"Feature"},{"bbox":[76.993,52.2719,76.9973,52.2743],"geometry":{"coordinates":[[[76.9973,52.272],[76.9932,52.2719],[76.993,52.2742],[76.9971,52.2743],[76.9973,52.272]]],"type":"MultiLineString"},"geometry_name":"shape","id":"gp_red_lines.fid--7752831e_19fb67eabdc_48ac","properties":{"area":7.12328910869273,"creation_doc_id":3464,"deactivation_doc_id":null,"id":2523186},"type":"Feature"},{"bbox":[76.9413,52.2849,76.9475,52.2867],"geometry":{"coordinates":[[[76.9475,52.2852],[76.9475,52.2851],[76.9453,52.285],[76.9453,52.285],[76.9415,52.2849],[76.9413,52.2864],[76.9473,52.2867],[76.9475,52.2852]]],"type":"MultiLineString"},"geometry_name":"shape","id":"gp_red_lines.fid--7752831e_19fb67eabdc_48ad","properties":{"area":7.1501254900278,"creation_doc_id":3464,"deactivation_doc_id":null,"id":2523214},"type":"Feature"},{"bbox":[77.0107,52.2726,77.0154,52.2749],"geometry":{"coordinates":[[[77.0154,52.2728],[77.0109,52.2726],[77.0107,52.2748],[77.0152,52.2749],[77.0154,52.2728]]],"type":"MultiLineString"},"geometry_name":"shape","id":"gp_red_lines.fid--7752831e_19fb67eabdc_48ae","properties":{"area":7.3994655613667,"creation_doc_id":3464,"deactivation_doc_id":null,"id":2523496},"type":"Feature"},{"bbox":[76.9884,52.2717,76.9929,52.2741],"geometry":{"coordinates":[[[76.9929,52.2719],[76.9902,52.2718],[76.9886,52.2717],[76.9884,52.274],[76.9927,52.2741],[76.9929,52.2719]]],"type":"MultiLineString"},"geometry_name":"shape","id":"gp_red_lines.fid--7752831e_19fb67eabdc_48af","properties":{"area":7.46485776950341,"creation_doc_id":3464,"deactivation_doc_id":null,"id":2523569},"type":"Feature"},{"bbox":[77.1104,52.3262,77.116,52.3289],"geometry":{"coordinates":[[[77.116,52.327],[77.1112,52.3262],[77.1104,52.3281],[77.1126,52.3285],[77.1153,52.3289],[77.116,52.327]]],"type":"MultiLineString"},"geometry_name":"shape","id":"gp_red_lines.fid--7752831e_19fb67eabdc_48b0","properties":{"area":7.50607510120009,"creation_doc_id":3464,"deactivation_doc_id":null,"id":2523621},"type":"Feature"},{"bbox":[77.0012,52.2722,77.0059,52.2746],"geometry":{"coordinates":[[[77.0059,52.2724],[77.0015,52.2722],[77.0012,52.2744],[77.0058,52.2746],[77.0059,52.2724]]],"type":"MultiLineString"},"geometry_name":"shape","id":"gp_red_lines.fid--7752831e_19fb67eabdc_48b1","properties":{"area":7.56420524646154,"creation_doc_id":3464,"deactivation_doc_id":null,"id":2523697},"type":"Feature"},{"bbox":[77.0009,52.276,77.0056,52.2783],"geometry":{"coordinates":[[[77.0056,52.2761],[77.0011,52.276],[77.0009,52.2782],[77.0055,52.2783],[77.0056,52.2761]]],"type":"MultiLineString"},"geometry_name":"shape","id":"gp_red_lines.fid--7752831e_19fb67eabdc_48b2","properties":{"area":7.6513081696651,"creation_doc_id":3464,"deactivation_doc_id":null,"id":2523781},"type":"Feature"},{"bbox":[77.1113,52.3239,77.117,52.3267],"geometry":{"coordinates":[[[77.117,52.3247],[77.1134,52.3241],[77.1134,52.3241],[77.1134,52.3241],[77.1134,52.3241],[77.1131,52.3241],[77.1121,52.3239],[77.1119,52.3245],[77.1119,52.3245],[77.1119,52.3245],[77.1113,52.3259],[77.1162,52.3267],[77.117,52.3247]]],"type":"MultiLineString"},"geometry_name":"shape","id":"gp_red_lines.fid--7752831e_19fb67eabdc_48b3","properties":{"area":8.02747701414396,"creation_doc_id":3464,"deactivation_doc_id":null,"id":2524091},"type":"Feature"},{"bbox":[76.8439,52.4409,76.8479,52.4452],"geometry":{"coordinates":[[[76.8479,52.4412],[76.8461,52.441],[76.8454,52.4409],[76.8439,52.4449],[76.8464,52.4452],[76.8479,52.4412]]],"type":"MultiLineString"},"geometry_name":"shape","id":"gp_red_lines.fid--7752831e_19fb67eabdc_48b4","properties":{"area":8.08135184689072,"creation_doc_id":3464,"deactivation_doc_id":null,"id":2524131},"type":"Feature"},{"bbox":[76.7475,52.2473,76.7532,52.2515],"geometry":{"coordinates":[[[76.7532,52.2506],[76.75,52.2473],[76.7475,52.2482],[76.7508,52.2515],[76.7532,52.2506]]],"type":"MultiLineString"},"geometry_name":"shape","id":"gp_red_lines.fid--7752831e_19fb67eabdc_48b5","properties":{"area":8.32630967181054,"creation_doc_id":3464,"deactivation_doc_id":null,"id":2524369},"type":"Feature"},{"bbox":[76.7446,52.2484,76.7504,52.2525],"geometry":{"coordinates":[[[76.7504,52.2517],[76.7471,52.2484],[76.7446,52.2493],[76.748,52.2525],[76.7504,52.2517]]],"type":"MultiLineString"},"geometry_name":"shape","id":"gp_red_lines.fid--7752831e_19fb67eabdc_48b6","properties":{"area":8.36008096329921,"creation_doc_id":3464,"deactivation_doc_id":null,"id":2524394},"type":"Feature"},{"bbox":[77.1217,52.3281,77.1286,52.3308],"geometry":{"coordinates":[[[77.1286,52.3291],[77.1225,52.3281],[77.1217,52.3299],[77.1273,52.3308],[77.1286,52.3291]]],"type":"MultiLineString"},"geometry_name":"shape","id":"gp_red_lines.fid--7752831e_19fb67eabdc_48b7","properties":{"area":8.62363420814312,"creation_doc_id":3464,"deactivation_doc_id":null,"id":2524614},"type":"Feature"},{"bbox":[76.9381,52.2519,76.9438,52.2564],"geometry":{"coordinates":[[[76.941,52.2558],[76.941,52.2558],[76.9411,52.2557],[76.9411,52.2557],[76.9438,52.2528],[76.9429,52.2525],[76.9413,52.2519],[76.9381,52.2556],[76.9405,52.2564],[76.941,52.2558]]],"type":"MultiLineString"},"geometry_name":"shape","id":"gp_red_lines.fid--7752831e_19fb67eabdc_48b8","properties":{"area":8.76648324792517,"creation_doc_id":3464,"deactivation_doc_id":null,"id":2524723},"type":"Feature"},{"bbox":[76.9827,52.2813,76.9871,52.2845],"geometry":{"coordinates":[[[76.9871,52.2814],[76.9871,52.2814],[76.9831,52.2813],[76.9829,52.2828],[76.9869,52.283],[76.9869,52.2832],[76.9829,52.283],[76.9828,52.2835],[76.9827,52.2843],[76.9828,52.2843],[76.9868,52.2845],[76.9868,52.2845],[76.9871,52.2814]]],"type":"MultiLineString"},"geometry_name":"shape","id":"gp_red_lines.fid--7752831e_19fb67eabdc_48b9","properties":{"area":8.79332215476789,"creation_doc_id":3464,"deactivation_doc_id":null,"id":2524748},"type":"Feature"},{"bbox":[76.8422,52.4452,76.8463,52.4499],"geometry":{"coordinates":[[[76.8463,52.4455],[76.8438,52.4452],[76.8422,52.4495],[76.8447,52.4499],[76.8463,52.4455]]],"type":"MultiLineString"},"geometry_name":"shape","id":"gp_red_lines.fid--7752831e_19fb67eabdc_48ba","properties":{"area":8.84016097565777,"creation_doc_id":3464,"deactivation_doc_id":null,"id":2524785},"type":"Feature"},{"bbox":[76.8976,52.3161,76.9037,52.3205],"geometry":{"coordinates":[[[76.9037,52.3173],[76.9012,52.3161],[76.9007,52.3167],[76.9007,52.3167],[76.9007,52.3167],[76.8987,52.3185],[76.8987,52.3185],[76.8976,52.3195],[76.8999,52.3205],[76.9037,52.3173]]],"type":"MultiLineString"},"geometry_name":"shape","id":"gp_red_lines.fid--7752831e_19fb67eabdc_48bb","properties":{"area":8.94245421396417,"creation_doc_id":3464,"deactivation_doc_id":null,"id":2524860},"type":"Feature"},{"bbox":[76.8406,52.4404,76.8449,52.4448],"geometry":{"coordinates":[[[76.8449,52.4408],[76.8427,52.4405],[76.8427,52.4405],[76.842,52.4404],[76.8411,52.4429],[76.8411,52.4429],[76.8406,52.4444],[76.8434,52.4448],[76.8449,52.4408]]],"type":"MultiLineString"},"geometry_name":"shape","id":"gp_red_lines.fid--7752831e_19fb67eabdc_48bc","properties":{"area":9.13026272888133,"creation_doc_id":3464,"deactivation_doc_id":null,"id":2525021},"type":"Feature"},{"bbox":[76.775,52.2671,76.7788,52.2728],"geometry":{"coordinates":[[[76.7788,52.2706],[76.7782,52.2671],[76.7759,52.2679],[76.7763,52.2705],[76.7763,52.2705],[76.7763,52.2705],[76.7763,52.2705],[76.7763,52.2705],[76.7763,52.2706],[76.7763,52.2706],[76.775,52.2722],[76.7769,52.2728],[76.7788,52.2706]]],"type":"MultiLineString"},"geometry_name":"shape","id":"gp_red_lines.fid--7752831e_19fb67eabdc_48bd","properties":{"area":9.18170065379477,"creation_doc_id":3464,"deactivation_doc_id":null,"id":2525057},"type":"Feature"},{"bbox":[76.8404,52.4498,76.8446,52.4547],"geometry":{"coordinates":[[[76.8446,52.4502],[76.8421,52.4498],[76.8404,52.4544],[76.843,52.4547],[76.8446,52.4502]]],"type":"MultiLineString"},"geometry_name":"shape","id":"gp_red_lines.fid--7752831e_19fb67eabdc_48be","properties":{"area":9.2104761033908,"creation_doc_id":3464,"deactivation_doc_id":null,"id":2525085},"type":"Feature"},{"bbox":[76.9035,52.319,76.9098,52.3232],"geometry":{"coordinates":[[[76.9098,52.3202],[76.9073,52.319],[76.9035,52.3221],[76.9061,52.3232],[76.9098,52.3202]]],"type":"MultiLineString"},"geometry_name":"shape","id":"gp_red_lines.fid--7752831e_19fb67eabdc_48bf","properties":{"area":9.33039323117011,"creation_doc_id":3464,"deactivation_doc_id":null,"id":2525159},"type":"Feature"},{"bbox":[76.8312,52.4593,76.8378,52.4622],"geometry":{"coordinates":[[[76.8378,52.4602],[76.8371,52.4601],[76.8371,52.4601],[76.8315,52.4593],[76.8313,52.4599],[76.8313,52.4599],[76.8313,52.4599],[76.8313,52.46],[76.8312,52.4601],[76.8312,52.4602],[76.8312,52.4602],[76.8312,52.4603],[76.8312,52.4604],[76.8312,52.4605],[76.8313,52.4606],[76.8313,52.4607],[76.8313,52.4607],[76.8314,52.4608],[76.8315,52.4609],[76.8315,52.461],[76.8316,52.461],[76.8317,52.4611],[76.8318,52.4612],[76.8319,52.4612],[76.832,52.4613],[76.8321,52.4613],[76.8322,52.4614],[76.8323,52.4614],[76.8324,52.4615],[76.8326,52.4615],[76.8327,52.4615],[76.8328,52.4616],[76.8371,52.4622],[76.8378,52.4602]]],"type":"MultiLineString"},"geometry_name":"shape","id":"gp_red_lines.fid--7752831e_19fb67eabdc_48c0","properties":{"area":9.420882737387,"creation_doc_id":3464,"deactivation_doc_id":null,"id":2525226},"type":"Feature"},{"bbox":[76.7575,52.2573,76.7652,52.2614],"geometry":{"coordinates":[[[76.7652,52.26],[76.7611,52.2585],[76.7611,52.2585],[76.761,52.2584],[76.7609,52.2584],[76.7608,52.2583],[76.7608,52.2583],[76.7607,52.2583],[76.7607,52.2583],[76.7598,52.2573],[76.7575,52.2582],[76.759,52.2597],[76.7641,52.2614],[76.7652,52.26]]],"type":"MultiLineString"},"geometry_name":"shape","id":"gp_red_lines.fid--7752831e_19fb67eabdc_48c1","properties":{"area":9.60411606461621,"creation_doc_id":3464,"deactivation_doc_id":null,"id":2525372},"type":"Feature"},{"bbox":[76.9644,52.298,76.975,52.3007],"geometry":{"coordinates":[[[76.9686,52.3002],[76.9686,52.3002],[76.9748,52.2997],[76.975,52.2991],[76.975,52.299],[76.9723,52.2993],[76.9723,52.2993],[76.9715,52.2993],[76.9715,52.2993],[76.9712,52.2993],[76.9712,52.2993],[76.971,52.2993],[76.971,52.2993],[76.9708,52.2992],[76.9708,52.2992],[76.9703,52.2991],[76.9703,52.2991],[76.9662,52.298],[76.9644,52.3004],[76.9653,52.3007],[76.9686,52.3002]]],"type":"MultiLineString"},"geometry_name":"shape","id":"gp_red_lines.fid--7752831e_19fb67eabdc_48c2","properties":{"area":9.62789369143521,"creation_doc_id":3464,"deactivation_doc_id":null,"id":2525388},"type":"Feature"},{"bbox":[76.9475,52.287,76.9517,52.2906],"geometry":{"coordinates":[[[76.9517,52.2872],[76.9479,52.287],[76.9479,52.287],[76.9479,52.287],[76.9475,52.2904],[76.9514,52.2906],[76.9517,52.2872]]],"type":"MultiLineString"},"geometry_name":"shape","id":"gp_red_lines.fid--7752831e_19fb67eabdc_48c3","properties":{"area":9.91574544724416,"creation_doc_id":3464,"deactivation_doc_id":null,"id":2525554},"type":"Feature"},{"bbox":[76.948,52.2814,76.9521,52.2849],"geometry":{"coordinates":[[[76.9519,52.2846],[76.9521,52.2815],[76.9483,52.2814],[76.948,52.2848],[76.9519,52.2849],[76.9519,52.2846]]],"type":"MultiLineString"},"geometry_name":"shape","id":"gp_red_lines.fid--7752831e_19fb67eabdc_48c4","properties":{"area":9.92712034653451,"creation_doc_id":3464,"deactivation_doc_id":null,"id":2525559},"type":"Feature"},{"bbox":[76.8333,52.462,76.84,52.465],"geometry":{"coordinates":[[[76.84,52.4629],[76.8341,52.462],[76.8333,52.4641],[76.8392,52.465],[76.84,52.4629]]],"type":"MultiLineString"},"geometry_name":"shape","id":"gp_red_lines.fid--7752831e_19fb67eabdc_48c5","properties":{"area":9.94960813201079,"creation_doc_id":3464,"deactivation_doc_id":null,"id":2525572},"type":"Feature"},{"bbox":[76.8389,52.4447,76.8433,52.4495],"geometry":{"coordinates":[[[76.8433,52.4451],[76.8405,52.4447],[76.8389,52.4491],[76.8417,52.4495],[76.8433,52.4451]]],"type":"MultiLineString"},"geometry_name":"shape","id":"gp_red_lines.fid--7752831e_19fb67eabdc_48c6","properties":{"area":9.99676222056768,"creation_doc_id":3464,"deactivation_doc_id":null,"id":2525598},"type":"Feature"},{"bbox":[76.7397,52.2351,76.7466,52.2384],"geometry":{"coordinates":[[[76.7433,52.2384],[76.7435,52.2384],[76.7438,52.2384],[76.744,52.2383],[76.7442,52.2383],[76.7445,52.2382],[76.7447,52.2382],[76.7449,52.2381],[76.7451,52.238],[76.7453,52.238],[76.7455,52.2379],[76.7457,52.2378],[76.7459,52.2377],[76.7466,52.237],[76.7423,52.2351],[76.7409,52.2364],[76.7409,52.2364],[76.7409,52.2364],[76.7409,52.2364],[76.7397,52.2375],[76.7416,52.2382],[76.7418,52.2383],[76.742,52.2383],[76.7423,52.2384],[76.7425,52.2384],[76.7428,52.2384],[76.743,52.2384],[76.7433,52.2384]]],"type":"MultiLineString"},"geometry_name":"shape","id":"gp_red_lines.fid--7752831e_19fb67eabdc_48c7","properties":{"area":9.99694752591225,"creation_doc_id":3464,"deactivation_doc_id":null,"id":2525600},"type":"Feature"},{"bbox":[76.9528,52.2815,76.9569,52.2851],"geometry":{"coordinates":[[[76.9569,52.2816],[76.953,52.2815],[76.9528,52.2849],[76.9566,52.2851],[76.9569,52.2816]]],"type":"MultiLineString"},"geometry_name":"shape","id":"gp_red_lines.fid--7752831e_19fb67eabdc_48c8","properties":{"area":10.0911491370079,"creation_doc_id":3464,"deactivation_doc_id":null,"id":2525650},"type":"Feature"},{"bbox":[77.1226,52.3258,77.1299,52.3288],"geometry":{"coordinates":[[[77.1299,52.3272],[77.1272,52.3264],[77.1235,52.3258],[77.1226,52.3278],[77.1287,52.3288],[77.1299,52.3272]]],"type":"MultiLineString"},"geometry_name":"shape","id":"gp_red_lines.fid--7752831e_19fb67eabdc_48c9","properties":{"area":10.1112573962017,"creation_doc_id":3464,"deactivation_doc_id":null,"id":2525659},"type":"Feature"},{"bbox":[76.9835,52.274,76.9878,52.2777],"geometry":{"coordinates":[[[76.9878,52.2742],[76.9846,52.2741],[76.984,52.274],[76.9839,52.275],[76.9839,52.275],[76.9836,52.2766],[76.9835,52.2775],[76.9874,52.2777],[76.9878,52.2742]]],"type":"MultiLineString"},"geometry_name":"shape","id":"gp_red_lines.fid--7752831e_19fb67eabdc_48ca","properties":{"area":10.3233242340056,"creation_doc_id":3464,"deactivation_doc_id":null,"id":2525778},"type":"Feature"},{"bbox":[76.8371,52.4494,76.8416,52.4543],"geometry":{"coordinates":[[[76.8416,52.4498],[76.8388,52.4494],[76.8371,52.4539],[76.84,52.4543],[76.8416,52.4498]]],"type":"MultiLineString"},"geometry_name":"shape","id":"gp_red_lines.fid--7752831e_19fb67eabdc_48cb","properties":{"area":10.3480238250417,"creation_doc_id":3464,"deactivation_doc_id":null,"id":2525791},"type":"Feature"},{"bbox":[76.8247,52.4583,76.8311,52.4618],"geometry":{"coordinates":[[[76.8308,52.4605],[76.8308,52.4604],[76.8308,52.4604],[76.8308,52.4603],[76.8308,52.4603],[76.8308,52.4602],[76.8308,52.4602],[76.8308,52.4602],[76.8308,52.4601],[76.8308,52.4601],[76.8308,52.46],[76.8308,52.46],[76.8308,52.4599],[76.8308,52.4599],[76.8309,52.4598],[76.8311,52.4592],[76.8278,52.4588],[76.8278,52.4588],[76.826,52.4583],[76.8249,52.46],[76.8248,52.4602],[76.8248,52.4604],[76.8247,52.4606],[76.8247,52.4608],[76.8247,52.4609],[76.8248,52.4611],[76.8248,52.4613],[76.8249,52.4615],[76.825,52.4617],[76.825,52.4618],[76.8308,52.4605]]],"type":"MultiLineString"},"geometry_name":"shape","id":"gp_red_lines.fid--7752831e_19fb67eabdc_48cc","properties":{"area":10.3650975809975,"creation_doc_id":3464,"deactivation_doc_id":null,"id":2525803},"type":"Feature"},{"bbox":[76.9003,52.3175,76.9069,52.3219],"geometry":{"coordinates":[[[76.9069,52.3188],[76.9041,52.3175],[76.9003,52.3207],[76.9031,52.3219],[76.9069,52.3188]]],"type":"MultiLineString"},"geometry_name":"shape","id":"gp_red_lines.fid--7752831e_19fb67eabdc_48cd","properties":{"area":10.557199631069,"creation_doc_id":3464,"deactivation_doc_id":null,"id":2525903},"type":"Feature"},{"bbox":[76.8461,52.4336,76.8505,52.4391],"geometry":{"coordinates":[[[76.8505,52.434],[76.8479,52.4336],[76.8461,52.4388],[76.8486,52.4391],[76.8505,52.434]]],"type":"MultiLineString"},"geometry_name":"shape","id":"gp_red_lines.fid--7752831e_19fb67eabdc_48ce","properties":{"area":10.5966498319414,"creation_doc_id":3464,"deactivation_doc_id":null,"id":2525924},"type":"Feature"},{"bbox":[76.8337,52.4489,76.8383,52.4539],"geometry":{"coordinates":[[[76.8383,52.4493],[76.8354,52.4489],[76.8337,52.4534],[76.8366,52.4539],[76.8383,52.4493]]],"type":"MultiLineString"},"geometry_name":"shape","id":"gp_red_lines.fid--7752831e_19fb67eabdc_48cf","properties":{"area":10.6218586114964,"creation_doc_id":3464,"deactivation_doc_id":null,"id":2525935},"type":"Feature"},{"bbox":[76.8384,52.4547,76.8429,52.4604],"geometry":{"coordinates":[[[76.8429,52.455],[76.8403,52.4547],[76.8384,52.46],[76.8409,52.4604],[76.8429,52.455]]],"type":"MultiLineString"},"geometry_name":"shape","id":"gp_red_lines.fid--7752831e_19fb67eabdc_48d0","properties":{"area":10.781244987234,"creation_doc_id":3464,"deactivation_doc_id":null,"id":2526017},"type":"Feature"},{"bbox":[76.8296,52.4485,76.8349,52.4534],"geometry":{"coordinates":[[[76.8349,52.4488],[76.8325,52.4485],[76.8296,52.4529],[76.8333,52.4534],[76.8349,52.4488]]],"type":"MultiLineString"},"geometry_name":"shape","id":"gp_red_lines.fid--7752831e_19fb67eabdc_48d1","properties":{"area":10.9413559378213,"creation_doc_id":3464,"deactivation_doc_id":null,"id":2526091},"type":"Feature"},{"bbox":[76.755,52.2584,76.7639,52.263],"geometry":{"coordinates":[[[76.7639,52.2617],[76.7587,52.26],[76.7587,52.26],[76.7587,52.26],[76.7587,52.26],[76.7587,52.26],[76.7586,52.2599],[76.7586,52.2599],[76.757,52.2584],[76.755,52.2591],[76.757,52.2611],[76.7629,52.263],[76.7639,52.2617]]],"type":"MultiLineString"},"geometry_name":"shape","id":"gp_red_lines.fid--7752831e_19fb67eabdc_48d2","properties":{"area":10.9849405064933,"creation_doc_id":3464,"deactivation_doc_id":null,"id":2526113},"type":"Feature"},{"bbox":[77.0412,52.2024,77.0515,52.2074],"geometry":{"coordinates":[[[77.0515,52.2062],[77.0504,52.2053],[77.0504,52.2053],[77.0504,52.2053],[77.0504,52.2053],[77.0503,52.2053],[77.0503,52.2052],[77.0503,52.2052],[77.0502,52.2052],[77.0502,52.2052],[77.0502,52.2052],[77.0501,52.2052],[77.0501,52.2052],[77.05,52.2052],[77.05,52.2052],[77.05,52.2052],[77.0499,52.2052],[77.0499,52.2052],[77.0498,52.2052],[77.0498,52.2052],[77.0498,52.2052],[77.0497,52.2052],[77.0497,52.2052],[77.0496,52.2052],[77.0496,52.2052],[77.0496,52.2052],[77.0482,52.2058],[77.0482,52.2058],[77.0482,52.2058],[77.0482,52.2058],[77.0482,52.2058],[77.0482,52.2058],[77.0482,52.2058],[77.0481,52.2058],[77.0481,52.2058],[77.0481,52.2058],[77.0481,52.2058],[77.048,52.2059],[77.048,52.2059],[77.048,52.2059],[77.048,52.2059],[77.0479,52.2059],[77.0479,52.2059],[77.0479,52.2059],[77.0479,52.2059],[77.0478,52.2059],[77.0478,52.2059],[77.0477,52.2059],[77.0477,52.2059],[77.0476,52.2059],[77.0476,52.2059],[77.0476,52.2059],[77.0476,52.2059],[77.0475,52.2059],[77.0475,52.2059],[77.0475,52.2059],[77.0475,52.2059],[77.0474,52.2059],[77.0474,52.2059],[77.0474,52.2059],[77.0474,52.2059],[77.0473,52.2059],[77.0473,52.2059],[77.0473,52.2059],[77.0473,52.2059],[77.0472,52.2059],[77.0472,52.2059],[77.0472,52.2059],[77.0472,52.2059],[77.0471,52.2059],[77.0471,52.2059],[77.047,52.2059],[77.047,52.2059],[77.047,52.2059],[77.047,52.2059],[77.0469,52.2059],[77.0469,52.2059],[77.0469,52.2059],[77.0469,52.2059],[77.0468,52.2059],[77.0468,52.2059],[77.0468,52.2059],[77.0468,52.2059],[77.0467,52.2059],[77.0467,52.2059],[77.0467,52.2059],[77.0467,52.2059],[77.0466,52.2059],[77.0466,52.2059],[77.0465,52.2059],[77.0465,52.2059],[77.0464,52.2058],[77.0464,52.2058],[77.0464,52.2058],[77.0464,52.2058],[77.0463,52.2058],[77.0463,52.2058],[77.0463,52.2058],[77.0463,52.2058],[77.0462,52.2058],[77.0462,52.2058],[77.0462,52.2058],[77.0462,52.2058],[77.0462,52.2058],[77.0462,52.2058],[77.0462,52.2058],[77.0461,52.2057],[77.0461,52.2057],[77.0461,52.2057],[77.0461,52.2057],[77.046,52.2057],[77.046,52.2057],[77.046,52.2057],[77.046,52.2057],[77.0459,52.2056],[77.0459,52.2056],[77.0459,52.2056],[77.0459,52.2056],[77.0458,52.2056],[77.0458,52.2056],[77.0458,52.2056],[77.0458,52.2056],[77.0458,52.2055],[77.0458,52.2055],[77.0457,52.2055],[77.0457,52.2055],[77.0457,52.2055],[77.0457,52.2055],[77.0457,52.2055],[77.0457,52.2055],[77.0456,52.2054],[77.0456,52.2054],[77.0456,52.2054],[77.0456,52.2054],[77.0455,52.2054],[77.0455,52.2054],[77.0455,52.2054],[77.0444,52.2043],[77.0444,52.2043],[77.0444,52.2043],[77.0442,52.2041],[77.0442,52.2041],[77.0425,52.2024],[77.0412,52.2029],[77.043,52.2046],[77.043,52.2046],[77.0432,52.2048],[77.0432,52.2048],[77.0432,52.2048],[77.0457,52.2073],[77.0467,52.2074],[77.0489,52.2074],[77.0515,52.2062]]],"type":"MultiLineString"},"geometry_name":"shape","id":"gp_red_lines.fid--7752831e_19fb67eabdc_48d3","properties":{"area":11.6455647732681,"creation_doc_id":3464,"deactivation_doc_id":null,"id":2526460},"type":"Feature"},{"bbox":[76.835,52.4542,76.8399,52.4599],"geometry":{"coordinates":[[[76.8399,52.4546],[76.837,52.4542],[76.8355,52.4582],[76.8355,52.4582],[76.835,52.4595],[76.837,52.4598],[76.837,52.4598],[76.8379,52.4599],[76.8399,52.4546]]],"type":"MultiLineString"},"geometry_name":"shape","id":"gp_red_lines.fid--7752831e_19fb67eabdc_48d4","properties":{"area":12.1782609294396,"creation_doc_id":3464,"deactivation_doc_id":null,"id":2526695},"type":"Feature"},{"bbox":[76.8252,52.4608,76.8337,52.4641],"geometry":{"coordinates":[[[76.8337,52.462],[76.8327,52.4618],[76.8327,52.4618],[76.8327,52.4618],[76.8326,52.4618],[76.8326,52.4618],[76.8324,52.4618],[76.8324,52.4618],[76.8323,52.4617],[76.8323,52.4617],[76.8321,52.4617],[76.8321,52.4617],[76.8321,52.4617],[76.832,52.4616],[76.832,52.4616],[76.8318,52.4616],[76.8318,52.4616],[76.8317,52.4615],[76.8317,52.4615],[76.8316,52.4614],[76.8316,52.4614],[76.8315,52.4614],[76.8314,52.4614],[76.8313,52.4613],[76.8313,52.4613],[76.8312,52.4612],[76.8312,52.4612],[76.8312,52.4611],[76.8311,52.4611],[76.8311,52.461],[76.8311,52.461],[76.8311,52.461],[76.831,52.4609],[76.831,52.4609],[76.8309,52.4608],[76.8309,52.4608],[76.8309,52.4608],[76.8252,52.462],[76.8253,52.4621],[76.8255,52.4623],[76.8256,52.4624],[76.8258,52.4626],[76.826,52.4627],[76.8262,52.4628],[76.8265,52.463],[76.8267,52.4631],[76.8269,52.4632],[76.8272,52.4633],[76.8329,52.4641],[76.8337,52.462]]],"type":"MultiLineString"},"geometry_name":"shape","id":"gp_red_lines.fid--7752831e_19fb67eabdc_48d5","properties":{"area":12.3769948945968,"creation_doc_id":3464,"deactivation_doc_id":null,"id":2526820},"type":"Feature"},{"bbox":[76.7273,52.2346,76.7353,52.2391],"geometry":{"coordinates":[[[76.7353,52.2373],[76.729,52.2346],[76.7274,52.2361],[76.7274,52.2361],[76.7274,52.2361],[76.7274,52.2361],[76.7274,52.2361],[76.7274,52.2361],[76.7274,52.2361],[76.7273,52.2362],[76.7273,52.2362],[76.7273,52.2362],[76.7273,52.2362],[76.7273,52.2363],[76.7273,52.2363],[76.7273,52.2363],[76.7273,52.2364],[76.7273,52.2364],[76.7273,52.2364],[76.7273,52.2364],[76.7273,52.2365],[76.7273,52.2365],[76.7274,52.2365],[76.7274,52.2365],[76.7274,52.2366],[76.7274,52.2366],[76.7275,52.2366],[76.7275,52.2366],[76.7334,52.2391],[76.7353,52.2373]]],"type":"MultiLineString"},"geometry_name":"shape","id":"gp_red_lines.fid--7752831e_19fb67eabdc_48d6","properties":{"area":12.4639588336705,"creation_doc_id":3464,"deactivation_doc_id":null,"id":2526858},"type":"Feature"},{"bbox":[76.9881,52.2755,76.9966,52.278],"geometry":{"coordinates":[[[76.9966,52.2758],[76.9929,52.2757],[76.9928,52.2764],[76.9925,52.2764],[76.9926,52.2757],[76.9883,52.2755],[76.9881,52.2777],[76.9913,52.2778],[76.9914,52.2772],[76.9917,52.2772],[76.9916,52.2778],[76.9952,52.278],[76.9966,52.2758]]],"type":"MultiLineString"},"geometry_name":"shape","id":"gp_red_lines.fid--7752831e_19fb67eabdc_48d7","properties":{"area":12.5675785455643,"creation_doc_id":3464,"deactivation_doc_id":null,"id":2526903},"type":"Feature"},{"bbox":[76.8316,52.4537,76.8365,52.4595],"geometry":{"coordinates":[[[76.8351,52.4581],[76.8351,52.4581],[76.8365,52.4541],[76.8336,52.4537],[76.8316,52.459],[76.8346,52.4595],[76.8351,52.4581]]],"type":"MultiLineString"},"geometry_name":"shape","id":"gp_red_lines.fid--7752831e_19fb67eabdc_48d8","properties":{"area":12.6269838310591,"creation_doc_id":3464,"deactivation_doc_id":null,"id":2526945},"type":"Feature"},{"bbox":[76.7414,52.2431,76.7497,52.2479],"geometry":{"coordinates":[[[76.7497,52.247],[76.746,52.2432],[76.7459,52.2432],[76.7456,52.2432],[76.7454,52.2431],[76.7451,52.2431],[76.7449,52.2431],[76.7446,52.2431],[76.7444,52.2432],[76.7441,52.2432],[76.7439,52.2432],[76.7437,52.2433],[76.7434,52.2433],[76.7432,52.2434],[76.743,52.2434],[76.7428,52.2435],[76.7426,52.2436],[76.7424,52.2437],[76.7422,52.2438],[76.742,52.2439],[76.7418,52.244],[76.7418,52.244],[76.7418,52.2441],[76.7418,52.2441],[76.7418,52.2441],[76.7418,52.2441],[76.7418,52.2441],[76.7414,52.2446],[76.7449,52.2456],[76.7449,52.2456],[76.7449,52.2456],[76.7449,52.2456],[76.7449,52.2456],[76.745,52.2457],[76.745,52.2457],[76.7472,52.2479],[76.7497,52.247]]],"type":"MultiLineString"},"geometry_name":"shape","id":"gp_red_lines.fid--7752831e_19fb67eabdc_48d9","properties":{"area":13.1053615771309,"creation_doc_id":3464,"deactivation_doc_id":null,"id":2527158},"type":"Feature"},{"bbox":[77.0332,52.1932,77.0423,52.2026],"geometry":{"coordinates":[[[77.0423,52.2021],[77.0406,52.2005],[77.0403,52.2002],[77.0385,52.1985],[77.0385,52.1985],[77.0383,52.1982],[77.0355,52.1955],[77.0355,52.1955],[77.0355,52.1955],[77.0355,52.1955],[77.0355,52.1955],[77.0355,52.1954],[77.0355,52.1954],[77.0355,52.1954],[77.0355,52.1954],[77.0355,52.1954],[77.036,52.1934],[77.0338,52.1932],[77.0334,52.1937],[77.0334,52.1937],[77.0334,52.1937],[77.0332,52.1938],[77.0332,52.1942],[77.0334,52.1948],[77.0336,52.1953],[77.0336,52.1954],[77.0336,52.1954],[77.0336,52.1954],[77.0351,52.1969],[77.037,52.1987],[77.0373,52.199],[77.0373,52.199],[77.0391,52.2007],[77.0391,52.2007],[77.0391,52.2007],[77.0393,52.201],[77.0393,52.201],[77.0406,52.2022],[77.0406,52.2022],[77.041,52.2026],[77.0423,52.2021]]],"type":"MultiLineString"},"geometry_name":"shape","id":"gp_red_lines.fid--7752831e_19fb67eabdc_48da","properties":{"area":13.2944954508002,"creation_doc_id":3464,"deactivation_doc_id":null,"id":2527249},"type":"Feature"},{"bbox":[76.9536,52.2721,76.9598,52.2753],"geometry":{"coordinates":[[[76.9598,52.2723],[76.9539,52.2721],[76.9536,52.2751],[76.9595,52.2753],[76.9598,52.2723]]],"type":"MultiLineString"},"geometry_name":"shape","id":"gp_red_lines.fid--7752831e_19fb67eabdc_48db","properties":{"area":13.6870109195445,"creation_doc_id":3464,"deactivation_doc_id":null,"id":2527424},"type":"Feature"},{"bbox":[76.7615,52.2541,76.7691,52.2589],"geometry":{"coordinates":[[[76.7691,52.2553],[76.7649,52.2541],[76.7642,52.2557],[76.7642,52.2557],[76.7642,52.2557],[76.7615,52.2567],[76.7622,52.2574],[76.766,52.2589],[76.7691,52.2553]]],"type":"MultiLineString"},"geometry_name":"shape","id":"gp_red_lines.fid--7752831e_19fb67eabdc_48dc","properties":{"area":13.7398937376356,"creation_doc_id":3464,"deactivation_doc_id":null,"id":2527443},"type":"Feature"},{"bbox":[76.9214,52.3233,76.9277,52.3263],"geometry":{"coordinates":[[[76.9277,52.3235],[76.9277,52.3233],[76.9215,52.3233],[76.9214,52.3262],[76.9276,52.3263],[76.9277,52.3235]]],"type":"MultiLineString"},"geometry_name":"shape","id":"gp_red_lines.fid--7752831e_19fb67eabdc_48dd","properties":{"area":14.1055617109115,"creation_doc_id":3464,"deactivation_doc_id":null,"id":2527582},"type":"Feature"},{"bbox":[76.8357,52.4397,76.8416,52.4443],"geometry":{"coordinates":[[[76.8407,52.4428],[76.8407,52.4428],[76.8416,52.4403],[76.8368,52.4397],[76.8362,52.4429],[76.8362,52.4429],[76.8357,52.4437],[76.8401,52.4443],[76.8407,52.4428]]],"type":"MultiLineString"},"geometry_name":"shape","id":"gp_red_lines.fid--7752831e_19fb67eabdc_48de","properties":{"area":14.1309223629319,"creation_doc_id":3464,"deactivation_doc_id":null,"id":2527596},"type":"Feature"},{"bbox":[76.9129,52.3232,76.921,52.3262],"geometry":{"coordinates":[[[76.921,52.3233],[76.9169,52.3232],[76.9163,52.3232],[76.9129,52.3261],[76.9209,52.3262],[76.921,52.3233]]],"type":"MultiLineString"},"geometry_name":"shape","id":"gp_red_lines.fid--7752831e_19fb67eabdc_48df","properties":{"area":14.2724931856018,"creation_doc_id":3464,"deactivation_doc_id":null,"id":2527653},"type":"Feature"},{"bbox":[77.0061,52.2762,77.0151,52.2787],"geometry":{"coordinates":[[[77.0151,52.2765],[77.0105,52.2763],[77.0105,52.2771],[77.0102,52.2771],[77.0103,52.2763],[77.0062,52.2762],[77.0061,52.2784],[77.0101,52.2785],[77.0101,52.2778],[77.0104,52.2778],[77.0103,52.2785],[77.0149,52.2787],[77.0151,52.2765]]],"type":"MultiLineString"},"geometry_name":"shape","id":"gp_red_lines.fid--7752831e_19fb67eabdc_48e0","properties":{"area":14.5085443176167,"creation_doc_id":3464,"deactivation_doc_id":null,"id":2527736},"type":"Feature"},{"bbox":[76.9355,52.2751,76.9396,52.2806],"geometry":{"coordinates":[[[76.9396,52.2753],[76.9358,52.2751],[76.9355,52.2798],[76.9362,52.2805],[76.939,52.2806],[76.9396,52.2753]]],"type":"MultiLineString"},"geometry_name":"shape","id":"gp_red_lines.fid--7752831e_19fb67eabdc_48e1","properties":{"area":14.8024467320052,"creation_doc_id":3464,"deactivation_doc_id":null,"id":2527853},"type":"Feature"},{"bbox":[76.9416,52.2529,76.9499,52.2573],"geometry":{"coordinates":[[[76.9462,52.2573],[76.9465,52.2569],[76.9465,52.2569],[76.9465,52.2569],[76.9472,52.2565],[76.9472,52.2565],[76.9475,52.2564],[76.9487,52.2559],[76.9493,52.2554],[76.9499,52.2548],[76.9478,52.2541],[76.9442,52.2529],[76.9416,52.2558],[76.9462,52.2573],[76.9462,52.2573]]],"type":"MultiLineString"},"geometry_name":"shape","id":"gp_red_lines.fid--7752831e_19fb67eabdc_48e2","properties":{"area":14.8563308315747,"creation_doc_id":3464,"deactivation_doc_id":null,"id":2527869},"type":"Feature"},{"bbox":[76.9471,52.291,76.9513,52.2965],"geometry":{"coordinates":[[[76.9513,52.2912],[76.9476,52.291],[76.9476,52.2911],[76.9476,52.2911],[76.9476,52.2911],[76.9475,52.2916],[76.9475,52.2916],[76.9474,52.2921],[76.9474,52.2927],[76.9473,52.2937],[76.9472,52.2953],[76.9472,52.2953],[76.9471,52.2963],[76.9507,52.2965],[76.9513,52.2912]]],"type":"MultiLineString"},"geometry_name":"shape","id":"gp_red_lines.fid--7752831e_19fb67eabdc_48e3","properties":{"area":14.8682157392337,"creation_doc_id":3464,"deactivation_doc_id":null,"id":2527871},"type":"Feature"},{"bbox":[76.7511,52.2509,76.7596,52.2579],"geometry":{"coordinates":[[[76.7596,52.2571],[76.7535,52.2509],[76.7511,52.2518],[76.7572,52.2579],[76.7596,52.2571]]],"type":"MultiLineString"},"geometry_name":"shape","id":"gp_red_lines.fid--7752831e_19fb67eabdc_48e4","properties":{"area":15.1278882647352,"creation_doc_id":3464,"deactivation_doc_id":null,"id":2527983},"type":"Feature"},{"bbox":[76.9844,52.2657,76.9886,52.2713],"geometry":{"coordinates":[[[76.9886,52.2658],[76.9886,52.2658],[76.9849,52.2657],[76.9844,52.271],[76.9844,52.271],[76.9844,52.271],[76.988,52.2713],[76.988,52.2713],[76.9881,52.2713],[76.9886,52.2658]]],"type":"MultiLineString"},"geometry_name":"shape","id":"gp_red_lines.fid--7752831e_19fb67eabdc_48e5","properties":{"area":15.2442704441723,"creation_doc_id":3464,"deactivation_doc_id":null,"id":2528024},"type":"Feature"},{"bbox":[76.9415,52.2812,76.9478,52.2847],"geometry":{"coordinates":[[[76.9478,52.2813],[76.9418,52.2812],[76.9415,52.2841],[76.9415,52.2845],[76.9453,52.2847],[76.9475,52.2847],[76.9478,52.2813]]],"type":"MultiLineString"},"geometry_name":"shape","id":"gp_red_lines.fid--7752831e_19fb67eabdc_48e6","properties":{"area":15.3521456154199,"creation_doc_id":3464,"deactivation_doc_id":null,"id":2528069},"type":"Feature"},{"bbox":[76.8505,52.4399,76.8651,52.4434],"geometry":{"coordinates":[[[76.8646,52.4431],[76.8646,52.4431],[76.8651,52.4419],[76.8516,52.4399],[76.8509,52.4403],[76.8508,52.4403],[76.8505,52.4411],[76.8645,52.4434],[76.8646,52.4431]]],"type":"MultiLineString"},"geometry_name":"shape","id":"gp_red_lines.fid--7752831e_19fb67eabdc_48e7","properties":{"area":15.363033489715,"creation_doc_id":3464,"deactivation_doc_id":null,"id":2528074},"type":"Feature"},{"bbox":[76.9539,52.2682,76.9602,52.2718],"geometry":{"coordinates":[[[76.9602,52.2685],[76.9543,52.2682],[76.9539,52.2716],[76.9599,52.2718],[76.9602,52.2685]]],"type":"MultiLineString"},"geometry_name":"shape","id":"gp_red_lines.fid--7752831e_19fb67eabdc_48e8","properties":{"area":15.3978942575528,"creation_doc_id":3464,"deactivation_doc_id":null,"id":2528089},"type":"Feature"},{"bbox":[76.7774,52.2655,76.7822,52.2737],"geometry":{"coordinates":[[[76.7813,52.2709],[76.7817,52.2702],[76.7817,52.2702],[76.7817,52.2702],[76.7817,52.2702],[76.7817,52.2701],[76.7817,52.2701],[76.7819,52.2697],[76.782,52.2692],[76.7821,52.2688],[76.7822,52.2683],[76.7821,52.2678],[76.7821,52.2674],[76.782,52.2669],[76.7818,52.2665],[76.7816,52.2662],[76.7808,52.2659],[76.78,52.2655],[76.7787,52.2669],[76.7793,52.2706],[76.7793,52.2706],[76.7793,52.2706],[76.7793,52.2706],[76.7793,52.2706],[76.7793,52.2707],[76.7793,52.2707],[76.7774,52.273],[76.7786,52.2734],[76.7796,52.2737],[76.7813,52.2709]]],"type":"MultiLineString"},"geometry_name":"shape","id":"gp_red_lines.fid--7752831e_19fb67eabdc_48e9","properties":{"area":15.4220304775947,"creation_doc_id":3464,"deactivation_doc_id":null,"id":2528099},"type":"Feature"},{"bbox":[76.941,52.2867,76.9473,52.2904],"geometry":{"coordinates":[[[76.9473,52.287],[76.9413,52.2867],[76.941,52.2902],[76.947,52.2904],[76.9473,52.287]]],"type":"MultiLineString"},"geometry_name":"shape","id":"gp_red_lines.fid--7752831e_19fb67eabdc_48ea","properties":{"area":15.6690780479847,"creation_doc_id":3464,"deactivation_doc_id":null,"id":2528172},"type":"Feature"},{"bbox":[76.7593,52.2476,76.7666,52.2536],"geometry":{"coordinates":[[[76.765,52.2504],[76.765,52.2504],[76.7666,52.2486],[76.7655,52.2483],[76.7629,52.2476],[76.7628,52.2476],[76.7627,52.2476],[76.7627,52.2476],[76.7626,52.2476],[76.7626,52.2476],[76.7625,52.2476],[76.7625,52.2476],[76.7624,52.2476],[76.7623,52.2476],[76.7623,52.2477],[76.7622,52.2477],[76.7622,52.2477],[76.7621,52.2477],[76.7621,52.2477],[76.7621,52.2477],[76.7617,52.2479],[76.7617,52.2479],[76.7593,52.2487],[76.7639,52.2534],[76.7644,52.2536],[76.765,52.2504]]],"type":"MultiLineString"},"geometry_name":"shape","id":"gp_red_lines.fid--7752831e_19fb67eabdc_48eb","properties":{"area":15.8295043181004,"creation_doc_id":3464,"deactivation_doc_id":null,"id":2528228},"type":"Feature"},{"bbox":[76.9516,52.2912,76.9561,52.2967],"geometry":{"coordinates":[[[76.9561,52.2913],[76.9522,52.2912],[76.9516,52.2965],[76.9555,52.2967],[76.9561,52.2913]]],"type":"MultiLineString"},"geometry_name":"shape","id":"gp_red_lines.fid--7752831e_19fb67eabdc_48ec","properties":{"area":15.8629910114316,"creation_doc_id":3464,"deactivation_doc_id":null,"id":2528238},"type":"Feature"},{"bbox":[76.9212,52.3265,76.9276,52.3299],"geometry":{"coordinates":[[[76.9276,52.3266],[76.9214,52.3265],[76.9212,52.3299],[76.9276,52.3299],[76.9276,52.3266]]],"type":"MultiLineString"},"geometry_name":"shape","id":"gp_red_lines.fid--7752831e_19fb67eabdc_48ed","properties":{"area":15.9776222692781,"creation_doc_id":3464,"deactivation_doc_id":null,"id":2528271},"type":"Feature"},{"bbox":[76.9526,52.2853,76.9658,52.2874],"geometry":{"coordinates":[[[76.9658,52.2858],[76.9535,52.2853],[76.9528,52.2853],[76.9526,52.2869],[76.9657,52.2874],[76.9658,52.2858]]],"type":"MultiLineString"},"geometry_name":"shape","id":"gp_red_lines.fid--7752831e_19fb67eabdc_48ee","properties":{"area":16.0524531830437,"creation_doc_id":3464,"deactivation_doc_id":null,"id":2528292},"type":"Feature"},{"bbox":[76.9077,52.321,76.9159,52.326],"geometry":{"coordinates":[[[76.9159,52.3231],[76.9113,52.321],[76.9077,52.3239],[76.9124,52.326],[76.9159,52.3231]]],"type":"MultiLineString"},"geometry_name":"shape","id":"gp_red_lines.fid--7752831e_19fb67eabdc_48ef","properties":{"area":16.1774948810756,"creation_doc_id":3464,"deactivation_doc_id":null,"id":2528321},"type":"Feature"},{"bbox":[76.7459,52.252,76.7568,52.2589],"geometry":{"coordinates":[[[76.7568,52.2581],[76.7506,52.252],[76.748,52.2529],[76.748,52.2529],[76.748,52.2529],[76.748,52.2529],[76.748,52.2529],[76.7459,52.2537],[76.7459,52.2537],[76.7504,52.2548],[76.7504,52.2548],[76.7504,52.2548],[76.7504,52.2548],[76.7504,52.2548],[76.7505,52.2548],[76.7505,52.2548],[76.7547,52.2589],[76.7568,52.2581]]],"type":"MultiLineString"},"geometry_name":"shape","id":"gp_red_lines.fid--7752831e_19fb67eabdc_48f0","properties":{"area":16.3801168588482,"creation_doc_id":3464,"deactivation_doc_id":null,"id":2528376},"type":"Feature"},{"bbox":[76.9813,52.2935,76.9872,52.2979],"geometry":{"coordinates":[[[76.9872,52.2937],[76.9818,52.2935],[76.9813,52.2979],[76.982,52.2978],[76.982,52.2978],[76.9827,52.2978],[76.9827,52.2978],[76.9827,52.2978],[76.9867,52.2979],[76.9872,52.2937]]],"type":"MultiLineString"},"geometry_name":"shape","id":"gp_red_lines.fid--7752831e_19fb67eabdc_48f1","properties":{"area":17.3295433213213,"creation_doc_id":3464,"deactivation_doc_id":null,"id":2528635},"type":"Feature"},{"bbox":[76.9658,52.2504,76.971,52.2565],"geometry":{"coordinates":[[[76.9704,52.2534],[76.9704,52.2534],[76.9706,52.2529],[76.9706,52.2529],[76.9708,52.2524],[76.9708,52.2524],[76.971,52.2522],[76.9677,52.2504],[76.9665,52.2513],[76.9663,52.2515],[76.9662,52.2527],[76.9658,52.2564],[76.97,52.2565],[76.97,52.2565],[76.9704,52.2534]]],"type":"MultiLineString"},"geometry_name":"shape","id":"gp_red_lines.fid--7752831e_19fb67eabdc_48f2","properties":{"area":17.554856961731,"creation_doc_id":3464,"deactivation_doc_id":null,"id":2528704},"type":"Feature"},{"bbox":[76.8327,52.444,76.84,52.449],"geometry":{"coordinates":[[[76.84,52.4446],[76.8355,52.444],[76.8327,52.4482],[76.8384,52.449],[76.84,52.4446]]],"type":"MultiLineString"},"geometry_name":"shape","id":"gp_red_lines.fid--7752831e_19fb67eabdc_48f3","properties":{"area":17.9833940687522,"creation_doc_id":3464,"deactivation_doc_id":null,"id":2528812},"type":"Feature"},{"bbox":[76.9872,52.2937,76.9934,52.2982],"geometry":{"coordinates":[[[76.9934,52.294],[76.9877,52.2937],[76.9872,52.2979],[76.9929,52.2982],[76.9934,52.294]]],"type":"MultiLineString"},"geometry_name":"shape","id":"gp_red_lines.fid--7752831e_19fb67eabdc_48f4","properties":{"area":18.2574733013561,"creation_doc_id":3464,"deactivation_doc_id":null,"id":2528901},"type":"Feature"},{"bbox":[76.9571,52.2816,76.9662,52.2855],"geometry":{"coordinates":[[[76.9659,52.2849],[76.9659,52.2849],[76.9659,52.2848],[76.9659,52.2848],[76.966,52.2847],[76.966,52.2847],[76.9661,52.2844],[76.9661,52.2844],[76.9662,52.2843],[76.9659,52.2842],[76.9653,52.2842],[76.9653,52.2842],[76.9651,52.2842],[76.9651,52.2842],[76.9651,52.2842],[76.965,52.2841],[76.965,52.2841],[76.9629,52.2829],[76.9629,52.2829],[76.9618,52.2821],[76.9613,52.2818],[76.9609,52.2817],[76.9574,52.2816],[76.9571,52.2851],[76.9659,52.2855],[76.9659,52.2849]]],"type":"MultiLineString"},"geometry_name":"shape","id":"gp_red_lines.fid--7752831e_19fb67eabdc_48f5","properties":{"area":18.623138480985,"creation_doc_id":3464,"deactivation_doc_id":null,"id":2528998},"type":"Feature"},{"bbox":[76.8261,52.4531,76.8332,52.459],"geometry":{"coordinates":[[[76.8332,52.4536],[76.8295,52.4531],[76.8261,52.4581],[76.8279,52.4585],[76.8312,52.459],[76.8332,52.4536]]],"type":"MultiLineString"},"geometry_name":"shape","id":"gp_red_lines.fid--7752831e_19fb67eabdc_48f6","properties":{"area":18.6839035750492,"creation_doc_id":3464,"deactivation_doc_id":null,"id":2529012},"type":"Feature"},{"bbox":[77.1157,52.3248,77.123,52.3299],"geometry":{"coordinates":[[[77.1221,52.328],[77.1222,52.3277],[77.123,52.3257],[77.1174,52.3248],[77.1166,52.3268],[77.1165,52.3271],[77.1157,52.329],[77.1213,52.3299],[77.1221,52.328]]],"type":"MultiLineString"},"geometry_name":"shape","id":"gp_red_lines.fid--7752831e_19fb67eabdc_48f7","properties":{"area":18.7653035945761,"creation_doc_id":3464,"deactivation_doc_id":null,"id":2529036},"type":"Feature"},{"bbox":[77.1016,52.3219,77.1313,52.3269],"geometry":{"coordinates":[[[77.1016,52.323],[77.10164545454546,52.3229],[77.1016,52.3229],[77.1016,52.323]],[[77.1268,52.3251],[77.124,52.3246],[77.1235,52.3245],[77.1183,52.3237],[77.1178,52.3236],[77.1133,52.3229],[77.1126,52.3228],[77.1121,52.3228],[77.1061,52.3223],[77.1055,52.3223],[77.1031,52.322],[77.1021,52.3219],[77.10164545454546,52.3229],[77.1017,52.3229],[77.1017,52.3228],[77.1018,52.3228],[77.1018,52.3227],[77.1019,52.3227],[77.1019,52.3226],[77.102,52.3226],[77.1021,52.3226],[77.1021,52.3225],[77.1022,52.3225],[77.1023,52.3225],[77.1024,52.3225],[77.1024,52.3224],[77.1025,52.3224],[77.1026,52.3224],[77.1027,52.3224],[77.1028,52.3224],[77.1029,52.3224],[77.103,52.3224],[77.1031,52.3224],[77.1032,52.3224],[77.1132,52.3238],[77.1273,52.3261],[77.1274,52.3261],[77.1301,52.3269],[77.1313,52.3253],[77.1311,52.3253],[77.1268,52.3251]]],"type":"MultiLineString"},"geometry_name":"shape","id":"gp_red_lines.fid--7752831e_19fb67eabdc_48f8","properties":{"area":18.7796643598084,"creation_doc_id":3464,"deactivation_doc_id":null,"id":2529040},"type":"Feature"},{"bbox":[77.099,52.1407,77.1069,52.1464],"geometry":{"coordinates":[[[77.1069,52.1427],[77.102,52.1407],[77.099,52.1449],[77.1043,52.1464],[77.1069,52.1427]]],"type":"MultiLineString"},"geometry_name":"shape","id":"gp_red_lines.fid--7752831e_19fb67eabdc_48f9","properties":{"area":19.1563912848217,"creation_doc_id":3464,"deactivation_doc_id":null,"id":2529126},"type":"Feature"},{"bbox":[76.9998,52.2866,77.0131,52.2897],"geometry":{"coordinates":[[[77.0131,52.2872],[77.0051,52.2868],[77.0051,52.2868],[77.0051,52.2868],[77.0,52.2866],[76.9998,52.288],[77.001,52.2881],[77.001,52.2881],[77.0027,52.2884],[77.0027,52.2884],[77.0039,52.2885],[77.0047,52.2886],[77.0047,52.2886],[77.0047,52.2887],[77.0053,52.2887],[77.0072,52.289],[77.0072,52.289],[77.0113,52.2895],[77.0123,52.2897],[77.0131,52.2872]]],"type":"MultiLineString"},"geometry_name":"shape","id":"gp_red_lines.fid--7752831e_19fb67eabdc_48fa","properties":{"area":19.3209406363499,"creation_doc_id":3464,"deactivation_doc_id":null,"id":2529158},"type":"Feature"},{"bbox":[76.9698,52.2689,76.9745,52.2759],"geometry":{"coordinates":[[[76.9745,52.269],[76.9706,52.2689],[76.9698,52.2757],[76.9737,52.2759],[76.9745,52.269]]],"type":"MultiLineString"},"geometry_name":"shape","id":"gp_red_lines.fid--7752831e_19fb67eabdc_48fb","properties":{"area":20.280846939775,"creation_doc_id":3464,"deactivation_doc_id":null,"id":2529386},"type":"Feature"},{"bbox":[76.9125,52.3264,76.9209,52.3299],"geometry":{"coordinates":[[[76.9209,52.3265],[76.9127,52.3264],[76.9125,52.3298],[76.9207,52.3299],[76.9209,52.3265]]],"type":"MultiLineString"},"geometry_name":"shape","id":"gp_red_lines.fid--7752831e_19fb67eabdc_48fc","properties":{"area":20.9061994407849,"creation_doc_id":3464,"deactivation_doc_id":null,"id":2529515},"type":"Feature"},{"bbox":[76.971,52.2572,76.9757,52.2646],"geometry":{"coordinates":[[[76.9757,52.2574],[76.9718,52.2572],[76.9718,52.2572],[76.971,52.2644],[76.9749,52.2646],[76.9757,52.2574]]],"type":"MultiLineString"},"geometry_name":"shape","id":"gp_red_lines.fid--7752831e_19fb67eabdc_48fd","properties":{"area":21.3407758565578,"creation_doc_id":3464,"deactivation_doc_id":null,"id":2529610},"type":"Feature"},{"bbox":[76.905,52.3242,76.9122,52.3298],"geometry":{"coordinates":[[[76.9122,52.3263],[76.9074,52.3242],[76.9056,52.3256],[76.9055,52.3257],[76.9054,52.3258],[76.9053,52.3259],[76.9052,52.3261],[76.9051,52.3262],[76.9051,52.3264],[76.905,52.3265],[76.905,52.3266],[76.905,52.3268],[76.905,52.3269],[76.905,52.3271],[76.905,52.3272],[76.905,52.3273],[76.9051,52.3275],[76.9052,52.3276],[76.9053,52.3278],[76.9053,52.3279],[76.9055,52.328],[76.9056,52.3281],[76.9057,52.3282],[76.9059,52.3284],[76.906,52.3285],[76.9062,52.3286],[76.9063,52.3287],[76.9068,52.3289],[76.9071,52.329],[76.9074,52.3291],[76.9074,52.3291],[76.9077,52.3293],[76.908,52.3294],[76.9083,52.3295],[76.9086,52.3295],[76.9089,52.3296],[76.9093,52.3297],[76.9096,52.3297],[76.9099,52.3297],[76.9103,52.3298],[76.9106,52.3298],[76.9121,52.3298],[76.9122,52.3263]]],"type":"MultiLineString"},"geometry_name":"shape","id":"gp_red_lines.fid--7752831e_19fb67eabdc_48fe","properties":{"area":21.9348480667766,"creation_doc_id":3464,"deactivation_doc_id":null,"id":2529710},"type":"Feature"},{"bbox":[76.9819,52.2877,76.9878,52.2933],"geometry":{"coordinates":[[[76.9878,52.2879],[76.9824,52.2877],[76.9819,52.2932],[76.9872,52.2933],[76.9878,52.2879]]],"type":"MultiLineString"},"geometry_name":"shape","id":"gp_red_lines.fid--7752831e_19fb67eabdc_48ff","properties":{"area":22.1890699002973,"creation_doc_id":3464,"deactivation_doc_id":null,"id":2529766},"type":"Feature"},{"bbox":[77.1055,52.3345,77.1126,52.3411],"geometry":{"coordinates":[[[77.1126,52.3353],[77.1077,52.3345],[77.1055,52.34],[77.1055,52.34],[77.1055,52.34],[77.1055,52.34],[77.1055,52.3401],[77.1055,52.3401],[77.1055,52.3401],[77.1055,52.3401],[77.1056,52.3402],[77.1056,52.3402],[77.1056,52.3402],[77.1056,52.3402],[77.1056,52.3403],[77.1057,52.3403],[77.1057,52.3403],[77.1057,52.3403],[77.1058,52.3403],[77.1058,52.3403],[77.1058,52.3404],[77.1059,52.3404],[77.1059,52.3404],[77.106,52.3404],[77.106,52.3404],[77.1061,52.3404],[77.1061,52.3404],[77.1061,52.3404],[77.1102,52.3411],[77.1126,52.3353]]],"type":"MultiLineString"},"geometry_name":"shape","id":"gp_red_lines.fid--7752831e_19fb67eabdc_4900","properties":{"area":22.8816197282764,"creation_doc_id":3464,"deactivation_doc_id":null,"id":2529911},"type":"Feature"},{"bbox":[77.1079,52.3284,77.1152,52.335],"geometry":{"coordinates":[[[77.1152,52.3292],[77.1103,52.3284],[77.1079,52.3342],[77.1128,52.335],[77.1152,52.3292]]],"type":"MultiLineString"},"geometry_name":"shape","id":"gp_red_lines.fid--7752831e_19fb67eabdc_4901","properties":{"area":22.9915126599922,"creation_doc_id":3464,"deactivation_doc_id":null,"id":2529929},"type":"Feature"},{"bbox":[76.9687,52.2762,76.9737,52.2839],"geometry":{"coordinates":[[[76.9737,52.2763],[76.9698,52.2762],[76.9692,52.2814],[76.9692,52.2814],[76.9689,52.2832],[76.9689,52.2832],[76.9689,52.2832],[76.9689,52.2832],[76.9688,52.2836],[76.9688,52.2836],[76.9687,52.2838],[76.9729,52.2839],[76.9737,52.2763]]],"type":"MultiLineString"},"geometry_name":"shape","id":"gp_red_lines.fid--7752831e_19fb67eabdc_4902","properties":{"area":23.1188346238882,"creation_doc_id":3464,"deactivation_doc_id":null,"id":2529956},"type":"Feature"},{"bbox":[76.7649,52.2488,76.773,52.2551],"geometry":{"coordinates":[[[76.773,52.2508],[76.767,52.2488],[76.7655,52.2505],[76.7649,52.2537],[76.7693,52.2551],[76.773,52.2508]]],"type":"MultiLineString"},"geometry_name":"shape","id":"gp_red_lines.fid--7752831e_19fb67eabdc_4903","properties":{"area":23.1641897627976,"creation_doc_id":3464,"deactivation_doc_id":null,"id":2529971},"type":"Feature"},{"bbox":[76.7683,52.2622,76.7795,52.2676],"geometry":{"coordinates":[[[76.7782,52.2667],[76.7795,52.2654],[76.7709,52.2622],[76.7683,52.2649],[76.7756,52.2676],[76.7782,52.2667]]],"type":"MultiLineString"},"geometry_name":"shape","id":"gp_red_lines.fid--7752831e_19fb67eabdc_4904","properties":{"area":23.2642424738199,"creation_doc_id":3464,"deactivation_doc_id":null,"id":2529996},"type":"Feature"},{"bbox":[76.7551,52.2489,76.7644,52.2564],"geometry":{"coordinates":[[[76.7637,52.2555],[76.7643,52.254],[76.7644,52.2539],[76.7635,52.2537],[76.7635,52.2537],[76.7635,52.2537],[76.7589,52.2489],[76.7551,52.2503],[76.7612,52.2564],[76.7637,52.2555]]],"type":"MultiLineString"},"geometry_name":"shape","id":"gp_red_lines.fid--7752831e_19fb67eabdc_4905","properties":{"area":23.4133809855651,"creation_doc_id":3464,"deactivation_doc_id":null,"id":2530016},"type":"Feature"},{"bbox":[76.9878,52.2879,76.994,52.2936],"geometry":{"coordinates":[[[76.994,52.2883],[76.994,52.2882],[76.994,52.2882],[76.994,52.2882],[76.994,52.2882],[76.9883,52.2879],[76.9878,52.2934],[76.9934,52.2936],[76.994,52.2883]]],"type":"MultiLineString"},"geometry_name":"shape","id":"gp_red_lines.fid--7752831e_19fb67eabdc_4906","properties":{"area":23.4732292110406,"creation_doc_id":3464,"deactivation_doc_id":null,"id":2530023},"type":"Feature"},{"bbox":[76.9789,52.2369,76.9933,52.2447],"geometry":{"coordinates":[[[76.9933,52.2371],[76.9931,52.2369],[76.9927,52.237],[76.9917,52.2374],[76.9917,52.2374],[76.99,52.2382],[76.99,52.2382],[76.99,52.2382],[76.9845,52.2394],[76.9823,52.2401],[76.9808,52.2414],[76.9808,52.2414],[76.9789,52.2428],[76.9795,52.2432],[76.9821,52.2447],[76.9933,52.2371]]],"type":"MultiLineString"},"geometry_name":"shape","id":"gp_red_lines.fid--7752831e_19fb67eabdc_4907","properties":{"area":24.3437606555988,"creation_doc_id":3464,"deactivation_doc_id":null,"id":2530155},"type":"Feature"},{"bbox":[76.9425,52.2716,76.953,52.2751],"geometry":{"coordinates":[[[76.953,52.272],[76.9428,52.2716],[76.9425,52.2749],[76.9527,52.2751],[76.953,52.272]]],"type":"MultiLineString"},"geometry_name":"shape","id":"gp_red_lines.fid--7752831e_19fb67eabdc_4908","properties":{"area":24.8197873954213,"creation_doc_id":3464,"deactivation_doc_id":null,"id":2530230},"type":"Feature"},{"bbox":[76.9404,52.2907,76.947,52.2963],"geometry":{"coordinates":[[[76.9465,52.2961],[76.9465,52.2961],[76.9466,52.2953],[76.9467,52.2944],[76.9468,52.2937],[76.9468,52.2937],[76.9468,52.2927],[76.9468,52.2927],[76.9469,52.2921],[76.9469,52.2921],[76.947,52.2916],[76.947,52.2911],[76.947,52.291],[76.9409,52.2907],[76.9406,52.2933],[76.9404,52.2962],[76.944,52.2962],[76.944,52.2962],[76.944,52.2962],[76.9465,52.2963],[76.9465,52.2961]]],"type":"MultiLineString"},"geometry_name":"shape","id":"gp_red_lines.fid--7752831e_19fb67eabdc_4909","properties":{"area":24.8898436551829,"creation_doc_id":3464,"deactivation_doc_id":null,"id":2530240},"type":"Feature"},{"bbox":[76.9433,52.2639,76.9537,52.2676],"geometry":{"coordinates":[[[76.9537,52.2643],[76.9437,52.2639],[76.9433,52.2672],[76.9534,52.2676],[76.9537,52.2643]]],"type":"MultiLineString"},"geometry_name":"shape","id":"gp_red_lines.fid--7752831e_19fb67eabdc_490a","properties":{"area":24.8937510359652,"creation_doc_id":3464,"deactivation_doc_id":null,"id":2530243},"type":"Feature"},{"bbox":[76.9673,52.2843,76.9729,52.2913],"geometry":{"coordinates":[[[76.9729,52.2845],[76.9683,52.2843],[76.968,52.2848],[76.9679,52.285],[76.9673,52.2911],[76.9721,52.2913],[76.9729,52.2845]]],"type":"MultiLineString"},"geometry_name":"shape","id":"gp_red_lines.fid--7752831e_19fb67eabdc_490b","properties":{"area":25.0748568526712,"creation_doc_id":3464,"deactivation_doc_id":null,"id":2530263},"type":"Feature"},{"bbox":[76.9645,52.2413,76.9778,52.2498],"geometry":{"coordinates":[[[76.9778,52.2431],[76.9756,52.2416],[76.9751,52.2413],[76.9749,52.2413],[76.9745,52.2413],[76.9743,52.2415],[76.9741,52.2416],[76.974,52.2417],[76.9739,52.242],[76.9739,52.242],[76.9735,52.2424],[76.9735,52.2424],[76.9728,52.2432],[76.9725,52.2436],[76.9725,52.2436],[76.9725,52.2436],[76.972,52.2441],[76.972,52.2441],[76.9708,52.245],[76.9708,52.245],[76.97,52.2455],[76.9694,52.2459],[76.9694,52.2459],[76.9678,52.2467],[76.9678,52.2467],[76.9657,52.2474],[76.9657,52.2474],[76.9657,52.2474],[76.9651,52.2476],[76.9645,52.2478],[76.9652,52.2484],[76.9654,52.2484],[76.9654,52.2484],[76.9654,52.2484],[76.9679,52.2498],[76.9778,52.2431]]],"type":"MultiLineString"},"geometry_name":"shape","id":"gp_red_lines.fid--7752831e_19fb67eabdc_490c","properties":{"area":25.2441346064155,"creation_doc_id":3464,"deactivation_doc_id":null,"id":2530283},"type":"Feature"},{"bbox":[76.9191,52.3105,76.928,52.3156],"geometry":{"coordinates":[[[76.928,52.3105],[76.9237,52.3108],[76.9191,52.3146],[76.9207,52.3155],[76.9279,52.3156],[76.928,52.3105]]],"type":"MultiLineString"},"geometry_name":"shape","id":"gp_red_lines.fid--7752831e_19fb67eabdc_490d","properties":{"area":25.3865568818104,"creation_doc_id":3464,"deactivation_doc_id":null,"id":2530302},"type":"Feature"},{"bbox":[76.9667,52.2919,76.9731,52.2987],"geometry":{"coordinates":[[[76.9731,52.2986],[76.9726,52.2966],[76.9722,52.2948],[76.9722,52.2948],[76.9719,52.2935],[76.9719,52.2935],[76.9718,52.293],[76.9718,52.293],[76.9718,52.2925],[76.9718,52.2925],[76.9718,52.2925],[76.9718,52.2925],[76.9718,52.2925],[76.9719,52.2922],[76.9717,52.2921],[76.9672,52.2919],[76.9667,52.2973],[76.9667,52.2973],[76.9667,52.2975],[76.9713,52.2987],[76.9715,52.2987],[76.9731,52.2986]]],"type":"MultiLineString"},"geometry_name":"shape","id":"gp_red_lines.fid--7752831e_19fb67eabdc_490e","properties":{"area":25.6393499556642,"creation_doc_id":3464,"deactivation_doc_id":null,"id":2530343},"type":"Feature"},{"bbox":[77.1192,52.3302,77.1272,52.3369],"geometry":{"coordinates":[[[77.1272,52.3311],[77.1216,52.3302],[77.1192,52.336],[77.1248,52.3369],[77.1272,52.3311]]],"type":"MultiLineString"},"geometry_name":"shape","id":"gp_red_lines.fid--7752831e_19fb67eabdc_490f","properties":{"area":26.0599541431857,"creation_doc_id":3464,"deactivation_doc_id":null,"id":2530406},"type":"Feature"},{"bbox":[77.1107,52.3353,77.1187,52.342],"geometry":{"coordinates":[[[77.1187,52.3362],[77.1131,52.3353],[77.1107,52.3411],[77.1163,52.342],[77.1187,52.3362]]],"type":"MultiLineString"},"geometry_name":"shape","id":"gp_red_lines.fid--7752831e_19fb67eabdc_4910","properties":{"area":26.0861610237948,"creation_doc_id":3464,"deactivation_doc_id":null,"id":2530410},"type":"Feature"},{"bbox":[77.1167,52.3363,77.1247,52.3429],"geometry":{"coordinates":[[[77.1219,52.3429],[77.1219,52.3429],[77.122,52.3429],[77.122,52.3429],[77.122,52.3429],[77.1221,52.3429],[77.1221,52.3429],[77.1222,52.3429],[77.1222,52.3429],[77.1222,52.3428],[77.1223,52.3428],[77.1223,52.3428],[77.1223,52.3428],[77.1223,52.3428],[77.1224,52.3428],[77.1224,52.3427],[77.1224,52.3427],[77.1224,52.3427],[77.1224,52.3427],[77.1224,52.3426],[77.1225,52.3426],[77.1247,52.3372],[77.1191,52.3363],[77.1167,52.3421],[77.1216,52.3429],[77.1217,52.3429],[77.1217,52.3429],[77.1217,52.3429],[77.1217,52.3429],[77.1217,52.3429],[77.1217,52.3429],[77.1218,52.3429],[77.1218,52.3429],[77.1219,52.3429],[77.1219,52.3429]]],"type":"MultiLineString"},"geometry_name":"shape","id":"gp_red_lines.fid--7752831e_19fb67eabdc_4911","properties":{"area":26.0871455193829,"creation_doc_id":3464,"deactivation_doc_id":null,"id":2530412},"type":"Feature"},{"bbox":[77.1132,52.3293,77.1212,52.336],"geometry":{"coordinates":[[[77.1212,52.3301],[77.1156,52.3293],[77.1132,52.3351],[77.1188,52.336],[77.1212,52.3301]]],"type":"MultiLineString"},"geometry_name":"shape","id":"gp_red_lines.fid--7752831e_19fb67eabdc_4912","properties":{"area":26.088601871578,"creation_doc_id":3464,"deactivation_doc_id":null,"id":2530414},"type":"Feature"},{"bbox":[76.7527,52.2316,76.7647,52.2381],"geometry":{"coordinates":[[[76.7641,52.2358],[76.7647,52.235],[76.754,52.2316],[76.7534,52.233],[76.7534,52.233],[76.7533,52.2331],[76.7533,52.2331],[76.7533,52.2331],[76.7533,52.2331],[76.7533,52.2331],[76.7533,52.2331],[76.7527,52.2337],[76.7613,52.2381],[76.7641,52.2358]]],"type":"MultiLineString"},"geometry_name":"shape","id":"gp_red_lines.fid--7752831e_19fb67eabdc_4913","properties":{"area":26.0941371426191,"creation_doc_id":3464,"deactivation_doc_id":null,"id":2530415},"type":"Feature"},{"bbox":[77.0182,52.2912,77.0259,52.2971],"geometry":{"coordinates":[[[77.0259,52.2937],[77.0259,52.2929],[77.0259,52.2929],[77.0259,52.2929],[77.0259,52.2928],[77.0259,52.2921],[77.0259,52.2921],[77.0259,52.2921],[77.0259,52.2921],[77.0259,52.2921],[77.0259,52.2921],[77.0259,52.2921],[77.0259,52.2921],[77.0259,52.2921],[77.0259,52.2921],[77.0259,52.2921],[77.0259,52.292],[77.0259,52.292],[77.0259,52.292],[77.0259,52.292],[77.0259,52.292],[77.0259,52.292],[77.0259,52.292],[77.0259,52.292],[77.0259,52.292],[77.0259,52.292],[77.0246,52.2918],[77.0238,52.2917],[77.0224,52.2915],[77.0209,52.2914],[77.0209,52.2914],[77.02,52.2912],[77.0182,52.296],[77.0188,52.2961],[77.0188,52.2961],[77.0231,52.2967],[77.0231,52.2967],[77.0246,52.297],[77.0258,52.2971],[77.0259,52.2937]]],"type":"MultiLineString"},"geometry_name":"shape","id":"gp_red_lines.fid--7752831e_19fb67eabdc_4914","properties":{"area":26.1933990530322,"creation_doc_id":3464,"deactivation_doc_id":null,"id":2530436},"type":"Feature"},{"bbox":[77.0166,52.2963,77.0258,52.3015],"geometry":{"coordinates":[[[77.0255,52.3001],[77.0255,52.3001],[77.0255,52.3],[77.0255,52.3],[77.0255,52.3],[77.0255,52.3],[77.0256,52.3],[77.0256,52.3],[77.0256,52.2999],[77.0256,52.2999],[77.0256,52.2999],[77.0256,52.2999],[77.0256,52.2999],[77.0256,52.2998],[77.0256,52.2998],[77.0256,52.2998],[77.0256,52.2998],[77.0257,52.2998],[77.0257,52.2997],[77.0257,52.2997],[77.0257,52.2997],[77.0257,52.2997],[77.0257,52.2996],[77.0257,52.2996],[77.0257,52.2996],[77.0257,52.2996],[77.0257,52.2996],[77.0257,52.2995],[77.0257,52.2995],[77.0257,52.2995],[77.0257,52.2995],[77.0257,52.2995],[77.0257,52.2994],[77.0258,52.2975],[77.0181,52.2963],[77.0166,52.3004],[77.0248,52.3015],[77.0255,52.3001]]],"type":"MultiLineString"},"geometry_name":"shape","id":"gp_red_lines.fid--7752831e_19fb67eabdc_4915","properties":{"area":26.215105835621,"creation_doc_id":3464,"deactivation_doc_id":null,"id":2530441},"type":"Feature"},{"bbox":[77.0546,52.1367,77.0689,52.1547],"geometry":{"coordinates":[[[77.0637,52.1442],[77.0637,52.1442],[77.064,52.1439],[77.064,52.1439],[77.0689,52.1371],[77.0673,52.1367],[77.0546,52.1543],[77.0566,52.1547],[77.0637,52.1442]]],"type":"MultiLineString"},"geometry_name":"shape","id":"gp_red_lines.fid--7752831e_19fb67eabdc_4916","properties":{"area":26.7700425271329,"creation_doc_id":3464,"deactivation_doc_id":null,"id":2530516},"type":"Feature"},{"bbox":[76.8828,52.327,76.8932,52.3344],"geometry":{"coordinates":[[[76.8908,52.331],[76.8908,52.331],[76.8908,52.331],[76.891,52.3308],[76.891,52.3308],[76.8932,52.3289],[76.8914,52.3281],[76.8914,52.3281],[76.8911,52.328],[76.8911,52.328],[76.8911,52.328],[76.8911,52.328],[76.8907,52.3278],[76.8907,52.3278],[76.8907,52.3278],[76.8888,52.327],[76.8867,52.329],[76.8867,52.329],[76.8864,52.3292],[76.8864,52.3292],[76.8828,52.3326],[76.8873,52.3344],[76.8908,52.331]]],"type":"MultiLineString"},"geometry_name":"shape","id":"gp_red_lines.fid--7752831e_19fb67eabdc_4917","properties":{"area":26.7813780203955,"creation_doc_id":3464,"deactivation_doc_id":null,"id":2530521},"type":"Feature"},{"bbox":[76.929,52.3099,76.9368,52.3156],"geometry":{"coordinates":[[[76.9297,52.3152],[76.9304,52.3148],[76.9305,52.3147],[76.9305,52.3147],[76.9305,52.3147],[76.9306,52.3147],[76.9306,52.3147],[76.9306,52.3147],[76.9306,52.3147],[76.9306,52.3147],[76.9307,52.3147],[76.9368,52.3148],[76.9368,52.3099],[76.9292,52.3104],[76.929,52.3156],[76.9297,52.3152]]],"type":"MultiLineString"},"geometry_name":"shape","id":"gp_red_lines.fid--7752831e_19fb67eabdc_4918","properties":{"area":27.0466992796883,"creation_doc_id":3464,"deactivation_doc_id":null,"id":2530565},"type":"Feature"},{"bbox":[76.9467,52.2973,76.961,52.3009],"geometry":{"coordinates":[[[76.9558,52.3004],[76.9558,52.3004],[76.9608,52.2997],[76.961,52.2975],[76.9568,52.2973],[76.9512,52.2984],[76.9512,52.2984],[76.9512,52.2984],[76.9512,52.2984],[76.9512,52.2984],[76.9467,52.2992],[76.9476,52.3009],[76.9536,52.3009],[76.9558,52.3004]]],"type":"MultiLineString"},"geometry_name":"shape","id":"gp_red_lines.fid--7752831e_19fb67eabdc_4919","properties":{"area":27.0752126854038,"creation_doc_id":3464,"deactivation_doc_id":null,"id":2530569},"type":"Feature"},{"bbox":[76.9429,52.2676,76.9534,52.2716],"geometry":{"coordinates":[[[76.9534,52.268],[76.9432,52.2676],[76.9429,52.2711],[76.953,52.2716],[76.9534,52.268]]],"type":"MultiLineString"},"geometry_name":"shape","id":"gp_red_lines.fid--7752831e_19fb67eabdc_491a","properties":{"area":27.3002193661704,"creation_doc_id":3464,"deactivation_doc_id":null,"id":2530602},"type":"Feature"},{"bbox":[76.962,52.2759,76.9678,52.2837],"geometry":{"coordinates":[[[76.9667,52.2837],[76.9669,52.2833],[76.967,52.283],[76.9672,52.2813],[76.9678,52.2762],[76.9624,52.2759],[76.962,52.2814],[76.9624,52.2817],[76.9624,52.2817],[76.9636,52.2825],[76.9655,52.2837],[76.9666,52.2837],[76.9667,52.2837]]],"type":"MultiLineString"},"geometry_name":"shape","id":"gp_red_lines.fid--7752831e_19fb67eabdc_491b","properties":{"area":27.4045419196041,"creation_doc_id":3464,"deactivation_doc_id":null,"id":2530621},"type":"Feature"},{"bbox":[76.9554,52.2525,76.9656,52.2564],"geometry":{"coordinates":[[[76.9656,52.2528],[76.9621,52.2526],[76.9571,52.2525],[76.957,52.2525],[76.9559,52.2527],[76.9556,52.2528],[76.9554,52.2559],[76.9554,52.2561],[76.9554,52.2561],[76.9554,52.2561],[76.9555,52.2561],[76.9555,52.2561],[76.9556,52.2561],[76.9556,52.2561],[76.9557,52.2561],[76.9557,52.2561],[76.9558,52.2561],[76.9558,52.2561],[76.9559,52.2561],[76.9559,52.2561],[76.956,52.2561],[76.956,52.2561],[76.9561,52.2562],[76.9561,52.2562],[76.9562,52.2562],[76.9562,52.2562],[76.9563,52.2562],[76.9563,52.2562],[76.9563,52.2562],[76.9653,52.2564],[76.9656,52.2528]]],"type":"MultiLineString"},"geometry_name":"shape","id":"gp_red_lines.fid--7752831e_19fb67eabdc_491c","properties":{"area":27.74756216465,"creation_doc_id":3464,"deactivation_doc_id":null,"id":2530674},"type":"Feature"},{"bbox":[76.8935,52.3197,76.9058,52.3256],"geometry":{"coordinates":[[[76.9014,52.3256],[76.9016,52.3256],[76.9019,52.3256],[76.9021,52.3255],[76.9024,52.3255],[76.9026,52.3254],[76.9029,52.3254],[76.9031,52.3253],[76.9033,52.3252],[76.9035,52.3251],[76.9037,52.325],[76.9039,52.3249],[76.9043,52.3247],[76.9058,52.3235],[76.8973,52.3197],[76.8948,52.3219],[76.894,52.3225],[76.894,52.3225],[76.8935,52.3229],[76.8941,52.3231],[76.8941,52.3231],[76.8941,52.3231],[76.8965,52.3241],[76.8965,52.3241],[76.8987,52.3251],[76.899,52.3252],[76.8992,52.3253],[76.8994,52.3254],[76.8996,52.3254],[76.8999,52.3255],[76.9001,52.3255],[76.9004,52.3256],[76.9006,52.3256],[76.9009,52.3256],[76.9011,52.3256],[76.9014,52.3256]]],"type":"MultiLineString"},"geometry_name":"shape","id":"gp_red_lines.fid--7752831e_19fb67eabdc_491d","properties":{"area":29.1363142345166,"creation_doc_id":3464,"deactivation_doc_id":null,"id":2530834},"type":"Feature"},{"bbox":[76.9683,52.2434,76.9812,52.2518],"geometry":{"coordinates":[[[76.9737,52.2504],[76.9737,52.2504],[76.9739,52.2503],[76.9758,52.249],[76.9758,52.249],[76.9779,52.2475],[76.9779,52.2475],[76.9812,52.2453],[76.9781,52.2434],[76.9683,52.25],[76.9715,52.2518],[76.9737,52.2504]]],"type":"MultiLineString"},"geometry_name":"shape","id":"gp_red_lines.fid--7752831e_19fb67eabdc_491e","properties":{"area":29.285156560272,"creation_doc_id":3464,"deactivation_doc_id":null,"id":2530855},"type":"Feature"},{"bbox":[77.1245,52.3181,77.134,52.3239],"geometry":{"coordinates":[[[77.134,52.3192],[77.1267,52.3181],[77.1245,52.3232],[77.1273,52.3237],[77.132,52.3239],[77.134,52.3192]]],"type":"MultiLineString"},"geometry_name":"shape","id":"gp_red_lines.fid--7752831e_19fb67eabdc_491f","properties":{"area":29.442913741778,"creation_doc_id":3464,"deactivation_doc_id":null,"id":2530876},"type":"Feature"},{"bbox":[76.889,52.3245,76.9006,52.3309],"geometry":{"coordinates":[[[76.9005,52.3289],[76.9005,52.3289],[76.9005,52.3289],[76.9005,52.3289],[76.9006,52.3289],[76.9006,52.3288],[76.9006,52.3288],[76.9006,52.3288],[76.9006,52.3288],[76.9006,52.3287],[76.9005,52.3287],[76.9005,52.3287],[76.9005,52.3287],[76.9005,52.3286],[76.9005,52.3286],[76.9005,52.3286],[76.9005,52.3286],[76.9005,52.3286],[76.9004,52.3285],[76.9004,52.3285],[76.9003,52.3283],[76.9003,52.3283],[76.9002,52.3282],[76.9002,52.3282],[76.9001,52.328],[76.9001,52.328],[76.9,52.3278],[76.9,52.3278],[76.9,52.3276],[76.9,52.3276],[76.8999,52.3274],[76.8999,52.3274],[76.8999,52.3273],[76.8999,52.3273],[76.8999,52.3271],[76.8999,52.3271],[76.8999,52.327],[76.8999,52.327],[76.8999,52.327],[76.8999,52.3269],[76.8999,52.3269],[76.8999,52.3269],[76.8999,52.3269],[76.8999,52.3268],[76.8999,52.3268],[76.8998,52.3268],[76.8998,52.3268],[76.8998,52.3268],[76.8998,52.3267],[76.8998,52.3267],[76.8997,52.3267],[76.8997,52.3267],[76.8997,52.3267],[76.8996,52.3267],[76.8983,52.3262],[76.8983,52.3262],[76.8957,52.3251],[76.8915,52.3246],[76.8915,52.3246],[76.8914,52.3245],[76.8894,52.3264],[76.889,52.3267],[76.8911,52.3276],[76.8911,52.3276],[76.8911,52.3276],[76.8911,52.3276],[76.898,52.3306],[76.8996,52.3309],[76.9005,52.3289]]],"type":"MultiLineString"},"geometry_name":"shape","id":"gp_red_lines.fid--7752831e_19fb67eabdc_4920","properties":{"area":29.978530657981,"creation_doc_id":3464,"deactivation_doc_id":null,"id":2530944},"type":"Feature"},{"bbox":[76.9724,52.2926,76.9809,52.2986],"geometry":{"coordinates":[[[76.9804,52.298],[76.9809,52.2934],[76.9773,52.2933],[76.9772,52.2933],[76.9766,52.2933],[76.9766,52.2933],[76.9762,52.2932],[76.9762,52.2932],[76.9761,52.2932],[76.9761,52.2932],[76.9757,52.2931],[76.9757,52.2931],[76.9757,52.2931],[76.9754,52.2929],[76.975,52.2928],[76.9746,52.2928],[76.9728,52.2927],[76.9725,52.2926],[76.9725,52.2926],[76.9724,52.2926],[76.9724,52.293],[76.9725,52.2935],[76.9727,52.2948],[76.9732,52.2965],[76.9732,52.2965],[76.9736,52.2986],[76.9804,52.298]]],"type":"MultiLineString"},"geometry_name":"shape","id":"gp_red_lines.fid--7752831e_19fb67eabdc_4921","properties":{"area":30.1054653237125,"creation_doc_id":3464,"deactivation_doc_id":null,"id":2530963},"type":"Feature"},{"bbox":[76.7673,52.2466,76.7881,52.2571],"geometry":{"coordinates":[[[76.7881,52.2571],[76.788,52.2566],[76.788,52.2566],[76.7876,52.2542],[76.7859,52.2542],[76.7859,52.2542],[76.7859,52.2542],[76.7859,52.2542],[76.7858,52.2542],[76.7858,52.2542],[76.7858,52.2542],[76.7858,52.2542],[76.7858,52.2542],[76.7858,52.2542],[76.7858,52.2542],[76.7858,52.2542],[76.7858,52.2542],[76.7858,52.2542],[76.7857,52.2542],[76.7857,52.2542],[76.7857,52.2542],[76.7857,52.2542],[76.7857,52.2542],[76.7857,52.2542],[76.7857,52.2542],[76.7857,52.2542],[76.7857,52.2542],[76.7797,52.2514],[76.7793,52.2513],[76.7793,52.2513],[76.7689,52.2466],[76.7673,52.2485],[76.7734,52.2505],[76.7734,52.2505],[76.7734,52.2505],[76.7782,52.2527],[76.7787,52.2529],[76.7787,52.2529],[76.7881,52.2571],[76.7881,52.2571]]],"type":"MultiLineString"},"geometry_name":"shape","id":"gp_red_lines.fid--7752831e_19fb67eabdc_4922","properties":{"area":30.6949596968596,"creation_doc_id":3464,"deactivation_doc_id":null,"id":2531021},"type":"Feature"},{"bbox":[77.071,52.1308,77.0808,52.1386],"geometry":{"coordinates":[[[77.0808,52.1322],[77.0755,52.1308],[77.071,52.1372],[77.0763,52.1386],[77.0808,52.1322]]],"type":"MultiLineString"},"geometry_name":"shape","id":"gp_red_lines.fid--7752831e_19fb67eabdc_4923","properties":{"area":30.8666727422439,"creation_doc_id":3464,"deactivation_doc_id":null,"id":2531043},"type":"Feature"},{"bbox":[76.7319,52.2375,76.742,52.2445],"geometry":{"coordinates":[[[76.7413,52.244],[76.7415,52.2437],[76.7416,52.2434],[76.7418,52.2431],[76.7419,52.2428],[76.7419,52.2425],[76.742,52.2422],[76.742,52.2419],[76.742,52.2416],[76.7419,52.2413],[76.7418,52.241],[76.7417,52.2407],[76.7416,52.2405],[76.7414,52.2402],[76.7412,52.2399],[76.741,52.2397],[76.737,52.238],[76.737,52.238],[76.7358,52.2375],[76.7337,52.2394],[76.7337,52.2394],[76.7337,52.2394],[76.7337,52.2394],[76.7337,52.2394],[76.7337,52.2394],[76.7337,52.2394],[76.7321,52.2412],[76.7321,52.2412],[76.7319,52.2414],[76.7319,52.2414],[76.7319,52.2414],[76.7319,52.2414],[76.7319,52.2414],[76.7319,52.2414],[76.7319,52.2415],[76.7319,52.2415],[76.7319,52.2415],[76.7319,52.2415],[76.7319,52.2415],[76.7319,52.2416],[76.7319,52.2416],[76.7319,52.2416],[76.7319,52.2416],[76.7319,52.2416],[76.732,52.2416],[76.732,52.2417],[76.732,52.2417],[76.732,52.2417],[76.732,52.2417],[76.7321,52.2417],[76.7321,52.2417],[76.7321,52.2417],[76.7321,52.2418],[76.7322,52.2418],[76.7322,52.2418],[76.7322,52.2418],[76.7322,52.2418],[76.7322,52.2418],[76.7368,52.2432],[76.7409,52.2445],[76.7413,52.244]]],"type":"MultiLineString"},"geometry_name":"shape","id":"gp_red_lines.fid--7752831e_19fb67eabdc_4924","properties":{"area":31.2634512334601,"creation_doc_id":3464,"deactivation_doc_id":null,"id":2531078},"type":"Feature"},{"bbox":[76.9706,52.265,76.984,52.2688],"geometry":{"coordinates":[[[76.971,52.265],[76.9706,52.2683],[76.97450617084965,52.26844909049045],[76.9749,52.2652],[76.971,52.265]],[[76.9837,52.2688],[76.984,52.2655],[76.9754,52.2652],[76.9750038682938,52.2684680865761],[76.9837,52.2688]],[[76.9750038682938,52.2684680865761],[76.97450617084965,52.26844909049045],[76.9745,52.2685],[76.975,52.2685],[76.9750038682938,52.2684680865761]]],"type":"MultiLineString"},"geometry_name":"shape","id":"gp_red_lines.fid--7752831e_19fb67eabdc_4925","properties":{"area":31.6781046373921,"creation_doc_id":3464,"deactivation_doc_id":null,"id":2531127},"type":"Feature"},{"bbox":[77.0891,52.1523,77.099,52.1603],"geometry":{"coordinates":[[[77.099,52.1537],[77.0937,52.1523],[77.0891,52.1588],[77.0944,52.1603],[77.099,52.1537]]],"type":"MultiLineString"},"geometry_name":"shape","id":"gp_red_lines.fid--7752831e_19fb67eabdc_4926","properties":{"area":31.7298406631462,"creation_doc_id":3464,"deactivation_doc_id":null,"id":2531138},"type":"Feature"},{"bbox":[76.9935,52.294,77.004,52.2986],"geometry":{"coordinates":[[[77.004,52.2946],[77.0037,52.2946],[77.0036,52.2946],[77.0035,52.2946],[77.0035,52.2946],[77.0035,52.2946],[77.003,52.2944],[76.9984,52.2942],[76.9977,52.2942],[76.9977,52.2942],[76.9961,52.2941],[76.9961,52.2941],[76.9951,52.2941],[76.9939,52.294],[76.9935,52.2982],[77.0035,52.2986],[77.004,52.2946]]],"type":"MultiLineString"},"geometry_name":"shape","id":"gp_red_lines.fid--7752831e_19fb67eabdc_4927","properties":{"area":32.1335430059603,"creation_doc_id":3464,"deactivation_doc_id":null,"id":2531192},"type":"Feature"},{"bbox":[77.1163,52.3107,77.126,52.3184],"geometry":{"coordinates":[[[77.117,52.3184],[77.1172,52.3184],[77.1174,52.3183],[77.1175,52.3183],[77.1177,52.3183],[77.1178,52.3182],[77.1178,52.3182],[77.121,52.3175],[77.1211,52.3174],[77.1212,52.3174],[77.1213,52.3174],[77.1214,52.3173],[77.1215,52.3173],[77.1216,52.3172],[77.1217,52.3172],[77.1217,52.3171],[77.1218,52.317],[77.1219,52.317],[77.1219,52.3169],[77.122,52.3168],[77.122,52.3168],[77.1226,52.3159],[77.1227,52.3158],[77.1227,52.3158],[77.1228,52.3157],[77.1228,52.3157],[77.1229,52.3156],[77.1229,52.3156],[77.1229,52.3156],[77.123,52.3155],[77.123,52.3155],[77.1231,52.3154],[77.1231,52.3154],[77.1232,52.3153],[77.1232,52.3153],[77.1233,52.3152],[77.1234,52.3152],[77.1235,52.3151],[77.1235,52.3151],[77.1237,52.3151],[77.1237,52.3151],[77.1238,52.315],[77.1238,52.315],[77.124,52.3149],[77.1243,52.3148],[77.1244,52.3147],[77.1245,52.3146],[77.1246,52.3145],[77.1247,52.3144],[77.1248,52.3143],[77.1248,52.3142],[77.1249,52.314],[77.1249,52.314],[77.126,52.3116],[77.1203,52.3107],[77.1203,52.3107],[77.1202,52.3107],[77.1201,52.3107],[77.1201,52.3107],[77.12,52.3107],[77.12,52.3107],[77.1199,52.3107],[77.1198,52.3107],[77.1198,52.3107],[77.1197,52.3107],[77.1196,52.3108],[77.1196,52.3108],[77.1195,52.3108],[77.1195,52.3108],[77.1194,52.3108],[77.1194,52.3109],[77.1193,52.3109],[77.1193,52.3109],[77.1193,52.311],[77.1192,52.311],[77.1163,52.3183],[77.1169,52.3184],[77.117,52.3184]]],"type":"MultiLineString"},"geometry_name":"shape","id":"gp_red_lines.fid--7752831e_19fb67eabdc_4928","properties":{"area":32.1451954071288,"creation_doc_id":3464,"deactivation_doc_id":null,"id":2531195},"type":"Feature"},{"bbox":[77.094,52.1452,77.1041,52.1534],"geometry":{"coordinates":[[[77.1041,52.1467],[77.0988,52.1452],[77.094,52.152],[77.0993,52.1534],[77.1041,52.1467]]],"type":"MultiLineString"},"geometry_name":"shape","id":"gp_red_lines.fid--7752831e_19fb67eabdc_4929","properties":{"area":32.6360330244694,"creation_doc_id":3464,"deactivation_doc_id":null,"id":2531241},"type":"Feature"},{"bbox":[76.9534,52.2477,76.9673,52.2525],"geometry":{"coordinates":[[[76.9553,52.2525],[76.9553,52.2525],[76.9553,52.2525],[76.9553,52.2525],[76.9557,52.2524],[76.9557,52.2524],[76.9568,52.2522],[76.9568,52.2522],[76.9573,52.2521],[76.9573,52.2521],[76.9573,52.2521],[76.9621,52.2523],[76.9621,52.2523],[76.9657,52.2525],[76.9658,52.2515],[76.9658,52.2515],[76.9659,52.2513],[76.9659,52.2513],[76.966,52.2511],[76.966,52.2511],[76.9673,52.2502],[76.9647,52.2488],[76.9645,52.2487],[76.9645,52.2487],[76.9639,52.2483],[76.9638,52.2482],[76.9636,52.2481],[76.9635,52.248],[76.9633,52.248],[76.9632,52.2479],[76.963,52.2479],[76.9628,52.2478],[76.9626,52.2478],[76.9625,52.2478],[76.9623,52.2478],[76.9621,52.2477],[76.9617,52.2477],[76.9613,52.2477],[76.9607,52.2478],[76.9602,52.2479],[76.9598,52.248],[76.9594,52.2481],[76.9588,52.2483],[76.9576,52.2486],[76.9575,52.2487],[76.9575,52.2487],[76.9573,52.2487],[76.9567,52.249],[76.9566,52.249],[76.9564,52.2491],[76.9563,52.2492],[76.9562,52.2493],[76.956,52.2494],[76.9559,52.2495],[76.9558,52.2496],[76.9558,52.2496],[76.9558,52.2496],[76.9534,52.2521],[76.9542,52.2523],[76.9552,52.2525],[76.9553,52.2525]]],"type":"MultiLineString"},"geometry_name":"shape","id":"gp_red_lines.fid--7752831e_19fb67eabdc_492a","properties":{"area":33.5125303079345,"creation_doc_id":3464,"deactivation_doc_id":null,"id":2531332},"type":"Feature"},{"bbox":[77.1268,52.3121,77.1363,52.3189],"geometry":{"coordinates":[[[77.1363,52.3136],[77.1363,52.3136],[77.1363,52.3136],[77.1363,52.3135],[77.1362,52.3135],[77.1362,52.3135],[77.1362,52.3134],[77.1362,52.3134],[77.1362,52.3134],[77.1361,52.3133],[77.1361,52.3133],[77.1361,52.3133],[77.1361,52.3133],[77.136,52.3132],[77.136,52.3132],[77.1359,52.3132],[77.1359,52.3132],[77.1358,52.3131],[77.1358,52.3131],[77.1357,52.3131],[77.1357,52.3131],[77.1356,52.3131],[77.1356,52.3131],[77.1355,52.3131],[77.1355,52.3131],[77.1292,52.3121],[77.1268,52.3178],[77.1341,52.3189],[77.1363,52.3136]]],"type":"MultiLineString"},"geometry_name":"shape","id":"gp_red_lines.fid--7752831e_19fb67eabdc_492b","properties":{"area":33.5814334612542,"creation_doc_id":3464,"deactivation_doc_id":null,"id":2531343},"type":"Feature"},{"bbox":[76.9523,52.2873,76.9657,52.2911],"geometry":{"coordinates":[[[76.9657,52.2878],[76.9526,52.2873],[76.9523,52.2906],[76.9653,52.2911],[76.9657,52.2878]]],"type":"MultiLineString"},"geometry_name":"shape","id":"gp_red_lines.fid--7752831e_19fb67eabdc_492c","properties":{"area":33.5946318057714,"creation_doc_id":3464,"deactivation_doc_id":null,"id":2531344},"type":"Feature"},{"bbox":[76.953,52.2756,76.9618,52.2812],"geometry":{"coordinates":[[[76.9618,52.2759],[76.9535,52.2756],[76.953,52.281],[76.9609,52.2811],[76.9609,52.2811],[76.961,52.2812],[76.9614,52.2812],[76.9618,52.2759]]],"type":"MultiLineString"},"geometry_name":"shape","id":"gp_red_lines.fid--7752831e_19fb67eabdc_492d","properties":{"area":33.7712376170213,"creation_doc_id":3464,"deactivation_doc_id":null,"id":2531358},"type":"Feature"},{"bbox":[77.006,52.225,77.0186,52.2325],"geometry":{"coordinates":[[[77.0186,52.2269],[77.0149,52.225],[77.013,52.2251],[77.01,52.2271],[77.006,52.2301],[77.0105,52.2325],[77.0186,52.2269]]],"type":"MultiLineString"},"geometry_name":"shape","id":"gp_red_lines.fid--7752831e_19fb67eabdc_492e","properties":{"area":34.273257330843,"creation_doc_id":3464,"deactivation_doc_id":null,"id":2531424},"type":"Feature"},{"bbox":[76.8373,52.4324,76.8474,52.4387],"geometry":{"coordinates":[[[76.8474,52.4336],[76.8383,52.4324],[76.8373,52.4374],[76.8456,52.4387],[76.8474,52.4336]]],"type":"MultiLineString"},"geometry_name":"shape","id":"gp_red_lines.fid--7752831e_19fb67eabdc_492f","properties":{"area":34.7978048500511,"creation_doc_id":3464,"deactivation_doc_id":null,"id":2531470},"type":"Feature"},{"bbox":[76.9561,52.2914,76.9653,52.2971],"geometry":{"coordinates":[[[76.9648,52.297],[76.9653,52.2917],[76.9566,52.2914],[76.9561,52.2967],[76.9647,52.2971],[76.9648,52.297]]],"type":"MultiLineString"},"geometry_name":"shape","id":"gp_red_lines.fid--7752831e_19fb67eabdc_4930","properties":{"area":35.5872066414234,"creation_doc_id":3464,"deactivation_doc_id":null,"id":2531535},"type":"Feature"},{"bbox":[76.8877,52.329,76.8994,52.3363],"geometry":{"coordinates":[[[76.8982,52.3336],[76.8982,52.3336],[76.8982,52.3336],[76.8984,52.3333],[76.8984,52.3333],[76.8984,52.3333],[76.8994,52.3312],[76.898,52.3309],[76.898,52.3309],[76.8976,52.3307],[76.8976,52.3307],[76.8968,52.3304],[76.8965,52.3303],[76.8965,52.3303],[76.8961,52.3301],[76.8961,52.3301],[76.8957,52.33],[76.8957,52.33],[76.8942,52.3293],[76.8942,52.3293],[76.8942,52.3293],[76.8938,52.3291],[76.8936,52.329],[76.8914,52.331],[76.8914,52.331],[76.8914,52.331],[76.8911,52.3312],[76.8911,52.3312],[76.8911,52.3312],[76.8877,52.3345],[76.8969,52.3363],[76.8982,52.3336]]],"type":"MultiLineString"},"geometry_name":"shape","id":"gp_red_lines.fid--7752831e_19fb67eabdc_4931","properties":{"area":36.124781278016,"creation_doc_id":3464,"deactivation_doc_id":null,"id":2531591},"type":"Feature"},{"bbox":[76.9292,52.2967,76.9465,52.3014],"geometry":{"coordinates":[[[76.9298,52.3013],[76.9303,52.3013],[76.9318,52.3011],[76.9339,52.3008],[76.9363,52.3004],[76.9373,52.3003],[76.9373,52.3003],[76.9382,52.3002],[76.9391,52.3],[76.9412,52.2996],[76.9422,52.2994],[76.9422,52.2994],[76.9437,52.2992],[76.9442,52.2991],[76.9449,52.299],[76.9449,52.299],[76.9463,52.2987],[76.9465,52.2969],[76.9439,52.2967],[76.9392,52.2967],[76.9373,52.2971],[76.9373,52.2971],[76.933,52.2978],[76.9299,52.2984],[76.9298,52.2987],[76.9295,52.3001],[76.9294,52.3008],[76.9294,52.3008],[76.9293,52.301],[76.9292,52.3014],[76.9298,52.3013]]],"type":"MultiLineString"},"geometry_name":"shape","id":"gp_red_lines.fid--7752831e_19fb67eabdc_4932","properties":{"area":36.8983586191926,"creation_doc_id":3464,"deactivation_doc_id":null,"id":2531660},"type":"Feature"},{"bbox":[76.9543,52.2643,76.969,52.2683],"geometry":{"coordinates":[[[76.969,52.2649],[76.9546,52.2643],[76.9543,52.2677],[76.9687,52.2683],[76.969,52.2649]]],"type":"MultiLineString"},"geometry_name":"shape","id":"gp_red_lines.fid--7752831e_19fb67eabdc_4933","properties":{"area":36.9539037967243,"creation_doc_id":3464,"deactivation_doc_id":null,"id":2531670},"type":"Feature"},{"bbox":[76.8673,52.3964,76.8765,52.4032],"geometry":{"coordinates":[[[76.8764,52.3964],[76.8699,52.3964],[76.8673,52.4018],[76.8765,52.4032],[76.8764,52.3964]]],"type":"MultiLineString"},"geometry_name":"shape","id":"gp_red_lines.fid--7752831e_19fb67eabdc_4934","properties":{"area":37.118251465644,"creation_doc_id":3464,"deactivation_doc_id":null,"id":2531676},"type":"Feature"},{"bbox":[76.9373,52.3093,76.9468,52.3149],"geometry":{"coordinates":[[[76.9468,52.3093],[76.9373,52.3099],[76.9373,52.31],[76.9373,52.3148],[76.9467,52.3149],[76.9468,52.3093]]],"type":"MultiLineString"},"geometry_name":"shape","id":"gp_red_lines.fid--7752831e_19fb67eabdc_4935","properties":{"area":37.5342014863933,"creation_doc_id":3464,"deactivation_doc_id":null,"id":2531706},"type":"Feature"},{"bbox":[76.8758,52.3328,76.8871,52.3415],"geometry":{"coordinates":[[[76.8863,52.3355],[76.8865,52.3352],[76.8871,52.3346],[76.8826,52.3328],[76.8826,52.3328],[76.8826,52.3328],[76.8826,52.3328],[76.8826,52.3328],[76.8819,52.3334],[76.8816,52.3336],[76.8816,52.3336],[76.8816,52.3336],[76.8816,52.3337],[76.8816,52.3337],[76.8806,52.3344],[76.8806,52.3344],[76.8806,52.3344],[76.8806,52.3344],[76.8758,52.3378],[76.8815,52.3409],[76.8815,52.3409],[76.8815,52.3409],[76.8815,52.3409],[76.8818,52.341],[76.882,52.3411],[76.8822,52.3412],[76.8825,52.3413],[76.8828,52.3414],[76.883,52.3415],[76.8833,52.3415],[76.8834,52.3415],[76.8863,52.3355]]],"type":"MultiLineString"},"geometry_name":"shape","id":"gp_red_lines.fid--7752831e_19fb67eabdc_4936","properties":{"area":37.8655906304992,"creation_doc_id":3464,"deactivation_doc_id":null,"id":2531727},"type":"Feature"},{"bbox":[77.0678,52.316,77.1004,52.3261],"geometry":{"coordinates":[[[77.0978,52.3261],[77.0981,52.3256],[77.0983,52.3253],[77.0983,52.3253],[77.0984,52.3251],[77.0987,52.3247],[77.099,52.3242],[77.0992,52.3237],[77.0995,52.3232],[77.0997,52.3228],[77.0997,52.3228],[77.1004,52.3213],[77.0678,52.316],[77.0678,52.3194],[77.0678,52.3194],[77.0678,52.3194],[77.0679,52.3213],[77.0689,52.3215],[77.0718,52.3219],[77.0718,52.3198],[77.0718,52.3198],[77.0718,52.3198],[77.0718,52.3198],[77.0718,52.3198],[77.0718,52.3188],[77.0718,52.3188],[77.0718,52.3188],[77.0718,52.3188],[77.0718,52.3188],[77.0718,52.3188],[77.0718,52.3188],[77.0718,52.3188],[77.0718,52.3187],[77.0718,52.3187],[77.0718,52.3187],[77.0718,52.3187],[77.0718,52.3186],[77.0718,52.3186],[77.0718,52.3186],[77.0718,52.3186],[77.0718,52.3186],[77.0718,52.3186],[77.0718,52.3186],[77.0718,52.3186],[77.0719,52.3185],[77.0719,52.3185],[77.0719,52.3185],[77.0719,52.3185],[77.0719,52.3185],[77.0719,52.3185],[77.0719,52.3185],[77.0719,52.3185],[77.0719,52.3184],[77.0719,52.3184],[77.0719,52.3184],[77.0719,52.3184],[77.072,52.3184],[77.072,52.3184],[77.072,52.3184],[77.072,52.3184],[77.072,52.3183],[77.072,52.3183],[77.072,52.3183],[77.072,52.3183],[77.072,52.3183],[77.072,52.3183],[77.072,52.3183],[77.0721,52.3183],[77.0721,52.3183],[77.0721,52.3183],[77.0721,52.3183],[77.0721,52.3182],[77.0721,52.3182],[77.0721,52.3182],[77.0721,52.3182],[77.0722,52.3182],[77.0722,52.3182],[77.0722,52.3182],[77.0722,52.3182],[77.0722,52.3181],[77.0722,52.3181],[77.0723,52.3181],[77.0723,52.3181],[77.0723,52.3181],[77.0723,52.3181],[77.0723,52.3181],[77.0723,52.3181],[77.0724,52.3181],[77.0724,52.3181],[77.0724,52.3181],[77.0724,52.3181],[77.0725,52.318],[77.0725,52.318],[77.0725,52.318],[77.0725,52.318],[77.0725,52.318],[77.0725,52.318],[77.0726,52.318],[77.0726,52.318],[77.0726,52.318],[77.0726,52.318],[77.0726,52.318],[77.0726,52.318],[77.0726,52.318],[77.0726,52.318],[77.0727,52.3179],[77.0727,52.3179],[77.0727,52.3179],[77.0727,52.3179],[77.0728,52.3179],[77.0728,52.3179],[77.0728,52.3179],[77.0728,52.3179],[77.0729,52.3179],[77.0729,52.3179],[77.0729,52.3179],[77.0729,52.3179],[77.073,52.3179],[77.073,52.3179],[77.073,52.3179],[77.073,52.3179],[77.0731,52.3179],[77.0731,52.3179],[77.0731,52.3179],[77.0731,52.3179],[77.0732,52.3179],[77.0732,52.3179],[77.0732,52.3179],[77.0732,52.3179],[77.0733,52.3178],[77.0733,52.3178],[77.0733,52.3178],[77.0733,52.3178],[77.0734,52.3178],[77.0734,52.3178],[77.0734,52.3178],[77.0734,52.3178],[77.0734,52.3178],[77.0734,52.3178],[77.0734,52.3178],[77.0735,52.3178],[77.0735,52.3178],[77.0735,52.3178],[77.0735,52.3178],[77.0736,52.3179],[77.0736,52.3179],[77.0736,52.3179],[77.0736,52.3179],[77.0737,52.3179],[77.0737,52.3179],[77.0737,52.3179],[77.0737,52.3179],[77.0738,52.3179],[77.0738,52.3179],[77.0738,52.3179],[77.0738,52.3179],[77.0738,52.3179],[77.0982,52.3218],[77.0982,52.3218],[77.0982,52.3218],[77.0982,52.3218],[77.0982,52.3218],[77.0983,52.3218],[77.0983,52.3218],[77.0983,52.3218],[77.0983,52.3218],[77.0983,52.3218],[77.0983,52.3218],[77.0983,52.3218],[77.0983,52.3218],[77.0983,52.3219],[77.0983,52.3219],[77.0984,52.3219],[77.0984,52.3219],[77.0984,52.3219],[77.0984,52.3219],[77.0984,52.3219],[77.0984,52.3219],[77.0984,52.3219],[77.0984,52.3219],[77.0984,52.3219],[77.0984,52.3219],[77.0984,52.3219],[77.0985,52.3219],[77.0985,52.3219],[77.0985,52.3219],[77.0985,52.3219],[77.0985,52.3219],[77.0985,52.3219],[77.0985,52.3219],[77.0985,52.3219],[77.0985,52.3219],[77.0986,52.3219],[77.0986,52.3219],[77.0986,52.3219],[77.0986,52.322],[77.0986,52.322],[77.0986,52.322],[77.0986,52.322],[77.0986,52.322],[77.0986,52.322],[77.0986,52.322],[77.0986,52.322],[77.0987,52.322],[77.0987,52.322],[77.0987,52.322],[77.0987,52.322],[77.0987,52.322],[77.0987,52.322],[77.0987,52.322],[77.0987,52.322],[77.0987,52.3221],[77.0987,52.3221],[77.0987,52.3221],[77.0987,52.3221],[77.0987,52.3221],[77.0987,52.3221],[77.0987,52.3221],[77.0987,52.3221],[77.0987,52.3221],[77.0987,52.3221],[77.0988,52.3221],[77.0988,52.3221],[77.0988,52.3221],[77.0988,52.3221],[77.0988,52.3221],[77.0988,52.3221],[77.0988,52.3221],[77.0988,52.3221],[77.0988,52.3222],[77.0988,52.3222],[77.0988,52.3222],[77.0988,52.3222],[77.0988,52.3222],[77.0988,52.3222],[77.0988,52.3222],[77.0988,52.3222],[77.0988,52.3222],[77.0988,52.3222],[77.0988,52.3222],[77.0988,52.3222],[77.0988,52.3223],[77.0988,52.3223],[77.0988,52.3223],[77.0988,52.3223],[77.0988,52.3223],[77.0988,52.3223],[77.0988,52.3223],[77.0988,52.3223],[77.0988,52.3223],[77.0988,52.3223],[77.0988,52.3223],[77.0988,52.3223],[77.0988,52.3224],[77.0988,52.3224],[77.0988,52.3224],[77.0988,52.3224],[77.0988,52.3224],[77.0988,52.3224],[77.0988,52.3224],[77.0988,52.3224],[77.0988,52.3224],[77.0988,52.3224],[77.0988,52.3224],[77.0988,52.3224],[77.0988,52.3224],[77.0982,52.324],[77.0982,52.324],[77.0982,52.324],[77.0982,52.324],[77.0982,52.324],[77.0982,52.324],[77.0982,52.324],[77.0974,52.3261],[77.0978,52.3261],[77.0978,52.3261]]],"type":"MultiLineString"},"geometry_name":"shape","id":"gp_red_lines.fid--7752831e_19fb67eabdc_4937","properties":{"area":38.3118686768448,"creation_doc_id":3464,"deactivation_doc_id":null,"id":2531763},"type":"Feature"},{"bbox":[76.9287,52.3234,76.9366,52.33],"geometry":{"coordinates":[[[76.9366,52.3234],[76.9289,52.3234],[76.9287,52.3299],[76.9366,52.33],[76.9366,52.3234]]],"type":"MultiLineString"},"geometry_name":"shape","id":"gp_red_lines.fid--7752831e_19fb67eabdc_4938","properties":{"area":38.7070943315563,"creation_doc_id":3464,"deactivation_doc_id":null,"id":2531792},"type":"Feature"},{"bbox":[76.8384,52.428,76.8521,52.4337],"geometry":{"coordinates":[[[76.8521,52.4297],[76.8392,52.428],[76.8384,52.4321],[76.8506,52.4337],[76.8521,52.4297]]],"type":"MultiLineString"},"geometry_name":"shape","id":"gp_red_lines.fid--7752831e_19fb67eabdc_4939","properties":{"area":39.8319415212113,"creation_doc_id":3464,"deactivation_doc_id":null,"id":2531880},"type":"Feature"},{"bbox":[77.004,52.2947,77.0175,52.3003],"geometry":{"coordinates":[[[77.0175,52.2963],[77.0076,52.2949],[77.0046,52.2947],[77.004,52.2987],[77.0161,52.3003],[77.0175,52.2963]]],"type":"MultiLineString"},"geometry_name":"shape","id":"gp_red_lines.fid--7752831e_19fb67eabdc_493a","properties":{"area":40.2032164165614,"creation_doc_id":3464,"deactivation_doc_id":null,"id":2531911},"type":"Feature"},{"bbox":[76.9419,52.2754,76.9526,52.2809],"geometry":{"coordinates":[[[76.9526,52.2757],[76.9526,52.2757],[76.9526,52.2756],[76.9424,52.2754],[76.9423,52.2776],[76.9423,52.2776],[76.9422,52.2782],[76.9422,52.2787],[76.9422,52.2787],[76.9419,52.2804],[76.9419,52.2804],[76.9419,52.2806],[76.9521,52.2809],[76.9526,52.2757]]],"type":"MultiLineString"},"geometry_name":"shape","id":"gp_red_lines.fid--7752831e_19fb67eabdc_493b","properties":{"area":40.8904636429037,"creation_doc_id":3464,"deactivation_doc_id":null,"id":2531956},"type":"Feature"},{"bbox":[76.994,52.2882,77.0046,52.2943],"geometry":{"coordinates":[[[77.0046,52.2893],[77.0046,52.2892],[77.0046,52.2892],[77.0046,52.2892],[77.0046,52.2892],[77.0046,52.2892],[77.0046,52.2892],[77.0008,52.2887],[77.0008,52.2887],[76.9998,52.2885],[76.9987,52.2884],[76.9987,52.2884],[76.9985,52.2884],[76.9959,52.2883],[76.9959,52.2883],[76.9946,52.2882],[76.9946,52.2883],[76.9946,52.2883],[76.9946,52.2883],[76.9946,52.2883],[76.994,52.2937],[76.9952,52.2937],[76.9952,52.2937],[76.9962,52.2938],[76.9977,52.2939],[76.9984,52.2939],[76.9984,52.2939],[77.002,52.294],[77.0032,52.2941],[77.0032,52.2941],[77.0032,52.2941],[77.0038,52.2943],[77.0041,52.2943],[77.0046,52.2893]]],"type":"MultiLineString"},"geometry_name":"shape","id":"gp_red_lines.fid--7752831e_19fb67eabdc_493c","properties":{"area":41.0263550190452,"creation_doc_id":3464,"deactivation_doc_id":null,"id":2531967},"type":"Feature"},{"bbox":[76.9724,52.2846,76.9815,52.2931],"geometry":{"coordinates":[[[76.9815,52.2877],[76.9805,52.2877],[76.9805,52.2877],[76.9805,52.2877],[76.9803,52.2877],[76.9803,52.2877],[76.9803,52.2877],[76.9799,52.2875],[76.9791,52.2872],[76.9791,52.2872],[76.9734,52.2846],[76.9726,52.2914],[76.9726,52.2914],[76.9724,52.2922],[76.9726,52.2923],[76.9728,52.2923],[76.9728,52.2923],[76.9746,52.2924],[76.9746,52.2924],[76.9752,52.2925],[76.9752,52.2925],[76.9756,52.2927],[76.9756,52.2927],[76.9756,52.2927],[76.976,52.2928],[76.9763,52.2929],[76.9767,52.293],[76.9773,52.293],[76.9796,52.293],[76.9796,52.293],[76.9809,52.2931],[76.9815,52.2877]]],"type":"MultiLineString"},"geometry_name":"shape","id":"gp_red_lines.fid--7752831e_19fb67eabdc_493d","properties":{"area":41.1237011799968,"creation_doc_id":3464,"deactivation_doc_id":null,"id":2531972},"type":"Feature"},{"bbox":[76.9601,52.2685,76.9686,52.2757],"geometry":{"coordinates":[[[76.9686,52.2688],[76.9607,52.2685],[76.9601,52.2753],[76.9679,52.2757],[76.9686,52.2688]]],"type":"MultiLineString"},"geometry_name":"shape","id":"gp_red_lines.fid--7752831e_19fb67eabdc_493e","properties":{"area":41.2458320949646,"creation_doc_id":3464,"deactivation_doc_id":null,"id":2531983},"type":"Feature"},{"bbox":[76.9418,52.247,76.9552,52.2542],"geometry":{"coordinates":[[[76.9552,52.2491],[76.9551,52.2491],[76.9551,52.2491],[76.9549,52.249],[76.9523,52.2481],[76.949,52.247],[76.9488,52.247],[76.9486,52.247],[76.9469,52.2473],[76.9465,52.2474],[76.9452,52.248],[76.9446,52.2483],[76.9439,52.2491],[76.9428,52.2502],[76.942,52.2512],[76.942,52.2512],[76.9418,52.2513],[76.9504,52.2542],[76.9552,52.2491]]],"type":"MultiLineString"},"geometry_name":"shape","id":"gp_red_lines.fid--7752831e_19fb67eabdc_493f","properties":{"area":41.8441833983839,"creation_doc_id":3464,"deactivation_doc_id":null,"id":2532009},"type":"Feature"},{"bbox":[76.9257,52.2906,76.94,52.2978],"geometry":{"coordinates":[[[76.9328,52.2973],[76.9328,52.2973],[76.937,52.2966],[76.9391,52.2962],[76.9391,52.2962],[76.9395,52.2962],[76.9397,52.2933],[76.9397,52.2933],[76.94,52.2907],[76.9363,52.2906],[76.9352,52.2914],[76.9336,52.2928],[76.9336,52.2928],[76.9316,52.2939],[76.9316,52.2939],[76.929,52.295],[76.929,52.295],[76.929,52.295],[76.9263,52.2959],[76.9263,52.2959],[76.9257,52.296],[76.9275,52.2976],[76.9289,52.2977],[76.93,52.2978],[76.9328,52.2973]]],"type":"MultiLineString"},"geometry_name":"shape","id":"gp_red_lines.fid--7752831e_19fb67eabdc_4940","properties":{"area":42.4708900285316,"creation_doc_id":3464,"deactivation_doc_id":null,"id":2532051},"type":"Feature"},{"bbox":[76.9286,52.3303,76.9366,52.3375],"geometry":{"coordinates":[[[76.9366,52.3303],[76.9287,52.3303],[76.9286,52.3374],[76.9365,52.3375],[76.9366,52.3303]]],"type":"MultiLineString"},"geometry_name":"shape","id":"gp_red_lines.fid--7752831e_19fb67eabdc_4941","properties":{"area":42.5396521464303,"creation_doc_id":3464,"deactivation_doc_id":null,"id":2532055},"type":"Feature"},{"bbox":[76.9952,52.2304,77.0101,52.2399],"geometry":{"coordinates":[[[77.0101,52.2328],[77.0057,52.2304],[77.0043,52.2314],[77.0043,52.2314],[76.9952,52.2375],[76.9997,52.2399],[77.0101,52.2328]]],"type":"MultiLineString"},"geometry_name":"shape","id":"gp_red_lines.fid--7752831e_19fb67eabdc_4942","properties":{"area":42.765124141281,"creation_doc_id":3464,"deactivation_doc_id":null,"id":2532071},"type":"Feature"},{"bbox":[76.9162,52.2963,76.9288,52.3031],"geometry":{"coordinates":[[[76.9235,52.3031],[76.9238,52.3031],[76.9241,52.3031],[76.925,52.303],[76.925,52.303],[76.9256,52.3029],[76.9258,52.3029],[76.926,52.3028],[76.9263,52.3028],[76.9265,52.3027],[76.9268,52.3027],[76.927,52.3026],[76.9272,52.3025],[76.9277,52.3023],[76.9277,52.3023],[76.9279,52.3022],[76.928,52.3022],[76.928,52.3021],[76.928,52.3021],[76.928,52.3019],[76.928,52.3019],[76.928,52.3019],[76.928,52.3018],[76.928,52.3018],[76.9281,52.3012],[76.9282,52.3008],[76.9282,52.3008],[76.9283,52.3007],[76.9287,52.2986],[76.9287,52.2986],[76.9287,52.2983],[76.9287,52.2983],[76.9288,52.2983],[76.9272,52.2981],[76.9272,52.2981],[76.9271,52.2981],[76.9271,52.2981],[76.9271,52.2981],[76.9271,52.2981],[76.9271,52.2981],[76.927,52.2981],[76.927,52.2981],[76.927,52.2981],[76.927,52.2981],[76.9248,52.2963],[76.9244,52.2963],[76.924,52.2964],[76.9236,52.2966],[76.9232,52.2967],[76.9227,52.2969],[76.9219,52.2973],[76.9208,52.2977],[76.9208,52.2977],[76.9197,52.2982],[76.9197,52.2982],[76.9185,52.2987],[76.9168,52.2995],[76.9164,52.2997],[76.9163,52.2998],[76.9163,52.2999],[76.9162,52.3],[76.9163,52.3001],[76.9164,52.3002],[76.9167,52.3005],[76.9167,52.3005],[76.9167,52.3005],[76.917,52.3009],[76.917,52.3009],[76.9171,52.3011],[76.9171,52.3011],[76.9171,52.3011],[76.9171,52.3011],[76.9171,52.3011],[76.9171,52.3011],[76.9172,52.3012],[76.9172,52.3012],[76.9172,52.3013],[76.9173,52.3014],[76.9173,52.3015],[76.9174,52.3016],[76.9176,52.3017],[76.9177,52.3018],[76.9181,52.302],[76.9192,52.3024],[76.9192,52.3024],[76.9196,52.3025],[76.9198,52.3026],[76.9201,52.3027],[76.9203,52.3027],[76.9206,52.3028],[76.9206,52.3028],[76.9213,52.3029],[76.9219,52.303],[76.9224,52.3031],[76.9229,52.3031],[76.9233,52.3031],[76.9235,52.3031]]],"type":"MultiLineString"},"geometry_name":"shape","id":"gp_red_lines.fid--7752831e_19fb67eabdc_4943","properties":{"area":43.3397720521454,"creation_doc_id":3464,"deactivation_doc_id":null,"id":2532102},"type":"Feature"},{"bbox":[76.9135,52.302,76.9281,52.3089],"geometry":{"coordinates":[[[76.9255,52.3074],[76.9255,52.3074],[76.927,52.3065],[76.927,52.3065],[76.928,52.3059],[76.9281,52.3026],[76.9281,52.3025],[76.9279,52.3026],[76.9279,52.3026],[76.9275,52.3028],[76.9275,52.3028],[76.9275,52.3028],[76.9272,52.3029],[76.9272,52.3029],[76.9267,52.303],[76.9267,52.303],[76.9262,52.3031],[76.9262,52.3031],[76.9257,52.3032],[76.9257,52.3032],[76.9251,52.3033],[76.9239,52.3034],[76.9239,52.3034],[76.9233,52.3035],[76.9233,52.3035],[76.9233,52.3035],[76.9228,52.3034],[76.9228,52.3034],[76.9218,52.3033],[76.9218,52.3033],[76.9211,52.3032],[76.9211,52.3032],[76.9201,52.3031],[76.9201,52.3031],[76.9193,52.3028],[76.9193,52.3028],[76.9193,52.3028],[76.9189,52.3026],[76.9178,52.3023],[76.9178,52.3023],[76.9175,52.3021],[76.9175,52.3021],[76.9172,52.302],[76.9162,52.3027],[76.9162,52.3027],[76.9155,52.3031],[76.9142,52.3041],[76.9142,52.3041],[76.9135,52.3046],[76.9175,52.3065],[76.9175,52.3065],[76.9183,52.3069],[76.9208,52.3079],[76.9208,52.3079],[76.9235,52.3089],[76.9255,52.3074]]],"type":"MultiLineString"},"geometry_name":"shape","id":"gp_red_lines.fid--7752831e_19fb67eabdc_4944","properties":{"area":43.4641338720108,"creation_doc_id":3464,"deactivation_doc_id":null,"id":2532108},"type":"Feature"},{"bbox":[76.7617,52.2352,76.7758,52.2437],"geometry":{"coordinates":[[[76.7709,52.2437],[76.7709,52.2437],[76.7709,52.2437],[76.7737,52.2418],[76.7758,52.2385],[76.7652,52.2352],[76.7646,52.236],[76.7646,52.236],[76.7646,52.236],[76.7617,52.2383],[76.77,52.2425],[76.77,52.2425],[76.77,52.2425],[76.7709,52.2437],[76.7709,52.2437]]],"type":"MultiLineString"},"geometry_name":"shape","id":"gp_red_lines.fid--7752831e_19fb67eabdc_4945","properties":{"area":44.3373793648676,"creation_doc_id":3464,"deactivation_doc_id":null,"id":2532163},"type":"Feature"},{"bbox":[76.7484,52.2593,76.7627,52.2673],"geometry":{"coordinates":[[[76.7627,52.2633],[76.7567,52.2614],[76.7567,52.2614],[76.7567,52.2614],[76.7567,52.2614],[76.7567,52.2614],[76.7566,52.2614],[76.7566,52.2614],[76.7545,52.2593],[76.7506,52.2608],[76.7484,52.2637],[76.7597,52.2673],[76.7627,52.2633]]],"type":"MultiLineString"},"geometry_name":"shape","id":"gp_red_lines.fid--7752831e_19fb67eabdc_4946","properties":{"area":44.3664469013632,"creation_doc_id":3464,"deactivation_doc_id":null,"id":2532166},"type":"Feature"},{"bbox":[76.9284,52.3377,76.9365,52.3451],"geometry":{"coordinates":[[[76.9365,52.3378],[76.9286,52.3377],[76.9284,52.3446],[76.9284,52.345],[76.9365,52.3451],[76.9365,52.3378]]],"type":"MultiLineString"},"geometry_name":"shape","id":"gp_red_lines.fid--7752831e_19fb67eabdc_4947","properties":{"area":44.5207514734885,"creation_doc_id":3464,"deactivation_doc_id":null,"id":2532173},"type":"Feature"},{"bbox":[76.9743,52.2691,76.9836,52.2762],"geometry":{"coordinates":[[[76.983,52.2749],[76.9836,52.2694],[76.975,52.2691],[76.9743,52.2759],[76.9781,52.276],[76.9781,52.276],[76.9796,52.276],[76.9796,52.276],[76.9828,52.2762],[76.983,52.2749]]],"type":"MultiLineString"},"geometry_name":"shape","id":"gp_red_lines.fid--7752831e_19fb67eabdc_4948","properties":{"area":44.6526331607145,"creation_doc_id":3464,"deactivation_doc_id":null,"id":2532180},"type":"Feature"},{"bbox":[76.9371,52.3235,76.9465,52.3301],"geometry":{"coordinates":[[[76.9465,52.3236],[76.9372,52.3235],[76.9371,52.33],[76.9463,52.3301],[76.9465,52.3236]]],"type":"MultiLineString"},"geometry_name":"shape","id":"gp_red_lines.fid--7752831e_19fb67eabdc_4949","properties":{"area":45.8874226968685,"creation_doc_id":3464,"deactivation_doc_id":null,"id":2532242},"type":"Feature"},{"bbox":[76.9835,52.2379,76.9991,52.2479],"geometry":{"coordinates":[[[76.9991,52.2403],[76.9947,52.2379],[76.9835,52.2455],[76.988,52.2479],[76.9991,52.2403]]],"type":"MultiLineString"},"geometry_name":"shape","id":"gp_red_lines.fid--7752831e_19fb67eabdc_494a","properties":{"area":46.0754162825154,"creation_doc_id":3464,"deactivation_doc_id":null,"id":2532251},"type":"Feature"},{"bbox":[77.0879,52.1366,77.1015,52.1448],"geometry":{"coordinates":[[[77.1015,52.1405],[77.0916,52.1366],[77.0879,52.1419],[77.0985,52.1448],[77.1015,52.1405]]],"type":"MultiLineString"},"geometry_name":"shape","id":"gp_red_lines.fid--7752831e_19fb67eabdc_494b","properties":{"area":46.2975659290072,"creation_doc_id":3464,"deactivation_doc_id":null,"id":2532256},"type":"Feature"},{"bbox":[76.9755,52.2574,76.9849,52.265],"geometry":{"coordinates":[[[76.9849,52.2578],[76.9762,52.2574],[76.9755,52.2646],[76.9841,52.265],[76.9849,52.2578]]],"type":"MultiLineString"},"geometry_name":"shape","id":"gp_red_lines.fid--7752831e_19fb67eabdc_494c","properties":{"area":47.2333966471546,"creation_doc_id":3464,"deactivation_doc_id":null,"id":2532299},"type":"Feature"},{"bbox":[76.8809,52.3419,76.8934,52.3496],"geometry":{"coordinates":[[[76.8934,52.3436],[76.8837,52.3419],[76.8809,52.3479],[76.8905,52.3496],[76.8934,52.3436]]],"type":"MultiLineString"},"geometry_name":"shape","id":"gp_red_lines.fid--7752831e_19fb67eabdc_494d","properties":{"area":47.4153104628903,"creation_doc_id":3464,"deactivation_doc_id":null,"id":2532310},"type":"Feature"},{"bbox":[76.7866,52.242,76.7962,52.2539],"geometry":{"coordinates":[[[76.7902,52.2539],[76.7902,52.2539],[76.7902,52.2539],[76.7903,52.2539],[76.7903,52.2539],[76.7903,52.2539],[76.7903,52.2539],[76.7903,52.2539],[76.7904,52.2539],[76.7904,52.2539],[76.7904,52.2539],[76.7904,52.2539],[76.7904,52.2538],[76.7904,52.2538],[76.7905,52.2538],[76.7905,52.2538],[76.7905,52.2538],[76.7905,52.2538],[76.7905,52.2538],[76.7962,52.245],[76.7868,52.242],[76.7866,52.2423],[76.7885,52.2539],[76.7902,52.2539],[76.7902,52.2539]]],"type":"MultiLineString"},"geometry_name":"shape","id":"gp_red_lines.fid--7752831e_19fb67eabdc_494e","properties":{"area":48.44077023249,"creation_doc_id":3464,"deactivation_doc_id":null,"id":2532363},"type":"Feature"},{"bbox":[76.9371,52.3303,76.9463,52.3376],"geometry":{"coordinates":[[[76.9462,52.3373],[76.9461,52.3373],[76.9461,52.3371],[76.9463,52.3304],[76.9371,52.3303],[76.9371,52.3375],[76.9462,52.3376],[76.9462,52.3373]]],"type":"MultiLineString"},"geometry_name":"shape","id":"gp_red_lines.fid--7752831e_19fb67eabdc_494f","properties":{"area":49.3991473594437,"creation_doc_id":3464,"deactivation_doc_id":null,"id":2532396},"type":"Feature"},{"bbox":[76.7602,52.2635,76.7758,52.2721],"geometry":{"coordinates":[[[76.7758,52.2705],[76.7753,52.2679],[76.7632,52.2635],[76.7602,52.2675],[76.7745,52.2721],[76.7758,52.2705]]],"type":"MultiLineString"},"geometry_name":"shape","id":"gp_red_lines.fid--7752831e_19fb67eabdc_4950","properties":{"area":49.4129582559761,"creation_doc_id":3464,"deactivation_doc_id":null,"id":2532397},"type":"Feature"},{"bbox":[77.1134,52.3116,77.1287,52.3232],"geometry":{"coordinates":[[[77.1262,52.318],[77.1263,52.3178],[77.1263,52.3178],[77.1287,52.312],[77.1263,52.3116],[77.1252,52.314],[77.1251,52.3143],[77.1251,52.3143],[77.125,52.3144],[77.125,52.3144],[77.1249,52.3145],[77.1249,52.3145],[77.1248,52.3146],[77.1248,52.3146],[77.1248,52.3146],[77.1247,52.3147],[77.1247,52.3147],[77.1246,52.3148],[77.1246,52.3148],[77.1245,52.3149],[77.1245,52.3149],[77.1242,52.3151],[77.1241,52.3151],[77.124,52.3151],[77.1238,52.3152],[77.1237,52.3153],[77.1236,52.3153],[77.1234,52.3154],[77.1233,52.3155],[77.1232,52.3156],[77.1231,52.3157],[77.123,52.3158],[77.1229,52.3159],[77.1229,52.316],[77.1229,52.316],[77.1222,52.3169],[77.1222,52.317],[77.1222,52.317],[77.1221,52.3171],[77.1221,52.3171],[77.1221,52.3171],[77.1221,52.3171],[77.1221,52.3171],[77.122,52.3172],[77.122,52.3172],[77.1219,52.3173],[77.1219,52.3173],[77.1218,52.3173],[77.1218,52.3173],[77.1217,52.3174],[77.1217,52.3174],[77.1216,52.3174],[77.1216,52.3174],[77.1215,52.3175],[77.1215,52.3175],[77.1214,52.3175],[77.1214,52.3175],[77.1213,52.3176],[77.1213,52.3176],[77.1212,52.3176],[77.1211,52.3176],[77.1211,52.3176],[77.1179,52.3184],[77.1178,52.3184],[77.1178,52.3184],[77.1176,52.3185],[77.1176,52.3185],[77.1174,52.3185],[77.1174,52.3185],[77.1173,52.3185],[77.1173,52.3185],[77.1171,52.3186],[77.1171,52.3186],[77.1169,52.3186],[77.1169,52.3186],[77.1169,52.3186],[77.1162,52.3185],[77.1158,52.3196],[77.1157,52.3197],[77.1156,52.3199],[77.1156,52.3199],[77.1154,52.3202],[77.1154,52.3202],[77.1154,52.3202],[77.1151,52.3204],[77.1151,52.3204],[77.1149,52.3206],[77.1148,52.3206],[77.1146,52.3208],[77.1145,52.3209],[77.1134,52.3214],[77.1143,52.3216],[77.1143,52.3216],[77.1143,52.3216],[77.1143,52.3216],[77.1144,52.3216],[77.1144,52.3216],[77.1226,52.3229],[77.1241,52.3232],[77.1262,52.318]]],"type":"MultiLineString"},"geometry_name":"shape","id":"gp_red_lines.fid--7752831e_19fb67eabdc_4951","properties":{"area":49.5131939493596,"creation_doc_id":3464,"deactivation_doc_id":null,"id":2532400},"type":"Feature"},{"bbox":[76.9437,52.2552,76.9546,52.2638],"geometry":{"coordinates":[[[76.9544,52.2584],[76.9546,52.2565],[76.9545,52.2565],[76.9545,52.2565],[76.9545,52.2565],[76.9545,52.2565],[76.9545,52.2564],[76.9545,52.2564],[76.9544,52.2564],[76.9544,52.2564],[76.9506,52.2552],[76.9504,52.2554],[76.9504,52.2554],[76.9501,52.2557],[76.9501,52.2557],[76.9501,52.2557],[76.9494,52.2562],[76.9494,52.2562],[76.9479,52.2569],[76.9479,52.2569],[76.9476,52.257],[76.9472,52.2573],[76.9469,52.2576],[76.9469,52.2576],[76.9468,52.2578],[76.9466,52.258],[76.9466,52.258],[76.9465,52.2583],[76.9464,52.2585],[76.9464,52.2587],[76.9464,52.2589],[76.9464,52.2589],[76.9464,52.2591],[76.9464,52.2591],[76.9463,52.2593],[76.9463,52.2593],[76.9462,52.2595],[76.9462,52.2595],[76.946,52.2597],[76.946,52.2597],[76.9459,52.2599],[76.9459,52.2599],[76.9459,52.2599],[76.9457,52.26],[76.9457,52.26],[76.9455,52.2601],[76.9455,52.2602],[76.9453,52.2603],[76.9453,52.2603],[76.9451,52.2604],[76.9451,52.2604],[76.9449,52.2605],[76.9448,52.2605],[76.9448,52.2605],[76.9448,52.2605],[76.9446,52.2606],[76.9446,52.2606],[76.9445,52.2606],[76.9444,52.2606],[76.9443,52.2607],[76.9441,52.2608],[76.9441,52.2608],[76.944,52.2609],[76.9439,52.2609],[76.9439,52.261],[76.9439,52.2611],[76.9439,52.2612],[76.9439,52.2613],[76.9439,52.2613],[76.9439,52.2613],[76.9438,52.2617],[76.9437,52.2634],[76.9538,52.2638],[76.9544,52.2584]]],"type":"MultiLineString"},"geometry_name":"shape","id":"gp_red_lines.fid--7752831e_19fb67eabdc_4952","properties":{"area":49.9136800300819,"creation_doc_id":3464,"deactivation_doc_id":null,"id":2532417},"type":"Feature"},{"bbox":[76.937,52.3378,76.9462,52.3452],"geometry":{"coordinates":[[[76.9462,52.3379],[76.9371,52.3378],[76.937,52.3451],[76.946,52.3452],[76.9462,52.3379]]],"type":"MultiLineString"},"geometry_name":"shape","id":"gp_red_lines.fid--7752831e_19fb67eabdc_4953","properties":{"area":49.9868489801323,"creation_doc_id":3464,"deactivation_doc_id":null,"id":2532422},"type":"Feature"},{"bbox":[77.0624,52.1219,77.0795,52.1368],"geometry":{"coordinates":[[[77.0738,52.1303],[77.074,52.13],[77.0795,52.1223],[77.0768,52.1219],[77.0768,52.1219],[77.0767,52.1219],[77.0767,52.1219],[77.0767,52.1219],[77.0767,52.1219],[77.0766,52.1219],[77.0766,52.1219],[77.0766,52.1219],[77.0765,52.1219],[77.0765,52.1219],[77.0765,52.1219],[77.0765,52.1219],[77.0764,52.1219],[77.0764,52.1219],[77.0764,52.122],[77.0764,52.122],[77.0764,52.122],[77.0763,52.122],[77.0763,52.122],[77.0763,52.122],[77.0763,52.122],[77.0763,52.122],[77.0763,52.1221],[77.0762,52.1221],[77.0712,52.1292],[77.0712,52.1292],[77.0711,52.1292],[77.0711,52.1292],[77.0711,52.1292],[77.0708,52.1294],[77.0708,52.1294],[77.0628,52.1342],[77.0624,52.135],[77.0691,52.1368],[77.0738,52.1303]]],"type":"MultiLineString"},"geometry_name":"shape","id":"gp_red_lines.fid--7752831e_19fb67eabdc_4954","properties":{"area":50.9197722999438,"creation_doc_id":3464,"deactivation_doc_id":null,"id":2532466},"type":"Feature"},{"bbox":[77.0046,52.2893,77.0194,52.2959],"geometry":{"coordinates":[[[77.0194,52.2912],[77.0111,52.2901],[77.0111,52.2901],[77.007,52.2895],[77.0052,52.2893],[77.0052,52.2893],[77.0052,52.2893],[77.0052,52.2893],[77.0052,52.2893],[77.0046,52.2943],[77.0077,52.2946],[77.0077,52.2946],[77.0165,52.2958],[77.0177,52.2959],[77.0194,52.2912]]],"type":"MultiLineString"},"geometry_name":"shape","id":"gp_red_lines.fid--7752831e_19fb67eabdc_4955","properties":{"area":51.6502226592524,"creation_doc_id":3464,"deactivation_doc_id":null,"id":2532499},"type":"Feature"},{"bbox":[76.7869,52.2357,76.8003,52.2447],"geometry":{"coordinates":[[[76.8003,52.2387],[76.8003,52.2387],[76.8003,52.2387],[76.8003,52.2387],[76.8003,52.2387],[76.8003,52.2387],[76.8003,52.2387],[76.8003,52.2387],[76.8003,52.2387],[76.8003,52.2387],[76.8003,52.2387],[76.8003,52.2387],[76.8003,52.2386],[76.8003,52.2386],[76.8003,52.2386],[76.8003,52.2386],[76.8003,52.2386],[76.8003,52.2386],[76.8003,52.2386],[76.8003,52.2386],[76.8003,52.2386],[76.8003,52.2386],[76.8003,52.2386],[76.8003,52.2386],[76.8003,52.2386],[76.8003,52.2386],[76.7911,52.2357],[76.7869,52.2417],[76.7964,52.2447],[76.8003,52.2387]]],"type":"MultiLineString"},"geometry_name":"shape","id":"gp_red_lines.fid--7752831e_19fb67eabdc_4956","properties":{"area":52.2869030030494,"creation_doc_id":3464,"deactivation_doc_id":null,"id":2532518},"type":"Feature"},{"bbox":[76.9074,52.3048,76.9232,52.3139],"geometry":{"coordinates":[[[76.9232,52.3092],[76.9179,52.3072],[76.9179,52.3072],[76.9171,52.3068],[76.9131,52.3048],[76.9123,52.3053],[76.9098,52.3072],[76.9074,52.3092],[76.9176,52.3139],[76.9232,52.3092]]],"type":"MultiLineString"},"geometry_name":"shape","id":"gp_red_lines.fid--7752831e_19fb67eabdc_4957","properties":{"area":53.8094226839243,"creation_doc_id":3464,"deactivation_doc_id":null,"id":2532587},"type":"Feature"},{"bbox":[76.8838,52.3348,76.8968,52.3434],"geometry":{"coordinates":[[[76.8963,52.3375],[76.8961,52.3375],[76.8962,52.3372],[76.8962,52.3372],[76.8965,52.3373],[76.8968,52.3365],[76.8875,52.3348],[76.8869,52.3354],[76.8867,52.3356],[76.8838,52.3416],[76.8935,52.3434],[76.8963,52.3375]]],"type":"MultiLineString"},"geometry_name":"shape","id":"gp_red_lines.fid--7752831e_19fb67eabdc_4958","properties":{"area":54.6820859336977,"creation_doc_id":3464,"deactivation_doc_id":null,"id":2532620},"type":"Feature"},{"bbox":[77.0767,52.1324,77.0912,52.1417],"geometry":{"coordinates":[[[77.0912,52.1364],[77.0813,52.1324],[77.0767,52.1388],[77.0874,52.1417],[77.0912,52.1364]]],"type":"MultiLineString"},"geometry_name":"shape","id":"gp_red_lines.fid--7752831e_19fb67eabdc_4959","properties":{"area":56.7944595397775,"creation_doc_id":3464,"deactivation_doc_id":null,"id":2532715},"type":"Feature"},{"bbox":[76.7398,52.2539,76.7542,52.2636],"geometry":{"coordinates":[[[76.7501,52.2606],[76.7501,52.2606],[76.7501,52.2606],[76.7502,52.2605],[76.7502,52.2605],[76.7502,52.2605],[76.7502,52.2605],[76.7542,52.259],[76.7501,52.255],[76.7456,52.254],[76.7456,52.254],[76.7455,52.254],[76.7455,52.254],[76.7455,52.254],[76.7455,52.254],[76.7455,52.254],[76.7454,52.2539],[76.7449,52.2541],[76.7398,52.261],[76.7479,52.2636],[76.7501,52.2606]]],"type":"MultiLineString"},"geometry_name":"shape","id":"gp_red_lines.fid--7752831e_19fb67eabdc_495a","properties":{"area":57.4668008667121,"creation_doc_id":3464,"deactivation_doc_id":null,"id":2532748},"type":"Feature"},{"bbox":[76.874,52.4155,76.8884,52.4219],"geometry":{"coordinates":[[[76.8884,52.4218],[76.8882,52.416],[76.8801,52.4161],[76.8801,52.4161],[76.8801,52.4161],[76.8762,52.4155],[76.874,52.4208],[76.8808,52.4219],[76.8884,52.4218]]],"type":"MultiLineString"},"geometry_name":"shape","id":"gp_red_lines.fid--7752831e_19fb67eabdc_495b","properties":{"area":57.740479617626,"creation_doc_id":3464,"deactivation_doc_id":null,"id":2532763},"type":"Feature"},{"bbox":[76.9734,52.2763,76.9827,52.2872],"geometry":{"coordinates":[[[76.9819,52.2835],[76.9819,52.2835],[76.9823,52.2805],[76.9827,52.2767],[76.9796,52.2765],[76.978,52.2765],[76.9743,52.2763],[76.9734,52.284],[76.9734,52.284],[76.9734,52.284],[76.9738,52.2841],[76.9738,52.2841],[76.9738,52.2841],[76.9796,52.2867],[76.9804,52.287],[76.9807,52.2872],[76.9815,52.2872],[76.9819,52.2835]]],"type":"MultiLineString"},"geometry_name":"shape","id":"gp_red_lines.fid--7752831e_19fb67eabdc_495c","properties":{"area":59.4089564269784,"creation_doc_id":3464,"deactivation_doc_id":null,"id":2532827},"type":"Feature"},{"bbox":[77.0468,52.1443,77.0612,52.1542],"geometry":{"coordinates":[[[77.0569,52.1503],[77.0569,52.1503],[77.0571,52.15],[77.0612,52.1443],[77.0513,52.1443],[77.0517,52.146],[77.0517,52.146],[77.0517,52.146],[77.0503,52.1481],[77.0503,52.1481],[77.0501,52.1484],[77.0468,52.153],[77.0541,52.1542],[77.0569,52.1503]]],"type":"MultiLineString"},"geometry_name":"shape","id":"gp_red_lines.fid--7752831e_19fb67eabdc_495d","properties":{"area":59.6483853219063,"creation_doc_id":3464,"deactivation_doc_id":null,"id":2532836},"type":"Feature"},{"bbox":[76.877,52.3963,76.8878,52.4038],"geometry":{"coordinates":[[[76.8878,52.4037],[76.8876,52.3963],[76.877,52.3964],[76.8771,52.4033],[76.8802,52.4038],[76.8878,52.4037]]],"type":"MultiLineString"},"geometry_name":"shape","id":"gp_red_lines.fid--7752831e_19fb67eabdc_495e","properties":{"area":59.6988931261348,"creation_doc_id":3464,"deactivation_doc_id":null,"id":2532841},"type":"Feature"},{"bbox":[76.8594,52.4132,76.8756,52.4207],"geometry":{"coordinates":[[[76.8756,52.4154],[76.8619,52.4132],[76.8594,52.4185],[76.8735,52.4207],[76.8756,52.4154]]],"type":"MultiLineString"},"geometry_name":"shape","id":"gp_red_lines.fid--7752831e_19fb67eabdc_495f","properties":{"area":59.8858677063065,"creation_doc_id":3464,"deactivation_doc_id":null,"id":2532847},"type":"Feature"},{"bbox":[76.8735,52.3811,76.8873,52.389],"geometry":{"coordinates":[[[76.8873,52.3888],[76.8871,52.3839],[76.8864,52.3832],[76.8858,52.383],[76.8773,52.3811],[76.8735,52.389],[76.8873,52.3888]]],"type":"MultiLineString"},"geometry_name":"shape","id":"gp_red_lines.fid--7752831e_19fb67eabdc_4960","properties":{"area":61.2876778579673,"creation_doc_id":3464,"deactivation_doc_id":null,"id":2532898},"type":"Feature"},{"bbox":[76.8402,52.4113,76.8601,52.42],"geometry":{"coordinates":[[[76.8525,52.4174],[76.8525,52.4174],[76.8525,52.4174],[76.8525,52.4174],[76.8525,52.4174],[76.8525,52.4174],[76.8526,52.4174],[76.8526,52.4174],[76.8526,52.4174],[76.8526,52.4174],[76.8526,52.4174],[76.8526,52.4174],[76.8526,52.4174],[76.8526,52.4174],[76.8526,52.4174],[76.8526,52.4174],[76.8526,52.4174],[76.8527,52.4174],[76.8527,52.4174],[76.8527,52.4174],[76.8527,52.4174],[76.8527,52.4174],[76.8527,52.4174],[76.8576,52.4182],[76.8601,52.4129],[76.8499,52.4113],[76.8499,52.4116],[76.8499,52.4116],[76.8499,52.4116],[76.8498,52.4128],[76.8498,52.4128],[76.8498,52.4128],[76.8479,52.4146],[76.8479,52.4146],[76.8459,52.4157],[76.8459,52.4157],[76.8402,52.4187],[76.8402,52.4187],[76.8422,52.42],[76.8525,52.4174]]],"type":"MultiLineString"},"geometry_name":"shape","id":"gp_red_lines.fid--7752831e_19fb67eabdc_4961","properties":{"area":62.1650004468242,"creation_doc_id":3464,"deactivation_doc_id":null,"id":2532924},"type":"Feature"},{"bbox":[77.0779,52.1492,77.0932,52.1587],"geometry":{"coordinates":[[[77.0932,52.1521],[77.0826,52.1492],[77.0779,52.1557],[77.0885,52.1587],[77.0932,52.1521]]],"type":"MultiLineString"},"geometry_name":"shape","id":"gp_red_lines.fid--7752831e_19fb67eabdc_4962","properties":{"area":63.5723463544802,"creation_doc_id":3464,"deactivation_doc_id":null,"id":2532969},"type":"Feature"},{"bbox":[76.7665,52.2555,76.7876,52.2653],"geometry":{"coordinates":[[[76.7833,52.2653],[76.7837,52.2653],[76.7841,52.2652],[76.7845,52.2652],[76.7848,52.2651],[76.7852,52.265],[76.7855,52.2649],[76.7859,52.2648],[76.7862,52.2647],[76.7864,52.2646],[76.7876,52.2628],[76.7876,52.2627],[76.7753,52.2576],[76.7749,52.2574],[76.7749,52.2574],[76.772,52.2562],[76.7695,52.2555],[76.7665,52.2591],[76.7831,52.2653],[76.7833,52.2653]]],"type":"MultiLineString"},"geometry_name":"shape","id":"gp_red_lines.fid--7752831e_19fb67eabdc_4963","properties":{"area":63.8561240976362,"creation_doc_id":3464,"deactivation_doc_id":null,"id":2532976},"type":"Feature"},{"bbox":[76.7316,52.2492,76.7451,52.2608],"geometry":{"coordinates":[[[76.7445,52.2538],[76.7445,52.2538],[76.7445,52.2538],[76.7445,52.2538],[76.7445,52.2538],[76.7446,52.2538],[76.7446,52.2538],[76.7451,52.2536],[76.7416,52.2502],[76.738,52.2492],[76.7317,52.2578],[76.7316,52.2579],[76.7316,52.2579],[76.7316,52.2579],[76.7316,52.258],[76.7316,52.258],[76.7316,52.258],[76.7316,52.2581],[76.7316,52.2581],[76.7316,52.2581],[76.7316,52.2582],[76.7317,52.2582],[76.7317,52.2582],[76.7317,52.2583],[76.7317,52.2583],[76.7318,52.2583],[76.7318,52.2584],[76.7318,52.2584],[76.7319,52.2584],[76.7319,52.2584],[76.7319,52.2585],[76.732,52.2585],[76.732,52.2585],[76.7321,52.2585],[76.7321,52.2585],[76.7322,52.2585],[76.7323,52.2586],[76.7323,52.2586],[76.7323,52.2586],[76.7323,52.2586],[76.7361,52.2598],[76.7361,52.2598],[76.7361,52.2598],[76.7361,52.2598],[76.7361,52.2598],[76.7361,52.2598],[76.7393,52.2608],[76.7445,52.2538]]],"type":"MultiLineString"},"geometry_name":"shape","id":"gp_red_lines.fid--7752831e_19fb67eabdc_4964","properties":{"area":65.2136837658381,"creation_doc_id":3464,"deactivation_doc_id":null,"id":2533021},"type":"Feature"},{"bbox":[77.0828,52.1421,77.0983,52.1518],"geometry":{"coordinates":[[[77.0983,52.1451],[77.0877,52.1421],[77.0828,52.1489],[77.0935,52.1518],[77.0983,52.1451]]],"type":"MultiLineString"},"geometry_name":"shape","id":"gp_red_lines.fid--7752831e_19fb67eabdc_4965","properties":{"area":65.3900730127873,"creation_doc_id":3464,"deactivation_doc_id":null,"id":2533025},"type":"Feature"},{"bbox":[77.0717,52.139,77.0872,52.1487],"geometry":{"coordinates":[[[77.0872,52.142],[77.0765,52.139],[77.0717,52.1458],[77.0823,52.1487],[77.0872,52.142]]],"type":"MultiLineString"},"geometry_name":"shape","id":"gp_red_lines.fid--7752831e_19fb67eabdc_4966","properties":{"area":65.50629565425,"creation_doc_id":3464,"deactivation_doc_id":null,"id":2533033},"type":"Feature"},{"bbox":[76.9014,52.3095,76.9172,52.3199],"geometry":{"coordinates":[[[76.9172,52.3141],[76.907,52.3095],[76.9059,52.3104],[76.9048,52.3114],[76.9036,52.313],[76.9036,52.313],[76.9014,52.3158],[76.9017,52.3159],[76.9102,52.3199],[76.9172,52.3141]]],"type":"MultiLineString"},"geometry_name":"shape","id":"gp_red_lines.fid--7752831e_19fb67eabdc_4967","properties":{"area":65.6848664748567,"creation_doc_id":3464,"deactivation_doc_id":null,"id":2533037},"type":"Feature"},{"bbox":[76.7698,52.2509,76.7887,52.2624],"geometry":{"coordinates":[[[76.7884,52.2618],[76.7885,52.2616],[76.7886,52.2614],[76.7887,52.2613],[76.7887,52.2612],[76.7887,52.261],[76.7887,52.2609],[76.7887,52.2607],[76.7887,52.2607],[76.7887,52.2606],[76.7882,52.2576],[76.788,52.2575],[76.7784,52.2532],[76.778,52.253],[76.7734,52.2509],[76.7698,52.2552],[76.7723,52.256],[76.7723,52.256],[76.7723,52.256],[76.7751,52.2571],[76.7751,52.2571],[76.7756,52.2573],[76.7876,52.2623],[76.7876,52.2623],[76.7879,52.2624],[76.7884,52.2618]]],"type":"MultiLineString"},"geometry_name":"shape","id":"gp_red_lines.fid--7752831e_19fb67eabdc_4968","properties":{"area":66.5845825201685,"creation_doc_id":3464,"deactivation_doc_id":null,"id":2533070},"type":"Feature"},{"bbox":[76.9318,52.2559,76.9459,52.2672],"geometry":{"coordinates":[[[76.9427,52.2647],[76.9428,52.2636],[76.9429,52.2617],[76.9429,52.2617],[76.943,52.2613],[76.9429,52.2612],[76.9429,52.2612],[76.9429,52.2612],[76.943,52.261],[76.943,52.261],[76.943,52.2608],[76.943,52.2608],[76.9431,52.2607],[76.9431,52.2607],[76.9432,52.2606],[76.9432,52.2606],[76.9432,52.2606],[76.9433,52.2605],[76.9433,52.2605],[76.9435,52.2603],[76.9435,52.2603],[76.9437,52.2602],[76.9437,52.2602],[76.944,52.2601],[76.944,52.2601],[76.944,52.2601],[76.9442,52.2601],[76.9445,52.2599],[76.9447,52.2599],[76.9448,52.2598],[76.945,52.2597],[76.9451,52.2595],[76.9452,52.2594],[76.9453,52.2593],[76.9454,52.2591],[76.9455,52.259],[76.9455,52.2589],[76.9455,52.2587],[76.9455,52.2587],[76.9455,52.2584],[76.9455,52.2584],[76.9456,52.2582],[76.9456,52.2582],[76.9456,52.2581],[76.9456,52.2581],[76.9457,52.2579],[76.9457,52.2579],[76.9458,52.2578],[76.9459,52.2576],[76.9459,52.2576],[76.9414,52.2561],[76.9408,52.2567],[76.9408,52.2567],[76.9407,52.2567],[76.9406,52.2567],[76.9405,52.2567],[76.9378,52.2559],[76.9356,52.2584],[76.9356,52.2584],[76.9318,52.2625],[76.9319,52.2636],[76.9344,52.2643],[76.9345,52.2645],[76.9376,52.2654],[76.9379,52.2654],[76.9387,52.2656],[76.9387,52.2656],[76.9387,52.2656],[76.9387,52.2656],[76.9387,52.2656],[76.9386,52.267],[76.9424,52.2672],[76.9427,52.2647]]],"type":"MultiLineString"},"geometry_name":"shape","id":"gp_red_lines.fid--7752831e_19fb67eabdc_4969","properties":{"area":69.9173721623065,"creation_doc_id":3464,"deactivation_doc_id":null,"id":2533145},"type":"Feature"},{"bbox":[76.9117,52.3149,76.9279,52.323],"geometry":{"coordinates":[[[76.9279,52.3159],[76.9211,52.3159],[76.9211,52.3159],[76.9204,52.3158],[76.9204,52.3158],[76.9204,52.3158],[76.9187,52.3149],[76.9117,52.3207],[76.9163,52.3229],[76.9278,52.323],[76.9279,52.3159]]],"type":"MultiLineString"},"geometry_name":"shape","id":"gp_red_lines.fid--7752831e_19fb67eabdc_496a","properties":{"area":72.6201361428495,"creation_doc_id":3464,"deactivation_doc_id":null,"id":2533206},"type":"Feature"},{"bbox":[76.9282,52.3456,76.9483,52.3518],"geometry":{"coordinates":[[[76.9366,52.3518],[76.937,52.3517],[76.9374,52.3517],[76.9378,52.3516],[76.9382,52.3516],[76.9386,52.3515],[76.939,52.3514],[76.9394,52.3512],[76.9483,52.348],[76.9462,52.3458],[76.9284,52.3456],[76.9282,52.3517],[76.9361,52.3518],[76.9366,52.3518]]],"type":"MultiLineString"},"geometry_name":"shape","id":"gp_red_lines.fid--7752831e_19fb67eabdc_496b","properties":{"area":75.3087965999861,"creation_doc_id":3464,"deactivation_doc_id":null,"id":2533269},"type":"Feature"},{"bbox":[76.9547,52.2567,76.9699,52.2644],"geometry":{"coordinates":[[[76.9699,52.2571],[76.9562,52.2567],[76.9562,52.2567],[76.9562,52.2567],[76.9562,52.2567],[76.9562,52.2567],[76.9561,52.2567],[76.9561,52.2567],[76.9561,52.2567],[76.9561,52.2567],[76.9561,52.2567],[76.9561,52.2567],[76.9561,52.2567],[76.956,52.2567],[76.956,52.2567],[76.956,52.2567],[76.956,52.2567],[76.956,52.2567],[76.9559,52.2567],[76.9559,52.2567],[76.9559,52.2567],[76.9559,52.2567],[76.9559,52.2567],[76.9559,52.2567],[76.9559,52.2567],[76.9559,52.2567],[76.9558,52.2567],[76.9558,52.2567],[76.9558,52.2567],[76.9558,52.2567],[76.9557,52.2567],[76.9557,52.2567],[76.9557,52.2567],[76.9557,52.2567],[76.9557,52.2567],[76.9557,52.2567],[76.9557,52.2567],[76.9557,52.2567],[76.9556,52.2567],[76.9556,52.2567],[76.9556,52.2567],[76.9556,52.2567],[76.9556,52.2567],[76.9556,52.2567],[76.9555,52.2567],[76.9555,52.2567],[76.9555,52.2567],[76.9555,52.2567],[76.9555,52.2567],[76.9555,52.2567],[76.9554,52.2567],[76.9547,52.2637],[76.9691,52.2644],[76.9699,52.2571]]],"type":"MultiLineString"},"geometry_name":"shape","id":"gp_red_lines.fid--7752831e_19fb67eabdc_496c","properties":{"area":78.8370307485814,"creation_doc_id":3464,"deactivation_doc_id":null,"id":2533335},"type":"Feature"},{"bbox":[76.87,52.3892,76.8876,52.3961],"geometry":{"coordinates":[[[76.8876,52.396],[76.8873,52.3892],[76.8733,52.3893],[76.87,52.3961],[76.8876,52.396]]],"type":"MultiLineString"},"geometry_name":"shape","id":"gp_red_lines.fid--7752831e_19fb67eabdc_496d","properties":{"area":80.8837379068949,"creation_doc_id":3464,"deactivation_doc_id":null,"id":2533375},"type":"Feature"},{"bbox":[76.9719,52.2461,76.9872,52.2572],"geometry":{"coordinates":[[[76.9853,52.2539],[76.9856,52.2519],[76.9856,52.2519],[76.9857,52.2516],[76.9859,52.2495],[76.9859,52.2495],[76.986,52.2494],[76.986,52.2494],[76.986,52.2494],[76.9872,52.2485],[76.9826,52.2461],[76.9772,52.2497],[76.9752,52.2512],[76.9752,52.2512],[76.9749,52.2514],[76.973,52.2525],[76.9726,52.2529],[76.9724,52.2532],[76.9723,52.2536],[76.9721,52.2551],[76.9719,52.2567],[76.9849,52.2572],[76.9853,52.2539]]],"type":"MultiLineString"},"geometry_name":"shape","id":"gp_red_lines.fid--7752831e_19fb67eabdc_496e","properties":{"area":81.4874807961542,"creation_doc_id":3464,"deactivation_doc_id":null,"id":2533387},"type":"Feature"},{"bbox":[77.0585,52.1374,77.076,52.156],"geometry":{"coordinates":[[[77.076,52.1389],[77.0707,52.1374],[77.0659,52.1442],[77.0585,52.155],[77.0638,52.156],[77.076,52.1389]]],"type":"MultiLineString"},"geometry_name":"shape","id":"gp_red_lines.fid--7752831e_19fb67eabdc_496f","properties":{"area":82.1625829666847,"creation_doc_id":3464,"deactivation_doc_id":null,"id":2533397},"type":"Feature"},{"bbox":[77.0201,52.177,77.0377,52.1888],"geometry":{"coordinates":[[[77.0284,52.1888],[77.0285,52.1888],[77.0285,52.1888],[77.0285,52.1888],[77.0286,52.1888],[77.0286,52.1888],[77.0287,52.1888],[77.0287,52.1888],[77.0287,52.1888],[77.0288,52.1887],[77.0288,52.1887],[77.0288,52.1887],[77.0289,52.1887],[77.0289,52.1887],[77.0289,52.1887],[77.0289,52.1886],[77.029,52.1886],[77.0327,52.1844],[77.0337,52.1831],[77.0354,52.1807],[77.0354,52.1807],[77.0354,52.1807],[77.0364,52.1803],[77.0376,52.1783],[77.0377,52.1783],[77.0377,52.1783],[77.0377,52.1782],[77.0377,52.1782],[77.0377,52.1782],[77.0377,52.1782],[77.0377,52.1781],[77.0377,52.1781],[77.0377,52.1781],[77.0377,52.178],[77.0376,52.178],[77.0376,52.178],[77.0376,52.1779],[77.0376,52.1779],[77.0375,52.1779],[77.0375,52.1779],[77.0375,52.1779],[77.0374,52.1778],[77.0374,52.1778],[77.0374,52.1778],[77.0373,52.1778],[77.0373,52.1778],[77.0372,52.1777],[77.0372,52.1777],[77.0372,52.1777],[77.0372,52.1777],[77.0365,52.1776],[77.0338,52.1773],[77.0299,52.177],[77.0293,52.177],[77.0293,52.177],[77.0292,52.177],[77.0292,52.177],[77.0291,52.177],[77.0291,52.177],[77.029,52.177],[77.029,52.177],[77.0289,52.177],[77.0289,52.177],[77.0288,52.177],[77.0288,52.177],[77.0288,52.177],[77.0287,52.1771],[77.0287,52.1771],[77.0287,52.1771],[77.0286,52.1771],[77.0286,52.1771],[77.0286,52.1772],[77.0285,52.1772],[77.0285,52.1772],[77.0201,52.1866],[77.0281,52.1888],[77.0281,52.1888],[77.0281,52.1888],[77.0282,52.1888],[77.0282,52.1888],[77.0283,52.1888],[77.0283,52.1888],[77.0283,52.1888],[77.0284,52.1888],[77.0284,52.1888]]],"type":"MultiLineString"},"geometry_name":"shape","id":"gp_red_lines.fid--7752831e_19fb67eabdc_4970","properties":{"area":83.0242102340772,"creation_doc_id":3464,"deactivation_doc_id":null,"id":2533411},"type":"Feature"},{"bbox":[77.0643,52.1461,77.0821,52.1565],"geometry":{"coordinates":[[[77.0773,52.1557],[77.0774,52.1556],[77.0774,52.1556],[77.0821,52.149],[77.0715,52.1461],[77.0668,52.1527],[77.0668,52.1527],[77.0668,52.1527],[77.0643,52.1561],[77.0666,52.1565],[77.0773,52.1557]]],"type":"MultiLineString"},"geometry_name":"shape","id":"gp_red_lines.fid--7752831e_19fb67eabdc_4971","properties":{"area":83.2572432849929,"creation_doc_id":3464,"deactivation_doc_id":null,"id":2533417},"type":"Feature"},{"bbox":[76.9469,52.3379,76.9621,52.3477],"geometry":{"coordinates":[[[76.9612,52.3432],[76.9613,52.3432],[76.9613,52.3432],[76.9621,52.343],[76.9615,52.342],[76.9615,52.3419],[76.9615,52.3419],[76.9616,52.3381],[76.9471,52.3379],[76.9469,52.3454],[76.9491,52.3477],[76.9612,52.3432]]],"type":"MultiLineString"},"geometry_name":"shape","id":"gp_red_lines.fid--7752831e_19fb67eabdc_4972","properties":{"area":83.7360324180017,"creation_doc_id":3464,"deactivation_doc_id":null,"id":2533426},"type":"Feature"},{"bbox":[77.0513,52.1352,77.0667,52.1439],"geometry":{"coordinates":[[[77.0667,52.1365],[77.0621,52.1352],[77.0514,52.1352],[77.0513,52.1439],[77.0615,52.1439],[77.0667,52.1365]]],"type":"MultiLineString"},"geometry_name":"shape","id":"gp_red_lines.fid--7752831e_19fb67eabdc_4973","properties":{"area":84.9062255193693,"creation_doc_id":3464,"deactivation_doc_id":null,"id":2533444},"type":"Feature"},{"bbox":[76.8664,52.338,76.8833,52.3495],"geometry":{"coordinates":[[[76.8756,52.348],[76.8756,52.348],[76.8756,52.348],[76.8756,52.348],[76.8759,52.3479],[76.8759,52.3479],[76.8759,52.3479],[76.8759,52.3479],[76.8759,52.3479],[76.8759,52.3479],[76.8759,52.3479],[76.8762,52.3478],[76.8762,52.3478],[76.8762,52.3478],[76.8762,52.3478],[76.8765,52.3478],[76.8765,52.3478],[76.8765,52.3478],[76.8765,52.3478],[76.8768,52.3477],[76.8768,52.3477],[76.8768,52.3477],[76.8768,52.3477],[76.8771,52.3476],[76.8771,52.3476],[76.8771,52.3476],[76.8771,52.3476],[76.8774,52.3476],[76.8774,52.3476],[76.8774,52.3476],[76.8774,52.3476],[76.8777,52.3476],[76.8777,52.3476],[76.8777,52.3476],[76.8777,52.3476],[76.878,52.3475],[76.878,52.3475],[76.8781,52.3475],[76.8781,52.3475],[76.8784,52.3475],[76.8784,52.3475],[76.8784,52.3475],[76.8784,52.3475],[76.8784,52.3475],[76.8784,52.3475],[76.8784,52.3475],[76.8787,52.3475],[76.8787,52.3475],[76.8787,52.3475],[76.8787,52.3475],[76.879,52.3476],[76.879,52.3476],[76.879,52.3476],[76.879,52.3476],[76.8793,52.3476],[76.8793,52.3476],[76.8793,52.3476],[76.8793,52.3476],[76.8796,52.3476],[76.8796,52.3476],[76.8796,52.3476],[76.8796,52.3476],[76.8804,52.3478],[76.8833,52.3418],[76.8832,52.3418],[76.8832,52.3418],[76.8832,52.3418],[76.8832,52.3418],[76.8829,52.3417],[76.8829,52.3417],[76.8829,52.3417],[76.8829,52.3417],[76.8826,52.3417],[76.8826,52.3417],[76.8826,52.3417],[76.8826,52.3417],[76.8823,52.3416],[76.8823,52.3416],[76.8823,52.3416],[76.8823,52.3416],[76.8823,52.3416],[76.8823,52.3416],[76.882,52.3415],[76.882,52.3415],[76.882,52.3415],[76.882,52.3415],[76.8817,52.3413],[76.8817,52.3413],[76.8817,52.3413],[76.8817,52.3413],[76.8815,52.3412],[76.8815,52.3412],[76.8815,52.3412],[76.8815,52.3412],[76.8812,52.3411],[76.8755,52.338],[76.8725,52.3401],[76.8721,52.3404],[76.8721,52.3404],[76.8721,52.3404],[76.8721,52.3404],[76.8718,52.3406],[76.8718,52.3406],[76.8718,52.3406],[76.8718,52.3406],[76.8714,52.3408],[76.8714,52.3408],[76.8714,52.3408],[76.8714,52.3408],[76.871,52.341],[76.871,52.341],[76.871,52.341],[76.871,52.341],[76.8705,52.3412],[76.8705,52.3412],[76.8705,52.3412],[76.8705,52.3412],[76.8701,52.3414],[76.8701,52.3414],[76.8701,52.3414],[76.8701,52.3414],[76.8701,52.3414],[76.8701,52.3414],[76.8701,52.3414],[76.8696,52.3415],[76.8696,52.3415],[76.8696,52.3415],[76.8665,52.3424],[76.8665,52.3424],[76.8665,52.3425],[76.8665,52.3425],[76.8665,52.3425],[76.8664,52.3425],[76.8664,52.3425],[76.8664,52.3425],[76.8664,52.3425],[76.8664,52.3425],[76.8664,52.3425],[76.8664,52.3425],[76.8664,52.3425],[76.8664,52.3426],[76.8664,52.3426],[76.8664,52.3426],[76.8664,52.3426],[76.8664,52.3426],[76.8664,52.3426],[76.8664,52.3426],[76.868,52.347],[76.868,52.3471],[76.8681,52.3472],[76.8682,52.3474],[76.8683,52.3475],[76.8684,52.3476],[76.8685,52.3477],[76.8686,52.3478],[76.8687,52.3478],[76.8689,52.3479],[76.8713,52.3491],[76.8713,52.3491],[76.8713,52.3491],[76.8713,52.3491],[76.8714,52.3492],[76.8714,52.3492],[76.8714,52.3492],[76.8714,52.3492],[76.8716,52.3493],[76.8716,52.3493],[76.8716,52.3493],[76.8716,52.3493],[76.8717,52.3494],[76.8717,52.3494],[76.8717,52.3494],[76.8717,52.3494],[76.8718,52.3495],[76.8756,52.348]]],"type":"MultiLineString"},"geometry_name":"shape","id":"gp_red_lines.fid--7752831e_19fb67eabdc_4974","properties":{"area":88.6830969829595,"creation_doc_id":3464,"deactivation_doc_id":null,"id":2533505},"type":"Feature"},{"bbox":[77.016,52.267,77.0389,52.2733],"geometry":{"coordinates":[[[77.0389,52.2679],[77.031,52.2676],[77.031,52.2676],[77.0219,52.2672],[77.0164,52.267],[77.016,52.2724],[77.0388,52.2733],[77.0389,52.2679]]],"type":"MultiLineString"},"geometry_name":"shape","id":"gp_red_lines.fid--7752831e_19fb67eabdc_4975","properties":{"area":93.140255950268,"creation_doc_id":3464,"deactivation_doc_id":null,"id":2533578},"type":"Feature"},{"bbox":[76.8763,52.4037,76.8882,52.4158],"geometry":{"coordinates":[[[76.8882,52.4157],[76.8878,52.4041],[76.8801,52.4042],[76.8801,52.4042],[76.8801,52.4042],[76.8771,52.4037],[76.8771,52.4094],[76.8771,52.4096],[76.8771,52.4096],[76.8771,52.4096],[76.8771,52.413],[76.8771,52.413],[76.8771,52.413],[76.8763,52.4151],[76.8802,52.4158],[76.8882,52.4157]]],"type":"MultiLineString"},"geometry_name":"shape","id":"gp_red_lines.fid--7752831e_19fb67eabdc_4976","properties":{"area":96.6849601951698,"creation_doc_id":3464,"deactivation_doc_id":null,"id":2533616},"type":"Feature"},{"bbox":[76.8519,52.4303,76.8689,52.4417],"geometry":{"coordinates":[[[76.8672,52.4367],[76.8672,52.4366],[76.8689,52.4324],[76.8553,52.4303],[76.8519,52.4396],[76.8652,52.4417],[76.8672,52.4367]]],"type":"MultiLineString"},"geometry_name":"shape","id":"gp_red_lines.fid--7752831e_19fb67eabdc_4977","properties":{"area":100.276551158173,"creation_doc_id":3464,"deactivation_doc_id":null,"id":2533651},"type":"Feature"},{"bbox":[76.8621,52.4021,76.8766,52.4151],"geometry":{"coordinates":[[[76.8766,52.413],[76.8766,52.4095],[76.8766,52.4093],[76.8765,52.4036],[76.8672,52.4021],[76.8647,52.4074],[76.8647,52.4074],[76.8646,52.4076],[76.8646,52.4076],[76.8621,52.4129],[76.8758,52.4151],[76.8766,52.413]]],"type":"MultiLineString"},"geometry_name":"shape","id":"gp_red_lines.fid--7752831e_19fb67eabdc_4978","properties":{"area":103.844332620585,"creation_doc_id":3464,"deactivation_doc_id":null,"id":2533702},"type":"Feature"},{"bbox":[76.9289,52.315,76.9466,52.3232],"geometry":{"coordinates":[[[76.9466,52.319],[76.9466,52.3152],[76.9373,52.3151],[76.9373,52.3151],[76.9371,52.3151],[76.9307,52.315],[76.93,52.3155],[76.9294,52.3159],[76.9294,52.3159],[76.9294,52.3159],[76.9292,52.3159],[76.9292,52.3159],[76.9291,52.3159],[76.9291,52.3159],[76.929,52.3159],[76.9289,52.323],[76.9289,52.323],[76.9465,52.3232],[76.9466,52.319]]],"type":"MultiLineString"},"geometry_name":"shape","id":"gp_red_lines.fid--7752831e_19fb67eabdc_4979","properties":{"area":106.187789034671,"creation_doc_id":3464,"deactivation_doc_id":null,"id":2533726},"type":"Feature"},{"bbox":[76.872,52.3478,76.8903,52.359],"geometry":{"coordinates":[[[76.8876,52.3556],[76.8876,52.3556],[76.8877,52.3553],[76.8877,52.3553],[76.8903,52.3499],[76.8808,52.3481],[76.8803,52.3481],[76.8795,52.3479],[76.8792,52.3479],[76.8789,52.3478],[76.8787,52.3478],[76.8784,52.3478],[76.8781,52.3478],[76.8778,52.3478],[76.8775,52.3479],[76.8772,52.3479],[76.8769,52.348],[76.8767,52.348],[76.8764,52.3481],[76.8761,52.3482],[76.8759,52.3483],[76.8721,52.3497],[76.8722,52.3499],[76.8722,52.3499],[76.8722,52.3499],[76.8722,52.3499],[76.8723,52.35],[76.8723,52.35],[76.8723,52.35],[76.8723,52.35],[76.8724,52.3501],[76.8724,52.3501],[76.8724,52.3501],[76.8724,52.3501],[76.8724,52.3502],[76.8724,52.3502],[76.8724,52.3503],[76.8724,52.3503],[76.8725,52.3503],[76.8725,52.3503],[76.8725,52.3503],[76.8725,52.3503],[76.8729,52.3518],[76.8729,52.3518],[76.8729,52.3518],[76.8729,52.3518],[76.873,52.3519],[76.873,52.3519],[76.873,52.3519],[76.873,52.3519],[76.873,52.3521],[76.873,52.3521],[76.873,52.3521],[76.873,52.3521],[76.873,52.3523],[76.873,52.3523],[76.873,52.3523],[76.873,52.3523],[76.873,52.3525],[76.873,52.3525],[76.873,52.3525],[76.873,52.3525],[76.873,52.3525],[76.873,52.3526],[76.873,52.3526],[76.873,52.3527],[76.873,52.3529],[76.8729,52.353],[76.8729,52.353],[76.8729,52.353],[76.8729,52.353],[76.872,52.3561],[76.872,52.3561],[76.872,52.3562],[76.872,52.3562],[76.872,52.3562],[76.872,52.3563],[76.872,52.3563],[76.872,52.3563],[76.872,52.3564],[76.8721,52.3564],[76.8721,52.3565],[76.8721,52.3565],[76.8722,52.3565],[76.8722,52.3566],[76.8722,52.3566],[76.8723,52.3566],[76.8723,52.3566],[76.8724,52.3567],[76.8724,52.3567],[76.8725,52.3567],[76.8725,52.3567],[76.8726,52.3567],[76.8727,52.3568],[76.8727,52.3568],[76.8728,52.3568],[76.8728,52.3568],[76.8728,52.3568],[76.8728,52.3568],[76.8759,52.3573],[76.8764,52.3574],[76.8859,52.359],[76.8876,52.3556]]],"type":"MultiLineString"},"geometry_name":"shape","id":"gp_red_lines.fid--7752831e_19fb67eabdc_497a","properties":{"area":112.231945564698,"creation_doc_id":3464,"deactivation_doc_id":null,"id":2533786},"type":"Feature"},{"bbox":[76.9624,52.3307,76.9807,52.3427],"geometry":{"coordinates":[[[76.9631,52.3427],[76.9631,52.3427],[76.964,52.3425],[76.9641,52.3425],[76.965,52.3424],[76.965,52.3424],[76.966,52.3422],[76.966,52.3422],[76.9672,52.3421],[76.9679,52.342],[76.9687,52.3418],[76.9695,52.3415],[76.9702,52.3412],[76.971,52.3409],[76.9717,52.3406],[76.9723,52.3402],[76.9729,52.3398],[76.9735,52.3394],[76.974,52.339],[76.9745,52.3385],[76.9749,52.3381],[76.9783,52.3333],[76.9783,52.3333],[76.9789,52.3324],[76.9789,52.3324],[76.9792,52.3321],[76.9792,52.3321],[76.9794,52.3318],[76.9794,52.3318],[76.9795,52.3318],[76.9797,52.3315],[76.9798,52.3315],[76.9801,52.3313],[76.9801,52.3313],[76.9804,52.331],[76.9805,52.331],[76.9807,52.3309],[76.9627,52.3307],[76.9624,52.3419],[76.963,52.3427],[76.9631,52.3427]]],"type":"MultiLineString"},"geometry_name":"shape","id":"gp_red_lines.fid--7752831e_19fb67eabdc_497b","properties":{"area":113.441904253915,"creation_doc_id":3464,"deactivation_doc_id":null,"id":2533794},"type":"Feature"},{"bbox":[76.7692,52.2387,76.7876,52.2539],"geometry":{"coordinates":[[[76.7857,52.2429],[76.7857,52.2429],[76.7857,52.2429],[76.7857,52.2429],[76.7856,52.2422],[76.7856,52.2422],[76.7856,52.2422],[76.7857,52.2422],[76.786,52.2417],[76.7763,52.2387],[76.7741,52.242],[76.7741,52.242],[76.7741,52.242],[76.7714,52.2439],[76.7692,52.2463],[76.7795,52.2509],[76.7799,52.2511],[76.7859,52.2538],[76.7859,52.2539],[76.7859,52.2539],[76.7859,52.2539],[76.786,52.2539],[76.786,52.2539],[76.786,52.2539],[76.786,52.2539],[76.786,52.2539],[76.786,52.2539],[76.7876,52.2539],[76.7857,52.2429]]],"type":"MultiLineString"},"geometry_name":"shape","id":"gp_red_lines.fid--7752831e_19fb67eabdc_497c","properties":{"area":117.408492688536,"creation_doc_id":3464,"deactivation_doc_id":null,"id":2533822},"type":"Feature"},{"bbox":[76.838,52.4178,76.8574,52.4295],"geometry":{"coordinates":[[[76.8547,52.4245],[76.8547,52.4245],[76.8574,52.4185],[76.8525,52.4178],[76.8421,52.4204],[76.8421,52.4204],[76.8421,52.4204],[76.8421,52.4204],[76.8421,52.4204],[76.8421,52.4204],[76.8421,52.4204],[76.8421,52.4204],[76.8421,52.4204],[76.842,52.4204],[76.842,52.4204],[76.842,52.4204],[76.842,52.4204],[76.842,52.4204],[76.842,52.4204],[76.842,52.4204],[76.842,52.4204],[76.842,52.4204],[76.842,52.4204],[76.8419,52.4204],[76.8419,52.4204],[76.8419,52.4204],[76.8419,52.4204],[76.8419,52.4204],[76.8419,52.4204],[76.8419,52.4204],[76.8419,52.4204],[76.8419,52.4204],[76.8419,52.4203],[76.8419,52.4203],[76.8398,52.419],[76.8388,52.4198],[76.8383,52.4205],[76.8382,52.4207],[76.8381,52.4212],[76.838,52.4217],[76.8383,52.4235],[76.8387,52.4245],[76.8389,52.4247],[76.8389,52.4247],[76.8389,52.4247],[76.8389,52.4247],[76.8389,52.4247],[76.8389,52.4247],[76.8393,52.4255],[76.8396,52.426],[76.8396,52.426],[76.8396,52.426],[76.8396,52.426],[76.8396,52.426],[76.8396,52.426],[76.8396,52.426],[76.8396,52.426],[76.8396,52.426],[76.8396,52.4261],[76.8396,52.4261],[76.8396,52.4261],[76.8396,52.4261],[76.8396,52.4261],[76.8393,52.4277],[76.8528,52.4295],[76.8547,52.4245]]],"type":"MultiLineString"},"geometry_name":"shape","id":"gp_red_lines.fid--7752831e_19fb67eabdc_497d","properties":{"area":119.520741787642,"creation_doc_id":3464,"deactivation_doc_id":null,"id":2533840},"type":"Feature"},{"bbox":[77.0532,52.2399,77.0675,52.2517],"geometry":{"coordinates":[[[77.0662,52.2515],[77.0667,52.2514],[77.0675,52.2509],[77.0675,52.246],[77.0669,52.2432],[77.0666,52.2422],[77.0656,52.2399],[77.0631,52.2402],[77.0631,52.2402],[77.0574,52.2402],[77.0574,52.2402],[77.0534,52.2401],[77.0532,52.2517],[77.0532,52.2517],[77.0532,52.2517],[77.0662,52.2515]]],"type":"MultiLineString"},"geometry_name":"shape","id":"gp_red_lines.fid--7752831e_19fb67eabdc_497e","properties":{"area":120.306785005102,"creation_doc_id":3464,"deactivation_doc_id":null,"id":2533850},"type":"Feature"},{"bbox":[77.0392,52.2375,77.0523,52.2517],"geometry":{"coordinates":[[[77.052,52.2517],[77.0521,52.2516],[77.0523,52.2399],[77.0461,52.2378],[77.0392,52.2375],[77.0392,52.2375],[77.0392,52.2375],[77.0392,52.2375],[77.0392,52.2375],[77.0392,52.2375],[77.0393,52.2376],[77.0393,52.2376],[77.0393,52.2376],[77.0393,52.2376],[77.0393,52.2377],[77.0393,52.2377],[77.0393,52.2377],[77.0393,52.2377],[77.0393,52.2377],[77.0393,52.2377],[77.0393,52.2377],[77.0393,52.2377],[77.0393,52.2378],[77.0393,52.2378],[77.0393,52.2378],[77.0393,52.2378],[77.0394,52.2378],[77.0394,52.2378],[77.0394,52.2378],[77.0394,52.2378],[77.0394,52.2379],[77.0394,52.2379],[77.0394,52.2379],[77.0394,52.2379],[77.0394,52.238],[77.0394,52.238],[77.0394,52.238],[77.0394,52.238],[77.0394,52.238],[77.0394,52.238],[77.0394,52.238],[77.0394,52.238],[77.0394,52.2381],[77.0394,52.2381],[77.0394,52.2381],[77.0394,52.2381],[77.0395,52.2382],[77.0395,52.2382],[77.0395,52.2382],[77.0395,52.2382],[77.0395,52.2382],[77.0395,52.2382],[77.0395,52.2382],[77.0395,52.2382],[77.0395,52.2383],[77.0395,52.2383],[77.0395,52.2383],[77.0395,52.2383],[77.0395,52.2383],[77.0395,52.2383],[77.0395,52.2384],[77.0395,52.2384],[77.0395,52.2384],[77.0395,52.2384],[77.0395,52.2384],[77.0395,52.2384],[77.0395,52.2385],[77.0395,52.2385],[77.0395,52.2385],[77.0395,52.2385],[77.0395,52.2385],[77.0395,52.2385],[77.0395,52.2385],[77.0395,52.2385],[77.0395,52.2385],[77.0395,52.2386],[77.0395,52.2386],[77.0395,52.2386],[77.0395,52.2386],[77.0395,52.2386],[77.0395,52.2386],[77.0395,52.2387],[77.0395,52.2387],[77.0395,52.2387],[77.0395,52.2387],[77.0395,52.2387],[77.0395,52.2387],[77.0395,52.2388],[77.0395,52.2388],[77.0395,52.2388],[77.0395,52.2388],[77.0395,52.2388],[77.0395,52.2388],[77.0395,52.2389],[77.0395,52.2389],[77.0395,52.2389],[77.0395,52.2389],[77.0395,52.2389],[77.0395,52.2389],[77.0395,52.239],[77.0395,52.239],[77.0395,52.239],[77.0395,52.239],[77.0395,52.239],[77.0395,52.239],[77.0395,52.239],[77.0395,52.239],[77.0395,52.2391],[77.0395,52.2391],[77.0395,52.2391],[77.0395,52.2391],[77.0395,52.2391],[77.0395,52.2391],[77.0395,52.2391],[77.0395,52.2391],[77.0395,52.2391],[77.0395,52.2392],[77.0395,52.2392],[77.0395,52.2392],[77.0395,52.2392],[77.0395,52.2392],[77.0395,52.2392],[77.0395,52.2392],[77.0395,52.2392],[77.0395,52.2392],[77.0395,52.2393],[77.0395,52.2393],[77.0395,52.2393],[77.0395,52.2393],[77.0395,52.2399],[77.0395,52.24],[77.0395,52.24],[77.0395,52.2401],[77.0395,52.2401],[77.0395,52.2402],[77.0395,52.2402],[77.0395,52.2403],[77.0395,52.2403],[77.0395,52.2404],[77.0395,52.2404],[77.0395,52.2405],[77.0395,52.2406],[77.0395,52.2406],[77.0395,52.2407],[77.0395,52.2407],[77.0395,52.2408],[77.0395,52.2408],[77.0396,52.2409],[77.0396,52.2409],[77.0396,52.241],[77.0396,52.241],[77.0396,52.241],[77.0396,52.241],[77.0405,52.2515],[77.0405,52.2515],[77.0405,52.2516],[77.0405,52.2516],[77.0405,52.2516],[77.0408,52.2516],[77.0408,52.2516],[77.049,52.2516],[77.049,52.2516],[77.049,52.2516],[77.0509,52.2517],[77.0517,52.2517],[77.052,52.2517],[77.052,52.2517]]],"type":"MultiLineString"},"geometry_name":"shape","id":"gp_red_lines.fid--7752831e_19fb67eabdc_497f","properties":{"area":124.659995653821,"creation_doc_id":3464,"deactivation_doc_id":null,"id":2533881},"type":"Feature"},{"bbox":[76.8547,52.4188,76.8734,52.4321],"geometry":{"coordinates":[[[76.8711,52.4267],[76.8713,52.4264],[76.8734,52.4211],[76.8593,52.4188],[76.8568,52.4242],[76.8567,52.4245],[76.8567,52.4245],[76.8567,52.4245],[76.8547,52.4298],[76.869,52.4321],[76.8711,52.4267]]],"type":"MultiLineString"},"geometry_name":"shape","id":"gp_red_lines.fid--7752831e_19fb67eabdc_4980","properties":{"area":127.517559581502,"creation_doc_id":3464,"deactivation_doc_id":null,"id":2533900},"type":"Feature"},{"bbox":[76.8586,52.3797,76.8755,52.3961],"geometry":{"coordinates":[[[76.8755,52.3807],[76.8689,52.3797],[76.8683,52.3797],[76.8611,52.381],[76.8629,52.3857],[76.8629,52.3857],[76.8629,52.3857],[76.8586,52.3956],[76.8625,52.396],[76.8681,52.3961],[76.8755,52.3807]]],"type":"MultiLineString"},"geometry_name":"shape","id":"gp_red_lines.fid--7752831e_19fb67eabdc_4981","properties":{"area":128.329883393356,"creation_doc_id":3464,"deactivation_doc_id":null,"id":2533909},"type":"Feature"},{"bbox":[77.0653,52.3803,77.0886,52.3921],"geometry":{"coordinates":[[[77.0886,52.3891],[77.0885,52.389],[77.0885,52.389],[77.0881,52.3883],[77.0832,52.3813],[77.0826,52.3807],[77.0653,52.3803],[77.0655,52.3814],[77.0689,52.3883],[77.0689,52.3883],[77.0689,52.3883],[77.0687,52.3917],[77.0702,52.3921],[77.0886,52.3891]]],"type":"MultiLineString"},"geometry_name":"shape","id":"gp_red_lines.fid--7752831e_19fb67eabdc_4982","properties":{"area":143.505379183969,"creation_doc_id":3464,"deactivation_doc_id":null,"id":2534005},"type":"Feature"},{"bbox":[76.8988,52.3301,76.9276,52.3374],"geometry":{"coordinates":[[[76.9275,52.3356],[76.9275,52.335],[76.9275,52.3328],[76.9276,52.3325],[76.9276,52.3303],[76.9212,52.3302],[76.9207,52.3302],[76.9207,52.3302],[76.9171,52.3302],[76.9171,52.3302],[76.9125,52.3301],[76.9121,52.3301],[76.912,52.3301],[76.9091,52.3301],[76.9076,52.3301],[76.902,52.3301],[76.9014,52.3313],[76.9013,52.3315],[76.9002,52.3337],[76.9002,52.3337],[76.9001,52.334],[76.8988,52.3366],[76.9006,52.337],[76.9274,52.3374],[76.9275,52.3356]]],"type":"MultiLineString"},"geometry_name":"shape","id":"gp_red_lines.fid--7752831e_19fb67eabdc_4983","properties":{"area":144.715163515335,"creation_doc_id":3464,"deactivation_doc_id":null,"id":2534011},"type":"Feature"},{"bbox":[76.8695,52.4211,76.8889,52.4338],"geometry":{"coordinates":[[[76.8889,52.4337],[76.8885,52.4221],[76.8808,52.4222],[76.8808,52.4222],[76.8808,52.4222],[76.8739,52.4211],[76.8718,52.4265],[76.8717,52.4268],[76.8717,52.4268],[76.8695,52.4322],[76.8796,52.4338],[76.8889,52.4337]]],"type":"MultiLineString"},"geometry_name":"shape","id":"gp_red_lines.fid--7752831e_19fb67eabdc_4984","properties":{"area":149.280254628454,"creation_doc_id":3464,"deactivation_doc_id":null,"id":2534036},"type":"Feature"},{"bbox":[76.8925,52.3441,76.9273,52.3517],"geometry":{"coordinates":[[[76.9273,52.3456],[76.9021,52.3453],[76.902,52.3453],[76.8952,52.3441],[76.8925,52.3498],[76.8994,52.351],[76.9003,52.3511],[76.901,52.3513],[76.9025,52.3514],[76.904,52.3515],[76.9271,52.3517],[76.9273,52.3456]]],"type":"MultiLineString"},"geometry_name":"shape","id":"gp_red_lines.fid--7752831e_19fb67eabdc_4985","properties":{"area":155.602312865608,"creation_doc_id":3464,"deactivation_doc_id":null,"id":2534068},"type":"Feature"},{"bbox":[76.7474,52.234,76.7706,52.25],"geometry":{"coordinates":[[[76.7614,52.2476],[76.7619,52.2474],[76.7619,52.2474],[76.7619,52.2474],[76.7619,52.2474],[76.762,52.2474],[76.762,52.2474],[76.762,52.2474],[76.7621,52.2474],[76.7621,52.2474],[76.7621,52.2473],[76.7621,52.2473],[76.7622,52.2473],[76.7622,52.2473],[76.7622,52.2473],[76.7622,52.2473],[76.7623,52.2473],[76.7623,52.2473],[76.7624,52.2473],[76.7624,52.2473],[76.7624,52.2473],[76.7625,52.2473],[76.7625,52.2473],[76.7625,52.2473],[76.7626,52.2473],[76.7626,52.2473],[76.7626,52.2473],[76.7627,52.2473],[76.7627,52.2473],[76.7627,52.2473],[76.7627,52.2473],[76.7628,52.2473],[76.7628,52.2473],[76.7629,52.2473],[76.7629,52.2473],[76.7629,52.2473],[76.7629,52.2473],[76.7658,52.248],[76.7658,52.248],[76.7668,52.2483],[76.7706,52.2441],[76.7696,52.2427],[76.7524,52.234],[76.7507,52.2359],[76.7507,52.2359],[76.7507,52.2359],[76.7507,52.2359],[76.7507,52.2359],[76.7507,52.2359],[76.7507,52.2359],[76.7507,52.2359],[76.7507,52.2359],[76.748,52.2382],[76.7478,52.2386],[76.7476,52.239],[76.7475,52.2395],[76.7474,52.2399],[76.7474,52.2403],[76.7474,52.2408],[76.7475,52.2412],[76.7476,52.2416],[76.7477,52.2421],[76.7479,52.2425],[76.7482,52.2429],[76.7485,52.2433],[76.7489,52.2438],[76.7549,52.25],[76.7614,52.2476]]],"type":"MultiLineString"},"geometry_name":"shape","id":"gp_red_lines.fid--7752831e_19fb67eabdc_4986","properties":{"area":159.315087496376,"creation_doc_id":3464,"deactivation_doc_id":null,"id":2534084},"type":"Feature"},{"bbox":[76.8955,52.3369,76.9274,52.345],"geometry":{"coordinates":[[[76.9273,52.3446],[76.9273,52.3443],[76.9274,52.3376],[76.9006,52.3372],[76.9005,52.3372],[76.8987,52.3369],[76.8955,52.3436],[76.9022,52.3447],[76.9273,52.345],[76.9273,52.3446]]],"type":"MultiLineString"},"geometry_name":"shape","id":"gp_red_lines.fid--7752831e_19fb67eabdc_4987","properties":{"area":169.458847556577,"creation_doc_id":3464,"deactivation_doc_id":null,"id":2534134},"type":"Feature"},{"bbox":[77.036,52.1935,77.0678,52.2061],"geometry":{"coordinates":[[[77.0678,52.1988],[77.0646,52.1965],[77.0401,52.1939],[77.0401,52.1939],[77.0396,52.1938],[77.0396,52.1938],[77.0365,52.1935],[77.036,52.1954],[77.0387,52.1981],[77.0389,52.1983],[77.0389,52.1983],[77.0407,52.2001],[77.0407,52.2001],[77.0407,52.2001],[77.041,52.2003],[77.041,52.2003],[77.0426,52.202],[77.0456,52.2009],[77.046,52.2007],[77.0462,52.2009],[77.0462,52.2009],[77.0462,52.2009],[77.0458,52.2011],[77.0458,52.2011],[77.0429,52.2022],[77.0446,52.2039],[77.0446,52.2039],[77.0448,52.2041],[77.0448,52.2041],[77.0459,52.2052],[77.0459,52.2052],[77.0459,52.2052],[77.046,52.2053],[77.046,52.2053],[77.0461,52.2053],[77.0462,52.2054],[77.0462,52.2054],[77.0463,52.2055],[77.0464,52.2055],[77.0465,52.2055],[77.0465,52.2056],[77.0466,52.2056],[77.0467,52.2056],[77.0468,52.2056],[77.0469,52.2056],[77.047,52.2056],[77.0471,52.2057],[77.0472,52.2057],[77.0473,52.2057],[77.0473,52.2057],[77.0474,52.2057],[77.0475,52.2056],[77.0476,52.2056],[77.0477,52.2056],[77.0478,52.2056],[77.0479,52.2056],[77.048,52.2055],[77.0493,52.205],[77.0493,52.205],[77.0493,52.205],[77.0494,52.205],[77.0494,52.205],[77.0494,52.205],[77.0494,52.2049],[77.0495,52.2049],[77.0495,52.2049],[77.0495,52.2049],[77.0496,52.2049],[77.0496,52.2049],[77.0496,52.2049],[77.0497,52.2049],[77.0497,52.2049],[77.0497,52.2049],[77.0498,52.2049],[77.0498,52.2049],[77.0498,52.2049],[77.0499,52.2049],[77.0499,52.2049],[77.0499,52.2049],[77.0499,52.2049],[77.05,52.2049],[77.05,52.2049],[77.0501,52.2049],[77.0501,52.2049],[77.0501,52.2049],[77.0501,52.2049],[77.0502,52.2049],[77.0502,52.2049],[77.0503,52.2049],[77.0503,52.2049],[77.0503,52.2049],[77.0503,52.2049],[77.0504,52.2049],[77.0504,52.2049],[77.0505,52.205],[77.0505,52.205],[77.0505,52.205],[77.0505,52.205],[77.0505,52.205],[77.0506,52.205],[77.0506,52.205],[77.0506,52.205],[77.0506,52.205],[77.0507,52.2051],[77.0507,52.2051],[77.0507,52.2051],[77.0507,52.2051],[77.0508,52.2051],[77.0508,52.2051],[77.0508,52.2051],[77.0519,52.2061],[77.0678,52.1988]]],"type":"MultiLineString"},"geometry_name":"shape","id":"gp_red_lines.fid--7752831e_19fb67eabdc_4988","properties":{"area":169.719982638288,"creation_doc_id":3464,"deactivation_doc_id":null,"id":2534137},"type":"Feature"},{"bbox":[76.929,52.2993,76.9624,52.3093],"geometry":{"coordinates":[[[76.955,52.3075],[76.9551,52.3075],[76.9551,52.3075],[76.9575,52.3076],[76.9578,52.3076],[76.9603,52.3036],[76.9603,52.3036],[76.9624,52.3003],[76.961,52.3],[76.956,52.3007],[76.9538,52.3012],[76.9538,52.3013],[76.9538,52.3013],[76.9537,52.3013],[76.9537,52.3013],[76.9537,52.3013],[76.9537,52.3013],[76.9537,52.3013],[76.9537,52.3013],[76.9537,52.3013],[76.9537,52.3013],[76.9537,52.3013],[76.9537,52.3013],[76.9504,52.3012],[76.9496,52.3012],[76.9487,52.3012],[76.948,52.3012],[76.9474,52.3012],[76.9474,52.3012],[76.9473,52.3012],[76.9473,52.3012],[76.9473,52.3012],[76.9473,52.3012],[76.9473,52.3012],[76.9473,52.3012],[76.9473,52.3012],[76.9473,52.3012],[76.9473,52.3012],[76.9473,52.3012],[76.9472,52.3012],[76.9472,52.3012],[76.9472,52.3012],[76.9472,52.3012],[76.9472,52.3012],[76.9472,52.3012],[76.9472,52.3012],[76.9472,52.3012],[76.9472,52.3012],[76.9472,52.3012],[76.9472,52.3012],[76.9472,52.3012],[76.9472,52.3012],[76.9471,52.3011],[76.9471,52.3011],[76.9471,52.3011],[76.9471,52.3011],[76.9471,52.3011],[76.9471,52.3011],[76.9471,52.3011],[76.9471,52.3011],[76.9471,52.3011],[76.9462,52.2993],[76.9451,52.2995],[76.9445,52.2996],[76.9445,52.2996],[76.9429,52.2999],[76.9424,52.3],[76.9423,52.3],[76.9414,52.3002],[76.9414,52.3002],[76.9394,52.3005],[76.9394,52.3005],[76.9385,52.3007],[76.9385,52.3007],[76.9365,52.301],[76.9365,52.301],[76.9341,52.3013],[76.9341,52.3013],[76.932,52.3016],[76.9306,52.3018],[76.9305,52.3019],[76.9304,52.3019],[76.9304,52.3019],[76.9304,52.3019],[76.9303,52.302],[76.9302,52.302],[76.9301,52.3021],[76.9301,52.3021],[76.9301,52.3022],[76.93,52.3024],[76.93,52.3024],[76.93,52.3024],[76.93,52.3024],[76.93,52.3024],[76.93,52.3024],[76.93,52.3024],[76.93,52.3024],[76.9299,52.3026],[76.9299,52.3026],[76.93,52.3028],[76.9301,52.3032],[76.9301,52.3032],[76.9301,52.3032],[76.9301,52.3032],[76.9301,52.3032],[76.9301,52.3032],[76.9302,52.3034],[76.9302,52.3034],[76.9302,52.3034],[76.9302,52.3034],[76.9302,52.3034],[76.9302,52.3034],[76.9302,52.3034],[76.9302,52.3034],[76.9302,52.3034],[76.9302,52.3036],[76.9302,52.3036],[76.9302,52.3036],[76.9302,52.3036],[76.9302,52.3036],[76.9302,52.3036],[76.9302,52.3036],[76.9302,52.3036],[76.9301,52.3037],[76.9301,52.3037],[76.9301,52.3037],[76.9301,52.3037],[76.9301,52.3037],[76.9301,52.3037],[76.9301,52.3038],[76.9301,52.3038],[76.93,52.3039],[76.93,52.3039],[76.93,52.3039],[76.93,52.3039],[76.93,52.3039],[76.93,52.3039],[76.93,52.3039],[76.93,52.3039],[76.93,52.3039],[76.9298,52.3041],[76.9298,52.3041],[76.9298,52.3041],[76.9298,52.3041],[76.9296,52.3042],[76.9295,52.3043],[76.9294,52.3044],[76.9294,52.3044],[76.9294,52.3045],[76.9293,52.3045],[76.9293,52.3046],[76.9293,52.3047],[76.9293,52.3047],[76.9292,52.3052],[76.9292,52.3061],[76.9292,52.3061],[76.9291,52.3073],[76.9291,52.3073],[76.9291,52.3083],[76.929,52.3093],[76.955,52.3075]]],"type":"MultiLineString"},"geometry_name":"shape","id":"gp_red_lines.fid--7752831e_19fb67eabdc_4989","properties":{"area":173.306035993795,"creation_doc_id":3464,"deactivation_doc_id":null,"id":2534158},"type":"Feature"},{"bbox":[76.8651,52.4325,76.8892,52.4466],"geometry":{"coordinates":[[[76.8858,52.4466],[76.886,52.4466],[76.8862,52.4466],[76.8865,52.4466],[76.8867,52.4465],[76.8869,52.4465],[76.8872,52.4464],[76.8874,52.4464],[76.8876,52.4463],[76.8878,52.4462],[76.888,52.4461],[76.8882,52.446],[76.8883,52.4459],[76.8885,52.4458],[76.8886,52.4457],[76.8888,52.4456],[76.889,52.4453],[76.8891,52.4452],[76.8892,52.4451],[76.8892,52.4449],[76.8892,52.4448],[76.8889,52.434],[76.8795,52.4341],[76.8795,52.4341],[76.8795,52.4341],[76.8694,52.4325],[76.8678,52.4367],[76.8678,52.4367],[76.8677,52.4368],[76.8677,52.4368],[76.8652,52.4432],[76.8652,52.4432],[76.8651,52.4434],[76.8848,52.4466],[76.8851,52.4466],[76.8853,52.4466],[76.8855,52.4466],[76.8858,52.4466]]],"type":"MultiLineString"},"geometry_name":"shape","id":"gp_red_lines.fid--7752831e_19fb67eabdc_498a","properties":{"area":195.313088363618,"creation_doc_id":3464,"deactivation_doc_id":null,"id":2534247},"type":"Feature"},{"bbox":[76.8467,52.3955,76.8679,52.4126],"geometry":{"coordinates":[[[76.8627,52.4073],[76.8628,52.4071],[76.8653,52.4018],[76.8654,52.4015],[76.8654,52.4015],[76.8679,52.3964],[76.8624,52.3963],[76.8624,52.3963],[76.8582,52.3959],[76.8535,52.3956],[76.8518,52.3955],[76.8482,52.3971],[76.847,52.3986],[76.8469,52.3989],[76.8469,52.3991],[76.8468,52.3994],[76.8467,52.4046],[76.8467,52.4047],[76.8467,52.4052],[76.8474,52.4068],[76.8485,52.4083],[76.8494,52.4094],[76.8499,52.4098],[76.8499,52.4098],[76.8499,52.4099],[76.8499,52.4099],[76.8499,52.4099],[76.8499,52.4099],[76.8499,52.4101],[76.8499,52.4109],[76.8602,52.4126],[76.8627,52.4073]]],"type":"MultiLineString"},"geometry_name":"shape","id":"gp_red_lines.fid--7752831e_19fb67eabdc_498b","properties":{"area":197.116033975835,"creation_doc_id":3464,"deactivation_doc_id":null,"id":2534250},"type":"Feature"},{"bbox":[76.8776,52.3505,76.8991,52.3826],"geometry":{"coordinates":[[[76.8875,52.3824],[76.8876,52.382],[76.8876,52.382],[76.8991,52.3517],[76.8921,52.3505],[76.8776,52.3806],[76.8864,52.3825],[76.8864,52.3825],[76.8867,52.3826],[76.8875,52.3824]]],"type":"MultiLineString"},"geometry_name":"shape","id":"gp_red_lines.fid--7752831e_19fb67eabdc_498c","properties":{"area":211.060368310686,"creation_doc_id":3464,"deactivation_doc_id":null,"id":2534287},"type":"Feature"},{"bbox":[77.0143,52.1968,77.0453,52.2233],"geometry":{"coordinates":[[[77.0146,52.2233],[77.0147,52.2232],[77.0147,52.2232],[77.0376,52.2126],[77.0376,52.2126],[77.0379,52.2125],[77.0453,52.2091],[77.0416,52.2055],[77.0416,52.2055],[77.0413,52.2052],[77.0413,52.2052],[77.0413,52.2052],[77.0376,52.2016],[77.0374,52.2014],[77.0357,52.1997],[77.0354,52.1994],[77.0354,52.1994],[77.0328,52.1969],[77.0323,52.1968],[77.032,52.1968],[77.0318,52.1968],[77.0314,52.1968],[77.0312,52.1969],[77.0309,52.197],[77.0308,52.1971],[77.0265,52.2034],[77.0155,52.2213],[77.0155,52.2213],[77.0143,52.2231],[77.0143,52.2231],[77.0144,52.2232],[77.0144,52.2232],[77.0145,52.2232],[77.0146,52.2233],[77.0146,52.2233]]],"type":"MultiLineString"},"geometry_name":"shape","id":"gp_red_lines.fid--7752831e_19fb67eabdc_498d","properties":{"area":234.364580514662,"creation_doc_id":3464,"deactivation_doc_id":null,"id":2534343},"type":"Feature"},{"bbox":[77.0129,52.2728,77.0388,52.2915],"geometry":{"coordinates":[[[77.0306,52.2867],[77.0306,52.2867],[77.0306,52.2867],[77.0367,52.2802],[77.0367,52.2802],[77.0367,52.2802],[77.0374,52.2794],[77.0374,52.2794],[77.0374,52.2794],[77.0374,52.2794],[77.0374,52.2794],[77.0374,52.2794],[77.0377,52.2791],[77.038,52.2787],[77.0383,52.2783],[77.0385,52.2779],[77.0387,52.2776],[77.0388,52.2737],[77.016,52.2728],[77.0153,52.2823],[77.0153,52.2823],[77.0153,52.2823],[77.0153,52.2823],[77.0153,52.2823],[77.0129,52.2898],[77.0175,52.2904],[77.0211,52.2908],[77.0226,52.291],[77.0226,52.291],[77.0239,52.2911],[77.0239,52.2911],[77.0248,52.2912],[77.0248,52.2912],[77.0262,52.2915],[77.0306,52.2867]]],"type":"MultiLineString"},"geometry_name":"shape","id":"gp_red_lines.fid--7752831e_19fb67eabdc_498e","properties":{"area":258.335782391495,"creation_doc_id":3464,"deactivation_doc_id":null,"id":2534390},"type":"Feature"},{"bbox":[76.9471,52.3087,76.9627,52.3378],"geometry":{"coordinates":[[[76.9622,52.3101],[76.9622,52.3101],[76.9622,52.3101],[76.9622,52.3101],[76.9623,52.31],[76.9623,52.31],[76.9623,52.31],[76.9623,52.31],[76.9627,52.3093],[76.9627,52.3092],[76.9627,52.3092],[76.9627,52.3092],[76.9627,52.3092],[76.9627,52.3091],[76.9627,52.3091],[76.9627,52.3091],[76.9627,52.3091],[76.9627,52.309],[76.9627,52.309],[76.9626,52.309],[76.9626,52.309],[76.9626,52.309],[76.9626,52.3089],[76.9626,52.3089],[76.9625,52.3089],[76.9625,52.3089],[76.9625,52.3089],[76.9625,52.3088],[76.9624,52.3088],[76.9624,52.3088],[76.9624,52.3088],[76.9623,52.3088],[76.9623,52.3088],[76.9622,52.3088],[76.9622,52.3088],[76.9622,52.3088],[76.9621,52.3088],[76.9621,52.3088],[76.962,52.3088],[76.962,52.3088],[76.962,52.3088],[76.9616,52.3088],[76.9611,52.3087],[76.9611,52.3087],[76.9611,52.3087],[76.9611,52.3087],[76.9611,52.3087],[76.9611,52.3087],[76.961,52.3087],[76.961,52.3088],[76.961,52.3088],[76.961,52.3088],[76.961,52.3088],[76.961,52.3088],[76.961,52.3088],[76.9609,52.3088],[76.9609,52.3088],[76.9609,52.3088],[76.9609,52.3088],[76.9609,52.3088],[76.9609,52.3088],[76.9609,52.3088],[76.9609,52.3089],[76.9609,52.3089],[76.9608,52.3089],[76.9608,52.3089],[76.9608,52.3089],[76.9608,52.3089],[76.9608,52.3089],[76.9608,52.309],[76.9608,52.309],[76.9607,52.309],[76.9607,52.309],[76.9606,52.3091],[76.9606,52.3091],[76.9606,52.3091],[76.9604,52.3091],[76.9604,52.3091],[76.9603,52.3091],[76.9603,52.3091],[76.9591,52.3091],[76.9591,52.3091],[76.9591,52.3091],[76.9589,52.3091],[76.9589,52.3091],[76.9586,52.3091],[76.9586,52.3091],[76.9586,52.3091],[76.9584,52.309],[76.9584,52.309],[76.9584,52.309],[76.9584,52.309],[76.9583,52.3089],[76.9583,52.3089],[76.9583,52.3089],[76.9583,52.3089],[76.9583,52.3089],[76.9582,52.3088],[76.9582,52.3088],[76.9582,52.3088],[76.9582,52.3088],[76.9582,52.3088],[76.9582,52.3088],[76.9582,52.3088],[76.9582,52.3088],[76.9582,52.3088],[76.9582,52.3088],[76.9581,52.3088],[76.9581,52.3088],[76.9581,52.3088],[76.9581,52.3088],[76.9581,52.3088],[76.9581,52.3088],[76.958,52.3088],[76.958,52.3087],[76.958,52.3087],[76.958,52.3087],[76.958,52.3087],[76.958,52.3087],[76.9579,52.3087],[76.9579,52.3087],[76.9551,52.3087],[76.9477,52.3092],[76.9471,52.3376],[76.9616,52.3378],[76.9622,52.3101]]],"type":"MultiLineString"},"geometry_name":"shape","id":"gp_red_lines.fid--7752831e_19fb67eabdc_498f","properties":{"area":316.771729027294,"creation_doc_id":3464,"deactivation_doc_id":null,"id":2534484},"type":"Feature"},{"bbox":[77.0673,52.2959,77.1026,52.3174],"geometry":{"coordinates":[[[77.0824,52.3158],[77.0824,52.3158],[77.0824,52.3158],[77.0824,52.3158],[77.0825,52.3157],[77.0825,52.3157],[77.0825,52.3157],[77.0825,52.3157],[77.0825,52.3156],[77.0825,52.3156],[77.0825,52.3156],[77.0825,52.3156],[77.0825,52.3156],[77.0825,52.3156],[77.0825,52.3156],[77.0826,52.3156],[77.0826,52.3156],[77.0826,52.3156],[77.0826,52.3156],[77.0827,52.3155],[77.0827,52.3155],[77.0827,52.3155],[77.0827,52.3155],[77.0827,52.3155],[77.0827,52.3155],[77.0827,52.3155],[77.0827,52.3155],[77.0828,52.3154],[77.0828,52.3154],[77.0828,52.3154],[77.0828,52.3154],[77.0829,52.3154],[77.0829,52.3154],[77.0829,52.3154],[77.0829,52.3154],[77.083,52.3153],[77.083,52.3153],[77.083,52.3153],[77.083,52.3153],[77.0831,52.3153],[77.0831,52.3153],[77.0831,52.3153],[77.0831,52.3153],[77.0832,52.3152],[77.0832,52.3152],[77.0832,52.3152],[77.0832,52.3152],[77.0833,52.3152],[77.0833,52.3152],[77.0833,52.3152],[77.0833,52.3152],[77.0833,52.3152],[77.0833,52.3152],[77.0833,52.3152],[77.0834,52.3152],[77.0834,52.3152],[77.0834,52.3151],[77.0834,52.3151],[77.0835,52.3151],[77.0835,52.3151],[77.0835,52.3151],[77.0835,52.3151],[77.0836,52.3151],[77.0836,52.3151],[77.0836,52.3151],[77.0836,52.3151],[77.0837,52.3151],[77.0837,52.3151],[77.0837,52.3151],[77.0837,52.3151],[77.0839,52.3151],[77.0839,52.3151],[77.0839,52.3151],[77.0839,52.3151],[77.084,52.315],[77.084,52.315],[77.084,52.315],[77.084,52.315],[77.0841,52.315],[77.0841,52.315],[77.0841,52.315],[77.0841,52.315],[77.0842,52.315],[77.0842,52.315],[77.0842,52.315],[77.0842,52.315],[77.0842,52.315],[77.0842,52.315],[77.0842,52.315],[77.0843,52.315],[77.0843,52.315],[77.0843,52.315],[77.0843,52.315],[77.0845,52.315],[77.0845,52.315],[77.0845,52.315],[77.0845,52.3151],[77.0846,52.3151],[77.0846,52.3151],[77.0846,52.3151],[77.0846,52.3151],[77.0847,52.3151],[77.0847,52.3151],[77.0847,52.3151],[77.0847,52.3151],[77.0946,52.3167],[77.0951,52.3168],[77.0952,52.3168],[77.0953,52.3168],[77.0954,52.3168],[77.0955,52.3168],[77.0956,52.3168],[77.0957,52.3168],[77.0957,52.3167],[77.0958,52.3167],[77.0959,52.3167],[77.096,52.3167],[77.0961,52.3166],[77.0961,52.3166],[77.0962,52.3166],[77.0963,52.3165],[77.0963,52.3165],[77.0964,52.3165],[77.0965,52.3164],[77.0965,52.3164],[77.0965,52.3163],[77.0966,52.3163],[77.0966,52.3162],[77.0966,52.3162],[77.0966,52.3162],[77.0966,52.3162],[77.0967,52.3162],[77.0967,52.3162],[77.0967,52.3161],[77.0967,52.3161],[77.0967,52.3161],[77.0967,52.3161],[77.0967,52.3161],[77.0967,52.3161],[77.0967,52.3161],[77.0967,52.3161],[77.0967,52.3161],[77.0968,52.316],[77.0968,52.316],[77.0968,52.316],[77.0968,52.316],[77.0969,52.316],[77.0969,52.316],[77.0969,52.316],[77.0969,52.316],[77.0969,52.3159],[77.0969,52.3159],[77.0969,52.3159],[77.0969,52.3159],[77.097,52.3159],[77.097,52.3159],[77.097,52.3158],[77.097,52.3158],[77.0971,52.3158],[77.0971,52.3158],[77.0971,52.3158],[77.0971,52.3158],[77.0972,52.3157],[77.0972,52.3157],[77.0972,52.3157],[77.0972,52.3157],[77.0973,52.3157],[77.0973,52.3157],[77.0973,52.3157],[77.0973,52.3157],[77.0974,52.3157],[77.0974,52.3157],[77.0974,52.3157],[77.0974,52.3157],[77.0975,52.3156],[77.0975,52.3156],[77.0975,52.3156],[77.0975,52.3156],[77.0975,52.3156],[77.0975,52.3156],[77.0975,52.3156],[77.0976,52.3156],[77.0976,52.3156],[77.0976,52.3156],[77.0976,52.3156],[77.0977,52.3156],[77.0977,52.3156],[77.0977,52.3156],[77.0977,52.3156],[77.0978,52.3155],[77.0978,52.3155],[77.0978,52.3155],[77.0978,52.3155],[77.0979,52.3155],[77.0979,52.3155],[77.0979,52.3155],[77.0979,52.3155],[77.098,52.3155],[77.098,52.3155],[77.0981,52.3155],[77.0981,52.3155],[77.0982,52.3155],[77.0982,52.3155],[77.0982,52.3155],[77.0982,52.3155],[77.0983,52.3155],[77.0983,52.3155],[77.0983,52.3155],[77.0983,52.3155],[77.0984,52.3155],[77.0984,52.3155],[77.0984,52.3155],[77.0984,52.3155],[77.0984,52.3155],[77.0984,52.3155],[77.0984,52.3155],[77.0985,52.3155],[77.0985,52.3155],[77.0985,52.3155],[77.0985,52.3155],[77.0986,52.3155],[77.0986,52.3155],[77.0987,52.3155],[77.0987,52.3155],[77.0988,52.3155],[77.0988,52.3155],[77.0988,52.3155],[77.0988,52.3155],[77.0989,52.3155],[77.0989,52.3155],[77.0989,52.3155],[77.0989,52.3155],[77.1023,52.3161],[77.1025,52.3158],[77.1026,52.3155],[77.1026,52.3151],[77.1026,52.3151],[77.1026,52.3151],[77.1026,52.3151],[77.1026,52.3151],[77.1026,52.3151],[77.1026,52.3151],[77.1026,52.3148],[77.1026,52.3144],[77.1026,52.314],[77.1025,52.3136],[77.1024,52.3133],[77.1023,52.3129],[77.1022,52.3125],[77.1021,52.3121],[77.1019,52.3118],[77.1017,52.3114],[77.1015,52.3111],[77.1013,52.3107],[77.101,52.3104],[77.1007,52.31],[77.1004,52.3097],[77.1001,52.3094],[77.0998,52.3091],[77.0994,52.3088],[77.0991,52.3085],[77.0987,52.3082],[77.0984,52.308],[77.0982,52.3078],[77.098,52.3077],[77.0977,52.3075],[77.0888,52.3016],[77.0883,52.3012],[77.0877,52.3009],[77.0871,52.3005],[77.0865,52.3002],[77.0859,52.2999],[77.0855,52.2997],[77.0852,52.2996],[77.0846,52.2993],[77.0839,52.299],[77.0832,52.2987],[77.0825,52.2984],[77.0818,52.2982],[77.0811,52.2979],[77.0804,52.2977],[77.0796,52.2975],[77.0789,52.2973],[77.0781,52.2971],[77.0774,52.2969],[77.0766,52.2968],[77.0758,52.2966],[77.075,52.2965],[77.0743,52.2964],[77.0735,52.2963],[77.0727,52.2962],[77.0719,52.2961],[77.071,52.296],[77.0702,52.296],[77.0698,52.296],[77.0694,52.296],[77.0691,52.2959],[77.0688,52.296],[77.0688,52.296],[77.0686,52.296],[77.0685,52.296],[77.0684,52.296],[77.0683,52.296],[77.0682,52.296],[77.0681,52.296],[77.068,52.2961],[77.068,52.2961],[77.0679,52.2961],[77.0679,52.2962],[77.0678,52.2962],[77.0678,52.2963],[77.0678,52.2963],[77.0673,52.2972],[77.0677,52.3103],[77.0677,52.3103],[77.0677,52.3103],[77.0678,52.3154],[77.0794,52.3173],[77.0807,52.3173],[77.0807,52.3173],[77.0807,52.3173],[77.0807,52.3173],[77.0807,52.3173],[77.0808,52.3173],[77.0808,52.3173],[77.0817,52.3174],[77.0824,52.3158]]],"type":"MultiLineString"},"geometry_name":"shape","id":"gp_red_lines.fid--7752831e_19fb67eabdc_4990","properties":{"area":400.224616209073,"creation_doc_id":3464,"deactivation_doc_id":null,"id":2534560},"type":"Feature"},{"bbox":[77.026,52.2922,77.0668,52.3153],"geometry":{"coordinates":[[[77.0667,52.3103],[77.0663,52.2969],[77.0663,52.2965],[77.0663,52.2964],[77.0662,52.2963],[77.0662,52.2962],[77.0661,52.2961],[77.0661,52.296],[77.066,52.2959],[77.0659,52.2959],[77.0657,52.2958],[77.0656,52.2957],[77.0655,52.2957],[77.0653,52.2957],[77.0652,52.2956],[77.065,52.2956],[77.0648,52.2956],[77.0646,52.2956],[77.0644,52.2956],[77.0643,52.2956],[77.0643,52.2956],[77.0642,52.2956],[77.0441,52.2954],[77.0441,52.2954],[77.0431,52.2953],[77.0431,52.2953],[77.0419,52.2951],[77.0419,52.2951],[77.0379,52.2943],[77.0292,52.2927],[77.0292,52.2927],[77.0271,52.2922],[77.027,52.2975],[77.0269,52.2994],[77.0269,52.2994],[77.0269,52.2994],[77.0269,52.2995],[77.0269,52.2995],[77.0269,52.2995],[77.0269,52.2995],[77.0269,52.2995],[77.0269,52.2995],[77.0269,52.2995],[77.0269,52.2995],[77.0269,52.2995],[77.0269,52.2995],[77.0269,52.2995],[77.0269,52.2995],[77.0269,52.2996],[77.0269,52.2996],[77.0269,52.2996],[77.0269,52.2996],[77.0269,52.2996],[77.0269,52.2996],[77.0269,52.2996],[77.0269,52.2996],[77.0269,52.2996],[77.0269,52.2996],[77.0269,52.2996],[77.0269,52.2996],[77.0269,52.2997],[77.0269,52.2997],[77.0269,52.2997],[77.0269,52.2997],[77.0269,52.2997],[77.0269,52.2997],[77.0269,52.2997],[77.0269,52.2997],[77.0269,52.2997],[77.0269,52.2997],[77.0269,52.2997],[77.0269,52.2997],[77.0269,52.2997],[77.0269,52.2997],[77.0269,52.2997],[77.0269,52.2998],[77.0269,52.2998],[77.0269,52.2998],[77.0269,52.2998],[77.0269,52.2998],[77.0269,52.2998],[77.0269,52.2998],[77.0269,52.2998],[77.0269,52.2998],[77.0269,52.2998],[77.0269,52.2998],[77.0268,52.2998],[77.0268,52.2998],[77.0268,52.2999],[77.0268,52.2999],[77.0268,52.2999],[77.0268,52.2999],[77.0268,52.2999],[77.0268,52.2999],[77.0268,52.2999],[77.0268,52.2999],[77.0268,52.2999],[77.0268,52.2999],[77.0268,52.2999],[77.0268,52.2999],[77.0268,52.3],[77.0268,52.3],[77.0268,52.3],[77.0268,52.3],[77.0268,52.3],[77.0268,52.3],[77.0268,52.3],[77.0268,52.3],[77.0268,52.3],[77.0268,52.3],[77.0268,52.3],[77.0268,52.3],[77.0268,52.3],[77.0268,52.3],[77.0268,52.3001],[77.0268,52.3001],[77.0268,52.3001],[77.0268,52.3001],[77.0268,52.3001],[77.0268,52.3001],[77.0267,52.3001],[77.0267,52.3001],[77.0267,52.3001],[77.0267,52.3001],[77.0267,52.3001],[77.0267,52.3001],[77.0267,52.3001],[77.0267,52.3001],[77.0267,52.3002],[77.0267,52.3002],[77.0267,52.3002],[77.0267,52.3002],[77.0267,52.3002],[77.0267,52.3002],[77.0267,52.3002],[77.0267,52.3002],[77.0267,52.3002],[77.0267,52.3002],[77.0267,52.3002],[77.0267,52.3002],[77.0267,52.3003],[77.0267,52.3003],[77.0267,52.3003],[77.0267,52.3003],[77.0267,52.3003],[77.0267,52.3003],[77.0267,52.3003],[77.0267,52.3003],[77.0266,52.3003],[77.026,52.3017],[77.0269,52.3018],[77.027,52.3018],[77.0275,52.3019],[77.0275,52.3019],[77.028,52.302],[77.028,52.302],[77.0289,52.3023],[77.0289,52.3023],[77.0289,52.3023],[77.037,52.3053],[77.0379,52.3056],[77.0385,52.3058],[77.0393,52.3059],[77.0403,52.3059],[77.0447,52.306],[77.0447,52.306],[77.0458,52.306],[77.0458,52.306],[77.0466,52.3062],[77.0466,52.3062],[77.0474,52.3064],[77.0474,52.3064],[77.0481,52.3066],[77.0481,52.3066],[77.0481,52.3066],[77.0486,52.3068],[77.0486,52.3068],[77.0496,52.3074],[77.0496,52.3074],[77.0529,52.3098],[77.0529,52.3098],[77.0576,52.3133],[77.0584,52.3137],[77.0589,52.3139],[77.0595,52.314],[77.0639,52.3148],[77.064,52.3148],[77.0668,52.3153],[77.0667,52.3103]]],"type":"MultiLineString"},"geometry_name":"shape","id":"gp_red_lines.fid--7752831e_19fb67eabdc_4991","properties":{"area":403.147650772403,"creation_doc_id":3464,"deactivation_doc_id":null,"id":2534563},"type":"Feature"},{"bbox":[77.0205,52.3022,77.0669,52.3265],"geometry":{"coordinates":[[[77.05,52.3196],[77.05,52.3196],[77.05,52.3196],[77.05,52.3195],[77.05,52.3195],[77.0501,52.3195],[77.0501,52.3195],[77.0501,52.3195],[77.0501,52.3195],[77.0501,52.3195],[77.0657,52.321],[77.0657,52.321],[77.0669,52.3211],[77.0669,52.3194],[77.0669,52.3159],[77.0637,52.3154],[77.0637,52.3154],[77.0636,52.3153],[77.0636,52.3153],[77.0636,52.3153],[77.0636,52.3153],[77.0634,52.3153],[77.0634,52.3153],[77.0599,52.3147],[77.0599,52.3147],[77.0592,52.3146],[77.0592,52.3146],[77.0585,52.3144],[77.0585,52.3144],[77.0579,52.3142],[77.0579,52.3142],[77.0574,52.3139],[77.0574,52.3139],[77.0569,52.3137],[77.0569,52.3137],[77.0565,52.3134],[77.0565,52.3134],[77.0489,52.3078],[77.0484,52.3075],[77.0484,52.3075],[77.048,52.3072],[77.0476,52.3071],[77.047,52.3069],[77.0464,52.3067],[77.0456,52.3066],[77.0446,52.3065],[77.0403,52.3065],[77.0403,52.3065],[77.0392,52.3064],[77.0392,52.3064],[77.0382,52.3063],[77.0382,52.3063],[77.0375,52.3061],[77.0375,52.3061],[77.037,52.306],[77.037,52.306],[77.0365,52.3058],[77.0365,52.3058],[77.0365,52.3058],[77.0287,52.3028],[77.0284,52.3027],[77.028,52.3026],[77.0276,52.3025],[77.0273,52.3024],[77.0257,52.3022],[77.0251,52.3037],[77.0207,52.314],[77.0207,52.3141],[77.0207,52.3142],[77.0206,52.3143],[77.0206,52.3144],[77.0206,52.3144],[77.0206,52.3145],[77.0206,52.3146],[77.0206,52.3147],[77.0205,52.3148],[77.0205,52.3148],[77.0205,52.3149],[77.0205,52.315],[77.0206,52.3151],[77.0206,52.3151],[77.0206,52.3152],[77.0206,52.3153],[77.0206,52.3154],[77.0206,52.3155],[77.0207,52.3155],[77.0207,52.3156],[77.0207,52.3157],[77.0207,52.3158],[77.0208,52.3158],[77.0208,52.3159],[77.0209,52.316],[77.0209,52.3161],[77.021,52.3161],[77.021,52.3162],[77.021,52.3163],[77.0313,52.3265],[77.05,52.3196]]],"type":"MultiLineString"},"geometry_name":"shape","id":"gp_red_lines.fid--7752831e_19fb67eabdc_4992","properties":{"area":454.521240020753,"creation_doc_id":3464,"deactivation_doc_id":null,"id":2534602},"type":"Feature"},{"bbox":[76.7542,52.2192,76.8003,52.2415],"geometry":{"coordinates":[[[76.7903,52.2354],[76.7903,52.2354],[76.7905,52.2351],[76.7905,52.2351],[76.8003,52.2237],[76.7872,52.2222],[76.7867,52.2222],[76.7747,52.2208],[76.7742,52.2208],[76.76,52.2192],[76.7575,52.2247],[76.7575,52.2247],[76.7573,52.225],[76.7569,52.2259],[76.7569,52.2259],[76.7555,52.2286],[76.7542,52.2313],[76.7649,52.2347],[76.7653,52.2349],[76.776,52.2383],[76.7765,52.2384],[76.7861,52.2415],[76.7903,52.2354]]],"type":"MultiLineString"},"geometry_name":"shape","id":"gp_red_lines.fid--7752831e_19fb67eabdc_4993","properties":{"area":461.981022680169,"creation_doc_id":3464,"deactivation_doc_id":null,"id":2534612},"type":"Feature"},{"bbox":[77.0316,52.3199,77.067,52.3536],"geometry":{"coordinates":[[[77.0593,52.3536],[77.0666,52.3433],[77.067,52.3253],[77.0669,52.3215],[77.0658,52.3214],[77.0658,52.3214],[77.0658,52.3214],[77.0658,52.3214],[77.0501,52.3199],[77.0316,52.3267],[77.0316,52.3268],[77.0489,52.3436],[77.0593,52.3536],[77.0593,52.3536]]],"type":"MultiLineString"},"geometry_name":"shape","id":"gp_red_lines.fid--7752831e_19fb67eabdc_4994","properties":{"area":531.225515985951,"creation_doc_id":3464,"deactivation_doc_id":null,"id":2534656},"type":"Feature"},{"bbox":[76.9887,52.2273,77.0393,52.2516],"geometry":{"coordinates":[[[77.0384,52.241],[77.0384,52.241],[77.0384,52.241],[77.0384,52.241],[77.0384,52.2409],[77.0384,52.2409],[77.0384,52.2409],[77.0384,52.2409],[77.0383,52.2408],[77.0383,52.2408],[77.0383,52.2408],[77.0383,52.2408],[77.0383,52.2408],[77.0383,52.2408],[77.0383,52.2407],[77.0383,52.2407],[77.0383,52.2407],[77.0383,52.2407],[77.0383,52.2407],[77.0383,52.2407],[77.0383,52.2406],[77.0383,52.2406],[77.0383,52.2405],[77.0383,52.2405],[77.0383,52.2405],[77.0383,52.2405],[77.0383,52.2405],[77.0383,52.2405],[77.0383,52.2404],[77.0383,52.2404],[77.0383,52.2404],[77.0383,52.2404],[77.0383,52.2404],[77.0383,52.2404],[77.0383,52.2403],[77.0383,52.2403],[77.0383,52.2403],[77.0383,52.2403],[77.0383,52.2403],[77.0383,52.2402],[77.0383,52.2402],[77.0383,52.2401],[77.0383,52.2401],[77.0383,52.2401],[77.0383,52.2401],[77.0383,52.2401],[77.0383,52.2401],[77.0383,52.24],[77.0383,52.24],[77.0383,52.24],[77.0383,52.24],[77.0383,52.24],[77.0383,52.24],[77.0383,52.2399],[77.0383,52.2399],[77.0383,52.2399],[77.0383,52.2399],[77.0383,52.2399],[77.0383,52.2398],[77.0383,52.2398],[77.0383,52.2398],[77.0383,52.2398],[77.0383,52.2398],[77.0383,52.2398],[77.0383,52.2397],[77.0383,52.2397],[77.0383,52.2397],[77.0383,52.2396],[77.0383,52.2396],[77.0383,52.2396],[77.0383,52.2396],[77.0383,52.2396],[77.0383,52.2396],[77.0383,52.2395],[77.0383,52.2395],[77.0383,52.2395],[77.0383,52.2395],[77.0383,52.2395],[77.0383,52.2394],[77.0383,52.2394],[77.0383,52.2394],[77.0383,52.2394],[77.0383,52.2394],[77.0383,52.2394],[77.0383,52.2394],[77.0383,52.2393],[77.0383,52.2393],[77.0383,52.2393],[77.0383,52.2392],[77.0383,52.2392],[77.0383,52.2392],[77.0383,52.2391],[77.0383,52.2391],[77.0383,52.2391],[77.0383,52.239],[77.0383,52.239],[77.0383,52.239],[77.0383,52.2389],[77.0383,52.2389],[77.0383,52.2389],[77.0383,52.2388],[77.0383,52.2388],[77.0383,52.2388],[77.0383,52.2387],[77.0383,52.2387],[77.0383,52.2387],[77.0383,52.2386],[77.0383,52.2386],[77.0383,52.2386],[77.0383,52.2385],[77.0383,52.2385],[77.0383,52.2385],[77.0383,52.2384],[77.0383,52.2384],[77.0383,52.2383],[77.0383,52.2383],[77.0382,52.238],[77.0382,52.238],[77.0382,52.2379],[77.0381,52.2379],[77.0381,52.2378],[77.0381,52.2378],[77.0381,52.2377],[77.038,52.2377],[77.038,52.2376],[77.038,52.2376],[77.0379,52.2375],[77.0379,52.2375],[77.0379,52.2375],[77.0378,52.2374],[77.0378,52.2374],[77.0378,52.2373],[77.0377,52.2373],[77.0377,52.2373],[77.0376,52.2372],[77.0376,52.2372],[77.0376,52.2372],[77.0193,52.2273],[77.0192,52.2273],[76.9887,52.2483],[76.9913,52.2498],[76.9913,52.2498],[76.9915,52.2499],[76.9922,52.2503],[76.9923,52.2503],[76.9981,52.2507],[77.0026,52.2508],[77.0393,52.2516],[77.0384,52.241]]],"type":"MultiLineString"},"geometry_name":"shape","id":"gp_red_lines.fid--7752831e_19fb67eabdc_4995","properties":{"area":576.467006387322,"creation_doc_id":3464,"deactivation_doc_id":null,"id":2534671},"type":"Feature"},{"bbox":[76.985,52.2489,77.0393,52.2674],"geometry":{"coordinates":[[[77.039,52.2638],[77.039,52.2638],[77.039,52.2638],[77.039,52.2604],[77.0391,52.256],[77.0391,52.2544],[77.0391,52.2544],[77.0391,52.2544],[77.0391,52.2544],[77.0391,52.2544],[77.0393,52.2523],[77.0023,52.2515],[77.0023,52.2515],[76.9984,52.2514],[76.9984,52.2514],[76.9918,52.251],[76.9918,52.251],[76.9917,52.251],[76.9917,52.251],[76.9916,52.251],[76.9916,52.251],[76.9915,52.251],[76.9915,52.251],[76.9914,52.2509],[76.9912,52.2509],[76.9912,52.2509],[76.9912,52.2509],[76.9912,52.2509],[76.9912,52.2509],[76.9911,52.2508],[76.9911,52.2508],[76.991,52.2508],[76.9878,52.2489],[76.9868,52.2497],[76.9866,52.2517],[76.9866,52.2517],[76.9865,52.2519],[76.985,52.2651],[77.0389,52.2674],[77.039,52.2638]]],"type":"MultiLineString"},"geometry_name":"shape","id":"gp_red_lines.fid--7752831e_19fb67eabdc_4996","properties":{"area":594.934841061248,"creation_doc_id":3464,"deactivation_doc_id":null,"id":2534685},"type":"Feature"},{"bbox":[77.0154,52.2104,77.0653,52.2395],"geometry":{"coordinates":[[77.0627,52.2338],[77.0619,52.2322],[77.0618,52.2321],[77.0618,52.232],[77.062,52.2308],[77.0621,52.2303],[77.0627,52.2285],[77.0628,52.2282],[77.0628,52.227],[77.0626,52.2264],[77.0623,52.2259],[77.0618,52.2253],[77.0524,52.2162],[77.052,52.2157],[77.0474,52.2112],[77.0472,52.211],[77.0469,52.2107],[77.0468,52.2106],[77.0467,52.2106],[77.0466,52.2105],[77.0465,52.2105],[77.0464,52.2105],[77.0464,52.2104],[77.0463,52.2104],[77.0462,52.2104],[77.0461,52.2104],[77.046,52.2104],[77.0459,52.2104],[77.0458,52.2104],[77.0457,52.2104],[77.0456,52.2104],[77.0455,52.2104],[77.0454,52.2104],[77.0453,52.2105],[77.0452,52.2105],[77.0451,52.2105],[77.039,52.2133],[77.0386,52.2135],[77.0174,52.2233],[77.0158,52.2241],[77.0154,52.2243],[77.0194,52.2263],[77.0197,52.2265],[77.0384,52.2366],[77.0385,52.2367],[77.0386,52.2368],[77.0387,52.2368],[77.0388,52.2369],[77.0389,52.2369],[77.039,52.2371],[77.0462,52.2375],[77.0521,52.2394],[77.063,52.2395],[77.0653,52.2393],[77.0627,52.2338]],"type":"LineString"},"geometry_name":"shape","id":"gp_red_lines.fid--7752831e_19fb67eabdc_4997","properties":{"area":618.215931350818,"creation_doc_id":3464,"deactivation_doc_id":null,"id":2534693},"type":"Feature"},{"bbox":[77.0599,52.3216,77.0975,52.3654],"geometry":{"coordinates":[[[77.0713,52.3654],[77.0714,52.3654],[77.0715,52.3654],[77.0717,52.3653],[77.0718,52.3653],[77.072,52.3652],[77.072,52.3652],[77.0723,52.3652],[77.0726,52.3651],[77.0726,52.3651],[77.0729,52.3649],[77.0732,52.3648],[77.0736,52.3647],[77.0738,52.3646],[77.0744,52.3644],[77.0745,52.3644],[77.0749,52.3642],[77.0754,52.364],[77.0759,52.3637],[77.0763,52.3635],[77.0768,52.3632],[77.0772,52.3629],[77.0776,52.3627],[77.078,52.3624],[77.0784,52.3621],[77.0788,52.3618],[77.0791,52.3614],[77.0795,52.3611],[77.0798,52.3608],[77.0801,52.3605],[77.0803,52.3601],[77.0806,52.3598],[77.0808,52.3594],[77.081,52.359],[77.0811,52.3588],[77.0812,52.3586],[77.0813,52.3584],[77.0814,52.3582],[77.0816,52.3577],[77.0816,52.3577],[77.0816,52.3577],[77.0861,52.3478],[77.0862,52.3475],[77.0863,52.3473],[77.0864,52.347],[77.0865,52.3468],[77.0889,52.3404],[77.0889,52.3404],[77.0889,52.3404],[77.091,52.335],[77.091,52.335],[77.091,52.335],[77.091,52.335],[77.0912,52.3345],[77.0912,52.3345],[77.0912,52.3345],[77.0912,52.3345],[77.0914,52.3339],[77.0914,52.3339],[77.0914,52.3339],[77.0914,52.3339],[77.0917,52.3334],[77.0917,52.3334],[77.0917,52.3334],[77.0917,52.3334],[77.092,52.3329],[77.092,52.3329],[77.092,52.3329],[77.092,52.3329],[77.0923,52.3324],[77.0923,52.3324],[77.0923,52.3324],[77.0923,52.3324],[77.0926,52.3319],[77.0926,52.3319],[77.0926,52.3319],[77.0926,52.3319],[77.0926,52.3319],[77.093,52.3314],[77.093,52.3314],[77.093,52.3314],[77.093,52.3314],[77.0934,52.3309],[77.0934,52.3309],[77.0934,52.3309],[77.0934,52.3309],[77.0938,52.3304],[77.0938,52.3304],[77.0938,52.3304],[77.0938,52.3304],[77.0942,52.3299],[77.0942,52.3299],[77.0942,52.3299],[77.0942,52.3299],[77.0946,52.3294],[77.0946,52.3294],[77.0946,52.3294],[77.0946,52.3294],[77.0946,52.3294],[77.0946,52.3294],[77.0946,52.3294],[77.0946,52.3294],[77.0951,52.329],[77.0951,52.329],[77.0951,52.329],[77.0951,52.329],[77.0958,52.3283],[77.0963,52.3278],[77.0967,52.3274],[77.0971,52.327],[77.0974,52.3265],[77.0975,52.3264],[77.0887,52.325],[77.0887,52.325],[77.0887,52.325],[77.0887,52.325],[77.0684,52.3217],[77.0684,52.3217],[77.0684,52.3217],[77.0684,52.3217],[77.0679,52.3216],[77.0679,52.3253],[77.0679,52.3253],[77.0679,52.3253],[77.0679,52.3253],[77.0675,52.3433],[77.0675,52.3433],[77.0675,52.3433],[77.0675,52.3434],[77.0675,52.3434],[77.06,52.3539],[77.06,52.3539],[77.0599,52.3542],[77.0689,52.364],[77.0704,52.3651],[77.0705,52.3652],[77.0706,52.3652],[77.0707,52.3653],[77.0707,52.3653],[77.0708,52.3653],[77.0709,52.3654],[77.071,52.3654],[77.0711,52.3654],[77.0711,52.3654],[77.0712,52.3654],[77.0713,52.3654]]],"type":"MultiLineString"},"geometry_name":"shape","id":"gp_red_lines.fid--7752831e_19fb67eabdc_4998","properties":{"area":663.668812457508,"creation_doc_id":3464,"deactivation_doc_id":null,"id":2534708},"type":"Feature"},{"bbox":[76.8883,52.3518,76.9271,52.3831],"geometry":{"coordinates":[[[76.9271,52.3524],[76.904,52.3522],[76.904,52.3522],[76.9039,52.3522],[76.9024,52.3521],[76.9023,52.3521],[76.9008,52.352],[76.9007,52.352],[76.9,52.3518],[76.8886,52.3819],[76.8883,52.3825],[76.8889,52.3829],[76.8901,52.3829],[76.8901,52.3829],[76.9263,52.3831],[76.9271,52.3524]]],"type":"MultiLineString"},"geometry_name":"shape","id":"gp_red_lines.fid--7752831e_19fb67eabdc_4999","properties":{"area":760.85216094018,"creation_doc_id":3464,"deactivation_doc_id":null,"id":2534730},"type":"Feature"},{"bbox":[77.0273,52.2522,77.0675,52.295],"geometry":{"coordinates":[[[77.0644,52.295],[77.0644,52.295],[77.0644,52.295],[77.0644,52.295],[77.0645,52.295],[77.0647,52.295],[77.0649,52.295],[77.0651,52.295],[77.0653,52.295],[77.0654,52.2949],[77.0655,52.2949],[77.0657,52.2948],[77.0658,52.2948],[77.0658,52.2948],[77.0657,52.2906],[77.0657,52.2906],[77.0656,52.2885],[77.0656,52.2885],[77.0656,52.2885],[77.0657,52.2879],[77.0657,52.2879],[77.0658,52.2869],[77.0658,52.2869],[77.0665,52.2838],[77.0665,52.2838],[77.067,52.2817],[77.0675,52.2732],[77.0675,52.2598],[77.0675,52.2529],[77.0674,52.2528],[77.0668,52.2524],[77.0663,52.2522],[77.0521,52.2524],[77.0521,52.2524],[77.0516,52.2524],[77.0516,52.2524],[77.0489,52.2523],[77.0409,52.2522],[77.0405,52.2523],[77.0405,52.2523],[77.0403,52.2544],[77.0403,52.256],[77.0402,52.2604],[77.0402,52.2638],[77.0401,52.2674],[77.0401,52.2674],[77.0401,52.2674],[77.0401,52.2674],[77.0399,52.2776],[77.0399,52.2776],[77.0399,52.2776],[77.0398,52.2777],[77.0398,52.2777],[77.0397,52.2781],[77.0397,52.2781],[77.0397,52.2781],[77.0397,52.2781],[77.0396,52.2782],[77.0396,52.2782],[77.0396,52.2782],[77.0395,52.2785],[77.0395,52.2785],[77.0393,52.2788],[77.0393,52.2788],[77.0392,52.2789],[77.0391,52.279],[77.0391,52.279],[77.0391,52.279],[77.0391,52.279],[77.0388,52.2794],[77.0388,52.2794],[77.0388,52.2794],[77.0388,52.2794],[77.0388,52.2794],[77.0388,52.2794],[77.0384,52.2798],[77.0384,52.2798],[77.0377,52.2805],[77.0317,52.287],[77.0273,52.2917],[77.0295,52.2921],[77.0351,52.2932],[77.0351,52.2932],[77.0381,52.2937],[77.0381,52.2937],[77.0404,52.2942],[77.0419,52.2945],[77.0419,52.2945],[77.0422,52.2946],[77.0425,52.2946],[77.0433,52.2948],[77.0438,52.2948],[77.0445,52.2949],[77.0464,52.2949],[77.0643,52.295],[77.0644,52.295]]],"type":"MultiLineString"},"geometry_name":"shape","id":"gp_red_lines.fid--7752831e_19fb67eabdc_499a","properties":{"area":946.287616238633,"creation_doc_id":3464,"deactivation_doc_id":null,"id":2534754},"type":"Feature"},{"bbox":[76.9607,52.2983,77.0246,52.3303],"geometry":{"coordinates":[[[76.9816,52.3303],[76.9816,52.3303],[76.9817,52.3303],[76.9818,52.3303],[76.9819,52.3303],[76.9819,52.3303],[76.9821,52.3302],[76.9821,52.3302],[76.9821,52.3302],[76.9824,52.3301],[77.0057,52.3222],[77.0099,52.3208],[77.0201,52.3167],[77.02,52.3166],[77.02,52.3166],[77.02,52.3166],[77.02,52.3166],[77.02,52.3166],[77.02,52.3166],[77.02,52.3166],[77.0199,52.3165],[77.0199,52.3165],[77.0199,52.3165],[77.0199,52.3165],[77.0198,52.3164],[77.0198,52.3164],[77.0198,52.3164],[77.0198,52.3164],[77.0198,52.3163],[77.0198,52.3163],[77.0198,52.3163],[77.0198,52.3163],[77.0197,52.3162],[77.0197,52.3162],[77.0197,52.3162],[77.0197,52.3162],[77.0197,52.3162],[77.0197,52.3162],[77.0197,52.3161],[77.0197,52.3161],[77.0196,52.3161],[77.0196,52.3161],[77.0196,52.3161],[77.0196,52.3161],[77.0196,52.316],[77.0196,52.316],[77.0196,52.316],[77.0196,52.316],[77.0195,52.3159],[77.0195,52.3159],[77.0195,52.3159],[77.0195,52.3159],[77.0195,52.3158],[77.0195,52.3158],[77.0195,52.3158],[77.0195,52.3158],[77.0195,52.3157],[77.0195,52.3157],[77.0195,52.3157],[77.0195,52.3157],[77.0194,52.3156],[77.0194,52.3156],[77.0194,52.3156],[77.0194,52.3156],[77.0194,52.3155],[77.0194,52.3155],[77.0194,52.3155],[77.0194,52.3155],[77.0194,52.3154],[77.0194,52.3154],[77.0194,52.3154],[77.0194,52.3154],[77.0194,52.3153],[77.0194,52.3153],[77.0194,52.3153],[77.0194,52.3153],[77.0194,52.3152],[77.0194,52.3152],[77.0194,52.3152],[77.0194,52.3152],[77.0194,52.3151],[77.0194,52.3151],[77.0194,52.3151],[77.0194,52.3151],[77.0193,52.315],[77.0193,52.315],[77.0193,52.315],[77.0193,52.315],[77.0193,52.3149],[77.0193,52.3149],[77.0193,52.3149],[77.0193,52.3149],[77.0193,52.3148],[77.0193,52.3148],[77.0193,52.3148],[77.0193,52.3148],[77.0193,52.3148],[77.0193,52.3148],[77.0193,52.3148],[77.0193,52.3147],[77.0193,52.3147],[77.0193,52.3147],[77.0193,52.3147],[77.0194,52.3146],[77.0194,52.3146],[77.0194,52.3146],[77.0194,52.3146],[77.0194,52.3145],[77.0194,52.3145],[77.0194,52.3145],[77.0194,52.3145],[77.0194,52.3144],[77.0194,52.3144],[77.0194,52.3144],[77.0194,52.3144],[77.0194,52.3143],[77.0194,52.3143],[77.0194,52.3143],[77.0194,52.3143],[77.0194,52.3142],[77.0194,52.3142],[77.0194,52.3142],[77.0194,52.3142],[77.0194,52.3142],[77.0194,52.3142],[77.0194,52.3141],[77.0194,52.3141],[77.0195,52.3141],[77.0195,52.3141],[77.0195,52.3141],[77.0195,52.3141],[77.0195,52.314],[77.0195,52.314],[77.0195,52.314],[77.0195,52.314],[77.0195,52.3139],[77.0195,52.3139],[77.0195,52.3139],[77.0195,52.3139],[77.0198,52.3134],[77.02,52.3128],[77.02,52.3128],[77.0203,52.3121],[77.0203,52.3121],[77.0206,52.3114],[77.0209,52.3108],[77.0212,52.31],[77.0212,52.31],[77.0214,52.3095],[77.0239,52.3035],[77.0239,52.3035],[77.0239,52.3035],[77.0239,52.3035],[77.0246,52.3021],[77.0163,52.3009],[77.0101,52.3001],[77.0101,52.3001],[77.0066,52.2996],[77.0045,52.2993],[77.0036,52.2992],[76.9998,52.299],[76.9954,52.2988],[76.9923,52.2987],[76.9923,52.2987],[76.9869,52.2985],[76.9827,52.2983],[76.9821,52.2984],[76.9808,52.2985],[76.9785,52.2987],[76.9785,52.2987],[76.9756,52.299],[76.9756,52.2991],[76.9756,52.2991],[76.9756,52.2991],[76.9756,52.2991],[76.9756,52.2991],[76.9756,52.2991],[76.9756,52.2991],[76.9756,52.2992],[76.9756,52.2992],[76.9752,52.2999],[76.9752,52.2999],[76.9752,52.2999],[76.9752,52.2999],[76.9752,52.2999],[76.9752,52.2999],[76.9752,52.2999],[76.9752,52.2999],[76.9752,52.2999],[76.9752,52.3],[76.9752,52.3],[76.9752,52.3],[76.9752,52.3],[76.9751,52.3],[76.9751,52.3],[76.9751,52.3],[76.9751,52.3],[76.9751,52.3],[76.9751,52.3],[76.9751,52.3],[76.9751,52.3],[76.9751,52.3],[76.9751,52.3],[76.9751,52.3],[76.975,52.3],[76.975,52.3],[76.975,52.3],[76.975,52.3],[76.975,52.3],[76.975,52.3],[76.9687,52.3005],[76.9666,52.3009],[76.9654,52.3011],[76.9654,52.3011],[76.9653,52.3011],[76.9653,52.3011],[76.9653,52.3011],[76.9653,52.3011],[76.9653,52.3011],[76.9653,52.3011],[76.9653,52.3011],[76.9653,52.3011],[76.9653,52.3011],[76.9653,52.3011],[76.9653,52.3011],[76.9652,52.3011],[76.9652,52.3011],[76.9652,52.3011],[76.9652,52.3011],[76.9652,52.3011],[76.9652,52.3011],[76.9652,52.3011],[76.9652,52.3011],[76.9642,52.3007],[76.9641,52.3009],[76.9623,52.3037],[76.9622,52.3039],[76.9622,52.3039],[76.9616,52.3048],[76.9614,52.3051],[76.9611,52.3059],[76.961,52.3066],[76.961,52.3066],[76.9609,52.3069],[76.9609,52.3069],[76.9607,52.3075],[76.9612,52.3076],[76.9614,52.3076],[76.9614,52.3076],[76.9614,52.3076],[76.9615,52.3076],[76.9615,52.3076],[76.9616,52.3076],[76.9616,52.3076],[76.9618,52.3076],[76.9618,52.3076],[76.9619,52.3076],[76.9619,52.3076],[76.9621,52.3076],[76.9621,52.3076],[76.9622,52.3077],[76.9622,52.3077],[76.9623,52.3077],[76.9623,52.3077],[76.9624,52.3077],[76.9624,52.3077],[76.9624,52.3077],[76.9626,52.3078],[76.9626,52.3078],[76.9627,52.3078],[76.9627,52.3078],[76.9628,52.3079],[76.9628,52.3079],[76.9629,52.308],[76.9629,52.308],[76.963,52.308],[76.963,52.308],[76.9631,52.3081],[76.9631,52.3081],[76.9632,52.3082],[76.9632,52.3082],[76.9633,52.3082],[76.9633,52.3082],[76.9633,52.3083],[76.9633,52.3083],[76.9633,52.3083],[76.9634,52.3085],[76.9634,52.3085],[76.9635,52.3085],[76.9635,52.3085],[76.9635,52.3086],[76.9635,52.3086],[76.9636,52.3087],[76.9636,52.3087],[76.9636,52.3089],[76.9636,52.3089],[76.9636,52.3089],[76.9636,52.3089],[76.9636,52.3089],[76.9636,52.309],[76.9636,52.3093],[76.9636,52.3093],[76.9636,52.3093],[76.9636,52.3093],[76.9636,52.3093],[76.9636,52.3093],[76.9636,52.3093],[76.9636,52.3093],[76.9636,52.3094],[76.9636,52.3094],[76.9632,52.3101],[76.9631,52.3102],[76.9631,52.3109],[76.9631,52.3109],[76.9626,52.3301],[76.9627,52.3301],[76.9814,52.3303],[76.9814,52.3303],[76.9815,52.3303],[76.9816,52.3303]]],"type":"MultiLineString"},"geometry_name":"shape","id":"gp_red_lines.fid--7752831e_19fb67eabdc_499b","properties":{"area":1162.14333803094,"creation_doc_id":3464,"deactivation_doc_id":null,"id":2534790},"type":"Feature"},{"bbox":[76.7603,52.1557,76.8442,52.2233],"geometry":{"coordinates":[[[76.8149,52.2052],[76.8149,52.2052],[76.8317,52.1876],[76.8417,52.1613],[76.8417,52.1613],[76.8442,52.1576],[76.8294,52.1563],[76.8291,52.1564],[76.8291,52.1564],[76.8291,52.1564],[76.829,52.1564],[76.829,52.1564],[76.8217,52.1558],[76.8214,52.1557],[76.8212,52.1557],[76.8209,52.1557],[76.8207,52.1557],[76.8205,52.1557],[76.8203,52.1557],[76.8202,52.1557],[76.82,52.1557],[76.8198,52.1557],[76.8197,52.1558],[76.8195,52.1558],[76.8193,52.1558],[76.8192,52.1559],[76.819,52.1559],[76.8189,52.156],[76.8187,52.156],[76.8186,52.1561],[76.8184,52.1562],[76.8182,52.1563],[76.818,52.1563],[76.8178,52.1565],[76.8178,52.1565],[76.8177,52.1565],[76.8177,52.1565],[76.8177,52.1565],[76.8175,52.1565],[76.8149,52.1579],[76.8149,52.1579],[76.8149,52.1579],[76.8149,52.1579],[76.8127,52.1591],[76.8094,52.1608],[76.8094,52.1608],[76.8005,52.1655],[76.8005,52.1655],[76.7882,52.1719],[76.7879,52.1721],[76.7877,52.1722],[76.7874,52.1723],[76.7872,52.1725],[76.7872,52.1725],[76.7871,52.1725],[76.7866,52.1728],[76.7862,52.1731],[76.7857,52.1734],[76.7853,52.1737],[76.7848,52.174],[76.7844,52.1743],[76.784,52.1747],[76.7837,52.175],[76.7833,52.1754],[76.783,52.1757],[76.7827,52.1761],[76.7824,52.1764],[76.7821,52.1768],[76.7818,52.1772],[76.7817,52.1774],[76.7816,52.1776],[76.7813,52.178],[76.7812,52.1782],[76.7811,52.1784],[76.781,52.1786],[76.7809,52.1788],[76.7763,52.1885],[76.7763,52.1885],[76.7763,52.1885],[76.7763,52.1885],[76.7603,52.2187],[76.8006,52.2233],[76.8149,52.2052]]],"type":"MultiLineString"},"geometry_name":"shape","id":"gp_red_lines.fid--7752831e_19fb67eabdc_499c","properties":{"area":2315.15397436994,"creation_doc_id":3464,"deactivation_doc_id":null,"id":2534848},"type":"Feature"},{"bbox":[76.9274,52.3173,77.0687,52.3848],"geometry":{"coordinates":[[[77.0426,52.3847],[77.0426,52.3847],[77.0426,52.3847],[77.0426,52.3847],[77.0428,52.3841],[77.0428,52.3841],[77.0428,52.3841],[77.0428,52.3841],[77.043,52.3835],[77.043,52.3835],[77.043,52.3835],[77.043,52.3835],[77.0433,52.383],[77.0433,52.383],[77.0433,52.383],[77.0433,52.383],[77.0436,52.3824],[77.0436,52.3824],[77.0436,52.3824],[77.0436,52.3824],[77.0439,52.3818],[77.0439,52.3818],[77.0439,52.3818],[77.0439,52.3818],[77.0442,52.3813],[77.0442,52.3813],[77.0442,52.3812],[77.0442,52.3812],[77.0446,52.3807],[77.0446,52.3807],[77.0446,52.3807],[77.0446,52.3807],[77.045,52.3801],[77.045,52.3801],[77.045,52.3801],[77.045,52.3801],[77.0454,52.3796],[77.0454,52.3796],[77.0454,52.3796],[77.0454,52.3796],[77.0458,52.3791],[77.0458,52.3791],[77.0458,52.379],[77.0458,52.379],[77.0462,52.3785],[77.0462,52.3785],[77.0462,52.3785],[77.0462,52.3785],[77.0467,52.378],[77.0467,52.378],[77.0467,52.378],[77.0467,52.378],[77.0472,52.3775],[77.0472,52.3775],[77.0472,52.3775],[77.0472,52.3775],[77.0472,52.3775],[77.0472,52.3775],[77.0472,52.3775],[77.0477,52.377],[77.0477,52.377],[77.0477,52.3769],[77.0477,52.3769],[77.0482,52.3765],[77.0482,52.3765],[77.0482,52.3764],[77.0482,52.3764],[77.0488,52.376],[77.0488,52.376],[77.0488,52.3759],[77.0488,52.3759],[77.0494,52.3755],[77.0494,52.3755],[77.0494,52.3755],[77.0494,52.3755],[77.05,52.375],[77.05,52.375],[77.05,52.375],[77.05,52.375],[77.0506,52.3745],[77.0506,52.3745],[77.0506,52.3745],[77.0506,52.3745],[77.051,52.3742],[77.0512,52.3741],[77.0512,52.3741],[77.0512,52.374],[77.0512,52.374],[77.0518,52.3736],[77.0518,52.3736],[77.0519,52.3736],[77.0519,52.3736],[77.0525,52.3732],[77.0525,52.3732],[77.0525,52.3732],[77.0525,52.3732],[77.0532,52.3727],[77.0532,52.3727],[77.0532,52.3727],[77.0532,52.3727],[77.0539,52.3723],[77.0539,52.3723],[77.0539,52.3723],[77.0539,52.3723],[77.0546,52.3719],[77.0546,52.3719],[77.0546,52.3719],[77.0546,52.3719],[77.0554,52.3715],[77.0554,52.3715],[77.0554,52.3715],[77.0554,52.3715],[77.0561,52.3711],[77.0561,52.3711],[77.0561,52.3711],[77.0561,52.3711],[77.0569,52.3707],[77.0569,52.3707],[77.0569,52.3707],[77.0569,52.3707],[77.0577,52.3704],[77.0577,52.3704],[77.0577,52.3704],[77.0577,52.3704],[77.0585,52.37],[77.0585,52.37],[77.0585,52.37],[77.0585,52.37],[77.0593,52.3697],[77.0593,52.3697],[77.0593,52.3697],[77.0593,52.3697],[77.0601,52.3694],[77.0601,52.3694],[77.0601,52.3694],[77.0601,52.3694],[77.0609,52.3691],[77.0609,52.3691],[77.061,52.369],[77.061,52.369],[77.0618,52.3688],[77.0618,52.3688],[77.0618,52.3688],[77.0618,52.3688],[77.0618,52.3688],[77.0618,52.3688],[77.0665,52.3672],[77.0665,52.3672],[77.0665,52.3672],[77.0665,52.3672],[77.0678,52.3667],[77.0683,52.3665],[77.0684,52.3664],[77.0685,52.3664],[77.0685,52.3663],[77.0686,52.3663],[77.0686,52.3662],[77.0687,52.3662],[77.0687,52.3661],[77.0687,52.3661],[77.0687,52.366],[77.0687,52.366],[77.0687,52.3659],[77.0687,52.3659],[77.0686,52.3658],[77.0678,52.3643],[77.0586,52.3543],[77.0479,52.344],[77.0479,52.344],[77.0479,52.344],[77.0479,52.344],[77.0306,52.3271],[77.0306,52.3271],[77.0306,52.3271],[77.0306,52.3271],[77.0299,52.3264],[77.0288,52.3254],[77.0288,52.3254],[77.0232,52.3198],[77.0207,52.3173],[77.0105,52.3214],[77.0105,52.3214],[77.0063,52.3228],[77.0063,52.3228],[77.0063,52.3228],[76.9954,52.3265],[76.9935,52.3272],[76.99,52.3284],[76.9874,52.3293],[76.9874,52.3293],[76.9856,52.3298],[76.983,52.3307],[76.983,52.3307],[76.9827,52.3308],[76.9823,52.331],[76.982,52.3311],[76.9816,52.3313],[76.9813,52.3315],[76.981,52.3317],[76.9807,52.332],[76.9804,52.3322],[76.9802,52.3324],[76.98,52.3327],[76.9793,52.3336],[76.976,52.3384],[76.976,52.3384],[76.976,52.3384],[76.9755,52.3389],[76.9755,52.3389],[76.9755,52.3389],[76.975,52.3394],[76.975,52.3394],[76.9744,52.3399],[76.9744,52.3399],[76.9738,52.3403],[76.9738,52.3403],[76.9732,52.3407],[76.9731,52.3408],[76.9724,52.3411],[76.9724,52.3412],[76.9717,52.3415],[76.9717,52.3415],[76.9709,52.3418],[76.9709,52.3419],[76.9701,52.3421],[76.97,52.3421],[76.97,52.3422],[76.9692,52.3424],[76.9692,52.3424],[76.9684,52.3426],[76.9683,52.3426],[76.9675,52.3428],[76.9674,52.3428],[76.9663,52.3429],[76.9653,52.3431],[76.9644,52.3432],[76.9635,52.3434],[76.9627,52.3436],[76.9618,52.3439],[76.94,52.3519],[76.9399,52.3519],[76.9399,52.3519],[76.9395,52.352],[76.9395,52.352],[76.9391,52.3521],[76.939,52.3521],[76.9386,52.3522],[76.9386,52.3523],[76.9381,52.3523],[76.9381,52.3523],[76.9376,52.3524],[76.9376,52.3524],[76.9371,52.3525],[76.9371,52.3525],[76.9366,52.3525],[76.9366,52.3525],[76.9361,52.3525],[76.9361,52.3525],[76.9282,52.3524],[76.9274,52.3832],[76.9325,52.3833],[76.9455,52.3834],[76.9455,52.3834],[76.9867,52.384],[76.9867,52.384],[76.9867,52.3841],[76.9886,52.3841],[77.0395,52.3845],[77.0395,52.3845],[77.0395,52.3845],[77.0396,52.3845],[77.0396,52.3845],[77.0425,52.3848],[77.0426,52.3847]]],"type":"MultiLineString"},"geometry_name":"shape","id":"gp_red_lines.fid--7752831e_19fb67eabdc_499d","properties":{"area":4646.07490126207,"creation_doc_id":3464,"deactivation_doc_id":null,"id":2534874},"type":"Feature"},{"bbox":[76.8384,52.3834,77.0424,52.4961],"geometry":{"coordinates":[[[77.0061,52.4961],[77.0067,52.4961],[77.0073,52.4961],[77.0079,52.496],[77.0085,52.496],[77.0091,52.4959],[77.0097,52.4958],[77.0103,52.4957],[77.0109,52.4956],[77.0115,52.4955],[77.012,52.4953],[77.0121,52.4953],[77.0126,52.4952],[77.0132,52.495],[77.0137,52.4948],[77.0142,52.4947],[77.0148,52.4945],[77.0153,52.4942],[77.0158,52.494],[77.0163,52.4938],[77.0167,52.4935],[77.0172,52.4933],[77.0176,52.493],[77.018,52.4927],[77.0184,52.4925],[77.0188,52.4922],[77.0192,52.4919],[77.0195,52.4916],[77.0199,52.4912],[77.0202,52.4909],[77.0205,52.4906],[77.0207,52.4902],[77.021,52.4899],[77.0212,52.4896],[77.0214,52.4892],[77.0216,52.4888],[77.0218,52.4885],[77.0219,52.4881],[77.0221,52.4877],[77.0222,52.4874],[77.0222,52.487],[77.0223,52.4866],[77.0223,52.4863],[77.0223,52.486],[77.0223,52.4858],[77.0223,52.4856],[77.0223,52.4854],[77.0223,52.4842],[77.0223,52.4842],[77.0223,52.4842],[77.0223,52.481],[77.0223,52.481],[77.0222,52.4745],[77.0222,52.4745],[77.0222,52.4745],[77.0222,52.4745],[77.0222,52.4739],[77.0222,52.4739],[77.0222,52.4739],[77.0222,52.4739],[77.0222,52.4739],[77.0222,52.4739],[77.0222,52.4739],[77.0222,52.4732],[77.0222,52.4732],[77.0222,52.4732],[77.0222,52.4732],[77.0222,52.4726],[77.0222,52.4726],[77.0222,52.4726],[77.0222,52.4726],[77.0223,52.4719],[77.0223,52.4719],[77.0223,52.4719],[77.0223,52.4719],[77.0224,52.4713],[77.0224,52.4713],[77.0224,52.4713],[77.0224,52.4713],[77.0225,52.4707],[77.0225,52.4707],[77.0225,52.4706],[77.0225,52.4706],[77.0227,52.47],[77.0227,52.47],[77.0227,52.47],[77.0227,52.47],[77.0229,52.4694],[77.0229,52.4694],[77.0229,52.4694],[77.0229,52.4694],[77.0231,52.4687],[77.0231,52.4687],[77.0231,52.4687],[77.0231,52.4687],[77.0233,52.4681],[77.0233,52.4681],[77.0233,52.4681],[77.0233,52.4681],[77.0236,52.4675],[77.0236,52.4675],[77.0236,52.4675],[77.0236,52.4675],[77.0237,52.467],[77.0238,52.4668],[77.0238,52.4668],[77.0238,52.4668],[77.0238,52.4668],[77.0241,52.4662],[77.0241,52.4662],[77.0241,52.4662],[77.0241,52.4662],[77.0244,52.4656],[77.0244,52.4656],[77.0245,52.4656],[77.0245,52.4656],[77.0248,52.465],[77.0248,52.465],[77.0248,52.465],[77.0248,52.465],[77.0252,52.4644],[77.0252,52.4644],[77.0252,52.4644],[77.0252,52.4644],[77.0256,52.4638],[77.0256,52.4638],[77.0256,52.4638],[77.0256,52.4638],[77.026,52.4632],[77.026,52.4632],[77.026,52.4632],[77.026,52.4632],[77.0264,52.4626],[77.0264,52.4626],[77.0264,52.4626],[77.0264,52.4626],[77.0269,52.462],[77.0269,52.462],[77.0269,52.462],[77.0269,52.462],[77.0279,52.4608],[77.0283,52.4602],[77.0288,52.4596],[77.0292,52.4591],[77.0295,52.4585],[77.0299,52.4579],[77.0302,52.4573],[77.0305,52.4567],[77.0308,52.4561],[77.0311,52.4556],[77.0313,52.455],[77.0315,52.4543],[77.0317,52.4537],[77.0319,52.4531],[77.032,52.4525],[77.033,52.4483],[77.0355,52.4367],[77.0371,52.4296],[77.0371,52.4296],[77.0371,52.4296],[77.0411,52.4117],[77.0412,52.411],[77.0413,52.4103],[77.0413,52.4101],[77.0414,52.4096],[77.0415,52.409],[77.0415,52.4083],[77.0415,52.4076],[77.0415,52.4007],[77.0415,52.4002],[77.0415,52.3997],[77.0414,52.3993],[77.0413,52.3988],[77.0413,52.3983],[77.0413,52.3983],[77.0413,52.3983],[77.0413,52.3983],[77.0412,52.3978],[77.0412,52.3978],[77.0412,52.3978],[77.0412,52.3978],[77.0411,52.3973],[77.0411,52.3973],[77.0411,52.3973],[77.0411,52.3973],[77.0411,52.3968],[77.0411,52.3968],[77.0411,52.3967],[77.0411,52.3967],[77.0411,52.3962],[77.0411,52.3962],[77.0411,52.3962],[77.0411,52.3962],[77.0411,52.3962],[77.0411,52.3962],[77.0411,52.3957],[77.0411,52.3957],[77.0411,52.3957],[77.0411,52.3957],[77.0411,52.3952],[77.0411,52.3952],[77.0411,52.3952],[77.0411,52.3952],[77.0414,52.3921],[77.0414,52.3921],[77.0414,52.3921],[77.0414,52.3921],[77.0418,52.3883],[77.0418,52.3883],[77.0418,52.3883],[77.0418,52.3883],[77.0419,52.3877],[77.0419,52.3877],[77.0419,52.3877],[77.0419,52.3877],[77.042,52.3871],[77.042,52.3871],[77.042,52.3871],[77.042,52.3871],[77.0421,52.3865],[77.0421,52.3865],[77.0421,52.3865],[77.0421,52.3865],[77.0422,52.3859],[77.0422,52.3859],[77.0422,52.3859],[77.0422,52.3859],[77.0424,52.3854],[77.0394,52.385],[76.9886,52.3846],[76.9886,52.3846],[76.9886,52.3846],[76.9886,52.3846],[76.9886,52.3846],[76.9328,52.3838],[76.9274,52.3838],[76.8912,52.3834],[76.8912,52.3834],[76.8898,52.3834],[76.8888,52.3834],[76.8882,52.3839],[76.8903,52.4448],[76.8903,52.4448],[76.8903,52.4448],[76.8903,52.4448],[76.8903,52.4448],[76.8903,52.4448],[76.8903,52.4448],[76.8903,52.445],[76.8903,52.445],[76.8903,52.445],[76.8903,52.445],[76.8902,52.4452],[76.8902,52.4452],[76.8902,52.4452],[76.8902,52.4452],[76.8901,52.4454],[76.8901,52.4454],[76.8901,52.4454],[76.8901,52.4454],[76.8899,52.4456],[76.8899,52.4456],[76.8899,52.4457],[76.8899,52.4457],[76.8897,52.4459],[76.8897,52.4459],[76.8897,52.4459],[76.8897,52.4459],[76.8897,52.4459],[76.8897,52.4459],[76.8897,52.4459],[76.8895,52.4461],[76.8895,52.4461],[76.8895,52.4461],[76.8895,52.4461],[76.8893,52.4462],[76.8893,52.4462],[76.8893,52.4462],[76.8893,52.4462],[76.8891,52.4463],[76.8891,52.4463],[76.8891,52.4464],[76.8891,52.4464],[76.8889,52.4465],[76.8889,52.4465],[76.8889,52.4465],[76.8889,52.4465],[76.8887,52.4466],[76.8887,52.4466],[76.8886,52.4466],[76.8886,52.4466],[76.8884,52.4467],[76.8884,52.4467],[76.8884,52.4467],[76.8884,52.4467],[76.8882,52.4468],[76.8882,52.4468],[76.8881,52.4468],[76.8881,52.4468],[76.8879,52.4469],[76.8879,52.4469],[76.8879,52.4469],[76.8879,52.4469],[76.8879,52.4469],[76.8879,52.4469],[76.8879,52.4469],[76.8876,52.447],[76.8876,52.447],[76.8876,52.447],[76.8876,52.447],[76.8873,52.4471],[76.8873,52.4471],[76.8873,52.4471],[76.8873,52.4471],[76.887,52.4471],[76.887,52.4471],[76.887,52.4471],[76.887,52.4471],[76.8867,52.4472],[76.8867,52.4472],[76.8867,52.4472],[76.8867,52.4472],[76.8864,52.4472],[76.8864,52.4472],[76.8864,52.4472],[76.8864,52.4472],[76.8861,52.4472],[76.8861,52.4472],[76.8861,52.4472],[76.8861,52.4472],[76.8858,52.4473],[76.8858,52.4473],[76.8858,52.4473],[76.8858,52.4473],[76.8855,52.4473],[76.8855,52.4473],[76.8855,52.4473],[76.8855,52.4473],[76.8855,52.4473],[76.8855,52.4473],[76.8855,52.4473],[76.8852,52.4473],[76.8852,52.4473],[76.8852,52.4472],[76.8852,52.4472],[76.8849,52.4472],[76.8849,52.4472],[76.8849,52.4472],[76.8849,52.4472],[76.8846,52.4472],[76.8846,52.4472],[76.8846,52.4472],[76.8846,52.4472],[76.8503,52.4418],[76.8499,52.4429],[76.8499,52.4429],[76.8392,52.4722],[76.8392,52.4722],[76.8392,52.4722],[76.8384,52.4743],[76.8385,52.4746],[76.8408,52.4767],[76.8408,52.4767],[76.8409,52.4768],[76.8409,52.4768],[76.8409,52.4768],[76.841,52.4768],[76.8416,52.477],[76.8442,52.4774],[76.8442,52.4774],[76.8442,52.4774],[76.8448,52.4775],[76.8448,52.4775],[76.8448,52.4775],[76.8464,52.4777],[76.8464,52.4777],[76.8479,52.478],[76.8479,52.478],[76.8613,52.4801],[76.8627,52.4803],[76.8641,52.4805],[76.8655,52.4807],[76.8669,52.4809],[76.8689,52.4812],[76.8707,52.4815],[76.8731,52.4819],[76.8754,52.4822],[76.8778,52.4825],[76.8801,52.4828],[76.8891,52.484],[76.8891,52.484],[76.8912,52.4843],[76.8912,52.4843],[76.8912,52.4843],[76.8933,52.4846],[76.8933,52.4846],[76.8933,52.4846],[76.8953,52.4849],[76.8953,52.4849],[76.8974,52.4852],[76.8974,52.4852],[76.8976,52.4852],[76.8976,52.4852],[76.9054,52.4864],[76.9054,52.4864],[76.9054,52.4864],[76.9071,52.4866],[76.9071,52.4866],[76.9072,52.4866],[76.9072,52.4866],[76.9089,52.4869],[76.9089,52.4869],[76.9089,52.4869],[76.9089,52.4869],[76.9107,52.4872],[76.9107,52.4872],[76.9107,52.4872],[76.9107,52.4872],[76.9125,52.4876],[76.9125,52.4876],[76.9125,52.4876],[76.9239,52.4897],[76.9239,52.4897],[76.9252,52.49],[76.9252,52.49],[76.9266,52.4902],[76.9266,52.4902],[76.9274,52.4904],[76.928,52.4905],[76.928,52.4905],[76.928,52.4905],[76.9293,52.4907],[76.9293,52.4907],[76.937,52.4922],[76.9383,52.4925],[76.9395,52.4927],[76.9408,52.4929],[76.9421,52.4932],[76.9508,52.4948],[76.9517,52.495],[76.9526,52.4951],[76.9535,52.4952],[76.9545,52.4953],[76.9554,52.4954],[76.9554,52.4954],[76.9563,52.4955],[76.9572,52.4956],[76.9582,52.4957],[76.9591,52.4957],[76.96,52.4957],[76.9677,52.4959],[76.969,52.4959],[76.9692,52.4959],[76.9692,52.4959],[76.9692,52.4959],[76.9704,52.4959],[76.9717,52.4959],[76.9731,52.4959],[76.9791,52.4959],[76.9791,52.4959],[76.9791,52.4959],[76.9805,52.4959],[76.9805,52.4959],[76.9805,52.4959],[76.982,52.4959],[76.982,52.4959],[76.9834,52.4959],[76.9834,52.4959],[76.9834,52.4959],[76.9834,52.4959],[76.9848,52.4959],[76.9848,52.4959],[76.9877,52.4959],[76.9877,52.4959],[77.0046,52.4961],[77.005,52.4961],[77.0054,52.4961],[77.0057,52.4961],[77.0061,52.4961]]],"type":"MultiLineString"},"geometry_name":"shape","id":"gp_red_lines.fid--7752831e_19fb67eabdc_499e","properties":{"area":13044.4827023034,"creation_doc_id":3464,"deactivation_doc_id":null,"id":2534889},"type":"Feature"},{"bbox":[76.7872,52.1577,77.0288,52.3227],"geometry":{"coordinates":[[[76.8936,52.3223],[76.8943,52.3217],[76.8943,52.3217],[76.8964,52.3199],[76.9002,52.3165],[76.9008,52.3158],[76.9008,52.3157],[76.9009,52.3157],[76.9031,52.3129],[76.9044,52.3113],[76.9044,52.3113],[76.9044,52.3113],[76.9055,52.3102],[76.9055,52.3102],[76.9094,52.307],[76.9094,52.307],[76.9119,52.3051],[76.9119,52.3051],[76.9138,52.3038],[76.9151,52.3028],[76.9151,52.3028],[76.9159,52.3024],[76.9163,52.3021],[76.9163,52.3021],[76.9169,52.3017],[76.9168,52.3016],[76.9168,52.3016],[76.9167,52.3014],[76.9167,52.3014],[76.9166,52.3012],[76.9162,52.3007],[76.9159,52.3004],[76.9159,52.3004],[76.9159,52.3004],[76.9158,52.3002],[76.9158,52.3002],[76.9157,52.3],[76.9157,52.3],[76.9157,52.3],[76.9157,52.2998],[76.9157,52.2998],[76.9158,52.2996],[76.9158,52.2996],[76.9158,52.2996],[76.916,52.2995],[76.916,52.2995],[76.9164,52.2993],[76.9164,52.2993],[76.9224,52.2966],[76.9224,52.2966],[76.9234,52.2962],[76.9234,52.2962],[76.9234,52.2962],[76.9261,52.2956],[76.9287,52.2947],[76.9312,52.2936],[76.9332,52.2925],[76.9348,52.2912],[76.9348,52.2912],[76.9364,52.29],[76.9364,52.29],[76.9364,52.29],[76.9364,52.29],[76.9381,52.2901],[76.9384,52.2865],[76.9384,52.2865],[76.9385,52.2864],[76.9385,52.2864],[76.9385,52.2864],[76.9385,52.2864],[76.9385,52.2864],[76.9386,52.2864],[76.9386,52.2864],[76.9386,52.2864],[76.9387,52.2864],[76.9387,52.2864],[76.9387,52.2864],[76.9404,52.2864],[76.9406,52.2848],[76.9389,52.2848],[76.9389,52.2848],[76.9388,52.2848],[76.9388,52.2848],[76.9388,52.2848],[76.9387,52.2847],[76.9387,52.2847],[76.9387,52.2847],[76.9386,52.2847],[76.9386,52.2847],[76.9386,52.2847],[76.9386,52.2846],[76.9386,52.2846],[76.939,52.2809],[76.936,52.2809],[76.936,52.2809],[76.9359,52.2808],[76.9359,52.2808],[76.9359,52.2808],[76.9358,52.2808],[76.9358,52.2808],[76.9349,52.2799],[76.9349,52.2799],[76.9349,52.2799],[76.9349,52.2799],[76.9353,52.275],[76.9353,52.275],[76.9353,52.2749],[76.9353,52.2749],[76.9353,52.2749],[76.9354,52.2749],[76.9354,52.2749],[76.9375,52.2736],[76.9377,52.2701],[76.9377,52.2701],[76.9381,52.2658],[76.9376,52.2657],[76.9375,52.2655],[76.9344,52.2646],[76.9342,52.2647],[76.9315,52.2639],[76.9315,52.2639],[76.9315,52.2639],[76.9314,52.2638],[76.9314,52.2638],[76.9314,52.2638],[76.9314,52.2637],[76.9314,52.2637],[76.9313,52.2625],[76.9313,52.2625],[76.9313,52.2625],[76.9313,52.2624],[76.9313,52.2624],[76.9351,52.2582],[76.9375,52.2556],[76.9375,52.2555],[76.9375,52.2555],[76.9423,52.2501],[76.9423,52.2501],[76.9442,52.2481],[76.9442,52.2481],[76.9442,52.2481],[76.9449,52.2477],[76.9449,52.2477],[76.9462,52.2471],[76.9462,52.2471],[76.9462,52.2471],[76.9468,52.247],[76.9468,52.247],[76.9485,52.2467],[76.9485,52.2467],[76.9489,52.2467],[76.9489,52.2467],[76.9489,52.2467],[76.9492,52.2467],[76.9492,52.2467],[76.9555,52.2488],[76.9556,52.2488],[76.9556,52.2488],[76.9558,52.2487],[76.9558,52.2487],[76.9559,52.2487],[76.9559,52.2487],[76.956,52.2486],[76.956,52.2486],[76.9562,52.2485],[76.9567,52.2483],[76.9567,52.2483],[76.9572,52.2481],[76.9572,52.2481],[76.9572,52.2481],[76.9584,52.2478],[76.9584,52.2478],[76.9589,52.2476],[76.9592,52.2475],[76.9592,52.2475],[76.9596,52.2474],[76.9596,52.2474],[76.9599,52.2474],[76.9599,52.2474],[76.9603,52.2473],[76.9603,52.2473],[76.9607,52.2473],[76.9607,52.2473],[76.9611,52.2472],[76.9611,52.2472],[76.9615,52.2472],[76.9615,52.2472],[76.9618,52.2472],[76.9618,52.2472],[76.9619,52.2472],[76.9622,52.2472],[76.9622,52.2472],[76.9626,52.2473],[76.9626,52.2473],[76.9629,52.2473],[76.963,52.2473],[76.9632,52.2473],[76.9633,52.2473],[76.9635,52.2473],[76.9636,52.2473],[76.9636,52.2473],[76.9638,52.2473],[76.9639,52.2473],[76.9641,52.2473],[76.9642,52.2472],[76.9644,52.2472],[76.9653,52.2469],[76.9673,52.2462],[76.9688,52.2455],[76.9702,52.2446],[76.9713,52.2438],[76.9718,52.2433],[76.973,52.2417],[76.9732,52.2415],[76.9732,52.2415],[76.9734,52.2413],[76.9734,52.2413],[76.9734,52.2413],[76.9737,52.241],[76.9737,52.241],[76.9742,52.2408],[76.9742,52.2408],[76.9742,52.2408],[76.9749,52.2407],[76.9749,52.2407],[76.9749,52.2407],[76.9754,52.2408],[76.9754,52.2408],[76.9755,52.2408],[76.9755,52.2408],[76.9762,52.2412],[76.9762,52.2412],[76.9784,52.2427],[76.9804,52.2412],[76.9819,52.2399],[76.9819,52.2399],[76.982,52.2399],[76.982,52.2399],[76.982,52.2399],[76.9843,52.2391],[76.9843,52.2391],[76.9897,52.2379],[76.9914,52.2372],[76.9925,52.2367],[76.9925,52.2367],[76.9925,52.2367],[76.9932,52.2366],[76.9932,52.2366],[76.9932,52.2366],[76.9933,52.2366],[76.9933,52.2366],[76.9933,52.2366],[76.9937,52.2368],[77.0029,52.2306],[77.0085,52.2264],[77.0085,52.2264],[77.0113,52.2245],[77.0124,52.223],[77.0164,52.2167],[77.0206,52.2099],[77.0233,52.2056],[77.0249,52.203],[77.0249,52.203],[77.0277,52.1988],[77.0288,52.1972],[77.0287,52.1968],[77.0287,52.1964],[77.0285,52.196],[77.0282,52.1956],[77.0279,52.1952],[77.0275,52.1948],[77.0241,52.1937],[77.0231,52.1935],[77.0156,52.192],[77.0154,52.192],[77.0154,52.192],[77.0148,52.1919],[77.0148,52.1919],[77.0147,52.1919],[77.0147,52.1919],[77.0141,52.1918],[77.0141,52.1918],[77.0141,52.1917],[77.0141,52.1917],[77.0135,52.1916],[77.0135,52.1916],[77.0134,52.1916],[77.0134,52.1916],[77.0128,52.1914],[77.0128,52.1914],[77.0128,52.1914],[77.0128,52.1914],[77.0128,52.1914],[77.0128,52.1914],[77.0122,52.1912],[77.0122,52.1912],[77.0122,52.1911],[77.0122,52.1911],[77.0116,52.1909],[77.0116,52.1909],[77.0116,52.1909],[77.0116,52.1909],[77.0111,52.1906],[77.0111,52.1906],[77.011,52.1906],[77.011,52.1906],[77.0106,52.1904],[77.0106,52.1904],[77.0105,52.1903],[77.0105,52.1903],[77.0101,52.19],[77.0101,52.19],[77.01,52.19],[77.01,52.19],[77.0096,52.1897],[77.0096,52.1897],[77.0096,52.1897],[77.0096,52.1897],[77.0092,52.1894],[77.0092,52.1894],[77.0091,52.1893],[77.0091,52.1893],[77.0017,52.1812],[77.0017,52.1812],[77.0017,52.1812],[77.0017,52.1812],[77.0016,52.1812],[77.0016,52.1812],[77.0012,52.1806],[77.0007,52.1802],[77.0001,52.1797],[76.9995,52.1792],[76.9989,52.1788],[76.9982,52.1784],[76.9975,52.178],[76.9967,52.1777],[76.996,52.1774],[76.9523,52.1664],[76.9513,52.1661],[76.9503,52.1659],[76.9493,52.1658],[76.9483,52.1656],[76.9473,52.1656],[76.9463,52.1655],[76.9462,52.1655],[76.9462,52.1655],[76.9462,52.1655],[76.9462,52.1655],[76.9462,52.1655],[76.9461,52.1655],[76.9461,52.1655],[76.9461,52.1655],[76.9461,52.1655],[76.946,52.1655],[76.946,52.1655],[76.9459,52.1655],[76.9458,52.1655],[76.9457,52.1655],[76.9456,52.1655],[76.9454,52.1655],[76.9453,52.1655],[76.9451,52.1655],[76.9449,52.1655],[76.9447,52.1655],[76.9342,52.1655],[76.9335,52.1651],[76.9226,52.1652],[76.922,52.1655],[76.9047,52.1655],[76.8996,52.1655],[76.8994,52.1654],[76.899,52.1651],[76.8953,52.1652],[76.8949,52.1654],[76.8947,52.1655],[76.8944,52.1655],[76.8944,52.1655],[76.8943,52.1655],[76.8943,52.1655],[76.8934,52.1654],[76.8934,52.1654],[76.8933,52.1654],[76.8933,52.1654],[76.8924,52.1653],[76.8924,52.1653],[76.8923,52.1653],[76.8923,52.1653],[76.8914,52.1652],[76.8914,52.1652],[76.8913,52.1652],[76.8913,52.1652],[76.8904,52.165],[76.8904,52.165],[76.8904,52.165],[76.8904,52.165],[76.8895,52.1648],[76.8895,52.1648],[76.8894,52.1648],[76.8894,52.1648],[76.8885,52.1645],[76.8885,52.1645],[76.8885,52.1645],[76.8885,52.1645],[76.8876,52.1643],[76.8876,52.1643],[76.8876,52.1643],[76.8876,52.1643],[76.8868,52.164],[76.8868,52.164],[76.8867,52.164],[76.8867,52.164],[76.8867,52.164],[76.8867,52.164],[76.8867,52.164],[76.8867,52.1639],[76.8867,52.1639],[76.8867,52.1639],[76.8867,52.1639],[76.8867,52.1639],[76.8867,52.1639],[76.8867,52.1639],[76.8867,52.1639],[76.8867,52.1639],[76.8867,52.1639],[76.8866,52.1639],[76.8866,52.1639],[76.8866,52.1639],[76.8866,52.1639],[76.8865,52.1639],[76.8865,52.1639],[76.8865,52.1639],[76.8864,52.1638],[76.8864,52.1638],[76.8864,52.1638],[76.8864,52.1638],[76.8864,52.1638],[76.8863,52.1638],[76.8863,52.1638],[76.8863,52.1638],[76.8862,52.1637],[76.8862,52.1637],[76.886,52.1637],[76.886,52.1637],[76.886,52.1637],[76.8859,52.1636],[76.8859,52.1636],[76.8858,52.1636],[76.8858,52.1636],[76.8856,52.1635],[76.8856,52.1635],[76.8855,52.1634],[76.8855,52.1634],[76.8855,52.1634],[76.8824,52.1621],[76.8822,52.1621],[76.8821,52.162],[76.8819,52.1619],[76.8818,52.1619],[76.8817,52.1618],[76.8816,52.1618],[76.8815,52.1618],[76.8814,52.1617],[76.8814,52.1617],[76.8813,52.1617],[76.8813,52.1617],[76.8812,52.1617],[76.8812,52.1616],[76.8812,52.1616],[76.8812,52.1616],[76.8804,52.1614],[76.8796,52.1611],[76.8788,52.1609],[76.878,52.1607],[76.8771,52.1605],[76.8762,52.1604],[76.8753,52.1602],[76.8753,52.1602],[76.8753,52.1602],[76.8753,52.1602],[76.8753,52.1602],[76.8753,52.1602],[76.8753,52.1602],[76.8753,52.1602],[76.8752,52.1602],[76.8752,52.1602],[76.8751,52.1602],[76.875,52.1602],[76.8749,52.1602],[76.8748,52.1602],[76.8746,52.1602],[76.8745,52.1602],[76.8743,52.1601],[76.8741,52.1601],[76.874,52.1601],[76.8546,52.1585],[76.8452,52.1577],[76.8425,52.1615],[76.8326,52.1878],[76.8326,52.1878],[76.8157,52.2054],[76.8034,52.2209],[76.8011,52.2239],[76.8011,52.2239],[76.7914,52.2354],[76.8006,52.2383],[76.8006,52.2383],[76.8006,52.2383],[76.8007,52.2383],[76.8007,52.2383],[76.8007,52.2383],[76.8007,52.2383],[76.8007,52.2383],[76.8007,52.2384],[76.8007,52.2384],[76.8007,52.2384],[76.8007,52.2384],[76.8008,52.2384],[76.8008,52.2384],[76.8008,52.2384],[76.8008,52.2384],[76.8008,52.2384],[76.8008,52.2384],[76.8008,52.2384],[76.8008,52.2384],[76.8008,52.2384],[76.8008,52.2384],[76.8009,52.2385],[76.8009,52.2385],[76.8009,52.2385],[76.8009,52.2385],[76.8009,52.2385],[76.8009,52.2385],[76.8009,52.2385],[76.8009,52.2385],[76.8009,52.2385],[76.8009,52.2385],[76.8009,52.2385],[76.8009,52.2386],[76.8009,52.2386],[76.8009,52.2386],[76.8009,52.2386],[76.8009,52.2386],[76.8009,52.2386],[76.8009,52.2386],[76.8009,52.2386],[76.8009,52.2386],[76.8009,52.2386],[76.8009,52.2386],[76.8009,52.2387],[76.8009,52.2387],[76.8009,52.2387],[76.8009,52.2387],[76.8009,52.2387],[76.8009,52.2387],[76.8009,52.2387],[76.8009,52.2387],[76.7909,52.254],[76.7909,52.254],[76.7909,52.254],[76.7909,52.254],[76.7909,52.2541],[76.7909,52.2541],[76.7909,52.2541],[76.7909,52.2541],[76.7909,52.2541],[76.7908,52.2541],[76.7908,52.2541],[76.7908,52.2541],[76.7908,52.2541],[76.7908,52.2541],[76.7908,52.2541],[76.7908,52.2541],[76.7908,52.2541],[76.7908,52.2542],[76.7908,52.2542],[76.7907,52.2542],[76.7907,52.2542],[76.7907,52.2542],[76.7907,52.2542],[76.7907,52.2542],[76.7907,52.2542],[76.7907,52.2542],[76.7906,52.2542],[76.7906,52.2542],[76.7906,52.2542],[76.7906,52.2542],[76.7906,52.2542],[76.7906,52.2542],[76.7906,52.2542],[76.7906,52.2542],[76.7905,52.2542],[76.7905,52.2542],[76.7905,52.2542],[76.7905,52.2542],[76.7905,52.2542],[76.7905,52.2542],[76.7904,52.2542],[76.7904,52.2542],[76.7902,52.2542],[76.7886,52.2542],[76.7889,52.2563],[76.7896,52.2606],[76.7896,52.2606],[76.7896,52.2608],[76.7896,52.2608],[76.7896,52.2608],[76.7896,52.261],[76.7896,52.261],[76.7896,52.2611],[76.7896,52.2611],[76.7895,52.2613],[76.7895,52.2613],[76.7895,52.2615],[76.7895,52.2615],[76.7894,52.2617],[76.7894,52.2617],[76.7893,52.2618],[76.7893,52.2618],[76.7887,52.2627],[76.7887,52.2627],[76.7884,52.263],[76.7873,52.2647],[76.7872,52.2652],[76.7872,52.2657],[76.7872,52.2663],[76.7873,52.2668],[76.7875,52.2673],[76.7877,52.2678],[76.7878,52.2679],[76.7878,52.2679],[76.8007,52.2773],[76.8231,52.2935],[76.8465,52.3105],[76.8571,52.3152],[76.8786,52.3194],[76.8786,52.3194],[76.8793,52.3195],[76.8793,52.3195],[76.8793,52.3196],[76.8793,52.3196],[76.8794,52.3197],[76.8798,52.32],[76.89,52.3223],[76.8906,52.3223],[76.891,52.3222],[76.891,52.3222],[76.891,52.3222],[76.8916,52.3223],[76.8916,52.3223],[76.893,52.3227],[76.8936,52.3223]]],"type":"MultiLineString"},"geometry_name":"shape","id":"gp_red_lines.fid--7752831e_19fb67eabdc_499f","properties":{"area":18010.0961667326,"creation_doc_id":3464,"deactivation_doc_id":null,"id":2534891},"type":"Feature"},{"bbox":[76.8231,52.1536,76.8232,52.1536],"geometry":{"coordinates":[[[76.8231,52.1536],[76.8231,52.1536],[76.8231,52.1536],[76.8231,52.1536],[76.8232,52.1536],[76.8232,52.1536],[76.8232,52.1536],[76.8231,52.1536]]],"type":"MultiLineString"},"geometry_name":"shape","id":"gp_red_lines.fid--7752831e_19fb67eabdc_49a0","properties":{"area":null,"creation_doc_id":3464,"deactivation_doc_id":null,"id":2551902},"type":"Feature"},{"bbox":[76.8213,52.1544,76.822,52.1546],"geometry":{"coordinates":[[[76.8213,52.1545],[76.8216,52.1544],[76.8218,52.1545],[76.8218,52.1545],[76.8218,52.1545],[76.8218,52.1545],[76.822,52.1546],[76.8219,52.1546],[76.8219,52.1546],[76.8219,52.1546],[76.8217,52.1546],[76.8217,52.1546],[76.8217,52.1546],[76.8217,52.1546],[76.8214,52.1545],[76.8214,52.1545],[76.8214,52.1545],[76.8214,52.1545],[76.8213,52.1545]]],"type":"MultiLineString"},"geometry_name":"shape","id":"gp_red_lines.fid--7752831e_19fb67eabdc_49a1","properties":{"area":null,"creation_doc_id":3464,"deactivation_doc_id":null,"id":2551903},"type":"Feature"},{"bbox":[76.82,52.1535,76.8201,52.1535],"geometry":{"coordinates":[[[76.82,52.1535],[76.82,52.1535],[76.82,52.1535],[76.82,52.1535],[76.82,52.1535],[76.82,52.1535],[76.82,52.1535],[76.82,52.1535],[76.82,52.1535],[76.82,52.1535],[76.82,52.1535],[76.82,52.1535],[76.82,52.1535],[76.82,52.1535],[76.82,52.1535],[76.82,52.1535],[76.82,52.1535],[76.82,52.1535],[76.82,52.1535],[76.82,52.1535],[76.82,52.1535],[76.82,52.1535],[76.82,52.1535],[76.8201,52.1535],[76.8201,52.1535],[76.8201,52.1535],[76.8201,52.1535],[76.8201,52.1535],[76.8201,52.1535],[76.82,52.1535],[76.82,52.1535],[76.82,52.1535]]],"type":"MultiLineString"},"geometry_name":"shape","id":"gp_red_lines.fid--7752831e_19fb67eabdc_49a2","properties":{"area":null,"creation_doc_id":3464,"deactivation_doc_id":null,"id":2551904},"type":"Feature"},{"bbox":[76.9375,52.1964,77.0288,52.2555],"geometry":{"coordinates":[[[77.0287,52.1964],[77.0287,52.1968],[77.0288,52.1972],[77.0277,52.1988],[77.0249,52.203],[77.0249,52.203],[77.0233,52.2056],[77.0206,52.2099],[77.0164,52.2167],[77.0124,52.223],[77.0113,52.2245],[77.0085,52.2264],[77.0085,52.2264],[77.0029,52.2306],[76.9937,52.2368],[76.9933,52.2366],[76.9933,52.2366],[76.9933,52.2366],[76.9932,52.2366],[76.9932,52.2366],[76.9932,52.2366],[76.9925,52.2367],[76.9925,52.2367],[76.9925,52.2367],[76.9914,52.2372],[76.9897,52.2379],[76.9843,52.2391],[76.9843,52.2391],[76.982,52.2399],[76.982,52.2399],[76.982,52.2399],[76.9819,52.2399],[76.9819,52.2399],[76.9804,52.2412],[76.9784,52.2427],[76.9762,52.2412],[76.9762,52.2412],[76.9755,52.2408],[76.9755,52.2408],[76.9754,52.2408],[76.9754,52.2408],[76.9749,52.2407],[76.9749,52.2407],[76.9749,52.2407],[76.9742,52.2408],[76.9742,52.2408],[76.9742,52.2408],[76.9737,52.241],[76.9737,52.241],[76.9734,52.2413],[76.9734,52.2413],[76.9734,52.2413],[76.9732,52.2415],[76.9732,52.2415],[76.973,52.2417],[76.9718,52.2433],[76.9713,52.2438],[76.9702,52.2446],[76.9688,52.2455],[76.9673,52.2462],[76.9653,52.2469],[76.9644,52.2472],[76.9642,52.2472],[76.9641,52.2473],[76.9639,52.2473],[76.9638,52.2473],[76.9636,52.2473],[76.9636,52.2473],[76.9635,52.2473],[76.9633,52.2473],[76.9632,52.2473],[76.963,52.2473],[76.9629,52.2473],[76.9626,52.2473],[76.9626,52.2473],[76.9622,52.2472],[76.9622,52.2472],[76.9619,52.2472],[76.9618,52.2472],[76.9618,52.2472],[76.9615,52.2472],[76.9615,52.2472],[76.9611,52.2472],[76.9611,52.2472],[76.9607,52.2473],[76.9607,52.2473],[76.9603,52.2473],[76.9603,52.2473],[76.9599,52.2474],[76.9599,52.2474],[76.9596,52.2474],[76.9596,52.2474],[76.9592,52.2475],[76.9592,52.2475],[76.9589,52.2476],[76.9584,52.2478],[76.9584,52.2478],[76.9572,52.2481],[76.9572,52.2481],[76.9572,52.2481],[76.9567,52.2483],[76.9567,52.2483],[76.9562,52.2485],[76.956,52.2486],[76.956,52.2486],[76.9559,52.2487],[76.9559,52.2487],[76.9558,52.2487],[76.9558,52.2487],[76.9556,52.2488],[76.9556,52.2488],[76.9555,52.2488],[76.9492,52.2467],[76.9492,52.2467],[76.9489,52.2467],[76.9489,52.2467],[76.9489,52.2467],[76.9485,52.2467],[76.9485,52.2467],[76.9468,52.247],[76.9468,52.247],[76.9462,52.2471],[76.9462,52.2471],[76.9462,52.2471],[76.9449,52.2477],[76.9449,52.2477],[76.9442,52.2481],[76.9442,52.2481],[76.9442,52.2481],[76.9423,52.2501],[76.9423,52.2501],[76.9375,52.2555]]],"type":"MultiLineString"},"geometry_name":"shape","id":"gp_red_lines.fid--7752831e_19fb67eabdc_49a3","properties":{"area":null,"creation_doc_id":3464,"deactivation_doc_id":null,"id":2551905},"type":"Feature"},{"bbox":[76.9789,52.2369,76.9933,52.2447],"geometry":{"coordinates":[[[76.9933,52.2371],[76.9821,52.2447],[76.9795,52.2432],[76.9789,52.2428],[76.9808,52.2414],[76.9808,52.2414],[76.9823,52.2401],[76.9845,52.2394],[76.99,52.2382],[76.99,52.2382],[76.99,52.2382],[76.9917,52.2374],[76.9917,52.2374],[76.9927,52.237],[76.9931,52.2369],[76.9933,52.2371]]],"type":"MultiLineString"},"geometry_name":"shape","id":"gp_red_lines.fid--7752831e_19fb67eabdc_49a4","properties":{"area":null,"creation_doc_id":3464,"deactivation_doc_id":null,"id":2551906},"type":"Feature"},{"bbox":[76.9835,52.2379,76.9991,52.2479],"geometry":{"coordinates":[[[76.9835,52.2455],[76.9947,52.2379],[76.9991,52.2403],[76.988,52.2479],[76.9835,52.2455]]],"type":"MultiLineString"},"geometry_name":"shape","id":"gp_red_lines.fid--7752831e_19fb67eabdc_49a5","properties":{"area":null,"creation_doc_id":3464,"deactivation_doc_id":null,"id":2551907},"type":"Feature"},{"bbox":[76.9645,52.2413,76.9778,52.2498],"geometry":{"coordinates":[[[76.9778,52.2431],[76.9679,52.2498],[76.9654,52.2484],[76.9654,52.2484],[76.9654,52.2484],[76.9652,52.2484],[76.9645,52.2478],[76.9651,52.2476],[76.9657,52.2474],[76.9657,52.2474],[76.9657,52.2474],[76.9678,52.2467],[76.9678,52.2467],[76.9694,52.2459],[76.9694,52.2459],[76.97,52.2455],[76.9708,52.245],[76.9708,52.245],[76.972,52.2441],[76.972,52.2441],[76.9725,52.2436],[76.9725,52.2436],[76.9725,52.2436],[76.9728,52.2432],[76.9735,52.2424],[76.9735,52.2424],[76.9739,52.242],[76.9739,52.242],[76.974,52.2417],[76.9741,52.2416],[76.9743,52.2415],[76.9745,52.2413],[76.9749,52.2413],[76.9751,52.2413],[76.9756,52.2416],[76.9778,52.2431]]],"type":"MultiLineString"},"geometry_name":"shape","id":"gp_red_lines.fid--7752831e_19fb67eabdc_49a6","properties":{"area":null,"creation_doc_id":3464,"deactivation_doc_id":null,"id":2551908},"type":"Feature"},{"bbox":[76.9683,52.2434,76.9812,52.2518],"geometry":{"coordinates":[[[76.9715,52.2518],[76.9683,52.25],[76.9781,52.2434],[76.9812,52.2453],[76.9779,52.2475],[76.9779,52.2475],[76.9758,52.249],[76.9758,52.249],[76.9739,52.2503],[76.9737,52.2504],[76.9737,52.2504],[76.9715,52.2518]]],"type":"MultiLineString"},"geometry_name":"shape","id":"gp_red_lines.fid--7752831e_19fb67eabdc_49a7","properties":{"area":null,"creation_doc_id":3464,"deactivation_doc_id":null,"id":2551909},"type":"Feature"},{"bbox":[76.9418,52.247,76.9552,52.2513],"geometry":{"coordinates":[[[76.9418,52.2513],[76.942,52.2512],[76.942,52.2512],[76.9428,52.2502],[76.9439,52.2491],[76.9446,52.2483],[76.9452,52.248],[76.9465,52.2474],[76.9469,52.2473],[76.9486,52.247],[76.9488,52.247],[76.949,52.247],[76.9523,52.2481],[76.9549,52.249],[76.9551,52.2491],[76.9551,52.2491],[76.9552,52.2491]]],"type":"MultiLineString"},"geometry_name":"shape","id":"gp_red_lines.fid--7752831e_19fb67eabdc_49a8","properties":{"area":null,"creation_doc_id":3464,"deactivation_doc_id":null,"id":2551910},"type":"Feature"},{"bbox":[76.7872,52.1577,77.0287,52.3227],"geometry":{"coordinates":[[[76.9375,52.2556],[76.9351,52.2582],[76.9313,52.2624],[76.9313,52.2624],[76.9313,52.2625],[76.9313,52.2625],[76.9313,52.2625],[76.9314,52.2637],[76.9314,52.2637],[76.9314,52.2638],[76.9314,52.2638],[76.9314,52.2638],[76.9315,52.2639],[76.9315,52.2639],[76.9315,52.2639],[76.9342,52.2647],[76.9344,52.2646],[76.9375,52.2655],[76.9376,52.2657],[76.9381,52.2658],[76.9377,52.2701],[76.9377,52.2701],[76.9375,52.2736],[76.9354,52.2749],[76.9354,52.2749],[76.9353,52.2749],[76.9353,52.2749],[76.9353,52.2749],[76.9353,52.275],[76.9353,52.275],[76.9349,52.2799],[76.9349,52.2799],[76.9349,52.2799],[76.9349,52.2799],[76.9358,52.2808],[76.9358,52.2808],[76.9359,52.2808],[76.9359,52.2808],[76.9359,52.2808],[76.936,52.2809],[76.936,52.2809],[76.939,52.2809],[76.9386,52.2846],[76.9386,52.2846],[76.9386,52.2847],[76.9386,52.2847],[76.9386,52.2847],[76.9387,52.2847],[76.9387,52.2847],[76.9387,52.2847],[76.9388,52.2848],[76.9388,52.2848],[76.9388,52.2848],[76.9389,52.2848],[76.9389,52.2848],[76.9406,52.2848],[76.9404,52.2864],[76.9387,52.2864],[76.9387,52.2864],[76.9387,52.2864],[76.9386,52.2864],[76.9386,52.2864],[76.9386,52.2864],[76.9385,52.2864],[76.9385,52.2864],[76.9385,52.2864],[76.9385,52.2864],[76.9385,52.2864],[76.9384,52.2865],[76.9384,52.2865],[76.9381,52.2901],[76.9364,52.29],[76.9364,52.29],[76.9364,52.29],[76.9364,52.29],[76.9348,52.2912],[76.9348,52.2912],[76.9332,52.2925],[76.9312,52.2936],[76.9287,52.2947],[76.9261,52.2956],[76.9234,52.2962],[76.9234,52.2962],[76.9234,52.2962],[76.9224,52.2966],[76.9224,52.2966],[76.9164,52.2993],[76.9164,52.2993],[76.916,52.2995],[76.916,52.2995],[76.9158,52.2996],[76.9158,52.2996],[76.9158,52.2996],[76.9157,52.2998],[76.9157,52.2998],[76.9157,52.3],[76.9157,52.3],[76.9157,52.3],[76.9158,52.3002],[76.9158,52.3002],[76.9159,52.3004],[76.9159,52.3004],[76.9159,52.3004],[76.9162,52.3007],[76.9166,52.3012],[76.9167,52.3014],[76.9167,52.3014],[76.9168,52.3016],[76.9168,52.3016],[76.9169,52.3017],[76.9163,52.3021],[76.9163,52.3021],[76.9159,52.3024],[76.9151,52.3028],[76.9151,52.3028],[76.9138,52.3038],[76.9119,52.3051],[76.9119,52.3051],[76.9094,52.307],[76.9094,52.307],[76.9055,52.3102],[76.9055,52.3102],[76.9044,52.3113],[76.9044,52.3113],[76.9044,52.3113],[76.9031,52.3129],[76.9009,52.3157],[76.9008,52.3157],[76.9008,52.3158],[76.9002,52.3165],[76.8964,52.3199],[76.8943,52.3217],[76.8943,52.3217],[76.8936,52.3223],[76.893,52.3227],[76.8916,52.3223],[76.8916,52.3223],[76.891,52.3222],[76.891,52.3222],[76.891,52.3222],[76.8906,52.3223],[76.89,52.3223],[76.8798,52.32],[76.8794,52.3197],[76.8793,52.3196],[76.8793,52.3196],[76.8793,52.3195],[76.8793,52.3195],[76.8786,52.3194],[76.8786,52.3194],[76.8571,52.3152],[76.8465,52.3105],[76.8231,52.2935],[76.8007,52.2773],[76.7878,52.2679],[76.7878,52.2679],[76.7877,52.2678],[76.7875,52.2673],[76.7873,52.2668],[76.7872,52.2663],[76.7872,52.2657],[76.7872,52.2652],[76.7873,52.2647],[76.7884,52.263],[76.7887,52.2627],[76.7887,52.2627],[76.7893,52.2618],[76.7893,52.2618],[76.7894,52.2617],[76.7894,52.2617],[76.7895,52.2615],[76.7895,52.2615],[76.7895,52.2613],[76.7895,52.2613],[76.7896,52.2611],[76.7896,52.2611],[76.7896,52.261],[76.7896,52.261],[76.7896,52.2608],[76.7896,52.2608],[76.7896,52.2608],[76.7896,52.2606],[76.7896,52.2606],[76.7889,52.2563],[76.7886,52.2542],[76.7902,52.2542],[76.7904,52.2542],[76.7904,52.2542],[76.7905,52.2542],[76.7905,52.2542],[76.7905,52.2542],[76.7905,52.2542],[76.7905,52.2542],[76.7905,52.2542],[76.7906,52.2542],[76.7906,52.2542],[76.7906,52.2542],[76.7906,52.2542],[76.7906,52.2542],[76.7906,52.2542],[76.7906,52.2542],[76.7906,52.2542],[76.7907,52.2542],[76.7907,52.2542],[76.7907,52.2542],[76.7907,52.2542],[76.7907,52.2542],[76.7907,52.2542],[76.7907,52.2542],[76.7908,52.2542],[76.7908,52.2542],[76.7908,52.2541],[76.7908,52.2541],[76.7908,52.2541],[76.7908,52.2541],[76.7908,52.2541],[76.7908,52.2541],[76.7908,52.2541],[76.7908,52.2541],[76.7909,52.2541],[76.7909,52.2541],[76.7909,52.2541],[76.7909,52.2541],[76.7909,52.2541],[76.7909,52.254],[76.7909,52.254],[76.7909,52.254],[76.7909,52.254],[76.8009,52.2387],[76.8009,52.2387],[76.8009,52.2387],[76.8009,52.2387],[76.8009,52.2387],[76.8009,52.2387],[76.8009,52.2387],[76.8009,52.2387],[76.8009,52.2386],[76.8009,52.2386],[76.8009,52.2386],[76.8009,52.2386],[76.8009,52.2386],[76.8009,52.2386],[76.8009,52.2386],[76.8009,52.2386],[76.8009,52.2386],[76.8009,52.2386],[76.8009,52.2386],[76.8009,52.2385],[76.8009,52.2385],[76.8009,52.2385],[76.8009,52.2385],[76.8009,52.2385],[76.8009,52.2385],[76.8009,52.2385],[76.8009,52.2385],[76.8009,52.2385],[76.8009,52.2385],[76.8009,52.2385],[76.8008,52.2384],[76.8008,52.2384],[76.8008,52.2384],[76.8008,52.2384],[76.8008,52.2384],[76.8008,52.2384],[76.8008,52.2384],[76.8008,52.2384],[76.8008,52.2384],[76.8008,52.2384],[76.8007,52.2384],[76.8007,52.2384],[76.8007,52.2384],[76.8007,52.2384],[76.8007,52.2383],[76.8007,52.2383],[76.8007,52.2383],[76.8007,52.2383],[76.8007,52.2383],[76.8006,52.2383],[76.8006,52.2383],[76.8006,52.2383],[76.7914,52.2354],[76.8011,52.2239],[76.8011,52.2239],[76.8034,52.2209],[76.8157,52.2054],[76.8326,52.1878],[76.8326,52.1878],[76.8425,52.1615],[76.8452,52.1577],[76.8546,52.1585],[76.874,52.1601],[76.8741,52.1601],[76.8743,52.1601],[76.8745,52.1602],[76.8746,52.1602],[76.8748,52.1602],[76.8749,52.1602],[76.875,52.1602],[76.8751,52.1602],[76.8752,52.1602],[76.8752,52.1602],[76.8753,52.1602],[76.8753,52.1602],[76.8753,52.1602],[76.8753,52.1602],[76.8753,52.1602],[76.8753,52.1602],[76.8753,52.1602],[76.8753,52.1602],[76.8762,52.1604],[76.8771,52.1605],[76.878,52.1607],[76.8788,52.1609],[76.8796,52.1611],[76.8804,52.1614],[76.8812,52.1616],[76.8812,52.1616],[76.8812,52.1616],[76.8812,52.1617],[76.8813,52.1617],[76.8813,52.1617],[76.8814,52.1617],[76.8814,52.1617],[76.8815,52.1618],[76.8816,52.1618],[76.8817,52.1618],[76.8818,52.1619],[76.8819,52.1619],[76.8821,52.162],[76.8822,52.1621],[76.8824,52.1621],[76.8855,52.1634],[76.8855,52.1634],[76.8855,52.1634],[76.8856,52.1635],[76.8856,52.1635],[76.8858,52.1636],[76.8858,52.1636],[76.8859,52.1636],[76.8859,52.1636],[76.886,52.1637],[76.886,52.1637],[76.886,52.1637],[76.8862,52.1637],[76.8862,52.1637],[76.8863,52.1638],[76.8863,52.1638],[76.8863,52.1638],[76.8864,52.1638],[76.8864,52.1638],[76.8864,52.1638],[76.8864,52.1638],[76.8864,52.1638],[76.8865,52.1639],[76.8865,52.1639],[76.8865,52.1639],[76.8866,52.1639],[76.8866,52.1639],[76.8866,52.1639],[76.8866,52.1639],[76.8867,52.1639],[76.8867,52.1639],[76.8867,52.1639],[76.8867,52.1639],[76.8867,52.1639],[76.8867,52.1639],[76.8867,52.1639],[76.8867,52.1639],[76.8867,52.1639],[76.8867,52.1639],[76.8867,52.164],[76.8867,52.164],[76.8867,52.164],[76.8867,52.164],[76.8867,52.164],[76.8868,52.164],[76.8868,52.164],[76.8876,52.1643],[76.8876,52.1643],[76.8876,52.1643],[76.8876,52.1643],[76.8885,52.1645],[76.8885,52.1645],[76.8885,52.1645],[76.8885,52.1645],[76.8894,52.1648],[76.8894,52.1648],[76.8895,52.1648],[76.8895,52.1648],[76.8904,52.165],[76.8904,52.165],[76.8904,52.165],[76.8904,52.165],[76.8913,52.1652],[76.8913,52.1652],[76.8914,52.1652],[76.8914,52.1652],[76.8923,52.1653],[76.8923,52.1653],[76.8924,52.1653],[76.8924,52.1653],[76.8933,52.1654],[76.8933,52.1654],[76.8934,52.1654],[76.8934,52.1654],[76.8943,52.1655],[76.8943,52.1655],[76.8944,52.1655],[76.8944,52.1655],[76.8947,52.1655],[76.8949,52.1654],[76.8953,52.1652],[76.899,52.1651],[76.8994,52.1654],[76.8996,52.1655],[76.9047,52.1655],[76.922,52.1655],[76.9226,52.1652],[76.9335,52.1651],[76.9342,52.1655],[76.9447,52.1655],[76.9449,52.1655],[76.9451,52.1655],[76.9453,52.1655],[76.9454,52.1655],[76.9456,52.1655],[76.9457,52.1655],[76.9458,52.1655],[76.9459,52.1655],[76.946,52.1655],[76.946,52.1655],[76.9461,52.1655],[76.9461,52.1655],[76.9461,52.1655],[76.9461,52.1655],[76.9462,52.1655],[76.9462,52.1655],[76.9462,52.1655],[76.9462,52.1655],[76.9462,52.1655],[76.9463,52.1655],[76.9473,52.1656],[76.9483,52.1656],[76.9493,52.1658],[76.9503,52.1659],[76.9513,52.1661],[76.9523,52.1664],[76.996,52.1774],[76.9967,52.1777],[76.9975,52.178],[76.9982,52.1784],[76.9989,52.1788],[76.9995,52.1792],[77.0001,52.1797],[77.0007,52.1802],[77.0012,52.1806],[77.0016,52.1812],[77.0016,52.1812],[77.0017,52.1812],[77.0017,52.1812],[77.0017,52.1812],[77.0017,52.1812],[77.0091,52.1893],[77.0091,52.1893],[77.0092,52.1894],[77.0092,52.1894],[77.0096,52.1897],[77.0096,52.1897],[77.0096,52.1897],[77.0096,52.1897],[77.01,52.19],[77.01,52.19],[77.0101,52.19],[77.0101,52.19],[77.0105,52.1903],[77.0105,52.1903],[77.0106,52.1904],[77.0106,52.1904],[77.011,52.1906],[77.011,52.1906],[77.0111,52.1906],[77.0111,52.1906],[77.0116,52.1909],[77.0116,52.1909],[77.0116,52.1909],[77.0116,52.1909],[77.0122,52.1911],[77.0122,52.1911],[77.0122,52.1912],[77.0122,52.1912],[77.0128,52.1914],[77.0128,52.1914],[77.0128,52.1914],[77.0128,52.1914],[77.0128,52.1914],[77.0128,52.1914],[77.0134,52.1916],[77.0134,52.1916],[77.0135,52.1916],[77.0135,52.1916],[77.0141,52.1917],[77.0141,52.1917],[77.0141,52.1918],[77.0141,52.1918],[77.0147,52.1919],[77.0147,52.1919],[77.0148,52.1919],[77.0148,52.1919],[77.0154,52.192],[77.0154,52.192],[77.0156,52.192],[77.0231,52.1935],[77.0241,52.1937],[77.0275,52.1948],[77.0279,52.1952],[77.0282,52.1956],[77.0285,52.196],[77.0287,52.1964]]],"type":"MultiLineString"},"geometry_name":"shape","id":"gp_red_lines.fid--7752831e_19fb67eabdc_49a9","properties":{"area":null,"creation_doc_id":3464,"deactivation_doc_id":null,"id":2551911},"type":"Feature"},{"bbox":[76.7603,52.1557,76.8442,52.2233],"geometry":{"coordinates":[[[76.8149,52.2052],[76.8006,52.2233],[76.7603,52.2187],[76.7763,52.1885],[76.7763,52.1885],[76.7763,52.1885],[76.7763,52.1885],[76.7809,52.1788],[76.781,52.1786],[76.7811,52.1784],[76.7812,52.1782],[76.7813,52.178],[76.7816,52.1776],[76.7817,52.1774],[76.7818,52.1772],[76.7821,52.1768],[76.7824,52.1764],[76.7827,52.1761],[76.783,52.1757],[76.7833,52.1754],[76.7837,52.175],[76.784,52.1747],[76.7844,52.1743],[76.7848,52.174],[76.7853,52.1737],[76.7857,52.1734],[76.7862,52.1731],[76.7866,52.1728],[76.7871,52.1725],[76.7872,52.1725],[76.7872,52.1725],[76.7874,52.1723],[76.7877,52.1722],[76.7879,52.1721],[76.7882,52.1719],[76.8005,52.1655],[76.8005,52.1655],[76.8094,52.1608],[76.8094,52.1608],[76.8127,52.1591],[76.8149,52.1579],[76.8149,52.1579],[76.8149,52.1579],[76.8149,52.1579],[76.8175,52.1565],[76.8177,52.1565],[76.8177,52.1565],[76.8177,52.1565],[76.8178,52.1565],[76.8178,52.1565],[76.818,52.1563],[76.8182,52.1563],[76.8184,52.1562],[76.8186,52.1561],[76.8187,52.156],[76.8189,52.156],[76.819,52.1559],[76.8192,52.1559],[76.8193,52.1558],[76.8195,52.1558],[76.8197,52.1558],[76.8198,52.1557],[76.82,52.1557],[76.8202,52.1557],[76.8203,52.1557],[76.8205,52.1557],[76.8207,52.1557],[76.8209,52.1557],[76.8212,52.1557],[76.8214,52.1557],[76.8217,52.1558],[76.829,52.1564],[76.829,52.1564],[76.8291,52.1564],[76.8291,52.1564],[76.8291,52.1564],[76.8294,52.1563],[76.8442,52.1576],[76.8417,52.1613],[76.8417,52.1613],[76.8317,52.1876],[76.8149,52.2052],[76.8149,52.2052]]],"type":"MultiLineString"},"geometry_name":"shape","id":"gp_red_lines.fid--7752831e_19fb67eabdc_49aa","properties":{"area":null,"creation_doc_id":3464,"deactivation_doc_id":null,"id":2551912},"type":"Feature"},{"bbox":[76.7542,52.2192,76.8003,52.2415],"geometry":{"coordinates":[[[76.7872,52.2222],[76.8003,52.2237],[76.7905,52.2351],[76.7905,52.2351],[76.7903,52.2354],[76.7903,52.2354],[76.7861,52.2415],[76.7765,52.2384],[76.776,52.2383],[76.7653,52.2349],[76.7649,52.2347],[76.7542,52.2313],[76.7555,52.2286],[76.7569,52.2259],[76.7569,52.2259],[76.7573,52.225],[76.7575,52.2247],[76.7575,52.2247],[76.76,52.2192],[76.7742,52.2208],[76.7747,52.2208],[76.7867,52.2222],[76.7872,52.2222]]],"type":"MultiLineString"},"geometry_name":"shape","id":"gp_red_lines.fid--7752831e_19fb67eabdc_49ab","properties":{"area":null,"creation_doc_id":3464,"deactivation_doc_id":null,"id":2551913},"type":"Feature"},{"bbox":[76.7869,52.2357,76.8003,52.2447],"geometry":{"coordinates":[[[76.7964,52.2447],[76.7869,52.2417],[76.7911,52.2357],[76.8003,52.2386],[76.8003,52.2386],[76.8003,52.2386],[76.8003,52.2386],[76.8003,52.2386],[76.8003,52.2386],[76.8003,52.2386],[76.8003,52.2386],[76.8003,52.2386],[76.8003,52.2386],[76.8003,52.2386],[76.8003,52.2386],[76.8003,52.2386],[76.8003,52.2386],[76.8003,52.2387],[76.8003,52.2387],[76.8003,52.2387],[76.8003,52.2387],[76.8003,52.2387],[76.8003,52.2387],[76.8003,52.2387],[76.8003,52.2387],[76.8003,52.2387],[76.8003,52.2387],[76.8003,52.2387],[76.8003,52.2387],[76.7964,52.2447]]],"type":"MultiLineString"},"geometry_name":"shape","id":"gp_red_lines.fid--7752831e_19fb67eabdc_49ac","properties":{"area":null,"creation_doc_id":3464,"deactivation_doc_id":null,"id":2551914},"type":"Feature"},{"bbox":[76.7866,52.242,76.7962,52.2539],"geometry":{"coordinates":[[[76.7866,52.2423],[76.7868,52.242],[76.7962,52.245],[76.7905,52.2538],[76.7905,52.2538],[76.7905,52.2538],[76.7905,52.2538],[76.7905,52.2538],[76.7904,52.2538],[76.7904,52.2538],[76.7904,52.2539],[76.7904,52.2539],[76.7904,52.2539],[76.7904,52.2539],[76.7903,52.2539],[76.7903,52.2539],[76.7903,52.2539],[76.7903,52.2539],[76.7903,52.2539],[76.7902,52.2539],[76.7902,52.2539],[76.7902,52.2539],[76.7902,52.2539],[76.7885,52.2539],[76.7866,52.2423]]],"type":"MultiLineString"},"geometry_name":"shape","id":"gp_red_lines.fid--7752831e_19fb67eabdc_49ad","properties":{"area":null,"creation_doc_id":3464,"deactivation_doc_id":null,"id":2551915},"type":"Feature"},{"bbox":[76.7692,52.2387,76.7876,52.2539],"geometry":{"coordinates":[[[76.7795,52.2509],[76.7692,52.2463],[76.7714,52.2439],[76.7741,52.242],[76.7741,52.242],[76.7741,52.242],[76.7763,52.2387],[76.786,52.2417],[76.7857,52.2422],[76.7856,52.2422],[76.7856,52.2422],[76.7856,52.2422],[76.7857,52.2429],[76.7857,52.2429],[76.7857,52.2429],[76.7857,52.2429],[76.7876,52.2539],[76.786,52.2539],[76.786,52.2539],[76.786,52.2539],[76.786,52.2539],[76.786,52.2539],[76.786,52.2539],[76.7859,52.2539],[76.7859,52.2539],[76.7859,52.2539],[76.7859,52.2538],[76.7799,52.2511],[76.7795,52.2509]]],"type":"MultiLineString"},"geometry_name":"shape","id":"gp_red_lines.fid--7752831e_19fb67eabdc_49ae","properties":{"area":null,"creation_doc_id":3464,"deactivation_doc_id":null,"id":2551916},"type":"Feature"},{"bbox":[76.7617,52.2352,76.7758,52.2437],"geometry":{"coordinates":[[[76.7709,52.2437],[76.7709,52.2437],[76.77,52.2425],[76.77,52.2425],[76.77,52.2425],[76.7617,52.2383],[76.7646,52.236],[76.7646,52.236],[76.7646,52.236],[76.7652,52.2352],[76.7758,52.2385],[76.7737,52.2418],[76.7709,52.2437],[76.7709,52.2437],[76.7709,52.2437]]],"type":"MultiLineString"},"geometry_name":"shape","id":"gp_red_lines.fid--7752831e_19fb67eabdc_49af","properties":{"area":null,"creation_doc_id":3464,"deactivation_doc_id":null,"id":2551917},"type":"Feature"},{"bbox":[76.7474,52.234,76.7706,52.25],"geometry":{"coordinates":[[[76.7524,52.234],[76.7696,52.2427],[76.7706,52.2441],[76.7668,52.2483],[76.7658,52.248],[76.7658,52.248],[76.7629,52.2473],[76.7629,52.2473],[76.7629,52.2473],[76.7629,52.2473],[76.7628,52.2473],[76.7628,52.2473],[76.7627,52.2473],[76.7627,52.2473],[76.7627,52.2473],[76.7627,52.2473],[76.7626,52.2473],[76.7626,52.2473],[76.7626,52.2473],[76.7625,52.2473],[76.7625,52.2473],[76.7625,52.2473],[76.7624,52.2473],[76.7624,52.2473],[76.7624,52.2473],[76.7623,52.2473],[76.7623,52.2473],[76.7622,52.2473],[76.7622,52.2473],[76.7622,52.2473],[76.7622,52.2473],[76.7621,52.2473],[76.7621,52.2473],[76.7621,52.2474],[76.7621,52.2474],[76.762,52.2474],[76.762,52.2474],[76.762,52.2474],[76.7619,52.2474],[76.7619,52.2474],[76.7619,52.2474],[76.7619,52.2474],[76.7614,52.2476],[76.7549,52.25],[76.7489,52.2438],[76.7485,52.2433],[76.7482,52.2429],[76.7479,52.2425],[76.7477,52.2421],[76.7476,52.2416],[76.7475,52.2412],[76.7474,52.2408],[76.7474,52.2403],[76.7474,52.2399],[76.7475,52.2395],[76.7476,52.239],[76.7478,52.2386],[76.748,52.2382],[76.7507,52.2359],[76.7507,52.2359],[76.7507,52.2359],[76.7507,52.2359],[76.7507,52.2359],[76.7507,52.2359],[76.7507,52.2359],[76.7507,52.2359],[76.7507,52.2359],[76.7524,52.234]]],"type":"MultiLineString"},"geometry_name":"shape","id":"gp_red_lines.fid--7752831e_19fb67eabdc_49b0","properties":{"area":null,"creation_doc_id":3464,"deactivation_doc_id":null,"id":2551918},"type":"Feature"},{"bbox":[76.7527,52.2316,76.7647,52.2381],"geometry":{"coordinates":[[[76.7647,52.235],[76.7641,52.2358],[76.7613,52.2381],[76.7527,52.2337],[76.7533,52.2331],[76.7533,52.2331],[76.7533,52.2331],[76.7533,52.2331],[76.7533,52.2331],[76.7533,52.2331],[76.7534,52.233],[76.7534,52.233],[76.754,52.2316],[76.7647,52.235]]],"type":"MultiLineString"},"geometry_name":"shape","id":"gp_red_lines.fid--7752831e_19fb67eabdc_49b1","properties":{"area":null,"creation_doc_id":3464,"deactivation_doc_id":null,"id":2551919},"type":"Feature"},{"bbox":[76.7475,52.2473,76.7532,52.2515],"geometry":{"coordinates":[[[76.7532,52.2506],[76.7508,52.2515],[76.7475,52.2482],[76.75,52.2473],[76.7532,52.2506]]],"type":"MultiLineString"},"geometry_name":"shape","id":"gp_red_lines.fid--7752831e_19fb67eabdc_49b2","properties":{"area":null,"creation_doc_id":3464,"deactivation_doc_id":null,"id":2551920},"type":"Feature"},{"bbox":[76.7429,52.2458,76.7468,52.249],"geometry":{"coordinates":[[[76.7429,52.2477],[76.7442,52.2458],[76.7446,52.2459],[76.7468,52.2481],[76.7443,52.249],[76.7429,52.2477]]],"type":"MultiLineString"},"geometry_name":"shape","id":"gp_red_lines.fid--7752831e_19fb67eabdc_49b3","properties":{"area":null,"creation_doc_id":3464,"deactivation_doc_id":null,"id":2551921},"type":"Feature"},{"bbox":[76.7414,52.2431,76.7497,52.2479],"geometry":{"coordinates":[[[76.7497,52.247],[76.7472,52.2479],[76.745,52.2457],[76.745,52.2457],[76.7449,52.2456],[76.7449,52.2456],[76.7449,52.2456],[76.7449,52.2456],[76.7449,52.2456],[76.7414,52.2446],[76.7418,52.2441],[76.7418,52.2441],[76.7418,52.2441],[76.7418,52.2441],[76.7418,52.2441],[76.7418,52.244],[76.7418,52.244],[76.742,52.2439],[76.7422,52.2438],[76.7424,52.2437],[76.7426,52.2436],[76.7428,52.2435],[76.743,52.2434],[76.7432,52.2434],[76.7434,52.2433],[76.7437,52.2433],[76.7439,52.2432],[76.7441,52.2432],[76.7444,52.2432],[76.7446,52.2431],[76.7449,52.2431],[76.7451,52.2431],[76.7454,52.2431],[76.7456,52.2432],[76.7459,52.2432],[76.746,52.2432],[76.7497,52.247]]],"type":"MultiLineString"},"geometry_name":"shape","id":"gp_red_lines.fid--7752831e_19fb67eabdc_49b4","properties":{"area":null,"creation_doc_id":3464,"deactivation_doc_id":null,"id":2551922},"type":"Feature"},{"bbox":[76.7354,52.2436,76.7407,52.2466],"geometry":{"coordinates":[[[76.7368,52.2436],[76.7407,52.2448],[76.7394,52.2466],[76.7354,52.2455],[76.7368,52.2436]]],"type":"MultiLineString"},"geometry_name":"shape","id":"gp_red_lines.fid--7752831e_19fb67eabdc_49b5","properties":{"area":null,"creation_doc_id":3464,"deactivation_doc_id":null,"id":2551923},"type":"Feature"},{"bbox":[76.734,52.2458,76.7392,52.2488],"geometry":{"coordinates":[[[76.7352,52.2458],[76.7392,52.2469],[76.7378,52.2488],[76.7343,52.2478],[76.7343,52.2478],[76.7343,52.2478],[76.7342,52.2477],[76.7342,52.2477],[76.7342,52.2477],[76.7341,52.2477],[76.7341,52.2477],[76.7341,52.2477],[76.7341,52.2476],[76.7341,52.2476],[76.734,52.2476],[76.734,52.2476],[76.734,52.2475],[76.734,52.2475],[76.734,52.2475],[76.734,52.2475],[76.734,52.2475],[76.734,52.2474],[76.734,52.2474],[76.734,52.2474],[76.734,52.2474],[76.734,52.2473],[76.734,52.2473],[76.734,52.2473],[76.7352,52.2458]]],"type":"MultiLineString"},"geometry_name":"shape","id":"gp_red_lines.fid--7752831e_19fb67eabdc_49b6","properties":{"area":null,"creation_doc_id":3464,"deactivation_doc_id":null,"id":2551924},"type":"Feature"},{"bbox":[76.7399,52.2449,76.7438,52.2474],"geometry":{"coordinates":[[[76.7438,52.2456],[76.7424,52.2474],[76.7399,52.2467],[76.7412,52.2449],[76.7438,52.2456]]],"type":"MultiLineString"},"geometry_name":"shape","id":"gp_red_lines.fid--7752831e_19fb67eabdc_49b7","properties":{"area":null,"creation_doc_id":3464,"deactivation_doc_id":null,"id":2551925},"type":"Feature"},{"bbox":[76.7383,52.247,76.7438,52.2499],"geometry":{"coordinates":[[[76.7383,52.2489],[76.7396,52.247],[76.7424,52.2478],[76.7438,52.2492],[76.7418,52.2499],[76.7383,52.2489]]],"type":"MultiLineString"},"geometry_name":"shape","id":"gp_red_lines.fid--7752831e_19fb67eabdc_49b8","properties":{"area":null,"creation_doc_id":3464,"deactivation_doc_id":null,"id":2551926},"type":"Feature"},{"bbox":[76.7273,52.2346,76.7353,52.2391],"geometry":{"coordinates":[[[76.729,52.2346],[76.7353,52.2373],[76.7334,52.2391],[76.7275,52.2366],[76.7275,52.2366],[76.7274,52.2366],[76.7274,52.2366],[76.7274,52.2365],[76.7274,52.2365],[76.7273,52.2365],[76.7273,52.2365],[76.7273,52.2364],[76.7273,52.2364],[76.7273,52.2364],[76.7273,52.2364],[76.7273,52.2363],[76.7273,52.2363],[76.7273,52.2363],[76.7273,52.2362],[76.7273,52.2362],[76.7273,52.2362],[76.7273,52.2362],[76.7274,52.2361],[76.7274,52.2361],[76.7274,52.2361],[76.7274,52.2361],[76.7274,52.2361],[76.7274,52.2361],[76.7274,52.2361],[76.729,52.2346]]],"type":"MultiLineString"},"geometry_name":"shape","id":"gp_red_lines.fid--7752831e_19fb67eabdc_49b9","properties":{"area":null,"creation_doc_id":3464,"deactivation_doc_id":null,"id":2551927},"type":"Feature"},{"bbox":[76.7328,52.2336,76.737,52.2359],"geometry":{"coordinates":[[[76.7328,52.2345],[76.7338,52.2336],[76.737,52.235],[76.736,52.2359],[76.7328,52.2345]]],"type":"MultiLineString"},"geometry_name":"shape","id":"gp_red_lines.fid--7752831e_19fb67eabdc_49ba","properties":{"area":null,"creation_doc_id":3464,"deactivation_doc_id":null,"id":2551928},"type":"Feature"},{"bbox":[76.7378,52.2336,76.7419,52.2361],"geometry":{"coordinates":[[[76.7419,52.2349],[76.7406,52.2361],[76.7378,52.2349],[76.7391,52.2336],[76.7419,52.2349]]],"type":"MultiLineString"},"geometry_name":"shape","id":"gp_red_lines.fid--7752831e_19fb67eabdc_49bb","properties":{"area":null,"creation_doc_id":3464,"deactivation_doc_id":null,"id":2551929},"type":"Feature"},{"bbox":[76.7365,52.2352,76.7403,52.2373],"geometry":{"coordinates":[[[76.7365,52.2361],[76.7375,52.2352],[76.7403,52.2364],[76.7393,52.2373],[76.7365,52.2361]]],"type":"MultiLineString"},"geometry_name":"shape","id":"gp_red_lines.fid--7752831e_19fb67eabdc_49bc","properties":{"area":null,"creation_doc_id":3464,"deactivation_doc_id":null,"id":2551930},"type":"Feature"},{"bbox":[76.7319,52.2375,76.742,52.2445],"geometry":{"coordinates":[[[76.7337,52.2394],[76.7358,52.2375],[76.737,52.238],[76.737,52.238],[76.741,52.2397],[76.7412,52.2399],[76.7414,52.2402],[76.7416,52.2405],[76.7417,52.2407],[76.7418,52.241],[76.7419,52.2413],[76.742,52.2416],[76.742,52.2419],[76.742,52.2422],[76.7419,52.2425],[76.7419,52.2428],[76.7418,52.2431],[76.7416,52.2434],[76.7415,52.2437],[76.7413,52.244],[76.7409,52.2445],[76.7368,52.2432],[76.7322,52.2418],[76.7322,52.2418],[76.7322,52.2418],[76.7322,52.2418],[76.7322,52.2418],[76.7321,52.2418],[76.7321,52.2417],[76.7321,52.2417],[76.7321,52.2417],[76.732,52.2417],[76.732,52.2417],[76.732,52.2417],[76.732,52.2417],[76.732,52.2416],[76.7319,52.2416],[76.7319,52.2416],[76.7319,52.2416],[76.7319,52.2416],[76.7319,52.2416],[76.7319,52.2415],[76.7319,52.2415],[76.7319,52.2415],[76.7319,52.2415],[76.7319,52.2415],[76.7319,52.2414],[76.7319,52.2414],[76.7319,52.2414],[76.7319,52.2414],[76.7319,52.2414],[76.7319,52.2414],[76.7321,52.2412],[76.7321,52.2412],[76.7337,52.2394],[76.7337,52.2394],[76.7337,52.2394],[76.7337,52.2394],[76.7337,52.2394],[76.7337,52.2394],[76.7337,52.2394]]],"type":"MultiLineString"},"geometry_name":"shape","id":"gp_red_lines.fid--7752831e_19fb67eabdc_49bd","properties":{"area":null,"creation_doc_id":3464,"deactivation_doc_id":null,"id":2551931},"type":"Feature"},{"bbox":[76.7397,52.2351,76.7466,52.2384],"geometry":{"coordinates":[[[76.7433,52.2384],[76.743,52.2384],[76.7428,52.2384],[76.7425,52.2384],[76.7423,52.2384],[76.742,52.2383],[76.7418,52.2383],[76.7416,52.2382],[76.7397,52.2375],[76.7409,52.2364],[76.7409,52.2364],[76.7409,52.2364],[76.7409,52.2364],[76.7423,52.2351],[76.7466,52.237],[76.7459,52.2377],[76.7457,52.2378],[76.7455,52.2379],[76.7453,52.238],[76.7451,52.238],[76.7449,52.2381],[76.7447,52.2382],[76.7445,52.2382],[76.7442,52.2383],[76.744,52.2383],[76.7438,52.2384],[76.7435,52.2384],[76.7433,52.2384]]],"type":"MultiLineString"},"geometry_name":"shape","id":"gp_red_lines.fid--7752831e_19fb67eabdc_49be","properties":{"area":null,"creation_doc_id":3464,"deactivation_doc_id":null,"id":2551932},"type":"Feature"},{"bbox":[76.7341,52.232,76.7387,52.2347],"geometry":{"coordinates":[[[76.7387,52.2334],[76.7373,52.2347],[76.7341,52.2333],[76.7355,52.232],[76.7387,52.2334]]],"type":"MultiLineString"},"geometry_name":"shape","id":"gp_red_lines.fid--7752831e_19fb67eabdc_49bf","properties":{"area":null,"creation_doc_id":3464,"deactivation_doc_id":null,"id":2551933},"type":"Feature"},{"bbox":[76.7294,52.2301,76.7351,52.2331],"geometry":{"coordinates":[[[76.7351,52.2318],[76.7337,52.2331],[76.7294,52.2313],[76.7303,52.2304],[76.7303,52.2304],[76.7303,52.2304],[76.7303,52.2304],[76.7303,52.2304],[76.7304,52.2304],[76.7304,52.2303],[76.7304,52.2303],[76.7305,52.2303],[76.7305,52.2303],[76.7306,52.2302],[76.7306,52.2302],[76.7307,52.2302],[76.7307,52.2302],[76.7308,52.2302],[76.7309,52.2302],[76.7309,52.2301],[76.731,52.2301],[76.731,52.2301],[76.7311,52.2301],[76.7312,52.2301],[76.7312,52.2301],[76.7313,52.2301],[76.7314,52.2301],[76.7314,52.2302],[76.7315,52.2302],[76.7315,52.2302],[76.7316,52.2302],[76.7316,52.2302],[76.7317,52.2302],[76.7317,52.2303],[76.7318,52.2303],[76.7318,52.2303],[76.7318,52.2303],[76.7318,52.2303],[76.7318,52.2303],[76.7351,52.2318]]],"type":"MultiLineString"},"geometry_name":"shape","id":"gp_red_lines.fid--7752831e_19fb67eabdc_49c0","properties":{"area":null,"creation_doc_id":3464,"deactivation_doc_id":null,"id":2551934},"type":"Feature"},{"bbox":[76.728,52.2316,76.7334,52.2344],"geometry":{"coordinates":[[[76.7291,52.2316],[76.7334,52.2334],[76.7324,52.2344],[76.728,52.2325],[76.7291,52.2316]]],"type":"MultiLineString"},"geometry_name":"shape","id":"gp_red_lines.fid--7752831e_19fb67eabdc_49c1","properties":{"area":null,"creation_doc_id":3464,"deactivation_doc_id":null,"id":2551935},"type":"Feature"},{"bbox":[76.7398,52.2539,76.7542,52.2636],"geometry":{"coordinates":[[[76.7449,52.2541],[76.7454,52.2539],[76.7455,52.254],[76.7455,52.254],[76.7455,52.254],[76.7455,52.254],[76.7455,52.254],[76.7456,52.254],[76.7456,52.254],[76.7501,52.255],[76.7542,52.259],[76.7502,52.2605],[76.7502,52.2605],[76.7502,52.2605],[76.7502,52.2605],[76.7501,52.2606],[76.7501,52.2606],[76.7501,52.2606],[76.7479,52.2636],[76.7398,52.261],[76.7449,52.2541]]],"type":"MultiLineString"},"geometry_name":"shape","id":"gp_red_lines.fid--7752831e_19fb67eabdc_49c2","properties":{"area":null,"creation_doc_id":3464,"deactivation_doc_id":null,"id":2551936},"type":"Feature"},{"bbox":[76.7316,52.2492,76.7451,52.2608],"geometry":{"coordinates":[[[76.738,52.2492],[76.7416,52.2502],[76.7451,52.2536],[76.7446,52.2538],[76.7446,52.2538],[76.7445,52.2538],[76.7445,52.2538],[76.7445,52.2538],[76.7445,52.2538],[76.7445,52.2538],[76.7393,52.2608],[76.7361,52.2598],[76.7361,52.2598],[76.7361,52.2598],[76.7361,52.2598],[76.7361,52.2598],[76.7361,52.2598],[76.7323,52.2586],[76.7323,52.2586],[76.7323,52.2586],[76.7323,52.2586],[76.7322,52.2585],[76.7321,52.2585],[76.7321,52.2585],[76.732,52.2585],[76.732,52.2585],[76.7319,52.2585],[76.7319,52.2584],[76.7319,52.2584],[76.7318,52.2584],[76.7318,52.2584],[76.7318,52.2583],[76.7317,52.2583],[76.7317,52.2583],[76.7317,52.2582],[76.7317,52.2582],[76.7316,52.2582],[76.7316,52.2581],[76.7316,52.2581],[76.7316,52.2581],[76.7316,52.258],[76.7316,52.258],[76.7316,52.258],[76.7316,52.2579],[76.7316,52.2579],[76.7316,52.2579],[76.7317,52.2578],[76.738,52.2492]]],"type":"MultiLineString"},"geometry_name":"shape","id":"gp_red_lines.fid--7752831e_19fb67eabdc_49c3","properties":{"area":null,"creation_doc_id":3464,"deactivation_doc_id":null,"id":2551937},"type":"Feature"},{"bbox":[76.7422,52.2494,76.7475,52.2534],"geometry":{"coordinates":[[[76.7441,52.2494],[76.7475,52.2527],[76.7456,52.2534],[76.7422,52.2501],[76.7441,52.2494]]],"type":"MultiLineString"},"geometry_name":"shape","id":"gp_red_lines.fid--7752831e_19fb67eabdc_49c4","properties":{"area":null,"creation_doc_id":3464,"deactivation_doc_id":null,"id":2551938},"type":"Feature"},{"bbox":[76.7446,52.2484,76.7504,52.2525],"geometry":{"coordinates":[[[76.7446,52.2493],[76.7471,52.2484],[76.7504,52.2517],[76.748,52.2525],[76.7446,52.2493]]],"type":"MultiLineString"},"geometry_name":"shape","id":"gp_red_lines.fid--7752831e_19fb67eabdc_49c5","properties":{"area":null,"creation_doc_id":3464,"deactivation_doc_id":null,"id":2551939},"type":"Feature"},{"bbox":[76.7593,52.2476,76.7666,52.2536],"geometry":{"coordinates":[[[76.7666,52.2486],[76.765,52.2504],[76.765,52.2504],[76.7644,52.2536],[76.7639,52.2534],[76.7593,52.2487],[76.7617,52.2479],[76.7617,52.2479],[76.7621,52.2477],[76.7621,52.2477],[76.7621,52.2477],[76.7622,52.2477],[76.7622,52.2477],[76.7623,52.2477],[76.7623,52.2476],[76.7624,52.2476],[76.7625,52.2476],[76.7625,52.2476],[76.7626,52.2476],[76.7626,52.2476],[76.7627,52.2476],[76.7627,52.2476],[76.7628,52.2476],[76.7629,52.2476],[76.7655,52.2483],[76.7666,52.2486]]],"type":"MultiLineString"},"geometry_name":"shape","id":"gp_red_lines.fid--7752831e_19fb67eabdc_49c6","properties":{"area":null,"creation_doc_id":3464,"deactivation_doc_id":null,"id":2551940},"type":"Feature"},{"bbox":[76.7551,52.2489,76.7644,52.2564],"geometry":{"coordinates":[[[76.7589,52.2489],[76.7635,52.2537],[76.7635,52.2537],[76.7635,52.2537],[76.7644,52.2539],[76.7643,52.254],[76.7637,52.2555],[76.7612,52.2564],[76.7551,52.2503],[76.7589,52.2489]]],"type":"MultiLineString"},"geometry_name":"shape","id":"gp_red_lines.fid--7752831e_19fb67eabdc_49c7","properties":{"area":null,"creation_doc_id":3464,"deactivation_doc_id":null,"id":2551941},"type":"Feature"},{"bbox":[76.7615,52.2541,76.7691,52.2589],"geometry":{"coordinates":[[[76.7622,52.2574],[76.7615,52.2567],[76.7642,52.2557],[76.7642,52.2557],[76.7642,52.2557],[76.7649,52.2541],[76.7691,52.2553],[76.766,52.2589],[76.7622,52.2574]]],"type":"MultiLineString"},"geometry_name":"shape","id":"gp_red_lines.fid--7752831e_19fb67eabdc_49c8","properties":{"area":null,"creation_doc_id":3464,"deactivation_doc_id":null,"id":2551942},"type":"Feature"},{"bbox":[76.7511,52.2509,76.7596,52.2579],"geometry":{"coordinates":[[[76.7596,52.2571],[76.7572,52.2579],[76.7511,52.2518],[76.7535,52.2509],[76.7596,52.2571]]],"type":"MultiLineString"},"geometry_name":"shape","id":"gp_red_lines.fid--7752831e_19fb67eabdc_49c9","properties":{"area":null,"creation_doc_id":3464,"deactivation_doc_id":null,"id":2551943},"type":"Feature"},{"bbox":[76.7459,52.252,76.7568,52.2589],"geometry":{"coordinates":[[[76.748,52.2529],[76.7506,52.252],[76.7568,52.2581],[76.7547,52.2589],[76.7505,52.2548],[76.7505,52.2548],[76.7504,52.2548],[76.7504,52.2548],[76.7504,52.2548],[76.7504,52.2548],[76.7504,52.2548],[76.7459,52.2537],[76.7459,52.2537],[76.748,52.2529],[76.748,52.2529],[76.748,52.2529],[76.748,52.2529],[76.748,52.2529]]],"type":"MultiLineString"},"geometry_name":"shape","id":"gp_red_lines.fid--7752831e_19fb67eabdc_49ca","properties":{"area":null,"creation_doc_id":3464,"deactivation_doc_id":null,"id":2551944},"type":"Feature"},{"bbox":[76.7484,52.2593,76.7627,52.2673],"geometry":{"coordinates":[[[76.7506,52.2608],[76.7545,52.2593],[76.7566,52.2614],[76.7566,52.2614],[76.7567,52.2614],[76.7567,52.2614],[76.7567,52.2614],[76.7567,52.2614],[76.7567,52.2614],[76.7627,52.2633],[76.7597,52.2673],[76.7484,52.2637],[76.7506,52.2608]]],"type":"MultiLineString"},"geometry_name":"shape","id":"gp_red_lines.fid--7752831e_19fb67eabdc_49cb","properties":{"area":null,"creation_doc_id":3464,"deactivation_doc_id":null,"id":2551945},"type":"Feature"},{"bbox":[76.755,52.2584,76.7639,52.263],"geometry":{"coordinates":[[[76.755,52.2591],[76.757,52.2584],[76.7586,52.2599],[76.7586,52.2599],[76.7587,52.26],[76.7587,52.26],[76.7587,52.26],[76.7587,52.26],[76.7587,52.26],[76.7639,52.2617],[76.7629,52.263],[76.757,52.2611],[76.755,52.2591]]],"type":"MultiLineString"},"geometry_name":"shape","id":"gp_red_lines.fid--7752831e_19fb67eabdc_49cc","properties":{"area":null,"creation_doc_id":3464,"deactivation_doc_id":null,"id":2551946},"type":"Feature"},{"bbox":[76.7575,52.2573,76.7652,52.2614],"geometry":{"coordinates":[[[76.7652,52.26],[76.7641,52.2614],[76.759,52.2597],[76.7575,52.2582],[76.7598,52.2573],[76.7607,52.2583],[76.7607,52.2583],[76.7608,52.2583],[76.7608,52.2583],[76.7609,52.2584],[76.761,52.2584],[76.7611,52.2585],[76.7611,52.2585],[76.7652,52.26]]],"type":"MultiLineString"},"geometry_name":"shape","id":"gp_red_lines.fid--7752831e_19fb67eabdc_49cd","properties":{"area":null,"creation_doc_id":3464,"deactivation_doc_id":null,"id":2551947},"type":"Feature"},{"bbox":[76.7646,52.2602,76.7705,52.2633],"geometry":{"coordinates":[[[76.7693,52.2633],[76.7646,52.2615],[76.7656,52.2602],[76.7705,52.262],[76.7693,52.2633]]],"type":"MultiLineString"},"geometry_name":"shape","id":"gp_red_lines.fid--7752831e_19fb67eabdc_49ce","properties":{"area":null,"creation_doc_id":3464,"deactivation_doc_id":null,"id":2551948},"type":"Feature"},{"bbox":[76.7634,52.2618,76.769,52.2648],"geometry":{"coordinates":[[[76.7634,52.2632],[76.7644,52.2618],[76.769,52.2635],[76.7678,52.2648],[76.7634,52.2632]]],"type":"MultiLineString"},"geometry_name":"shape","id":"gp_red_lines.fid--7752831e_19fb67eabdc_49cf","properties":{"area":null,"creation_doc_id":3464,"deactivation_doc_id":null,"id":2551949},"type":"Feature"},{"bbox":[76.7683,52.2622,76.7795,52.2676],"geometry":{"coordinates":[[[76.7782,52.2667],[76.7756,52.2676],[76.7683,52.2649],[76.7709,52.2622],[76.7795,52.2654],[76.7782,52.2667]]],"type":"MultiLineString"},"geometry_name":"shape","id":"gp_red_lines.fid--7752831e_19fb67eabdc_49d0","properties":{"area":null,"creation_doc_id":3464,"deactivation_doc_id":null,"id":2551950},"type":"Feature"},{"bbox":[76.7665,52.2555,76.7876,52.2653],"geometry":{"coordinates":[[[76.7831,52.2653],[76.7665,52.2591],[76.7695,52.2555],[76.772,52.2562],[76.7749,52.2574],[76.7749,52.2574],[76.7753,52.2576],[76.7876,52.2627],[76.7876,52.2628],[76.7864,52.2646],[76.7862,52.2647],[76.7859,52.2648],[76.7855,52.2649],[76.7852,52.265],[76.7848,52.2651],[76.7845,52.2652],[76.7841,52.2652],[76.7837,52.2653],[76.7833,52.2653],[76.7831,52.2653]]],"type":"MultiLineString"},"geometry_name":"shape","id":"gp_red_lines.fid--7752831e_19fb67eabdc_49d1","properties":{"area":null,"creation_doc_id":3464,"deactivation_doc_id":null,"id":2551951},"type":"Feature"},{"bbox":[76.7698,52.2509,76.7887,52.2624],"geometry":{"coordinates":[[[76.7723,52.256],[76.7698,52.2552],[76.7734,52.2509],[76.778,52.253],[76.7784,52.2532],[76.788,52.2575],[76.7882,52.2576],[76.7887,52.2606],[76.7887,52.2607],[76.7887,52.2607],[76.7887,52.2609],[76.7887,52.261],[76.7887,52.2612],[76.7887,52.2613],[76.7886,52.2614],[76.7885,52.2616],[76.7884,52.2618],[76.7879,52.2624],[76.7876,52.2623],[76.7876,52.2623],[76.7756,52.2573],[76.7751,52.2571],[76.7751,52.2571],[76.7723,52.256],[76.7723,52.256],[76.7723,52.256]]],"type":"MultiLineString"},"geometry_name":"shape","id":"gp_red_lines.fid--7752831e_19fb67eabdc_49d2","properties":{"area":null,"creation_doc_id":3464,"deactivation_doc_id":null,"id":2551952},"type":"Feature"},{"bbox":[76.7649,52.2488,76.773,52.2551],"geometry":{"coordinates":[[[76.7693,52.2551],[76.7649,52.2537],[76.7655,52.2505],[76.767,52.2488],[76.773,52.2508],[76.7693,52.2551]]],"type":"MultiLineString"},"geometry_name":"shape","id":"gp_red_lines.fid--7752831e_19fb67eabdc_49d3","properties":{"area":null,"creation_doc_id":3464,"deactivation_doc_id":null,"id":2551953},"type":"Feature"},{"bbox":[76.7673,52.2466,76.7881,52.2571],"geometry":{"coordinates":[[[76.7782,52.2527],[76.7734,52.2505],[76.7734,52.2505],[76.7734,52.2505],[76.7673,52.2485],[76.7689,52.2466],[76.7793,52.2513],[76.7793,52.2513],[76.7797,52.2514],[76.7857,52.2542],[76.7857,52.2542],[76.7857,52.2542],[76.7857,52.2542],[76.7857,52.2542],[76.7857,52.2542],[76.7857,52.2542],[76.7857,52.2542],[76.7857,52.2542],[76.7858,52.2542],[76.7858,52.2542],[76.7858,52.2542],[76.7858,52.2542],[76.7858,52.2542],[76.7858,52.2542],[76.7858,52.2542],[76.7858,52.2542],[76.7858,52.2542],[76.7858,52.2542],[76.7859,52.2542],[76.7859,52.2542],[76.7859,52.2542],[76.7859,52.2542],[76.7876,52.2542],[76.788,52.2566],[76.788,52.2566],[76.7881,52.2571],[76.7881,52.2571],[76.7787,52.2529],[76.7787,52.2529],[76.7782,52.2527]]],"type":"MultiLineString"},"geometry_name":"shape","id":"gp_red_lines.fid--7752831e_19fb67eabdc_49d4","properties":{"area":null,"creation_doc_id":3464,"deactivation_doc_id":null,"id":2551954},"type":"Feature"},{"bbox":[76.775,52.2671,76.7788,52.2728],"geometry":{"coordinates":[[[76.7759,52.2679],[76.7782,52.2671],[76.7788,52.2706],[76.7769,52.2728],[76.775,52.2722],[76.7763,52.2706],[76.7763,52.2706],[76.7763,52.2705],[76.7763,52.2705],[76.7763,52.2705],[76.7763,52.2705],[76.7763,52.2705],[76.7759,52.2679]]],"type":"MultiLineString"},"geometry_name":"shape","id":"gp_red_lines.fid--7752831e_19fb67eabdc_49d5","properties":{"area":null,"creation_doc_id":3464,"deactivation_doc_id":null,"id":2551955},"type":"Feature"},{"bbox":[76.7774,52.2655,76.7822,52.2737],"geometry":{"coordinates":[[[76.7793,52.2706],[76.7787,52.2669],[76.78,52.2655],[76.7808,52.2659],[76.7816,52.2662],[76.7818,52.2665],[76.782,52.2669],[76.7821,52.2674],[76.7821,52.2678],[76.7822,52.2683],[76.7821,52.2688],[76.782,52.2692],[76.7819,52.2697],[76.7817,52.2701],[76.7817,52.2701],[76.7817,52.2702],[76.7817,52.2702],[76.7817,52.2702],[76.7817,52.2702],[76.7813,52.2709],[76.7796,52.2737],[76.7786,52.2734],[76.7774,52.273],[76.7793,52.2707],[76.7793,52.2707],[76.7793,52.2706],[76.7793,52.2706],[76.7793,52.2706],[76.7793,52.2706],[76.7793,52.2706]]],"type":"MultiLineString"},"geometry_name":"shape","id":"gp_red_lines.fid--7752831e_19fb67eabdc_49d6","properties":{"area":null,"creation_doc_id":3464,"deactivation_doc_id":null,"id":2551956},"type":"Feature"},{"bbox":[76.7602,52.2635,76.7758,52.2721],"geometry":{"coordinates":[[[76.7602,52.2675],[76.7632,52.2635],[76.7753,52.2679],[76.7758,52.2705],[76.7745,52.2721],[76.7602,52.2675]]],"type":"MultiLineString"},"geometry_name":"shape","id":"gp_red_lines.fid--7752831e_19fb67eabdc_49d7","properties":{"area":null,"creation_doc_id":3464,"deactivation_doc_id":null,"id":2551957},"type":"Feature"},{"bbox":[76.9381,52.2519,76.9438,52.2556],"geometry":{"coordinates":[[[76.9381,52.2556],[76.9413,52.2519],[76.9429,52.2525],[76.9438,52.2528]]],"type":"MultiLineString"},"geometry_name":"shape","id":"gp_red_lines.fid--7752831e_19fb67eabdc_49d8","properties":{"area":null,"creation_doc_id":3464,"deactivation_doc_id":null,"id":2551958},"type":"Feature"},{"bbox":[76.9415,52.2516,76.944,52.2525],"geometry":{"coordinates":[[[76.944,52.2525],[76.9429,52.2522],[76.9415,52.2517],[76.9416,52.2516]]],"type":"MultiLineString"},"geometry_name":"shape","id":"gp_red_lines.fid--7752831e_19fb67eabdc_49d9","properties":{"area":null,"creation_doc_id":3464,"deactivation_doc_id":null,"id":2551959},"type":"Feature"},{"bbox":[76.9416,52.2516,76.9441,52.2524],"geometry":{"coordinates":[[[76.9416,52.2516],[76.9441,52.2524]]],"type":"MultiLineString"},"geometry_name":"shape","id":"gp_red_lines.fid--7752831e_19fb67eabdc_49da","properties":{"area":null,"creation_doc_id":3464,"deactivation_doc_id":null,"id":2551960},"type":"Feature"},{"bbox":[76.944,52.2525,76.9444,52.2526],"geometry":{"coordinates":[[[76.9444,52.2526],[76.944,52.2525]]],"type":"MultiLineString"},"geometry_name":"shape","id":"gp_red_lines.fid--7752831e_19fb67eabdc_49db","properties":{"area":null,"creation_doc_id":3464,"deactivation_doc_id":null,"id":2551961},"type":"Feature"},{"bbox":[76.9441,52.2524,76.9445,52.2525],"geometry":{"coordinates":[[[76.9441,52.2524],[76.9445,52.2525]]],"type":"MultiLineString"},"geometry_name":"shape","id":"gp_red_lines.fid--7752831e_19fb67eabdc_49dc","properties":{"area":null,"creation_doc_id":3464,"deactivation_doc_id":null,"id":2551962},"type":"Feature"},{"bbox":[76.9504,52.2491,76.9552,52.2542],"geometry":{"coordinates":[[[76.9552,52.2491],[76.9504,52.2542]]],"type":"MultiLineString"},"geometry_name":"shape","id":"gp_red_lines.fid--7752831e_19fb67eabdc_49dd","properties":{"area":null,"creation_doc_id":3464,"deactivation_doc_id":null,"id":2551963},"type":"Feature"},{"bbox":[76.9444,52.2526,76.9502,52.2545],"geometry":{"coordinates":[[[76.9502,52.2544],[76.9501,52.2545],[76.9482,52.2539],[76.9444,52.2526]]],"type":"MultiLineString"},"geometry_name":"shape","id":"gp_red_lines.fid--7752831e_19fb67eabdc_49de","properties":{"area":null,"creation_doc_id":3464,"deactivation_doc_id":null,"id":2551964},"type":"Feature"},{"bbox":[76.9445,52.2525,76.9502,52.2544],"geometry":{"coordinates":[[[76.9445,52.2525],[76.9502,52.2544]]],"type":"MultiLineString"},"geometry_name":"shape","id":"gp_red_lines.fid--7752831e_19fb67eabdc_49df","properties":{"area":null,"creation_doc_id":3464,"deactivation_doc_id":null,"id":2551965},"type":"Feature"},{"bbox":[76.9418,52.2513,76.9504,52.2542],"geometry":{"coordinates":[[[76.9504,52.2542],[76.9418,52.2513]]],"type":"MultiLineString"},"geometry_name":"shape","id":"gp_red_lines.fid--7752831e_19fb67eabdc_49e0","properties":{"area":null,"creation_doc_id":3464,"deactivation_doc_id":null,"id":2551966},"type":"Feature"},{"bbox":[76.9442,52.2529,76.9478,52.2541],"geometry":{"coordinates":[[[76.9442,52.2529],[76.9478,52.2541]]],"type":"MultiLineString"},"geometry_name":"shape","id":"gp_red_lines.fid--7752831e_19fb67eabdc_49e1","properties":{"area":null,"creation_doc_id":3464,"deactivation_doc_id":null,"id":2551967},"type":"Feature"},{"bbox":[76.9462,52.2541,76.9499,52.2573],"geometry":{"coordinates":[[[76.9478,52.2541],[76.9499,52.2548],[76.9493,52.2554],[76.9487,52.2559],[76.9475,52.2564],[76.9472,52.2565],[76.9472,52.2565],[76.9465,52.2569],[76.9465,52.2569],[76.9465,52.2569],[76.9462,52.2573],[76.9462,52.2573]]],"type":"MultiLineString"},"geometry_name":"shape","id":"gp_red_lines.fid--7752831e_19fb67eabdc_49e2","properties":{"area":null,"creation_doc_id":3464,"deactivation_doc_id":null,"id":2551968},"type":"Feature"},{"bbox":[76.951,52.2524,76.955,52.2559],"geometry":{"coordinates":[[[76.955,52.2528],[76.9548,52.2559],[76.951,52.2547],[76.9532,52.2524],[76.9539,52.2526],[76.9539,52.2526],[76.955,52.2528]]],"type":"MultiLineString"},"geometry_name":"shape","id":"gp_red_lines.fid--7752831e_19fb67eabdc_49e3","properties":{"area":null,"creation_doc_id":3464,"deactivation_doc_id":null,"id":2551969},"type":"Feature"},{"bbox":[76.9378,52.2559,76.9459,52.2576],"geometry":{"coordinates":[[[76.9378,52.2559],[76.9405,52.2567],[76.9406,52.2567],[76.9407,52.2567],[76.9408,52.2567],[76.9408,52.2567],[76.9414,52.2561],[76.9459,52.2576]]],"type":"MultiLineString"},"geometry_name":"shape","id":"gp_red_lines.fid--7752831e_19fb67eabdc_49e4","properties":{"area":null,"creation_doc_id":3464,"deactivation_doc_id":null,"id":2551970},"type":"Feature"},{"bbox":[76.9416,52.2558,76.9462,52.2573],"geometry":{"coordinates":[[[76.9462,52.2573],[76.9416,52.2558]]],"type":"MultiLineString"},"geometry_name":"shape","id":"gp_red_lines.fid--7752831e_19fb67eabdc_49e5","properties":{"area":null,"creation_doc_id":3464,"deactivation_doc_id":null,"id":2551971},"type":"Feature"},{"bbox":[76.9416,52.2529,76.9442,52.2558],"geometry":{"coordinates":[[[76.9416,52.2558],[76.9442,52.2529]]],"type":"MultiLineString"},"geometry_name":"shape","id":"gp_red_lines.fid--7752831e_19fb67eabdc_49e6","properties":{"area":null,"creation_doc_id":3464,"deactivation_doc_id":null,"id":2551972},"type":"Feature"},{"bbox":[76.9411,52.2528,76.9438,52.2557],"geometry":{"coordinates":[[[76.9438,52.2528],[76.9411,52.2557]]],"type":"MultiLineString"},"geometry_name":"shape","id":"gp_red_lines.fid--7752831e_19fb67eabdc_49e7","properties":{"area":null,"creation_doc_id":3464,"deactivation_doc_id":null,"id":2551973},"type":"Feature"},{"bbox":[76.9375,52.2555,76.9375,52.2556],"geometry":{"coordinates":[[[76.9375,52.2555],[76.9375,52.2556]]],"type":"MultiLineString"},"geometry_name":"shape","id":"gp_red_lines.fid--7752831e_19fb67eabdc_49e8","properties":{"area":null,"creation_doc_id":3464,"deactivation_doc_id":null,"id":2551974},"type":"Feature"},{"bbox":[76.9381,52.2556,76.9411,52.2564],"geometry":{"coordinates":[[[76.9411,52.2557],[76.9411,52.2557],[76.941,52.2558],[76.941,52.2558],[76.9405,52.2564],[76.9381,52.2556]]],"type":"MultiLineString"},"geometry_name":"shape","id":"gp_red_lines.fid--7752831e_19fb67eabdc_49e9","properties":{"area":null,"creation_doc_id":3464,"deactivation_doc_id":null,"id":2551975},"type":"Feature"},{"bbox":[76.9318,52.2559,76.9459,52.2672],"geometry":{"coordinates":[[[76.9459,52.2576],[76.9459,52.2576],[76.9458,52.2578],[76.9457,52.2579],[76.9457,52.2579],[76.9456,52.2581],[76.9456,52.2581],[76.9456,52.2582],[76.9456,52.2582],[76.9455,52.2584],[76.9455,52.2584],[76.9455,52.2587],[76.9455,52.2587],[76.9455,52.2589],[76.9455,52.259],[76.9454,52.2591],[76.9453,52.2593],[76.9452,52.2594],[76.9451,52.2595],[76.945,52.2597],[76.9448,52.2598],[76.9447,52.2599],[76.9445,52.2599],[76.9442,52.2601],[76.944,52.2601],[76.944,52.2601],[76.944,52.2601],[76.9437,52.2602],[76.9437,52.2602],[76.9435,52.2603],[76.9435,52.2603],[76.9433,52.2605],[76.9433,52.2605],[76.9432,52.2606],[76.9432,52.2606],[76.9432,52.2606],[76.9431,52.2607],[76.9431,52.2607],[76.943,52.2608],[76.943,52.2608],[76.943,52.261],[76.943,52.261],[76.9429,52.2612],[76.9429,52.2612],[76.9429,52.2612],[76.943,52.2613],[76.9429,52.2617],[76.9429,52.2617],[76.9428,52.2636],[76.9427,52.2647],[76.9424,52.2672],[76.9386,52.267],[76.9387,52.2656],[76.9387,52.2656],[76.9387,52.2656],[76.9387,52.2656],[76.9387,52.2656],[76.9379,52.2654],[76.9376,52.2654],[76.9345,52.2645],[76.9344,52.2643],[76.9319,52.2636],[76.9318,52.2625],[76.9356,52.2584],[76.9356,52.2584],[76.9378,52.2559]]],"type":"MultiLineString"},"geometry_name":"shape","id":"gp_red_lines.fid--7752831e_19fb67eabdc_49ea","properties":{"area":null,"creation_doc_id":3464,"deactivation_doc_id":null,"id":2551976},"type":"Feature"},{"bbox":[76.9437,52.2552,76.9546,52.2638],"geometry":{"coordinates":[[[76.9544,52.2584],[76.9538,52.2638],[76.9437,52.2634],[76.9438,52.2617],[76.9439,52.2613],[76.9439,52.2613],[76.9439,52.2613],[76.9439,52.2612],[76.9439,52.2611],[76.9439,52.261],[76.9439,52.2609],[76.944,52.2609],[76.9441,52.2608],[76.9441,52.2608],[76.9443,52.2607],[76.9444,52.2606],[76.9445,52.2606],[76.9446,52.2606],[76.9446,52.2606],[76.9448,52.2605],[76.9448,52.2605],[76.9448,52.2605],[76.9449,52.2605],[76.9451,52.2604],[76.9451,52.2604],[76.9453,52.2603],[76.9453,52.2603],[76.9455,52.2602],[76.9455,52.2601],[76.9457,52.26],[76.9457,52.26],[76.9459,52.2599],[76.9459,52.2599],[76.9459,52.2599],[76.946,52.2597],[76.946,52.2597],[76.9462,52.2595],[76.9462,52.2595],[76.9463,52.2593],[76.9463,52.2593],[76.9464,52.2591],[76.9464,52.2591],[76.9464,52.2589],[76.9464,52.2589],[76.9464,52.2587],[76.9464,52.2585],[76.9465,52.2583],[76.9466,52.258],[76.9466,52.258],[76.9468,52.2578],[76.9469,52.2576],[76.9469,52.2576],[76.9472,52.2573],[76.9476,52.257],[76.9479,52.2569],[76.9479,52.2569],[76.9494,52.2562],[76.9494,52.2562],[76.9501,52.2557],[76.9501,52.2557],[76.9501,52.2557],[76.9504,52.2554],[76.9504,52.2554],[76.9506,52.2552],[76.9544,52.2564],[76.9544,52.2564],[76.9545,52.2564],[76.9545,52.2564],[76.9545,52.2565],[76.9545,52.2565],[76.9545,52.2565],[76.9545,52.2565],[76.9546,52.2565],[76.9544,52.2584]]],"type":"MultiLineString"},"geometry_name":"shape","id":"gp_red_lines.fid--7752831e_19fb67eabdc_49eb","properties":{"area":null,"creation_doc_id":3464,"deactivation_doc_id":null,"id":2551977},"type":"Feature"},{"bbox":[76.9547,52.2567,76.9699,52.2644],"geometry":{"coordinates":[[[76.9691,52.2644],[76.9547,52.2637],[76.9554,52.2567],[76.9555,52.2567],[76.9555,52.2567],[76.9555,52.2567],[76.9555,52.2567],[76.9555,52.2567],[76.9555,52.2567],[76.9556,52.2567],[76.9556,52.2567],[76.9556,52.2567],[76.9556,52.2567],[76.9556,52.2567],[76.9556,52.2567],[76.9557,52.2567],[76.9557,52.2567],[76.9557,52.2567],[76.9557,52.2567],[76.9557,52.2567],[76.9557,52.2567],[76.9557,52.2567],[76.9557,52.2567],[76.9558,52.2567],[76.9558,52.2567],[76.9558,52.2567],[76.9558,52.2567],[76.9559,52.2567],[76.9559,52.2567],[76.9559,52.2567],[76.9559,52.2567],[76.9559,52.2567],[76.9559,52.2567],[76.9559,52.2567],[76.9559,52.2567],[76.956,52.2567],[76.956,52.2567],[76.956,52.2567],[76.956,52.2567],[76.956,52.2567],[76.9561,52.2567],[76.9561,52.2567],[76.9561,52.2567],[76.9561,52.2567],[76.9561,52.2567],[76.9561,52.2567],[76.9561,52.2567],[76.9562,52.2567],[76.9562,52.2567],[76.9562,52.2567],[76.9562,52.2567],[76.9562,52.2567],[76.9699,52.2571],[76.9691,52.2644]]],"type":"MultiLineString"},"geometry_name":"shape","id":"gp_red_lines.fid--7752831e_19fb67eabdc_49ec","properties":{"area":null,"creation_doc_id":3464,"deactivation_doc_id":null,"id":2551978},"type":"Feature"},{"bbox":[76.9554,52.2525,76.9656,52.2564],"geometry":{"coordinates":[[[76.9656,52.2528],[76.9653,52.2564],[76.9563,52.2562],[76.9563,52.2562],[76.9563,52.2562],[76.9562,52.2562],[76.9562,52.2562],[76.9561,52.2562],[76.9561,52.2562],[76.956,52.2561],[76.956,52.2561],[76.9559,52.2561],[76.9559,52.2561],[76.9558,52.2561],[76.9558,52.2561],[76.9557,52.2561],[76.9557,52.2561],[76.9556,52.2561],[76.9556,52.2561],[76.9555,52.2561],[76.9555,52.2561],[76.9554,52.2561],[76.9554,52.2561],[76.9554,52.2561],[76.9554,52.2559],[76.9556,52.2528],[76.9559,52.2527],[76.957,52.2525],[76.9571,52.2525],[76.9621,52.2526],[76.9656,52.2528]]],"type":"MultiLineString"},"geometry_name":"shape","id":"gp_red_lines.fid--7752831e_19fb67eabdc_49ed","properties":{"area":null,"creation_doc_id":3464,"deactivation_doc_id":null,"id":2551979},"type":"Feature"},{"bbox":[76.9534,52.2477,76.9673,52.2525],"geometry":{"coordinates":[[[76.9647,52.2488],[76.9673,52.2502],[76.966,52.2511],[76.966,52.2511],[76.9659,52.2513],[76.9659,52.2513],[76.9658,52.2515],[76.9658,52.2515],[76.9657,52.2525],[76.9621,52.2523],[76.9621,52.2523],[76.9573,52.2521],[76.9573,52.2521],[76.9573,52.2521],[76.9568,52.2522],[76.9568,52.2522],[76.9557,52.2524],[76.9557,52.2524],[76.9553,52.2525],[76.9553,52.2525],[76.9553,52.2525],[76.9553,52.2525],[76.9552,52.2525],[76.9542,52.2523],[76.9534,52.2521],[76.9558,52.2496],[76.9558,52.2496],[76.9558,52.2496],[76.9559,52.2495],[76.956,52.2494],[76.9562,52.2493],[76.9563,52.2492],[76.9564,52.2491],[76.9566,52.249],[76.9567,52.249],[76.9573,52.2487],[76.9575,52.2487],[76.9575,52.2487],[76.9576,52.2486],[76.9588,52.2483],[76.9594,52.2481],[76.9598,52.248],[76.9602,52.2479],[76.9607,52.2478],[76.9613,52.2477],[76.9617,52.2477],[76.9621,52.2477],[76.9623,52.2478],[76.9625,52.2478],[76.9626,52.2478],[76.9628,52.2478],[76.963,52.2479],[76.9632,52.2479],[76.9633,52.248],[76.9635,52.248],[76.9636,52.2481],[76.9638,52.2482],[76.9639,52.2483],[76.9645,52.2487],[76.9645,52.2487],[76.9647,52.2488]]],"type":"MultiLineString"},"geometry_name":"shape","id":"gp_red_lines.fid--7752831e_19fb67eabdc_49ee","properties":{"area":null,"creation_doc_id":3464,"deactivation_doc_id":null,"id":2551980},"type":"Feature"},{"bbox":[76.9658,52.2504,76.971,52.2565],"geometry":{"coordinates":[[[76.9658,52.2564],[76.9662,52.2527],[76.9663,52.2515],[76.9665,52.2513],[76.9677,52.2504],[76.971,52.2522],[76.9708,52.2524],[76.9708,52.2524],[76.9706,52.2529],[76.9706,52.2529],[76.9704,52.2534],[76.9704,52.2534],[76.97,52.2565],[76.97,52.2565],[76.9658,52.2564]]],"type":"MultiLineString"},"geometry_name":"shape","id":"gp_red_lines.fid--7752831e_19fb67eabdc_49ef","properties":{"area":null,"creation_doc_id":3464,"deactivation_doc_id":null,"id":2551981},"type":"Feature"},{"bbox":[76.9718,52.2567,76.9719,52.2572],"geometry":{"coordinates":[[[76.9719,52.2567],[76.9718,52.2572]]],"type":"MultiLineString"},"geometry_name":"shape","id":"gp_red_lines.fid--7752831e_19fb67eabdc_49f0","properties":{"area":null,"creation_doc_id":3464,"deactivation_doc_id":null,"id":2551982},"type":"Feature"},{"bbox":[76.9718,52.2572,76.9757,52.2574],"geometry":{"coordinates":[[[76.9718,52.2572],[76.9718,52.2572],[76.9757,52.2574]]],"type":"MultiLineString"},"geometry_name":"shape","id":"gp_red_lines.fid--7752831e_19fb67eabdc_49f1","properties":{"area":null,"creation_doc_id":3464,"deactivation_doc_id":null,"id":2551983},"type":"Feature"},{"bbox":[76.9757,52.2574,76.9762,52.2574],"geometry":{"coordinates":[[[76.9757,52.2574],[76.9762,52.2574]]],"type":"MultiLineString"},"geometry_name":"shape","id":"gp_red_lines.fid--7752831e_19fb67eabdc_49f2","properties":{"area":null,"creation_doc_id":3464,"deactivation_doc_id":null,"id":2551984},"type":"Feature"},{"bbox":[76.9719,52.2567,76.9849,52.2572],"geometry":{"coordinates":[[[76.9849,52.2572],[76.9719,52.2567]]],"type":"MultiLineString"},"geometry_name":"shape","id":"gp_red_lines.fid--7752831e_19fb67eabdc_49f3","properties":{"area":null,"creation_doc_id":3464,"deactivation_doc_id":null,"id":2551985},"type":"Feature"},{"bbox":[76.9762,52.2574,76.9849,52.2578],"geometry":{"coordinates":[[[76.9762,52.2574],[76.9849,52.2578]]],"type":"MultiLineString"},"geometry_name":"shape","id":"gp_red_lines.fid--7752831e_19fb67eabdc_49f4","properties":{"area":null,"creation_doc_id":3464,"deactivation_doc_id":null,"id":2551986},"type":"Feature"},{"bbox":[76.9719,52.2461,76.9872,52.2572],"geometry":{"coordinates":[[[76.9719,52.2567],[76.9721,52.2551],[76.9723,52.2536],[76.9724,52.2532],[76.9726,52.2529],[76.973,52.2525],[76.9749,52.2514],[76.9752,52.2512],[76.9752,52.2512],[76.9772,52.2497],[76.9826,52.2461],[76.9872,52.2485],[76.986,52.2494],[76.986,52.2494],[76.986,52.2494],[76.9859,52.2495],[76.9859,52.2495],[76.9857,52.2516],[76.9856,52.2519],[76.9856,52.2519],[76.9853,52.2539],[76.9849,52.2572]]],"type":"MultiLineString"},"geometry_name":"shape","id":"gp_red_lines.fid--7752831e_19fb67eabdc_49f5","properties":{"area":null,"creation_doc_id":3464,"deactivation_doc_id":null,"id":2551987},"type":"Feature"},{"bbox":[76.9849,52.2572,76.9849,52.2578],"geometry":{"coordinates":[[[76.9849,52.2578],[76.9849,52.2578],[76.9849,52.2572]]],"type":"MultiLineString"},"geometry_name":"shape","id":"gp_red_lines.fid--7752831e_19fb67eabdc_49f6","properties":{"area":null,"creation_doc_id":3464,"deactivation_doc_id":null,"id":2551988},"type":"Feature"},{"bbox":[76.9886,52.2654,76.9891,52.2658],"geometry":{"coordinates":[[[76.9891,52.2654],[76.9889,52.2654],[76.9888,52.2654],[76.9887,52.2655],[76.9886,52.2655],[76.9886,52.2658]]],"type":"MultiLineString"},"geometry_name":"shape","id":"gp_red_lines.fid--7752831e_19fb67eabdc_49f7","properties":{"area":null,"creation_doc_id":3464,"deactivation_doc_id":null,"id":2551989},"type":"Feature"},{"bbox":[76.9755,52.2578,76.9849,52.265],"geometry":{"coordinates":[[[76.9849,52.2578],[76.9841,52.265],[76.9755,52.2646]]],"type":"MultiLineString"},"geometry_name":"shape","id":"gp_red_lines.fid--7752831e_19fb67eabdc_49f8","properties":{"area":null,"creation_doc_id":3464,"deactivation_doc_id":null,"id":2551990},"type":"Feature"},{"bbox":[76.9755,52.2574,76.9762,52.2646],"geometry":{"coordinates":[[[76.9755,52.2646],[76.9762,52.2574]]],"type":"MultiLineString"},"geometry_name":"shape","id":"gp_red_lines.fid--7752831e_19fb67eabdc_49f9","properties":{"area":null,"creation_doc_id":3464,"deactivation_doc_id":null,"id":2551991},"type":"Feature"},{"bbox":[76.971,52.2572,76.9757,52.2646],"geometry":{"coordinates":[[[76.9757,52.2574],[76.9749,52.2646],[76.971,52.2644],[76.9718,52.2572]]],"type":"MultiLineString"},"geometry_name":"shape","id":"gp_red_lines.fid--7752831e_19fb67eabdc_49fa","properties":{"area":null,"creation_doc_id":3464,"deactivation_doc_id":null,"id":2551992},"type":"Feature"},{"bbox":[76.9706,52.2689,76.9745,52.269],"geometry":{"coordinates":[[[76.9706,52.2689],[76.9745,52.269]]],"type":"MultiLineString"},"geometry_name":"shape","id":"gp_red_lines.fid--7752831e_19fb67eabdc_49fb","properties":{"area":null,"creation_doc_id":3464,"deactivation_doc_id":null,"id":2551993},"type":"Feature"},{"bbox":[76.9706,52.2683,76.9706,52.2689],"geometry":{"coordinates":[[[76.9706,52.2683],[76.9706,52.2689]]],"type":"MultiLineString"},"geometry_name":"shape","id":"gp_red_lines.fid--7752831e_19fb67eabdc_49fc","properties":{"area":null,"creation_doc_id":3464,"deactivation_doc_id":null,"id":2551994},"type":"Feature"},{"bbox":[76.9698,52.2689,76.9745,52.2759],"geometry":{"coordinates":[[[76.9745,52.269],[76.9737,52.2759],[76.9698,52.2757],[76.9706,52.2689]]],"type":"MultiLineString"},"geometry_name":"shape","id":"gp_red_lines.fid--7752831e_19fb67eabdc_49fd","properties":{"area":null,"creation_doc_id":3464,"deactivation_doc_id":null,"id":2551995},"type":"Feature"},{"bbox":[76.9743,52.2691,76.9836,52.2762],"geometry":{"coordinates":[[[76.9836,52.2694],[76.983,52.2749],[76.9828,52.2762],[76.9796,52.276],[76.9796,52.276],[76.9781,52.276],[76.9781,52.276],[76.9743,52.2759],[76.975,52.2691]]],"type":"MultiLineString"},"geometry_name":"shape","id":"gp_red_lines.fid--7752831e_19fb67eabdc_49fe","properties":{"area":null,"creation_doc_id":3464,"deactivation_doc_id":null,"id":2551996},"type":"Feature"},{"bbox":[76.9841,52.2714,76.9843,52.2739],"geometry":{"coordinates":[[[76.9841,52.2739],[76.9843,52.2714]]],"type":"MultiLineString"},"geometry_name":"shape","id":"gp_red_lines.fid--7752831e_19fb67eabdc_49ff","properties":{"area":null,"creation_doc_id":3464,"deactivation_doc_id":null,"id":2551997},"type":"Feature"},{"bbox":[76.9836,52.2688,76.9837,52.2694],"geometry":{"coordinates":[[[76.9836,52.2694],[76.9837,52.2688]]],"type":"MultiLineString"},"geometry_name":"shape","id":"gp_red_lines.fid--7752831e_19fb67eabdc_4a00","properties":{"area":null,"creation_doc_id":3464,"deactivation_doc_id":null,"id":2551998},"type":"Feature"},{"bbox":[76.975,52.2691,76.9836,52.2694],"geometry":{"coordinates":[[[76.975,52.2691],[76.9836,52.2694]]],"type":"MultiLineString"},"geometry_name":"shape","id":"gp_red_lines.fid--7752831e_19fb67eabdc_4a01","properties":{"area":null,"creation_doc_id":3464,"deactivation_doc_id":null,"id":2551999},"type":"Feature"},{"bbox":[76.9706,52.2683,76.9837,52.2688],"geometry":{"coordinates":[[[76.9837,52.2688],[76.9706,52.2683]]],"type":"MultiLineString"},"geometry_name":"shape","id":"gp_red_lines.fid--7752831e_19fb67eabdc_4a02","properties":{"area":null,"creation_doc_id":3464,"deactivation_doc_id":null,"id":2552000},"type":"Feature"},{"bbox":[76.9706,52.265,76.984,52.2688],"geometry":{"coordinates":[[[76.9706,52.2683],[76.971,52.265],[76.9749,52.2652],[76.9745,52.2685],[76.975,52.2685],[76.9754,52.2652],[76.984,52.2655],[76.9837,52.2688]]],"type":"MultiLineString"},"geometry_name":"shape","id":"gp_red_lines.fid--7752831e_19fb67eabdc_4a03","properties":{"area":null,"creation_doc_id":3464,"deactivation_doc_id":null,"id":2552001},"type":"Feature"},{"bbox":[76.9844,52.2657,76.9886,52.271],"geometry":{"coordinates":[[[76.9844,52.271],[76.9849,52.2657],[76.9886,52.2658],[76.9886,52.2658]]],"type":"MultiLineString"},"geometry_name":"shape","id":"gp_red_lines.fid--7752831e_19fb67eabdc_4a04","properties":{"area":null,"creation_doc_id":3464,"deactivation_doc_id":null,"id":2552002},"type":"Feature"},{"bbox":[76.9889,52.2674,76.9891,52.2693],"geometry":{"coordinates":[[[76.9889,52.2693],[76.9891,52.2674]]],"type":"MultiLineString"},"geometry_name":"shape","id":"gp_red_lines.fid--7752831e_19fb67eabdc_4a05","properties":{"area":null,"creation_doc_id":3464,"deactivation_doc_id":null,"id":2552003},"type":"Feature"},{"bbox":[76.9881,52.2658,76.9886,52.2713],"geometry":{"coordinates":[[[76.9886,52.2658],[76.9881,52.2713]]],"type":"MultiLineString"},"geometry_name":"shape","id":"gp_red_lines.fid--7752831e_19fb67eabdc_4a06","properties":{"area":null,"creation_doc_id":3464,"deactivation_doc_id":null,"id":2552004},"type":"Feature"},{"bbox":[76.9889,52.2676,76.9933,52.2695],"geometry":{"coordinates":[[[76.9933,52.2676],[76.9931,52.2695],[76.9889,52.2693]]],"type":"MultiLineString"},"geometry_name":"shape","id":"gp_red_lines.fid--7752831e_19fb67eabdc_4a07","properties":{"area":null,"creation_doc_id":3464,"deactivation_doc_id":null,"id":2552005},"type":"Feature"},{"bbox":[76.9891,52.2674,76.9933,52.2676],"geometry":{"coordinates":[[[76.9891,52.2674],[76.9933,52.2676]]],"type":"MultiLineString"},"geometry_name":"shape","id":"gp_red_lines.fid--7752831e_19fb67eabdc_4a08","properties":{"area":null,"creation_doc_id":3464,"deactivation_doc_id":null,"id":2552006},"type":"Feature"},{"bbox":[76.9891,52.2672,76.9933,52.2674],"geometry":{"coordinates":[[[76.9933,52.2674],[76.9891,52.2672]]],"type":"MultiLineString"},"geometry_name":"shape","id":"gp_red_lines.fid--7752831e_19fb67eabdc_4a09","properties":{"area":null,"creation_doc_id":3464,"deactivation_doc_id":null,"id":2552007},"type":"Feature"},{"bbox":[76.9891,52.2658,76.9892,52.2672],"geometry":{"coordinates":[[[76.9891,52.2672],[76.9892,52.2658]]],"type":"MultiLineString"},"geometry_name":"shape","id":"gp_red_lines.fid--7752831e_19fb67eabdc_4a0a","properties":{"area":null,"creation_doc_id":3464,"deactivation_doc_id":null,"id":2552008},"type":"Feature"},{"bbox":[76.9886,52.2658,76.9892,52.2658],"geometry":{"coordinates":[[[76.9886,52.2658],[76.9892,52.2658],[76.9892,52.2658],[76.9892,52.2658]]],"type":"MultiLineString"},"geometry_name":"shape","id":"gp_red_lines.fid--7752831e_19fb67eabdc_4a0b","properties":{"area":null,"creation_doc_id":3464,"deactivation_doc_id":null,"id":2552009},"type":"Feature"},{"bbox":[76.9891,52.2654,76.9892,52.2658],"geometry":{"coordinates":[[[76.9892,52.2658],[76.9892,52.2656],[76.9892,52.2656],[76.9892,52.2655],[76.9891,52.2654]]],"type":"MultiLineString"},"geometry_name":"shape","id":"gp_red_lines.fid--7752831e_19fb67eabdc_4a0c","properties":{"area":null,"creation_doc_id":3464,"deactivation_doc_id":null,"id":2552010},"type":"Feature"},{"bbox":[76.9892,52.2658,76.9934,52.266],"geometry":{"coordinates":[[[76.9892,52.2658],[76.9912,52.2659],[76.9934,52.266]]],"type":"MultiLineString"},"geometry_name":"shape","id":"gp_red_lines.fid--7752831e_19fb67eabdc_4a0d","properties":{"area":null,"creation_doc_id":3464,"deactivation_doc_id":null,"id":2552011},"type":"Feature"},{"bbox":[76.9933,52.266,76.9934,52.2674],"geometry":{"coordinates":[[[76.9934,52.266],[76.9933,52.2674]]],"type":"MultiLineString"},"geometry_name":"shape","id":"gp_red_lines.fid--7752831e_19fb67eabdc_4a0e","properties":{"area":null,"creation_doc_id":3464,"deactivation_doc_id":null,"id":2552012},"type":"Feature"},{"bbox":[76.9936,52.266,76.9937,52.2674],"geometry":{"coordinates":[[[76.9936,52.2674],[76.9937,52.266]]],"type":"MultiLineString"},"geometry_name":"shape","id":"gp_red_lines.fid--7752831e_19fb67eabdc_4a0f","properties":{"area":null,"creation_doc_id":3464,"deactivation_doc_id":null,"id":2552013},"type":"Feature"},{"bbox":[76.9936,52.2674,76.9979,52.2675],"geometry":{"coordinates":[[[76.9979,52.2675],[76.9971,52.2675],[76.9936,52.2674]]],"type":"MultiLineString"},"geometry_name":"shape","id":"gp_red_lines.fid--7752831e_19fb67eabdc_4a10","properties":{"area":null,"creation_doc_id":3464,"deactivation_doc_id":null,"id":2552014},"type":"Feature"},{"bbox":[76.9937,52.266,76.998,52.2662],"geometry":{"coordinates":[[[76.9937,52.266],[76.9977,52.2662],[76.9977,52.2662],[76.9977,52.2662],[76.998,52.2662]]],"type":"MultiLineString"},"geometry_name":"shape","id":"gp_red_lines.fid--7752831e_19fb67eabdc_4a11","properties":{"area":null,"creation_doc_id":3464,"deactivation_doc_id":null,"id":2552015},"type":"Feature"},{"bbox":[76.998,52.2662,76.9986,52.2662],"geometry":{"coordinates":[[[76.998,52.2662],[76.9983,52.2662],[76.9986,52.2662]]],"type":"MultiLineString"},"geometry_name":"shape","id":"gp_red_lines.fid--7752831e_19fb67eabdc_4a12","properties":{"area":null,"creation_doc_id":3464,"deactivation_doc_id":null,"id":2552016},"type":"Feature"},{"bbox":[76.9985,52.2662,76.9986,52.2676],"geometry":{"coordinates":[[[76.9985,52.2676],[76.9986,52.2662]]],"type":"MultiLineString"},"geometry_name":"shape","id":"gp_red_lines.fid--7752831e_19fb67eabdc_4a13","properties":{"area":null,"creation_doc_id":3464,"deactivation_doc_id":null,"id":2552017},"type":"Feature"},{"bbox":[76.9979,52.2662,76.998,52.2675],"geometry":{"coordinates":[[[76.998,52.2662],[76.9979,52.2675]]],"type":"MultiLineString"},"geometry_name":"shape","id":"gp_red_lines.fid--7752831e_19fb67eabdc_4a14","properties":{"area":null,"creation_doc_id":3464,"deactivation_doc_id":null,"id":2552018},"type":"Feature"},{"bbox":[76.9982,52.2678,76.9984,52.2697],"geometry":{"coordinates":[[[76.9982,52.2697],[76.9984,52.2678]]],"type":"MultiLineString"},"geometry_name":"shape","id":"gp_red_lines.fid--7752831e_19fb67eabdc_4a15","properties":{"area":null,"creation_doc_id":3464,"deactivation_doc_id":null,"id":2552019},"type":"Feature"},{"bbox":[76.9976,52.2677,76.9978,52.2696],"geometry":{"coordinates":[[[76.9978,52.2677],[76.9976,52.2696]]],"type":"MultiLineString"},"geometry_name":"shape","id":"gp_red_lines.fid--7752831e_19fb67eabdc_4a16","properties":{"area":null,"creation_doc_id":3464,"deactivation_doc_id":null,"id":2552020},"type":"Feature"},{"bbox":[76.9934,52.2676,76.9976,52.2696],"geometry":{"coordinates":[[[76.9976,52.2696],[76.9934,52.2695],[76.9936,52.2676]]],"type":"MultiLineString"},"geometry_name":"shape","id":"gp_red_lines.fid--7752831e_19fb67eabdc_4a17","properties":{"area":null,"creation_doc_id":3464,"deactivation_doc_id":null,"id":2552021},"type":"Feature"},{"bbox":[76.9936,52.2676,76.9978,52.2677],"geometry":{"coordinates":[[[76.9936,52.2676],[76.997,52.2677],[76.9978,52.2677]]],"type":"MultiLineString"},"geometry_name":"shape","id":"gp_red_lines.fid--7752831e_19fb67eabdc_4a18","properties":{"area":null,"creation_doc_id":3464,"deactivation_doc_id":null,"id":2552022},"type":"Feature"},{"bbox":[76.9932,52.2696,76.9976,52.2715],"geometry":{"coordinates":[[[76.9932,52.2715],[76.9934,52.2696],[76.9976,52.2698]]],"type":"MultiLineString"},"geometry_name":"shape","id":"gp_red_lines.fid--7752831e_19fb67eabdc_4a19","properties":{"area":null,"creation_doc_id":3464,"deactivation_doc_id":null,"id":2552023},"type":"Feature"},{"bbox":[76.9976,52.2696,76.9976,52.2698],"geometry":{"coordinates":[[[76.9976,52.2696],[76.9976,52.2698]]],"type":"MultiLineString"},"geometry_name":"shape","id":"gp_red_lines.fid--7752831e_19fb67eabdc_4a1a","properties":{"area":null,"creation_doc_id":3464,"deactivation_doc_id":null,"id":2552024},"type":"Feature"},{"bbox":[76.9982,52.2697,76.9982,52.2698],"geometry":{"coordinates":[[[76.9982,52.2698],[76.9982,52.2697]]],"type":"MultiLineString"},"geometry_name":"shape","id":"gp_red_lines.fid--7752831e_19fb67eabdc_4a1b","properties":{"area":null,"creation_doc_id":3464,"deactivation_doc_id":null,"id":2552025},"type":"Feature"},{"bbox":[76.9982,52.2697,77.0014,52.2698],"geometry":{"coordinates":[[[77.0014,52.2698],[76.9982,52.2697]]],"type":"MultiLineString"},"geometry_name":"shape","id":"gp_red_lines.fid--7752831e_19fb67eabdc_4a1c","properties":{"area":null,"creation_doc_id":3464,"deactivation_doc_id":null,"id":2552026},"type":"Feature"},{"bbox":[76.9982,52.2698,77.0014,52.27],"geometry":{"coordinates":[[[76.9982,52.2698],[77.0014,52.27]]],"type":"MultiLineString"},"geometry_name":"shape","id":"gp_red_lines.fid--7752831e_19fb67eabdc_4a1d","properties":{"area":null,"creation_doc_id":3464,"deactivation_doc_id":null,"id":2552027},"type":"Feature"},{"bbox":[76.998,52.2698,76.9982,52.2717],"geometry":{"coordinates":[[[76.998,52.2717],[76.9982,52.2698]]],"type":"MultiLineString"},"geometry_name":"shape","id":"gp_red_lines.fid--7752831e_19fb67eabdc_4a1e","properties":{"area":null,"creation_doc_id":3464,"deactivation_doc_id":null,"id":2552028},"type":"Feature"},{"bbox":[76.9974,52.2698,76.9976,52.2717],"geometry":{"coordinates":[[[76.9976,52.2698],[76.9974,52.2717]]],"type":"MultiLineString"},"geometry_name":"shape","id":"gp_red_lines.fid--7752831e_19fb67eabdc_4a1f","properties":{"area":null,"creation_doc_id":3464,"deactivation_doc_id":null,"id":2552029},"type":"Feature"},{"bbox":[76.998,52.2717,77.0012,52.2718],"geometry":{"coordinates":[[[77.0012,52.2718],[76.998,52.2717],[76.998,52.2717]]],"type":"MultiLineString"},"geometry_name":"shape","id":"gp_red_lines.fid--7752831e_19fb67eabdc_4a20","properties":{"area":null,"creation_doc_id":3464,"deactivation_doc_id":null,"id":2552030},"type":"Feature"},{"bbox":[76.9979,52.2721,77.0012,52.2722],"geometry":{"coordinates":[[[76.9979,52.2721],[76.9979,52.2721],[77.0012,52.2722]]],"type":"MultiLineString"},"geometry_name":"shape","id":"gp_red_lines.fid--7752831e_19fb67eabdc_4a21","properties":{"area":null,"creation_doc_id":3464,"deactivation_doc_id":null,"id":2552031},"type":"Feature"},{"bbox":[76.9977,52.2721,76.9979,52.2743],"geometry":{"coordinates":[[[76.9977,52.2743],[76.9979,52.2721]]],"type":"MultiLineString"},"geometry_name":"shape","id":"gp_red_lines.fid--7752831e_19fb67eabdc_4a22","properties":{"area":null,"creation_doc_id":3464,"deactivation_doc_id":null,"id":2552032},"type":"Feature"},{"bbox":[76.9971,52.272,76.9973,52.2743],"geometry":{"coordinates":[[[76.9973,52.272],[76.9971,52.2743]]],"type":"MultiLineString"},"geometry_name":"shape","id":"gp_red_lines.fid--7752831e_19fb67eabdc_4a23","properties":{"area":null,"creation_doc_id":3464,"deactivation_doc_id":null,"id":2552033},"type":"Feature"},{"bbox":[76.993,52.2719,76.9971,52.2743],"geometry":{"coordinates":[[[76.9971,52.2743],[76.993,52.2742],[76.9932,52.2719]]],"type":"MultiLineString"},"geometry_name":"shape","id":"gp_red_lines.fid--7752831e_19fb67eabdc_4a24","properties":{"area":null,"creation_doc_id":3464,"deactivation_doc_id":null,"id":2552034},"type":"Feature"},{"bbox":[76.9932,52.2719,76.9973,52.272],"geometry":{"coordinates":[[[76.9932,52.2719],[76.9973,52.272]]],"type":"MultiLineString"},"geometry_name":"shape","id":"gp_red_lines.fid--7752831e_19fb67eabdc_4a25","properties":{"area":null,"creation_doc_id":3464,"deactivation_doc_id":null,"id":2552035},"type":"Feature"},{"bbox":[76.9932,52.2715,76.9974,52.2717],"geometry":{"coordinates":[[[76.9974,52.2717],[76.9974,52.2717],[76.9932,52.2715]]],"type":"MultiLineString"},"geometry_name":"shape","id":"gp_red_lines.fid--7752831e_19fb67eabdc_4a26","properties":{"area":null,"creation_doc_id":3464,"deactivation_doc_id":null,"id":2552036},"type":"Feature"},{"bbox":[76.9884,52.2719,76.9929,52.2741],"geometry":{"coordinates":[[[76.9929,52.2719],[76.9927,52.2741],[76.9884,52.274]]],"type":"MultiLineString"},"geometry_name":"shape","id":"gp_red_lines.fid--7752831e_19fb67eabdc_4a27","properties":{"area":null,"creation_doc_id":3464,"deactivation_doc_id":null,"id":2552037},"type":"Feature"},{"bbox":[76.9884,52.2717,76.9886,52.274],"geometry":{"coordinates":[[[76.9884,52.274],[76.9886,52.2717]]],"type":"MultiLineString"},"geometry_name":"shape","id":"gp_red_lines.fid--7752831e_19fb67eabdc_4a28","properties":{"area":null,"creation_doc_id":3464,"deactivation_doc_id":null,"id":2552038},"type":"Feature"},{"bbox":[76.9886,52.2717,76.9902,52.2718],"geometry":{"coordinates":[[[76.9886,52.2717],[76.9902,52.2718]]],"type":"MultiLineString"},"geometry_name":"shape","id":"gp_red_lines.fid--7752831e_19fb67eabdc_4a29","properties":{"area":null,"creation_doc_id":3464,"deactivation_doc_id":null,"id":2552039},"type":"Feature"},{"bbox":[76.9902,52.2718,76.9929,52.2719],"geometry":{"coordinates":[[[76.9902,52.2718],[76.9929,52.2719]]],"type":"MultiLineString"},"geometry_name":"shape","id":"gp_red_lines.fid--7752831e_19fb67eabdc_4a2a","properties":{"area":null,"creation_doc_id":3464,"deactivation_doc_id":null,"id":2552040},"type":"Feature"},{"bbox":[76.9887,52.2713,76.9929,52.2715],"geometry":{"coordinates":[[[76.9929,52.2715],[76.9887,52.2713]]],"type":"MultiLineString"},"geometry_name":"shape","id":"gp_red_lines.fid--7752831e_19fb67eabdc_4a2b","properties":{"area":null,"creation_doc_id":3464,"deactivation_doc_id":null,"id":2552041},"type":"Feature"},{"bbox":[76.9889,52.2695,76.9931,52.2715],"geometry":{"coordinates":[[[76.9889,52.2695],[76.9931,52.2696],[76.9929,52.2715]]],"type":"MultiLineString"},"geometry_name":"shape","id":"gp_red_lines.fid--7752831e_19fb67eabdc_4a2c","properties":{"area":null,"creation_doc_id":3464,"deactivation_doc_id":null,"id":2552042},"type":"Feature"},{"bbox":[76.9887,52.2695,76.9889,52.2713],"geometry":{"coordinates":[[[76.9887,52.2713],[76.9889,52.2695]]],"type":"MultiLineString"},"geometry_name":"shape","id":"gp_red_lines.fid--7752831e_19fb67eabdc_4a2d","properties":{"area":null,"creation_doc_id":3464,"deactivation_doc_id":null,"id":2552043},"type":"Feature"},{"bbox":[76.988,52.2713,76.9881,52.2713],"geometry":{"coordinates":[[[76.9881,52.2713],[76.988,52.2713],[76.988,52.2713]]],"type":"MultiLineString"},"geometry_name":"shape","id":"gp_red_lines.fid--7752831e_19fb67eabdc_4a2e","properties":{"area":null,"creation_doc_id":3464,"deactivation_doc_id":null,"id":2552044},"type":"Feature"},{"bbox":[76.9844,52.271,76.988,52.2713],"geometry":{"coordinates":[[[76.988,52.2713],[76.9844,52.271],[76.9844,52.271]]],"type":"MultiLineString"},"geometry_name":"shape","id":"gp_red_lines.fid--7752831e_19fb67eabdc_4a2f","properties":{"area":null,"creation_doc_id":3464,"deactivation_doc_id":null,"id":2552045},"type":"Feature"},{"bbox":[76.9878,52.2717,76.988,52.274],"geometry":{"coordinates":[[[76.988,52.2717],[76.988,52.2717],[76.988,52.2717],[76.988,52.2717],[76.988,52.2717],[76.9878,52.274]]],"type":"MultiLineString"},"geometry_name":"shape","id":"gp_red_lines.fid--7752831e_19fb67eabdc_4a30","properties":{"area":null,"creation_doc_id":3464,"deactivation_doc_id":null,"id":2552046},"type":"Feature"},{"bbox":[76.984,52.274,76.9878,52.2742],"geometry":{"coordinates":[[[76.984,52.274],[76.9846,52.2741],[76.9878,52.2742]]],"type":"MultiLineString"},"geometry_name":"shape","id":"gp_red_lines.fid--7752831e_19fb67eabdc_4a31","properties":{"area":null,"creation_doc_id":3464,"deactivation_doc_id":null,"id":2552047},"type":"Feature"},{"bbox":[76.9841,52.2739,76.9878,52.274],"geometry":{"coordinates":[[[76.9878,52.274],[76.9841,52.2739]]],"type":"MultiLineString"},"geometry_name":"shape","id":"gp_red_lines.fid--7752831e_19fb67eabdc_4a32","properties":{"area":null,"creation_doc_id":3464,"deactivation_doc_id":null,"id":2552048},"type":"Feature"},{"bbox":[76.9878,52.274,76.9878,52.2742],"geometry":{"coordinates":[[[76.9878,52.274],[76.9878,52.2742]]],"type":"MultiLineString"},"geometry_name":"shape","id":"gp_red_lines.fid--7752831e_19fb67eabdc_4a33","properties":{"area":null,"creation_doc_id":3464,"deactivation_doc_id":null,"id":2552049},"type":"Feature"},{"bbox":[76.9881,52.2755,76.9883,52.2777],"geometry":{"coordinates":[[[76.9881,52.2777],[76.9883,52.2755]]],"type":"MultiLineString"},"geometry_name":"shape","id":"gp_red_lines.fid--7752831e_19fb67eabdc_4a34","properties":{"area":null,"creation_doc_id":3464,"deactivation_doc_id":null,"id":2552050},"type":"Feature"},{"bbox":[76.9874,52.2742,76.9878,52.2777],"geometry":{"coordinates":[[[76.9878,52.2742],[76.9874,52.2777]]],"type":"MultiLineString"},"geometry_name":"shape","id":"gp_red_lines.fid--7752831e_19fb67eabdc_4a35","properties":{"area":null,"creation_doc_id":3464,"deactivation_doc_id":null,"id":2552051},"type":"Feature"},{"bbox":[76.9883,52.2753,76.9883,52.2755],"geometry":{"coordinates":[[[76.9883,52.2755],[76.9883,52.2753]]],"type":"MultiLineString"},"geometry_name":"shape","id":"gp_red_lines.fid--7752831e_19fb67eabdc_4a36","properties":{"area":null,"creation_doc_id":3464,"deactivation_doc_id":null,"id":2552052},"type":"Feature"},{"bbox":[76.9883,52.2755,76.9928,52.2764],"geometry":{"coordinates":[[[76.9883,52.2755],[76.9926,52.2757],[76.9925,52.2764],[76.9928,52.2764]]],"type":"MultiLineString"},"geometry_name":"shape","id":"gp_red_lines.fid--7752831e_19fb67eabdc_4a37","properties":{"area":null,"creation_doc_id":3464,"deactivation_doc_id":null,"id":2552053},"type":"Feature"},{"bbox":[76.9883,52.2742,76.9927,52.2755],"geometry":{"coordinates":[[[76.9884,52.2742],[76.9927,52.2743],[76.9926,52.2755],[76.9883,52.2753]]],"type":"MultiLineString"},"geometry_name":"shape","id":"gp_red_lines.fid--7752831e_19fb67eabdc_4a38","properties":{"area":null,"creation_doc_id":3464,"deactivation_doc_id":null,"id":2552054},"type":"Feature"},{"bbox":[76.9883,52.2742,76.9884,52.2753],"geometry":{"coordinates":[[[76.9883,52.2753],[76.9884,52.2742]]],"type":"MultiLineString"},"geometry_name":"shape","id":"gp_red_lines.fid--7752831e_19fb67eabdc_4a39","properties":{"area":null,"creation_doc_id":3464,"deactivation_doc_id":null,"id":2552055},"type":"Feature"},{"bbox":[76.9884,52.274,76.9884,52.2742],"geometry":{"coordinates":[[[76.9884,52.2742],[76.9884,52.274]]],"type":"MultiLineString"},"geometry_name":"shape","id":"gp_red_lines.fid--7752831e_19fb67eabdc_4a3a","properties":{"area":null,"creation_doc_id":3464,"deactivation_doc_id":null,"id":2552056},"type":"Feature"},{"bbox":[76.9929,52.2743,76.9971,52.2756],"geometry":{"coordinates":[[[76.9967,52.2756],[76.9929,52.2755],[76.993,52.2743],[76.9971,52.2745]]],"type":"MultiLineString"},"geometry_name":"shape","id":"gp_red_lines.fid--7752831e_19fb67eabdc_4a3b","properties":{"area":null,"creation_doc_id":3464,"deactivation_doc_id":null,"id":2552057},"type":"Feature"},{"bbox":[76.9971,52.2743,76.9971,52.2745],"geometry":{"coordinates":[[[76.9971,52.2743],[76.9971,52.2744],[76.9971,52.2745]]],"type":"MultiLineString"},"geometry_name":"shape","id":"gp_red_lines.fid--7752831e_19fb67eabdc_4a3c","properties":{"area":null,"creation_doc_id":3464,"deactivation_doc_id":null,"id":2552058},"type":"Feature"},{"bbox":[76.9977,52.2743,77.001,52.2744],"geometry":{"coordinates":[[[77.001,52.2744],[76.9977,52.2743]]],"type":"MultiLineString"},"geometry_name":"shape","id":"gp_red_lines.fid--7752831e_19fb67eabdc_4a3d","properties":{"area":null,"creation_doc_id":3464,"deactivation_doc_id":null,"id":2552059},"type":"Feature"},{"bbox":[76.9977,52.2745,77.0009,52.2746],"geometry":{"coordinates":[[[76.9977,52.2745],[77.0009,52.2746]]],"type":"MultiLineString"},"geometry_name":"shape","id":"gp_red_lines.fid--7752831e_19fb67eabdc_4a3e","properties":{"area":null,"creation_doc_id":3464,"deactivation_doc_id":null,"id":2552060},"type":"Feature"},{"bbox":[76.9974,52.2745,76.9977,52.2757],"geometry":{"coordinates":[[[76.9974,52.2757],[76.9974,52.2755],[76.9974,52.2755],[76.9975,52.2755],[76.9975,52.2755],[76.9975,52.2754],[76.9975,52.2754],[76.9976,52.2753],[76.9976,52.2753],[76.9976,52.2752],[76.9976,52.2752],[76.9977,52.2746],[76.9977,52.2745],[76.9976,52.2745],[76.9977,52.2745],[76.9977,52.2745]]],"type":"MultiLineString"},"geometry_name":"shape","id":"gp_red_lines.fid--7752831e_19fb67eabdc_4a3f","properties":{"area":null,"creation_doc_id":3464,"deactivation_doc_id":null,"id":2552061},"type":"Feature"},{"bbox":[76.9977,52.2743,76.9977,52.2745],"geometry":{"coordinates":[[[76.9977,52.2745],[76.9977,52.2745],[76.9977,52.2743]]],"type":"MultiLineString"},"geometry_name":"shape","id":"gp_red_lines.fid--7752831e_19fb67eabdc_4a40","properties":{"area":null,"creation_doc_id":3464,"deactivation_doc_id":null,"id":2552062},"type":"Feature"},{"bbox":[76.9967,52.2745,76.9971,52.2756],"geometry":{"coordinates":[[[76.9971,52.2745],[76.9971,52.2745],[76.9971,52.2745],[76.9971,52.2745],[76.9971,52.2745],[76.997,52.2751],[76.997,52.2752],[76.997,52.2753],[76.9969,52.2753],[76.9969,52.2754],[76.9967,52.2756]]],"type":"MultiLineString"},"geometry_name":"shape","id":"gp_red_lines.fid--7752831e_19fb67eabdc_4a41","properties":{"area":null,"creation_doc_id":3464,"deactivation_doc_id":null,"id":2552063},"type":"Feature"},{"bbox":[76.9966,52.2756,76.9967,52.2758],"geometry":{"coordinates":[[[76.9967,52.2756],[76.9966,52.2758]]],"type":"MultiLineString"},"geometry_name":"shape","id":"gp_red_lines.fid--7752831e_19fb67eabdc_4a42","properties":{"area":null,"creation_doc_id":3464,"deactivation_doc_id":null,"id":2552064},"type":"Feature"},{"bbox":[76.9972,52.2757,76.9974,52.2758],"geometry":{"coordinates":[[[76.9972,52.2758],[76.9974,52.2757]]],"type":"MultiLineString"},"geometry_name":"shape","id":"gp_red_lines.fid--7752831e_19fb67eabdc_4a43","properties":{"area":null,"creation_doc_id":3464,"deactivation_doc_id":null,"id":2552065},"type":"Feature"},{"bbox":[76.9974,52.2757,77.0008,52.2758],"geometry":{"coordinates":[[[77.0008,52.2758],[76.9974,52.2757]]],"type":"MultiLineString"},"geometry_name":"shape","id":"gp_red_lines.fid--7752831e_19fb67eabdc_4a44","properties":{"area":null,"creation_doc_id":3464,"deactivation_doc_id":null,"id":2552066},"type":"Feature"},{"bbox":[76.9972,52.2758,77.0008,52.276],"geometry":{"coordinates":[[[76.9972,52.2758],[77.0008,52.276]]],"type":"MultiLineString"},"geometry_name":"shape","id":"gp_red_lines.fid--7752831e_19fb67eabdc_4a45","properties":{"area":null,"creation_doc_id":3464,"deactivation_doc_id":null,"id":2552067},"type":"Feature"},{"bbox":[76.9958,52.2758,76.9972,52.278],"geometry":{"coordinates":[[[76.9958,52.278],[76.9972,52.2758]]],"type":"MultiLineString"},"geometry_name":"shape","id":"gp_red_lines.fid--7752831e_19fb67eabdc_4a46","properties":{"area":null,"creation_doc_id":3464,"deactivation_doc_id":null,"id":2552068},"type":"Feature"},{"bbox":[76.9952,52.2758,76.9966,52.278],"geometry":{"coordinates":[[[76.9966,52.2758],[76.9952,52.278]]],"type":"MultiLineString"},"geometry_name":"shape","id":"gp_red_lines.fid--7752831e_19fb67eabdc_4a47","properties":{"area":null,"creation_doc_id":3464,"deactivation_doc_id":null,"id":2552069},"type":"Feature"},{"bbox":[76.9928,52.2757,76.9966,52.2764],"geometry":{"coordinates":[[[76.9928,52.2764],[76.9929,52.2757],[76.9966,52.2758]]],"type":"MultiLineString"},"geometry_name":"shape","id":"gp_red_lines.fid--7752831e_19fb67eabdc_4a48","properties":{"area":null,"creation_doc_id":3464,"deactivation_doc_id":null,"id":2552070},"type":"Feature"},{"bbox":[76.9915,52.278,76.995,52.2793],"geometry":{"coordinates":[[[76.9949,52.2793],[76.9945,52.2793],[76.9938,52.2793],[76.9915,52.2792],[76.9916,52.278],[76.995,52.2781]]],"type":"MultiLineString"},"geometry_name":"shape","id":"gp_red_lines.fid--7752831e_19fb67eabdc_4a49","properties":{"area":null,"creation_doc_id":3464,"deactivation_doc_id":null,"id":2552071},"type":"Feature"},{"bbox":[76.9949,52.2781,76.995,52.2793],"geometry":{"coordinates":[[[76.995,52.2781],[76.995,52.2782],[76.995,52.2782],[76.995,52.2783],[76.995,52.2784],[76.995,52.2785],[76.995,52.2785],[76.9949,52.2793]]],"type":"MultiLineString"},"geometry_name":"shape","id":"gp_red_lines.fid--7752831e_19fb67eabdc_4a4a","properties":{"area":null,"creation_doc_id":3464,"deactivation_doc_id":null,"id":2552072},"type":"Feature"},{"bbox":[76.9955,52.2782,76.9957,52.2793],"geometry":{"coordinates":[[[76.9955,52.2793],[76.9955,52.2785],[76.9956,52.2784],[76.9956,52.2783],[76.9956,52.2782],[76.9957,52.2782]]],"type":"MultiLineString"},"geometry_name":"shape","id":"gp_red_lines.fid--7752831e_19fb67eabdc_4a4b","properties":{"area":null,"creation_doc_id":3464,"deactivation_doc_id":null,"id":2552073},"type":"Feature"},{"bbox":[76.9957,52.278,76.9958,52.2782],"geometry":{"coordinates":[[[76.9957,52.2782],[76.9957,52.2781],[76.9957,52.2781],[76.9958,52.278]]],"type":"MultiLineString"},"geometry_name":"shape","id":"gp_red_lines.fid--7752831e_19fb67eabdc_4a4c","properties":{"area":null,"creation_doc_id":3464,"deactivation_doc_id":null,"id":2552074},"type":"Feature"},{"bbox":[76.995,52.278,76.9952,52.2781],"geometry":{"coordinates":[[[76.9952,52.278],[76.9951,52.278],[76.9951,52.2781],[76.9951,52.2781],[76.995,52.2781]]],"type":"MultiLineString"},"geometry_name":"shape","id":"gp_red_lines.fid--7752831e_19fb67eabdc_4a4d","properties":{"area":null,"creation_doc_id":3464,"deactivation_doc_id":null,"id":2552075},"type":"Feature"},{"bbox":[76.9958,52.278,77.0006,52.2782],"geometry":{"coordinates":[[[77.0006,52.2782],[76.9958,52.278]]],"type":"MultiLineString"},"geometry_name":"shape","id":"gp_red_lines.fid--7752831e_19fb67eabdc_4a4e","properties":{"area":null,"creation_doc_id":3464,"deactivation_doc_id":null,"id":2552076},"type":"Feature"},{"bbox":[76.9957,52.2782,77.0005,52.2783],"geometry":{"coordinates":[[[76.9957,52.2782],[77.0005,52.2783]]],"type":"MultiLineString"},"geometry_name":"shape","id":"gp_red_lines.fid--7752831e_19fb67eabdc_4a4f","properties":{"area":null,"creation_doc_id":3464,"deactivation_doc_id":null,"id":2552077},"type":"Feature"},{"bbox":[76.9954,52.2795,77.0004,52.2797],"geometry":{"coordinates":[[[76.9954,52.2795],[77.0004,52.2797]]],"type":"MultiLineString"},"geometry_name":"shape","id":"gp_red_lines.fid--7752831e_19fb67eabdc_4a50","properties":{"area":null,"creation_doc_id":3464,"deactivation_doc_id":null,"id":2552078},"type":"Feature"},{"bbox":[76.9955,52.2793,77.0004,52.2795],"geometry":{"coordinates":[[[77.0004,52.2795],[76.9955,52.2793]]],"type":"MultiLineString"},"geometry_name":"shape","id":"gp_red_lines.fid--7752831e_19fb67eabdc_4a51","properties":{"area":null,"creation_doc_id":3464,"deactivation_doc_id":null,"id":2552079},"type":"Feature"},{"bbox":[76.9947,52.2795,76.9949,52.2813],"geometry":{"coordinates":[[[76.9949,52.2795],[76.9947,52.2813]]],"type":"MultiLineString"},"geometry_name":"shape","id":"gp_red_lines.fid--7752831e_19fb67eabdc_4a52","properties":{"area":null,"creation_doc_id":3464,"deactivation_doc_id":null,"id":2552080},"type":"Feature"},{"bbox":[76.9952,52.2795,76.9954,52.2814],"geometry":{"coordinates":[[[76.9952,52.2814],[76.9954,52.2795]]],"type":"MultiLineString"},"geometry_name":"shape","id":"gp_red_lines.fid--7752831e_19fb67eabdc_4a53","properties":{"area":null,"creation_doc_id":3464,"deactivation_doc_id":null,"id":2552081},"type":"Feature"},{"bbox":[76.9954,52.2793,76.9955,52.2795],"geometry":{"coordinates":[[[76.9954,52.2795],[76.9955,52.2793]]],"type":"MultiLineString"},"geometry_name":"shape","id":"gp_red_lines.fid--7752831e_19fb67eabdc_4a54","properties":{"area":null,"creation_doc_id":3464,"deactivation_doc_id":null,"id":2552082},"type":"Feature"},{"bbox":[76.9949,52.2793,76.9949,52.2795],"geometry":{"coordinates":[[[76.9949,52.2793],[76.9949,52.2795]]],"type":"MultiLineString"},"geometry_name":"shape","id":"gp_red_lines.fid--7752831e_19fb67eabdc_4a55","properties":{"area":null,"creation_doc_id":3464,"deactivation_doc_id":null,"id":2552083},"type":"Feature"},{"bbox":[76.9913,52.2794,76.9949,52.2812],"geometry":{"coordinates":[[[76.9913,52.2812],[76.9915,52.2794],[76.9936,52.2795],[76.9943,52.2795],[76.9949,52.2795]]],"type":"MultiLineString"},"geometry_name":"shape","id":"gp_red_lines.fid--7752831e_19fb67eabdc_4a56","properties":{"area":null,"creation_doc_id":3464,"deactivation_doc_id":null,"id":2552084},"type":"Feature"},{"bbox":[76.991,52.2812,76.9913,52.2812],"geometry":{"coordinates":[[[76.991,52.2812],[76.9913,52.2812]]],"type":"MultiLineString"},"geometry_name":"shape","id":"gp_red_lines.fid--7752831e_19fb67eabdc_4a57","properties":{"area":null,"creation_doc_id":3464,"deactivation_doc_id":null,"id":2552085},"type":"Feature"},{"bbox":[76.9877,52.2811,76.991,52.2812],"geometry":{"coordinates":[[[76.991,52.2812],[76.9906,52.2812],[76.9905,52.2812],[76.9877,52.2811]]],"type":"MultiLineString"},"geometry_name":"shape","id":"gp_red_lines.fid--7752831e_19fb67eabdc_4a58","properties":{"area":null,"creation_doc_id":3464,"deactivation_doc_id":null,"id":2552086},"type":"Feature"},{"bbox":[76.9879,52.2793,76.9912,52.2812],"geometry":{"coordinates":[[[76.9879,52.2793],[76.9882,52.2793],[76.9912,52.2794],[76.991,52.2812]]],"type":"MultiLineString"},"geometry_name":"shape","id":"gp_red_lines.fid--7752831e_19fb67eabdc_4a59","properties":{"area":null,"creation_doc_id":3464,"deactivation_doc_id":null,"id":2552087},"type":"Feature"},{"bbox":[76.9881,52.2772,76.9952,52.278],"geometry":{"coordinates":[[[76.9952,52.278],[76.9916,52.2778],[76.9917,52.2772],[76.9914,52.2772],[76.9913,52.2778],[76.9881,52.2777]]],"type":"MultiLineString"},"geometry_name":"shape","id":"gp_red_lines.fid--7752831e_19fb67eabdc_4a5a","properties":{"area":null,"creation_doc_id":3464,"deactivation_doc_id":null,"id":2552088},"type":"Feature"},{"bbox":[76.9879,52.2779,76.9913,52.2792],"geometry":{"coordinates":[[[76.988,52.2779],[76.9913,52.278],[76.9912,52.2792],[76.9882,52.2791],[76.9879,52.2791]]],"type":"MultiLineString"},"geometry_name":"shape","id":"gp_red_lines.fid--7752831e_19fb67eabdc_4a5b","properties":{"area":null,"creation_doc_id":3464,"deactivation_doc_id":null,"id":2552089},"type":"Feature"},{"bbox":[76.9873,52.2779,76.9874,52.2791],"geometry":{"coordinates":[[[76.9874,52.2779],[76.9873,52.2791]]],"type":"MultiLineString"},"geometry_name":"shape","id":"gp_red_lines.fid--7752831e_19fb67eabdc_4a5c","properties":{"area":null,"creation_doc_id":3464,"deactivation_doc_id":null,"id":2552090},"type":"Feature"},{"bbox":[76.9879,52.2779,76.988,52.2791],"geometry":{"coordinates":[[[76.9879,52.2791],[76.988,52.2779]]],"type":"MultiLineString"},"geometry_name":"shape","id":"gp_red_lines.fid--7752831e_19fb67eabdc_4a5d","properties":{"area":null,"creation_doc_id":3464,"deactivation_doc_id":null,"id":2552091},"type":"Feature"},{"bbox":[76.9835,52.2775,76.9874,52.2777],"geometry":{"coordinates":[[[76.9874,52.2777],[76.9835,52.2775]]],"type":"MultiLineString"},"geometry_name":"shape","id":"gp_red_lines.fid--7752831e_19fb67eabdc_4a5e","properties":{"area":null,"creation_doc_id":3464,"deactivation_doc_id":null,"id":2552092},"type":"Feature"},{"bbox":[76.9835,52.2777,76.9874,52.2779],"geometry":{"coordinates":[[[76.9835,52.2777],[76.9874,52.2779]]],"type":"MultiLineString"},"geometry_name":"shape","id":"gp_red_lines.fid--7752831e_19fb67eabdc_4a5f","properties":{"area":null,"creation_doc_id":3464,"deactivation_doc_id":null,"id":2552093},"type":"Feature"},{"bbox":[76.9834,52.2789,76.9873,52.2791],"geometry":{"coordinates":[[[76.9873,52.2791],[76.9834,52.2789]]],"type":"MultiLineString"},"geometry_name":"shape","id":"gp_red_lines.fid--7752831e_19fb67eabdc_4a60","properties":{"area":null,"creation_doc_id":3464,"deactivation_doc_id":null,"id":2552094},"type":"Feature"},{"bbox":[76.9833,52.2791,76.9873,52.2792],"geometry":{"coordinates":[[[76.9833,52.2791],[76.9873,52.2792]]],"type":"MultiLineString"},"geometry_name":"shape","id":"gp_red_lines.fid--7752831e_19fb67eabdc_4a61","properties":{"area":null,"creation_doc_id":3464,"deactivation_doc_id":null,"id":2552095},"type":"Feature"},{"bbox":[76.9831,52.2791,76.9871,52.2811],"geometry":{"coordinates":[[[76.9871,52.2811],[76.9871,52.2811],[76.9871,52.2811],[76.9871,52.2811],[76.9831,52.2809],[76.9832,52.2805],[76.9832,52.2805],[76.9833,52.2791]]],"type":"MultiLineString"},"geometry_name":"shape","id":"gp_red_lines.fid--7752831e_19fb67eabdc_4a62","properties":{"area":null,"creation_doc_id":3464,"deactivation_doc_id":null,"id":2552096},"type":"Feature"},{"bbox":[76.9877,52.2793,76.9879,52.2811],"geometry":{"coordinates":[[[76.9877,52.2811],[76.9879,52.2793]]],"type":"MultiLineString"},"geometry_name":"shape","id":"gp_red_lines.fid--7752831e_19fb67eabdc_4a63","properties":{"area":null,"creation_doc_id":3464,"deactivation_doc_id":null,"id":2552097},"type":"Feature"},{"bbox":[76.9871,52.2792,76.9873,52.2811],"geometry":{"coordinates":[[[76.9873,52.2792],[76.9871,52.2811]]],"type":"MultiLineString"},"geometry_name":"shape","id":"gp_red_lines.fid--7752831e_19fb67eabdc_4a64","properties":{"area":null,"creation_doc_id":3464,"deactivation_doc_id":null,"id":2552098},"type":"Feature"},{"bbox":[76.9834,52.2777,76.9835,52.2789],"geometry":{"coordinates":[[[76.9834,52.2789],[76.9835,52.2777]]],"type":"MultiLineString"},"geometry_name":"shape","id":"gp_red_lines.fid--7752831e_19fb67eabdc_4a65","properties":{"area":null,"creation_doc_id":3464,"deactivation_doc_id":null,"id":2552099},"type":"Feature"},{"bbox":[76.9835,52.274,76.984,52.2775],"geometry":{"coordinates":[[[76.9835,52.2775],[76.9836,52.2766],[76.9839,52.275],[76.9839,52.275],[76.984,52.274]]],"type":"MultiLineString"},"geometry_name":"shape","id":"gp_red_lines.fid--7752831e_19fb67eabdc_4a66","properties":{"area":null,"creation_doc_id":3464,"deactivation_doc_id":null,"id":2552100},"type":"Feature"},{"bbox":[76.984,52.2739,76.9841,52.274],"geometry":{"coordinates":[[[76.9841,52.2739],[76.984,52.274]]],"type":"MultiLineString"},"geometry_name":"shape","id":"gp_red_lines.fid--7752831e_19fb67eabdc_4a67","properties":{"area":null,"creation_doc_id":3464,"deactivation_doc_id":null,"id":2552101},"type":"Feature"},{"bbox":[76.9687,52.2762,76.9737,52.2839],"geometry":{"coordinates":[[[76.9737,52.2763],[76.9729,52.2839],[76.9687,52.2838],[76.9688,52.2836],[76.9688,52.2836],[76.9689,52.2832],[76.9689,52.2832],[76.9689,52.2832],[76.9689,52.2832],[76.9692,52.2814],[76.9692,52.2814],[76.9698,52.2762],[76.9737,52.2763]]],"type":"MultiLineString"},"geometry_name":"shape","id":"gp_red_lines.fid--7752831e_19fb67eabdc_4a68","properties":{"area":null,"creation_doc_id":3464,"deactivation_doc_id":null,"id":2552102},"type":"Feature"},{"bbox":[76.962,52.2759,76.9678,52.2837],"geometry":{"coordinates":[[[76.9678,52.2762],[76.9672,52.2813],[76.967,52.283],[76.9669,52.2833],[76.9667,52.2837],[76.9666,52.2837],[76.9655,52.2837],[76.9636,52.2825],[76.9624,52.2817],[76.9624,52.2817],[76.962,52.2814],[76.9624,52.2759],[76.9678,52.2762]]],"type":"MultiLineString"},"geometry_name":"shape","id":"gp_red_lines.fid--7752831e_19fb67eabdc_4a69","properties":{"area":null,"creation_doc_id":3464,"deactivation_doc_id":null,"id":2552103},"type":"Feature"},{"bbox":[76.953,52.2756,76.9618,52.2812],"geometry":{"coordinates":[[[76.953,52.281],[76.9535,52.2756],[76.9618,52.2759],[76.9614,52.2812],[76.961,52.2812],[76.9609,52.2811],[76.9609,52.2811],[76.953,52.281]]],"type":"MultiLineString"},"geometry_name":"shape","id":"gp_red_lines.fid--7752831e_19fb67eabdc_4a6a","properties":{"area":null,"creation_doc_id":3464,"deactivation_doc_id":null,"id":2552104},"type":"Feature"},{"bbox":[76.9536,52.2721,76.9598,52.2753],"geometry":{"coordinates":[[[76.9536,52.2751],[76.9539,52.2721],[76.9598,52.2723],[76.9595,52.2753],[76.9536,52.2751]]],"type":"MultiLineString"},"geometry_name":"shape","id":"gp_red_lines.fid--7752831e_19fb67eabdc_4a6b","properties":{"area":null,"creation_doc_id":3464,"deactivation_doc_id":null,"id":2552105},"type":"Feature"},{"bbox":[76.9601,52.2685,76.9686,52.2757],"geometry":{"coordinates":[[[76.9601,52.2753],[76.9607,52.2685],[76.9686,52.2688],[76.9679,52.2757],[76.9601,52.2753]]],"type":"MultiLineString"},"geometry_name":"shape","id":"gp_red_lines.fid--7752831e_19fb67eabdc_4a6c","properties":{"area":null,"creation_doc_id":3464,"deactivation_doc_id":null,"id":2552106},"type":"Feature"},{"bbox":[76.9543,52.2643,76.969,52.2683],"geometry":{"coordinates":[[[76.969,52.2649],[76.9687,52.2683],[76.9543,52.2677],[76.9546,52.2643],[76.969,52.2649]]],"type":"MultiLineString"},"geometry_name":"shape","id":"gp_red_lines.fid--7752831e_19fb67eabdc_4a6d","properties":{"area":null,"creation_doc_id":3464,"deactivation_doc_id":null,"id":2552107},"type":"Feature"},{"bbox":[76.9539,52.2682,76.9602,52.2718],"geometry":{"coordinates":[[[76.9602,52.2685],[76.9599,52.2718],[76.9539,52.2716],[76.9543,52.2682],[76.9602,52.2685]]],"type":"MultiLineString"},"geometry_name":"shape","id":"gp_red_lines.fid--7752831e_19fb67eabdc_4a6e","properties":{"area":null,"creation_doc_id":3464,"deactivation_doc_id":null,"id":2552108},"type":"Feature"},{"bbox":[76.9425,52.2716,76.953,52.2751],"geometry":{"coordinates":[[[76.9425,52.2749],[76.9428,52.2716],[76.953,52.272],[76.9527,52.2751],[76.9425,52.2749]]],"type":"MultiLineString"},"geometry_name":"shape","id":"gp_red_lines.fid--7752831e_19fb67eabdc_4a6f","properties":{"area":null,"creation_doc_id":3464,"deactivation_doc_id":null,"id":2552109},"type":"Feature"},{"bbox":[76.9429,52.2676,76.9534,52.2716],"geometry":{"coordinates":[[[76.9429,52.2711],[76.9432,52.2676],[76.9534,52.268],[76.953,52.2716],[76.9429,52.2711]]],"type":"MultiLineString"},"geometry_name":"shape","id":"gp_red_lines.fid--7752831e_19fb67eabdc_4a70","properties":{"area":null,"creation_doc_id":3464,"deactivation_doc_id":null,"id":2552110},"type":"Feature"},{"bbox":[76.9433,52.2639,76.9537,52.2676],"geometry":{"coordinates":[[[76.9433,52.2672],[76.9437,52.2639],[76.9537,52.2643],[76.9534,52.2676],[76.9433,52.2672]]],"type":"MultiLineString"},"geometry_name":"shape","id":"gp_red_lines.fid--7752831e_19fb67eabdc_4a71","properties":{"area":null,"creation_doc_id":3464,"deactivation_doc_id":null,"id":2552111},"type":"Feature"},{"bbox":[76.9405,52.2674,76.9423,52.2711],"geometry":{"coordinates":[[[76.9405,52.271],[76.9409,52.2674],[76.9423,52.2675],[76.9419,52.2711],[76.9405,52.271]]],"type":"MultiLineString"},"geometry_name":"shape","id":"gp_red_lines.fid--7752831e_19fb67eabdc_4a72","properties":{"area":null,"creation_doc_id":3464,"deactivation_doc_id":null,"id":2552112},"type":"Feature"},{"bbox":[76.9382,52.2673,76.9403,52.271],"geometry":{"coordinates":[[[76.9403,52.2674],[76.94,52.271],[76.9382,52.2709],[76.9386,52.2673],[76.9403,52.2674]]],"type":"MultiLineString"},"geometry_name":"shape","id":"gp_red_lines.fid--7752831e_19fb67eabdc_4a73","properties":{"area":null,"creation_doc_id":3464,"deactivation_doc_id":null,"id":2552113},"type":"Feature"},{"bbox":[76.9401,52.2715,76.9419,52.2749],"geometry":{"coordinates":[[[76.9401,52.2748],[76.9405,52.2715],[76.9419,52.2716],[76.9416,52.2749],[76.9401,52.2748]]],"type":"MultiLineString"},"geometry_name":"shape","id":"gp_red_lines.fid--7752831e_19fb67eabdc_4a74","properties":{"area":null,"creation_doc_id":3464,"deactivation_doc_id":null,"id":2552114},"type":"Feature"},{"bbox":[76.9371,52.2713,76.9399,52.2748],"geometry":{"coordinates":[[[76.9381,52.2713],[76.9399,52.2715],[76.9396,52.2748],[76.9377,52.2747],[76.9371,52.2743],[76.938,52.2737],[76.938,52.2737],[76.938,52.2737],[76.9381,52.2713]]],"type":"MultiLineString"},"geometry_name":"shape","id":"gp_red_lines.fid--7752831e_19fb67eabdc_4a75","properties":{"area":null,"creation_doc_id":3464,"deactivation_doc_id":null,"id":2552115},"type":"Feature"},{"bbox":[76.9419,52.2754,76.9526,52.2809],"geometry":{"coordinates":[[[76.9423,52.2776],[76.9424,52.2754],[76.9526,52.2756],[76.9526,52.2757],[76.9526,52.2757],[76.9521,52.2809],[76.9419,52.2806],[76.9419,52.2804],[76.9419,52.2804],[76.9422,52.2787],[76.9422,52.2787],[76.9422,52.2782],[76.9423,52.2776],[76.9423,52.2776]]],"type":"MultiLineString"},"geometry_name":"shape","id":"gp_red_lines.fid--7752831e_19fb67eabdc_4a76","properties":{"area":null,"creation_doc_id":3464,"deactivation_doc_id":null,"id":2552116},"type":"Feature"},{"bbox":[76.9396,52.2753,76.9415,52.2807],"geometry":{"coordinates":[[[76.9398,52.2786],[76.9401,52.2753],[76.9415,52.2753],[76.9413,52.2776],[76.9413,52.2786],[76.941,52.2807],[76.9396,52.2806],[76.9397,52.2795],[76.9397,52.2795],[76.9398,52.2786],[76.9398,52.2786]]],"type":"MultiLineString"},"geometry_name":"shape","id":"gp_red_lines.fid--7752831e_19fb67eabdc_4a77","properties":{"area":null,"creation_doc_id":3464,"deactivation_doc_id":null,"id":2552117},"type":"Feature"},{"bbox":[76.9355,52.2751,76.9396,52.2806],"geometry":{"coordinates":[[[76.9396,52.2753],[76.939,52.2806],[76.9362,52.2805],[76.9355,52.2798],[76.9358,52.2751],[76.9396,52.2753]]],"type":"MultiLineString"},"geometry_name":"shape","id":"gp_red_lines.fid--7752831e_19fb67eabdc_4a78","properties":{"area":null,"creation_doc_id":3464,"deactivation_doc_id":null,"id":2552118},"type":"Feature"},{"bbox":[76.9392,52.2809,76.941,52.2845],"geometry":{"coordinates":[[[76.941,52.281],[76.9406,52.2845],[76.9392,52.2845],[76.9395,52.2809],[76.941,52.281]]],"type":"MultiLineString"},"geometry_name":"shape","id":"gp_red_lines.fid--7752831e_19fb67eabdc_4a79","properties":{"area":null,"creation_doc_id":3464,"deactivation_doc_id":null,"id":2552119},"type":"Feature"},{"bbox":[76.9415,52.2812,76.9478,52.2847],"geometry":{"coordinates":[[[76.9415,52.2841],[76.9418,52.2812],[76.9478,52.2813],[76.9475,52.2847],[76.9453,52.2847],[76.9415,52.2845],[76.9415,52.2841]]],"type":"MultiLineString"},"geometry_name":"shape","id":"gp_red_lines.fid--7752831e_19fb67eabdc_4a7a","properties":{"area":null,"creation_doc_id":3464,"deactivation_doc_id":null,"id":2552120},"type":"Feature"},{"bbox":[76.948,52.2814,76.9521,52.2849],"geometry":{"coordinates":[[[76.948,52.2848],[76.9483,52.2814],[76.9521,52.2815],[76.9519,52.2846],[76.9519,52.2849],[76.948,52.2848]]],"type":"MultiLineString"},"geometry_name":"shape","id":"gp_red_lines.fid--7752831e_19fb67eabdc_4a7b","properties":{"area":null,"creation_doc_id":3464,"deactivation_doc_id":null,"id":2552121},"type":"Feature"},{"bbox":[76.9479,52.2851,76.9519,52.2869],"geometry":{"coordinates":[[[76.948,52.2852],[76.948,52.2851],[76.9519,52.2852],[76.9517,52.2869],[76.9479,52.2867],[76.948,52.2852],[76.948,52.2852],[76.948,52.2852]]],"type":"MultiLineString"},"geometry_name":"shape","id":"gp_red_lines.fid--7752831e_19fb67eabdc_4a7c","properties":{"area":null,"creation_doc_id":3464,"deactivation_doc_id":null,"id":2552122},"type":"Feature"},{"bbox":[76.9475,52.287,76.9517,52.2906],"geometry":{"coordinates":[[[76.9479,52.287],[76.9479,52.287],[76.9517,52.2872],[76.9514,52.2906],[76.9475,52.2904],[76.9479,52.287],[76.9479,52.287]]],"type":"MultiLineString"},"geometry_name":"shape","id":"gp_red_lines.fid--7752831e_19fb67eabdc_4a7d","properties":{"area":null,"creation_doc_id":3464,"deactivation_doc_id":null,"id":2552123},"type":"Feature"},{"bbox":[76.941,52.2867,76.9473,52.2904],"geometry":{"coordinates":[[[76.941,52.2902],[76.9413,52.2867],[76.9473,52.287],[76.947,52.2904],[76.941,52.2902]]],"type":"MultiLineString"},"geometry_name":"shape","id":"gp_red_lines.fid--7752831e_19fb67eabdc_4a7e","properties":{"area":null,"creation_doc_id":3464,"deactivation_doc_id":null,"id":2552124},"type":"Feature"},{"bbox":[76.9413,52.2849,76.9475,52.2867],"geometry":{"coordinates":[[[76.9415,52.2849],[76.9453,52.285],[76.9453,52.285],[76.9475,52.2851],[76.9475,52.2852],[76.9473,52.2867],[76.9413,52.2864],[76.9415,52.2849]]],"type":"MultiLineString"},"geometry_name":"shape","id":"gp_red_lines.fid--7752831e_19fb67eabdc_4a7f","properties":{"area":null,"creation_doc_id":3464,"deactivation_doc_id":null,"id":2552125},"type":"Feature"},{"bbox":[76.9386,52.2867,76.9404,52.2901],"geometry":{"coordinates":[[[76.9404,52.2867],[76.9401,52.2901],[76.9386,52.2901],[76.939,52.2867],[76.9404,52.2867]]],"type":"MultiLineString"},"geometry_name":"shape","id":"gp_red_lines.fid--7752831e_19fb67eabdc_4a80","properties":{"area":null,"creation_doc_id":3464,"deactivation_doc_id":null,"id":2552126},"type":"Feature"},{"bbox":[76.9404,52.2907,76.947,52.2963],"geometry":{"coordinates":[[[76.947,52.291],[76.947,52.2911],[76.947,52.2916],[76.9469,52.2921],[76.9469,52.2921],[76.9468,52.2927],[76.9468,52.2927],[76.9468,52.2937],[76.9468,52.2937],[76.9467,52.2944],[76.9466,52.2953],[76.9465,52.2961],[76.9465,52.2961],[76.9465,52.2963],[76.944,52.2962],[76.944,52.2962],[76.944,52.2962],[76.9404,52.2962],[76.9406,52.2933],[76.9409,52.2907],[76.947,52.291]]],"type":"MultiLineString"},"geometry_name":"shape","id":"gp_red_lines.fid--7752831e_19fb67eabdc_4a81","properties":{"area":null,"creation_doc_id":3464,"deactivation_doc_id":null,"id":2552127},"type":"Feature"},{"bbox":[76.9471,52.291,76.9513,52.2965],"geometry":{"coordinates":[[[76.9476,52.2911],[76.9476,52.291],[76.9513,52.2912],[76.9507,52.2965],[76.9471,52.2963],[76.9472,52.2953],[76.9472,52.2953],[76.9473,52.2937],[76.9474,52.2927],[76.9474,52.2921],[76.9475,52.2916],[76.9475,52.2916],[76.9476,52.2911],[76.9476,52.2911],[76.9476,52.2911]]],"type":"MultiLineString"},"geometry_name":"shape","id":"gp_red_lines.fid--7752831e_19fb67eabdc_4a82","properties":{"area":null,"creation_doc_id":3464,"deactivation_doc_id":null,"id":2552128},"type":"Feature"},{"bbox":[76.9523,52.2873,76.9657,52.2911],"geometry":{"coordinates":[[[76.9523,52.2906],[76.9526,52.2873],[76.9657,52.2878],[76.9653,52.2911],[76.9523,52.2906]]],"type":"MultiLineString"},"geometry_name":"shape","id":"gp_red_lines.fid--7752831e_19fb67eabdc_4a83","properties":{"area":null,"creation_doc_id":3464,"deactivation_doc_id":null,"id":2552129},"type":"Feature"},{"bbox":[76.9516,52.2912,76.9561,52.2967],"geometry":{"coordinates":[[[76.9516,52.2965],[76.9522,52.2912],[76.9561,52.2913],[76.9555,52.2967],[76.9516,52.2965]]],"type":"MultiLineString"},"geometry_name":"shape","id":"gp_red_lines.fid--7752831e_19fb67eabdc_4a84","properties":{"area":null,"creation_doc_id":3464,"deactivation_doc_id":null,"id":2552130},"type":"Feature"},{"bbox":[76.9561,52.2914,76.9653,52.2971],"geometry":{"coordinates":[[[76.9561,52.2967],[76.9566,52.2914],[76.9653,52.2917],[76.9648,52.297],[76.9647,52.2971],[76.9561,52.2967]]],"type":"MultiLineString"},"geometry_name":"shape","id":"gp_red_lines.fid--7752831e_19fb67eabdc_4a85","properties":{"area":null,"creation_doc_id":3464,"deactivation_doc_id":null,"id":2552131},"type":"Feature"},{"bbox":[76.9526,52.2853,76.9658,52.2874],"geometry":{"coordinates":[[[76.9535,52.2853],[76.9658,52.2858],[76.9657,52.2874],[76.9526,52.2869],[76.9528,52.2853],[76.9535,52.2853]]],"type":"MultiLineString"},"geometry_name":"shape","id":"gp_red_lines.fid--7752831e_19fb67eabdc_4a86","properties":{"area":null,"creation_doc_id":3464,"deactivation_doc_id":null,"id":2552132},"type":"Feature"},{"bbox":[76.9528,52.2815,76.9569,52.2851],"geometry":{"coordinates":[[[76.9528,52.2849],[76.953,52.2815],[76.9569,52.2816],[76.9566,52.2851],[76.9528,52.2849]]],"type":"MultiLineString"},"geometry_name":"shape","id":"gp_red_lines.fid--7752831e_19fb67eabdc_4a87","properties":{"area":null,"creation_doc_id":3464,"deactivation_doc_id":null,"id":2552133},"type":"Feature"},{"bbox":[76.9571,52.2816,76.9662,52.2855],"geometry":{"coordinates":[[[76.9629,52.2829],[76.965,52.2841],[76.965,52.2841],[76.9651,52.2842],[76.9651,52.2842],[76.9651,52.2842],[76.9653,52.2842],[76.9653,52.2842],[76.9659,52.2842],[76.9662,52.2843],[76.9661,52.2844],[76.9661,52.2844],[76.966,52.2847],[76.966,52.2847],[76.9659,52.2848],[76.9659,52.2848],[76.9659,52.2849],[76.9659,52.2849],[76.9659,52.2855],[76.9571,52.2851],[76.9574,52.2816],[76.9609,52.2817],[76.9613,52.2818],[76.9618,52.2821],[76.9629,52.2829],[76.9629,52.2829]]],"type":"MultiLineString"},"geometry_name":"shape","id":"gp_red_lines.fid--7752831e_19fb67eabdc_4a88","properties":{"area":null,"creation_doc_id":3464,"deactivation_doc_id":null,"id":2552134},"type":"Feature"},{"bbox":[76.9673,52.2843,76.9729,52.2913],"geometry":{"coordinates":[[[76.9673,52.2911],[76.9679,52.285],[76.968,52.2848],[76.9683,52.2843],[76.9729,52.2845],[76.9721,52.2913],[76.9673,52.2911]]],"type":"MultiLineString"},"geometry_name":"shape","id":"gp_red_lines.fid--7752831e_19fb67eabdc_4a89","properties":{"area":null,"creation_doc_id":3464,"deactivation_doc_id":null,"id":2552135},"type":"Feature"},{"bbox":[76.9724,52.2846,76.9815,52.2931],"geometry":{"coordinates":[[[76.9724,52.2922],[76.9726,52.2914],[76.9726,52.2914],[76.9734,52.2846],[76.9791,52.2872],[76.9791,52.2872],[76.9799,52.2875],[76.9803,52.2877],[76.9803,52.2877],[76.9803,52.2877],[76.9805,52.2877],[76.9805,52.2877],[76.9805,52.2877],[76.9815,52.2877],[76.9809,52.2931],[76.9796,52.293],[76.9796,52.293],[76.9773,52.293],[76.9767,52.293],[76.9763,52.2929],[76.976,52.2928],[76.9756,52.2927],[76.9756,52.2927],[76.9756,52.2927],[76.9752,52.2925],[76.9752,52.2925],[76.9746,52.2924],[76.9746,52.2924],[76.9728,52.2923],[76.9728,52.2923],[76.9726,52.2923],[76.9724,52.2922]]],"type":"MultiLineString"},"geometry_name":"shape","id":"gp_red_lines.fid--7752831e_19fb67eabdc_4a8a","properties":{"area":null,"creation_doc_id":3464,"deactivation_doc_id":null,"id":2552136},"type":"Feature"},{"bbox":[76.9825,52.2859,76.9826,52.2872],"geometry":{"coordinates":[[[76.9825,52.2872],[76.9826,52.2859]]],"type":"MultiLineString"},"geometry_name":"shape","id":"gp_red_lines.fid--7752831e_19fb67eabdc_4a8b","properties":{"area":null,"creation_doc_id":3464,"deactivation_doc_id":null,"id":2552137},"type":"Feature"},{"bbox":[76.9734,52.2763,76.9827,52.2872],"geometry":{"coordinates":[[[76.9819,52.2835],[76.9815,52.2872],[76.9807,52.2872],[76.9804,52.287],[76.9796,52.2867],[76.9738,52.2841],[76.9738,52.2841],[76.9738,52.2841],[76.9734,52.284],[76.9734,52.284],[76.9734,52.284],[76.9743,52.2763],[76.978,52.2765],[76.9796,52.2765],[76.9827,52.2767],[76.9823,52.2805],[76.9819,52.2835],[76.9819,52.2835]]],"type":"MultiLineString"},"geometry_name":"shape","id":"gp_red_lines.fid--7752831e_19fb67eabdc_4a8c","properties":{"area":null,"creation_doc_id":3464,"deactivation_doc_id":null,"id":2552138},"type":"Feature"},{"bbox":[76.9829,52.2828,76.9829,52.283],"geometry":{"coordinates":[[[76.9829,52.2828],[76.9829,52.283]]],"type":"MultiLineString"},"geometry_name":"shape","id":"gp_red_lines.fid--7752831e_19fb67eabdc_4a8d","properties":{"area":null,"creation_doc_id":3464,"deactivation_doc_id":null,"id":2552139},"type":"Feature"},{"bbox":[76.9829,52.2813,76.9871,52.2828],"geometry":{"coordinates":[[[76.9829,52.2828],[76.9831,52.2813],[76.9871,52.2814],[76.9871,52.2814]]],"type":"MultiLineString"},"geometry_name":"shape","id":"gp_red_lines.fid--7752831e_19fb67eabdc_4a8e","properties":{"area":null,"creation_doc_id":3464,"deactivation_doc_id":null,"id":2552140},"type":"Feature"},{"bbox":[76.9875,52.2815,76.9877,52.283],"geometry":{"coordinates":[[[76.9875,52.283],[76.9877,52.2815]]],"type":"MultiLineString"},"geometry_name":"shape","id":"gp_red_lines.fid--7752831e_19fb67eabdc_4a8f","properties":{"area":null,"creation_doc_id":3464,"deactivation_doc_id":null,"id":2552141},"type":"Feature"},{"bbox":[76.9868,52.2814,76.9871,52.2845],"geometry":{"coordinates":[[[76.9871,52.2814],[76.9868,52.2845]]],"type":"MultiLineString"},"geometry_name":"shape","id":"gp_red_lines.fid--7752831e_19fb67eabdc_4a90","properties":{"area":null,"creation_doc_id":3464,"deactivation_doc_id":null,"id":2552142},"type":"Feature"},{"bbox":[76.9829,52.2828,76.9869,52.283],"geometry":{"coordinates":[[[76.9869,52.283],[76.9829,52.2828]]],"type":"MultiLineString"},"geometry_name":"shape","id":"gp_red_lines.fid--7752831e_19fb67eabdc_4a91","properties":{"area":null,"creation_doc_id":3464,"deactivation_doc_id":null,"id":2552143},"type":"Feature"},{"bbox":[76.9829,52.283,76.9869,52.2832],"geometry":{"coordinates":[[[76.9829,52.283],[76.9869,52.2832],[76.9869,52.283]]],"type":"MultiLineString"},"geometry_name":"shape","id":"gp_red_lines.fid--7752831e_19fb67eabdc_4a92","properties":{"area":null,"creation_doc_id":3464,"deactivation_doc_id":null,"id":2552144},"type":"Feature"},{"bbox":[76.9827,52.283,76.9868,52.2845],"geometry":{"coordinates":[[[76.9868,52.2845],[76.9868,52.2845],[76.9828,52.2843],[76.9827,52.2843],[76.9828,52.2835],[76.9829,52.283]]],"type":"MultiLineString"},"geometry_name":"shape","id":"gp_red_lines.fid--7752831e_19fb67eabdc_4a93","properties":{"area":null,"creation_doc_id":3464,"deactivation_doc_id":null,"id":2552145},"type":"Feature"},{"bbox":[76.9874,52.2832,76.9875,52.2845],"geometry":{"coordinates":[[[76.9874,52.2845],[76.9875,52.2832]]],"type":"MultiLineString"},"geometry_name":"shape","id":"gp_red_lines.fid--7752831e_19fb67eabdc_4a94","properties":{"area":null,"creation_doc_id":3464,"deactivation_doc_id":null,"id":2552146},"type":"Feature"},{"bbox":[76.9875,52.2832,76.9908,52.2847],"geometry":{"coordinates":[[[76.9875,52.2832],[76.9881,52.2832],[76.9908,52.2833],[76.9907,52.2839],[76.9906,52.2847]]],"type":"MultiLineString"},"geometry_name":"shape","id":"gp_red_lines.fid--7752831e_19fb67eabdc_4a95","properties":{"area":null,"creation_doc_id":3464,"deactivation_doc_id":null,"id":2552147},"type":"Feature"},{"bbox":[76.9874,52.2845,76.9906,52.2847],"geometry":{"coordinates":[[[76.9906,52.2847],[76.9874,52.2845]]],"type":"MultiLineString"},"geometry_name":"shape","id":"gp_red_lines.fid--7752831e_19fb67eabdc_4a96","properties":{"area":null,"creation_doc_id":3464,"deactivation_doc_id":null,"id":2552148},"type":"Feature"},{"bbox":[76.9874,52.2847,76.9906,52.2849],"geometry":{"coordinates":[[[76.9874,52.2847],[76.9906,52.2849]]],"type":"MultiLineString"},"geometry_name":"shape","id":"gp_red_lines.fid--7752831e_19fb67eabdc_4a97","properties":{"area":null,"creation_doc_id":3464,"deactivation_doc_id":null,"id":2552149},"type":"Feature"},{"bbox":[76.9909,52.2839,76.991,52.2847],"geometry":{"coordinates":[[[76.9909,52.2847],[76.991,52.2839],[76.991,52.2839],[76.991,52.2839]]],"type":"MultiLineString"},"geometry_name":"shape","id":"gp_red_lines.fid--7752831e_19fb67eabdc_4a98","properties":{"area":null,"creation_doc_id":3464,"deactivation_doc_id":null,"id":2552150},"type":"Feature"},{"bbox":[76.9875,52.2816,76.9909,52.2831],"geometry":{"coordinates":[[[76.9909,52.2816],[76.9908,52.2831],[76.9883,52.283],[76.9876,52.283],[76.9875,52.283],[76.9875,52.283]]],"type":"MultiLineString"},"geometry_name":"shape","id":"gp_red_lines.fid--7752831e_19fb67eabdc_4a99","properties":{"area":null,"creation_doc_id":3464,"deactivation_doc_id":null,"id":2552151},"type":"Feature"},{"bbox":[76.9877,52.2815,76.9909,52.2816],"geometry":{"coordinates":[[[76.9877,52.2815],[76.99,52.2816],[76.9906,52.2816],[76.9906,52.2816],[76.9907,52.2816],[76.9907,52.2816],[76.9909,52.2816]]],"type":"MultiLineString"},"geometry_name":"shape","id":"gp_red_lines.fid--7752831e_19fb67eabdc_4a9a","properties":{"area":null,"creation_doc_id":3464,"deactivation_doc_id":null,"id":2552152},"type":"Feature"},{"bbox":[76.9909,52.2816,76.9912,52.2816],"geometry":{"coordinates":[[[76.9912,52.2816],[76.9909,52.2816]]],"type":"MultiLineString"},"geometry_name":"shape","id":"gp_red_lines.fid--7752831e_19fb67eabdc_4a9b","properties":{"area":null,"creation_doc_id":3464,"deactivation_doc_id":null,"id":2552153},"type":"Feature"},{"bbox":[76.9913,52.2812,76.9947,52.2813],"geometry":{"coordinates":[[[76.9947,52.2813],[76.9916,52.2812],[76.9913,52.2812]]],"type":"MultiLineString"},"geometry_name":"shape","id":"gp_red_lines.fid--7752831e_19fb67eabdc_4a9c","properties":{"area":null,"creation_doc_id":3464,"deactivation_doc_id":null,"id":2552154},"type":"Feature"},{"bbox":[76.9912,52.2816,76.9946,52.2833],"geometry":{"coordinates":[[[76.9912,52.2816],[76.9946,52.2817],[76.9945,52.2833]]],"type":"MultiLineString"},"geometry_name":"shape","id":"gp_red_lines.fid--7752831e_19fb67eabdc_4a9d","properties":{"area":null,"creation_doc_id":3464,"deactivation_doc_id":null,"id":2552155},"type":"Feature"},{"bbox":[76.9911,52.2816,76.9945,52.2833],"geometry":{"coordinates":[[[76.9945,52.2833],[76.9911,52.2831],[76.9912,52.2816]]],"type":"MultiLineString"},"geometry_name":"shape","id":"gp_red_lines.fid--7752831e_19fb67eabdc_4a9e","properties":{"area":null,"creation_doc_id":3464,"deactivation_doc_id":null,"id":2552156},"type":"Feature"},{"bbox":[76.9952,52.2814,77.0002,52.2815],"geometry":{"coordinates":[[[77.0002,52.2815],[76.9952,52.2814]]],"type":"MultiLineString"},"geometry_name":"shape","id":"gp_red_lines.fid--7752831e_19fb67eabdc_4a9f","properties":{"area":null,"creation_doc_id":3464,"deactivation_doc_id":null,"id":2552157},"type":"Feature"},{"bbox":[76.9951,52.2817,77.0002,52.2833],"geometry":{"coordinates":[[[76.9951,52.2833],[76.9952,52.2817],[77.0002,52.2819]]],"type":"MultiLineString"},"geometry_name":"shape","id":"gp_red_lines.fid--7752831e_19fb67eabdc_4aa0","properties":{"area":null,"creation_doc_id":3464,"deactivation_doc_id":null,"id":2552158},"type":"Feature"},{"bbox":[76.9951,52.2835,77,52.2836],"geometry":{"coordinates":[[[76.9951,52.2835],[77.0,52.2836]]],"type":"MultiLineString"},"geometry_name":"shape","id":"gp_red_lines.fid--7752831e_19fb67eabdc_4aa1","properties":{"area":null,"creation_doc_id":3464,"deactivation_doc_id":null,"id":2552159},"type":"Feature"},{"bbox":[76.9951,52.2833,77,52.2835],"geometry":{"coordinates":[[[77.0,52.2835],[76.9951,52.2833]]],"type":"MultiLineString"},"geometry_name":"shape","id":"gp_red_lines.fid--7752831e_19fb67eabdc_4aa2","properties":{"area":null,"creation_doc_id":3464,"deactivation_doc_id":null,"id":2552160},"type":"Feature"},{"bbox":[76.9998,52.2836,77,52.2851],"geometry":{"coordinates":[[[77.0,52.2836],[76.9998,52.2851]]],"type":"MultiLineString"},"geometry_name":"shape","id":"gp_red_lines.fid--7752831e_19fb67eabdc_4aa3","properties":{"area":null,"creation_doc_id":3464,"deactivation_doc_id":null,"id":2552161},"type":"Feature"},{"bbox":[76.9949,52.2835,76.9998,52.2851],"geometry":{"coordinates":[[[76.9998,52.2851],[76.9949,52.2849],[76.9951,52.2835]]],"type":"MultiLineString"},"geometry_name":"shape","id":"gp_red_lines.fid--7752831e_19fb67eabdc_4aa4","properties":{"area":null,"creation_doc_id":3464,"deactivation_doc_id":null,"id":2552162},"type":"Feature"},{"bbox":[76.9951,52.2833,76.9951,52.2835],"geometry":{"coordinates":[[[76.9951,52.2833],[76.9951,52.2835]]],"type":"MultiLineString"},"geometry_name":"shape","id":"gp_red_lines.fid--7752831e_19fb67eabdc_4aa5","properties":{"area":null,"creation_doc_id":3464,"deactivation_doc_id":null,"id":2552163},"type":"Feature"},{"bbox":[76.9944,52.2833,76.9945,52.2834],"geometry":{"coordinates":[[[76.9944,52.2834],[76.9945,52.2833]]],"type":"MultiLineString"},"geometry_name":"shape","id":"gp_red_lines.fid--7752831e_19fb67eabdc_4aa6","properties":{"area":null,"creation_doc_id":3464,"deactivation_doc_id":null,"id":2552164},"type":"Feature"},{"bbox":[76.9943,52.2834,76.9944,52.2848],"geometry":{"coordinates":[[[76.9944,52.2834],[76.9943,52.2848]]],"type":"MultiLineString"},"geometry_name":"shape","id":"gp_red_lines.fid--7752831e_19fb67eabdc_4aa7","properties":{"area":null,"creation_doc_id":3464,"deactivation_doc_id":null,"id":2552165},"type":"Feature"},{"bbox":[76.991,52.2833,76.9944,52.2839],"geometry":{"coordinates":[[[76.991,52.2839],[76.9911,52.2833],[76.9944,52.2834]]],"type":"MultiLineString"},"geometry_name":"shape","id":"gp_red_lines.fid--7752831e_19fb67eabdc_4aa8","properties":{"area":null,"creation_doc_id":3464,"deactivation_doc_id":null,"id":2552166},"type":"Feature"},{"bbox":[76.9909,52.2847,76.9943,52.2848],"geometry":{"coordinates":[[[76.9943,52.2848],[76.9909,52.2847]]],"type":"MultiLineString"},"geometry_name":"shape","id":"gp_red_lines.fid--7752831e_19fb67eabdc_4aa9","properties":{"area":null,"creation_doc_id":3464,"deactivation_doc_id":null,"id":2552167},"type":"Feature"},{"bbox":[76.9909,52.2849,76.9943,52.2862],"geometry":{"coordinates":[[[76.9909,52.2849],[76.9943,52.285],[76.9942,52.2862]]],"type":"MultiLineString"},"geometry_name":"shape","id":"gp_red_lines.fid--7752831e_19fb67eabdc_4aaa","properties":{"area":null,"creation_doc_id":3464,"deactivation_doc_id":null,"id":2552168},"type":"Feature"},{"bbox":[76.9908,52.2863,76.9942,52.2864],"geometry":{"coordinates":[[[76.9908,52.2863],[76.9942,52.2864]]],"type":"MultiLineString"},"geometry_name":"shape","id":"gp_red_lines.fid--7752831e_19fb67eabdc_4aab","properties":{"area":null,"creation_doc_id":3464,"deactivation_doc_id":null,"id":2552169},"type":"Feature"},{"bbox":[76.9908,52.2861,76.9942,52.2862],"geometry":{"coordinates":[[[76.9942,52.2862],[76.9908,52.2861]]],"type":"MultiLineString"},"geometry_name":"shape","id":"gp_red_lines.fid--7752831e_19fb67eabdc_4aac","properties":{"area":null,"creation_doc_id":3464,"deactivation_doc_id":null,"id":2552170},"type":"Feature"},{"bbox":[76.9906,52.2864,76.9942,52.2876],"geometry":{"coordinates":[[[76.9942,52.2864],[76.994,52.2876],[76.9906,52.2875]]],"type":"MultiLineString"},"geometry_name":"shape","id":"gp_red_lines.fid--7752831e_19fb67eabdc_4aad","properties":{"area":null,"creation_doc_id":3464,"deactivation_doc_id":null,"id":2552171},"type":"Feature"},{"bbox":[76.9948,52.2851,76.9998,52.2862],"geometry":{"coordinates":[[[76.9948,52.2862],[76.9949,52.2851],[76.9998,52.2853]]],"type":"MultiLineString"},"geometry_name":"shape","id":"gp_red_lines.fid--7752831e_19fb67eabdc_4aae","properties":{"area":null,"creation_doc_id":3464,"deactivation_doc_id":null,"id":2552172},"type":"Feature"},{"bbox":[76.9997,52.2853,76.9998,52.2864],"geometry":{"coordinates":[[[76.9998,52.2853],[76.9997,52.2864]]],"type":"MultiLineString"},"geometry_name":"shape","id":"gp_red_lines.fid--7752831e_19fb67eabdc_4aaf","properties":{"area":null,"creation_doc_id":3464,"deactivation_doc_id":null,"id":2552173},"type":"Feature"},{"bbox":[76.9948,52.2862,76.9997,52.2864],"geometry":{"coordinates":[[[76.9997,52.2864],[76.9961,52.2863],[76.9948,52.2862]]],"type":"MultiLineString"},"geometry_name":"shape","id":"gp_red_lines.fid--7752831e_19fb67eabdc_4ab0","properties":{"area":null,"creation_doc_id":3464,"deactivation_doc_id":null,"id":2552174},"type":"Feature"},{"bbox":[76.9948,52.2864,76.9997,52.2866],"geometry":{"coordinates":[[[76.9948,52.2864],[76.9961,52.2865],[76.9961,52.2865],[76.9997,52.2866]]],"type":"MultiLineString"},"geometry_name":"shape","id":"gp_red_lines.fid--7752831e_19fb67eabdc_4ab1","properties":{"area":null,"creation_doc_id":3464,"deactivation_doc_id":null,"id":2552175},"type":"Feature"},{"bbox":[76.9947,52.2864,76.9995,52.288],"geometry":{"coordinates":[[[76.9995,52.288],[76.9978,52.2878],[76.9978,52.2878],[76.996,52.2877],[76.9947,52.2877],[76.9948,52.2864]]],"type":"MultiLineString"},"geometry_name":"shape","id":"gp_red_lines.fid--7752831e_19fb67eabdc_4ab2","properties":{"area":null,"creation_doc_id":3464,"deactivation_doc_id":null,"id":2552176},"type":"Feature"},{"bbox":[76.9998,52.2866,77,52.288],"geometry":{"coordinates":[[[76.9998,52.288],[77.0,52.2866]]],"type":"MultiLineString"},"geometry_name":"shape","id":"gp_red_lines.fid--7752831e_19fb67eabdc_4ab3","properties":{"area":null,"creation_doc_id":3464,"deactivation_doc_id":null,"id":2552177},"type":"Feature"},{"bbox":[76.9995,52.2866,76.9997,52.288],"geometry":{"coordinates":[[[76.9997,52.2866],[76.9995,52.288]]],"type":"MultiLineString"},"geometry_name":"shape","id":"gp_red_lines.fid--7752831e_19fb67eabdc_4ab4","properties":{"area":null,"creation_doc_id":3464,"deactivation_doc_id":null,"id":2552178},"type":"Feature"},{"bbox":[76.9871,52.2874,76.9903,52.2875],"geometry":{"coordinates":[[[76.9903,52.2875],[76.9871,52.2874]]],"type":"MultiLineString"},"geometry_name":"shape","id":"gp_red_lines.fid--7752831e_19fb67eabdc_4ab5","properties":{"area":null,"creation_doc_id":3464,"deactivation_doc_id":null,"id":2552179},"type":"Feature"},{"bbox":[76.9903,52.2862,76.9905,52.2875],"geometry":{"coordinates":[[[76.9905,52.2862],[76.9903,52.2875]]],"type":"MultiLineString"},"geometry_name":"shape","id":"gp_red_lines.fid--7752831e_19fb67eabdc_4ab6","properties":{"area":null,"creation_doc_id":3464,"deactivation_doc_id":null,"id":2552180},"type":"Feature"},{"bbox":[76.9906,52.2863,76.9908,52.2875],"geometry":{"coordinates":[[[76.9906,52.2875],[76.9908,52.2863]]],"type":"MultiLineString"},"geometry_name":"shape","id":"gp_red_lines.fid--7752831e_19fb67eabdc_4ab7","properties":{"area":null,"creation_doc_id":3464,"deactivation_doc_id":null,"id":2552181},"type":"Feature"},{"bbox":[76.9908,52.2849,76.9909,52.2861],"geometry":{"coordinates":[[[76.9908,52.2861],[76.9909,52.2849]]],"type":"MultiLineString"},"geometry_name":"shape","id":"gp_red_lines.fid--7752831e_19fb67eabdc_4ab8","properties":{"area":null,"creation_doc_id":3464,"deactivation_doc_id":null,"id":2552182},"type":"Feature"},{"bbox":[76.9905,52.2849,76.9906,52.2861],"geometry":{"coordinates":[[[76.9906,52.2849],[76.9905,52.2861]]],"type":"MultiLineString"},"geometry_name":"shape","id":"gp_red_lines.fid--7752831e_19fb67eabdc_4ab9","properties":{"area":null,"creation_doc_id":3464,"deactivation_doc_id":null,"id":2552183},"type":"Feature"},{"bbox":[76.9873,52.2859,76.9905,52.2861],"geometry":{"coordinates":[[[76.9905,52.2861],[76.9898,52.286],[76.9898,52.286],[76.9873,52.2859]]],"type":"MultiLineString"},"geometry_name":"shape","id":"gp_red_lines.fid--7752831e_19fb67eabdc_4aba","properties":{"area":null,"creation_doc_id":3464,"deactivation_doc_id":null,"id":2552184},"type":"Feature"},{"bbox":[76.9872,52.2861,76.9905,52.2862],"geometry":{"coordinates":[[[76.9872,52.2861],[76.9898,52.2862],[76.9905,52.2862]]],"type":"MultiLineString"},"geometry_name":"shape","id":"gp_red_lines.fid--7752831e_19fb67eabdc_4abb","properties":{"area":null,"creation_doc_id":3464,"deactivation_doc_id":null,"id":2552185},"type":"Feature"},{"bbox":[76.9865,52.2861,76.9866,52.2873],"geometry":{"coordinates":[[[76.9866,52.2861],[76.9865,52.2873]]],"type":"MultiLineString"},"geometry_name":"shape","id":"gp_red_lines.fid--7752831e_19fb67eabdc_4abc","properties":{"area":null,"creation_doc_id":3464,"deactivation_doc_id":null,"id":2552186},"type":"Feature"},{"bbox":[76.9871,52.2861,76.9872,52.2874],"geometry":{"coordinates":[[[76.9871,52.2874],[76.9872,52.2861]]],"type":"MultiLineString"},"geometry_name":"shape","id":"gp_red_lines.fid--7752831e_19fb67eabdc_4abd","properties":{"area":null,"creation_doc_id":3464,"deactivation_doc_id":null,"id":2552187},"type":"Feature"},{"bbox":[76.9873,52.2847,76.9874,52.2859],"geometry":{"coordinates":[[[76.9873,52.2859],[76.9874,52.2847]]],"type":"MultiLineString"},"geometry_name":"shape","id":"gp_red_lines.fid--7752831e_19fb67eabdc_4abe","properties":{"area":null,"creation_doc_id":3464,"deactivation_doc_id":null,"id":2552188},"type":"Feature"},{"bbox":[76.9866,52.2847,76.9868,52.2859],"geometry":{"coordinates":[[[76.9868,52.2847],[76.9866,52.2859]]],"type":"MultiLineString"},"geometry_name":"shape","id":"gp_red_lines.fid--7752831e_19fb67eabdc_4abf","properties":{"area":null,"creation_doc_id":3464,"deactivation_doc_id":null,"id":2552189},"type":"Feature"},{"bbox":[76.9826,52.2845,76.9868,52.2858],"geometry":{"coordinates":[[[76.9826,52.2858],[76.9827,52.2845],[76.9828,52.2845],[76.9828,52.2845],[76.9868,52.2847],[76.9868,52.2847]]],"type":"MultiLineString"},"geometry_name":"shape","id":"gp_red_lines.fid--7752831e_19fb67eabdc_4ac0","properties":{"area":null,"creation_doc_id":3464,"deactivation_doc_id":null,"id":2552190},"type":"Feature"},{"bbox":[76.9826,52.2858,76.9866,52.2859],"geometry":{"coordinates":[[[76.9866,52.2859],[76.9826,52.2858]]],"type":"MultiLineString"},"geometry_name":"shape","id":"gp_red_lines.fid--7752831e_19fb67eabdc_4ac1","properties":{"area":null,"creation_doc_id":3464,"deactivation_doc_id":null,"id":2552191},"type":"Feature"},{"bbox":[76.9826,52.2859,76.9866,52.2861],"geometry":{"coordinates":[[[76.9826,52.2859],[76.9866,52.2861]]],"type":"MultiLineString"},"geometry_name":"shape","id":"gp_red_lines.fid--7752831e_19fb67eabdc_4ac2","properties":{"area":null,"creation_doc_id":3464,"deactivation_doc_id":null,"id":2552192},"type":"Feature"},{"bbox":[76.9825,52.2872,76.9865,52.2873],"geometry":{"coordinates":[[[76.9865,52.2873],[76.9825,52.2872]]],"type":"MultiLineString"},"geometry_name":"shape","id":"gp_red_lines.fid--7752831e_19fb67eabdc_4ac3","properties":{"area":null,"creation_doc_id":3464,"deactivation_doc_id":null,"id":2552193},"type":"Feature"},{"bbox":[76.9819,52.2877,76.9878,52.2933],"geometry":{"coordinates":[[[76.9819,52.2932],[76.9824,52.2877],[76.9878,52.2879],[76.9872,52.2933],[76.9819,52.2932]]],"type":"MultiLineString"},"geometry_name":"shape","id":"gp_red_lines.fid--7752831e_19fb67eabdc_4ac4","properties":{"area":null,"creation_doc_id":3464,"deactivation_doc_id":null,"id":2552194},"type":"Feature"},{"bbox":[76.9878,52.2879,76.994,52.2936],"geometry":{"coordinates":[[[76.9878,52.2934],[76.9883,52.2879],[76.994,52.2882],[76.994,52.2882],[76.994,52.2882],[76.994,52.2882],[76.994,52.2883],[76.9934,52.2936],[76.9878,52.2934]]],"type":"MultiLineString"},"geometry_name":"shape","id":"gp_red_lines.fid--7752831e_19fb67eabdc_4ac5","properties":{"area":null,"creation_doc_id":3464,"deactivation_doc_id":null,"id":2552195},"type":"Feature"},{"bbox":[76.994,52.2882,77.0046,52.2943],"geometry":{"coordinates":[[[76.9962,52.2938],[76.9952,52.2937],[76.9952,52.2937],[76.994,52.2937],[76.9946,52.2883],[76.9946,52.2883],[76.9946,52.2883],[76.9946,52.2883],[76.9946,52.2882],[76.9959,52.2883],[76.9959,52.2883],[76.9985,52.2884],[76.9987,52.2884],[76.9987,52.2884],[76.9998,52.2885],[77.0008,52.2887],[77.0008,52.2887],[77.0046,52.2892],[77.0046,52.2892],[77.0046,52.2892],[77.0046,52.2892],[77.0046,52.2892],[77.0046,52.2892],[77.0046,52.2893],[77.0041,52.2943],[77.0038,52.2943],[77.0032,52.2941],[77.0032,52.2941],[77.0032,52.2941],[77.002,52.294],[76.9984,52.2939],[76.9984,52.2939],[76.9977,52.2939],[76.9962,52.2938]]],"type":"MultiLineString"},"geometry_name":"shape","id":"gp_red_lines.fid--7752831e_19fb67eabdc_4ac6","properties":{"area":null,"creation_doc_id":3464,"deactivation_doc_id":null,"id":2552196},"type":"Feature"},{"bbox":[76.9935,52.294,77.004,52.2986],"geometry":{"coordinates":[[[76.9935,52.2982],[76.9939,52.294],[76.9951,52.2941],[76.9961,52.2941],[76.9961,52.2941],[76.9977,52.2942],[76.9977,52.2942],[76.9984,52.2942],[77.003,52.2944],[77.0035,52.2946],[77.0035,52.2946],[77.0035,52.2946],[77.0036,52.2946],[77.0037,52.2946],[77.004,52.2946],[77.0035,52.2986],[76.9935,52.2982]]],"type":"MultiLineString"},"geometry_name":"shape","id":"gp_red_lines.fid--7752831e_19fb67eabdc_4ac7","properties":{"area":null,"creation_doc_id":3464,"deactivation_doc_id":null,"id":2552197},"type":"Feature"},{"bbox":[76.9872,52.2937,76.9934,52.2982],"geometry":{"coordinates":[[[76.9872,52.2979],[76.9877,52.2937],[76.9934,52.294],[76.9929,52.2982],[76.9872,52.2979]]],"type":"MultiLineString"},"geometry_name":"shape","id":"gp_red_lines.fid--7752831e_19fb67eabdc_4ac8","properties":{"area":null,"creation_doc_id":3464,"deactivation_doc_id":null,"id":2552198},"type":"Feature"},{"bbox":[76.9813,52.2935,76.9872,52.2979],"geometry":{"coordinates":[[[76.9818,52.2935],[76.9872,52.2937],[76.9867,52.2979],[76.9827,52.2978],[76.9827,52.2978],[76.9827,52.2978],[76.982,52.2978],[76.982,52.2978],[76.9813,52.2979],[76.9818,52.2935]]],"type":"MultiLineString"},"geometry_name":"shape","id":"gp_red_lines.fid--7752831e_19fb67eabdc_4ac9","properties":{"area":null,"creation_doc_id":3464,"deactivation_doc_id":null,"id":2552199},"type":"Feature"},{"bbox":[76.9724,52.2926,76.9809,52.2986],"geometry":{"coordinates":[[[76.9724,52.293],[76.9724,52.2926],[76.9725,52.2926],[76.9725,52.2926],[76.9728,52.2927],[76.9746,52.2928],[76.975,52.2928],[76.9754,52.2929],[76.9757,52.2931],[76.9757,52.2931],[76.9757,52.2931],[76.9761,52.2932],[76.9761,52.2932],[76.9762,52.2932],[76.9762,52.2932],[76.9766,52.2933],[76.9766,52.2933],[76.9772,52.2933],[76.9773,52.2933],[76.9809,52.2934],[76.9804,52.298],[76.9736,52.2986],[76.9732,52.2965],[76.9732,52.2965],[76.9727,52.2948],[76.9725,52.2935],[76.9724,52.293]]],"type":"MultiLineString"},"geometry_name":"shape","id":"gp_red_lines.fid--7752831e_19fb67eabdc_4aca","properties":{"area":null,"creation_doc_id":3464,"deactivation_doc_id":null,"id":2552200},"type":"Feature"},{"bbox":[76.9667,52.2919,76.9731,52.2987],"geometry":{"coordinates":[[[76.9713,52.2987],[76.9667,52.2975],[76.9667,52.2973],[76.9667,52.2973],[76.9672,52.2919],[76.9717,52.2921],[76.9719,52.2922],[76.9718,52.2925],[76.9718,52.2925],[76.9718,52.2925],[76.9718,52.2925],[76.9718,52.2925],[76.9718,52.293],[76.9718,52.293],[76.9719,52.2935],[76.9719,52.2935],[76.9722,52.2948],[76.9722,52.2948],[76.9726,52.2966],[76.9731,52.2986],[76.9715,52.2987],[76.9713,52.2987]]],"type":"MultiLineString"},"geometry_name":"shape","id":"gp_red_lines.fid--7752831e_19fb67eabdc_4acb","properties":{"area":null,"creation_doc_id":3464,"deactivation_doc_id":null,"id":2552201},"type":"Feature"},{"bbox":[76.9644,52.298,76.975,52.3007],"geometry":{"coordinates":[[[76.9644,52.3004],[76.9662,52.298],[76.9703,52.2991],[76.9703,52.2991],[76.9708,52.2992],[76.9708,52.2992],[76.971,52.2993],[76.971,52.2993],[76.9712,52.2993],[76.9712,52.2993],[76.9715,52.2993],[76.9715,52.2993],[76.9723,52.2993],[76.9723,52.2993],[76.975,52.299],[76.975,52.2991],[76.9748,52.2997],[76.9686,52.3002],[76.9686,52.3002],[76.9653,52.3007],[76.9644,52.3004]]],"type":"MultiLineString"},"geometry_name":"shape","id":"gp_red_lines.fid--7752831e_19fb67eabdc_4acc","properties":{"area":null,"creation_doc_id":3464,"deactivation_doc_id":null,"id":2552202},"type":"Feature"},{"bbox":[76.9632,52.3089,76.9636,52.3101],"geometry":{"coordinates":[[[76.9632,52.3101],[76.9636,52.3094],[76.9636,52.3094],[76.9636,52.3093],[76.9636,52.3093],[76.9636,52.3093],[76.9636,52.3093],[76.9636,52.3093],[76.9636,52.3093],[76.9636,52.3093],[76.9636,52.3093],[76.9636,52.309],[76.9636,52.3089],[76.9636,52.3089],[76.9636,52.3089],[76.9636,52.3089],[76.9636,52.3089]]],"type":"MultiLineString"},"geometry_name":"shape","id":"gp_red_lines.fid--7752831e_19fb67eabdc_4acd","properties":{"area":null,"creation_doc_id":3464,"deactivation_doc_id":null,"id":2552203},"type":"Feature"},{"bbox":[76.9477,52.3087,76.9627,52.3101],"geometry":{"coordinates":[[[76.9477,52.3092],[76.9551,52.3087],[76.9579,52.3087],[76.9579,52.3087],[76.958,52.3087],[76.958,52.3087],[76.958,52.3087],[76.958,52.3087],[76.958,52.3087],[76.958,52.3088],[76.9581,52.3088],[76.9581,52.3088],[76.9581,52.3088],[76.9581,52.3088],[76.9581,52.3088],[76.9581,52.3088],[76.9582,52.3088],[76.9582,52.3088],[76.9582,52.3088],[76.9582,52.3088],[76.9582,52.3088],[76.9582,52.3088],[76.9582,52.3088],[76.9582,52.3088],[76.9582,52.3088],[76.9582,52.3088],[76.9583,52.3089],[76.9583,52.3089],[76.9583,52.3089],[76.9583,52.3089],[76.9583,52.3089],[76.9584,52.309],[76.9584,52.309],[76.9584,52.309],[76.9584,52.309],[76.9586,52.3091],[76.9586,52.3091],[76.9586,52.3091],[76.9589,52.3091],[76.9589,52.3091],[76.9591,52.3091],[76.9591,52.3091],[76.9591,52.3091],[76.9603,52.3091],[76.9603,52.3091],[76.9604,52.3091],[76.9604,52.3091],[76.9606,52.3091],[76.9606,52.3091],[76.9606,52.3091],[76.9607,52.309],[76.9607,52.309],[76.9608,52.309],[76.9608,52.309],[76.9608,52.3089],[76.9608,52.3089],[76.9608,52.3089],[76.9608,52.3089],[76.9608,52.3089],[76.9609,52.3089],[76.9609,52.3089],[76.9609,52.3088],[76.9609,52.3088],[76.9609,52.3088],[76.9609,52.3088],[76.9609,52.3088],[76.9609,52.3088],[76.9609,52.3088],[76.961,52.3088],[76.961,52.3088],[76.961,52.3088],[76.961,52.3088],[76.961,52.3088],[76.961,52.3088],[76.961,52.3087],[76.9611,52.3087],[76.9611,52.3087],[76.9611,52.3087],[76.9611,52.3087],[76.9611,52.3087],[76.9611,52.3087],[76.9616,52.3088],[76.962,52.3088],[76.962,52.3088],[76.962,52.3088],[76.9621,52.3088],[76.9621,52.3088],[76.9622,52.3088],[76.9622,52.3088],[76.9622,52.3088],[76.9623,52.3088],[76.9623,52.3088],[76.9624,52.3088],[76.9624,52.3088],[76.9624,52.3088],[76.9625,52.3088],[76.9625,52.3089],[76.9625,52.3089],[76.9625,52.3089],[76.9626,52.3089],[76.9626,52.3089],[76.9626,52.309],[76.9626,52.309],[76.9626,52.309],[76.9627,52.309],[76.9627,52.309],[76.9627,52.3091],[76.9627,52.3091],[76.9627,52.3091],[76.9627,52.3091],[76.9627,52.3092],[76.9627,52.3092],[76.9627,52.3092],[76.9627,52.3092],[76.9627,52.3093],[76.9623,52.31],[76.9623,52.31],[76.9623,52.31],[76.9623,52.31],[76.9622,52.3101],[76.9622,52.3101],[76.9622,52.3101]]],"type":"MultiLineString"},"geometry_name":"shape","id":"gp_red_lines.fid--7752831e_19fb67eabdc_4ace","properties":{"area":null,"creation_doc_id":3464,"deactivation_doc_id":null,"id":2552204},"type":"Feature"},{"bbox":[76.9613,52.2975,76.9643,52.3],"geometry":{"coordinates":[[[76.9613,52.2997],[76.9616,52.2975],[76.9643,52.2976],[76.9627,52.3],[76.9613,52.2997]]],"type":"MultiLineString"},"geometry_name":"shape","id":"gp_red_lines.fid--7752831e_19fb67eabdc_4acf","properties":{"area":null,"creation_doc_id":3464,"deactivation_doc_id":null,"id":2552205},"type":"Feature"},{"bbox":[76.9467,52.2973,76.961,52.3009],"geometry":{"coordinates":[[[76.9467,52.2992],[76.9512,52.2984],[76.9512,52.2984],[76.9512,52.2984],[76.9512,52.2984],[76.9512,52.2984],[76.9568,52.2973],[76.961,52.2975],[76.9608,52.2997],[76.9558,52.3004],[76.9558,52.3004],[76.9536,52.3009],[76.9476,52.3009],[76.9467,52.2992]]],"type":"MultiLineString"},"geometry_name":"shape","id":"gp_red_lines.fid--7752831e_19fb67eabdc_4ad0","properties":{"area":null,"creation_doc_id":3464,"deactivation_doc_id":null,"id":2552206},"type":"Feature"},{"bbox":[76.929,52.2993,76.9624,52.3093],"geometry":{"coordinates":[[[76.955,52.3075],[76.929,52.3093],[76.9291,52.3083],[76.9291,52.3073],[76.9291,52.3073],[76.9292,52.3061],[76.9292,52.3061],[76.9292,52.3052],[76.9293,52.3047],[76.9293,52.3047],[76.9293,52.3046],[76.9293,52.3045],[76.9294,52.3045],[76.9294,52.3044],[76.9294,52.3044],[76.9295,52.3043],[76.9296,52.3042],[76.9298,52.3041],[76.9298,52.3041],[76.9298,52.3041],[76.9298,52.3041],[76.93,52.3039],[76.93,52.3039],[76.93,52.3039],[76.93,52.3039],[76.93,52.3039],[76.93,52.3039],[76.93,52.3039],[76.93,52.3039],[76.93,52.3039],[76.9301,52.3038],[76.9301,52.3038],[76.9301,52.3037],[76.9301,52.3037],[76.9301,52.3037],[76.9301,52.3037],[76.9301,52.3037],[76.9301,52.3037],[76.9302,52.3036],[76.9302,52.3036],[76.9302,52.3036],[76.9302,52.3036],[76.9302,52.3036],[76.9302,52.3036],[76.9302,52.3036],[76.9302,52.3036],[76.9302,52.3034],[76.9302,52.3034],[76.9302,52.3034],[76.9302,52.3034],[76.9302,52.3034],[76.9302,52.3034],[76.9302,52.3034],[76.9302,52.3034],[76.9302,52.3034],[76.9301,52.3032],[76.9301,52.3032],[76.9301,52.3032],[76.9301,52.3032],[76.9301,52.3032],[76.9301,52.3032],[76.93,52.3028],[76.9299,52.3026],[76.9299,52.3026],[76.93,52.3024],[76.93,52.3024],[76.93,52.3024],[76.93,52.3024],[76.93,52.3024],[76.93,52.3024],[76.93,52.3024],[76.93,52.3024],[76.9301,52.3022],[76.9301,52.3021],[76.9301,52.3021],[76.9302,52.302],[76.9303,52.302],[76.9304,52.3019],[76.9304,52.3019],[76.9304,52.3019],[76.9305,52.3019],[76.9306,52.3018],[76.932,52.3016],[76.9341,52.3013],[76.9341,52.3013],[76.9365,52.301],[76.9365,52.301],[76.9385,52.3007],[76.9385,52.3007],[76.9394,52.3005],[76.9394,52.3005],[76.9414,52.3002],[76.9414,52.3002],[76.9423,52.3],[76.9424,52.3],[76.9429,52.2999],[76.9445,52.2996],[76.9445,52.2996],[76.9451,52.2995],[76.9462,52.2993],[76.9471,52.3011],[76.9471,52.3011],[76.9471,52.3011],[76.9471,52.3011],[76.9471,52.3011],[76.9471,52.3011],[76.9471,52.3011],[76.9471,52.3011],[76.9471,52.3011],[76.9472,52.3012],[76.9472,52.3012],[76.9472,52.3012],[76.9472,52.3012],[76.9472,52.3012],[76.9472,52.3012],[76.9472,52.3012],[76.9472,52.3012],[76.9472,52.3012],[76.9472,52.3012],[76.9472,52.3012],[76.9472,52.3012],[76.9472,52.3012],[76.9473,52.3012],[76.9473,52.3012],[76.9473,52.3012],[76.9473,52.3012],[76.9473,52.3012],[76.9473,52.3012],[76.9473,52.3012],[76.9473,52.3012],[76.9473,52.3012],[76.9473,52.3012],[76.9474,52.3012],[76.9474,52.3012],[76.948,52.3012],[76.9487,52.3012],[76.9496,52.3012],[76.9504,52.3012],[76.9537,52.3013],[76.9537,52.3013],[76.9537,52.3013],[76.9537,52.3013],[76.9537,52.3013],[76.9537,52.3013],[76.9537,52.3013],[76.9537,52.3013],[76.9537,52.3013],[76.9537,52.3013],[76.9538,52.3013],[76.9538,52.3013],[76.9538,52.3012],[76.956,52.3007],[76.961,52.3],[76.9624,52.3003],[76.9603,52.3036],[76.9603,52.3036],[76.9578,52.3076],[76.9575,52.3076],[76.9551,52.3075],[76.9551,52.3075],[76.955,52.3075]]],"type":"MultiLineString"},"geometry_name":"shape","id":"gp_red_lines.fid--7752831e_19fb67eabdc_4ad1","properties":{"area":null,"creation_doc_id":3464,"deactivation_doc_id":null,"id":2552207},"type":"Feature"},{"bbox":[76.9515,52.2971,76.9542,52.2977],"geometry":{"coordinates":[[[76.9541,52.2972],[76.9515,52.2977],[76.9516,52.2971],[76.9542,52.2972],[76.9541,52.2972],[76.9541,52.2972]]],"type":"MultiLineString"},"geometry_name":"shape","id":"gp_red_lines.fid--7752831e_19fb67eabdc_4ad2","properties":{"area":null,"creation_doc_id":3464,"deactivation_doc_id":null,"id":2552208},"type":"Feature"},{"bbox":[76.9469,52.2969,76.9507,52.2986],"geometry":{"coordinates":[[[76.9507,52.297],[76.9506,52.2979],[76.9469,52.2986],[76.9471,52.2969],[76.9506,52.297],[76.9506,52.297],[76.9506,52.297],[76.9507,52.297]]],"type":"MultiLineString"},"geometry_name":"shape","id":"gp_red_lines.fid--7752831e_19fb67eabdc_4ad3","properties":{"area":null,"creation_doc_id":3464,"deactivation_doc_id":null,"id":2552209},"type":"Feature"},{"bbox":[76.9292,52.2967,76.9465,52.3014],"geometry":{"coordinates":[[[76.9465,52.2969],[76.9463,52.2987],[76.9449,52.299],[76.9449,52.299],[76.9442,52.2991],[76.9437,52.2992],[76.9422,52.2994],[76.9422,52.2994],[76.9412,52.2996],[76.9391,52.3],[76.9382,52.3002],[76.9373,52.3003],[76.9373,52.3003],[76.9363,52.3004],[76.9339,52.3008],[76.9318,52.3011],[76.9303,52.3013],[76.9298,52.3013],[76.9292,52.3014],[76.9293,52.301],[76.9294,52.3008],[76.9294,52.3008],[76.9295,52.3001],[76.9298,52.2987],[76.9299,52.2984],[76.933,52.2978],[76.9373,52.2971],[76.9373,52.2971],[76.9392,52.2967],[76.9439,52.2967],[76.9465,52.2969]]],"type":"MultiLineString"},"geometry_name":"shape","id":"gp_red_lines.fid--7752831e_19fb67eabdc_4ad4","properties":{"area":null,"creation_doc_id":3464,"deactivation_doc_id":null,"id":2552210},"type":"Feature"},{"bbox":[76.9468,52.3083,76.9475,52.3093],"geometry":{"coordinates":[[[76.9475,52.3083],[76.9473,52.3083],[76.947,52.3083],[76.9469,52.3084],[76.9468,52.3086],[76.9468,52.3086],[76.9468,52.3093]]],"type":"MultiLineString"},"geometry_name":"shape","id":"gp_red_lines.fid--7752831e_19fb67eabdc_4ad5","properties":{"area":null,"creation_doc_id":3464,"deactivation_doc_id":null,"id":2552211},"type":"Feature"},{"bbox":[76.9475,52.3083,76.9477,52.3092],"geometry":{"coordinates":[[[76.9477,52.3092],[76.9477,52.3086],[76.9477,52.3084],[76.9475,52.3083]]],"type":"MultiLineString"},"geometry_name":"shape","id":"gp_red_lines.fid--7752831e_19fb67eabdc_4ad6","properties":{"area":null,"creation_doc_id":3464,"deactivation_doc_id":null,"id":2552212},"type":"Feature"},{"bbox":[76.9467,52.3093,76.9468,52.3149],"geometry":{"coordinates":[[[76.9468,52.3093],[76.9467,52.3149]]],"type":"MultiLineString"},"geometry_name":"shape","id":"gp_red_lines.fid--7752831e_19fb67eabdc_4ad7","properties":{"area":null,"creation_doc_id":3464,"deactivation_doc_id":null,"id":2552213},"type":"Feature"},{"bbox":[76.9467,52.3093,76.9468,52.3149],"geometry":{"coordinates":[[[76.9468,52.3093],[76.9468,52.3093],[76.9467,52.3149],[76.9467,52.3149]]],"type":"MultiLineString"},"geometry_name":"shape","id":"gp_red_lines.fid--7752831e_19fb67eabdc_4ad8","properties":{"area":null,"creation_doc_id":3464,"deactivation_doc_id":null,"id":2552214},"type":"Feature"},{"bbox":[76.9373,52.3093,76.9468,52.3148],"geometry":{"coordinates":[[[76.9373,52.3148],[76.9373,52.31],[76.9373,52.3099],[76.9468,52.3093]]],"type":"MultiLineString"},"geometry_name":"shape","id":"gp_red_lines.fid--7752831e_19fb67eabdc_4ad9","properties":{"area":null,"creation_doc_id":3464,"deactivation_doc_id":null,"id":2552215},"type":"Feature"},{"bbox":[76.9245,52.307,76.928,52.3096],"geometry":{"coordinates":[[[76.928,52.3089],[76.928,52.3093],[76.9245,52.3096],[76.9255,52.3087],[76.926,52.3084],[76.9263,52.3081],[76.9269,52.3077],[76.9274,52.3074],[76.9276,52.3073],[76.928,52.307],[76.928,52.308],[76.928,52.308],[76.928,52.308],[76.928,52.3089],[76.928,52.3089]]],"type":"MultiLineString"},"geometry_name":"shape","id":"gp_red_lines.fid--7752831e_19fb67eabdc_4ada","properties":{"area":null,"creation_doc_id":3464,"deactivation_doc_id":null,"id":2552216},"type":"Feature"},{"bbox":[76.9074,52.3048,76.9232,52.3139],"geometry":{"coordinates":[[[76.9179,52.3072],[76.9232,52.3092],[76.9176,52.3139],[76.9074,52.3092],[76.9098,52.3072],[76.9123,52.3053],[76.9131,52.3048],[76.9171,52.3068],[76.9179,52.3072],[76.9179,52.3072]]],"type":"MultiLineString"},"geometry_name":"shape","id":"gp_red_lines.fid--7752831e_19fb67eabdc_4adb","properties":{"area":null,"creation_doc_id":3464,"deactivation_doc_id":null,"id":2552217},"type":"Feature"},{"bbox":[76.6037,52.1057,77.2257,52.5067],"geometry":{"coordinates":[[[76.8405,52.4781],[76.8411,52.4781],[76.842,52.4783],[76.842,52.4783],[76.8421,52.4783],[76.8428,52.4784],[76.8444,52.4786],[76.8459,52.4789],[76.8474,52.4791],[76.8608,52.4812],[76.8608,52.4812],[76.8608,52.4812],[76.8622,52.4814],[76.8622,52.4814],[76.8636,52.4817],[76.8636,52.4817],[76.8636,52.4817],[76.865,52.4819],[76.865,52.4819],[76.8664,52.4821],[76.8664,52.4821],[76.8684,52.4824],[76.8703,52.4827],[76.8703,52.4827],[76.8726,52.483],[76.8726,52.483],[76.8726,52.483],[76.8726,52.483],[76.875,52.4833],[76.875,52.4833],[76.875,52.4833],[76.8773,52.4837],[76.8773,52.4837],[76.8773,52.4837],[76.8797,52.484],[76.8797,52.484],[76.8887,52.4852],[76.8907,52.4855],[76.8928,52.4857],[76.8949,52.486],[76.897,52.4863],[76.8971,52.4864],[76.8971,52.4864],[76.9049,52.4875],[76.9067,52.4878],[76.9084,52.4881],[76.9102,52.4884],[76.9119,52.4887],[76.9233,52.4908],[76.9247,52.4911],[76.926,52.4914],[76.9268,52.4915],[76.9268,52.4915],[76.9268,52.4915],[76.9268,52.4915],[76.9268,52.4915],[76.9274,52.4916],[76.9288,52.4919],[76.9364,52.4934],[76.9364,52.4934],[76.9364,52.4934],[76.9377,52.4936],[76.9377,52.4936],[76.9377,52.4936],[76.939,52.4938],[76.939,52.4938],[76.939,52.4938],[76.9402,52.4941],[76.9402,52.4941],[76.9402,52.4941],[76.9415,52.4943],[76.9415,52.4943],[76.9503,52.4959],[76.9503,52.4959],[76.9503,52.4959],[76.9503,52.4959],[76.9512,52.4961],[76.9512,52.4961],[76.9512,52.4961],[76.9512,52.4961],[76.9521,52.4962],[76.9521,52.4962],[76.9522,52.4963],[76.9522,52.4963],[76.9531,52.4964],[76.9531,52.4964],[76.9531,52.4964],[76.9531,52.4964],[76.9541,52.4965],[76.9541,52.4965],[76.9541,52.4965],[76.9541,52.4965],[76.955,52.4966],[76.955,52.4966],[76.9551,52.4966],[76.9551,52.4966],[76.9551,52.4966],[76.9551,52.4966],[76.9551,52.4966],[76.956,52.4967],[76.956,52.4967],[76.956,52.4967],[76.956,52.4967],[76.957,52.4968],[76.957,52.4968],[76.957,52.4968],[76.957,52.4968],[76.958,52.4968],[76.958,52.4968],[76.958,52.4968],[76.958,52.4968],[76.959,52.4969],[76.959,52.4969],[76.959,52.4969],[76.959,52.4969],[76.9599,52.4969],[76.9599,52.4969],[76.96,52.4969],[76.96,52.4969],[76.9676,52.4971],[76.9676,52.4971],[76.9676,52.4971],[76.9685,52.4971],[76.9685,52.4971],[76.9685,52.4971],[76.969,52.4971],[76.969,52.4971],[76.969,52.4971],[76.969,52.4971],[76.9704,52.4971],[76.9704,52.4971],[76.9704,52.4971],[76.9704,52.4971],[76.9704,52.4971],[76.9717,52.4971],[76.9717,52.4971],[76.9717,52.4971],[76.9717,52.4971],[76.9731,52.4971],[76.9731,52.4971],[76.9791,52.4971],[76.9805,52.4971],[76.982,52.4971],[76.9834,52.4971],[76.9848,52.4971],[76.9876,52.4971],[76.9876,52.4971],[77.0046,52.4973],[77.0046,52.4973],[77.005,52.4973],[77.005,52.4973],[77.005,52.4973],[77.005,52.4973],[77.0053,52.4973],[77.0053,52.4973],[77.0053,52.4973],[77.0053,52.4973],[77.0057,52.4973],[77.0057,52.4973],[77.0057,52.4973],[77.0057,52.4973],[77.0061,52.4973],[77.0061,52.4973],[77.0061,52.4973],[77.0061,52.4973],[77.0068,52.4973],[77.0068,52.4973],[77.0068,52.4973],[77.0068,52.4973],[77.0075,52.4972],[77.0075,52.4972],[77.0075,52.4972],[77.0075,52.4972],[77.0081,52.4972],[77.0081,52.4972],[77.0082,52.4972],[77.0082,52.4972],[77.0088,52.4971],[77.0088,52.4971],[77.0089,52.4971],[77.0089,52.4971],[77.0095,52.4971],[77.0095,52.4971],[77.0095,52.4971],[77.0095,52.4971],[77.0102,52.497],[77.0102,52.497],[77.0102,52.497],[77.0102,52.497],[77.0108,52.4969],[77.0108,52.4969],[77.0109,52.4968],[77.0109,52.4968],[77.0115,52.4967],[77.0115,52.4967],[77.0115,52.4967],[77.0115,52.4967],[77.0121,52.4966],[77.0121,52.4966],[77.0122,52.4966],[77.0122,52.4966],[77.0128,52.4964],[77.0128,52.4964],[77.0128,52.4964],[77.0128,52.4964],[77.0129,52.4964],[77.0129,52.4964],[77.0129,52.4964],[77.0134,52.4963],[77.0134,52.4963],[77.0134,52.4963],[77.0134,52.4963],[77.014,52.4961],[77.014,52.4961],[77.0141,52.4961],[77.0141,52.4961],[77.0146,52.4959],[77.0146,52.4959],[77.0147,52.4959],[77.0147,52.4959],[77.0147,52.4959],[77.0147,52.4959],[77.0147,52.4959],[77.0152,52.4957],[77.0152,52.4957],[77.0153,52.4957],[77.0153,52.4957],[77.0158,52.4955],[77.0158,52.4955],[77.0158,52.4954],[77.0158,52.4954],[77.0164,52.4952],[77.0164,52.4952],[77.0164,52.4952],[77.0164,52.4952],[77.0169,52.495],[77.0169,52.495],[77.017,52.495],[77.017,52.495],[77.0175,52.4947],[77.0175,52.4947],[77.0175,52.4947],[77.0175,52.4947],[77.018,52.4944],[77.018,52.4944],[77.018,52.4944],[77.018,52.4944],[77.0185,52.4942],[77.0185,52.4942],[77.0185,52.4941],[77.0185,52.4941],[77.019,52.4939],[77.019,52.4939],[77.019,52.4938],[77.019,52.4938],[77.0195,52.4936],[77.0195,52.4935],[77.0195,52.4935],[77.0195,52.4935],[77.0199,52.4932],[77.0199,52.4932],[77.0199,52.4932],[77.0199,52.4932],[77.0203,52.4929],[77.0203,52.4929],[77.0204,52.4929],[77.0204,52.4929],[77.0208,52.4926],[77.0208,52.4926],[77.0208,52.4926],[77.0208,52.4926],[77.0212,52.4922],[77.0212,52.4922],[77.0212,52.4922],[77.0212,52.4922],[77.0215,52.4919],[77.0215,52.4919],[77.0215,52.4919],[77.0215,52.4919],[77.0215,52.4919],[77.0215,52.4919],[77.0215,52.4919],[77.0219,52.4915],[77.0219,52.4915],[77.0219,52.4915],[77.0219,52.4915],[77.0222,52.4911],[77.0222,52.4911],[77.0222,52.4911],[77.0222,52.4911],[77.0225,52.4908],[77.0225,52.4908],[77.0225,52.4907],[77.0225,52.4907],[77.0228,52.4904],[77.0228,52.4904],[77.0228,52.4904],[77.0228,52.4904],[77.023,52.49],[77.023,52.49],[77.0231,52.49],[77.0231,52.49],[77.0233,52.4896],[77.0233,52.4896],[77.0233,52.4896],[77.0233,52.4896],[77.0235,52.4892],[77.0235,52.4892],[77.0235,52.4892],[77.0235,52.4892],[77.0237,52.4888],[77.0237,52.4888],[77.0237,52.4888],[77.0237,52.4888],[77.0238,52.4884],[77.0238,52.4884],[77.0238,52.4884],[77.0238,52.4884],[77.024,52.488],[77.024,52.488],[77.024,52.488],[77.024,52.488],[77.0241,52.4876],[77.0241,52.4876],[77.0241,52.4875],[77.0241,52.4875],[77.0242,52.4871],[77.0242,52.4871],[77.0242,52.4871],[77.0242,52.4871],[77.0242,52.4867],[77.0242,52.4867],[77.0242,52.4867],[77.0242,52.4867],[77.0243,52.4863],[77.0243,52.4863],[77.0243,52.4863],[77.0243,52.4863],[77.0243,52.4861],[77.0243,52.4861],[77.0243,52.4861],[77.0243,52.4861],[77.0243,52.4861],[77.0243,52.4861],[77.0243,52.4861],[77.0243,52.4858],[77.0243,52.4858],[77.0243,52.4858],[77.0243,52.4858],[77.0243,52.4856],[77.0243,52.4856],[77.0243,52.4856],[77.0243,52.4856],[77.0243,52.4854],[77.0243,52.4854],[77.0243,52.4854],[77.0242,52.4842],[77.0242,52.4806],[77.0242,52.4806],[77.0241,52.4745],[77.0241,52.4739],[77.0241,52.4733],[77.0242,52.4727],[77.0242,52.472],[77.0243,52.4714],[77.0245,52.4708],[77.0246,52.4702],[77.0248,52.4696],[77.025,52.469],[77.0252,52.4684],[77.0254,52.4678],[77.0256,52.4674],[77.0256,52.4674],[77.0257,52.4672],[77.026,52.4666],[77.0263,52.466],[77.0266,52.4654],[77.027,52.4648],[77.0274,52.4642],[77.0278,52.4636],[77.0282,52.4631],[77.0286,52.4625],[77.0296,52.4613],[77.0296,52.4613],[77.0296,52.4613],[77.0296,52.4613],[77.0301,52.4607],[77.0301,52.4607],[77.0301,52.4607],[77.0301,52.4607],[77.0305,52.4601],[77.0305,52.4601],[77.0305,52.4601],[77.0305,52.4601],[77.0309,52.4595],[77.0309,52.4595],[77.031,52.4595],[77.031,52.4595],[77.0313,52.4589],[77.0313,52.4589],[77.0313,52.4589],[77.0313,52.4589],[77.0317,52.4583],[77.0317,52.4583],[77.0317,52.4583],[77.0317,52.4583],[77.0321,52.4577],[77.0321,52.4577],[77.0321,52.4577],[77.0321,52.4577],[77.0324,52.4571],[77.0324,52.4571],[77.0324,52.4571],[77.0324,52.4571],[77.0327,52.4565],[77.0327,52.4565],[77.0327,52.4565],[77.0327,52.4565],[77.0329,52.4559],[77.0329,52.4559],[77.033,52.4558],[77.033,52.4558],[77.0332,52.4552],[77.0332,52.4552],[77.0332,52.4552],[77.0332,52.4552],[77.0334,52.4546],[77.0334,52.4546],[77.0334,52.4546],[77.0334,52.4546],[77.0336,52.454],[77.0336,52.454],[77.0336,52.4539],[77.0336,52.4539],[77.0338,52.4533],[77.0338,52.4533],[77.0338,52.4533],[77.0338,52.4533],[77.034,52.4527],[77.034,52.4527],[77.034,52.4527],[77.034,52.4527],[77.0349,52.4485],[77.0374,52.4369],[77.039,52.4298],[77.043,52.4119],[77.043,52.4119],[77.043,52.4119],[77.043,52.4119],[77.0431,52.4112],[77.0431,52.4112],[77.0431,52.4111],[77.0431,52.4111],[77.0432,52.4104],[77.0432,52.4104],[77.0432,52.4104],[77.0432,52.4104],[77.0433,52.4101],[77.0433,52.4097],[77.0433,52.4097],[77.0433,52.4097],[77.0433,52.4097],[77.0434,52.409],[77.0434,52.409],[77.0434,52.409],[77.0434,52.409],[77.0434,52.4083],[77.0434,52.4083],[77.0434,52.4083],[77.0434,52.4083],[77.0434,52.4083],[77.0434,52.4076],[77.0434,52.4076],[77.0434,52.4076],[77.0434,52.4076],[77.0434,52.4007],[77.0434,52.4007],[77.0434,52.4007],[77.0434,52.4007],[77.0434,52.4002],[77.0434,52.4002],[77.0434,52.4002],[77.0434,52.4002],[77.0434,52.3997],[77.0434,52.3997],[77.0434,52.3997],[77.0434,52.3997],[77.0434,52.3992],[77.0434,52.3992],[77.0434,52.3992],[77.0434,52.3992],[77.0433,52.3987],[77.0433,52.3987],[77.0433,52.3987],[77.0433,52.3987],[77.0432,52.3982],[77.0431,52.3977],[77.0431,52.3972],[77.043,52.3967],[77.043,52.3962],[77.043,52.3957],[77.0431,52.3953],[77.0434,52.3922],[77.0434,52.3922],[77.0437,52.3884],[77.0438,52.3878],[77.0439,52.3872],[77.044,52.3866],[77.0441,52.3861],[77.0443,52.3855],[77.0445,52.385],[77.0447,52.3844],[77.0449,52.3838],[77.0452,52.3833],[77.0454,52.3827],[77.0457,52.3822],[77.046,52.3817],[77.0464,52.3811],[77.0467,52.3806],[77.0471,52.3801],[77.0475,52.3796],[77.048,52.3791],[77.0484,52.3786],[77.0489,52.3781],[77.0494,52.3776],[77.0499,52.3771],[77.0504,52.3766],[77.0509,52.3762],[77.0515,52.3757],[77.0521,52.3753],[77.0525,52.375],[77.0525,52.375],[77.0525,52.375],[77.0527,52.3748],[77.0533,52.3744],[77.0539,52.374],[77.0546,52.3736],[77.0552,52.3732],[77.0559,52.3728],[77.0566,52.3724],[77.0573,52.372],[77.0581,52.3717],[77.0588,52.3713],[77.0596,52.371],[77.0604,52.3707],[77.0611,52.3704],[77.0619,52.3701],[77.0628,52.3698],[77.0674,52.3682],[77.0674,52.3682],[77.0674,52.3682],[77.0687,52.3677],[77.0689,52.3677],[77.0689,52.3677],[77.0689,52.3677],[77.0691,52.3676],[77.0693,52.3676],[77.0694,52.3676],[77.0695,52.3675],[77.0696,52.3675],[77.0697,52.3675],[77.0698,52.3675],[77.0699,52.3675],[77.07,52.3675],[77.07,52.3676],[77.0701,52.3676],[77.0702,52.3676],[77.0703,52.3676],[77.0704,52.3677],[77.0704,52.3677],[77.0705,52.3678],[77.0706,52.3679],[77.0707,52.368],[77.0707,52.368],[77.0707,52.368],[77.0711,52.3683],[77.0739,52.3713],[77.0823,52.3804],[77.0651,52.38],[77.0651,52.38],[77.065,52.38],[77.0649,52.3801],[77.0648,52.3801],[77.0648,52.3802],[77.0651,52.3815],[77.0651,52.3815],[77.0684,52.3883],[77.0683,52.3918],[77.0683,52.3918],[77.0683,52.3918],[77.0684,52.3919],[77.0684,52.3919],[77.0701,52.3923],[77.0702,52.3924],[77.0703,52.3924],[77.0887,52.3893],[77.0891,52.3898],[77.0893,52.3901],[77.0893,52.3901],[77.0906,52.3917],[77.0906,52.3917],[77.0906,52.3917],[77.0907,52.3918],[77.0907,52.3918],[77.0994,52.3968],[77.0996,52.3969],[77.0996,52.3969],[77.1019,52.3981],[77.1035,52.3991],[77.106,52.4006],[77.1114,52.4048],[77.1222,52.4136],[77.1305,52.4233],[77.1305,52.4233],[77.1305,52.4233],[77.1305,52.4234],[77.1305,52.4234],[77.1306,52.4234],[77.1306,52.4234],[77.1307,52.4235],[77.1307,52.4235],[77.1451,52.4302],[77.1451,52.4302],[77.1539,52.4337],[77.1539,52.4337],[77.1539,52.4337],[77.2235,52.4562],[77.2245,52.4552],[77.2102,52.4506],[77.155,52.4327],[77.1463,52.4292],[77.1321,52.4226],[77.1239,52.413],[77.1239,52.413],[77.1239,52.413],[77.1128,52.4039],[77.1128,52.4039],[77.1108,52.4023],[77.1108,52.4023],[77.1074,52.3998],[77.1074,52.3998],[77.1072,52.3997],[77.1072,52.3997],[77.1049,52.3982],[77.1049,52.3982],[77.1032,52.3972],[77.1032,52.3972],[77.1009,52.396],[77.0922,52.3911],[77.0913,52.3899],[77.0909,52.3894],[77.0904,52.3885],[77.0904,52.3885],[77.09,52.388],[77.09,52.388],[77.0849,52.3808],[77.0849,52.3808],[77.0755,52.3707],[77.0755,52.3707],[77.0722,52.3671],[77.0722,52.367],[77.0722,52.367],[77.0722,52.3669],[77.0722,52.3669],[77.0722,52.3668],[77.0722,52.3668],[77.0722,52.3667],[77.0723,52.3667],[77.0723,52.3666],[77.0724,52.3666],[77.0724,52.3665],[77.0725,52.3665],[77.0726,52.3664],[77.0728,52.3664],[77.073,52.3663],[77.073,52.3663],[77.073,52.3663],[77.073,52.3663],[77.0731,52.3662],[77.0736,52.3661],[77.0739,52.366],[77.0739,52.366],[77.0739,52.366],[77.0739,52.366],[77.0739,52.366],[77.0742,52.3659],[77.0742,52.3659],[77.0742,52.3659],[77.0742,52.3659],[77.0745,52.3658],[77.0745,52.3658],[77.0745,52.3658],[77.0745,52.3658],[77.0749,52.3656],[77.0749,52.3656],[77.0749,52.3656],[77.0749,52.3656],[77.0754,52.3654],[77.0754,52.3654],[77.0755,52.3654],[77.0755,52.3654],[77.0756,52.3653],[77.076,52.3652],[77.076,52.3652],[77.076,52.3652],[77.076,52.3652],[77.0766,52.3649],[77.0766,52.3649],[77.0766,52.3649],[77.0766,52.3649],[77.0771,52.3646],[77.0771,52.3646],[77.0771,52.3646],[77.0771,52.3646],[77.0776,52.3644],[77.0776,52.3644],[77.0777,52.3643],[77.0777,52.3643],[77.0781,52.3641],[77.0781,52.3641],[77.0782,52.3641],[77.0782,52.3641],[77.0786,52.3638],[77.0786,52.3638],[77.0786,52.3638],[77.0786,52.3638],[77.0791,52.3635],[77.0791,52.3635],[77.0791,52.3634],[77.0791,52.3634],[77.0795,52.3631],[77.0795,52.3631],[77.0796,52.3631],[77.0796,52.3631],[77.08,52.3628],[77.08,52.3628],[77.08,52.3628],[77.08,52.3628],[77.0804,52.3624],[77.0804,52.3624],[77.0804,52.3624],[77.0804,52.3624],[77.0808,52.3621],[77.0808,52.3621],[77.0808,52.3621],[77.0808,52.3621],[77.0811,52.3617],[77.0811,52.3617],[77.0811,52.3617],[77.0811,52.3617],[77.0811,52.3617],[77.0811,52.3617],[77.0811,52.3617],[77.0815,52.3614],[77.0815,52.3614],[77.0815,52.3613],[77.0815,52.3613],[77.0818,52.361],[77.0818,52.361],[77.0818,52.361],[77.0818,52.361],[77.0821,52.3606],[77.0821,52.3606],[77.0821,52.3606],[77.0821,52.3606],[77.0824,52.3602],[77.0824,52.3602],[77.0824,52.3602],[77.0824,52.3602],[77.0826,52.3598],[77.0826,52.3598],[77.0826,52.3598],[77.0826,52.3598],[77.0828,52.3594],[77.0828,52.3594],[77.0828,52.3594],[77.0828,52.3594],[77.0829,52.3592],[77.0829,52.3592],[77.083,52.3592],[77.083,52.3592],[77.0831,52.359],[77.0831,52.359],[77.0831,52.3589],[77.0831,52.3589],[77.0832,52.3587],[77.0832,52.3587],[77.0832,52.3587],[77.0833,52.3585],[77.0833,52.3585],[77.0833,52.3585],[77.0835,52.3581],[77.0835,52.3581],[77.0879,52.3481],[77.0879,52.3481],[77.088,52.3478],[77.088,52.3478],[77.088,52.3478],[77.088,52.3478],[77.0882,52.3476],[77.0882,52.3476],[77.0882,52.3476],[77.0882,52.3476],[77.0883,52.3473],[77.0883,52.3473],[77.0883,52.3473],[77.0883,52.3473],[77.0884,52.3471],[77.0884,52.3471],[77.0884,52.3471],[77.0908,52.3406],[77.0908,52.3406],[77.0908,52.3406],[77.0928,52.3353],[77.0931,52.3348],[77.0933,52.3343],[77.0935,52.3338],[77.0938,52.3333],[77.0941,52.3328],[77.0944,52.3323],[77.0947,52.3319],[77.0951,52.3314],[77.0955,52.3309],[77.0959,52.3305],[77.0963,52.33],[77.0963,52.33],[77.0967,52.3296],[77.0975,52.3289],[77.0975,52.3289],[77.0975,52.3289],[77.0975,52.3289],[77.0979,52.3285],[77.0979,52.3285],[77.0979,52.3285],[77.0979,52.3285],[77.0979,52.3285],[77.0979,52.3285],[77.0979,52.3285],[77.0983,52.328],[77.0983,52.328],[77.0984,52.328],[77.0984,52.328],[77.0988,52.3275],[77.0988,52.3275],[77.0988,52.3275],[77.0988,52.3275],[77.0992,52.327],[77.0992,52.327],[77.0992,52.327],[77.0992,52.327],[77.0994,52.3267],[77.0994,52.3267],[77.0994,52.3267],[77.1098,52.3283],[77.105,52.3399],[77.105,52.3399],[77.105,52.3399],[77.105,52.3399],[77.105,52.3399],[77.105,52.34],[77.105,52.34],[77.105,52.34],[77.105,52.34],[77.105,52.34],[77.105,52.34],[77.105,52.34],[77.105,52.34],[77.105,52.34],[77.105,52.34],[77.105,52.34],[77.105,52.3401],[77.105,52.3401],[77.105,52.3401],[77.105,52.3401],[77.105,52.3401],[77.105,52.3401],[77.105,52.3401],[77.105,52.3401],[77.1051,52.3402],[77.1051,52.3402],[77.1051,52.3402],[77.1051,52.3402],[77.1051,52.3402],[77.1051,52.3402],[77.1051,52.3402],[77.1051,52.3402],[77.1051,52.3402],[77.1051,52.3402],[77.1051,52.3402],[77.1051,52.3402],[77.1051,52.3403],[77.1051,52.3403],[77.1051,52.3403],[77.1051,52.3403],[77.1052,52.3403],[77.1052,52.3403],[77.1052,52.3403],[77.1052,52.3403],[77.1052,52.3403],[77.1052,52.3404],[77.1052,52.3404],[77.1052,52.3404],[77.1052,52.3404],[77.1052,52.3404],[77.1052,52.3404],[77.1052,52.3404],[77.1052,52.3404],[77.1053,52.3404],[77.1053,52.3404],[77.1053,52.3404],[77.1053,52.3404],[77.1053,52.3405],[77.1053,52.3405],[77.1053,52.3405],[77.1053,52.3405],[77.1054,52.3405],[77.1054,52.3405],[77.1054,52.3405],[77.1054,52.3405],[77.1054,52.3405],[77.1054,52.3405],[77.1054,52.3405],[77.1054,52.3405],[77.1055,52.3406],[77.1055,52.3406],[77.1055,52.3406],[77.1055,52.3406],[77.1055,52.3406],[77.1055,52.3406],[77.1056,52.3406],[77.1056,52.3406],[77.1056,52.3406],[77.1056,52.3406],[77.1056,52.3406],[77.1056,52.3406],[77.1056,52.3406],[77.1056,52.3406],[77.1056,52.3406],[77.1057,52.3406],[77.1057,52.3406],[77.1057,52.3406],[77.1057,52.3406],[77.1057,52.3407],[77.1057,52.3407],[77.1058,52.3407],[77.1058,52.3407],[77.1058,52.3407],[77.1058,52.3407],[77.1058,52.3407],[77.1058,52.3407],[77.1059,52.3407],[77.1059,52.3407],[77.1059,52.3407],[77.1059,52.3407],[77.1059,52.3407],[77.1059,52.3407],[77.1215,52.3432],[77.1216,52.3432],[77.1216,52.3432],[77.1216,52.3432],[77.1216,52.3432],[77.1216,52.3432],[77.1216,52.3432],[77.1217,52.3432],[77.1217,52.3432],[77.1217,52.3432],[77.1217,52.3432],[77.1217,52.3432],[77.1217,52.3432],[77.1218,52.3432],[77.1218,52.3432],[77.1218,52.3432],[77.1218,52.3432],[77.1218,52.3432],[77.1218,52.3432],[77.1219,52.3432],[77.1219,52.3432],[77.1219,52.3432],[77.1219,52.3432],[77.1219,52.3432],[77.1219,52.3432],[77.1219,52.3432],[77.1219,52.3432],[77.1219,52.3432],[77.122,52.3432],[77.122,52.3432],[77.122,52.3432],[77.122,52.3432],[77.122,52.3432],[77.122,52.3432],[77.1221,52.3432],[77.1221,52.3432],[77.1221,52.3432],[77.1221,52.3432],[77.1221,52.3432],[77.1221,52.3432],[77.1222,52.3432],[77.1222,52.3432],[77.1222,52.3432],[77.1222,52.3432],[77.1222,52.3432],[77.1222,52.3432],[77.1223,52.3432],[77.1223,52.3432],[77.1223,52.3431],[77.1223,52.3431],[77.1223,52.3431],[77.1223,52.3431],[77.1224,52.3431],[77.1224,52.3431],[77.1224,52.3431],[77.1224,52.3431],[77.1224,52.3431],[77.1224,52.3431],[77.1224,52.3431],[77.1224,52.3431],[77.1224,52.3431],[77.1224,52.3431],[77.1224,52.3431],[77.1225,52.3431],[77.1225,52.3431],[77.1225,52.3431],[77.1225,52.3431],[77.1225,52.343],[77.1225,52.343],[77.1226,52.343],[77.1226,52.343],[77.1226,52.343],[77.1226,52.343],[77.1226,52.343],[77.1226,52.343],[77.1226,52.343],[77.1226,52.343],[77.1227,52.343],[77.1227,52.343],[77.1227,52.343],[77.1227,52.343],[77.1227,52.343],[77.1227,52.343],[77.1227,52.3429],[77.1227,52.3429],[77.1227,52.3429],[77.1227,52.3429],[77.1228,52.3429],[77.1228,52.3429],[77.1228,52.3429],[77.1228,52.3429],[77.1228,52.3429],[77.1228,52.3429],[77.1228,52.3429],[77.1228,52.3429],[77.1228,52.3429],[77.1228,52.3428],[77.1228,52.3428],[77.1228,52.3428],[77.1228,52.3428],[77.1228,52.3428],[77.1228,52.3428],[77.1229,52.3428],[77.1229,52.3428],[77.1229,52.3428],[77.1229,52.3428],[77.1229,52.3427],[77.1229,52.3427],[77.1229,52.3427],[77.1229,52.3427],[77.1229,52.3427],[77.1229,52.3427],[77.1229,52.3427],[77.1229,52.3427],[77.1229,52.3427],[77.1277,52.331],[77.1291,52.3291],[77.1291,52.3291],[77.1291,52.3291],[77.1291,52.3291],[77.1291,52.329],[77.1304,52.3272],[77.1304,52.3272],[77.1304,52.3272],[77.1304,52.3272],[77.1304,52.3271],[77.1308,52.3266],[77.1318,52.3253],[77.1321,52.3253],[77.1321,52.3253],[77.1363,52.3255],[77.1917,52.3343],[77.1917,52.3343],[77.2253,52.3393],[77.2257,52.3382],[77.1922,52.3331],[77.1698,52.3296],[77.1689,52.3294],[77.1366,52.3243],[77.1366,52.3243],[77.1326,52.3241],[77.1326,52.3241],[77.1326,52.3241],[77.1324,52.3241],[77.1324,52.3241],[77.1324,52.3241],[77.1324,52.3241],[77.1324,52.3241],[77.1324,52.3241],[77.1367,52.3137],[77.1367,52.3137],[77.1367,52.3137],[77.1367,52.3137],[77.1367,52.3137],[77.1367,52.3137],[77.1367,52.3136],[77.1367,52.3136],[77.1367,52.3136],[77.1367,52.3136],[77.1367,52.3135],[77.1367,52.3135],[77.1367,52.3135],[77.1367,52.3135],[77.1367,52.3134],[77.1367,52.3134],[77.1367,52.3134],[77.1366,52.3134],[77.1366,52.3133],[77.1366,52.3133],[77.1366,52.3133],[77.1366,52.3133],[77.1366,52.3132],[77.1365,52.3132],[77.1365,52.3132],[77.1365,52.3132],[77.1365,52.3132],[77.1365,52.3132],[77.1364,52.3131],[77.1364,52.3131],[77.1364,52.3131],[77.1364,52.3131],[77.1363,52.313],[77.1363,52.313],[77.1363,52.313],[77.1363,52.313],[77.1362,52.313],[77.1362,52.313],[77.1362,52.3129],[77.1361,52.3129],[77.1361,52.3129],[77.1361,52.3129],[77.1361,52.3129],[77.136,52.3129],[77.136,52.3129],[77.1359,52.3129],[77.1359,52.3129],[77.1359,52.3128],[77.1358,52.3128],[77.1358,52.3128],[77.1358,52.3128],[77.1357,52.3128],[77.1357,52.3128],[77.1356,52.3128],[77.1204,52.3104],[77.1204,52.3104],[77.1204,52.3104],[77.1203,52.3104],[77.1203,52.3104],[77.1202,52.3104],[77.1202,52.3104],[77.1202,52.3104],[77.1202,52.3104],[77.1201,52.3104],[77.1201,52.3104],[77.12,52.3104],[77.12,52.3104],[77.1199,52.3104],[77.1199,52.3104],[77.1198,52.3104],[77.1198,52.3104],[77.1197,52.3105],[77.1197,52.3105],[77.1196,52.3105],[77.1196,52.3105],[77.1195,52.3105],[77.1195,52.3105],[77.1194,52.3105],[77.1194,52.3105],[77.1194,52.3105],[77.1194,52.3105],[77.1194,52.3105],[77.1193,52.3106],[77.1193,52.3106],[77.1192,52.3106],[77.1192,52.3106],[77.1191,52.3106],[77.1191,52.3106],[77.1191,52.3107],[77.1191,52.3107],[77.119,52.3107],[77.119,52.3107],[77.119,52.3108],[77.1189,52.3108],[77.1189,52.3108],[77.1189,52.3108],[77.1188,52.3109],[77.1188,52.3109],[77.1188,52.3109],[77.1153,52.3196],[77.1152,52.3198],[77.115,52.32],[77.1148,52.3202],[77.1145,52.3205],[77.1142,52.3207],[77.1127,52.3214],[77.1121,52.3216],[77.1063,52.3212],[77.1048,52.321],[77.1048,52.321],[77.1048,52.321],[77.1045,52.3209],[77.1042,52.3209],[77.104,52.3209],[77.1038,52.3208],[77.1036,52.3208],[77.1035,52.3207],[77.1034,52.3207],[77.1033,52.3206],[77.1032,52.3206],[77.1031,52.3205],[77.1031,52.3205],[77.103,52.3204],[77.103,52.3203],[77.1029,52.3202],[77.1029,52.3202],[77.1029,52.3201],[77.1029,52.32],[77.1029,52.3199],[77.1037,52.3181],[77.1037,52.3181],[77.1038,52.3179],[77.1038,52.3179],[77.1038,52.3179],[77.1038,52.3179],[77.1038,52.3179],[77.1039,52.3177],[77.1039,52.3177],[77.1039,52.3177],[77.1039,52.3177],[77.104,52.3175],[77.104,52.3175],[77.104,52.3175],[77.104,52.3175],[77.1041,52.3173],[77.1041,52.3173],[77.1041,52.3172],[77.1041,52.3172],[77.1042,52.3169],[77.1042,52.3169],[77.1042,52.3168],[77.1042,52.3168],[77.1043,52.3164],[77.1043,52.3164],[77.1043,52.3164],[77.1043,52.3164],[77.1044,52.316],[77.1044,52.316],[77.1044,52.316],[77.1044,52.316],[77.1045,52.3156],[77.1045,52.3156],[77.1045,52.3156],[77.1045,52.3156],[77.1045,52.3152],[77.1045,52.3152],[77.1045,52.3152],[77.1045,52.3152],[77.1045,52.3152],[77.1045,52.3151],[77.1045,52.3151],[77.1045,52.3151],[77.1045,52.3148],[77.1045,52.3148],[77.1045,52.3148],[77.1045,52.3148],[77.1045,52.3148],[77.1045,52.3147],[77.1045,52.3147],[77.1045,52.3143],[77.1045,52.3143],[77.1045,52.3143],[77.1045,52.3143],[77.1045,52.3139],[77.1045,52.3139],[77.1045,52.3139],[77.1045,52.3139],[77.1044,52.3135],[77.1044,52.3135],[77.1044,52.3135],[77.1044,52.3135],[77.1043,52.3131],[77.1043,52.3131],[77.1043,52.3131],[77.1043,52.3131],[77.1042,52.3127],[77.1042,52.3127],[77.1042,52.3127],[77.1042,52.3127],[77.1041,52.3123],[77.1041,52.3123],[77.1041,52.3122],[77.1041,52.3122],[77.1039,52.3119],[77.1039,52.3119],[77.1039,52.3118],[77.1039,52.3118],[77.1037,52.3114],[77.1037,52.3114],[77.1037,52.3114],[77.1037,52.3114],[77.1035,52.311],[77.1035,52.311],[77.1035,52.311],[77.1035,52.311],[77.1033,52.3107],[77.1033,52.3107],[77.1033,52.3106],[77.1033,52.3106],[77.103,52.3103],[77.103,52.3103],[77.103,52.3102],[77.103,52.3102],[77.1028,52.3099],[77.1028,52.3099],[77.1027,52.3099],[77.1027,52.3099],[77.1024,52.3095],[77.1024,52.3095],[77.1024,52.3095],[77.1024,52.3095],[77.1021,52.3091],[77.1021,52.3091],[77.1021,52.3091],[77.1021,52.3091],[77.1021,52.3091],[77.1021,52.3091],[77.1021,52.3091],[77.1018,52.3088],[77.1018,52.3088],[77.1018,52.3088],[77.1018,52.3088],[77.1014,52.3084],[77.1014,52.3084],[77.1014,52.3084],[77.1014,52.3084],[77.101,52.3081],[77.101,52.3081],[77.101,52.3081],[77.101,52.3081],[77.1006,52.3077],[77.1006,52.3077],[77.1006,52.3077],[77.1006,52.3077],[77.1002,52.3074],[77.1002,52.3074],[77.1001,52.3074],[77.1001,52.3074],[77.0999,52.3072],[77.0999,52.3072],[77.0999,52.3072],[77.0999,52.3072],[77.0997,52.3071],[77.0997,52.3071],[77.0996,52.3071],[77.0996,52.3071],[77.0994,52.3069],[77.0994,52.3069],[77.0994,52.3069],[77.0992,52.3067],[77.0992,52.3067],[77.0992,52.3067],[77.0902,52.3008],[77.0902,52.3008],[77.0902,52.3008],[77.0902,52.3008],[77.0897,52.3004],[77.0897,52.3004],[77.0896,52.3004],[77.0896,52.3004],[77.089,52.3],[77.089,52.3],[77.089,52.3],[77.089,52.3],[77.0884,52.2996],[77.0884,52.2996],[77.0884,52.2996],[77.0884,52.2996],[77.0878,52.2993],[77.0878,52.2993],[77.0877,52.2993],[77.0877,52.2993],[77.0871,52.299],[77.0871,52.299],[77.0871,52.2989],[77.0871,52.2989],[77.0867,52.2987],[77.0864,52.2986],[77.0864,52.2986],[77.0864,52.2986],[77.0864,52.2986],[77.0857,52.2983],[77.0857,52.2983],[77.0857,52.2983],[77.0857,52.2983],[77.085,52.298],[77.085,52.298],[77.085,52.298],[77.085,52.298],[77.0843,52.2977],[77.0843,52.2977],[77.0843,52.2977],[77.0843,52.2977],[77.0835,52.2974],[77.0835,52.2974],[77.0835,52.2974],[77.0835,52.2974],[77.0835,52.2974],[77.0835,52.2974],[77.0835,52.2974],[77.0828,52.2971],[77.0828,52.2971],[77.0828,52.2971],[77.0828,52.2971],[77.082,52.2969],[77.082,52.2969],[77.082,52.2969],[77.082,52.2969],[77.0812,52.2966],[77.0812,52.2966],[77.0812,52.2966],[77.0812,52.2966],[77.0805,52.2964],[77.0805,52.2964],[77.0804,52.2964],[77.0804,52.2964],[77.0797,52.2962],[77.0797,52.2962],[77.0796,52.2962],[77.0796,52.2962],[77.0789,52.296],[77.0789,52.296],[77.0788,52.296],[77.0788,52.296],[77.078,52.2958],[77.078,52.2958],[77.078,52.2958],[77.078,52.2958],[77.0772,52.2956],[77.0772,52.2956],[77.0772,52.2956],[77.0772,52.2956],[77.0764,52.2955],[77.0764,52.2955],[77.0764,52.2955],[77.0764,52.2955],[77.0755,52.2953],[77.0755,52.2953],[77.0755,52.2953],[77.0755,52.2953],[77.0747,52.2952],[77.0747,52.2952],[77.0747,52.2952],[77.0747,52.2952],[77.0739,52.2951],[77.0739,52.2951],[77.0738,52.2951],[77.0738,52.2951],[77.073,52.295],[77.073,52.295],[77.073,52.295],[77.073,52.295],[77.0721,52.2949],[77.0721,52.2949],[77.0721,52.2949],[77.0721,52.2949],[77.0713,52.2949],[77.0713,52.2949],[77.0712,52.2949],[77.0712,52.2949],[77.0704,52.2948],[77.0704,52.2948],[77.0704,52.2948],[77.0704,52.2948],[77.07,52.2948],[77.0695,52.2948],[77.0695,52.2948],[77.0695,52.2948],[77.0695,52.2948],[77.0692,52.2948],[77.0687,52.2947],[77.0685,52.2947],[77.0684,52.2947],[77.0683,52.2947],[77.0682,52.2946],[77.0681,52.2946],[77.068,52.2946],[77.068,52.2945],[77.0679,52.2945],[77.0679,52.2944],[77.0678,52.2944],[77.0678,52.2943],[77.0678,52.2942],[77.0677,52.2941],[77.0677,52.294],[77.0677,52.2939],[77.0677,52.2938],[77.0677,52.2938],[77.0677,52.2937],[77.0676,52.2905],[77.0676,52.2885],[77.0676,52.288],[77.0677,52.287],[77.0684,52.284],[77.0689,52.2818],[77.0689,52.2818],[77.0694,52.2732],[77.0694,52.2732],[77.0694,52.2732],[77.0694,52.252],[77.0696,52.252],[77.0697,52.252],[77.0697,52.252],[77.0698,52.2519],[77.0698,52.2519],[77.07,52.2518],[77.07,52.2518],[77.0702,52.2517],[77.0702,52.2517],[77.0702,52.2517],[77.0702,52.2516],[77.0702,52.2516],[77.0703,52.2514],[77.0703,52.2514],[77.0703,52.2514],[77.0703,52.2513],[77.0703,52.2513],[77.0702,52.2511],[77.0702,52.2511],[77.0694,52.2502],[77.0694,52.2493],[77.0694,52.2459],[77.0694,52.2459],[77.0688,52.2431],[77.0688,52.2431],[77.0685,52.242],[77.0685,52.242],[77.0675,52.2397],[77.0675,52.2397],[77.0697,52.2393],[77.0698,52.2393],[77.0698,52.2393],[77.0698,52.2393],[77.0698,52.2393],[77.0699,52.2393],[77.0699,52.2393],[77.0699,52.2393],[77.0699,52.2393],[77.07,52.2393],[77.07,52.2393],[77.07,52.2393],[77.07,52.2393],[77.0701,52.2393],[77.0701,52.2393],[77.0701,52.2393],[77.0701,52.2393],[77.0702,52.2393],[77.0702,52.2393],[77.0702,52.2393],[77.0703,52.2393],[77.0703,52.2393],[77.0703,52.2393],[77.0703,52.2393],[77.0704,52.2393],[77.0704,52.2393],[77.0704,52.2393],[77.0704,52.2393],[77.0705,52.2393],[77.0705,52.2393],[77.0732,52.2399],[77.0733,52.2399],[77.0736,52.2399],[77.0736,52.2399],[77.0736,52.2399],[77.0736,52.2399],[77.0736,52.2399],[77.0736,52.2399],[77.0737,52.2399],[77.0737,52.2399],[77.0737,52.2399],[77.0737,52.2399],[77.0737,52.2399],[77.0737,52.2399],[77.0738,52.2399],[77.0738,52.2399],[77.0738,52.2399],[77.0738,52.2399],[77.0738,52.2399],[77.0738,52.2399],[77.0739,52.2399],[77.0739,52.2399],[77.0739,52.2399],[77.0739,52.2399],[77.0739,52.2399],[77.0739,52.2399],[77.074,52.2399],[77.074,52.2399],[77.074,52.2399],[77.074,52.2399],[77.074,52.2399],[77.074,52.2399],[77.0741,52.2399],[77.0741,52.2399],[77.0741,52.2399],[77.0741,52.2399],[77.0741,52.2399],[77.0741,52.2399],[77.0742,52.2399],[77.0742,52.2399],[77.0742,52.2399],[77.0742,52.2399],[77.0742,52.2399],[77.0742,52.2399],[77.0743,52.2399],[77.0743,52.2399],[77.0743,52.2399],[77.0743,52.2399],[77.0743,52.2399],[77.0743,52.2399],[77.0744,52.2399],[77.0744,52.2399],[77.0744,52.2399],[77.0744,52.2399],[77.0744,52.2399],[77.0744,52.2399],[77.0745,52.2399],[77.0745,52.2399],[77.0745,52.2399],[77.0745,52.2399],[77.0745,52.2399],[77.0752,52.2398],[77.0753,52.2397],[77.0801,52.2387],[77.0859,52.2373],[77.099,52.2374],[77.0992,52.2374],[77.0994,52.2373],[77.1007,52.2365],[77.1044,52.2364],[77.1046,52.2364],[77.1864,52.2176],[77.1864,52.2176],[77.1864,52.2176],[77.1864,52.2176],[77.1865,52.2176],[77.1865,52.2176],[77.1865,52.2176],[77.1865,52.2176],[77.1866,52.2176],[77.1866,52.2176],[77.1866,52.2176],[77.1866,52.2176],[77.1866,52.2175],[77.1867,52.2175],[77.1867,52.2175],[77.1867,52.2175],[77.1867,52.2175],[77.1867,52.2175],[77.1868,52.2175],[77.1868,52.2175],[77.1868,52.2175],[77.1868,52.2175],[77.1868,52.2174],[77.1869,52.2174],[77.1869,52.2174],[77.1869,52.2174],[77.1869,52.2174],[77.1869,52.2174],[77.1869,52.2174],[77.187,52.2173],[77.187,52.2173],[77.187,52.2173],[77.187,52.2173],[77.187,52.2173],[77.187,52.2173],[77.187,52.2173],[77.1871,52.2173],[77.1871,52.2172],[77.1871,52.2172],[77.1871,52.2172],[77.1871,52.2172],[77.1871,52.2172],[77.1871,52.2172],[77.1871,52.2172],[77.1871,52.2171],[77.1872,52.2171],[77.1872,52.2171],[77.1872,52.2171],[77.1872,52.2171],[77.1872,52.2171],[77.1872,52.217],[77.1872,52.217],[77.1872,52.217],[77.1872,52.217],[77.1872,52.217],[77.1872,52.217],[77.1872,52.2169],[77.1872,52.2169],[77.1872,52.2169],[77.1872,52.2169],[77.1872,52.2169],[77.188,52.2114],[77.188,52.2114],[77.188,52.2113],[77.188,52.2113],[77.188,52.2112],[77.188,52.2112],[77.1881,52.2112],[77.1881,52.2112],[77.1881,52.2111],[77.1881,52.2111],[77.1881,52.211],[77.1881,52.211],[77.1881,52.211],[77.1881,52.211],[77.1881,52.2109],[77.1881,52.2109],[77.1881,52.2108],[77.1881,52.2108],[77.1881,52.2108],[77.1881,52.2108],[77.1881,52.2107],[77.1881,52.2107],[77.1881,52.2106],[77.1881,52.2106],[77.1881,52.2106],[77.1881,52.2106],[77.1881,52.2106],[77.1881,52.2105],[77.1881,52.2105],[77.1881,52.2104],[77.1881,52.2104],[77.1881,52.2104],[77.1881,52.2103],[77.1881,52.2103],[77.1881,52.2103],[77.1881,52.2102],[77.1881,52.2102],[77.1881,52.2101],[77.1881,52.2101],[77.1881,52.2101],[77.1881,52.2101],[77.1881,52.21],[77.1881,52.21],[77.1881,52.2099],[77.1881,52.2099],[77.1881,52.2099],[77.1881,52.2099],[77.188,52.2098],[77.188,52.2098],[77.188,52.2097],[77.188,52.2097],[77.188,52.2097],[77.188,52.2097],[77.188,52.2096],[77.188,52.2096],[77.188,52.2095],[77.188,52.2095],[77.188,52.2095],[77.188,52.2095],[77.188,52.2094],[77.1877,52.2012],[77.1904,52.2012],[77.1904,52.2012],[77.1905,52.2005],[77.1904,52.2005],[77.1904,52.2005],[77.1871,52.2005],[77.1869,52.2005],[77.1866,52.2007],[77.1866,52.2008],[77.1866,52.2008],[77.1868,52.2094],[77.1868,52.2095],[77.1868,52.2095],[77.1868,52.2096],[77.1868,52.2097],[77.1869,52.2097],[77.1869,52.2098],[77.1869,52.2099],[77.1869,52.2099],[77.1869,52.21],[77.1869,52.2101],[77.1869,52.2101],[77.1869,52.2102],[77.1869,52.2102],[77.1869,52.2103],[77.1869,52.2104],[77.1869,52.2104],[77.1869,52.2105],[77.1869,52.2106],[77.1869,52.2106],[77.1869,52.2107],[77.1869,52.2107],[77.1869,52.2108],[77.1869,52.2109],[77.1869,52.2109],[77.1869,52.211],[77.1869,52.2111],[77.1869,52.2111],[77.1869,52.2112],[77.1869,52.2112],[77.1869,52.2113],[77.1861,52.2168],[77.1861,52.2169],[77.1861,52.2169],[77.1861,52.2169],[77.1861,52.2169],[77.1861,52.2169],[77.1861,52.2169],[77.186,52.2169],[77.186,52.2169],[77.186,52.2169],[77.186,52.2169],[77.186,52.2169],[77.186,52.2169],[77.186,52.2169],[77.186,52.2169],[77.186,52.2169],[77.186,52.2169],[77.186,52.2169],[77.186,52.2169],[77.186,52.2169],[77.186,52.2169],[77.186,52.2169],[77.186,52.2169],[77.186,52.2169],[77.186,52.2169],[77.186,52.2169],[77.186,52.2169],[77.186,52.2169],[77.186,52.217],[77.186,52.217],[77.186,52.217],[77.1042,52.2357],[77.1004,52.2358],[77.1002,52.2358],[77.1,52.2359],[77.0987,52.2367],[77.0858,52.2366],[77.0856,52.2366],[77.0797,52.238],[77.0749,52.2391],[77.0742,52.2392],[77.0741,52.2392],[77.0741,52.2392],[77.0741,52.2392],[77.0741,52.2392],[77.0741,52.2392],[77.0741,52.2392],[77.0741,52.2392],[77.074,52.2392],[77.074,52.2392],[77.074,52.2392],[77.074,52.2392],[77.074,52.2392],[77.074,52.2392],[77.074,52.2392],[77.074,52.2392],[77.074,52.2392],[77.074,52.2392],[77.074,52.2392],[77.0739,52.2392],[77.0739,52.2392],[77.0739,52.2392],[77.0739,52.2392],[77.0739,52.2392],[77.0739,52.2392],[77.0739,52.2392],[77.0739,52.2392],[77.0739,52.2392],[77.0739,52.2392],[77.0739,52.2392],[77.0738,52.2392],[77.0736,52.2392],[77.0708,52.2386],[77.0708,52.2386],[77.0708,52.2386],[77.0708,52.2386],[77.0707,52.2386],[77.0707,52.2386],[77.0707,52.2386],[77.0707,52.2386],[77.0706,52.2386],[77.0706,52.2386],[77.0706,52.2386],[77.0706,52.2386],[77.0705,52.2386],[77.0705,52.2386],[77.0705,52.2386],[77.0705,52.2386],[77.0705,52.2386],[77.0704,52.2386],[77.0704,52.2386],[77.0704,52.2386],[77.0704,52.2386],[77.0704,52.2386],[77.0703,52.2386],[77.0703,52.2386],[77.0703,52.2386],[77.0703,52.2386],[77.0702,52.2386],[77.0702,52.2386],[77.0702,52.2386],[77.0702,52.2386],[77.0701,52.2386],[77.0701,52.2386],[77.0701,52.2386],[77.0701,52.2386],[77.0701,52.2386],[77.07,52.2386],[77.07,52.2386],[77.07,52.2386],[77.07,52.2386],[77.07,52.2386],[77.0699,52.2386],[77.0699,52.2386],[77.0699,52.2386],[77.0699,52.2386],[77.0699,52.2386],[77.0698,52.2386],[77.0698,52.2386],[77.0698,52.2386],[77.0698,52.2386],[77.0697,52.2386],[77.0697,52.2386],[77.0697,52.2386],[77.0697,52.2386],[77.0696,52.2386],[77.0696,52.2386],[77.0696,52.2386],[77.0696,52.2386],[77.0695,52.2386],[77.0695,52.2386],[77.0695,52.2386],[77.0695,52.2386],[77.0672,52.239],[77.0646,52.2335],[77.0646,52.2335],[77.0638,52.232],[77.0639,52.2309],[77.064,52.2305],[77.0647,52.2286],[77.0647,52.2286],[77.0647,52.2282],[77.0647,52.2282],[77.0647,52.2282],[77.0647,52.2268],[77.0647,52.2268],[77.0644,52.2261],[77.0644,52.2261],[77.0641,52.2255],[77.0641,52.2255],[77.0635,52.2248],[77.0635,52.2248],[77.0635,52.2248],[77.0599,52.2212],[77.0599,52.2212],[77.0583,52.2196],[77.0541,52.2156],[77.0536,52.2151],[77.049,52.2105],[77.0488,52.2103],[77.0487,52.2103],[77.0478,52.2093],[77.0579,52.2047],[77.0583,52.2045],[77.0694,52.1994],[77.0694,52.1994],[77.0694,52.1994],[77.0694,52.1993],[77.0694,52.1993],[77.0649,52.1963],[77.0649,52.1963],[77.0649,52.1962],[77.0649,52.1962],[77.0648,52.1962],[77.0648,52.1962],[77.0648,52.1962],[77.0648,52.1962],[77.0648,52.1962],[77.0575,52.1954],[77.04,52.1935],[77.04,52.1935],[77.04,52.1935],[77.0399,52.1935],[77.0399,52.1935],[77.0399,52.1935],[77.0398,52.1935],[77.0368,52.1932],[77.0364,52.1931],[77.0364,52.1931],[77.0364,52.1931],[77.0363,52.1931],[77.0363,52.1931],[77.0363,52.1931],[77.0363,52.1931],[77.034,52.1929],[77.0441,52.176],[77.0445,52.1755],[77.0583,52.1553],[77.0636,52.1563],[77.0665,52.1568],[77.0665,52.1568],[77.0665,52.1568],[77.0665,52.1568],[77.0666,52.1568],[77.0666,52.1568],[77.0666,52.1568],[77.0666,52.1568],[77.0667,52.1568],[77.0667,52.1568],[77.0667,52.1568],[77.0777,52.156],[77.0941,52.1606],[77.0941,52.1606],[77.0942,52.1606],[77.0942,52.1606],[77.0942,52.1606],[77.0943,52.1606],[77.0943,52.1606],[77.0944,52.1606],[77.0944,52.1606],[77.0944,52.1606],[77.0945,52.1606],[77.0945,52.1606],[77.0945,52.1606],[77.0946,52.1606],[77.0946,52.1606],[77.0946,52.1606],[77.0947,52.1605],[77.0947,52.1605],[77.0947,52.1605],[77.0948,52.1605],[77.0948,52.1605],[77.0948,52.1605],[77.0948,52.1605],[77.0948,52.1604],[77.1044,52.147],[77.1045,52.147],[77.1049,52.1464],[77.1074,52.1428],[77.1074,52.1428],[77.1075,52.1428],[77.1075,52.1428],[77.1075,52.1427],[77.1075,52.1427],[77.1074,52.1426],[77.1074,52.1426],[77.1074,52.1426],[77.1074,52.1426],[77.1074,52.1426],[77.1073,52.1425],[77.1073,52.1425],[77.0813,52.132],[77.0813,52.132],[77.0813,52.132],[77.0758,52.1305],[77.0867,52.1152],[77.0986,52.1065],[77.0986,52.1065],[77.0986,52.1064],[77.0986,52.1064],[77.0986,52.1064],[77.0971,52.1057],[77.0971,52.1057],[77.0971,52.1057],[77.0971,52.1057],[77.0971,52.1057],[77.0851,52.1145],[77.0851,52.1145],[77.0851,52.1145],[77.0797,52.122],[77.0768,52.1216],[77.0768,52.1216],[77.0768,52.1216],[77.0768,52.1216],[77.0767,52.1216],[77.0767,52.1216],[77.0766,52.1216],[77.0766,52.1216],[77.0766,52.1216],[77.0766,52.1216],[77.0766,52.1216],[77.0765,52.1216],[77.0765,52.1216],[77.0764,52.1216],[77.0764,52.1216],[77.0764,52.1216],[77.0764,52.1216],[77.0763,52.1216],[77.0763,52.1216],[77.0763,52.1216],[77.0763,52.1216],[77.0762,52.1216],[77.0762,52.1216],[77.0761,52.1216],[77.0761,52.1216],[77.0761,52.1216],[77.0761,52.1216],[77.0761,52.1216],[77.076,52.1217],[77.076,52.1217],[77.076,52.1217],[77.076,52.1217],[77.0759,52.1217],[77.0759,52.1217],[77.0759,52.1217],[77.0759,52.1217],[77.0758,52.1218],[77.0758,52.1218],[77.0758,52.1218],[77.0758,52.1218],[77.0758,52.1218],[77.0758,52.1218],[77.0757,52.1219],[77.0757,52.1219],[77.0757,52.1219],[77.0757,52.1219],[77.0757,52.1219],[77.0757,52.1219],[77.0757,52.1219],[77.0757,52.1219],[77.0706,52.129],[77.0623,52.134],[77.0623,52.134],[77.0623,52.134],[77.0618,52.1349],[77.0509,52.1348],[77.0508,52.1349],[77.0508,52.1349],[77.0508,52.1349],[77.0508,52.1349],[77.0507,52.1442],[77.0507,52.1442],[77.0512,52.1459],[77.0461,52.1532],[77.0461,52.1532],[77.0461,52.1532],[77.0461,52.1532],[77.0461,52.1532],[77.0542,52.1546],[77.0542,52.1546],[77.0564,52.155],[77.0415,52.1768],[77.0415,52.1768],[77.041,52.1776],[77.041,52.1776],[77.041,52.1776],[77.041,52.1776],[77.0407,52.1781],[77.0407,52.1781],[77.0405,52.1784],[77.0405,52.1784],[77.0333,52.1903],[77.0333,52.1903],[77.0331,52.1905],[77.0331,52.1905],[77.0315,52.1931],[77.0308,52.1933],[77.0304,52.1934],[77.0298,52.1935],[77.0291,52.1936],[77.0281,52.1937],[77.0247,52.1926],[77.0247,52.1926],[77.0167,52.191],[77.0183,52.1885],[77.0189,52.1876],[77.019,52.1874],[77.0195,52.1871],[77.0195,52.1871],[77.0195,52.1871],[77.0195,52.1871],[77.0195,52.1871],[77.0195,52.1871],[77.0196,52.1871],[77.0196,52.1871],[77.0196,52.1871],[77.0196,52.1871],[77.0196,52.1871],[77.0196,52.187],[77.0196,52.187],[77.0196,52.187],[77.0196,52.187],[77.0196,52.187],[77.0197,52.187],[77.0198,52.1868],[77.0279,52.1891],[77.0279,52.1891],[77.0279,52.1891],[77.0279,52.1891],[77.028,52.1891],[77.028,52.1891],[77.0281,52.1891],[77.0281,52.1891],[77.0281,52.1891],[77.0281,52.1891],[77.0282,52.1892],[77.0282,52.1892],[77.0283,52.1892],[77.0283,52.1892],[77.0284,52.1892],[77.0284,52.1892],[77.0284,52.1892],[77.0284,52.1892],[77.0284,52.1892],[77.0285,52.1892],[77.0285,52.1892],[77.0286,52.1891],[77.0286,52.1891],[77.0287,52.1891],[77.0287,52.1891],[77.0287,52.1891],[77.0287,52.1891],[77.0288,52.1891],[77.0288,52.1891],[77.0289,52.1891],[77.0289,52.1891],[77.0289,52.1891],[77.0289,52.1891],[77.0289,52.1891],[77.029,52.189],[77.029,52.189],[77.0291,52.189],[77.0291,52.189],[77.0291,52.189],[77.0291,52.189],[77.0292,52.189],[77.0292,52.189],[77.0292,52.1889],[77.0292,52.1889],[77.0293,52.1889],[77.0293,52.1889],[77.0293,52.1889],[77.0293,52.1889],[77.0294,52.1888],[77.0294,52.1888],[77.0294,52.1888],[77.0294,52.1888],[77.0331,52.1845],[77.0331,52.1845],[77.0342,52.1832],[77.0342,52.1832],[77.0359,52.1809],[77.0369,52.1805],[77.0369,52.1805],[77.0369,52.1805],[77.0381,52.1785],[77.0381,52.1784],[77.0381,52.1784],[77.0382,52.1784],[77.0382,52.1784],[77.0382,52.1783],[77.0382,52.1783],[77.0382,52.1783],[77.0382,52.1783],[77.0382,52.1782],[77.0382,52.1782],[77.0382,52.1782],[77.0382,52.1782],[77.0382,52.1782],[77.0382,52.1781],[77.0382,52.1781],[77.0382,52.1781],[77.0382,52.1781],[77.0382,52.178],[77.0382,52.178],[77.0382,52.178],[77.0382,52.178],[77.0381,52.1779],[77.0381,52.1779],[77.0381,52.1779],[77.0381,52.1779],[77.0381,52.1778],[77.0381,52.1778],[77.0381,52.1778],[77.0381,52.1778],[77.0381,52.1778],[77.038,52.1778],[77.038,52.1778],[77.038,52.1777],[77.038,52.1777],[77.0379,52.1777],[77.0379,52.1777],[77.0379,52.1776],[77.0379,52.1776],[77.0378,52.1776],[77.0378,52.1776],[77.0378,52.1776],[77.0377,52.1776],[77.0377,52.1775],[77.0377,52.1775],[77.0376,52.1775],[77.0376,52.1775],[77.0376,52.1775],[77.0376,52.1775],[77.0376,52.1775],[77.0375,52.1775],[77.0375,52.1775],[77.0374,52.1774],[77.0374,52.1774],[77.0373,52.1774],[77.0373,52.1774],[77.0366,52.1773],[77.0366,52.1773],[77.0339,52.177],[77.0339,52.177],[77.0319,52.1768],[77.0299,52.1766],[77.0299,52.1766],[77.0293,52.1766],[77.0292,52.1766],[77.0292,52.1766],[77.0292,52.1766],[77.0291,52.1766],[77.0291,52.1766],[77.0291,52.1766],[77.0291,52.1766],[77.029,52.1766],[77.029,52.1766],[77.0289,52.1767],[77.0289,52.1767],[77.0288,52.1767],[77.0288,52.1767],[77.0288,52.1767],[77.0288,52.1767],[77.0287,52.1767],[77.0287,52.1767],[77.0286,52.1767],[77.0286,52.1767],[77.0285,52.1767],[77.0285,52.1767],[77.0285,52.1767],[77.0285,52.1768],[77.0285,52.1768],[77.0284,52.1768],[77.0284,52.1768],[77.0283,52.1768],[77.0283,52.1768],[77.0283,52.1769],[77.0283,52.1769],[77.0282,52.1769],[77.0282,52.1769],[77.0282,52.1769],[77.0282,52.1769],[77.0281,52.177],[77.0281,52.177],[77.0281,52.177],[77.0281,52.177],[77.0281,52.177],[77.028,52.1771],[77.028,52.1771],[77.0192,52.1868],[77.0192,52.1868],[77.0192,52.1868],[77.0192,52.1869],[77.0192,52.1869],[77.0191,52.1869],[77.0191,52.1869],[77.0191,52.1869],[77.0186,52.1872],[77.0186,52.1872],[77.0186,52.1872],[77.0186,52.1872],[77.0186,52.1872],[77.0185,52.1873],[77.0185,52.1873],[77.0185,52.1873],[77.0185,52.1873],[77.0185,52.1873],[77.0185,52.1873],[77.0185,52.1873],[77.0185,52.1873],[77.0185,52.1873],[77.0184,52.1873],[77.0184,52.1873],[77.0184,52.1874],[77.0184,52.1874],[77.0162,52.1909],[77.0162,52.191],[77.0162,52.1909],[77.0162,52.1909],[77.0162,52.1909],[77.0159,52.1909],[77.0159,52.1909],[77.0154,52.1908],[77.0148,52.1907],[77.0143,52.1905],[77.0137,52.1903],[77.0133,52.1902],[77.0128,52.19],[77.0123,52.1897],[77.0119,52.1895],[77.0115,52.1892],[77.0111,52.189],[77.0108,52.1887],[77.0033,52.1806],[77.0029,52.1801],[77.0029,52.1801],[77.0029,52.1801],[77.0029,52.1801],[77.0029,52.1801],[77.0028,52.18],[77.0028,52.18],[77.0023,52.1795],[77.0023,52.1795],[77.0023,52.1795],[77.0023,52.1795],[77.0017,52.179],[77.0017,52.179],[77.0017,52.1789],[77.0017,52.1789],[77.001,52.1785],[77.001,52.1785],[77.001,52.1784],[77.001,52.1784],[77.0003,52.178],[77.0003,52.178],[77.0002,52.178],[77.0002,52.178],[76.9995,52.1775],[76.9995,52.1775],[76.9995,52.1775],[76.9995,52.1775],[76.9987,52.1771],[76.9987,52.1771],[76.9987,52.1771],[76.9987,52.1771],[76.9978,52.1767],[76.9978,52.1767],[76.9978,52.1767],[76.9978,52.1767],[76.9969,52.1764],[76.9969,52.1764],[76.9969,52.1764],[76.9969,52.1764],[76.9969,52.1764],[76.9969,52.1764],[76.9969,52.1764],[76.9968,52.1763],[76.9968,52.1763],[76.953,52.1653],[76.953,52.1653],[76.953,52.1653],[76.952,52.165],[76.952,52.165],[76.9519,52.165],[76.9519,52.165],[76.9509,52.1648],[76.9509,52.1648],[76.9508,52.1648],[76.9508,52.1648],[76.9498,52.1646],[76.9498,52.1646],[76.9497,52.1646],[76.9497,52.1646],[76.9487,52.1645],[76.9487,52.1645],[76.9486,52.1645],[76.9486,52.1645],[76.9475,52.1644],[76.9475,52.1644],[76.9475,52.1644],[76.9475,52.1644],[76.9464,52.1643],[76.9464,52.1643],[76.9463,52.1643],[76.9463,52.1643],[76.9463,52.1643],[76.9463,52.1643],[76.9463,52.1643],[76.9462,52.1643],[76.9462,52.1643],[76.9462,52.1643],[76.9462,52.1643],[76.9462,52.1643],[76.9462,52.1643],[76.9462,52.1643],[76.9461,52.1643],[76.9461,52.1643],[76.9461,52.1643],[76.946,52.1643],[76.946,52.1643],[76.946,52.1643],[76.9459,52.1643],[76.9459,52.1643],[76.9458,52.1643],[76.9458,52.1643],[76.9457,52.1643],[76.9457,52.1643],[76.9456,52.1643],[76.9456,52.1643],[76.9456,52.1643],[76.9456,52.1643],[76.9455,52.1643],[76.9455,52.1643],[76.9453,52.1643],[76.9453,52.1643],[76.9451,52.1643],[76.9451,52.1643],[76.9451,52.1643],[76.9449,52.1643],[76.9449,52.1643],[76.9447,52.1643],[76.9447,52.1643],[76.9447,52.1643],[76.9344,52.1643],[76.9335,52.1647],[76.9226,52.1647],[76.9217,52.1643],[76.9047,52.1643],[76.8997,52.1643],[76.899,52.1647],[76.8953,52.1647],[76.8948,52.1645],[76.8945,52.1643],[76.8936,52.1642],[76.8927,52.1642],[76.8918,52.164],[76.891,52.1639],[76.8901,52.1637],[76.8893,52.1635],[76.8885,52.1632],[76.8877,52.1629],[76.8877,52.1629],[76.8877,52.1629],[76.8877,52.1629],[76.8876,52.1629],[76.8876,52.1629],[76.8875,52.1628],[76.8874,52.1628],[76.8873,52.1628],[76.8872,52.1627],[76.8871,52.1627],[76.887,52.1626],[76.8869,52.1626],[76.8867,52.1625],[76.8866,52.1625],[76.8835,52.1612],[76.8835,52.1612],[76.8833,52.1611],[76.8833,52.1611],[76.8833,52.1611],[76.8832,52.161],[76.8832,52.161],[76.8832,52.161],[76.883,52.161],[76.883,52.161],[76.8829,52.1609],[76.8829,52.1609],[76.8829,52.1609],[76.8828,52.1609],[76.8828,52.1609],[76.8828,52.1609],[76.8827,52.1608],[76.8827,52.1608],[76.8826,52.1608],[76.8826,52.1608],[76.8826,52.1608],[76.8825,52.1607],[76.8825,52.1607],[76.8825,52.1607],[76.8825,52.1607],[76.8824,52.1607],[76.8823,52.1607],[76.8823,52.1607],[76.8823,52.1607],[76.8823,52.1607],[76.8823,52.1607],[76.8823,52.1607],[76.8823,52.1606],[76.8822,52.1606],[76.8822,52.1606],[76.8822,52.1606],[76.8822,52.1606],[76.8822,52.1606],[76.8822,52.1606],[76.8822,52.1606],[76.8822,52.1606],[76.8822,52.1606],[76.8822,52.1606],[76.8822,52.1606],[76.8814,52.1603],[76.8814,52.1603],[76.8813,52.1603],[76.8813,52.1603],[76.8805,52.16],[76.8805,52.16],[76.8804,52.16],[76.8804,52.16],[76.8796,52.1598],[76.8796,52.1598],[76.8795,52.1598],[76.8795,52.1598],[76.8786,52.1596],[76.8786,52.1596],[76.8786,52.1596],[76.8786,52.1596],[76.8777,52.1594],[76.8777,52.1594],[76.8776,52.1594],[76.8776,52.1594],[76.8767,52.1592],[76.8767,52.1592],[76.8767,52.1592],[76.8767,52.1592],[76.8757,52.1591],[76.8757,52.1591],[76.8757,52.1591],[76.8757,52.1591],[76.8757,52.1591],[76.8757,52.1591],[76.8757,52.1591],[76.8757,52.1591],[76.8757,52.1591],[76.8756,52.1591],[76.8756,52.1591],[76.8756,52.1591],[76.8756,52.1591],[76.8756,52.1591],[76.8755,52.1591],[76.8755,52.1591],[76.8754,52.1591],[76.8754,52.1591],[76.8754,52.1591],[76.8753,52.159],[76.8753,52.159],[76.8752,52.159],[76.8752,52.159],[76.8751,52.159],[76.8751,52.159],[76.8751,52.159],[76.8749,52.159],[76.8749,52.159],[76.8748,52.159],[76.8748,52.159],[76.8746,52.159],[76.8746,52.159],[76.8744,52.159],[76.8744,52.159],[76.8744,52.159],[76.8743,52.1589],[76.8742,52.1589],[76.8742,52.1589],[76.8742,52.1589],[76.8549,52.1573],[76.8293,52.1551],[76.8289,52.1551],[76.8284,52.155],[76.828,52.155],[76.8277,52.155],[76.8276,52.1549],[76.8276,52.1549],[76.8276,52.1549],[76.8274,52.1548],[76.8274,52.1548],[76.8273,52.1548],[76.8272,52.1548],[76.8271,52.1548],[76.8271,52.1548],[76.827,52.1548],[76.827,52.1548],[76.8269,52.1548],[76.8269,52.1547],[76.8268,52.1547],[76.8268,52.1547],[76.8267,52.1547],[76.8267,52.1547],[76.8267,52.1547],[76.8266,52.1547],[76.8266,52.1547],[76.8266,52.1547],[76.8266,52.1547],[76.8266,52.1547],[76.8265,52.1547],[76.8265,52.1547],[76.8265,52.1547],[76.8265,52.1547],[76.8265,52.1547],[76.8265,52.1547],[76.8265,52.1547],[76.8263,52.1546],[76.8262,52.1546],[76.8261,52.1545],[76.826,52.1545],[76.8259,52.1544],[76.8257,52.1543],[76.8256,52.1543],[76.8256,52.1542],[76.8255,52.1541],[76.8254,52.1541],[76.8253,52.154],[76.8253,52.1539],[76.8252,52.1538],[76.8252,52.1537],[76.8251,52.1536],[76.8251,52.1536],[76.8251,52.1535],[76.8251,52.1534],[76.8251,52.1533],[76.8251,52.1532],[76.8251,52.1531],[76.8251,52.153],[76.8251,52.1529],[76.8252,52.1528],[76.8252,52.1528],[76.8253,52.1527],[76.8254,52.1526],[76.8254,52.1525],[76.8255,52.1524],[76.8256,52.1524],[76.8256,52.1524],[76.8256,52.1524],[76.8256,52.1524],[76.8256,52.1524],[76.8256,52.1523],[76.8256,52.1523],[76.8257,52.1523],[76.8257,52.1523],[76.8257,52.1523],[76.8257,52.1523],[76.8257,52.1523],[76.8257,52.1523],[76.8258,52.1523],[76.8258,52.1522],[76.8258,52.1522],[76.8258,52.1522],[76.8259,52.1522],[76.8259,52.1522],[76.8259,52.1522],[76.826,52.1521],[76.826,52.1521],[76.8261,52.1521],[76.8261,52.1521],[76.8262,52.152],[76.8262,52.152],[76.8262,52.152],[76.8262,52.152],[76.8263,52.152],[76.8263,52.152],[76.8265,52.1518],[76.8265,52.1518],[76.8265,52.1518],[76.8265,52.1518],[76.8283,52.1508],[76.8283,52.1508],[76.8283,52.1508],[76.8283,52.1508],[76.8283,52.1508],[76.8534,52.1364],[76.8534,52.1364],[76.8535,52.1364],[76.8535,52.1364],[76.8554,52.1349],[76.8554,52.1349],[76.8555,52.1349],[76.8555,52.1349],[76.8555,52.1349],[76.8555,52.1349],[76.8555,52.1349],[76.8562,52.1342],[76.8562,52.1342],[76.8562,52.1341],[76.8562,52.1341],[76.8571,52.133],[76.8571,52.133],[76.8572,52.133],[76.8572,52.133],[76.8756,52.1077],[76.8756,52.1077],[76.8756,52.1077],[76.8756,52.1077],[76.8756,52.1077],[76.874,52.1071],[76.874,52.1071],[76.8739,52.1071],[76.8739,52.1071],[76.8739,52.1071],[76.8739,52.1072],[76.8739,52.1072],[76.8554,52.1325],[76.8545,52.1336],[76.8539,52.1342],[76.8521,52.1356],[76.827,52.15],[76.8216,52.1528],[76.8216,52.1527],[76.8216,52.1527],[76.8216,52.1527],[76.8215,52.1527],[76.8215,52.1527],[76.8215,52.1527],[76.8214,52.1527],[76.8214,52.1527],[76.8213,52.1526],[76.8213,52.1526],[76.8213,52.1526],[76.8213,52.1526],[76.8211,52.1525],[76.8211,52.1525],[76.8211,52.1525],[76.8211,52.1525],[76.8211,52.1525],[76.8211,52.1525],[76.8211,52.1525],[76.8209,52.1525],[76.8209,52.1525],[76.8209,52.1524],[76.8209,52.1524],[76.8208,52.1524],[76.8208,52.1524],[76.8207,52.1524],[76.8207,52.1524],[76.8205,52.1524],[76.8205,52.1524],[76.8205,52.1523],[76.8204,52.1523],[76.8203,52.1523],[76.8203,52.1523],[76.8202,52.1523],[76.8202,52.1523],[76.8201,52.1523],[76.8201,52.1523],[76.8201,52.1523],[76.8201,52.1523],[76.8201,52.1523],[76.82,52.1523],[76.82,52.1523],[76.8199,52.1523],[76.8199,52.1523],[76.8198,52.1523],[76.8198,52.1523],[76.8197,52.1523],[76.8197,52.1523],[76.8196,52.1523],[76.8196,52.1523],[76.8195,52.1524],[76.8195,52.1524],[76.8194,52.1524],[76.8194,52.1524],[76.8193,52.1524],[76.8193,52.1524],[76.8192,52.1524],[76.8192,52.1524],[76.8191,52.1525],[76.8191,52.1525],[76.8191,52.1525],[76.8191,52.1525],[76.8191,52.1525],[76.819,52.1525],[76.819,52.1525],[76.8189,52.1525],[76.8189,52.1525],[76.8188,52.1526],[76.8188,52.1526],[76.8188,52.1526],[76.8188,52.1526],[76.8187,52.1526],[76.8187,52.1526],[76.8186,52.1527],[76.8186,52.1527],[76.8185,52.1527],[76.8185,52.1527],[76.8185,52.1528],[76.8185,52.1528],[76.8184,52.1528],[76.8183,52.1529],[76.8183,52.1529],[76.8183,52.1529],[76.8183,52.1529],[76.8183,52.1529],[76.8182,52.153],[76.8182,52.153],[76.8182,52.1531],[76.8182,52.1531],[76.8181,52.1531],[76.8181,52.1531],[76.8181,52.1532],[76.8181,52.1532],[76.818,52.1533],[76.818,52.1533],[76.818,52.1533],[76.818,52.1533],[76.818,52.1534],[76.818,52.1534],[76.818,52.1534],[76.818,52.1534],[76.818,52.1535],[76.818,52.1535],[76.818,52.1535],[76.818,52.1535],[76.818,52.1536],[76.818,52.1536],[76.8179,52.1536],[76.8179,52.1536],[76.8179,52.1537],[76.8179,52.1537],[76.8179,52.1537],[76.8179,52.1543],[76.8178,52.1544],[76.8178,52.1545],[76.8178,52.1545],[76.8178,52.1546],[76.8178,52.1547],[76.8177,52.1547],[76.8177,52.1547],[76.8177,52.1548],[76.8176,52.1548],[76.8176,52.1548],[76.8175,52.1549],[76.8174,52.1549],[76.8173,52.155],[76.8172,52.1551],[76.8172,52.1551],[76.817,52.1552],[76.817,52.1552],[76.817,52.1552],[76.817,52.1553],[76.8136,52.157],[76.8118,52.158],[76.8109,52.1585],[76.8109,52.1585],[76.7992,52.1646],[76.7992,52.1646],[76.7881,52.1704],[76.7881,52.1704],[76.787,52.171],[76.787,52.171],[76.787,52.171],[76.7867,52.1712],[76.7867,52.1712],[76.7867,52.1712],[76.7864,52.1713],[76.7864,52.1713],[76.7864,52.1713],[76.7864,52.1713],[76.7861,52.1715],[76.7861,52.1715],[76.7861,52.1715],[76.7861,52.1715],[76.7861,52.1715],[76.7858,52.1716],[76.7858,52.1716],[76.7858,52.1716],[76.7858,52.1716],[76.7853,52.1719],[76.7853,52.1719],[76.7853,52.1719],[76.7853,52.1719],[76.7848,52.1722],[76.7848,52.1722],[76.7848,52.1722],[76.7848,52.1722],[76.7843,52.1726],[76.7843,52.1726],[76.7843,52.1726],[76.7843,52.1726],[76.7838,52.1729],[76.7838,52.1729],[76.7838,52.1729],[76.7838,52.1729],[76.7833,52.1733],[76.7833,52.1733],[76.7833,52.1733],[76.7833,52.1733],[76.7829,52.1736],[76.7829,52.1736],[76.7829,52.1736],[76.7829,52.1736],[76.7825,52.174],[76.7825,52.174],[76.7824,52.174],[76.7824,52.174],[76.7821,52.1744],[76.7821,52.1744],[76.782,52.1744],[76.782,52.1744],[76.7817,52.1747],[76.7817,52.1747],[76.7817,52.1747],[76.7817,52.1747],[76.7817,52.1747],[76.7817,52.1748],[76.7817,52.1748],[76.7813,52.1751],[76.7813,52.1751],[76.7813,52.1751],[76.7813,52.1751],[76.7809,52.1755],[76.7809,52.1755],[76.7809,52.1755],[76.7809,52.1755],[76.7806,52.1759],[76.7806,52.1759],[76.7806,52.1759],[76.7806,52.1759],[76.7803,52.1763],[76.7803,52.1763],[76.7803,52.1764],[76.7803,52.1764],[76.78,52.1768],[76.78,52.1768],[76.78,52.1768],[76.78,52.1768],[76.7799,52.177],[76.7798,52.1772],[76.7798,52.1772],[76.7798,52.1772],[76.7798,52.1772],[76.7795,52.1776],[76.7795,52.1776],[76.7795,52.1776],[76.7795,52.1776],[76.7794,52.1778],[76.7794,52.1778],[76.7794,52.1778],[76.7794,52.1778],[76.7793,52.178],[76.7793,52.178],[76.7793,52.1781],[76.7793,52.1781],[76.7792,52.1783],[76.7792,52.1783],[76.7792,52.1783],[76.7791,52.1785],[76.7791,52.1785],[76.7791,52.1785],[76.7745,52.1881],[76.7596,52.2162],[76.7591,52.2171],[76.7591,52.2171],[76.755,52.2256],[76.7536,52.2282],[76.7536,52.2282],[76.7536,52.2282],[76.7536,52.2282],[76.7515,52.2326],[76.7491,52.2353],[76.7472,52.2369],[76.7471,52.2368],[76.7471,52.2368],[76.7471,52.2368],[76.7471,52.2368],[76.7471,52.2368],[76.7424,52.2347],[76.7424,52.2347],[76.7424,52.2347],[76.7424,52.2347],[76.7424,52.2347],[76.7392,52.2332],[76.7392,52.2332],[76.7392,52.2332],[76.7392,52.2332],[76.7392,52.2332],[76.7356,52.2316],[76.7356,52.2316],[76.7356,52.2316],[76.7356,52.2316],[76.7356,52.2316],[76.7322,52.23],[76.7321,52.23],[76.7321,52.23],[76.7321,52.23],[76.7321,52.23],[76.7321,52.23],[76.7321,52.23],[76.732,52.23],[76.732,52.23],[76.732,52.23],[76.732,52.23],[76.7319,52.2299],[76.7319,52.2299],[76.7319,52.2299],[76.7319,52.2299],[76.7319,52.2299],[76.7319,52.2299],[76.7319,52.2299],[76.7318,52.2299],[76.7318,52.2299],[76.7318,52.2299],[76.7318,52.2299],[76.7318,52.2299],[76.7318,52.2299],[76.7317,52.2299],[76.7317,52.2299],[76.7317,52.2299],[76.7317,52.2299],[76.7316,52.2298],[76.7316,52.2298],[76.7316,52.2298],[76.7316,52.2298],[76.7316,52.2298],[76.7316,52.2298],[76.7315,52.2298],[76.7315,52.2298],[76.7315,52.2298],[76.7315,52.2298],[76.7314,52.2298],[76.7314,52.2298],[76.7314,52.2298],[76.7314,52.2298],[76.7313,52.2298],[76.7313,52.2298],[76.7313,52.2298],[76.7313,52.2298],[76.7312,52.2298],[76.7312,52.2298],[76.7312,52.2298],[76.7312,52.2298],[76.7312,52.2298],[76.7312,52.2298],[76.7312,52.2298],[76.7311,52.2298],[76.7311,52.2298],[76.7311,52.2298],[76.7311,52.2298],[76.731,52.2298],[76.731,52.2298],[76.731,52.2298],[76.731,52.2298],[76.7309,52.2298],[76.7309,52.2298],[76.7309,52.2298],[76.7309,52.2298],[76.7308,52.2298],[76.7308,52.2298],[76.7308,52.2298],[76.7308,52.2298],[76.7307,52.2298],[76.7307,52.2298],[76.7307,52.2298],[76.7307,52.2298],[76.7306,52.2299],[76.7306,52.2299],[76.7306,52.2299],[76.7306,52.2299],[76.7305,52.2299],[76.7305,52.2299],[76.7305,52.2299],[76.7305,52.2299],[76.7304,52.2299],[76.7304,52.2299],[76.7304,52.2299],[76.7304,52.2299],[76.7304,52.2299],[76.7304,52.2299],[76.7304,52.2299],[76.7304,52.2299],[76.7304,52.2299],[76.7303,52.2299],[76.7303,52.2299],[76.7303,52.23],[76.7303,52.23],[76.7303,52.23],[76.7303,52.23],[76.7302,52.23],[76.7302,52.23],[76.7302,52.23],[76.7302,52.23],[76.7301,52.23],[76.7301,52.23],[76.7301,52.23],[76.7301,52.23],[76.7301,52.2301],[76.7301,52.2301],[76.7301,52.2301],[76.7301,52.2301],[76.73,52.2301],[76.73,52.2301],[76.73,52.2301],[76.73,52.2301],[76.7299,52.2302],[76.7299,52.2302],[76.7299,52.2302],[76.7299,52.2302],[76.7299,52.2302],[76.7299,52.2302],[76.7299,52.2302],[76.7299,52.2302],[76.7298,52.2303],[76.7276,52.2324],[76.7268,52.232],[76.7268,52.232],[76.7268,52.232],[76.7268,52.232],[76.7268,52.232],[76.7267,52.232],[76.7267,52.232],[76.7259,52.2319],[76.6701,52.2084],[76.6701,52.2084],[76.6298,52.1916],[76.6071,52.1791],[76.6071,52.1791],[76.6071,52.1791],[76.607,52.1791],[76.607,52.1791],[76.6058,52.18],[76.6058,52.18],[76.6058,52.18],[76.6058,52.18],[76.6058,52.18],[76.6287,52.1925],[76.6287,52.1925],[76.6688,52.2093],[76.7285,52.2345],[76.727,52.2359],[76.727,52.2359],[76.727,52.2359],[76.727,52.2359],[76.727,52.2359],[76.7269,52.2359],[76.7269,52.2359],[76.7269,52.2359],[76.7269,52.2359],[76.7269,52.2359],[76.7269,52.236],[76.7269,52.236],[76.7269,52.236],[76.7269,52.236],[76.7269,52.236],[76.7269,52.236],[76.7268,52.236],[76.7268,52.236],[76.7268,52.236],[76.7268,52.236],[76.7268,52.2361],[76.7268,52.2361],[76.7268,52.2361],[76.7268,52.2361],[76.7268,52.2361],[76.7268,52.2361],[76.7268,52.2361],[76.7268,52.2361],[76.7268,52.2362],[76.7268,52.2362],[76.7268,52.2362],[76.7268,52.2362],[76.7268,52.2362],[76.7268,52.2362],[76.7268,52.2362],[76.7268,52.2362],[76.7268,52.2363],[76.7268,52.2363],[76.7268,52.2363],[76.7268,52.2363],[76.7267,52.2363],[76.7267,52.2363],[76.7267,52.2363],[76.7267,52.2363],[76.7267,52.2363],[76.7267,52.2363],[76.7267,52.2363],[76.7268,52.2364],[76.7268,52.2364],[76.7268,52.2364],[76.7268,52.2364],[76.7268,52.2364],[76.7268,52.2364],[76.7268,52.2364],[76.7268,52.2364],[76.7268,52.2365],[76.7268,52.2365],[76.7268,52.2365],[76.7268,52.2365],[76.7268,52.2365],[76.7268,52.2365],[76.7268,52.2365],[76.7268,52.2365],[76.7268,52.2366],[76.7268,52.2366],[76.7268,52.2366],[76.7268,52.2366],[76.7268,52.2366],[76.7268,52.2366],[76.7268,52.2366],[76.7268,52.2366],[76.7269,52.2366],[76.7269,52.2366],[76.7269,52.2367],[76.7269,52.2367],[76.7269,52.2367],[76.7269,52.2367],[76.7269,52.2367],[76.7269,52.2367],[76.7269,52.2367],[76.7269,52.2367],[76.7269,52.2367],[76.7269,52.2367],[76.7269,52.2367],[76.7269,52.2367],[76.7269,52.2367],[76.727,52.2368],[76.727,52.2368],[76.727,52.2368],[76.727,52.2368],[76.727,52.2368],[76.727,52.2368],[76.727,52.2368],[76.727,52.2368],[76.7271,52.2369],[76.7271,52.2369],[76.7271,52.2369],[76.7271,52.2369],[76.7271,52.2369],[76.7331,52.2394],[76.7318,52.2408],[76.7318,52.2408],[76.7316,52.241],[76.7315,52.2412],[76.7315,52.2412],[76.7315,52.2412],[76.7315,52.2412],[76.7314,52.2412],[76.7314,52.2412],[76.7314,52.2412],[76.7314,52.2412],[76.7314,52.2413],[76.7314,52.2413],[76.7314,52.2413],[76.7314,52.2413],[76.7314,52.2413],[76.7314,52.2413],[76.7314,52.2413],[76.7314,52.2413],[76.7314,52.2413],[76.7314,52.2413],[76.7314,52.2414],[76.7314,52.2414],[76.7314,52.2414],[76.7314,52.2414],[76.7314,52.2414],[76.7314,52.2414],[76.7314,52.2414],[76.7314,52.2414],[76.7314,52.2414],[76.7314,52.2414],[76.7314,52.2415],[76.7314,52.2415],[76.7314,52.2415],[76.7314,52.2415],[76.7314,52.2415],[76.7314,52.2415],[76.7314,52.2415],[76.7314,52.2415],[76.7314,52.2415],[76.7314,52.2415],[76.7314,52.2415],[76.7314,52.2415],[76.7314,52.2415],[76.7314,52.2416],[76.7314,52.2416],[76.7314,52.2416],[76.7314,52.2416],[76.7314,52.2416],[76.7314,52.2416],[76.7314,52.2416],[76.7314,52.2416],[76.7314,52.2416],[76.7314,52.2416],[76.7314,52.2417],[76.7314,52.2417],[76.7314,52.2417],[76.7314,52.2417],[76.7314,52.2417],[76.7314,52.2417],[76.7314,52.2417],[76.7314,52.2417],[76.7314,52.2417],[76.7314,52.2417],[76.7314,52.2418],[76.7314,52.2418],[76.7315,52.2418],[76.7315,52.2418],[76.7315,52.2418],[76.7315,52.2418],[76.7315,52.2418],[76.7315,52.2418],[76.7315,52.2418],[76.7315,52.2418],[76.7315,52.2418],[76.7315,52.2418],[76.7315,52.2418],[76.7315,52.2418],[76.7315,52.2418],[76.7315,52.2419],[76.7315,52.2419],[76.7316,52.2419],[76.7316,52.2419],[76.7316,52.2419],[76.7316,52.2419],[76.7316,52.2419],[76.7316,52.2419],[76.7316,52.2419],[76.7316,52.2419],[76.7317,52.2419],[76.7317,52.2419],[76.7317,52.2419],[76.7317,52.2419],[76.7317,52.242],[76.7317,52.242],[76.7317,52.242],[76.7317,52.242],[76.7317,52.242],[76.7317,52.242],[76.7318,52.242],[76.7318,52.242],[76.7318,52.242],[76.7318,52.242],[76.7318,52.242],[76.7318,52.242],[76.7319,52.242],[76.7319,52.242],[76.7319,52.242],[76.7319,52.242],[76.7319,52.242],[76.7319,52.242],[76.7319,52.242],[76.7319,52.2421],[76.7319,52.2421],[76.7319,52.2421],[76.7319,52.2421],[76.7319,52.2421],[76.7363,52.2435],[76.7354,52.2447],[76.7354,52.2447],[76.7354,52.2447],[76.7336,52.2472],[76.7335,52.2472],[76.7335,52.2472],[76.7335,52.2472],[76.7335,52.2472],[76.7335,52.2472],[76.7335,52.2472],[76.7335,52.2472],[76.7335,52.2472],[76.7335,52.2473],[76.7335,52.2473],[76.7335,52.2473],[76.7335,52.2473],[76.7335,52.2473],[76.7335,52.2473],[76.7335,52.2473],[76.7335,52.2473],[76.7335,52.2474],[76.7335,52.2474],[76.7335,52.2474],[76.7335,52.2474],[76.7335,52.2474],[76.7335,52.2474],[76.7335,52.2474],[76.7335,52.2474],[76.7335,52.2475],[76.7335,52.2475],[76.7335,52.2475],[76.7335,52.2475],[76.7335,52.2475],[76.7335,52.2475],[76.7335,52.2475],[76.7335,52.2475],[76.7335,52.2475],[76.7335,52.2475],[76.7335,52.2475],[76.7335,52.2475],[76.7335,52.2476],[76.7335,52.2476],[76.7335,52.2476],[76.7335,52.2476],[76.7335,52.2476],[76.7335,52.2476],[76.7335,52.2476],[76.7335,52.2476],[76.7335,52.2476],[76.7335,52.2476],[76.7335,52.2477],[76.7335,52.2477],[76.7335,52.2477],[76.7335,52.2477],[76.7335,52.2477],[76.7335,52.2477],[76.7335,52.2477],[76.7335,52.2477],[76.7336,52.2478],[76.7336,52.2478],[76.7336,52.2478],[76.7336,52.2478],[76.7336,52.2478],[76.7336,52.2478],[76.7336,52.2478],[76.7336,52.2478],[76.7336,52.2478],[76.7336,52.2478],[76.7336,52.2478],[76.7336,52.2478],[76.7336,52.2478],[76.7336,52.2478],[76.7336,52.2478],[76.7337,52.2479],[76.7337,52.2479],[76.7337,52.2479],[76.7337,52.2479],[76.7337,52.2479],[76.7337,52.2479],[76.7337,52.2479],[76.7337,52.2479],[76.7338,52.2479],[76.7338,52.2479],[76.7338,52.2479],[76.7338,52.2479],[76.7338,52.248],[76.7338,52.248],[76.7338,52.248],[76.7338,52.248],[76.7339,52.248],[76.7339,52.248],[76.7339,52.248],[76.7339,52.248],[76.7339,52.248],[76.7339,52.248],[76.734,52.248],[76.734,52.248],[76.734,52.2481],[76.734,52.2481],[76.734,52.2481],[76.734,52.2481],[76.734,52.2481],[76.734,52.2481],[76.734,52.2481],[76.7341,52.2481],[76.7341,52.2481],[76.7341,52.2481],[76.7341,52.2481],[76.7375,52.2491],[76.7312,52.2577],[76.7312,52.2577],[76.7312,52.2577],[76.7312,52.2577],[76.7311,52.2577],[76.7311,52.2577],[76.7311,52.2578],[76.7311,52.2578],[76.7311,52.2578],[76.7311,52.2578],[76.7311,52.2578],[76.7311,52.2578],[76.7311,52.2579],[76.7311,52.2579],[76.7311,52.2579],[76.7311,52.2579],[76.7311,52.2579],[76.7311,52.2579],[76.7311,52.2579],[76.7311,52.2579],[76.7311,52.258],[76.7311,52.258],[76.7311,52.258],[76.7311,52.258],[76.7311,52.258],[76.7311,52.258],[76.7311,52.258],[76.7311,52.258],[76.7311,52.2581],[76.7311,52.2581],[76.7311,52.2581],[76.7311,52.2581],[76.7311,52.2581],[76.7311,52.2581],[76.7311,52.2581],[76.7311,52.2581],[76.7311,52.2582],[76.7311,52.2582],[76.7311,52.2582],[76.7311,52.2582],[76.7311,52.2582],[76.7311,52.2582],[76.7311,52.2583],[76.7311,52.2583],[76.7311,52.2583],[76.7311,52.2583],[76.7311,52.2583],[76.7311,52.2583],[76.7312,52.2584],[76.7312,52.2584],[76.7312,52.2584],[76.7312,52.2584],[76.7312,52.2584],[76.7312,52.2584],[76.7312,52.2584],[76.7312,52.2584],[76.7312,52.2585],[76.7312,52.2585],[76.7313,52.2585],[76.7313,52.2585],[76.7313,52.2585],[76.7313,52.2585],[76.7313,52.2585],[76.7313,52.2585],[76.7313,52.2585],[76.7313,52.2585],[76.7313,52.2585],[76.7313,52.2586],[76.7313,52.2586],[76.7314,52.2586],[76.7314,52.2586],[76.7314,52.2586],[76.7314,52.2586],[76.7314,52.2586],[76.7314,52.2586],[76.7315,52.2586],[76.7315,52.2586],[76.7315,52.2586],[76.7315,52.2586],[76.7315,52.2587],[76.7315,52.2587],[76.7315,52.2587],[76.7315,52.2587],[76.7316,52.2587],[76.7316,52.2587],[76.7316,52.2587],[76.7316,52.2587],[76.7317,52.2587],[76.7317,52.2587],[76.7317,52.2588],[76.7317,52.2588],[76.7317,52.2588],[76.7317,52.2588],[76.7318,52.2588],[76.7318,52.2588],[76.7318,52.2588],[76.7318,52.2588],[76.7318,52.2588],[76.7318,52.2588],[76.7318,52.2588],[76.7318,52.2588],[76.7318,52.2588],[76.7319,52.2588],[76.7319,52.2588],[76.7319,52.2588],[76.7319,52.2588],[76.732,52.2589],[76.732,52.2589],[76.732,52.2589],[76.732,52.2589],[76.7321,52.2589],[76.7357,52.26],[76.7357,52.26],[76.7357,52.26],[76.7732,52.272],[76.7745,52.2724],[76.7745,52.2724],[76.7745,52.2724],[76.7745,52.2724],[76.7745,52.2724],[76.7745,52.2724],[76.7784,52.2737],[76.7794,52.274],[76.7586,52.3076],[76.7571,52.3091],[76.7475,52.3179],[76.7475,52.3179],[76.7475,52.3179],[76.7475,52.3179],[76.7378,52.3268],[76.7378,52.3268],[76.7378,52.3268],[76.7348,52.3297],[76.7348,52.3297],[76.7348,52.3297],[76.7299,52.3342],[76.7299,52.3342],[76.7299,52.3342],[76.7299,52.3342],[76.7299,52.3342],[76.7299,52.3342],[76.7299,52.3342],[76.725,52.3399],[76.725,52.3399],[76.725,52.3399],[76.725,52.3399],[76.7207,52.3517],[76.7193,52.3552],[76.7144,52.3667],[76.7107,52.3749],[76.7107,52.3749],[76.7107,52.3749],[76.7107,52.3749],[76.7078,52.3815],[76.7025,52.3907],[76.6947,52.4039],[76.6947,52.4039],[76.6947,52.4039],[76.6947,52.4039],[76.6932,52.4065],[76.6932,52.4065],[76.6932,52.4065],[76.6932,52.4065],[76.6867,52.4189],[76.6838,52.4245],[76.6838,52.4245],[76.6838,52.4245],[76.6741,52.4432],[76.6741,52.4432],[76.6741,52.4432],[76.6722,52.447],[76.6654,52.4519],[76.6525,52.4609],[76.6417,52.4683],[76.6417,52.4683],[76.6417,52.4683],[76.6417,52.4683],[76.6346,52.4733],[76.6346,52.4733],[76.6346,52.4733],[76.6233,52.4812],[76.6037,52.4948],[76.6037,52.4948],[76.6037,52.4948],[76.6037,52.4948],[76.6037,52.4948],[76.6043,52.4951],[76.6043,52.4951],[76.6044,52.4951],[76.6044,52.4951],[76.6044,52.4951],[76.624,52.4816],[76.624,52.4816],[76.624,52.4816],[76.624,52.4816],[76.6353,52.4736],[76.6424,52.4687],[76.6532,52.4613],[76.6532,52.4613],[76.6532,52.4613],[76.6532,52.4613],[76.6661,52.4522],[76.6661,52.4522],[76.6661,52.4522],[76.673,52.4473],[76.673,52.4473],[76.673,52.4473],[76.673,52.4473],[76.673,52.4473],[76.6731,52.4472],[76.6731,52.4472],[76.675,52.4434],[76.6847,52.4246],[76.6876,52.4191],[76.6876,52.4191],[76.6876,52.4191],[76.6941,52.4067],[76.6956,52.4041],[76.7034,52.3909],[76.7034,52.3909],[76.7034,52.3909],[76.7034,52.3909],[76.7086,52.3817],[76.7086,52.3817],[76.7087,52.3817],[76.7087,52.3817],[76.7116,52.375],[76.7153,52.3669],[76.7153,52.3669],[76.7153,52.3669],[76.7153,52.3669],[76.7202,52.3553],[76.7202,52.3553],[76.7202,52.3553],[76.7202,52.3553],[76.7216,52.3518],[76.7216,52.3518],[76.7216,52.3518],[76.7216,52.3518],[76.7258,52.3401],[76.7307,52.3345],[76.7355,52.33],[76.7386,52.3271],[76.7482,52.3182],[76.7579,52.3094],[76.7579,52.3094],[76.7579,52.3094],[76.7579,52.3094],[76.7579,52.3094],[76.7579,52.3094],[76.7594,52.3079],[76.7594,52.3079],[76.7594,52.3078],[76.7594,52.3078],[76.7824,52.2707],[76.7826,52.2704],[76.7827,52.2703],[76.7829,52.2702],[76.7831,52.2701],[76.7833,52.27],[76.7836,52.2699],[76.7838,52.2698],[76.7841,52.2697],[76.7844,52.2696],[76.7846,52.2695],[76.7849,52.2695],[76.7852,52.2695],[76.7855,52.2694],[76.7858,52.2694],[76.7861,52.2694],[76.7864,52.2694],[76.7867,52.2694],[76.787,52.2694],[76.7873,52.2695],[76.7875,52.2695],[76.8452,52.3114],[76.8452,52.3114],[76.8453,52.3114],[76.8453,52.3114],[76.8562,52.3163],[76.8562,52.3163],[76.8562,52.3163],[76.8563,52.3163],[76.8563,52.3163],[76.8726,52.3195],[76.8765,52.3212],[76.8765,52.3212],[76.8765,52.3212],[76.8765,52.3212],[76.8765,52.3212],[76.8767,52.3213],[76.8767,52.3213],[76.8781,52.3216],[76.8781,52.3216],[76.8781,52.3216],[76.8784,52.3215],[76.879,52.3213],[76.8892,52.3236],[76.8896,52.3241],[76.8896,52.3241],[76.8896,52.3241],[76.8896,52.3241],[76.8909,52.3244],[76.8885,52.3267],[76.8885,52.3267],[76.8885,52.3267],[76.8885,52.3267],[76.8885,52.3267],[76.8885,52.3267],[76.8885,52.3267],[76.8885,52.3267],[76.8885,52.3267],[76.8862,52.3289],[76.8862,52.3289],[76.8862,52.3289],[76.8822,52.3327],[76.8812,52.3335],[76.8802,52.3343],[76.8721,52.3399],[76.8721,52.3399],[76.8721,52.3399],[76.8721,52.3399],[76.8718,52.3402],[76.8714,52.3404],[76.8711,52.3406],[76.8707,52.3408],[76.8703,52.341],[76.8699,52.3411],[76.8694,52.3413],[76.8663,52.3422],[76.8663,52.3422],[76.8663,52.3422],[76.8663,52.3422],[76.8663,52.3422],[76.8663,52.3422],[76.8663,52.3422],[76.8663,52.3422],[76.8662,52.3422],[76.8662,52.3422],[76.8662,52.3422],[76.8662,52.3422],[76.8662,52.3422],[76.8662,52.3422],[76.8662,52.3422],[76.8662,52.3422],[76.8662,52.3422],[76.8662,52.3422],[76.8661,52.3423],[76.8661,52.3423],[76.8661,52.3423],[76.8661,52.3423],[76.8661,52.3423],[76.8661,52.3423],[76.8661,52.3423],[76.8661,52.3423],[76.8661,52.3423],[76.8661,52.3423],[76.8661,52.3423],[76.8661,52.3423],[76.866,52.3423],[76.866,52.3423],[76.866,52.3423],[76.866,52.3423],[76.866,52.3423],[76.866,52.3423],[76.866,52.3424],[76.866,52.3424],[76.866,52.3424],[76.866,52.3424],[76.866,52.3424],[76.866,52.3424],[76.866,52.3424],[76.866,52.3424],[76.866,52.3424],[76.866,52.3424],[76.866,52.3424],[76.866,52.3424],[76.8659,52.3424],[76.8659,52.3424],[76.8659,52.3424],[76.8659,52.3424],[76.8659,52.3425],[76.8659,52.3425],[76.8659,52.3425],[76.8659,52.3425],[76.8659,52.3425],[76.8659,52.3425],[76.8659,52.3425],[76.8659,52.3425],[76.8659,52.3425],[76.8659,52.3425],[76.8659,52.3425],[76.8659,52.3425],[76.8659,52.3425],[76.8659,52.3425],[76.8659,52.3425],[76.8659,52.3425],[76.8659,52.3426],[76.8659,52.3426],[76.8659,52.3426],[76.8659,52.3426],[76.8659,52.3426],[76.8659,52.3426],[76.8659,52.3426],[76.8659,52.3426],[76.8659,52.3426],[76.8659,52.3426],[76.8659,52.3426],[76.8659,52.3426],[76.8659,52.3426],[76.8659,52.3426],[76.8659,52.3426],[76.8659,52.3427],[76.8659,52.3427],[76.8659,52.3427],[76.8659,52.3427],[76.8675,52.3471],[76.8675,52.3471],[76.8675,52.3471],[76.8675,52.3471],[76.8676,52.3472],[76.8676,52.3472],[76.8676,52.3472],[76.8676,52.3472],[76.8676,52.3473],[76.8676,52.3473],[76.8677,52.3474],[76.8677,52.3474],[76.8677,52.3475],[76.8677,52.3475],[76.8677,52.3475],[76.8677,52.3475],[76.8678,52.3476],[76.8678,52.3476],[76.8678,52.3476],[76.8678,52.3476],[76.8678,52.3476],[76.8678,52.3476],[76.8678,52.3476],[76.868,52.3477],[76.868,52.3477],[76.868,52.3477],[76.868,52.3477],[76.8681,52.3478],[76.8681,52.3478],[76.8681,52.3478],[76.8681,52.3478],[76.8682,52.3479],[76.8682,52.3479],[76.8682,52.3479],[76.8682,52.3479],[76.8684,52.348],[76.8684,52.348],[76.8684,52.348],[76.8684,52.348],[76.8685,52.3481],[76.8685,52.3481],[76.8686,52.3482],[76.8686,52.3482],[76.871,52.3494],[76.8711,52.3494],[76.8712,52.3495],[76.8714,52.3496],[76.8715,52.3497],[76.8716,52.3498],[76.8717,52.3499],[76.8718,52.35],[76.8719,52.3501],[76.8719,52.3502],[76.872,52.3503],[76.872,52.3504],[76.8725,52.3518],[76.8725,52.3519],[76.8725,52.3521],[76.8725,52.3523],[76.8725,52.3525],[76.8725,52.3527],[76.8725,52.353],[76.8715,52.356],[76.8715,52.356],[76.8715,52.356],[76.8715,52.356],[76.8715,52.3561],[76.8715,52.3561],[76.8715,52.3561],[76.8715,52.3561],[76.8715,52.3561],[76.8715,52.3561],[76.8715,52.3561],[76.8715,52.3561],[76.8715,52.3562],[76.8715,52.3562],[76.8715,52.3562],[76.8715,52.3562],[76.8715,52.3562],[76.8715,52.3562],[76.8715,52.3563],[76.8715,52.3563],[76.8715,52.3563],[76.8715,52.3563],[76.8715,52.3563],[76.8715,52.3563],[76.8715,52.3563],[76.8715,52.3563],[76.8716,52.3564],[76.8716,52.3564],[76.8716,52.3564],[76.8716,52.3564],[76.8716,52.3564],[76.8716,52.3564],[76.8716,52.3564],[76.8716,52.3564],[76.8716,52.3565],[76.8716,52.3565],[76.8716,52.3565],[76.8716,52.3565],[76.8716,52.3565],[76.8716,52.3565],[76.8716,52.3565],[76.8716,52.3565],[76.8717,52.3566],[76.8717,52.3566],[76.8717,52.3566],[76.8717,52.3566],[76.8717,52.3566],[76.8717,52.3566],[76.8717,52.3566],[76.8717,52.3566],[76.8717,52.3566],[76.8717,52.3566],[76.8718,52.3567],[76.8718,52.3567],[76.8718,52.3567],[76.8718,52.3567],[76.8718,52.3567],[76.8718,52.3567],[76.8718,52.3567],[76.8718,52.3567],[76.8719,52.3568],[76.8719,52.3568],[76.8719,52.3568],[76.8719,52.3568],[76.8719,52.3568],[76.8719,52.3568],[76.872,52.3568],[76.872,52.3568],[76.872,52.3569],[76.872,52.3569],[76.872,52.3569],[76.872,52.3569],[76.8721,52.3569],[76.8721,52.3569],[76.8721,52.3569],[76.8721,52.3569],[76.8722,52.3569],[76.8722,52.3569],[76.8722,52.3569],[76.8722,52.3569],[76.8722,52.357],[76.8722,52.357],[76.8722,52.357],[76.8722,52.357],[76.8722,52.357],[76.8723,52.357],[76.8723,52.357],[76.8723,52.357],[76.8723,52.357],[76.8723,52.357],[76.8723,52.357],[76.8724,52.357],[76.8724,52.357],[76.8724,52.357],[76.8724,52.357],[76.8725,52.357],[76.8725,52.357],[76.8725,52.357],[76.8725,52.357],[76.8726,52.357],[76.8726,52.357],[76.8726,52.357],[76.8726,52.357],[76.8727,52.3571],[76.8858,52.3593],[76.8788,52.3738],[76.8788,52.3738],[76.8783,52.3749],[76.8779,52.3758],[76.8771,52.3774],[76.8771,52.3774],[76.8766,52.3785],[76.8757,52.3803],[76.869,52.3794],[76.869,52.3794],[76.8689,52.3794],[76.8689,52.3794],[76.8689,52.3794],[76.8682,52.3794],[76.8682,52.3794],[76.866,52.3798],[76.8609,52.3807],[76.8609,52.3807],[76.8607,52.3807],[76.8607,52.3807],[76.8607,52.3807],[76.8606,52.3808],[76.8606,52.3808],[76.8606,52.3808],[76.8605,52.3808],[76.8605,52.3808],[76.8605,52.3809],[76.8605,52.3809],[76.8605,52.3809],[76.8623,52.3856],[76.8581,52.3956],[76.8535,52.3953],[76.8535,52.3953],[76.8518,52.3952],[76.8518,52.3952],[76.8518,52.3952],[76.8517,52.3952],[76.8517,52.3952],[76.8516,52.3952],[76.8516,52.3952],[76.8515,52.3952],[76.8515,52.3952],[76.8514,52.3953],[76.8514,52.3953],[76.8478,52.3969],[76.8478,52.3969],[76.8477,52.397],[76.8477,52.397],[76.8477,52.397],[76.8466,52.3983],[76.8466,52.3983],[76.8465,52.3985],[76.8465,52.3985],[76.8464,52.3988],[76.8464,52.3988],[76.8464,52.3991],[76.8464,52.3991],[76.8463,52.3993],[76.8463,52.3993],[76.8463,52.3993],[76.8462,52.4052],[76.8462,52.4052],[76.8469,52.4069],[76.8469,52.4069],[76.848,52.4085],[76.848,52.4085],[76.8494,52.41],[76.8494,52.4116],[76.8493,52.4127],[76.8475,52.4143],[76.8456,52.4155],[76.8395,52.4187],[76.8395,52.4187],[76.8382,52.4196],[76.8382,52.4196],[76.8382,52.4196],[76.8378,52.4204],[76.8377,52.4206],[76.8377,52.4206],[76.8376,52.4207],[76.8376,52.4207],[76.8376,52.4207],[76.8376,52.4207],[76.8376,52.4207],[76.8376,52.421],[76.8374,52.4217],[76.8374,52.4217],[76.8374,52.4217],[76.8374,52.4217],[76.8374,52.4217],[76.8374,52.4217],[76.8374,52.4217],[76.8374,52.4218],[76.8374,52.4218],[76.8378,52.4236],[76.8378,52.4236],[76.8378,52.4236],[76.8378,52.4236],[76.8378,52.4236],[76.8378,52.4236],[76.8378,52.4236],[76.8382,52.4246],[76.8382,52.4246],[76.8382,52.4246],[76.8382,52.4246],[76.8382,52.4246],[76.8382,52.4246],[76.8382,52.4246],[76.8384,52.4248],[76.8384,52.4249],[76.8385,52.425],[76.8385,52.425],[76.8385,52.425],[76.8385,52.425],[76.8385,52.425],[76.8385,52.4251],[76.8385,52.4251],[76.8388,52.4256],[76.839,52.4261],[76.8389,52.4266],[76.837,52.4361],[76.8367,52.4376],[76.8368,52.4377],[76.8358,52.4428],[76.8244,52.4599],[76.8244,52.46],[76.8244,52.4602],[76.8244,52.4602],[76.8243,52.4604],[76.8243,52.4604],[76.8243,52.4606],[76.8243,52.4606],[76.8243,52.4608],[76.8243,52.4608],[76.8243,52.4608],[76.8243,52.461],[76.8243,52.461],[76.8243,52.4612],[76.8243,52.4612],[76.8244,52.4614],[76.8244,52.4614],[76.8245,52.4615],[76.8245,52.4616],[76.8245,52.4617],[76.8245,52.4617],[76.8247,52.4619],[76.8247,52.4619],[76.8247,52.462],[76.8247,52.462],[76.8247,52.462],[76.8248,52.4621],[76.8248,52.4621],[76.8249,52.4623],[76.8249,52.4623],[76.8249,52.4623],[76.8251,52.4624],[76.8251,52.4624],[76.8253,52.4626],[76.8253,52.4626],[76.8255,52.4628],[76.8255,52.4628],[76.8257,52.4629],[76.8257,52.4629],[76.8259,52.463],[76.8259,52.463],[76.8262,52.4632],[76.8262,52.4632],[76.8264,52.4633],[76.8264,52.4633],[76.8267,52.4634],[76.8267,52.4634],[76.8267,52.4634],[76.827,52.4635],[76.827,52.4635],[76.827,52.4635],[76.8391,52.4653],[76.839,52.4655],[76.839,52.4656],[76.839,52.4656],[76.8393,52.4665],[76.837,52.4727],[76.837,52.4727],[76.837,52.4727],[76.837,52.4727],[76.837,52.4727],[76.837,52.4727],[76.8365,52.474],[76.8363,52.4742],[76.8363,52.4742],[76.8363,52.4742],[76.8363,52.4742],[76.8363,52.4742],[76.8363,52.4742],[76.8363,52.4742],[76.8363,52.4742],[76.8363,52.4742],[76.8363,52.4742],[76.8363,52.4742],[76.8363,52.4742],[76.8363,52.4742],[76.8326,52.4756],[76.8322,52.4757],[76.8314,52.4756],[76.8295,52.4755],[76.8295,52.4755],[76.8294,52.4755],[76.8274,52.4755],[76.8273,52.4755],[76.8253,52.4756],[76.8254,52.4768],[76.8254,52.4768],[76.8274,52.4767],[76.8294,52.4767],[76.8311,52.4768],[76.832,52.4771],[76.832,52.4771],[76.832,52.4771],[76.832,52.4771],[76.8344,52.4792],[76.8344,52.4792],[76.8345,52.4792],[76.8345,52.4793],[76.8344,52.4799],[76.8341,52.4806],[76.8247,52.5064],[76.8247,52.5064],[76.8247,52.5064],[76.8247,52.5064],[76.8247,52.5064],[76.8265,52.5067],[76.8265,52.5067],[76.8265,52.5067],[76.8265,52.5067],[76.8265,52.5067],[76.8306,52.4957],[76.8306,52.4957],[76.836,52.4809],[76.836,52.4809],[76.836,52.4809],[76.8363,52.4801],[76.8366,52.4796],[76.8366,52.4796],[76.8366,52.4796],[76.8366,52.4795],[76.8366,52.4795],[76.8366,52.4795],[76.8366,52.4795],[76.8366,52.4795],[76.8366,52.4795],[76.8366,52.4795],[76.8366,52.4795],[76.8366,52.4795],[76.8366,52.4795],[76.8366,52.4795],[76.8367,52.4795],[76.8367,52.4795],[76.8367,52.4795],[76.8368,52.4795],[76.8403,52.4782],[76.8403,52.4782],[76.8403,52.4782],[76.8404,52.4781],[76.8404,52.4781],[76.8405,52.4781]]],"type":"MultiLineString"},"geometry_name":"shape","id":"gp_red_lines.fid--7752831e_19fb67eabdc_4adc","properties":{"area":null,"creation_doc_id":3464,"deactivation_doc_id":null,"id":2552218},"type":"Feature"},{"bbox":[76.9135,52.302,76.9281,52.3089],"geometry":{"coordinates":[[[76.9201,52.3031],[76.9211,52.3032],[76.9211,52.3032],[76.9218,52.3033],[76.9218,52.3033],[76.9228,52.3034],[76.9228,52.3034],[76.9233,52.3035],[76.9233,52.3035],[76.9233,52.3035],[76.9239,52.3034],[76.9239,52.3034],[76.9251,52.3033],[76.9257,52.3032],[76.9257,52.3032],[76.9262,52.3031],[76.9262,52.3031],[76.9267,52.303],[76.9267,52.303],[76.9272,52.3029],[76.9272,52.3029],[76.9275,52.3028],[76.9275,52.3028],[76.9275,52.3028],[76.9279,52.3026],[76.9279,52.3026],[76.9281,52.3025],[76.9281,52.3026],[76.928,52.3059],[76.927,52.3065],[76.927,52.3065],[76.9255,52.3074],[76.9255,52.3074],[76.9235,52.3089],[76.9208,52.3079],[76.9208,52.3079],[76.9183,52.3069],[76.9175,52.3065],[76.9175,52.3065],[76.9135,52.3046],[76.9142,52.3041],[76.9142,52.3041],[76.9155,52.3031],[76.9162,52.3027],[76.9162,52.3027],[76.9172,52.302],[76.9175,52.3021],[76.9175,52.3021],[76.9178,52.3023],[76.9178,52.3023],[76.9189,52.3026],[76.9193,52.3028],[76.9193,52.3028],[76.9193,52.3028],[76.9201,52.3031],[76.9201,52.3031]]],"type":"MultiLineString"},"geometry_name":"shape","id":"gp_red_lines.fid--7752831e_19fb67eabdc_4add","properties":{"area":null,"creation_doc_id":3464,"deactivation_doc_id":null,"id":2552219},"type":"Feature"},{"bbox":[76.9162,52.2963,76.9288,52.3031],"geometry":{"coordinates":[[[76.9248,52.2963],[76.927,52.2981],[76.927,52.2981],[76.927,52.2981],[76.927,52.2981],[76.9271,52.2981],[76.9271,52.2981],[76.9271,52.2981],[76.9271,52.2981],[76.9271,52.2981],[76.9272,52.2981],[76.9272,52.2981],[76.9288,52.2983],[76.9287,52.2983],[76.9287,52.2983],[76.9287,52.2986],[76.9287,52.2986],[76.9283,52.3007],[76.9282,52.3008],[76.9282,52.3008],[76.9281,52.3012],[76.928,52.3018],[76.928,52.3018],[76.928,52.3019],[76.928,52.3019],[76.928,52.3019],[76.928,52.3021],[76.928,52.3021],[76.928,52.3022],[76.9279,52.3022],[76.9277,52.3023],[76.9277,52.3023],[76.9272,52.3025],[76.927,52.3026],[76.9268,52.3027],[76.9265,52.3027],[76.9263,52.3028],[76.926,52.3028],[76.9258,52.3029],[76.9256,52.3029],[76.925,52.303],[76.925,52.303],[76.9241,52.3031],[76.9238,52.3031],[76.9235,52.3031],[76.9233,52.3031],[76.9229,52.3031],[76.9224,52.3031],[76.9219,52.303],[76.9213,52.3029],[76.9206,52.3028],[76.9206,52.3028],[76.9203,52.3027],[76.9201,52.3027],[76.9198,52.3026],[76.9196,52.3025],[76.9192,52.3024],[76.9192,52.3024],[76.9181,52.302],[76.9177,52.3018],[76.9176,52.3017],[76.9174,52.3016],[76.9173,52.3015],[76.9173,52.3014],[76.9172,52.3013],[76.9172,52.3012],[76.9172,52.3012],[76.9171,52.3011],[76.9171,52.3011],[76.9171,52.3011],[76.9171,52.3011],[76.9171,52.3011],[76.9171,52.3011],[76.917,52.3009],[76.917,52.3009],[76.9167,52.3005],[76.9167,52.3005],[76.9167,52.3005],[76.9164,52.3002],[76.9163,52.3001],[76.9162,52.3],[76.9163,52.2999],[76.9163,52.2998],[76.9164,52.2997],[76.9168,52.2995],[76.9185,52.2987],[76.9197,52.2982],[76.9197,52.2982],[76.9208,52.2977],[76.9208,52.2977],[76.9219,52.2973],[76.9227,52.2969],[76.9232,52.2967],[76.9236,52.2966],[76.924,52.2964],[76.9244,52.2963],[76.9248,52.2963]]],"type":"MultiLineString"},"geometry_name":"shape","id":"gp_red_lines.fid--7752831e_19fb67eabdc_4ade","properties":{"area":null,"creation_doc_id":3464,"deactivation_doc_id":null,"id":2552220},"type":"Feature"},{"bbox":[76.9257,52.2906,76.94,52.2978],"geometry":{"coordinates":[[[76.94,52.2907],[76.9397,52.2933],[76.9397,52.2933],[76.9395,52.2962],[76.9391,52.2962],[76.9391,52.2962],[76.937,52.2966],[76.9328,52.2973],[76.9328,52.2973],[76.93,52.2978],[76.9289,52.2977],[76.9275,52.2976],[76.9257,52.296],[76.9263,52.2959],[76.9263,52.2959],[76.929,52.295],[76.929,52.295],[76.929,52.295],[76.9316,52.2939],[76.9316,52.2939],[76.9336,52.2928],[76.9336,52.2928],[76.9352,52.2914],[76.9363,52.2906],[76.94,52.2907]]],"type":"MultiLineString"},"geometry_name":"shape","id":"gp_red_lines.fid--7752831e_19fb67eabdc_4adf","properties":{"area":null,"creation_doc_id":3464,"deactivation_doc_id":null,"id":2552221},"type":"Feature"},{"bbox":[76.8976,52.3161,76.9037,52.3205],"geometry":{"coordinates":[[[76.9037,52.3173],[76.8999,52.3205],[76.8976,52.3195],[76.8987,52.3185],[76.8987,52.3185],[76.9007,52.3167],[76.9007,52.3167],[76.9007,52.3167],[76.9012,52.3161],[76.9037,52.3173]]],"type":"MultiLineString"},"geometry_name":"shape","id":"gp_red_lines.fid--7752831e_19fb67eabdc_4ae0","properties":{"area":null,"creation_doc_id":3464,"deactivation_doc_id":null,"id":2552222},"type":"Feature"},{"bbox":[76.9003,52.3175,76.9069,52.3219],"geometry":{"coordinates":[[[76.9003,52.3207],[76.9041,52.3175],[76.9069,52.3188],[76.9031,52.3219],[76.9003,52.3207]]],"type":"MultiLineString"},"geometry_name":"shape","id":"gp_red_lines.fid--7752831e_19fb67eabdc_4ae1","properties":{"area":null,"creation_doc_id":3464,"deactivation_doc_id":null,"id":2552223},"type":"Feature"},{"bbox":[76.8935,52.3197,76.9058,52.3256],"geometry":{"coordinates":[[[76.8935,52.3229],[76.894,52.3225],[76.894,52.3225],[76.8948,52.3219],[76.8973,52.3197],[76.9058,52.3235],[76.9043,52.3247],[76.9039,52.3249],[76.9037,52.325],[76.9035,52.3251],[76.9033,52.3252],[76.9031,52.3253],[76.9029,52.3254],[76.9026,52.3254],[76.9024,52.3255],[76.9021,52.3255],[76.9019,52.3256],[76.9016,52.3256],[76.9014,52.3256],[76.9011,52.3256],[76.9009,52.3256],[76.9006,52.3256],[76.9004,52.3256],[76.9001,52.3255],[76.8999,52.3255],[76.8996,52.3254],[76.8994,52.3254],[76.8992,52.3253],[76.899,52.3252],[76.8987,52.3251],[76.8965,52.3241],[76.8965,52.3241],[76.8941,52.3231],[76.8941,52.3231],[76.8941,52.3231],[76.8935,52.3229]]],"type":"MultiLineString"},"geometry_name":"shape","id":"gp_red_lines.fid--7752831e_19fb67eabdc_4ae2","properties":{"area":null,"creation_doc_id":3464,"deactivation_doc_id":null,"id":2552224},"type":"Feature"},{"bbox":[76.889,52.3245,76.9006,52.3309],"geometry":{"coordinates":[[[76.8957,52.3251],[76.8983,52.3262],[76.8983,52.3262],[76.8996,52.3267],[76.8997,52.3267],[76.8997,52.3267],[76.8997,52.3267],[76.8998,52.3267],[76.8998,52.3267],[76.8998,52.3268],[76.8998,52.3268],[76.8998,52.3268],[76.8999,52.3268],[76.8999,52.3268],[76.8999,52.3269],[76.8999,52.3269],[76.8999,52.3269],[76.8999,52.3269],[76.8999,52.327],[76.8999,52.327],[76.8999,52.327],[76.8999,52.3271],[76.8999,52.3271],[76.8999,52.3273],[76.8999,52.3273],[76.8999,52.3274],[76.8999,52.3274],[76.9,52.3276],[76.9,52.3276],[76.9,52.3278],[76.9,52.3278],[76.9001,52.328],[76.9001,52.328],[76.9002,52.3282],[76.9002,52.3282],[76.9003,52.3283],[76.9003,52.3283],[76.9004,52.3285],[76.9004,52.3285],[76.9005,52.3286],[76.9005,52.3286],[76.9005,52.3286],[76.9005,52.3286],[76.9005,52.3286],[76.9005,52.3287],[76.9005,52.3287],[76.9005,52.3287],[76.9006,52.3287],[76.9006,52.3288],[76.9006,52.3288],[76.9006,52.3288],[76.9006,52.3288],[76.9006,52.3289],[76.9005,52.3289],[76.9005,52.3289],[76.9005,52.3289],[76.9005,52.3289],[76.8996,52.3309],[76.898,52.3306],[76.8911,52.3276],[76.8911,52.3276],[76.8911,52.3276],[76.8911,52.3276],[76.889,52.3267],[76.8894,52.3264],[76.8914,52.3245],[76.8915,52.3246],[76.8915,52.3246],[76.8957,52.3251]]],"type":"MultiLineString"},"geometry_name":"shape","id":"gp_red_lines.fid--7752831e_19fb67eabdc_4ae3","properties":{"area":null,"creation_doc_id":3464,"deactivation_doc_id":null,"id":2552225},"type":"Feature"},{"bbox":[76.8789,52.3205,76.8901,52.3232],"geometry":{"coordinates":[[[76.8795,52.3205],[76.8898,52.3228],[76.8901,52.3231],[76.89,52.3232],[76.8895,52.3232],[76.8792,52.3209],[76.8789,52.3206],[76.8795,52.3205]]],"type":"MultiLineString"},"geometry_name":"shape","id":"gp_red_lines.fid--7752831e_19fb67eabdc_4ae4","properties":{"area":null,"creation_doc_id":3464,"deactivation_doc_id":null,"id":2552226},"type":"Feature"},{"bbox":[76.8828,52.327,76.8907,52.3326],"geometry":{"coordinates":[[[76.8828,52.3326],[76.8864,52.3292],[76.8864,52.3292],[76.8867,52.329],[76.8867,52.329],[76.8888,52.327],[76.8907,52.3278]]],"type":"MultiLineString"},"geometry_name":"shape","id":"gp_red_lines.fid--7752831e_19fb67eabdc_4ae5","properties":{"area":null,"creation_doc_id":3464,"deactivation_doc_id":null,"id":2552227},"type":"Feature"},{"bbox":[76.8873,52.3278,76.8932,52.3344],"geometry":{"coordinates":[[[76.8907,52.3278],[76.8907,52.3278],[76.8907,52.3278],[76.8911,52.328],[76.8911,52.328],[76.8911,52.328],[76.8911,52.328],[76.8914,52.3281],[76.8914,52.3281],[76.8932,52.3289],[76.891,52.3308],[76.891,52.3308],[76.8908,52.331],[76.8908,52.331],[76.8908,52.331],[76.8873,52.3344]]],"type":"MultiLineString"},"geometry_name":"shape","id":"gp_red_lines.fid--7752831e_19fb67eabdc_4ae6","properties":{"area":null,"creation_doc_id":3464,"deactivation_doc_id":null,"id":2552228},"type":"Feature"},{"bbox":[76.8828,52.3326,76.8873,52.3344],"geometry":{"coordinates":[[[76.8873,52.3344],[76.8828,52.3326]]],"type":"MultiLineString"},"geometry_name":"shape","id":"gp_red_lines.fid--7752831e_19fb67eabdc_4ae7","properties":{"area":null,"creation_doc_id":3464,"deactivation_doc_id":null,"id":2552229},"type":"Feature"},{"bbox":[76.8826,52.3328,76.8871,52.3346],"geometry":{"coordinates":[[[76.8826,52.3328],[76.8871,52.3346]]],"type":"MultiLineString"},"geometry_name":"shape","id":"gp_red_lines.fid--7752831e_19fb67eabdc_4ae8","properties":{"area":null,"creation_doc_id":3464,"deactivation_doc_id":null,"id":2552230},"type":"Feature"},{"bbox":[76.8826,52.3326,76.8828,52.3328],"geometry":{"coordinates":[[[76.8826,52.3328],[76.8828,52.3326]]],"type":"MultiLineString"},"geometry_name":"shape","id":"gp_red_lines.fid--7752831e_19fb67eabdc_4ae9","properties":{"area":null,"creation_doc_id":3464,"deactivation_doc_id":null,"id":2552231},"type":"Feature"},{"bbox":[76.8758,52.3328,76.8871,52.3415],"geometry":{"coordinates":[[[76.8871,52.3346],[76.8865,52.3352],[76.8863,52.3355],[76.8834,52.3415],[76.8833,52.3415],[76.883,52.3415],[76.8828,52.3414],[76.8825,52.3413],[76.8822,52.3412],[76.882,52.3411],[76.8818,52.341],[76.8815,52.3409],[76.8815,52.3409],[76.8815,52.3409],[76.8815,52.3409],[76.8758,52.3378],[76.8806,52.3344],[76.8806,52.3344],[76.8806,52.3344],[76.8806,52.3344],[76.8816,52.3337],[76.8816,52.3337],[76.8816,52.3336],[76.8816,52.3336],[76.8816,52.3336],[76.8819,52.3334],[76.8826,52.3328],[76.8826,52.3328],[76.8826,52.3328],[76.8826,52.3328],[76.8826,52.3328]]],"type":"MultiLineString"},"geometry_name":"shape","id":"gp_red_lines.fid--7752831e_19fb67eabdc_4aea","properties":{"area":null,"creation_doc_id":3464,"deactivation_doc_id":null,"id":2552232},"type":"Feature"},{"bbox":[76.8838,52.3348,76.8968,52.3434],"geometry":{"coordinates":[[[76.8968,52.3365],[76.8965,52.3373],[76.8962,52.3372],[76.8962,52.3372],[76.8961,52.3375],[76.8963,52.3375],[76.8935,52.3434],[76.8838,52.3416],[76.8867,52.3356],[76.8869,52.3354],[76.8875,52.3348]]],"type":"MultiLineString"},"geometry_name":"shape","id":"gp_red_lines.fid--7752831e_19fb67eabdc_4aeb","properties":{"area":null,"creation_doc_id":3464,"deactivation_doc_id":null,"id":2552233},"type":"Feature"},{"bbox":[76.8955,52.3369,76.8987,52.3436],"geometry":{"coordinates":[[[76.8955,52.3436],[76.8987,52.3369]]],"type":"MultiLineString"},"geometry_name":"shape","id":"gp_red_lines.fid--7752831e_19fb67eabdc_4aec","properties":{"area":null,"creation_doc_id":3464,"deactivation_doc_id":null,"id":2552234},"type":"Feature"},{"bbox":[76.8875,52.3348,76.8968,52.3365],"geometry":{"coordinates":[[[76.8875,52.3348],[76.8968,52.3365]]],"type":"MultiLineString"},"geometry_name":"shape","id":"gp_red_lines.fid--7752831e_19fb67eabdc_4aed","properties":{"area":null,"creation_doc_id":3464,"deactivation_doc_id":null,"id":2552235},"type":"Feature"},{"bbox":[76.8877,52.3345,76.8969,52.3363],"geometry":{"coordinates":[[[76.8969,52.3363],[76.8877,52.3345]]],"type":"MultiLineString"},"geometry_name":"shape","id":"gp_red_lines.fid--7752831e_19fb67eabdc_4aee","properties":{"area":null,"creation_doc_id":3464,"deactivation_doc_id":null,"id":2552236},"type":"Feature"},{"bbox":[76.8969,52.3307,76.8994,52.3363],"geometry":{"coordinates":[[[76.8976,52.3307],[76.898,52.3309],[76.898,52.3309],[76.8994,52.3312],[76.8984,52.3333],[76.8984,52.3333],[76.8984,52.3333],[76.8982,52.3336],[76.8982,52.3336],[76.8982,52.3336],[76.8969,52.3363]]],"type":"MultiLineString"},"geometry_name":"shape","id":"gp_red_lines.fid--7752831e_19fb67eabdc_4aef","properties":{"area":null,"creation_doc_id":3464,"deactivation_doc_id":null,"id":2552237},"type":"Feature"},{"bbox":[76.8877,52.329,76.8976,52.3345],"geometry":{"coordinates":[[[76.8877,52.3345],[76.8911,52.3312],[76.8911,52.3312],[76.8911,52.3312],[76.8914,52.331],[76.8914,52.331],[76.8914,52.331],[76.8936,52.329],[76.8938,52.3291],[76.8942,52.3293],[76.8942,52.3293],[76.8942,52.3293],[76.8957,52.33],[76.8957,52.33],[76.8961,52.3301],[76.8961,52.3301],[76.8965,52.3303],[76.8965,52.3303],[76.8968,52.3304],[76.8976,52.3307],[76.8976,52.3307]]],"type":"MultiLineString"},"geometry_name":"shape","id":"gp_red_lines.fid--7752831e_19fb67eabdc_4af0","properties":{"area":null,"creation_doc_id":3464,"deactivation_doc_id":null,"id":2552238},"type":"Feature"},{"bbox":[76.9125,52.3264,76.9209,52.3299],"geometry":{"coordinates":[[[76.9209,52.3265],[76.9207,52.3299],[76.9125,52.3298],[76.9127,52.3264],[76.9209,52.3265]]],"type":"MultiLineString"},"geometry_name":"shape","id":"gp_red_lines.fid--7752831e_19fb67eabdc_4af1","properties":{"area":null,"creation_doc_id":3464,"deactivation_doc_id":null,"id":2552239},"type":"Feature"},{"bbox":[76.8988,52.3301,76.9276,52.3374],"geometry":{"coordinates":[[[76.8988,52.3366],[76.9001,52.334],[76.9002,52.3337],[76.9002,52.3337],[76.9013,52.3315],[76.9014,52.3313],[76.902,52.3301],[76.9076,52.3301],[76.9091,52.3301],[76.912,52.3301],[76.9121,52.3301],[76.9125,52.3301],[76.9171,52.3302],[76.9171,52.3302],[76.9207,52.3302],[76.9207,52.3302],[76.9212,52.3302],[76.9276,52.3303],[76.9276,52.3325],[76.9275,52.3328],[76.9275,52.335],[76.9275,52.3356],[76.9274,52.3374]]],"type":"MultiLineString"},"geometry_name":"shape","id":"gp_red_lines.fid--7752831e_19fb67eabdc_4af2","properties":{"area":null,"creation_doc_id":3464,"deactivation_doc_id":null,"id":2552240},"type":"Feature"},{"bbox":[76.8988,52.3366,76.9274,52.3374],"geometry":{"coordinates":[[[76.9274,52.3374],[76.9006,52.337],[76.8988,52.3366]]],"type":"MultiLineString"},"geometry_name":"shape","id":"gp_red_lines.fid--7752831e_19fb67eabdc_4af3","properties":{"area":null,"creation_doc_id":3464,"deactivation_doc_id":null,"id":2552241},"type":"Feature"},{"bbox":[76.8987,52.3369,76.9274,52.3376],"geometry":{"coordinates":[[[76.8987,52.3369],[76.9005,52.3372],[76.9006,52.3372],[76.9274,52.3376]]],"type":"MultiLineString"},"geometry_name":"shape","id":"gp_red_lines.fid--7752831e_19fb67eabdc_4af4","properties":{"area":null,"creation_doc_id":3464,"deactivation_doc_id":null,"id":2552242},"type":"Feature"},{"bbox":[76.9286,52.3374,76.9286,52.3377],"geometry":{"coordinates":[[[76.9286,52.3377],[76.9286,52.3374]]],"type":"MultiLineString"},"geometry_name":"shape","id":"gp_red_lines.fid--7752831e_19fb67eabdc_4af5","properties":{"area":null,"creation_doc_id":3464,"deactivation_doc_id":null,"id":2552243},"type":"Feature"},{"bbox":[76.9274,52.3374,76.9274,52.3376],"geometry":{"coordinates":[[[76.9274,52.3374],[76.9274,52.3376]]],"type":"MultiLineString"},"geometry_name":"shape","id":"gp_red_lines.fid--7752831e_19fb67eabdc_4af6","properties":{"area":null,"creation_doc_id":3464,"deactivation_doc_id":null,"id":2552244},"type":"Feature"},{"bbox":[76.9284,52.3377,76.9286,52.345],"geometry":{"coordinates":[[[76.9284,52.345],[76.9284,52.3446],[76.9286,52.3377]]],"type":"MultiLineString"},"geometry_name":"shape","id":"gp_red_lines.fid--7752831e_19fb67eabdc_4af7","properties":{"area":null,"creation_doc_id":3464,"deactivation_doc_id":null,"id":2552245},"type":"Feature"},{"bbox":[76.9273,52.3376,76.9274,52.345],"geometry":{"coordinates":[[[76.9274,52.3376],[76.9273,52.3443],[76.9273,52.3446],[76.9273,52.345]]],"type":"MultiLineString"},"geometry_name":"shape","id":"gp_red_lines.fid--7752831e_19fb67eabdc_4af8","properties":{"area":null,"creation_doc_id":3464,"deactivation_doc_id":null,"id":2552246},"type":"Feature"},{"bbox":[76.9365,52.3378,76.9365,52.3451],"geometry":{"coordinates":[[[76.9365,52.3378],[76.9365,52.3451]]],"type":"MultiLineString"},"geometry_name":"shape","id":"gp_red_lines.fid--7752831e_19fb67eabdc_4af9","properties":{"area":null,"creation_doc_id":3464,"deactivation_doc_id":null,"id":2552247},"type":"Feature"},{"bbox":[76.937,52.3378,76.9371,52.3451],"geometry":{"coordinates":[[[76.937,52.3451],[76.9371,52.3378]]],"type":"MultiLineString"},"geometry_name":"shape","id":"gp_red_lines.fid--7752831e_19fb67eabdc_4afa","properties":{"area":null,"creation_doc_id":3464,"deactivation_doc_id":null,"id":2552248},"type":"Feature"},{"bbox":[76.9286,52.3374,76.9365,52.3375],"geometry":{"coordinates":[[[76.9365,52.3375],[76.9286,52.3374]]],"type":"MultiLineString"},"geometry_name":"shape","id":"gp_red_lines.fid--7752831e_19fb67eabdc_4afb","properties":{"area":null,"creation_doc_id":3464,"deactivation_doc_id":null,"id":2552249},"type":"Feature"},{"bbox":[76.9286,52.3377,76.9365,52.3378],"geometry":{"coordinates":[[[76.9286,52.3377],[76.9365,52.3378]]],"type":"MultiLineString"},"geometry_name":"shape","id":"gp_red_lines.fid--7752831e_19fb67eabdc_4afc","properties":{"area":null,"creation_doc_id":3464,"deactivation_doc_id":null,"id":2552250},"type":"Feature"},{"bbox":[76.9286,52.3303,76.9366,52.3375],"geometry":{"coordinates":[[[76.9286,52.3374],[76.9287,52.3303],[76.9366,52.3303],[76.9365,52.3375]]],"type":"MultiLineString"},"geometry_name":"shape","id":"gp_red_lines.fid--7752831e_19fb67eabdc_4afd","properties":{"area":null,"creation_doc_id":3464,"deactivation_doc_id":null,"id":2552251},"type":"Feature"},{"bbox":[76.9212,52.3265,76.9276,52.3299],"geometry":{"coordinates":[[[76.9212,52.3299],[76.9214,52.3265],[76.9276,52.3266],[76.9276,52.3299],[76.9212,52.3299]]],"type":"MultiLineString"},"geometry_name":"shape","id":"gp_red_lines.fid--7752831e_19fb67eabdc_4afe","properties":{"area":null,"creation_doc_id":3464,"deactivation_doc_id":null,"id":2552252},"type":"Feature"},{"bbox":[76.9287,52.3234,76.9366,52.33],"geometry":{"coordinates":[[[76.9366,52.3234],[76.9366,52.33],[76.9287,52.3299],[76.9289,52.3234],[76.9366,52.3234]]],"type":"MultiLineString"},"geometry_name":"shape","id":"gp_red_lines.fid--7752831e_19fb67eabdc_4aff","properties":{"area":null,"creation_doc_id":3464,"deactivation_doc_id":null,"id":2552253},"type":"Feature"},{"bbox":[76.9214,52.3233,76.9277,52.3263],"geometry":{"coordinates":[[[76.9277,52.3235],[76.9276,52.3263],[76.9214,52.3262],[76.9215,52.3233],[76.9277,52.3233],[76.9277,52.3235]]],"type":"MultiLineString"},"geometry_name":"shape","id":"gp_red_lines.fid--7752831e_19fb67eabdc_4b00","properties":{"area":null,"creation_doc_id":3464,"deactivation_doc_id":null,"id":2552254},"type":"Feature"},{"bbox":[76.9129,52.3232,76.921,52.3262],"geometry":{"coordinates":[[[76.921,52.3233],[76.9209,52.3262],[76.9129,52.3261],[76.9163,52.3232],[76.9169,52.3232],[76.921,52.3233]]],"type":"MultiLineString"},"geometry_name":"shape","id":"gp_red_lines.fid--7752831e_19fb67eabdc_4b01","properties":{"area":null,"creation_doc_id":3464,"deactivation_doc_id":null,"id":2552255},"type":"Feature"},{"bbox":[76.905,52.3242,76.9122,52.3298],"geometry":{"coordinates":[[[76.9074,52.3242],[76.9122,52.3263],[76.9121,52.3298],[76.9106,52.3298],[76.9103,52.3298],[76.9099,52.3297],[76.9096,52.3297],[76.9093,52.3297],[76.9089,52.3296],[76.9086,52.3295],[76.9083,52.3295],[76.908,52.3294],[76.9077,52.3293],[76.9074,52.3291],[76.9074,52.3291],[76.9071,52.329],[76.9068,52.3289],[76.9063,52.3287],[76.9062,52.3286],[76.906,52.3285],[76.9059,52.3284],[76.9057,52.3282],[76.9056,52.3281],[76.9055,52.328],[76.9053,52.3279],[76.9053,52.3278],[76.9052,52.3276],[76.9051,52.3275],[76.905,52.3273],[76.905,52.3272],[76.905,52.3271],[76.905,52.3269],[76.905,52.3268],[76.905,52.3266],[76.905,52.3265],[76.9051,52.3264],[76.9051,52.3262],[76.9052,52.3261],[76.9053,52.3259],[76.9054,52.3258],[76.9055,52.3257],[76.9056,52.3256],[76.9074,52.3242]]],"type":"MultiLineString"},"geometry_name":"shape","id":"gp_red_lines.fid--7752831e_19fb67eabdc_4b02","properties":{"area":null,"creation_doc_id":3464,"deactivation_doc_id":null,"id":2552256},"type":"Feature"},{"bbox":[76.9077,52.321,76.9159,52.326],"geometry":{"coordinates":[[[76.9077,52.3239],[76.9113,52.321],[76.9159,52.3231],[76.9124,52.326],[76.9077,52.3239]]],"type":"MultiLineString"},"geometry_name":"shape","id":"gp_red_lines.fid--7752831e_19fb67eabdc_4b03","properties":{"area":null,"creation_doc_id":3464,"deactivation_doc_id":null,"id":2552257},"type":"Feature"},{"bbox":[76.9035,52.319,76.9098,52.3232],"geometry":{"coordinates":[[[76.9035,52.3221],[76.9073,52.319],[76.9098,52.3202],[76.9061,52.3232],[76.9035,52.3221]]],"type":"MultiLineString"},"geometry_name":"shape","id":"gp_red_lines.fid--7752831e_19fb67eabdc_4b04","properties":{"area":null,"creation_doc_id":3464,"deactivation_doc_id":null,"id":2552258},"type":"Feature"},{"bbox":[76.9117,52.3149,76.9279,52.323],"geometry":{"coordinates":[[[76.9187,52.3149],[76.9204,52.3158],[76.9204,52.3158],[76.9204,52.3158],[76.9211,52.3159],[76.9211,52.3159],[76.9279,52.3159],[76.9278,52.323],[76.9163,52.3229],[76.9117,52.3207],[76.9187,52.3149]]],"type":"MultiLineString"},"geometry_name":"shape","id":"gp_red_lines.fid--7752831e_19fb67eabdc_4b05","properties":{"area":null,"creation_doc_id":3464,"deactivation_doc_id":null,"id":2552259},"type":"Feature"},{"bbox":[76.9014,52.3095,76.9172,52.3199],"geometry":{"coordinates":[[[76.907,52.3095],[76.9172,52.3141],[76.9102,52.3199],[76.9017,52.3159],[76.9014,52.3158],[76.9036,52.313],[76.9036,52.313],[76.9048,52.3114],[76.9059,52.3104],[76.907,52.3095]]],"type":"MultiLineString"},"geometry_name":"shape","id":"gp_red_lines.fid--7752831e_19fb67eabdc_4b06","properties":{"area":null,"creation_doc_id":3464,"deactivation_doc_id":null,"id":2552260},"type":"Feature"},{"bbox":[76.9191,52.3105,76.928,52.3156],"geometry":{"coordinates":[[[76.928,52.3105],[76.9279,52.3156],[76.9207,52.3155],[76.9191,52.3146],[76.9237,52.3108],[76.928,52.3105]]],"type":"MultiLineString"},"geometry_name":"shape","id":"gp_red_lines.fid--7752831e_19fb67eabdc_4b07","properties":{"area":null,"creation_doc_id":3464,"deactivation_doc_id":null,"id":2552261},"type":"Feature"},{"bbox":[76.929,52.3099,76.9368,52.3156],"geometry":{"coordinates":[[[76.9297,52.3152],[76.929,52.3156],[76.9292,52.3104],[76.9368,52.3099],[76.9368,52.3148],[76.9307,52.3147],[76.9306,52.3147],[76.9306,52.3147],[76.9306,52.3147],[76.9306,52.3147],[76.9306,52.3147],[76.9305,52.3147],[76.9305,52.3147],[76.9305,52.3147],[76.9304,52.3148],[76.9297,52.3152]]],"type":"MultiLineString"},"geometry_name":"shape","id":"gp_red_lines.fid--7752831e_19fb67eabdc_4b08","properties":{"area":null,"creation_doc_id":3464,"deactivation_doc_id":null,"id":2552262},"type":"Feature"},{"bbox":[76.9373,52.3148,76.9467,52.3149],"geometry":{"coordinates":[[[76.9467,52.3149],[76.9373,52.3148]]],"type":"MultiLineString"},"geometry_name":"shape","id":"gp_red_lines.fid--7752831e_19fb67eabdc_4b09","properties":{"area":null,"creation_doc_id":3464,"deactivation_doc_id":null,"id":2552263},"type":"Feature"},{"bbox":[76.9466,52.3152,76.9466,52.319],"geometry":{"coordinates":[[[76.9466,52.3152],[76.9466,52.319]]],"type":"MultiLineString"},"geometry_name":"shape","id":"gp_red_lines.fid--7752831e_19fb67eabdc_4b0a","properties":{"area":null,"creation_doc_id":3464,"deactivation_doc_id":null,"id":2552264},"type":"Feature"},{"bbox":[76.9466,52.3152,76.9466,52.319],"geometry":{"coordinates":[[[76.9466,52.3152],[76.9466,52.3152],[76.9466,52.319]]],"type":"MultiLineString"},"geometry_name":"shape","id":"gp_red_lines.fid--7752831e_19fb67eabdc_4b0b","properties":{"area":null,"creation_doc_id":3464,"deactivation_doc_id":null,"id":2552265},"type":"Feature"},{"bbox":[76.9289,52.315,76.9466,52.323],"geometry":{"coordinates":[[[76.9289,52.323],[76.9289,52.323],[76.929,52.3159],[76.9291,52.3159],[76.9291,52.3159],[76.9292,52.3159],[76.9292,52.3159],[76.9294,52.3159],[76.9294,52.3159],[76.9294,52.3159],[76.93,52.3155],[76.9307,52.315],[76.9371,52.3151],[76.9373,52.3151],[76.9373,52.3151],[76.9466,52.3152]]],"type":"MultiLineString"},"geometry_name":"shape","id":"gp_red_lines.fid--7752831e_19fb67eabdc_4b0c","properties":{"area":null,"creation_doc_id":3464,"deactivation_doc_id":null,"id":2552266},"type":"Feature"},{"bbox":[76.9289,52.319,76.9466,52.3232],"geometry":{"coordinates":[[[76.9466,52.319],[76.9465,52.3232],[76.9289,52.323]]],"type":"MultiLineString"},"geometry_name":"shape","id":"gp_red_lines.fid--7752831e_19fb67eabdc_4b0d","properties":{"area":null,"creation_doc_id":3464,"deactivation_doc_id":null,"id":2552267},"type":"Feature"},{"bbox":[76.9371,52.3235,76.9465,52.3301],"geometry":{"coordinates":[[[76.9371,52.33],[76.9372,52.3235],[76.9465,52.3236],[76.9463,52.3301],[76.9371,52.33]]],"type":"MultiLineString"},"geometry_name":"shape","id":"gp_red_lines.fid--7752831e_19fb67eabdc_4b0e","properties":{"area":null,"creation_doc_id":3464,"deactivation_doc_id":null,"id":2552268},"type":"Feature"},{"bbox":[76.9471,52.3092,76.9477,52.3376],"geometry":{"coordinates":[[[76.9471,52.3376],[76.9477,52.3092]]],"type":"MultiLineString"},"geometry_name":"shape","id":"gp_red_lines.fid--7752831e_19fb67eabdc_4b0f","properties":{"area":null,"creation_doc_id":3464,"deactivation_doc_id":null,"id":2552269},"type":"Feature"},{"bbox":[76.9616,52.3101,76.9622,52.3378],"geometry":{"coordinates":[[[76.9622,52.3101],[76.9622,52.3101],[76.9616,52.3378]]],"type":"MultiLineString"},"geometry_name":"shape","id":"gp_red_lines.fid--7752831e_19fb67eabdc_4b10","properties":{"area":null,"creation_doc_id":3464,"deactivation_doc_id":null,"id":2552270},"type":"Feature"},{"bbox":[76.9626,52.3101,76.9632,52.3301],"geometry":{"coordinates":[[[76.9627,52.3301],[76.9626,52.3301],[76.9631,52.3109],[76.9631,52.3109],[76.9631,52.3102],[76.9632,52.3101]]],"type":"MultiLineString"},"geometry_name":"shape","id":"gp_red_lines.fid--7752831e_19fb67eabdc_4b11","properties":{"area":null,"creation_doc_id":3464,"deactivation_doc_id":null,"id":2552271},"type":"Feature"},{"bbox":[76.9607,52.2983,77.0246,52.3303],"geometry":{"coordinates":[[[76.9636,52.3089],[76.9636,52.3087],[76.9636,52.3087],[76.9635,52.3086],[76.9635,52.3086],[76.9635,52.3085],[76.9635,52.3085],[76.9634,52.3085],[76.9634,52.3085],[76.9633,52.3083],[76.9633,52.3083],[76.9633,52.3083],[76.9633,52.3082],[76.9633,52.3082],[76.9632,52.3082],[76.9632,52.3082],[76.9631,52.3081],[76.9631,52.3081],[76.963,52.308],[76.963,52.308],[76.9629,52.308],[76.9629,52.308],[76.9628,52.3079],[76.9628,52.3079],[76.9627,52.3078],[76.9627,52.3078],[76.9626,52.3078],[76.9626,52.3078],[76.9624,52.3077],[76.9624,52.3077],[76.9624,52.3077],[76.9623,52.3077],[76.9623,52.3077],[76.9622,52.3077],[76.9622,52.3077],[76.9621,52.3076],[76.9621,52.3076],[76.9619,52.3076],[76.9619,52.3076],[76.9618,52.3076],[76.9618,52.3076],[76.9616,52.3076],[76.9616,52.3076],[76.9615,52.3076],[76.9615,52.3076],[76.9614,52.3076],[76.9614,52.3076],[76.9614,52.3076],[76.9612,52.3076],[76.9607,52.3075],[76.9609,52.3069],[76.9609,52.3069],[76.961,52.3066],[76.961,52.3066],[76.9611,52.3059],[76.9614,52.3051],[76.9616,52.3048],[76.9622,52.3039],[76.9622,52.3039],[76.9623,52.3037],[76.9641,52.3009],[76.9642,52.3007],[76.9652,52.3011],[76.9652,52.3011],[76.9652,52.3011],[76.9652,52.3011],[76.9652,52.3011],[76.9652,52.3011],[76.9652,52.3011],[76.9652,52.3011],[76.9653,52.3011],[76.9653,52.3011],[76.9653,52.3011],[76.9653,52.3011],[76.9653,52.3011],[76.9653,52.3011],[76.9653,52.3011],[76.9653,52.3011],[76.9653,52.3011],[76.9653,52.3011],[76.9653,52.3011],[76.9654,52.3011],[76.9654,52.3011],[76.9666,52.3009],[76.9687,52.3005],[76.975,52.3],[76.975,52.3],[76.975,52.3],[76.975,52.3],[76.975,52.3],[76.975,52.3],[76.9751,52.3],[76.9751,52.3],[76.9751,52.3],[76.9751,52.3],[76.9751,52.3],[76.9751,52.3],[76.9751,52.3],[76.9751,52.3],[76.9751,52.3],[76.9751,52.3],[76.9751,52.3],[76.9752,52.3],[76.9752,52.3],[76.9752,52.3],[76.9752,52.3],[76.9752,52.2999],[76.9752,52.2999],[76.9752,52.2999],[76.9752,52.2999],[76.9752,52.2999],[76.9752,52.2999],[76.9752,52.2999],[76.9752,52.2999],[76.9752,52.2999],[76.9756,52.2992],[76.9756,52.2992],[76.9756,52.2991],[76.9756,52.2991],[76.9756,52.2991],[76.9756,52.2991],[76.9756,52.2991],[76.9756,52.2991],[76.9756,52.2991],[76.9756,52.299],[76.9785,52.2987],[76.9785,52.2987],[76.9808,52.2985],[76.9821,52.2984],[76.9827,52.2983],[76.9869,52.2985],[76.9923,52.2987],[76.9923,52.2987],[76.9954,52.2988],[76.9998,52.299],[77.0036,52.2992],[77.0045,52.2993],[77.0066,52.2996],[77.0101,52.3001],[77.0101,52.3001],[77.0163,52.3009],[77.0246,52.3021],[77.0239,52.3035],[77.0239,52.3035],[77.0239,52.3035],[77.0239,52.3035],[77.0214,52.3095],[77.0212,52.31],[77.0212,52.31],[77.0209,52.3108],[77.0206,52.3114],[77.0203,52.3121],[77.0203,52.3121],[77.02,52.3128],[77.02,52.3128],[77.0198,52.3134],[77.0195,52.3139],[77.0195,52.3139],[77.0195,52.3139],[77.0195,52.3139],[77.0195,52.314],[77.0195,52.314],[77.0195,52.314],[77.0195,52.314],[77.0195,52.3141],[77.0195,52.3141],[77.0195,52.3141],[77.0195,52.3141],[77.0194,52.3141],[77.0194,52.3141],[77.0194,52.3142],[77.0194,52.3142],[77.0194,52.3142],[77.0194,52.3142],[77.0194,52.3142],[77.0194,52.3142],[77.0194,52.3143],[77.0194,52.3143],[77.0194,52.3143],[77.0194,52.3143],[77.0194,52.3144],[77.0194,52.3144],[77.0194,52.3144],[77.0194,52.3144],[77.0194,52.3145],[77.0194,52.3145],[77.0194,52.3145],[77.0194,52.3145],[77.0194,52.3146],[77.0194,52.3146],[77.0194,52.3146],[77.0194,52.3146],[77.0193,52.3147],[77.0193,52.3147],[77.0193,52.3147],[77.0193,52.3147],[77.0193,52.3148],[77.0193,52.3148],[77.0193,52.3148],[77.0193,52.3148],[77.0193,52.3148],[77.0193,52.3148],[77.0193,52.3148],[77.0193,52.3149],[77.0193,52.3149],[77.0193,52.3149],[77.0193,52.3149],[77.0193,52.315],[77.0193,52.315],[77.0193,52.315],[77.0193,52.315],[77.0194,52.3151],[77.0194,52.3151],[77.0194,52.3151],[77.0194,52.3151],[77.0194,52.3152],[77.0194,52.3152],[77.0194,52.3152],[77.0194,52.3152],[77.0194,52.3153],[77.0194,52.3153],[77.0194,52.3153],[77.0194,52.3153],[77.0194,52.3154],[77.0194,52.3154],[77.0194,52.3154],[77.0194,52.3154],[77.0194,52.3155],[77.0194,52.3155],[77.0194,52.3155],[77.0194,52.3155],[77.0194,52.3156],[77.0194,52.3156],[77.0194,52.3156],[77.0194,52.3156],[77.0195,52.3157],[77.0195,52.3157],[77.0195,52.3157],[77.0195,52.3157],[77.0195,52.3158],[77.0195,52.3158],[77.0195,52.3158],[77.0195,52.3158],[77.0195,52.3159],[77.0195,52.3159],[77.0195,52.3159],[77.0195,52.3159],[77.0196,52.316],[77.0196,52.316],[77.0196,52.316],[77.0196,52.316],[77.0196,52.3161],[77.0196,52.3161],[77.0196,52.3161],[77.0196,52.3161],[77.0197,52.3161],[77.0197,52.3161],[77.0197,52.3162],[77.0197,52.3162],[77.0197,52.3162],[77.0197,52.3162],[77.0197,52.3162],[77.0197,52.3162],[77.0198,52.3163],[77.0198,52.3163],[77.0198,52.3163],[77.0198,52.3163],[77.0198,52.3164],[77.0198,52.3164],[77.0198,52.3164],[77.0198,52.3164],[77.0199,52.3165],[77.0199,52.3165],[77.0199,52.3165],[77.0199,52.3165],[77.02,52.3166],[77.02,52.3166],[77.02,52.3166],[77.02,52.3166],[77.02,52.3166],[77.02,52.3166],[77.02,52.3166],[77.0201,52.3167],[77.0099,52.3208],[77.0057,52.3222],[76.9824,52.3301],[76.9821,52.3302],[76.9821,52.3302],[76.9821,52.3302],[76.9819,52.3303],[76.9819,52.3303],[76.9818,52.3303],[76.9817,52.3303],[76.9816,52.3303],[76.9816,52.3303],[76.9815,52.3303],[76.9814,52.3303],[76.9814,52.3303],[76.9627,52.3301]]],"type":"MultiLineString"},"geometry_name":"shape","id":"gp_red_lines.fid--7752831e_19fb67eabdc_4b12","properties":{"area":null,"creation_doc_id":3464,"deactivation_doc_id":null,"id":2552272},"type":"Feature"},{"bbox":[76.9627,52.3307,76.9807,52.3427],"geometry":{"coordinates":[[[76.9627,52.3307],[76.9807,52.3309],[76.9805,52.331],[76.9804,52.331],[76.9801,52.3313],[76.9801,52.3313],[76.9798,52.3315],[76.9797,52.3315],[76.9795,52.3318],[76.9794,52.3318],[76.9794,52.3318],[76.9792,52.3321],[76.9792,52.3321],[76.9789,52.3324],[76.9789,52.3324],[76.9783,52.3333],[76.9783,52.3333],[76.9749,52.3381],[76.9745,52.3385],[76.974,52.339],[76.9735,52.3394],[76.9729,52.3398],[76.9723,52.3402],[76.9717,52.3406],[76.971,52.3409],[76.9702,52.3412],[76.9695,52.3415],[76.9687,52.3418],[76.9679,52.342],[76.9672,52.3421],[76.966,52.3422],[76.966,52.3422],[76.965,52.3424],[76.965,52.3424],[76.9641,52.3425],[76.964,52.3425],[76.9631,52.3427],[76.9631,52.3427],[76.963,52.3427]]],"type":"MultiLineString"},"geometry_name":"shape","id":"gp_red_lines.fid--7752831e_19fb67eabdc_4b13","properties":{"area":null,"creation_doc_id":3464,"deactivation_doc_id":null,"id":2552273},"type":"Feature"},{"bbox":[76.9615,52.3381,76.9621,52.343],"geometry":{"coordinates":[[[76.9616,52.3381],[76.9615,52.3419],[76.9615,52.3419],[76.9615,52.342],[76.9621,52.343]]],"type":"MultiLineString"},"geometry_name":"shape","id":"gp_red_lines.fid--7752831e_19fb67eabdc_4b14","properties":{"area":null,"creation_doc_id":3464,"deactivation_doc_id":null,"id":2552274},"type":"Feature"},{"bbox":[76.9621,52.3427,76.963,52.343],"geometry":{"coordinates":[[[76.963,52.3427],[76.9622,52.343],[76.9622,52.343],[76.9621,52.343]]],"type":"MultiLineString"},"geometry_name":"shape","id":"gp_red_lines.fid--7752831e_19fb67eabdc_4b15","properties":{"area":null,"creation_doc_id":3464,"deactivation_doc_id":null,"id":2552275},"type":"Feature"},{"bbox":[76.9471,52.3379,76.9616,52.3381],"geometry":{"coordinates":[[[76.9471,52.3379],[76.9616,52.3381]]],"type":"MultiLineString"},"geometry_name":"shape","id":"gp_red_lines.fid--7752831e_19fb67eabdc_4b16","properties":{"area":null,"creation_doc_id":3464,"deactivation_doc_id":null,"id":2552276},"type":"Feature"},{"bbox":[76.9471,52.3376,76.9616,52.3378],"geometry":{"coordinates":[[[76.9616,52.3378],[76.9471,52.3376]]],"type":"MultiLineString"},"geometry_name":"shape","id":"gp_red_lines.fid--7752831e_19fb67eabdc_4b17","properties":{"area":null,"creation_doc_id":3464,"deactivation_doc_id":null,"id":2552277},"type":"Feature"},{"bbox":[76.9624,52.3307,76.963,52.3427],"geometry":{"coordinates":[[[76.963,52.3427],[76.9624,52.3419],[76.9627,52.3307]]],"type":"MultiLineString"},"geometry_name":"shape","id":"gp_red_lines.fid--7752831e_19fb67eabdc_4b18","properties":{"area":null,"creation_doc_id":3464,"deactivation_doc_id":null,"id":2552278},"type":"Feature"},{"bbox":[76.9616,52.3378,76.9616,52.3381],"geometry":{"coordinates":[[[76.9616,52.3378],[76.9616,52.3381]]],"type":"MultiLineString"},"geometry_name":"shape","id":"gp_red_lines.fid--7752831e_19fb67eabdc_4b19","properties":{"area":null,"creation_doc_id":3464,"deactivation_doc_id":null,"id":2552279},"type":"Feature"},{"bbox":[76.9371,52.3303,76.9463,52.3375],"geometry":{"coordinates":[[[76.9371,52.3375],[76.9371,52.3303],[76.9463,52.3304],[76.9461,52.3371],[76.9461,52.3373],[76.9462,52.3373]]],"type":"MultiLineString"},"geometry_name":"shape","id":"gp_red_lines.fid--7752831e_19fb67eabdc_4b1a","properties":{"area":null,"creation_doc_id":3464,"deactivation_doc_id":null,"id":2552280},"type":"Feature"},{"bbox":[76.9371,52.3378,76.9462,52.3379],"geometry":{"coordinates":[[[76.9371,52.3378],[76.9462,52.3379]]],"type":"MultiLineString"},"geometry_name":"shape","id":"gp_red_lines.fid--7752831e_19fb67eabdc_4b1b","properties":{"area":null,"creation_doc_id":3464,"deactivation_doc_id":null,"id":2552281},"type":"Feature"},{"bbox":[76.9371,52.3375,76.9462,52.3376],"geometry":{"coordinates":[[[76.9462,52.3376],[76.9371,52.3375]]],"type":"MultiLineString"},"geometry_name":"shape","id":"gp_red_lines.fid--7752831e_19fb67eabdc_4b1c","properties":{"area":null,"creation_doc_id":3464,"deactivation_doc_id":null,"id":2552282},"type":"Feature"},{"bbox":[76.9462,52.3373,76.9462,52.3376],"geometry":{"coordinates":[[[76.9462,52.3373],[76.9462,52.3376]]],"type":"MultiLineString"},"geometry_name":"shape","id":"gp_red_lines.fid--7752831e_19fb67eabdc_4b1d","properties":{"area":null,"creation_doc_id":3464,"deactivation_doc_id":null,"id":2552283},"type":"Feature"},{"bbox":[76.946,52.3379,76.9462,52.3452],"geometry":{"coordinates":[[[76.9462,52.3379],[76.946,52.3452]]],"type":"MultiLineString"},"geometry_name":"shape","id":"gp_red_lines.fid--7752831e_19fb67eabdc_4b1e","properties":{"area":null,"creation_doc_id":3464,"deactivation_doc_id":null,"id":2552284},"type":"Feature"},{"bbox":[76.9469,52.3379,76.9471,52.3454],"geometry":{"coordinates":[[[76.9469,52.3454],[76.9471,52.3379]]],"type":"MultiLineString"},"geometry_name":"shape","id":"gp_red_lines.fid--7752831e_19fb67eabdc_4b1f","properties":{"area":null,"creation_doc_id":3464,"deactivation_doc_id":null,"id":2552285},"type":"Feature"},{"bbox":[76.937,52.3451,76.946,52.3452],"geometry":{"coordinates":[[[76.946,52.3452],[76.937,52.3451]]],"type":"MultiLineString"},"geometry_name":"shape","id":"gp_red_lines.fid--7752831e_19fb67eabdc_4b20","properties":{"area":null,"creation_doc_id":3464,"deactivation_doc_id":null,"id":2552286},"type":"Feature"},{"bbox":[76.9462,52.3458,76.9483,52.348],"geometry":{"coordinates":[[[76.9462,52.3458],[76.9483,52.348]]],"type":"MultiLineString"},"geometry_name":"shape","id":"gp_red_lines.fid--7752831e_19fb67eabdc_4b21","properties":{"area":null,"creation_doc_id":3464,"deactivation_doc_id":null,"id":2552287},"type":"Feature"},{"bbox":[76.9469,52.3454,76.9491,52.3477],"geometry":{"coordinates":[[[76.9491,52.3477],[76.9469,52.3454]]],"type":"MultiLineString"},"geometry_name":"shape","id":"gp_red_lines.fid--7752831e_19fb67eabdc_4b22","properties":{"area":null,"creation_doc_id":3464,"deactivation_doc_id":null,"id":2552288},"type":"Feature"},{"bbox":[76.9282,52.3456,76.9483,52.3518],"geometry":{"coordinates":[[[76.9483,52.348],[76.9394,52.3512],[76.939,52.3514],[76.9386,52.3515],[76.9382,52.3516],[76.9378,52.3516],[76.9374,52.3517],[76.937,52.3517],[76.9366,52.3518],[76.9361,52.3518],[76.9282,52.3517],[76.9284,52.3456]]],"type":"MultiLineString"},"geometry_name":"shape","id":"gp_red_lines.fid--7752831e_19fb67eabdc_4b23","properties":{"area":null,"creation_doc_id":3464,"deactivation_doc_id":null,"id":2552289},"type":"Feature"},{"bbox":[76.9491,52.343,76.9621,52.3477],"geometry":{"coordinates":[[[76.9621,52.343],[76.9613,52.3432],[76.9613,52.3432],[76.9612,52.3432],[76.9491,52.3477]]],"type":"MultiLineString"},"geometry_name":"shape","id":"gp_red_lines.fid--7752831e_19fb67eabdc_4b24","properties":{"area":null,"creation_doc_id":3464,"deactivation_doc_id":null,"id":2552290},"type":"Feature"},{"bbox":[76.9274,52.3173,77.0687,52.3848],"geometry":{"coordinates":[[[77.0425,52.3848],[77.0396,52.3845],[77.0396,52.3845],[77.0395,52.3845],[77.0395,52.3845],[77.0395,52.3845],[76.9886,52.3841],[76.9867,52.3841],[76.9867,52.384],[76.9867,52.384],[76.9455,52.3834],[76.9455,52.3834],[76.9325,52.3833],[76.9274,52.3832],[76.9282,52.3524],[76.9361,52.3525],[76.9361,52.3525],[76.9366,52.3525],[76.9366,52.3525],[76.9371,52.3525],[76.9371,52.3525],[76.9376,52.3524],[76.9376,52.3524],[76.9381,52.3523],[76.9381,52.3523],[76.9386,52.3523],[76.9386,52.3522],[76.939,52.3521],[76.9391,52.3521],[76.9395,52.352],[76.9395,52.352],[76.9399,52.3519],[76.9399,52.3519],[76.94,52.3519],[76.9618,52.3439],[76.9627,52.3436],[76.9635,52.3434],[76.9644,52.3432],[76.9653,52.3431],[76.9663,52.3429],[76.9674,52.3428],[76.9675,52.3428],[76.9683,52.3426],[76.9684,52.3426],[76.9692,52.3424],[76.9692,52.3424],[76.97,52.3422],[76.97,52.3421],[76.9701,52.3421],[76.9709,52.3419],[76.9709,52.3418],[76.9717,52.3415],[76.9717,52.3415],[76.9724,52.3412],[76.9724,52.3411],[76.9731,52.3408],[76.9732,52.3407],[76.9738,52.3403],[76.9738,52.3403],[76.9744,52.3399],[76.9744,52.3399],[76.975,52.3394],[76.975,52.3394],[76.9755,52.3389],[76.9755,52.3389],[76.9755,52.3389],[76.976,52.3384],[76.976,52.3384],[76.976,52.3384],[76.9793,52.3336],[76.98,52.3327],[76.9802,52.3324],[76.9804,52.3322],[76.9807,52.332],[76.981,52.3317],[76.9813,52.3315],[76.9816,52.3313],[76.982,52.3311],[76.9823,52.331],[76.9827,52.3308],[76.983,52.3307],[76.983,52.3307],[76.9856,52.3298],[76.9874,52.3293],[76.9874,52.3293],[76.99,52.3284],[76.9935,52.3272],[76.9954,52.3265],[77.0063,52.3228],[77.0063,52.3228],[77.0063,52.3228],[77.0105,52.3214],[77.0105,52.3214],[77.0207,52.3173],[77.0232,52.3198],[77.0288,52.3254],[77.0288,52.3254],[77.0299,52.3264],[77.0306,52.3271],[77.0306,52.3271],[77.0306,52.3271],[77.0306,52.3271],[77.0479,52.344],[77.0479,52.344],[77.0479,52.344],[77.0479,52.344],[77.0586,52.3543],[77.0678,52.3643],[77.0686,52.3658],[77.0687,52.3659],[77.0687,52.3659],[77.0687,52.366],[77.0687,52.366],[77.0687,52.3661],[77.0687,52.3661],[77.0687,52.3662],[77.0686,52.3662],[77.0686,52.3663],[77.0685,52.3663],[77.0685,52.3664],[77.0684,52.3664],[77.0683,52.3665],[77.0678,52.3667],[77.0665,52.3672],[77.0665,52.3672],[77.0665,52.3672],[77.0665,52.3672],[77.0618,52.3688],[77.0618,52.3688],[77.0618,52.3688],[77.0618,52.3688],[77.0618,52.3688],[77.0618,52.3688],[77.061,52.369],[77.061,52.369],[77.0609,52.3691],[77.0609,52.3691],[77.0601,52.3694],[77.0601,52.3694],[77.0601,52.3694],[77.0601,52.3694],[77.0593,52.3697],[77.0593,52.3697],[77.0593,52.3697],[77.0593,52.3697],[77.0585,52.37],[77.0585,52.37],[77.0585,52.37],[77.0585,52.37],[77.0577,52.3704],[77.0577,52.3704],[77.0577,52.3704],[77.0577,52.3704],[77.0569,52.3707],[77.0569,52.3707],[77.0569,52.3707],[77.0569,52.3707],[77.0561,52.3711],[77.0561,52.3711],[77.0561,52.3711],[77.0561,52.3711],[77.0554,52.3715],[77.0554,52.3715],[77.0554,52.3715],[77.0554,52.3715],[77.0546,52.3719],[77.0546,52.3719],[77.0546,52.3719],[77.0546,52.3719],[77.0539,52.3723],[77.0539,52.3723],[77.0539,52.3723],[77.0539,52.3723],[77.0532,52.3727],[77.0532,52.3727],[77.0532,52.3727],[77.0532,52.3727],[77.0525,52.3732],[77.0525,52.3732],[77.0525,52.3732],[77.0525,52.3732],[77.0519,52.3736],[77.0519,52.3736],[77.0518,52.3736],[77.0518,52.3736],[77.0512,52.374],[77.0512,52.374],[77.0512,52.3741],[77.0512,52.3741],[77.051,52.3742],[77.0506,52.3745],[77.0506,52.3745],[77.0506,52.3745],[77.0506,52.3745],[77.05,52.375],[77.05,52.375],[77.05,52.375],[77.05,52.375],[77.0494,52.3755],[77.0494,52.3755],[77.0494,52.3755],[77.0494,52.3755],[77.0488,52.3759],[77.0488,52.3759],[77.0488,52.376],[77.0488,52.376],[77.0482,52.3764],[77.0482,52.3764],[77.0482,52.3765],[77.0482,52.3765],[77.0477,52.3769],[77.0477,52.3769],[77.0477,52.377],[77.0477,52.377],[77.0472,52.3775],[77.0472,52.3775],[77.0472,52.3775],[77.0472,52.3775],[77.0472,52.3775],[77.0472,52.3775],[77.0472,52.3775],[77.0467,52.378],[77.0467,52.378],[77.0467,52.378],[77.0467,52.378],[77.0462,52.3785],[77.0462,52.3785],[77.0462,52.3785],[77.0462,52.3785],[77.0458,52.379],[77.0458,52.379],[77.0458,52.3791],[77.0458,52.3791],[77.0454,52.3796],[77.0454,52.3796],[77.0454,52.3796],[77.0454,52.3796],[77.045,52.3801],[77.045,52.3801],[77.045,52.3801],[77.045,52.3801],[77.0446,52.3807],[77.0446,52.3807],[77.0446,52.3807],[77.0446,52.3807],[77.0442,52.3812],[77.0442,52.3812],[77.0442,52.3813],[77.0442,52.3813],[77.0439,52.3818],[77.0439,52.3818],[77.0439,52.3818],[77.0439,52.3818],[77.0436,52.3824],[77.0436,52.3824],[77.0436,52.3824],[77.0436,52.3824],[77.0433,52.383],[77.0433,52.383],[77.0433,52.383],[77.0433,52.383],[77.043,52.3835],[77.043,52.3835],[77.043,52.3835],[77.043,52.3835],[77.0428,52.3841],[77.0428,52.3841],[77.0428,52.3841],[77.0428,52.3841],[77.0426,52.3847],[77.0426,52.3847],[77.0426,52.3847],[77.0426,52.3847],[77.0425,52.3848]]],"type":"MultiLineString"},"geometry_name":"shape","id":"gp_red_lines.fid--7752831e_19fb67eabdc_4b25","properties":{"area":null,"creation_doc_id":3464,"deactivation_doc_id":null,"id":2552291},"type":"Feature"},{"bbox":[76.8883,52.3518,76.9271,52.3831],"geometry":{"coordinates":[[[76.8889,52.3829],[76.8883,52.3825],[76.8886,52.3819],[76.9,52.3518],[76.9007,52.352],[76.9008,52.352],[76.9023,52.3521],[76.9024,52.3521],[76.9039,52.3522],[76.904,52.3522],[76.904,52.3522],[76.9271,52.3524],[76.9263,52.3831],[76.8901,52.3829],[76.8901,52.3829],[76.8889,52.3829]]],"type":"MultiLineString"},"geometry_name":"shape","id":"gp_red_lines.fid--7752831e_19fb67eabdc_4b26","properties":{"area":null,"creation_doc_id":3464,"deactivation_doc_id":null,"id":2552292},"type":"Feature"},{"bbox":[76.9284,52.3456,76.9462,52.3458],"geometry":{"coordinates":[[[76.9284,52.3456],[76.9462,52.3458]]],"type":"MultiLineString"},"geometry_name":"shape","id":"gp_red_lines.fid--7752831e_19fb67eabdc_4b27","properties":{"area":null,"creation_doc_id":3464,"deactivation_doc_id":null,"id":2552293},"type":"Feature"},{"bbox":[76.9284,52.345,76.9365,52.3451],"geometry":{"coordinates":[[[76.9365,52.3451],[76.9284,52.345]]],"type":"MultiLineString"},"geometry_name":"shape","id":"gp_red_lines.fid--7752831e_19fb67eabdc_4b28","properties":{"area":null,"creation_doc_id":3464,"deactivation_doc_id":null,"id":2552294},"type":"Feature"},{"bbox":[76.8955,52.3436,76.9273,52.345],"geometry":{"coordinates":[[[76.9273,52.345],[76.9022,52.3447],[76.8955,52.3436]]],"type":"MultiLineString"},"geometry_name":"shape","id":"gp_red_lines.fid--7752831e_19fb67eabdc_4b29","properties":{"area":null,"creation_doc_id":3464,"deactivation_doc_id":null,"id":2552295},"type":"Feature"},{"bbox":[76.8952,52.3441,76.9273,52.3456],"geometry":{"coordinates":[[[76.8952,52.3441],[76.902,52.3453],[76.9021,52.3453],[76.9273,52.3456]]],"type":"MultiLineString"},"geometry_name":"shape","id":"gp_red_lines.fid--7752831e_19fb67eabdc_4b2a","properties":{"area":null,"creation_doc_id":3464,"deactivation_doc_id":null,"id":2552296},"type":"Feature"},{"bbox":[76.8994,52.3456,76.9273,52.3517],"geometry":{"coordinates":[[[76.9273,52.3456],[76.9271,52.3517],[76.904,52.3515],[76.9025,52.3514],[76.901,52.3513],[76.9003,52.3511],[76.8994,52.351]]],"type":"MultiLineString"},"geometry_name":"shape","id":"gp_red_lines.fid--7752831e_19fb67eabdc_4b2b","properties":{"area":null,"creation_doc_id":3464,"deactivation_doc_id":null,"id":2552297},"type":"Feature"},{"bbox":[76.8925,52.3441,76.8994,52.351],"geometry":{"coordinates":[[[76.8994,52.351],[76.8925,52.3498],[76.8952,52.3441]]],"type":"MultiLineString"},"geometry_name":"shape","id":"gp_red_lines.fid--7752831e_19fb67eabdc_4b2c","properties":{"area":null,"creation_doc_id":3464,"deactivation_doc_id":null,"id":2552298},"type":"Feature"},{"bbox":[76.8809,52.3419,76.8934,52.3496],"geometry":{"coordinates":[[[76.8837,52.3419],[76.8934,52.3436],[76.8905,52.3496],[76.8809,52.3479],[76.8837,52.3419]]],"type":"MultiLineString"},"geometry_name":"shape","id":"gp_red_lines.fid--7752831e_19fb67eabdc_4b2d","properties":{"area":null,"creation_doc_id":3464,"deactivation_doc_id":null,"id":2552299},"type":"Feature"},{"bbox":[76.872,52.3478,76.8903,52.359],"geometry":{"coordinates":[[[76.8781,52.3478],[76.8784,52.3478],[76.8787,52.3478],[76.8789,52.3478],[76.8792,52.3479],[76.8795,52.3479],[76.8803,52.3481],[76.8808,52.3481],[76.8903,52.3499],[76.8877,52.3553],[76.8877,52.3553],[76.8876,52.3556],[76.8876,52.3556],[76.8859,52.359],[76.8764,52.3574],[76.8759,52.3573],[76.8728,52.3568],[76.8728,52.3568],[76.8728,52.3568],[76.8728,52.3568],[76.8727,52.3568],[76.8727,52.3568],[76.8726,52.3567],[76.8725,52.3567],[76.8725,52.3567],[76.8724,52.3567],[76.8724,52.3567],[76.8723,52.3566],[76.8723,52.3566],[76.8722,52.3566],[76.8722,52.3566],[76.8722,52.3565],[76.8721,52.3565],[76.8721,52.3565],[76.8721,52.3564],[76.872,52.3564],[76.872,52.3563],[76.872,52.3563],[76.872,52.3563],[76.872,52.3562],[76.872,52.3562],[76.872,52.3562],[76.872,52.3561],[76.872,52.3561],[76.8729,52.353],[76.8729,52.353],[76.8729,52.353],[76.8729,52.353],[76.873,52.3529],[76.873,52.3527],[76.873,52.3526],[76.873,52.3526],[76.873,52.3525],[76.873,52.3525],[76.873,52.3525],[76.873,52.3525],[76.873,52.3525],[76.873,52.3523],[76.873,52.3523],[76.873,52.3523],[76.873,52.3523],[76.873,52.3521],[76.873,52.3521],[76.873,52.3521],[76.873,52.3521],[76.873,52.3519],[76.873,52.3519],[76.873,52.3519],[76.873,52.3519],[76.8729,52.3518],[76.8729,52.3518],[76.8729,52.3518],[76.8729,52.3518],[76.8725,52.3503],[76.8725,52.3503],[76.8725,52.3503],[76.8725,52.3503],[76.8724,52.3503],[76.8724,52.3503],[76.8724,52.3502],[76.8724,52.3502],[76.8724,52.3501],[76.8724,52.3501],[76.8724,52.3501],[76.8724,52.3501],[76.8723,52.35],[76.8723,52.35],[76.8723,52.35],[76.8723,52.35],[76.8722,52.3499],[76.8722,52.3499],[76.8722,52.3499],[76.8722,52.3499],[76.8721,52.3497],[76.8759,52.3483],[76.8761,52.3482],[76.8764,52.3481],[76.8767,52.348],[76.8769,52.348],[76.8772,52.3479],[76.8775,52.3479],[76.8778,52.3478],[76.8781,52.3478]]],"type":"MultiLineString"},"geometry_name":"shape","id":"gp_red_lines.fid--7752831e_19fb67eabdc_4b2e","properties":{"area":null,"creation_doc_id":3464,"deactivation_doc_id":null,"id":2552300},"type":"Feature"},{"bbox":[76.8776,52.3505,76.8991,52.3826],"geometry":{"coordinates":[[[76.8776,52.3806],[76.8921,52.3505],[76.8991,52.3517],[76.8876,52.382],[76.8876,52.382],[76.8875,52.3824],[76.8867,52.3826],[76.8864,52.3825],[76.8864,52.3825],[76.8776,52.3806]]],"type":"MultiLineString"},"geometry_name":"shape","id":"gp_red_lines.fid--7752831e_19fb67eabdc_4b2f","properties":{"area":null,"creation_doc_id":3464,"deactivation_doc_id":null,"id":2552301},"type":"Feature"},{"bbox":[76.8664,52.338,76.8833,52.3495],"geometry":{"coordinates":[[[76.882,52.3415],[76.8823,52.3416],[76.8823,52.3416],[76.8823,52.3416],[76.8823,52.3416],[76.8823,52.3416],[76.8823,52.3416],[76.8826,52.3417],[76.8826,52.3417],[76.8826,52.3417],[76.8826,52.3417],[76.8829,52.3417],[76.8829,52.3417],[76.8829,52.3417],[76.8829,52.3417],[76.8832,52.3418],[76.8832,52.3418],[76.8832,52.3418],[76.8832,52.3418],[76.8833,52.3418],[76.8804,52.3478],[76.8796,52.3476],[76.8796,52.3476],[76.8796,52.3476],[76.8796,52.3476],[76.8793,52.3476],[76.8793,52.3476],[76.8793,52.3476],[76.8793,52.3476],[76.879,52.3476],[76.879,52.3476],[76.879,52.3476],[76.879,52.3476],[76.8787,52.3475],[76.8787,52.3475],[76.8787,52.3475],[76.8787,52.3475],[76.8784,52.3475],[76.8784,52.3475],[76.8784,52.3475],[76.8784,52.3475],[76.8784,52.3475],[76.8784,52.3475],[76.8784,52.3475],[76.8781,52.3475],[76.8781,52.3475],[76.878,52.3475],[76.878,52.3475],[76.8777,52.3476],[76.8777,52.3476],[76.8777,52.3476],[76.8777,52.3476],[76.8774,52.3476],[76.8774,52.3476],[76.8774,52.3476],[76.8774,52.3476],[76.8771,52.3476],[76.8771,52.3476],[76.8771,52.3476],[76.8771,52.3476],[76.8768,52.3477],[76.8768,52.3477],[76.8768,52.3477],[76.8768,52.3477],[76.8765,52.3478],[76.8765,52.3478],[76.8765,52.3478],[76.8765,52.3478],[76.8762,52.3478],[76.8762,52.3478],[76.8762,52.3478],[76.8762,52.3478],[76.8759,52.3479],[76.8759,52.3479],[76.8759,52.3479],[76.8759,52.3479],[76.8759,52.3479],[76.8759,52.3479],[76.8759,52.3479],[76.8756,52.348],[76.8756,52.348],[76.8756,52.348],[76.8756,52.348],[76.8718,52.3495],[76.8717,52.3494],[76.8717,52.3494],[76.8717,52.3494],[76.8717,52.3494],[76.8716,52.3493],[76.8716,52.3493],[76.8716,52.3493],[76.8716,52.3493],[76.8714,52.3492],[76.8714,52.3492],[76.8714,52.3492],[76.8714,52.3492],[76.8713,52.3491],[76.8713,52.3491],[76.8713,52.3491],[76.8713,52.3491],[76.8689,52.3479],[76.8687,52.3478],[76.8686,52.3478],[76.8685,52.3477],[76.8684,52.3476],[76.8683,52.3475],[76.8682,52.3474],[76.8681,52.3472],[76.868,52.3471],[76.868,52.347],[76.8664,52.3426],[76.8664,52.3426],[76.8664,52.3426],[76.8664,52.3426],[76.8664,52.3426],[76.8664,52.3426],[76.8664,52.3426],[76.8664,52.3425],[76.8664,52.3425],[76.8664,52.3425],[76.8664,52.3425],[76.8664,52.3425],[76.8664,52.3425],[76.8664,52.3425],[76.8664,52.3425],[76.8665,52.3425],[76.8665,52.3425],[76.8665,52.3425],[76.8665,52.3424],[76.8665,52.3424],[76.8696,52.3415],[76.8696,52.3415],[76.8696,52.3415],[76.8701,52.3414],[76.8701,52.3414],[76.8701,52.3414],[76.8701,52.3414],[76.8701,52.3414],[76.8701,52.3414],[76.8701,52.3414],[76.8705,52.3412],[76.8705,52.3412],[76.8705,52.3412],[76.8705,52.3412],[76.871,52.341],[76.871,52.341],[76.871,52.341],[76.871,52.341],[76.8714,52.3408],[76.8714,52.3408],[76.8714,52.3408],[76.8714,52.3408],[76.8718,52.3406],[76.8718,52.3406],[76.8718,52.3406],[76.8718,52.3406],[76.8721,52.3404],[76.8721,52.3404],[76.8721,52.3404],[76.8721,52.3404],[76.8725,52.3401],[76.8755,52.338],[76.8812,52.3411],[76.8815,52.3412],[76.8815,52.3412],[76.8815,52.3412],[76.8815,52.3412],[76.8817,52.3413],[76.8817,52.3413],[76.8817,52.3413],[76.8817,52.3413],[76.882,52.3415],[76.882,52.3415],[76.882,52.3415],[76.882,52.3415]]],"type":"MultiLineString"},"geometry_name":"shape","id":"gp_red_lines.fid--7752831e_19fb67eabdc_4b30","properties":{"area":null,"creation_doc_id":3464,"deactivation_doc_id":null,"id":2552302},"type":"Feature"},{"bbox":[76.8373,52.4324,76.8474,52.4387],"geometry":{"coordinates":[[[76.8474,52.4336],[76.8456,52.4387],[76.8373,52.4374],[76.8383,52.4324]]],"type":"MultiLineString"},"geometry_name":"shape","id":"gp_red_lines.fid--7752831e_19fb67eabdc_4b31","properties":{"area":null,"creation_doc_id":3464,"deactivation_doc_id":null,"id":2552303},"type":"Feature"},{"bbox":[76.8383,52.4324,76.8474,52.4336],"geometry":{"coordinates":[[[76.8383,52.4324],[76.8474,52.4336]]],"type":"MultiLineString"},"geometry_name":"shape","id":"gp_red_lines.fid--7752831e_19fb67eabdc_4b32","properties":{"area":null,"creation_doc_id":3464,"deactivation_doc_id":null,"id":2552304},"type":"Feature"},{"bbox":[76.8383,52.4321,76.8384,52.4324],"geometry":{"coordinates":[[[76.8383,52.4324],[76.8384,52.4321]]],"type":"MultiLineString"},"geometry_name":"shape","id":"gp_red_lines.fid--7752831e_19fb67eabdc_4b33","properties":{"area":null,"creation_doc_id":3464,"deactivation_doc_id":null,"id":2552305},"type":"Feature"},{"bbox":[76.8384,52.428,76.8392,52.4321],"geometry":{"coordinates":[[[76.8384,52.4321],[76.8392,52.428]]],"type":"MultiLineString"},"geometry_name":"shape","id":"gp_red_lines.fid--7752831e_19fb67eabdc_4b34","properties":{"area":null,"creation_doc_id":3464,"deactivation_doc_id":null,"id":2552306},"type":"Feature"},{"bbox":[76.838,52.4178,76.8574,52.4295],"geometry":{"coordinates":[[[76.8398,52.419],[76.8419,52.4203],[76.8419,52.4203],[76.8419,52.4204],[76.8419,52.4204],[76.8419,52.4204],[76.8419,52.4204],[76.8419,52.4204],[76.8419,52.4204],[76.8419,52.4204],[76.8419,52.4204],[76.8419,52.4204],[76.842,52.4204],[76.842,52.4204],[76.842,52.4204],[76.842,52.4204],[76.842,52.4204],[76.842,52.4204],[76.842,52.4204],[76.842,52.4204],[76.842,52.4204],[76.842,52.4204],[76.8421,52.4204],[76.8421,52.4204],[76.8421,52.4204],[76.8421,52.4204],[76.8421,52.4204],[76.8421,52.4204],[76.8421,52.4204],[76.8421,52.4204],[76.8421,52.4204],[76.8525,52.4178],[76.8574,52.4185],[76.8547,52.4245],[76.8547,52.4245],[76.8528,52.4295],[76.8393,52.4277],[76.8396,52.4261],[76.8396,52.4261],[76.8396,52.4261],[76.8396,52.4261],[76.8396,52.4261],[76.8396,52.426],[76.8396,52.426],[76.8396,52.426],[76.8396,52.426],[76.8396,52.426],[76.8396,52.426],[76.8396,52.426],[76.8396,52.426],[76.8396,52.426],[76.8393,52.4255],[76.8389,52.4247],[76.8389,52.4247],[76.8389,52.4247],[76.8389,52.4247],[76.8389,52.4247],[76.8389,52.4247],[76.8387,52.4245],[76.8383,52.4235],[76.838,52.4217],[76.8381,52.4212],[76.8382,52.4207],[76.8383,52.4205],[76.8388,52.4198],[76.8398,52.419]]],"type":"MultiLineString"},"geometry_name":"shape","id":"gp_red_lines.fid--7752831e_19fb67eabdc_4b35","properties":{"area":null,"creation_doc_id":3464,"deactivation_doc_id":null,"id":2552307},"type":"Feature"},{"bbox":[76.8392,52.428,76.8521,52.4337],"geometry":{"coordinates":[[[76.8392,52.428],[76.8521,52.4297],[76.8506,52.4337]]],"type":"MultiLineString"},"geometry_name":"shape","id":"gp_red_lines.fid--7752831e_19fb67eabdc_4b36","properties":{"area":null,"creation_doc_id":3464,"deactivation_doc_id":null,"id":2552308},"type":"Feature"},{"bbox":[76.8384,52.4321,76.8506,52.4337],"geometry":{"coordinates":[[[76.8506,52.4337],[76.8384,52.4321]]],"type":"MultiLineString"},"geometry_name":"shape","id":"gp_red_lines.fid--7752831e_19fb67eabdc_4b37","properties":{"area":null,"creation_doc_id":3464,"deactivation_doc_id":null,"id":2552309},"type":"Feature"},{"bbox":[76.8461,52.4336,76.8505,52.4391],"geometry":{"coordinates":[[[76.8505,52.434],[76.8486,52.4391],[76.8461,52.4388],[76.8479,52.4336]]],"type":"MultiLineString"},"geometry_name":"shape","id":"gp_red_lines.fid--7752831e_19fb67eabdc_4b38","properties":{"area":null,"creation_doc_id":3464,"deactivation_doc_id":null,"id":2552310},"type":"Feature"},{"bbox":[76.8485,52.4298,76.8527,52.441],"geometry":{"coordinates":[[[76.8527,52.4298],[76.8512,52.434],[76.8492,52.4392],[76.8492,52.4392],[76.8491,52.4395],[76.8491,52.4395],[76.8486,52.441],[76.8485,52.441],[76.849,52.4395],[76.849,52.4395],[76.849,52.4395],[76.8491,52.4392],[76.8491,52.4392],[76.8491,52.4392],[76.8525,52.4298],[76.8527,52.4298]]],"type":"MultiLineString"},"geometry_name":"shape","id":"gp_red_lines.fid--7752831e_19fb67eabdc_4b39","properties":{"area":null,"creation_doc_id":3464,"deactivation_doc_id":null,"id":2552311},"type":"Feature"},{"bbox":[76.8474,52.4336,76.8479,52.4336],"geometry":{"coordinates":[[[76.8474,52.4336],[76.8479,52.4336]]],"type":"MultiLineString"},"geometry_name":"shape","id":"gp_red_lines.fid--7752831e_19fb67eabdc_4b3a","properties":{"area":null,"creation_doc_id":3464,"deactivation_doc_id":null,"id":2552312},"type":"Feature"},{"bbox":[76.8479,52.4336,76.8505,52.434],"geometry":{"coordinates":[[[76.8479,52.4336],[76.8505,52.434]]],"type":"MultiLineString"},"geometry_name":"shape","id":"gp_red_lines.fid--7752831e_19fb67eabdc_4b3b","properties":{"area":null,"creation_doc_id":3464,"deactivation_doc_id":null,"id":2552313},"type":"Feature"},{"bbox":[76.8505,52.4337,76.8506,52.434],"geometry":{"coordinates":[[[76.8506,52.4337],[76.8505,52.434]]],"type":"MultiLineString"},"geometry_name":"shape","id":"gp_red_lines.fid--7752831e_19fb67eabdc_4b3c","properties":{"area":null,"creation_doc_id":3464,"deactivation_doc_id":null,"id":2552314},"type":"Feature"},{"bbox":[76.851,52.4302,76.8548,52.4399],"geometry":{"coordinates":[[[76.8514,52.4397],[76.851,52.4399],[76.8511,52.4395],[76.853,52.4345],[76.853,52.4343],[76.853,52.4343],[76.8546,52.4302],[76.8548,52.4302],[76.8514,52.4397]]],"type":"MultiLineString"},"geometry_name":"shape","id":"gp_red_lines.fid--7752831e_19fb67eabdc_4b3d","properties":{"area":null,"creation_doc_id":3464,"deactivation_doc_id":null,"id":2552315},"type":"Feature"},{"bbox":[76.8519,52.4303,76.8689,52.4417],"geometry":{"coordinates":[[[76.8652,52.4417],[76.8519,52.4396],[76.8553,52.4303],[76.8689,52.4324],[76.8672,52.4366],[76.8672,52.4367],[76.8652,52.4417]]],"type":"MultiLineString"},"geometry_name":"shape","id":"gp_red_lines.fid--7752831e_19fb67eabdc_4b3e","properties":{"area":null,"creation_doc_id":3464,"deactivation_doc_id":null,"id":2552316},"type":"Feature"},{"bbox":[76.8547,52.4188,76.8734,52.4321],"geometry":{"coordinates":[[[76.8593,52.4188],[76.8734,52.4211],[76.8713,52.4264],[76.8711,52.4267],[76.869,52.4321],[76.8547,52.4298],[76.8567,52.4245],[76.8567,52.4245],[76.8567,52.4245],[76.8568,52.4242],[76.8593,52.4188]]],"type":"MultiLineString"},"geometry_name":"shape","id":"gp_red_lines.fid--7752831e_19fb67eabdc_4b3f","properties":{"area":null,"creation_doc_id":3464,"deactivation_doc_id":null,"id":2552317},"type":"Feature"},{"bbox":[76.8594,52.4132,76.8756,52.4207],"geometry":{"coordinates":[[[76.8619,52.4132],[76.8756,52.4154],[76.8735,52.4207],[76.8594,52.4185],[76.8619,52.4132]]],"type":"MultiLineString"},"geometry_name":"shape","id":"gp_red_lines.fid--7752831e_19fb67eabdc_4b40","properties":{"area":null,"creation_doc_id":3464,"deactivation_doc_id":null,"id":2552318},"type":"Feature"},{"bbox":[76.8402,52.4113,76.8601,52.42],"geometry":{"coordinates":[[[76.8499,52.4113],[76.8601,52.4129],[76.8576,52.4182],[76.8527,52.4174],[76.8527,52.4174],[76.8527,52.4174],[76.8527,52.4174],[76.8527,52.4174],[76.8527,52.4174],[76.8526,52.4174],[76.8526,52.4174],[76.8526,52.4174],[76.8526,52.4174],[76.8526,52.4174],[76.8526,52.4174],[76.8526,52.4174],[76.8526,52.4174],[76.8526,52.4174],[76.8526,52.4174],[76.8526,52.4174],[76.8525,52.4174],[76.8525,52.4174],[76.8525,52.4174],[76.8525,52.4174],[76.8525,52.4174],[76.8525,52.4174],[76.8422,52.42],[76.8402,52.4187],[76.8402,52.4187],[76.8459,52.4157],[76.8459,52.4157],[76.8479,52.4146],[76.8479,52.4146],[76.8498,52.4128],[76.8498,52.4128],[76.8498,52.4128],[76.8499,52.4116],[76.8499,52.4116],[76.8499,52.4116],[76.8499,52.4113]]],"type":"MultiLineString"},"geometry_name":"shape","id":"gp_red_lines.fid--7752831e_19fb67eabdc_4b41","properties":{"area":null,"creation_doc_id":3464,"deactivation_doc_id":null,"id":2552319},"type":"Feature"},{"bbox":[76.8621,52.4021,76.8766,52.4151],"geometry":{"coordinates":[[[76.8672,52.4021],[76.8765,52.4036],[76.8766,52.4093],[76.8766,52.4095],[76.8766,52.413],[76.8758,52.4151],[76.8621,52.4129],[76.8646,52.4076],[76.8646,52.4076],[76.8647,52.4074],[76.8647,52.4074],[76.8672,52.4021]]],"type":"MultiLineString"},"geometry_name":"shape","id":"gp_red_lines.fid--7752831e_19fb67eabdc_4b42","properties":{"area":null,"creation_doc_id":3464,"deactivation_doc_id":null,"id":2552320},"type":"Feature"},{"bbox":[76.8673,52.3964,76.8765,52.4032],"geometry":{"coordinates":[[[76.8764,52.3964],[76.8765,52.4032],[76.8673,52.4018],[76.8699,52.3964],[76.8764,52.3964]]],"type":"MultiLineString"},"geometry_name":"shape","id":"gp_red_lines.fid--7752831e_19fb67eabdc_4b43","properties":{"area":null,"creation_doc_id":3464,"deactivation_doc_id":null,"id":2552321},"type":"Feature"},{"bbox":[76.8467,52.3955,76.8679,52.4126],"geometry":{"coordinates":[[[76.8582,52.3959],[76.8624,52.3963],[76.8624,52.3963],[76.8679,52.3964],[76.8654,52.4015],[76.8654,52.4015],[76.8653,52.4018],[76.8628,52.4071],[76.8627,52.4073],[76.8602,52.4126],[76.8499,52.4109],[76.8499,52.4101],[76.8499,52.4099],[76.8499,52.4099],[76.8499,52.4099],[76.8499,52.4099],[76.8499,52.4098],[76.8499,52.4098],[76.8494,52.4094],[76.8485,52.4083],[76.8474,52.4068],[76.8467,52.4052],[76.8467,52.4047],[76.8467,52.4046],[76.8468,52.3994],[76.8469,52.3991],[76.8469,52.3989],[76.847,52.3986],[76.8482,52.3971],[76.8518,52.3955],[76.8535,52.3956],[76.8582,52.3959]]],"type":"MultiLineString"},"geometry_name":"shape","id":"gp_red_lines.fid--7752831e_19fb67eabdc_4b44","properties":{"area":null,"creation_doc_id":3464,"deactivation_doc_id":null,"id":2552322},"type":"Feature"},{"bbox":[76.8586,52.3797,76.8755,52.3961],"geometry":{"coordinates":[[[76.8755,52.3807],[76.8681,52.3961],[76.8625,52.396],[76.8586,52.3956],[76.8629,52.3857],[76.8629,52.3857],[76.8629,52.3857],[76.8611,52.381],[76.8683,52.3797],[76.8689,52.3797],[76.8755,52.3807]]],"type":"MultiLineString"},"geometry_name":"shape","id":"gp_red_lines.fid--7752831e_19fb67eabdc_4b45","properties":{"area":null,"creation_doc_id":3464,"deactivation_doc_id":null,"id":2552323},"type":"Feature"},{"bbox":[76.8735,52.3811,76.8873,52.389],"geometry":{"coordinates":[[[76.8773,52.3811],[76.8858,52.383],[76.8864,52.3832],[76.8871,52.3839],[76.8873,52.3888],[76.8735,52.389],[76.8773,52.3811]]],"type":"MultiLineString"},"geometry_name":"shape","id":"gp_red_lines.fid--7752831e_19fb67eabdc_4b46","properties":{"area":null,"creation_doc_id":3464,"deactivation_doc_id":null,"id":2552324},"type":"Feature"},{"bbox":[76.87,52.3892,76.8876,52.3961],"geometry":{"coordinates":[[[76.8733,52.3893],[76.8873,52.3892],[76.8876,52.396],[76.87,52.3961],[76.8733,52.3893]]],"type":"MultiLineString"},"geometry_name":"shape","id":"gp_red_lines.fid--7752831e_19fb67eabdc_4b47","properties":{"area":null,"creation_doc_id":3464,"deactivation_doc_id":null,"id":2552325},"type":"Feature"},{"bbox":[76.877,52.3963,76.8878,52.4038],"geometry":{"coordinates":[[[76.8802,52.4038],[76.8771,52.4033],[76.877,52.3964],[76.8876,52.3963],[76.8878,52.4037],[76.8802,52.4038]]],"type":"MultiLineString"},"geometry_name":"shape","id":"gp_red_lines.fid--7752831e_19fb67eabdc_4b48","properties":{"area":null,"creation_doc_id":3464,"deactivation_doc_id":null,"id":2552326},"type":"Feature"},{"bbox":[76.8763,52.4037,76.8882,52.4158],"geometry":{"coordinates":[[[76.8802,52.4158],[76.8763,52.4151],[76.8771,52.413],[76.8771,52.413],[76.8771,52.413],[76.8771,52.4096],[76.8771,52.4096],[76.8771,52.4096],[76.8771,52.4094],[76.8771,52.4037],[76.8801,52.4042],[76.8801,52.4042],[76.8801,52.4042],[76.8878,52.4041],[76.8882,52.4157],[76.8802,52.4158]]],"type":"MultiLineString"},"geometry_name":"shape","id":"gp_red_lines.fid--7752831e_19fb67eabdc_4b49","properties":{"area":null,"creation_doc_id":3464,"deactivation_doc_id":null,"id":2552327},"type":"Feature"},{"bbox":[76.874,52.4155,76.8884,52.4219],"geometry":{"coordinates":[[[76.8808,52.4219],[76.874,52.4208],[76.8762,52.4155],[76.8801,52.4161],[76.8801,52.4161],[76.8801,52.4161],[76.8882,52.416],[76.8884,52.4218],[76.8808,52.4219]]],"type":"MultiLineString"},"geometry_name":"shape","id":"gp_red_lines.fid--7752831e_19fb67eabdc_4b4a","properties":{"area":null,"creation_doc_id":3464,"deactivation_doc_id":null,"id":2552328},"type":"Feature"},{"bbox":[76.8695,52.4211,76.8889,52.4338],"geometry":{"coordinates":[[[76.8796,52.4338],[76.8695,52.4322],[76.8717,52.4268],[76.8717,52.4268],[76.8718,52.4265],[76.8739,52.4211],[76.8808,52.4222],[76.8808,52.4222],[76.8808,52.4222],[76.8885,52.4221],[76.8889,52.4337],[76.8796,52.4338]]],"type":"MultiLineString"},"geometry_name":"shape","id":"gp_red_lines.fid--7752831e_19fb67eabdc_4b4b","properties":{"area":null,"creation_doc_id":3464,"deactivation_doc_id":null,"id":2552329},"type":"Feature"},{"bbox":[76.8651,52.4325,76.8892,52.4466],"geometry":{"coordinates":[[[76.8652,52.4432],[76.8677,52.4368],[76.8677,52.4368],[76.8678,52.4367],[76.8678,52.4367],[76.8694,52.4325],[76.8795,52.4341],[76.8795,52.4341],[76.8795,52.4341],[76.8889,52.434],[76.8892,52.4448],[76.8892,52.4449],[76.8892,52.4451],[76.8891,52.4452],[76.889,52.4453],[76.8888,52.4456],[76.8886,52.4457],[76.8885,52.4458],[76.8883,52.4459],[76.8882,52.446],[76.888,52.4461],[76.8878,52.4462],[76.8876,52.4463],[76.8874,52.4464],[76.8872,52.4464],[76.8869,52.4465],[76.8867,52.4465],[76.8865,52.4466],[76.8862,52.4466],[76.886,52.4466],[76.8858,52.4466],[76.8855,52.4466],[76.8853,52.4466],[76.8851,52.4466],[76.8848,52.4466],[76.8651,52.4434],[76.8652,52.4432],[76.8652,52.4432]]],"type":"MultiLineString"},"geometry_name":"shape","id":"gp_red_lines.fid--7752831e_19fb67eabdc_4b4c","properties":{"area":null,"creation_doc_id":3464,"deactivation_doc_id":null,"id":2552330},"type":"Feature"},{"bbox":[76.8384,52.3834,77.0424,52.4961],"geometry":{"coordinates":[[[76.8416,52.477],[76.841,52.4768],[76.8409,52.4768],[76.8409,52.4768],[76.8409,52.4768],[76.8408,52.4767],[76.8408,52.4767],[76.8385,52.4746],[76.8384,52.4743],[76.8392,52.4722],[76.8392,52.4722],[76.8392,52.4722],[76.8499,52.4429],[76.8499,52.4429],[76.8503,52.4418],[76.8846,52.4472],[76.8846,52.4472],[76.8846,52.4472],[76.8846,52.4472],[76.8849,52.4472],[76.8849,52.4472],[76.8849,52.4472],[76.8849,52.4472],[76.8852,52.4472],[76.8852,52.4472],[76.8852,52.4473],[76.8852,52.4473],[76.8855,52.4473],[76.8855,52.4473],[76.8855,52.4473],[76.8855,52.4473],[76.8855,52.4473],[76.8855,52.4473],[76.8855,52.4473],[76.8858,52.4473],[76.8858,52.4473],[76.8858,52.4473],[76.8858,52.4473],[76.8861,52.4472],[76.8861,52.4472],[76.8861,52.4472],[76.8861,52.4472],[76.8864,52.4472],[76.8864,52.4472],[76.8864,52.4472],[76.8864,52.4472],[76.8867,52.4472],[76.8867,52.4472],[76.8867,52.4472],[76.8867,52.4472],[76.887,52.4471],[76.887,52.4471],[76.887,52.4471],[76.887,52.4471],[76.8873,52.4471],[76.8873,52.4471],[76.8873,52.4471],[76.8873,52.4471],[76.8876,52.447],[76.8876,52.447],[76.8876,52.447],[76.8876,52.447],[76.8879,52.4469],[76.8879,52.4469],[76.8879,52.4469],[76.8879,52.4469],[76.8879,52.4469],[76.8879,52.4469],[76.8879,52.4469],[76.8881,52.4468],[76.8881,52.4468],[76.8882,52.4468],[76.8882,52.4468],[76.8884,52.4467],[76.8884,52.4467],[76.8884,52.4467],[76.8884,52.4467],[76.8886,52.4466],[76.8886,52.4466],[76.8887,52.4466],[76.8887,52.4466],[76.8889,52.4465],[76.8889,52.4465],[76.8889,52.4465],[76.8889,52.4465],[76.8891,52.4464],[76.8891,52.4464],[76.8891,52.4463],[76.8891,52.4463],[76.8893,52.4462],[76.8893,52.4462],[76.8893,52.4462],[76.8893,52.4462],[76.8895,52.4461],[76.8895,52.4461],[76.8895,52.4461],[76.8895,52.4461],[76.8897,52.4459],[76.8897,52.4459],[76.8897,52.4459],[76.8897,52.4459],[76.8897,52.4459],[76.8897,52.4459],[76.8897,52.4459],[76.8899,52.4457],[76.8899,52.4457],[76.8899,52.4456],[76.8899,52.4456],[76.8901,52.4454],[76.8901,52.4454],[76.8901,52.4454],[76.8901,52.4454],[76.8902,52.4452],[76.8902,52.4452],[76.8902,52.4452],[76.8902,52.4452],[76.8903,52.445],[76.8903,52.445],[76.8903,52.445],[76.8903,52.445],[76.8903,52.4448],[76.8903,52.4448],[76.8903,52.4448],[76.8903,52.4448],[76.8903,52.4448],[76.8903,52.4448],[76.8903,52.4448],[76.8882,52.3839],[76.8888,52.3834],[76.8898,52.3834],[76.8912,52.3834],[76.8912,52.3834],[76.9274,52.3838],[76.9328,52.3838],[76.9886,52.3846],[76.9886,52.3846],[76.9886,52.3846],[76.9886,52.3846],[76.9886,52.3846],[77.0394,52.385],[77.0424,52.3854],[77.0422,52.3859],[77.0422,52.3859],[77.0422,52.3859],[77.0422,52.3859],[77.0421,52.3865],[77.0421,52.3865],[77.0421,52.3865],[77.0421,52.3865],[77.042,52.3871],[77.042,52.3871],[77.042,52.3871],[77.042,52.3871],[77.0419,52.3877],[77.0419,52.3877],[77.0419,52.3877],[77.0419,52.3877],[77.0418,52.3883],[77.0418,52.3883],[77.0418,52.3883],[77.0418,52.3883],[77.0414,52.3921],[77.0414,52.3921],[77.0414,52.3921],[77.0414,52.3921],[77.0411,52.3952],[77.0411,52.3952],[77.0411,52.3952],[77.0411,52.3952],[77.0411,52.3957],[77.0411,52.3957],[77.0411,52.3957],[77.0411,52.3957],[77.0411,52.3962],[77.0411,52.3962],[77.0411,52.3962],[77.0411,52.3962],[77.0411,52.3962],[77.0411,52.3962],[77.0411,52.3967],[77.0411,52.3967],[77.0411,52.3968],[77.0411,52.3968],[77.0411,52.3973],[77.0411,52.3973],[77.0411,52.3973],[77.0411,52.3973],[77.0412,52.3978],[77.0412,52.3978],[77.0412,52.3978],[77.0412,52.3978],[77.0413,52.3983],[77.0413,52.3983],[77.0413,52.3983],[77.0413,52.3983],[77.0413,52.3988],[77.0414,52.3993],[77.0415,52.3997],[77.0415,52.4002],[77.0415,52.4007],[77.0415,52.4076],[77.0415,52.4083],[77.0415,52.409],[77.0414,52.4096],[77.0413,52.4101],[77.0413,52.4103],[77.0412,52.411],[77.0411,52.4117],[77.0371,52.4296],[77.0371,52.4296],[77.0371,52.4296],[77.0355,52.4367],[77.033,52.4483],[77.032,52.4525],[77.0319,52.4531],[77.0317,52.4537],[77.0315,52.4543],[77.0313,52.455],[77.0311,52.4556],[77.0308,52.4561],[77.0305,52.4567],[77.0302,52.4573],[77.0299,52.4579],[77.0295,52.4585],[77.0292,52.4591],[77.0288,52.4596],[77.0283,52.4602],[77.0279,52.4608],[77.0269,52.462],[77.0269,52.462],[77.0269,52.462],[77.0269,52.462],[77.0264,52.4626],[77.0264,52.4626],[77.0264,52.4626],[77.0264,52.4626],[77.026,52.4632],[77.026,52.4632],[77.026,52.4632],[77.026,52.4632],[77.0256,52.4638],[77.0256,52.4638],[77.0256,52.4638],[77.0256,52.4638],[77.0252,52.4644],[77.0252,52.4644],[77.0252,52.4644],[77.0252,52.4644],[77.0248,52.465],[77.0248,52.465],[77.0248,52.465],[77.0248,52.465],[77.0245,52.4656],[77.0245,52.4656],[77.0244,52.4656],[77.0244,52.4656],[77.0241,52.4662],[77.0241,52.4662],[77.0241,52.4662],[77.0241,52.4662],[77.0238,52.4668],[77.0238,52.4668],[77.0238,52.4668],[77.0238,52.4668],[77.0237,52.467],[77.0236,52.4675],[77.0236,52.4675],[77.0236,52.4675],[77.0236,52.4675],[77.0233,52.4681],[77.0233,52.4681],[77.0233,52.4681],[77.0233,52.4681],[77.0231,52.4687],[77.0231,52.4687],[77.0231,52.4687],[77.0231,52.4687],[77.0229,52.4694],[77.0229,52.4694],[77.0229,52.4694],[77.0229,52.4694],[77.0227,52.47],[77.0227,52.47],[77.0227,52.47],[77.0227,52.47],[77.0225,52.4706],[77.0225,52.4706],[77.0225,52.4707],[77.0225,52.4707],[77.0224,52.4713],[77.0224,52.4713],[77.0224,52.4713],[77.0224,52.4713],[77.0223,52.4719],[77.0223,52.4719],[77.0223,52.4719],[77.0223,52.4719],[77.0222,52.4726],[77.0222,52.4726],[77.0222,52.4726],[77.0222,52.4726],[77.0222,52.4732],[77.0222,52.4732],[77.0222,52.4732],[77.0222,52.4732],[77.0222,52.4739],[77.0222,52.4739],[77.0222,52.4739],[77.0222,52.4739],[77.0222,52.4739],[77.0222,52.4739],[77.0222,52.4739],[77.0222,52.4745],[77.0222,52.4745],[77.0222,52.4745],[77.0222,52.4745],[77.0223,52.481],[77.0223,52.481],[77.0223,52.4842],[77.0223,52.4842],[77.0223,52.4842],[77.0223,52.4854],[77.0223,52.4856],[77.0223,52.4858],[77.0223,52.486],[77.0223,52.4863],[77.0223,52.4866],[77.0222,52.487],[77.0222,52.4874],[77.0221,52.4877],[77.0219,52.4881],[77.0218,52.4885],[77.0216,52.4888],[77.0214,52.4892],[77.0212,52.4896],[77.021,52.4899],[77.0207,52.4902],[77.0205,52.4906],[77.0202,52.4909],[77.0199,52.4912],[77.0195,52.4916],[77.0192,52.4919],[77.0188,52.4922],[77.0184,52.4925],[77.018,52.4927],[77.0176,52.493],[77.0172,52.4933],[77.0167,52.4935],[77.0163,52.4938],[77.0158,52.494],[77.0153,52.4942],[77.0148,52.4945],[77.0142,52.4947],[77.0137,52.4948],[77.0132,52.495],[77.0126,52.4952],[77.0121,52.4953],[77.012,52.4953],[77.0115,52.4955],[77.0109,52.4956],[77.0103,52.4957],[77.0097,52.4958],[77.0091,52.4959],[77.0085,52.496],[77.0079,52.496],[77.0073,52.4961],[77.0067,52.4961],[77.0061,52.4961],[77.0057,52.4961],[77.0054,52.4961],[77.005,52.4961],[77.0046,52.4961],[76.9877,52.4959],[76.9877,52.4959],[76.9848,52.4959],[76.9848,52.4959],[76.9834,52.4959],[76.9834,52.4959],[76.9834,52.4959],[76.9834,52.4959],[76.982,52.4959],[76.982,52.4959],[76.9805,52.4959],[76.9805,52.4959],[76.9805,52.4959],[76.9791,52.4959],[76.9791,52.4959],[76.9791,52.4959],[76.9731,52.4959],[76.9717,52.4959],[76.9704,52.4959],[76.9692,52.4959],[76.9692,52.4959],[76.9692,52.4959],[76.969,52.4959],[76.9677,52.4959],[76.96,52.4957],[76.9591,52.4957],[76.9582,52.4957],[76.9572,52.4956],[76.9563,52.4955],[76.9554,52.4954],[76.9554,52.4954],[76.9545,52.4953],[76.9535,52.4952],[76.9526,52.4951],[76.9517,52.495],[76.9508,52.4948],[76.9421,52.4932],[76.9408,52.4929],[76.9395,52.4927],[76.9383,52.4925],[76.937,52.4922],[76.9293,52.4907],[76.9293,52.4907],[76.928,52.4905],[76.928,52.4905],[76.928,52.4905],[76.9274,52.4904],[76.9266,52.4902],[76.9266,52.4902],[76.9252,52.49],[76.9252,52.49],[76.9239,52.4897],[76.9239,52.4897],[76.9125,52.4876],[76.9125,52.4876],[76.9125,52.4876],[76.9107,52.4872],[76.9107,52.4872],[76.9107,52.4872],[76.9107,52.4872],[76.9089,52.4869],[76.9089,52.4869],[76.9089,52.4869],[76.9089,52.4869],[76.9072,52.4866],[76.9072,52.4866],[76.9071,52.4866],[76.9071,52.4866],[76.9054,52.4864],[76.9054,52.4864],[76.9054,52.4864],[76.8976,52.4852],[76.8976,52.4852],[76.8974,52.4852],[76.8974,52.4852],[76.8953,52.4849],[76.8953,52.4849],[76.8933,52.4846],[76.8933,52.4846],[76.8933,52.4846],[76.8912,52.4843],[76.8912,52.4843],[76.8912,52.4843],[76.8891,52.484],[76.8891,52.484],[76.8801,52.4828],[76.8778,52.4825],[76.8754,52.4822],[76.8731,52.4819],[76.8707,52.4815],[76.8689,52.4812],[76.8669,52.4809],[76.8655,52.4807],[76.8641,52.4805],[76.8627,52.4803],[76.8613,52.4801],[76.8479,52.478],[76.8479,52.478],[76.8464,52.4777],[76.8464,52.4777],[76.8448,52.4775],[76.8448,52.4775],[76.8448,52.4775],[76.8442,52.4774],[76.8442,52.4774],[76.8442,52.4774],[76.8416,52.477]]],"type":"MultiLineString"},"geometry_name":"shape","id":"gp_red_lines.fid--7752831e_19fb67eabdc_4b4d","properties":{"area":null,"creation_doc_id":3464,"deactivation_doc_id":null,"id":2552331},"type":"Feature"},{"bbox":[76.8395,52.4413,76.8485,52.4658],"geometry":{"coordinates":[[[76.8405,52.4627],[76.8407,52.4622],[76.8483,52.4413],[76.8485,52.4413],[76.8479,52.4428],[76.8479,52.4428],[76.8408,52.4623],[76.8406,52.4629],[76.8395,52.4658],[76.8395,52.4656],[76.8396,52.4652],[76.8396,52.4652],[76.8396,52.4652],[76.8396,52.4652],[76.8405,52.4627]]],"type":"MultiLineString"},"geometry_name":"shape","id":"gp_red_lines.fid--7752831e_19fb67eabdc_4b4e","properties":{"area":null,"creation_doc_id":3464,"deactivation_doc_id":null,"id":2552332},"type":"Feature"},{"bbox":[76.8505,52.4399,76.8651,52.4434],"geometry":{"coordinates":[[[76.8645,52.4434],[76.8505,52.4411],[76.8508,52.4403],[76.8509,52.4403],[76.8516,52.4399],[76.8651,52.4419],[76.8646,52.4431],[76.8646,52.4431],[76.8645,52.4434]]],"type":"MultiLineString"},"geometry_name":"shape","id":"gp_red_lines.fid--7752831e_19fb67eabdc_4b4f","properties":{"area":null,"creation_doc_id":3464,"deactivation_doc_id":null,"id":2552333},"type":"Feature"},{"bbox":[76.8421,52.4385,76.8455,52.4405],"geometry":{"coordinates":[[[76.8455,52.439],[76.845,52.4405],[76.8426,52.4402],[76.8426,52.4402],[76.8421,52.4401],[76.8427,52.4385],[76.8455,52.439]]],"type":"MultiLineString"},"geometry_name":"shape","id":"gp_red_lines.fid--7752831e_19fb67eabdc_4b50","properties":{"area":null,"creation_doc_id":3464,"deactivation_doc_id":null,"id":2552334},"type":"Feature"},{"bbox":[76.8455,52.439,76.8485,52.4409],"geometry":{"coordinates":[[[76.8485,52.4394],[76.848,52.4409],[76.8463,52.4407],[76.8463,52.4407],[76.8462,52.4407],[76.8462,52.4407],[76.8455,52.4405],[76.846,52.439],[76.8485,52.4394]]],"type":"MultiLineString"},"geometry_name":"shape","id":"gp_red_lines.fid--7752831e_19fb67eabdc_4b51","properties":{"area":null,"creation_doc_id":3464,"deactivation_doc_id":null,"id":2552335},"type":"Feature"},{"bbox":[76.8439,52.4409,76.8479,52.4452],"geometry":{"coordinates":[[[76.8464,52.4452],[76.8439,52.4449],[76.8454,52.4409],[76.8461,52.441],[76.8479,52.4412],[76.8464,52.4452]]],"type":"MultiLineString"},"geometry_name":"shape","id":"gp_red_lines.fid--7752831e_19fb67eabdc_4b52","properties":{"area":null,"creation_doc_id":3464,"deactivation_doc_id":null,"id":2552336},"type":"Feature"},{"bbox":[76.8422,52.4452,76.8463,52.4499],"geometry":{"coordinates":[[[76.8447,52.4499],[76.8422,52.4495],[76.8438,52.4452],[76.8463,52.4455],[76.8447,52.4499]]],"type":"MultiLineString"},"geometry_name":"shape","id":"gp_red_lines.fid--7752831e_19fb67eabdc_4b53","properties":{"area":null,"creation_doc_id":3464,"deactivation_doc_id":null,"id":2552337},"type":"Feature"},{"bbox":[76.8404,52.4498,76.8446,52.4547],"geometry":{"coordinates":[[[76.843,52.4547],[76.8404,52.4544],[76.8421,52.4498],[76.8446,52.4502],[76.843,52.4547]]],"type":"MultiLineString"},"geometry_name":"shape","id":"gp_red_lines.fid--7752831e_19fb67eabdc_4b54","properties":{"area":null,"creation_doc_id":3464,"deactivation_doc_id":null,"id":2552338},"type":"Feature"},{"bbox":[76.8337,52.4489,76.8383,52.4539],"geometry":{"coordinates":[[[76.8383,52.4493],[76.8366,52.4539],[76.8337,52.4534],[76.8354,52.4489],[76.8383,52.4493]]],"type":"MultiLineString"},"geometry_name":"shape","id":"gp_red_lines.fid--7752831e_19fb67eabdc_4b55","properties":{"area":null,"creation_doc_id":3464,"deactivation_doc_id":null,"id":2552339},"type":"Feature"},{"bbox":[76.8371,52.4494,76.8416,52.4543],"geometry":{"coordinates":[[[76.8416,52.4498],[76.84,52.4543],[76.8371,52.4539],[76.8388,52.4494],[76.8416,52.4498]]],"type":"MultiLineString"},"geometry_name":"shape","id":"gp_red_lines.fid--7752831e_19fb67eabdc_4b56","properties":{"area":null,"creation_doc_id":3464,"deactivation_doc_id":null,"id":2552340},"type":"Feature"},{"bbox":[76.8296,52.4485,76.8349,52.4534],"geometry":{"coordinates":[[[76.8349,52.4488],[76.8333,52.4534],[76.8296,52.4529],[76.8325,52.4485],[76.8349,52.4488]]],"type":"MultiLineString"},"geometry_name":"shape","id":"gp_red_lines.fid--7752831e_19fb67eabdc_4b57","properties":{"area":null,"creation_doc_id":3464,"deactivation_doc_id":null,"id":2552341},"type":"Feature"},{"bbox":[76.8327,52.444,76.84,52.449],"geometry":{"coordinates":[[[76.8355,52.444],[76.84,52.4446],[76.8384,52.449],[76.8327,52.4482],[76.8355,52.444]]],"type":"MultiLineString"},"geometry_name":"shape","id":"gp_red_lines.fid--7752831e_19fb67eabdc_4b58","properties":{"area":null,"creation_doc_id":3464,"deactivation_doc_id":null,"id":2552342},"type":"Feature"},{"bbox":[76.8389,52.4447,76.8433,52.4495],"geometry":{"coordinates":[[[76.8405,52.4447],[76.8433,52.4451],[76.8417,52.4495],[76.8389,52.4491],[76.8405,52.4447]]],"type":"MultiLineString"},"geometry_name":"shape","id":"gp_red_lines.fid--7752831e_19fb67eabdc_4b59","properties":{"area":null,"creation_doc_id":3464,"deactivation_doc_id":null,"id":2552343},"type":"Feature"},{"bbox":[76.8357,52.4397,76.8416,52.4443],"geometry":{"coordinates":[[[76.8368,52.4397],[76.8416,52.4403],[76.8407,52.4428],[76.8407,52.4428],[76.8401,52.4443],[76.8357,52.4437],[76.8362,52.4429],[76.8362,52.4429],[76.8368,52.4397]]],"type":"MultiLineString"},"geometry_name":"shape","id":"gp_red_lines.fid--7752831e_19fb67eabdc_4b5a","properties":{"area":null,"creation_doc_id":3464,"deactivation_doc_id":null,"id":2552344},"type":"Feature"},{"bbox":[76.8406,52.4404,76.8449,52.4448],"geometry":{"coordinates":[[[76.842,52.4404],[76.8427,52.4405],[76.8427,52.4405],[76.8449,52.4408],[76.8434,52.4448],[76.8406,52.4444],[76.8411,52.4429],[76.8411,52.4429],[76.842,52.4404]]],"type":"MultiLineString"},"geometry_name":"shape","id":"gp_red_lines.fid--7752831e_19fb67eabdc_4b5b","properties":{"area":null,"creation_doc_id":3464,"deactivation_doc_id":null,"id":2552345},"type":"Feature"},{"bbox":[76.8369,52.4377,76.8423,52.4401],"geometry":{"coordinates":[[[76.8423,52.4385],[76.8417,52.4401],[76.8369,52.4394],[76.8372,52.4377],[76.8373,52.4377],[76.8423,52.4385]]],"type":"MultiLineString"},"geometry_name":"shape","id":"gp_red_lines.fid--7752831e_19fb67eabdc_4b5c","properties":{"area":null,"creation_doc_id":3464,"deactivation_doc_id":null,"id":2552346},"type":"Feature"},{"bbox":[76.8247,52.4583,76.8311,52.4618],"geometry":{"coordinates":[[[76.8278,52.4588],[76.8311,52.4592],[76.8309,52.4598],[76.8308,52.4599],[76.8308,52.4599],[76.8308,52.46],[76.8308,52.46],[76.8308,52.4601],[76.8308,52.4601],[76.8308,52.4602],[76.8308,52.4602],[76.8308,52.4602],[76.8308,52.4603],[76.8308,52.4603],[76.8308,52.4604],[76.8308,52.4604],[76.8308,52.4605],[76.825,52.4618],[76.825,52.4617],[76.8249,52.4615],[76.8248,52.4613],[76.8248,52.4611],[76.8247,52.4609],[76.8247,52.4608],[76.8247,52.4606],[76.8248,52.4604],[76.8248,52.4602],[76.8249,52.46],[76.826,52.4583],[76.8278,52.4588],[76.8278,52.4588]]],"type":"MultiLineString"},"geometry_name":"shape","id":"gp_red_lines.fid--7752831e_19fb67eabdc_4b5d","properties":{"area":null,"creation_doc_id":3464,"deactivation_doc_id":null,"id":2552347},"type":"Feature"},{"bbox":[76.8261,52.4531,76.8332,52.459],"geometry":{"coordinates":[[[76.8295,52.4531],[76.8332,52.4536],[76.8312,52.459],[76.8279,52.4585],[76.8261,52.4581],[76.8295,52.4531]]],"type":"MultiLineString"},"geometry_name":"shape","id":"gp_red_lines.fid--7752831e_19fb67eabdc_4b5e","properties":{"area":null,"creation_doc_id":3464,"deactivation_doc_id":null,"id":2552348},"type":"Feature"},{"bbox":[76.8316,52.4537,76.8365,52.4595],"geometry":{"coordinates":[[[76.8336,52.4537],[76.8365,52.4541],[76.8351,52.4581],[76.8351,52.4581],[76.8346,52.4595],[76.8316,52.459],[76.8336,52.4537]]],"type":"MultiLineString"},"geometry_name":"shape","id":"gp_red_lines.fid--7752831e_19fb67eabdc_4b5f","properties":{"area":null,"creation_doc_id":3464,"deactivation_doc_id":null,"id":2552349},"type":"Feature"},{"bbox":[76.835,52.4542,76.8399,52.4599],"geometry":{"coordinates":[[[76.837,52.4542],[76.8399,52.4546],[76.8379,52.4599],[76.837,52.4598],[76.837,52.4598],[76.835,52.4595],[76.8355,52.4582],[76.8355,52.4582],[76.837,52.4542]]],"type":"MultiLineString"},"geometry_name":"shape","id":"gp_red_lines.fid--7752831e_19fb67eabdc_4b60","properties":{"area":null,"creation_doc_id":3464,"deactivation_doc_id":null,"id":2552350},"type":"Feature"},{"bbox":[76.8384,52.4547,76.8429,52.4604],"geometry":{"coordinates":[[[76.8409,52.4604],[76.8384,52.46],[76.8403,52.4547],[76.8429,52.455],[76.8409,52.4604]]],"type":"MultiLineString"},"geometry_name":"shape","id":"gp_red_lines.fid--7752831e_19fb67eabdc_4b61","properties":{"area":null,"creation_doc_id":3464,"deactivation_doc_id":null,"id":2552351},"type":"Feature"},{"bbox":[76.8312,52.4593,76.8378,52.4622],"geometry":{"coordinates":[[[76.8315,52.4593],[76.8371,52.4601],[76.8371,52.4601],[76.8378,52.4602],[76.8371,52.4622],[76.8328,52.4616],[76.8327,52.4615],[76.8326,52.4615],[76.8324,52.4615],[76.8323,52.4614],[76.8322,52.4614],[76.8321,52.4613],[76.832,52.4613],[76.8319,52.4612],[76.8318,52.4612],[76.8317,52.4611],[76.8316,52.461],[76.8315,52.461],[76.8315,52.4609],[76.8314,52.4608],[76.8313,52.4607],[76.8313,52.4607],[76.8313,52.4606],[76.8312,52.4605],[76.8312,52.4604],[76.8312,52.4603],[76.8312,52.4602],[76.8312,52.4602],[76.8312,52.4601],[76.8313,52.46],[76.8313,52.4599],[76.8313,52.4599],[76.8313,52.4599],[76.8315,52.4593]]],"type":"MultiLineString"},"geometry_name":"shape","id":"gp_red_lines.fid--7752831e_19fb67eabdc_4b62","properties":{"area":null,"creation_doc_id":3464,"deactivation_doc_id":null,"id":2552352},"type":"Feature"},{"bbox":[76.8252,52.4608,76.8337,52.4641],"geometry":{"coordinates":[[[76.8252,52.462],[76.8309,52.4608],[76.8309,52.4608],[76.8309,52.4608],[76.831,52.4609],[76.831,52.4609],[76.8311,52.461],[76.8311,52.461],[76.8311,52.461],[76.8311,52.4611],[76.8312,52.4611],[76.8312,52.4612],[76.8312,52.4612],[76.8313,52.4613],[76.8313,52.4613],[76.8314,52.4614],[76.8315,52.4614],[76.8316,52.4614],[76.8316,52.4614],[76.8317,52.4615],[76.8317,52.4615],[76.8318,52.4616],[76.8318,52.4616],[76.832,52.4616],[76.832,52.4616],[76.8321,52.4617],[76.8321,52.4617],[76.8321,52.4617],[76.8323,52.4617],[76.8323,52.4617],[76.8324,52.4618],[76.8324,52.4618],[76.8326,52.4618],[76.8326,52.4618],[76.8327,52.4618],[76.8327,52.4618],[76.8327,52.4618],[76.8337,52.462],[76.8329,52.4641],[76.8272,52.4633],[76.8269,52.4632],[76.8267,52.4631],[76.8265,52.463],[76.8262,52.4628],[76.826,52.4627],[76.8258,52.4626],[76.8256,52.4624],[76.8255,52.4623],[76.8253,52.4621],[76.8252,52.462]]],"type":"MultiLineString"},"geometry_name":"shape","id":"gp_red_lines.fid--7752831e_19fb67eabdc_4b63","properties":{"area":null,"creation_doc_id":3464,"deactivation_doc_id":null,"id":2552353},"type":"Feature"},{"bbox":[76.8375,52.4603,76.8408,52.4626],"geometry":{"coordinates":[[[76.8375,52.4622],[76.8382,52.4603],[76.8408,52.4606],[76.8403,52.4621],[76.8403,52.4621],[76.8403,52.4622],[76.8403,52.4622],[76.8403,52.4622],[76.8403,52.4622],[76.8401,52.4626],[76.8375,52.4622]]],"type":"MultiLineString"},"geometry_name":"shape","id":"gp_red_lines.fid--7752831e_19fb67eabdc_4b64","properties":{"area":null,"creation_doc_id":3464,"deactivation_doc_id":null,"id":2552354},"type":"Feature"},{"bbox":[76.8333,52.462,76.84,52.465],"geometry":{"coordinates":[[[76.8333,52.4641],[76.8341,52.462],[76.84,52.4629],[76.8392,52.465],[76.8333,52.4641]]],"type":"MultiLineString"},"geometry_name":"shape","id":"gp_red_lines.fid--7752831e_19fb67eabdc_4b65","properties":{"area":null,"creation_doc_id":3464,"deactivation_doc_id":null,"id":2552355},"type":"Feature"},{"bbox":[77.0653,52.3803,77.0886,52.3921],"geometry":{"coordinates":[[[77.0886,52.3891],[77.0702,52.3921],[77.0687,52.3917],[77.0689,52.3883],[77.0689,52.3883],[77.0689,52.3883],[77.0655,52.3814],[77.0653,52.3803],[77.0826,52.3807],[77.0832,52.3813],[77.0881,52.3883],[77.0885,52.389],[77.0885,52.389],[77.0886,52.3891]]],"type":"MultiLineString"},"geometry_name":"shape","id":"gp_red_lines.fid--7752831e_19fb67eabdc_4b66","properties":{"area":null,"creation_doc_id":3464,"deactivation_doc_id":null,"id":2552356},"type":"Feature"},{"bbox":[77.1268,52.3121,77.1363,52.3189],"geometry":{"coordinates":[[[77.1341,52.3189],[77.1268,52.3178],[77.1292,52.3121],[77.1355,52.3131],[77.1355,52.3131],[77.1356,52.3131],[77.1356,52.3131],[77.1357,52.3131],[77.1357,52.3131],[77.1358,52.3131],[77.1358,52.3131],[77.1359,52.3132],[77.1359,52.3132],[77.136,52.3132],[77.136,52.3132],[77.1361,52.3133],[77.1361,52.3133],[77.1361,52.3133],[77.1361,52.3133],[77.1362,52.3134],[77.1362,52.3134],[77.1362,52.3134],[77.1362,52.3135],[77.1362,52.3135],[77.1363,52.3135],[77.1363,52.3136],[77.1363,52.3136],[77.1363,52.3136],[77.1341,52.3189]]],"type":"MultiLineString"},"geometry_name":"shape","id":"gp_red_lines.fid--7752831e_19fb67eabdc_4b67","properties":{"area":null,"creation_doc_id":3464,"deactivation_doc_id":null,"id":2552357},"type":"Feature"},{"bbox":[77.1245,52.3181,77.134,52.3239],"geometry":{"coordinates":[[[77.1245,52.3232],[77.1267,52.3181],[77.134,52.3192],[77.132,52.3239],[77.1273,52.3237],[77.1245,52.3232]]],"type":"MultiLineString"},"geometry_name":"shape","id":"gp_red_lines.fid--7752831e_19fb67eabdc_4b68","properties":{"area":null,"creation_doc_id":3464,"deactivation_doc_id":null,"id":2552358},"type":"Feature"},{"bbox":[77.1226,52.3258,77.1299,52.3288],"geometry":{"coordinates":[[[77.1287,52.3288],[77.1226,52.3278],[77.1235,52.3258],[77.1272,52.3264],[77.1299,52.3272],[77.1287,52.3288]]],"type":"MultiLineString"},"geometry_name":"shape","id":"gp_red_lines.fid--7752831e_19fb67eabdc_4b69","properties":{"area":null,"creation_doc_id":3464,"deactivation_doc_id":null,"id":2552359},"type":"Feature"},{"bbox":[77.1217,52.3281,77.1286,52.3308],"geometry":{"coordinates":[[[77.1273,52.3308],[77.1217,52.3299],[77.1225,52.3281],[77.1286,52.3291],[77.1273,52.3308]]],"type":"MultiLineString"},"geometry_name":"shape","id":"gp_red_lines.fid--7752831e_19fb67eabdc_4b6a","properties":{"area":null,"creation_doc_id":3464,"deactivation_doc_id":null,"id":2552360},"type":"Feature"},{"bbox":[77.0316,52.3199,77.067,52.3536],"geometry":{"coordinates":[[[77.0316,52.3267],[77.0501,52.3199],[77.0658,52.3214],[77.0658,52.3214],[77.0658,52.3214],[77.0658,52.3214],[77.0669,52.3215],[77.067,52.3253],[77.0666,52.3433],[77.0593,52.3536],[77.0593,52.3536],[77.0489,52.3436],[77.0316,52.3268],[77.0316,52.3267]]],"type":"MultiLineString"},"geometry_name":"shape","id":"gp_red_lines.fid--7752831e_19fb67eabdc_4b6b","properties":{"area":null,"creation_doc_id":3464,"deactivation_doc_id":null,"id":2552361},"type":"Feature"},{"bbox":[77.0205,52.3022,77.0669,52.3265],"geometry":{"coordinates":[[[77.0251,52.3037],[77.0257,52.3022],[77.0273,52.3024],[77.0276,52.3025],[77.028,52.3026],[77.0284,52.3027],[77.0287,52.3028],[77.0365,52.3058],[77.0365,52.3058],[77.0365,52.3058],[77.037,52.306],[77.037,52.306],[77.0375,52.3061],[77.0375,52.3061],[77.0382,52.3063],[77.0382,52.3063],[77.0392,52.3064],[77.0392,52.3064],[77.0403,52.3065],[77.0403,52.3065],[77.0446,52.3065],[77.0456,52.3066],[77.0464,52.3067],[77.047,52.3069],[77.0476,52.3071],[77.048,52.3072],[77.0484,52.3075],[77.0484,52.3075],[77.0489,52.3078],[77.0565,52.3134],[77.0565,52.3134],[77.0569,52.3137],[77.0569,52.3137],[77.0574,52.3139],[77.0574,52.3139],[77.0579,52.3142],[77.0579,52.3142],[77.0585,52.3144],[77.0585,52.3144],[77.0592,52.3146],[77.0592,52.3146],[77.0599,52.3147],[77.0599,52.3147],[77.0634,52.3153],[77.0634,52.3153],[77.0636,52.3153],[77.0636,52.3153],[77.0636,52.3153],[77.0636,52.3153],[77.0637,52.3154],[77.0637,52.3154],[77.0669,52.3159],[77.0669,52.3194],[77.0669,52.3211],[77.0657,52.321],[77.0657,52.321],[77.0501,52.3195],[77.0501,52.3195],[77.0501,52.3195],[77.0501,52.3195],[77.0501,52.3195],[77.05,52.3195],[77.05,52.3195],[77.05,52.3196],[77.05,52.3196],[77.05,52.3196],[77.0313,52.3265],[77.021,52.3163],[77.021,52.3162],[77.021,52.3161],[77.0209,52.3161],[77.0209,52.316],[77.0208,52.3159],[77.0208,52.3158],[77.0207,52.3158],[77.0207,52.3157],[77.0207,52.3156],[77.0207,52.3155],[77.0206,52.3155],[77.0206,52.3154],[77.0206,52.3153],[77.0206,52.3152],[77.0206,52.3151],[77.0206,52.3151],[77.0205,52.315],[77.0205,52.3149],[77.0205,52.3148],[77.0205,52.3148],[77.0206,52.3147],[77.0206,52.3146],[77.0206,52.3145],[77.0206,52.3144],[77.0206,52.3144],[77.0206,52.3143],[77.0207,52.3142],[77.0207,52.3141],[77.0207,52.314],[77.0251,52.3037]]],"type":"MultiLineString"},"geometry_name":"shape","id":"gp_red_lines.fid--7752831e_19fb67eabdc_4b6c","properties":{"area":null,"creation_doc_id":3464,"deactivation_doc_id":null,"id":2552362},"type":"Feature"},{"bbox":[77.0723,52.3181,77.077,52.3194],"geometry":{"coordinates":[[[77.077,52.3187],[77.0767,52.3194],[77.0723,52.3187],[77.0723,52.3187],[77.0723,52.3186],[77.0723,52.3186],[77.0723,52.3186],[77.0724,52.3185],[77.0724,52.3185],[77.0724,52.3185],[77.0725,52.3184],[77.0725,52.3184],[77.0725,52.3184],[77.0726,52.3183],[77.0726,52.3183],[77.0727,52.3183],[77.0727,52.3183],[77.0728,52.3182],[77.0728,52.3182],[77.0729,52.3182],[77.073,52.3182],[77.073,52.3182],[77.0731,52.3182],[77.0732,52.3181],[77.0732,52.3181],[77.0733,52.3181],[77.0734,52.3181],[77.0734,52.3181],[77.0735,52.3181],[77.0736,52.3181],[77.0736,52.3182],[77.0737,52.3182],[77.0737,52.3182],[77.0737,52.3182],[77.077,52.3187]]],"type":"MultiLineString"},"geometry_name":"shape","id":"gp_red_lines.fid--7752831e_19fb67eabdc_4b6d","properties":{"area":null,"creation_doc_id":3464,"deactivation_doc_id":null,"id":2552363},"type":"Feature"},{"bbox":[77.0723,52.3189,77.0766,52.3203],"geometry":{"coordinates":[[[77.0723,52.3189],[77.0766,52.3196],[77.0763,52.3203],[77.0723,52.3197],[77.0723,52.3189]]],"type":"MultiLineString"},"geometry_name":"shape","id":"gp_red_lines.fid--7752831e_19fb67eabdc_4b6e","properties":{"area":null,"creation_doc_id":3464,"deactivation_doc_id":null,"id":2552364},"type":"Feature"},{"bbox":[77.0827,52.3153,77.0872,52.3169],"geometry":{"coordinates":[[[77.0872,52.3158],[77.0867,52.3169],[77.0827,52.3163],[77.0829,52.3159],[77.0829,52.3158],[77.0829,52.3158],[77.083,52.3157],[77.083,52.3157],[77.0831,52.3156],[77.0832,52.3156],[77.0832,52.3156],[77.0833,52.3155],[77.0834,52.3155],[77.0834,52.3155],[77.0835,52.3154],[77.0836,52.3154],[77.0837,52.3154],[77.0838,52.3154],[77.0839,52.3154],[77.0839,52.3153],[77.084,52.3153],[77.0841,52.3153],[77.0842,52.3153],[77.0843,52.3153],[77.0844,52.3153],[77.0845,52.3153],[77.0846,52.3154],[77.0872,52.3158]]],"type":"MultiLineString"},"geometry_name":"shape","id":"gp_red_lines.fid--7752831e_19fb67eabdc_4b6f","properties":{"area":null,"creation_doc_id":3464,"deactivation_doc_id":null,"id":2552365},"type":"Feature"},{"bbox":[77.0865,52.3171,77.0915,52.3189],"geometry":{"coordinates":[[[77.0865,52.3182],[77.0869,52.3171],[77.0915,52.3179],[77.0911,52.3189],[77.0865,52.3182]]],"type":"MultiLineString"},"geometry_name":"shape","id":"gp_red_lines.fid--7752831e_19fb67eabdc_4b70","properties":{"area":null,"creation_doc_id":3464,"deactivation_doc_id":null,"id":2552366},"type":"Feature"},{"bbox":[77.087,52.3158,77.0921,52.3177],"geometry":{"coordinates":[[[77.0921,52.3166],[77.0916,52.3177],[77.087,52.317],[77.0875,52.3158],[77.0921,52.3166]]],"type":"MultiLineString"},"geometry_name":"shape","id":"gp_red_lines.fid--7752831e_19fb67eabdc_4b71","properties":{"area":null,"creation_doc_id":3464,"deactivation_doc_id":null,"id":2552367},"type":"Feature"},{"bbox":[77.0811,52.3194,77.0857,52.3208],"geometry":{"coordinates":[[[77.0857,52.3201],[77.0854,52.3208],[77.0811,52.3201],[77.0814,52.3194],[77.0857,52.3201]]],"type":"MultiLineString"},"geometry_name":"shape","id":"gp_red_lines.fid--7752831e_19fb67eabdc_4b72","properties":{"area":null,"creation_doc_id":3464,"deactivation_doc_id":null,"id":2552368},"type":"Feature"},{"bbox":[77.0822,52.3165,77.0866,52.3181],"geometry":{"coordinates":[[[77.0822,52.3175],[77.0826,52.3165],[77.0866,52.3171],[77.0862,52.3181],[77.0822,52.3175]]],"type":"MultiLineString"},"geometry_name":"shape","id":"gp_red_lines.fid--7752831e_19fb67eabdc_4b73","properties":{"area":null,"creation_doc_id":3464,"deactivation_doc_id":null,"id":2552369},"type":"Feature"},{"bbox":[77.077,52.3187,77.0809,52.3201],"geometry":{"coordinates":[[[77.0809,52.3193],[77.0807,52.3201],[77.077,52.3195],[77.0773,52.3187],[77.0809,52.3193]]],"type":"MultiLineString"},"geometry_name":"shape","id":"gp_red_lines.fid--7752831e_19fb67eabdc_4b74","properties":{"area":null,"creation_doc_id":3464,"deactivation_doc_id":null,"id":2552370},"type":"Feature"},{"bbox":[77.0767,52.3197,77.0806,52.321],"geometry":{"coordinates":[[[77.0806,52.3202],[77.0803,52.321],[77.0767,52.3204],[77.0769,52.3197],[77.0806,52.3202]]],"type":"MultiLineString"},"geometry_name":"shape","id":"gp_red_lines.fid--7752831e_19fb67eabdc_4b75","properties":{"area":null,"creation_doc_id":3464,"deactivation_doc_id":null,"id":2552371},"type":"Feature"},{"bbox":[77.0762,52.3207,77.0802,52.3221],"geometry":{"coordinates":[[[77.0762,52.3215],[77.0765,52.3207],[77.0802,52.3213],[77.0798,52.3221],[77.0762,52.3215]]],"type":"MultiLineString"},"geometry_name":"shape","id":"gp_red_lines.fid--7752831e_19fb67eabdc_4b76","properties":{"area":null,"creation_doc_id":3464,"deactivation_doc_id":null,"id":2552372},"type":"Feature"},{"bbox":[77.0798,52.3224,77.0845,52.3239],"geometry":{"coordinates":[[[77.0798,52.3232],[77.0802,52.3224],[77.0845,52.3231],[77.0841,52.3239],[77.0798,52.3232]]],"type":"MultiLineString"},"geometry_name":"shape","id":"gp_red_lines.fid--7752831e_19fb67eabdc_4b77","properties":{"area":null,"creation_doc_id":3464,"deactivation_doc_id":null,"id":2552373},"type":"Feature"},{"bbox":[77.0803,52.3213,77.0849,52.3229],"geometry":{"coordinates":[[[77.0803,52.3222],[77.0806,52.3213],[77.0849,52.322],[77.0846,52.3229],[77.0803,52.3222]]],"type":"MultiLineString"},"geometry_name":"shape","id":"gp_red_lines.fid--7752831e_19fb67eabdc_4b78","properties":{"area":null,"creation_doc_id":3464,"deactivation_doc_id":null,"id":2552374},"type":"Feature"},{"bbox":[77.0807,52.3203,77.0853,52.3217],"geometry":{"coordinates":[[[77.0853,52.321],[77.085,52.3217],[77.0807,52.321],[77.081,52.3203],[77.0853,52.321]]],"type":"MultiLineString"},"geometry_name":"shape","id":"gp_red_lines.fid--7752831e_19fb67eabdc_4b79","properties":{"area":null,"creation_doc_id":3464,"deactivation_doc_id":null,"id":2552375},"type":"Feature"},{"bbox":[77.0678,52.316,77.1004,52.3261],"geometry":{"coordinates":[[[77.1004,52.3213],[77.0997,52.3228],[77.0997,52.3228],[77.0995,52.3232],[77.0992,52.3237],[77.099,52.3242],[77.0987,52.3247],[77.0984,52.3251],[77.0983,52.3253],[77.0983,52.3253],[77.0981,52.3256],[77.0978,52.3261],[77.0978,52.3261],[77.0974,52.3261],[77.0982,52.324],[77.0982,52.324],[77.0982,52.324],[77.0982,52.324],[77.0982,52.324],[77.0982,52.324],[77.0982,52.324],[77.0988,52.3224],[77.0988,52.3224],[77.0988,52.3224],[77.0988,52.3224],[77.0988,52.3224],[77.0988,52.3224],[77.0988,52.3224],[77.0988,52.3224],[77.0988,52.3224],[77.0988,52.3224],[77.0988,52.3224],[77.0988,52.3224],[77.0988,52.3224],[77.0988,52.3223],[77.0988,52.3223],[77.0988,52.3223],[77.0988,52.3223],[77.0988,52.3223],[77.0988,52.3223],[77.0988,52.3223],[77.0988,52.3223],[77.0988,52.3223],[77.0988,52.3223],[77.0988,52.3223],[77.0988,52.3223],[77.0988,52.3222],[77.0988,52.3222],[77.0988,52.3222],[77.0988,52.3222],[77.0988,52.3222],[77.0988,52.3222],[77.0988,52.3222],[77.0988,52.3222],[77.0988,52.3222],[77.0988,52.3222],[77.0988,52.3222],[77.0988,52.3222],[77.0988,52.3221],[77.0988,52.3221],[77.0988,52.3221],[77.0988,52.3221],[77.0988,52.3221],[77.0988,52.3221],[77.0988,52.3221],[77.0988,52.3221],[77.0987,52.3221],[77.0987,52.3221],[77.0987,52.3221],[77.0987,52.3221],[77.0987,52.3221],[77.0987,52.3221],[77.0987,52.3221],[77.0987,52.3221],[77.0987,52.3221],[77.0987,52.3221],[77.0987,52.322],[77.0987,52.322],[77.0987,52.322],[77.0987,52.322],[77.0987,52.322],[77.0987,52.322],[77.0987,52.322],[77.0987,52.322],[77.0986,52.322],[77.0986,52.322],[77.0986,52.322],[77.0986,52.322],[77.0986,52.322],[77.0986,52.322],[77.0986,52.322],[77.0986,52.322],[77.0986,52.3219],[77.0986,52.3219],[77.0986,52.3219],[77.0985,52.3219],[77.0985,52.3219],[77.0985,52.3219],[77.0985,52.3219],[77.0985,52.3219],[77.0985,52.3219],[77.0985,52.3219],[77.0985,52.3219],[77.0985,52.3219],[77.0984,52.3219],[77.0984,52.3219],[77.0984,52.3219],[77.0984,52.3219],[77.0984,52.3219],[77.0984,52.3219],[77.0984,52.3219],[77.0984,52.3219],[77.0984,52.3219],[77.0984,52.3219],[77.0984,52.3219],[77.0983,52.3219],[77.0983,52.3219],[77.0983,52.3218],[77.0983,52.3218],[77.0983,52.3218],[77.0983,52.3218],[77.0983,52.3218],[77.0983,52.3218],[77.0983,52.3218],[77.0983,52.3218],[77.0982,52.3218],[77.0982,52.3218],[77.0982,52.3218],[77.0982,52.3218],[77.0982,52.3218],[77.0738,52.3179],[77.0738,52.3179],[77.0738,52.3179],[77.0738,52.3179],[77.0738,52.3179],[77.0737,52.3179],[77.0737,52.3179],[77.0737,52.3179],[77.0737,52.3179],[77.0736,52.3179],[77.0736,52.3179],[77.0736,52.3179],[77.0736,52.3179],[77.0735,52.3178],[77.0735,52.3178],[77.0735,52.3178],[77.0735,52.3178],[77.0734,52.3178],[77.0734,52.3178],[77.0734,52.3178],[77.0734,52.3178],[77.0734,52.3178],[77.0734,52.3178],[77.0734,52.3178],[77.0733,52.3178],[77.0733,52.3178],[77.0733,52.3178],[77.0733,52.3178],[77.0732,52.3179],[77.0732,52.3179],[77.0732,52.3179],[77.0732,52.3179],[77.0731,52.3179],[77.0731,52.3179],[77.0731,52.3179],[77.0731,52.3179],[77.073,52.3179],[77.073,52.3179],[77.073,52.3179],[77.073,52.3179],[77.0729,52.3179],[77.0729,52.3179],[77.0729,52.3179],[77.0729,52.3179],[77.0728,52.3179],[77.0728,52.3179],[77.0728,52.3179],[77.0728,52.3179],[77.0727,52.3179],[77.0727,52.3179],[77.0727,52.3179],[77.0727,52.3179],[77.0726,52.318],[77.0726,52.318],[77.0726,52.318],[77.0726,52.318],[77.0726,52.318],[77.0726,52.318],[77.0726,52.318],[77.0726,52.318],[77.0725,52.318],[77.0725,52.318],[77.0725,52.318],[77.0725,52.318],[77.0725,52.318],[77.0725,52.318],[77.0724,52.3181],[77.0724,52.3181],[77.0724,52.3181],[77.0724,52.3181],[77.0723,52.3181],[77.0723,52.3181],[77.0723,52.3181],[77.0723,52.3181],[77.0723,52.3181],[77.0723,52.3181],[77.0722,52.3181],[77.0722,52.3181],[77.0722,52.3182],[77.0722,52.3182],[77.0722,52.3182],[77.0722,52.3182],[77.0721,52.3182],[77.0721,52.3182],[77.0721,52.3182],[77.0721,52.3182],[77.0721,52.3183],[77.0721,52.3183],[77.0721,52.3183],[77.0721,52.3183],[77.072,52.3183],[77.072,52.3183],[77.072,52.3183],[77.072,52.3183],[77.072,52.3183],[77.072,52.3183],[77.072,52.3183],[77.072,52.3184],[77.072,52.3184],[77.072,52.3184],[77.072,52.3184],[77.0719,52.3184],[77.0719,52.3184],[77.0719,52.3184],[77.0719,52.3184],[77.0719,52.3185],[77.0719,52.3185],[77.0719,52.3185],[77.0719,52.3185],[77.0719,52.3185],[77.0719,52.3185],[77.0719,52.3185],[77.0719,52.3185],[77.0718,52.3186],[77.0718,52.3186],[77.0718,52.3186],[77.0718,52.3186],[77.0718,52.3186],[77.0718,52.3186],[77.0718,52.3186],[77.0718,52.3186],[77.0718,52.3187],[77.0718,52.3187],[77.0718,52.3187],[77.0718,52.3187],[77.0718,52.3188],[77.0718,52.3188],[77.0718,52.3188],[77.0718,52.3188],[77.0718,52.3188],[77.0718,52.3188],[77.0718,52.3188],[77.0718,52.3188],[77.0718,52.3198],[77.0718,52.3198],[77.0718,52.3198],[77.0718,52.3198],[77.0718,52.3198],[77.0718,52.3219],[77.0689,52.3215],[77.0679,52.3213],[77.0678,52.3194],[77.0678,52.3194],[77.0678,52.3194],[77.0678,52.316],[77.1004,52.3213]]],"type":"MultiLineString"},"geometry_name":"shape","id":"gp_red_lines.fid--7752831e_19fb67eabdc_4b7a","properties":{"area":null,"creation_doc_id":3464,"deactivation_doc_id":null,"id":2552376},"type":"Feature"},{"bbox":[77.0853,52.3211,77.0898,52.3225],"geometry":{"coordinates":[[[77.0898,52.3217],[77.0895,52.3225],[77.0853,52.3218],[77.0856,52.3211],[77.0898,52.3217]]],"type":"MultiLineString"},"geometry_name":"shape","id":"gp_red_lines.fid--7752831e_19fb67eabdc_4b7b","properties":{"area":null,"creation_doc_id":3464,"deactivation_doc_id":null,"id":2552377},"type":"Feature"},{"bbox":[77.0857,52.3202,77.0902,52.3216],"geometry":{"coordinates":[[[77.0902,52.3208],[77.0899,52.3216],[77.0857,52.3209],[77.086,52.3202],[77.0902,52.3208]]],"type":"MultiLineString"},"geometry_name":"shape","id":"gp_red_lines.fid--7752831e_19fb67eabdc_4b7c","properties":{"area":null,"creation_doc_id":3464,"deactivation_doc_id":null,"id":2552378},"type":"Feature"},{"bbox":[77.0904,52.3209,77.0946,52.3223],"geometry":{"coordinates":[[[77.0946,52.3215],[77.0943,52.3223],[77.0904,52.3216],[77.0907,52.3209],[77.0946,52.3215]]],"type":"MultiLineString"},"geometry_name":"shape","id":"gp_red_lines.fid--7752831e_19fb67eabdc_4b7d","properties":{"area":null,"creation_doc_id":3464,"deactivation_doc_id":null,"id":2552379},"type":"Feature"},{"bbox":[77.09,52.3218,77.0942,52.3232],"geometry":{"coordinates":[[[77.0939,52.3232],[77.09,52.3225],[77.0903,52.3218],[77.0942,52.3225],[77.0939,52.3232]]],"type":"MultiLineString"},"geometry_name":"shape","id":"gp_red_lines.fid--7752831e_19fb67eabdc_4b7e","properties":{"area":null,"creation_doc_id":3464,"deactivation_doc_id":null,"id":2552380},"type":"Feature"},{"bbox":[77.0895,52.3228,77.0938,52.3243],"geometry":{"coordinates":[[[77.0895,52.3237],[77.0899,52.3228],[77.0938,52.3234],[77.0935,52.3243],[77.0895,52.3237]]],"type":"MultiLineString"},"geometry_name":"shape","id":"gp_red_lines.fid--7752831e_19fb67eabdc_4b7f","properties":{"area":null,"creation_doc_id":3464,"deactivation_doc_id":null,"id":2552381},"type":"Feature"},{"bbox":[77.0849,52.3221,77.0894,52.3236],"geometry":{"coordinates":[[[77.0849,52.3229],[77.0852,52.3221],[77.0894,52.3227],[77.089,52.3236],[77.0849,52.3229]]],"type":"MultiLineString"},"geometry_name":"shape","id":"gp_red_lines.fid--7752831e_19fb67eabdc_4b80","properties":{"area":null,"creation_doc_id":3464,"deactivation_doc_id":null,"id":2552382},"type":"Feature"},{"bbox":[77.0844,52.3231,77.0889,52.3246],"geometry":{"coordinates":[[[77.0844,52.324],[77.0848,52.3231],[77.0889,52.3238],[77.0886,52.3246],[77.0844,52.324]]],"type":"MultiLineString"},"geometry_name":"shape","id":"gp_red_lines.fid--7752831e_19fb67eabdc_4b81","properties":{"area":null,"creation_doc_id":3464,"deactivation_doc_id":null,"id":2552383},"type":"Feature"},{"bbox":[77.089,52.3238,77.0934,52.3253],"geometry":{"coordinates":[[[77.089,52.3247],[77.0894,52.3238],[77.0934,52.3245],[77.093,52.3253],[77.089,52.3247]]],"type":"MultiLineString"},"geometry_name":"shape","id":"gp_red_lines.fid--7752831e_19fb67eabdc_4b82","properties":{"area":null,"creation_doc_id":3464,"deactivation_doc_id":null,"id":2552384},"type":"Feature"},{"bbox":[77.0758,52.3217,77.0797,52.3232],"geometry":{"coordinates":[[[77.0758,52.3226],[77.0761,52.3217],[77.0797,52.3223],[77.0794,52.3232],[77.0758,52.3226]]],"type":"MultiLineString"},"geometry_name":"shape","id":"gp_red_lines.fid--7752831e_19fb67eabdc_4b83","properties":{"area":null,"creation_doc_id":3464,"deactivation_doc_id":null,"id":2552385},"type":"Feature"},{"bbox":[77.0723,52.32,77.0762,52.3215],"geometry":{"coordinates":[[[77.0723,52.32],[77.0762,52.3206],[77.0759,52.3215],[77.0723,52.3209],[77.0723,52.32]]],"type":"MultiLineString"},"geometry_name":"shape","id":"gp_red_lines.fid--7752831e_19fb67eabdc_4b84","properties":{"area":null,"creation_doc_id":3464,"deactivation_doc_id":null,"id":2552386},"type":"Feature"},{"bbox":[77.0723,52.3211,77.0758,52.3225],"geometry":{"coordinates":[[[77.0723,52.322],[77.0723,52.3211],[77.0758,52.3217],[77.0755,52.3225],[77.0723,52.322]]],"type":"MultiLineString"},"geometry_name":"shape","id":"gp_red_lines.fid--7752831e_19fb67eabdc_4b85","properties":{"area":null,"creation_doc_id":3464,"deactivation_doc_id":null,"id":2552387},"type":"Feature"},{"bbox":[77.0599,52.3216,77.0975,52.3654],"geometry":{"coordinates":[[[77.06,52.3539],[77.0675,52.3434],[77.0675,52.3434],[77.0675,52.3433],[77.0675,52.3433],[77.0675,52.3433],[77.0679,52.3253],[77.0679,52.3253],[77.0679,52.3253],[77.0679,52.3253],[77.0679,52.3216],[77.0684,52.3217],[77.0684,52.3217],[77.0684,52.3217],[77.0684,52.3217],[77.0887,52.325],[77.0887,52.325],[77.0887,52.325],[77.0887,52.325],[77.0975,52.3264],[77.0974,52.3265],[77.0971,52.327],[77.0967,52.3274],[77.0963,52.3278],[77.0958,52.3283],[77.0951,52.329],[77.0951,52.329],[77.0951,52.329],[77.0951,52.329],[77.0946,52.3294],[77.0946,52.3294],[77.0946,52.3294],[77.0946,52.3294],[77.0946,52.3294],[77.0946,52.3294],[77.0946,52.3294],[77.0946,52.3294],[77.0942,52.3299],[77.0942,52.3299],[77.0942,52.3299],[77.0942,52.3299],[77.0938,52.3304],[77.0938,52.3304],[77.0938,52.3304],[77.0938,52.3304],[77.0934,52.3309],[77.0934,52.3309],[77.0934,52.3309],[77.0934,52.3309],[77.093,52.3314],[77.093,52.3314],[77.093,52.3314],[77.093,52.3314],[77.0926,52.3319],[77.0926,52.3319],[77.0926,52.3319],[77.0926,52.3319],[77.0926,52.3319],[77.0923,52.3324],[77.0923,52.3324],[77.0923,52.3324],[77.0923,52.3324],[77.092,52.3329],[77.092,52.3329],[77.092,52.3329],[77.092,52.3329],[77.0917,52.3334],[77.0917,52.3334],[77.0917,52.3334],[77.0917,52.3334],[77.0914,52.3339],[77.0914,52.3339],[77.0914,52.3339],[77.0914,52.3339],[77.0912,52.3345],[77.0912,52.3345],[77.0912,52.3345],[77.0912,52.3345],[77.091,52.335],[77.091,52.335],[77.091,52.335],[77.091,52.335],[77.0889,52.3404],[77.0889,52.3404],[77.0889,52.3404],[77.0865,52.3468],[77.0864,52.347],[77.0863,52.3473],[77.0862,52.3475],[77.0861,52.3478],[77.0816,52.3577],[77.0816,52.3577],[77.0816,52.3577],[77.0814,52.3582],[77.0813,52.3584],[77.0812,52.3586],[77.0811,52.3588],[77.081,52.359],[77.0808,52.3594],[77.0806,52.3598],[77.0803,52.3601],[77.0801,52.3605],[77.0798,52.3608],[77.0795,52.3611],[77.0791,52.3614],[77.0788,52.3618],[77.0784,52.3621],[77.078,52.3624],[77.0776,52.3627],[77.0772,52.3629],[77.0768,52.3632],[77.0763,52.3635],[77.0759,52.3637],[77.0754,52.364],[77.0749,52.3642],[77.0745,52.3644],[77.0744,52.3644],[77.0738,52.3646],[77.0736,52.3647],[77.0732,52.3648],[77.0729,52.3649],[77.0726,52.3651],[77.0726,52.3651],[77.0723,52.3652],[77.072,52.3652],[77.072,52.3652],[77.0718,52.3653],[77.0717,52.3653],[77.0715,52.3654],[77.0714,52.3654],[77.0713,52.3654],[77.0712,52.3654],[77.0711,52.3654],[77.0711,52.3654],[77.071,52.3654],[77.0709,52.3654],[77.0708,52.3653],[77.0707,52.3653],[77.0707,52.3653],[77.0706,52.3652],[77.0705,52.3652],[77.0704,52.3651],[77.0689,52.364],[77.0599,52.3542],[77.06,52.3539],[77.06,52.3539]]],"type":"MultiLineString"},"geometry_name":"shape","id":"gp_red_lines.fid--7752831e_19fb67eabdc_4b86","properties":{"area":null,"creation_doc_id":3464,"deactivation_doc_id":null,"id":2552388},"type":"Feature"},{"bbox":[77.1055,52.3345,77.1126,52.3411],"geometry":{"coordinates":[[[77.1077,52.3345],[77.1126,52.3353],[77.1102,52.3411],[77.1061,52.3404],[77.1061,52.3404],[77.1061,52.3404],[77.106,52.3404],[77.106,52.3404],[77.1059,52.3404],[77.1059,52.3404],[77.1058,52.3404],[77.1058,52.3403],[77.1058,52.3403],[77.1057,52.3403],[77.1057,52.3403],[77.1057,52.3403],[77.1056,52.3403],[77.1056,52.3402],[77.1056,52.3402],[77.1056,52.3402],[77.1056,52.3402],[77.1055,52.3401],[77.1055,52.3401],[77.1055,52.3401],[77.1055,52.3401],[77.1055,52.34],[77.1055,52.34],[77.1055,52.34],[77.1055,52.34],[77.1077,52.3345]]],"type":"MultiLineString"},"geometry_name":"shape","id":"gp_red_lines.fid--7752831e_19fb67eabdc_4b87","properties":{"area":null,"creation_doc_id":3464,"deactivation_doc_id":null,"id":2552389},"type":"Feature"},{"bbox":[77.1107,52.3353,77.1187,52.342],"geometry":{"coordinates":[[[77.1107,52.3411],[77.1131,52.3353],[77.1187,52.3362],[77.1163,52.342],[77.1107,52.3411]]],"type":"MultiLineString"},"geometry_name":"shape","id":"gp_red_lines.fid--7752831e_19fb67eabdc_4b88","properties":{"area":null,"creation_doc_id":3464,"deactivation_doc_id":null,"id":2552390},"type":"Feature"},{"bbox":[77.1167,52.3363,77.1247,52.3429],"geometry":{"coordinates":[[[77.1167,52.3421],[77.1191,52.3363],[77.1247,52.3372],[77.1225,52.3426],[77.1224,52.3426],[77.1224,52.3427],[77.1224,52.3427],[77.1224,52.3427],[77.1224,52.3427],[77.1224,52.3428],[77.1223,52.3428],[77.1223,52.3428],[77.1223,52.3428],[77.1223,52.3428],[77.1222,52.3428],[77.1222,52.3429],[77.1222,52.3429],[77.1221,52.3429],[77.1221,52.3429],[77.122,52.3429],[77.122,52.3429],[77.122,52.3429],[77.1219,52.3429],[77.1219,52.3429],[77.1219,52.3429],[77.1218,52.3429],[77.1218,52.3429],[77.1217,52.3429],[77.1217,52.3429],[77.1217,52.3429],[77.1217,52.3429],[77.1217,52.3429],[77.1217,52.3429],[77.1216,52.3429],[77.1167,52.3421]]],"type":"MultiLineString"},"geometry_name":"shape","id":"gp_red_lines.fid--7752831e_19fb67eabdc_4b89","properties":{"area":null,"creation_doc_id":3464,"deactivation_doc_id":null,"id":2552391},"type":"Feature"},{"bbox":[77.1192,52.3302,77.1272,52.3369],"geometry":{"coordinates":[[[77.1248,52.3369],[77.1192,52.336],[77.1216,52.3302],[77.1272,52.3311],[77.1248,52.3369]]],"type":"MultiLineString"},"geometry_name":"shape","id":"gp_red_lines.fid--7752831e_19fb67eabdc_4b8a","properties":{"area":null,"creation_doc_id":3464,"deactivation_doc_id":null,"id":2552392},"type":"Feature"},{"bbox":[77.1132,52.3293,77.1212,52.336],"geometry":{"coordinates":[[[77.1156,52.3293],[77.1212,52.3301],[77.1188,52.336],[77.1132,52.3351],[77.1156,52.3293]]],"type":"MultiLineString"},"geometry_name":"shape","id":"gp_red_lines.fid--7752831e_19fb67eabdc_4b8b","properties":{"area":null,"creation_doc_id":3464,"deactivation_doc_id":null,"id":2552393},"type":"Feature"},{"bbox":[77.1079,52.3284,77.1152,52.335],"geometry":{"coordinates":[[[77.1103,52.3284],[77.1152,52.3292],[77.1128,52.335],[77.1079,52.3342],[77.1103,52.3284]]],"type":"MultiLineString"},"geometry_name":"shape","id":"gp_red_lines.fid--7752831e_19fb67eabdc_4b8c","properties":{"area":null,"creation_doc_id":3464,"deactivation_doc_id":null,"id":2552394},"type":"Feature"},{"bbox":[77.1157,52.3248,77.123,52.3299],"geometry":{"coordinates":[[[77.1166,52.3268],[77.1174,52.3248],[77.123,52.3257],[77.1222,52.3277],[77.1221,52.328],[77.1213,52.3299],[77.1157,52.329],[77.1165,52.3271],[77.1166,52.3268]]],"type":"MultiLineString"},"geometry_name":"shape","id":"gp_red_lines.fid--7752831e_19fb67eabdc_4b8d","properties":{"area":null,"creation_doc_id":3464,"deactivation_doc_id":null,"id":2552395},"type":"Feature"},{"bbox":[77.1016,52.3219,77.1313,52.3269],"geometry":{"coordinates":[[[77.1273,52.3261],[77.1132,52.3238],[77.1132,52.3238],[77.1132,52.3238],[77.1132,52.3238],[77.1132,52.3238],[77.1032,52.3224],[77.1032,52.3224],[77.1032,52.3224],[77.1032,52.3224],[77.1031,52.3224],[77.1031,52.3224],[77.1031,52.3224],[77.1031,52.3224],[77.103,52.3224],[77.103,52.3224],[77.103,52.3224],[77.103,52.3224],[77.1029,52.3224],[77.1029,52.3224],[77.1029,52.3224],[77.1029,52.3224],[77.1029,52.3224],[77.1029,52.3224],[77.1029,52.3224],[77.1028,52.3224],[77.1028,52.3224],[77.1028,52.3224],[77.1028,52.3224],[77.1028,52.3224],[77.1028,52.3224],[77.1027,52.3224],[77.1027,52.3224],[77.1027,52.3224],[77.1027,52.3224],[77.1027,52.3224],[77.1026,52.3224],[77.1026,52.3224],[77.1026,52.3224],[77.1026,52.3224],[77.1026,52.3224],[77.1025,52.3224],[77.1025,52.3224],[77.1025,52.3224],[77.1025,52.3224],[77.1024,52.3224],[77.1024,52.3224],[77.1024,52.3225],[77.1024,52.3225],[77.1023,52.3225],[77.1023,52.3225],[77.1023,52.3225],[77.1023,52.3225],[77.1022,52.3225],[77.1022,52.3225],[77.1022,52.3225],[77.1022,52.3225],[77.1022,52.3225],[77.1022,52.3225],[77.1022,52.3225],[77.1022,52.3225],[77.1022,52.3225],[77.1021,52.3225],[77.1021,52.3225],[77.1021,52.3226],[77.1021,52.3226],[77.1021,52.3226],[77.1021,52.3226],[77.102,52.3226],[77.102,52.3226],[77.102,52.3226],[77.102,52.3226],[77.1019,52.3226],[77.1019,52.3226],[77.1019,52.3226],[77.1019,52.3226],[77.1019,52.3227],[77.1019,52.3227],[77.1019,52.3227],[77.1019,52.3227],[77.1018,52.3227],[77.1018,52.3227],[77.1018,52.3227],[77.1018,52.3227],[77.1018,52.3228],[77.1018,52.3228],[77.1018,52.3228],[77.1018,52.3228],[77.1017,52.3228],[77.1017,52.3228],[77.1017,52.3228],[77.1017,52.3228],[77.1017,52.3228],[77.1017,52.3228],[77.1017,52.3228],[77.1017,52.3229],[77.1017,52.3229],[77.1017,52.3229],[77.1017,52.3229],[77.1016,52.3229],[77.1016,52.3229],[77.1016,52.3229],[77.1016,52.3229],[77.1016,52.323],[77.1016,52.323],[77.1016,52.323],[77.1021,52.3219],[77.1031,52.322],[77.1031,52.322],[77.1055,52.3223],[77.1055,52.3223],[77.1061,52.3223],[77.1121,52.3228],[77.1121,52.3228],[77.1126,52.3228],[77.1133,52.3229],[77.1178,52.3236],[77.1183,52.3237],[77.1235,52.3245],[77.124,52.3246],[77.1268,52.3251],[77.1268,52.3251],[77.1311,52.3253],[77.1313,52.3253],[77.1301,52.3269],[77.1274,52.3261],[77.1274,52.3261],[77.1274,52.3261],[77.1274,52.3261],[77.1274,52.3261],[77.1273,52.3261]]],"type":"MultiLineString"},"geometry_name":"shape","id":"gp_red_lines.fid--7752831e_19fb67eabdc_4b8e","properties":{"area":null,"creation_doc_id":3464,"deactivation_doc_id":null,"id":2552396},"type":"Feature"},{"bbox":[77.1113,52.3239,77.117,52.3267],"geometry":{"coordinates":[[[77.1119,52.3245],[77.1121,52.3239],[77.1131,52.3241],[77.1134,52.3241],[77.1134,52.3241],[77.1134,52.3241],[77.1134,52.3241],[77.117,52.3247],[77.1162,52.3267],[77.1113,52.3259],[77.1119,52.3245],[77.1119,52.3245],[77.1119,52.3245]]],"type":"MultiLineString"},"geometry_name":"shape","id":"gp_red_lines.fid--7752831e_19fb67eabdc_4b8f","properties":{"area":null,"creation_doc_id":3464,"deactivation_doc_id":null,"id":2552397},"type":"Feature"},{"bbox":[77.1104,52.3262,77.116,52.3289],"geometry":{"coordinates":[[[77.1104,52.3281],[77.1112,52.3262],[77.116,52.327],[77.1153,52.3289],[77.1126,52.3285],[77.1104,52.3281]]],"type":"MultiLineString"},"geometry_name":"shape","id":"gp_red_lines.fid--7752831e_19fb67eabdc_4b90","properties":{"area":null,"creation_doc_id":3464,"deactivation_doc_id":null,"id":2552398},"type":"Feature"},{"bbox":[77.1055,52.3254,77.1107,52.3281],"geometry":{"coordinates":[[[77.1055,52.3274],[77.1063,52.3254],[77.1107,52.3262],[77.1099,52.3281],[77.1055,52.3274]]],"type":"MultiLineString"},"geometry_name":"shape","id":"gp_red_lines.fid--7752831e_19fb67eabdc_4b91","properties":{"area":null,"creation_doc_id":3464,"deactivation_doc_id":null,"id":2552399},"type":"Feature"},{"bbox":[77.1064,52.3233,77.1117,52.3259],"geometry":{"coordinates":[[[77.1064,52.3252],[77.1073,52.3233],[77.1117,52.3239],[77.1108,52.3259],[77.1064,52.3252]]],"type":"MultiLineString"},"geometry_name":"shape","id":"gp_red_lines.fid--7752831e_19fb67eabdc_4b92","properties":{"area":null,"creation_doc_id":3464,"deactivation_doc_id":null,"id":2552400},"type":"Feature"},{"bbox":[77.1005,52.3246,77.1059,52.3273],"geometry":{"coordinates":[[[77.1005,52.3266],[77.1014,52.3246],[77.1059,52.3254],[77.105,52.3273],[77.1022,52.3268],[77.1005,52.3266]]],"type":"MultiLineString"},"geometry_name":"shape","id":"gp_red_lines.fid--7752831e_19fb67eabdc_4b93","properties":{"area":null,"creation_doc_id":3464,"deactivation_doc_id":null,"id":2552401},"type":"Feature"},{"bbox":[77.0933,52.3245,77.0973,52.326],"geometry":{"coordinates":[[[77.0933,52.3254],[77.0937,52.3245],[77.0973,52.3251],[77.097,52.326],[77.0933,52.3254]]],"type":"MultiLineString"},"geometry_name":"shape","id":"gp_red_lines.fid--7752831e_19fb67eabdc_4b94","properties":{"area":null,"creation_doc_id":3464,"deactivation_doc_id":null,"id":2552402},"type":"Feature"},{"bbox":[77.0938,52.3235,77.0977,52.3249],"geometry":{"coordinates":[[[77.0974,52.3249],[77.0938,52.3243],[77.0941,52.3235],[77.0977,52.3241],[77.0974,52.3249]]],"type":"MultiLineString"},"geometry_name":"shape","id":"gp_red_lines.fid--7752831e_19fb67eabdc_4b95","properties":{"area":null,"creation_doc_id":3464,"deactivation_doc_id":null,"id":2552403},"type":"Feature"},{"bbox":[77.0996,52.3235,77.1013,52.3265],"geometry":{"coordinates":[[[77.1013,52.3235],[77.1013,52.3235],[77.1001,52.3265],[77.0996,52.3264],[77.0996,52.3264],[77.0996,52.3264],[77.0999,52.3261],[77.0999,52.3261],[77.0999,52.326],[77.0999,52.326],[77.1001,52.3257],[77.1002,52.3256],[77.1002,52.3256],[77.1005,52.3251],[77.1005,52.3251],[77.1006,52.325],[77.1006,52.325],[77.1008,52.3246],[77.1008,52.3246],[77.1008,52.3245],[77.1008,52.3245],[77.1011,52.324],[77.1011,52.324],[77.1011,52.324],[77.1011,52.324],[77.1013,52.3235],[77.1013,52.3235]]],"type":"MultiLineString"},"geometry_name":"shape","id":"gp_red_lines.fid--7752831e_19fb67eabdc_4b96","properties":{"area":null,"creation_doc_id":3464,"deactivation_doc_id":null,"id":2552404},"type":"Feature"},{"bbox":[77.0942,52.3225,77.0981,52.3238],"geometry":{"coordinates":[[[77.0978,52.3238],[77.0942,52.3232],[77.0945,52.3225],[77.0981,52.3231],[77.0978,52.3238]]],"type":"MultiLineString"},"geometry_name":"shape","id":"gp_red_lines.fid--7752831e_19fb67eabdc_4b97","properties":{"area":null,"creation_doc_id":3464,"deactivation_doc_id":null,"id":2552405},"type":"Feature"},{"bbox":[77.0946,52.3216,77.0984,52.3229],"geometry":{"coordinates":[[[77.0981,52.3229],[77.0946,52.3223],[77.0949,52.3216],[77.0981,52.3221],[77.0981,52.3221],[77.0981,52.3221],[77.0982,52.3221],[77.0982,52.3221],[77.0982,52.3221],[77.0982,52.3221],[77.0982,52.3221],[77.0982,52.3222],[77.0983,52.3222],[77.0983,52.3222],[77.0983,52.3222],[77.0983,52.3222],[77.0983,52.3222],[77.0983,52.3222],[77.0983,52.3222],[77.0983,52.3222],[77.0983,52.3222],[77.0984,52.3223],[77.0984,52.3223],[77.0984,52.3223],[77.0984,52.3223],[77.0984,52.3223],[77.0984,52.3223],[77.0984,52.3223],[77.0983,52.3223],[77.0983,52.3224],[77.0983,52.3224],[77.0981,52.3229]]],"type":"MultiLineString"},"geometry_name":"shape","id":"gp_red_lines.fid--7752831e_19fb67eabdc_4b98","properties":{"area":null,"creation_doc_id":3464,"deactivation_doc_id":null,"id":2552406},"type":"Feature"},{"bbox":[77.1015,52.3227,77.1068,52.3251],"geometry":{"coordinates":[[[77.1015,52.3243],[77.102,52.3231],[77.102,52.3231],[77.102,52.323],[77.1021,52.323],[77.1021,52.323],[77.1021,52.3229],[77.1022,52.3229],[77.1022,52.3229],[77.1023,52.3228],[77.1023,52.3228],[77.1024,52.3228],[77.1024,52.3228],[77.1025,52.3228],[77.1025,52.3227],[77.1026,52.3227],[77.1026,52.3227],[77.1027,52.3227],[77.1027,52.3227],[77.1028,52.3227],[77.1029,52.3227],[77.1029,52.3227],[77.103,52.3227],[77.1031,52.3227],[77.1031,52.3227],[77.1068,52.3232],[77.106,52.3251],[77.1015,52.3243]]],"type":"MultiLineString"},"geometry_name":"shape","id":"gp_red_lines.fid--7752831e_19fb67eabdc_4b99","properties":{"area":null,"creation_doc_id":3464,"deactivation_doc_id":null,"id":2552407},"type":"Feature"},{"bbox":[77.1004,52.3184,77.1016,52.3191],"geometry":{"coordinates":[[[77.1007,52.319],[77.1006,52.319],[77.1006,52.319],[77.1005,52.319],[77.1005,52.319],[77.1005,52.319],[77.1004,52.319],[77.1004,52.319],[77.1004,52.319],[77.1009,52.3189],[77.1009,52.3189],[77.1009,52.3188],[77.1009,52.3188],[77.1011,52.3188],[77.1011,52.3188],[77.1011,52.3188],[77.1011,52.3188],[77.1012,52.3187],[77.1012,52.3187],[77.1012,52.3187],[77.1012,52.3187],[77.1014,52.3186],[77.1014,52.3186],[77.1014,52.3186],[77.1014,52.3186],[77.1015,52.3185],[77.1015,52.3185],[77.1015,52.3185],[77.1015,52.3185],[77.1016,52.3184],[77.1014,52.3189],[77.1014,52.3189],[77.1014,52.3189],[77.1013,52.3191],[77.1013,52.3191],[77.1012,52.3191],[77.1012,52.3191],[77.1012,52.3191],[77.1012,52.3191],[77.1012,52.3191],[77.101,52.3191],[77.101,52.3191],[77.1009,52.3191],[77.1009,52.3191],[77.1007,52.319],[77.1007,52.319]]],"type":"MultiLineString"},"geometry_name":"shape","id":"gp_red_lines.fid--7752831e_19fb67eabdc_4b9a","properties":{"area":null,"creation_doc_id":3464,"deactivation_doc_id":null,"id":2552408},"type":"Feature"},{"bbox":[77.0963,52.3197,77.0987,52.3204],"geometry":{"coordinates":[[[77.0985,52.3204],[77.0963,52.32],[77.0963,52.32],[77.0963,52.32],[77.0963,52.32],[77.0963,52.32],[77.0966,52.32],[77.0966,52.32],[77.0966,52.32],[77.0966,52.32],[77.0966,52.32],[77.0966,52.32],[77.0966,52.32],[77.0969,52.32],[77.0969,52.32],[77.0969,52.32],[77.0969,52.32],[77.0971,52.32],[77.0971,52.32],[77.0971,52.32],[77.0971,52.32],[77.0974,52.32],[77.0974,52.32],[77.0974,52.32],[77.0974,52.32],[77.0977,52.32],[77.0977,52.32],[77.0977,52.32],[77.0977,52.32],[77.0979,52.3199],[77.0979,52.3199],[77.0979,52.3199],[77.0979,52.3199],[77.0982,52.3199],[77.0982,52.3199],[77.0982,52.3199],[77.0982,52.3199],[77.0984,52.3198],[77.0984,52.3198],[77.0984,52.3198],[77.0984,52.3198],[77.0984,52.3198],[77.0984,52.3198],[77.0984,52.3198],[77.0987,52.3197],[77.0987,52.3197],[77.0987,52.3197],[77.0986,52.3198],[77.0986,52.3198],[77.0986,52.3199],[77.0986,52.3199],[77.0986,52.3199],[77.0985,52.3199],[77.0985,52.32],[77.0985,52.32],[77.0985,52.3201],[77.0985,52.3201],[77.0985,52.3202],[77.0985,52.3202],[77.0985,52.3202],[77.0985,52.3202],[77.0985,52.3202],[77.0985,52.3203],[77.0985,52.3203],[77.0985,52.3204]]],"type":"MultiLineString"},"geometry_name":"shape","id":"gp_red_lines.fid--7752831e_19fb67eabdc_4b9b","properties":{"area":null,"creation_doc_id":3464,"deactivation_doc_id":null,"id":2552409},"type":"Feature"},{"bbox":[77.0915,52.3179,77.0978,52.3197],"geometry":{"coordinates":[[[77.0969,52.3197],[77.0966,52.3197],[77.0964,52.3197],[77.0962,52.3197],[77.0915,52.319],[77.092,52.3179],[77.095,52.3184],[77.0952,52.3184],[77.0952,52.3184],[77.0952,52.3184],[77.0952,52.3184],[77.0955,52.3185],[77.0955,52.3185],[77.0955,52.3185],[77.0955,52.3185],[77.0957,52.3185],[77.0957,52.3185],[77.0957,52.3185],[77.0957,52.3185],[77.096,52.3185],[77.096,52.3185],[77.096,52.3185],[77.096,52.3185],[77.096,52.3185],[77.096,52.3185],[77.0962,52.3185],[77.0962,52.3185],[77.0963,52.3185],[77.0963,52.3185],[77.0965,52.3185],[77.0965,52.3185],[77.0965,52.3185],[77.0965,52.3185],[77.0968,52.3185],[77.0968,52.3185],[77.0968,52.3185],[77.0968,52.3185],[77.097,52.3184],[77.0978,52.3196],[77.0978,52.3196],[77.0976,52.3197],[77.0973,52.3197],[77.0971,52.3197],[77.0969,52.3197]]],"type":"MultiLineString"},"geometry_name":"shape","id":"gp_red_lines.fid--7752831e_19fb67eabdc_4b9c","properties":{"area":null,"creation_doc_id":3464,"deactivation_doc_id":null,"id":2552410},"type":"Feature"},{"bbox":[77.0921,52.3167,77.0969,52.3183],"geometry":{"coordinates":[[[77.0921,52.3177],[77.0925,52.3167],[77.0945,52.317],[77.0945,52.317],[77.0945,52.317],[77.095,52.3171],[77.095,52.3171],[77.0951,52.3171],[77.0951,52.3171],[77.0952,52.3171],[77.0952,52.3171],[77.0952,52.3171],[77.0952,52.3171],[77.0952,52.3171],[77.0953,52.3171],[77.0953,52.3171],[77.0953,52.3171],[77.0953,52.3171],[77.0954,52.3171],[77.0954,52.3171],[77.0954,52.3171],[77.0954,52.3171],[77.0955,52.3171],[77.0955,52.3171],[77.0956,52.3171],[77.0956,52.3171],[77.0957,52.3171],[77.0957,52.3171],[77.0957,52.3171],[77.0957,52.3171],[77.0958,52.317],[77.0958,52.317],[77.0958,52.317],[77.0958,52.317],[77.0959,52.317],[77.0959,52.317],[77.0959,52.317],[77.0959,52.317],[77.096,52.317],[77.0969,52.3183],[77.0967,52.3183],[77.0965,52.3183],[77.0962,52.3183],[77.096,52.3183],[77.0958,52.3183],[77.0955,52.3183],[77.0953,52.3182],[77.095,52.3182],[77.095,52.3182],[77.095,52.3182],[77.0921,52.3177]]],"type":"MultiLineString"},"geometry_name":"shape","id":"gp_red_lines.fid--7752831e_19fb67eabdc_4b9d","properties":{"area":null,"creation_doc_id":3464,"deactivation_doc_id":null,"id":2552411},"type":"Feature"},{"bbox":[77.0962,52.3158,77.1,52.3182],"geometry":{"coordinates":[[[77.0972,52.3182],[77.0962,52.3169],[77.0963,52.3169],[77.0963,52.3169],[77.0963,52.3169],[77.0963,52.3169],[77.0964,52.3168],[77.0964,52.3168],[77.0964,52.3168],[77.0964,52.3168],[77.0965,52.3168],[77.0965,52.3168],[77.0965,52.3168],[77.0965,52.3168],[77.0966,52.3168],[77.0966,52.3168],[77.0966,52.3167],[77.0966,52.3167],[77.0967,52.3167],[77.0967,52.3167],[77.0967,52.3167],[77.0967,52.3167],[77.0968,52.3166],[77.0968,52.3166],[77.0968,52.3166],[77.0968,52.3166],[77.0968,52.3166],[77.0968,52.3166],[77.0968,52.3166],[77.0968,52.3166],[77.0969,52.3165],[77.0969,52.3165],[77.0969,52.3165],[77.0969,52.3165],[77.0969,52.3165],[77.0969,52.3165],[77.0969,52.3165],[77.097,52.3165],[77.097,52.3165],[77.097,52.3165],[77.097,52.3165],[77.097,52.3164],[77.097,52.3164],[77.097,52.3164],[77.097,52.3164],[77.0971,52.3163],[77.0971,52.3163],[77.0971,52.3162],[77.0972,52.3162],[77.0972,52.3161],[77.0973,52.3161],[77.0974,52.316],[77.0974,52.316],[77.0975,52.316],[77.0976,52.3159],[77.0976,52.3159],[77.0977,52.3159],[77.0978,52.3159],[77.0979,52.3158],[77.098,52.3158],[77.0981,52.3158],[77.0981,52.3158],[77.0982,52.3158],[77.0983,52.3158],[77.0984,52.3158],[77.0985,52.3158],[77.0986,52.3158],[77.0987,52.3158],[77.0988,52.3158],[77.1,52.316],[77.0996,52.317],[77.0995,52.3171],[77.0994,52.3172],[77.0993,52.3173],[77.0992,52.3174],[77.099,52.3175],[77.0989,52.3176],[77.0987,52.3177],[77.0985,52.3178],[77.0983,52.3179],[77.0981,52.318],[77.0979,52.318],[77.0977,52.3181],[77.0974,52.3182],[77.0972,52.3182],[77.0972,52.3182]]],"type":"MultiLineString"},"geometry_name":"shape","id":"gp_red_lines.fid--7752831e_19fb67eabdc_4b9e","properties":{"area":null,"creation_doc_id":3464,"deactivation_doc_id":null,"id":2552412},"type":"Feature"},{"bbox":[77.0973,52.316,77.1022,52.3196],"geometry":{"coordinates":[[[77.0981,52.3196],[77.0973,52.3184],[77.0975,52.3183],[77.0975,52.3183],[77.0976,52.3183],[77.0976,52.3183],[77.0978,52.3183],[77.0978,52.3183],[77.0978,52.3183],[77.0978,52.3183],[77.098,52.3182],[77.098,52.3182],[77.098,52.3182],[77.098,52.3182],[77.0983,52.3181],[77.0983,52.3181],[77.0983,52.3181],[77.0983,52.3181],[77.0983,52.3181],[77.0983,52.3181],[77.0983,52.3181],[77.0985,52.3181],[77.0985,52.3181],[77.0985,52.3181],[77.0985,52.3181],[77.0987,52.318],[77.0987,52.318],[77.0987,52.318],[77.0987,52.318],[77.0989,52.3179],[77.0989,52.3179],[77.0989,52.3179],[77.0989,52.3179],[77.0991,52.3177],[77.0991,52.3177],[77.0991,52.3177],[77.0991,52.3177],[77.0993,52.3176],[77.0993,52.3176],[77.0993,52.3176],[77.0993,52.3176],[77.0995,52.3175],[77.0995,52.3175],[77.0995,52.3175],[77.0995,52.3175],[77.0996,52.3174],[77.0996,52.3174],[77.0996,52.3174],[77.0996,52.3174],[77.0997,52.3173],[77.0997,52.3173],[77.0997,52.3173],[77.0997,52.3173],[77.0997,52.3173],[77.0997,52.3173],[77.0997,52.3173],[77.0998,52.3172],[77.0998,52.3172],[77.0998,52.3172],[77.0998,52.3172],[77.0999,52.317],[77.0999,52.317],[77.0999,52.317],[77.0999,52.317],[77.1003,52.316],[77.1022,52.3163],[77.1017,52.3177],[77.1016,52.3178],[77.1015,52.3179],[77.1015,52.318],[77.1014,52.3181],[77.1013,52.3182],[77.1012,52.3183],[77.101,52.3184],[77.1009,52.3185],[77.1008,52.3185],[77.1006,52.3186],[77.0982,52.3195],[77.0981,52.3196]]],"type":"MultiLineString"},"geometry_name":"shape","id":"gp_red_lines.fid--7752831e_19fb67eabdc_4b9f","properties":{"area":null,"creation_doc_id":3464,"deactivation_doc_id":null,"id":2552413},"type":"Feature"},{"bbox":[77.1134,52.3116,77.1287,52.3232],"geometry":{"coordinates":[[[77.1262,52.318],[77.1241,52.3232],[77.1226,52.3229],[77.1144,52.3216],[77.1144,52.3216],[77.1143,52.3216],[77.1143,52.3216],[77.1143,52.3216],[77.1143,52.3216],[77.1134,52.3214],[77.1145,52.3209],[77.1146,52.3208],[77.1148,52.3206],[77.1149,52.3206],[77.1151,52.3204],[77.1151,52.3204],[77.1154,52.3202],[77.1154,52.3202],[77.1154,52.3202],[77.1156,52.3199],[77.1156,52.3199],[77.1157,52.3197],[77.1158,52.3196],[77.1162,52.3185],[77.1169,52.3186],[77.1169,52.3186],[77.1169,52.3186],[77.1171,52.3186],[77.1171,52.3186],[77.1173,52.3185],[77.1173,52.3185],[77.1174,52.3185],[77.1174,52.3185],[77.1176,52.3185],[77.1176,52.3185],[77.1178,52.3184],[77.1178,52.3184],[77.1179,52.3184],[77.1211,52.3176],[77.1211,52.3176],[77.1212,52.3176],[77.1213,52.3176],[77.1213,52.3176],[77.1214,52.3175],[77.1214,52.3175],[77.1215,52.3175],[77.1215,52.3175],[77.1216,52.3174],[77.1216,52.3174],[77.1217,52.3174],[77.1217,52.3174],[77.1218,52.3173],[77.1218,52.3173],[77.1219,52.3173],[77.1219,52.3173],[77.122,52.3172],[77.122,52.3172],[77.1221,52.3171],[77.1221,52.3171],[77.1221,52.3171],[77.1221,52.3171],[77.1221,52.3171],[77.1222,52.317],[77.1222,52.317],[77.1222,52.3169],[77.1229,52.316],[77.1229,52.316],[77.1229,52.3159],[77.123,52.3158],[77.1231,52.3157],[77.1232,52.3156],[77.1233,52.3155],[77.1234,52.3154],[77.1236,52.3153],[77.1237,52.3153],[77.1238,52.3152],[77.124,52.3151],[77.1241,52.3151],[77.1242,52.3151],[77.1245,52.3149],[77.1245,52.3149],[77.1246,52.3148],[77.1246,52.3148],[77.1247,52.3147],[77.1247,52.3147],[77.1248,52.3146],[77.1248,52.3146],[77.1248,52.3146],[77.1249,52.3145],[77.1249,52.3145],[77.125,52.3144],[77.125,52.3144],[77.1251,52.3143],[77.1251,52.3143],[77.1252,52.314],[77.1263,52.3116],[77.1287,52.312],[77.1263,52.3178],[77.1263,52.3178],[77.1262,52.318]]],"type":"MultiLineString"},"geometry_name":"shape","id":"gp_red_lines.fid--7752831e_19fb67eabdc_4ba0","properties":{"area":null,"creation_doc_id":3464,"deactivation_doc_id":null,"id":2552414},"type":"Feature"},{"bbox":[77.1163,52.3107,77.126,52.3184],"geometry":{"coordinates":[[[77.117,52.3184],[77.1169,52.3184],[77.1163,52.3183],[77.1192,52.311],[77.1193,52.311],[77.1193,52.3109],[77.1193,52.3109],[77.1194,52.3109],[77.1194,52.3108],[77.1195,52.3108],[77.1195,52.3108],[77.1196,52.3108],[77.1196,52.3108],[77.1197,52.3107],[77.1198,52.3107],[77.1198,52.3107],[77.1199,52.3107],[77.12,52.3107],[77.12,52.3107],[77.1201,52.3107],[77.1201,52.3107],[77.1202,52.3107],[77.1203,52.3107],[77.1203,52.3107],[77.126,52.3116],[77.1249,52.314],[77.1249,52.314],[77.1248,52.3142],[77.1248,52.3143],[77.1247,52.3144],[77.1246,52.3145],[77.1245,52.3146],[77.1244,52.3147],[77.1243,52.3148],[77.124,52.3149],[77.1238,52.315],[77.1238,52.315],[77.1237,52.3151],[77.1237,52.3151],[77.1235,52.3151],[77.1235,52.3151],[77.1234,52.3152],[77.1233,52.3152],[77.1232,52.3153],[77.1232,52.3153],[77.1231,52.3154],[77.1231,52.3154],[77.123,52.3155],[77.123,52.3155],[77.1229,52.3156],[77.1229,52.3156],[77.1229,52.3156],[77.1228,52.3157],[77.1228,52.3157],[77.1227,52.3158],[77.1227,52.3158],[77.1226,52.3159],[77.122,52.3168],[77.122,52.3168],[77.1219,52.3169],[77.1219,52.317],[77.1218,52.317],[77.1217,52.3171],[77.1217,52.3172],[77.1216,52.3172],[77.1215,52.3173],[77.1214,52.3173],[77.1213,52.3174],[77.1212,52.3174],[77.1211,52.3174],[77.121,52.3175],[77.1178,52.3182],[77.1178,52.3182],[77.1177,52.3183],[77.1175,52.3183],[77.1174,52.3183],[77.1172,52.3184],[77.117,52.3184]]],"type":"MultiLineString"},"geometry_name":"shape","id":"gp_red_lines.fid--7752831e_19fb67eabdc_4ba1","properties":{"area":null,"creation_doc_id":3464,"deactivation_doc_id":null,"id":2552415},"type":"Feature"},{"bbox":[77.0673,52.2959,77.1026,52.3174],"geometry":{"coordinates":[[[77.1023,52.3161],[77.0989,52.3155],[77.0989,52.3155],[77.0989,52.3155],[77.0989,52.3155],[77.0988,52.3155],[77.0988,52.3155],[77.0988,52.3155],[77.0988,52.3155],[77.0987,52.3155],[77.0987,52.3155],[77.0986,52.3155],[77.0986,52.3155],[77.0985,52.3155],[77.0985,52.3155],[77.0985,52.3155],[77.0985,52.3155],[77.0984,52.3155],[77.0984,52.3155],[77.0984,52.3155],[77.0984,52.3155],[77.0984,52.3155],[77.0984,52.3155],[77.0984,52.3155],[77.0983,52.3155],[77.0983,52.3155],[77.0983,52.3155],[77.0983,52.3155],[77.0982,52.3155],[77.0982,52.3155],[77.0982,52.3155],[77.0982,52.3155],[77.0981,52.3155],[77.0981,52.3155],[77.098,52.3155],[77.098,52.3155],[77.0979,52.3155],[77.0979,52.3155],[77.0979,52.3155],[77.0979,52.3155],[77.0978,52.3155],[77.0978,52.3155],[77.0978,52.3155],[77.0978,52.3155],[77.0977,52.3156],[77.0977,52.3156],[77.0977,52.3156],[77.0977,52.3156],[77.0976,52.3156],[77.0976,52.3156],[77.0976,52.3156],[77.0976,52.3156],[77.0975,52.3156],[77.0975,52.3156],[77.0975,52.3156],[77.0975,52.3156],[77.0975,52.3156],[77.0975,52.3156],[77.0975,52.3156],[77.0974,52.3157],[77.0974,52.3157],[77.0974,52.3157],[77.0974,52.3157],[77.0973,52.3157],[77.0973,52.3157],[77.0973,52.3157],[77.0973,52.3157],[77.0972,52.3157],[77.0972,52.3157],[77.0972,52.3157],[77.0972,52.3157],[77.0971,52.3158],[77.0971,52.3158],[77.0971,52.3158],[77.0971,52.3158],[77.097,52.3158],[77.097,52.3158],[77.097,52.3159],[77.097,52.3159],[77.0969,52.3159],[77.0969,52.3159],[77.0969,52.3159],[77.0969,52.3159],[77.0969,52.316],[77.0969,52.316],[77.0969,52.316],[77.0969,52.316],[77.0968,52.316],[77.0968,52.316],[77.0968,52.316],[77.0968,52.316],[77.0967,52.3161],[77.0967,52.3161],[77.0967,52.3161],[77.0967,52.3161],[77.0967,52.3161],[77.0967,52.3161],[77.0967,52.3161],[77.0967,52.3161],[77.0967,52.3161],[77.0967,52.3162],[77.0967,52.3162],[77.0966,52.3162],[77.0966,52.3162],[77.0966,52.3162],[77.0966,52.3162],[77.0966,52.3163],[77.0965,52.3163],[77.0965,52.3164],[77.0965,52.3164],[77.0964,52.3165],[77.0963,52.3165],[77.0963,52.3165],[77.0962,52.3166],[77.0961,52.3166],[77.0961,52.3166],[77.096,52.3167],[77.0959,52.3167],[77.0958,52.3167],[77.0957,52.3167],[77.0957,52.3168],[77.0956,52.3168],[77.0955,52.3168],[77.0954,52.3168],[77.0953,52.3168],[77.0952,52.3168],[77.0951,52.3168],[77.0946,52.3167],[77.0847,52.3151],[77.0847,52.3151],[77.0847,52.3151],[77.0847,52.3151],[77.0846,52.3151],[77.0846,52.3151],[77.0846,52.3151],[77.0846,52.3151],[77.0845,52.3151],[77.0845,52.315],[77.0845,52.315],[77.0845,52.315],[77.0843,52.315],[77.0843,52.315],[77.0843,52.315],[77.0843,52.315],[77.0842,52.315],[77.0842,52.315],[77.0842,52.315],[77.0842,52.315],[77.0842,52.315],[77.0842,52.315],[77.0842,52.315],[77.0841,52.315],[77.0841,52.315],[77.0841,52.315],[77.0841,52.315],[77.084,52.315],[77.084,52.315],[77.084,52.315],[77.084,52.315],[77.0839,52.3151],[77.0839,52.3151],[77.0839,52.3151],[77.0839,52.3151],[77.0837,52.3151],[77.0837,52.3151],[77.0837,52.3151],[77.0837,52.3151],[77.0836,52.3151],[77.0836,52.3151],[77.0836,52.3151],[77.0836,52.3151],[77.0835,52.3151],[77.0835,52.3151],[77.0835,52.3151],[77.0835,52.3151],[77.0834,52.3151],[77.0834,52.3151],[77.0834,52.3152],[77.0834,52.3152],[77.0833,52.3152],[77.0833,52.3152],[77.0833,52.3152],[77.0833,52.3152],[77.0833,52.3152],[77.0833,52.3152],[77.0833,52.3152],[77.0832,52.3152],[77.0832,52.3152],[77.0832,52.3152],[77.0832,52.3152],[77.0831,52.3153],[77.0831,52.3153],[77.0831,52.3153],[77.0831,52.3153],[77.083,52.3153],[77.083,52.3153],[77.083,52.3153],[77.083,52.3153],[77.0829,52.3154],[77.0829,52.3154],[77.0829,52.3154],[77.0829,52.3154],[77.0828,52.3154],[77.0828,52.3154],[77.0828,52.3154],[77.0828,52.3154],[77.0827,52.3155],[77.0827,52.3155],[77.0827,52.3155],[77.0827,52.3155],[77.0827,52.3155],[77.0827,52.3155],[77.0827,52.3155],[77.0827,52.3155],[77.0826,52.3156],[77.0826,52.3156],[77.0826,52.3156],[77.0826,52.3156],[77.0825,52.3156],[77.0825,52.3156],[77.0825,52.3156],[77.0825,52.3156],[77.0825,52.3156],[77.0825,52.3156],[77.0825,52.3156],[77.0825,52.3157],[77.0825,52.3157],[77.0825,52.3157],[77.0825,52.3157],[77.0824,52.3158],[77.0824,52.3158],[77.0824,52.3158],[77.0824,52.3158],[77.0817,52.3174],[77.0808,52.3173],[77.0808,52.3173],[77.0807,52.3173],[77.0807,52.3173],[77.0807,52.3173],[77.0807,52.3173],[77.0807,52.3173],[77.0794,52.3173],[77.0678,52.3154],[77.0677,52.3103],[77.0677,52.3103],[77.0677,52.3103],[77.0673,52.2972],[77.0678,52.2963],[77.0678,52.2963],[77.0678,52.2962],[77.0679,52.2962],[77.0679,52.2961],[77.068,52.2961],[77.068,52.2961],[77.0681,52.296],[77.0682,52.296],[77.0683,52.296],[77.0684,52.296],[77.0685,52.296],[77.0686,52.296],[77.0688,52.296],[77.0688,52.296],[77.0691,52.2959],[77.0694,52.296],[77.0698,52.296],[77.0702,52.296],[77.071,52.296],[77.0719,52.2961],[77.0727,52.2962],[77.0735,52.2963],[77.0743,52.2964],[77.075,52.2965],[77.0758,52.2966],[77.0766,52.2968],[77.0774,52.2969],[77.0781,52.2971],[77.0789,52.2973],[77.0796,52.2975],[77.0804,52.2977],[77.0811,52.2979],[77.0818,52.2982],[77.0825,52.2984],[77.0832,52.2987],[77.0839,52.299],[77.0846,52.2993],[77.0852,52.2996],[77.0855,52.2997],[77.0859,52.2999],[77.0865,52.3002],[77.0871,52.3005],[77.0877,52.3009],[77.0883,52.3012],[77.0888,52.3016],[77.0977,52.3075],[77.098,52.3077],[77.0982,52.3078],[77.0984,52.308],[77.0987,52.3082],[77.0991,52.3085],[77.0994,52.3088],[77.0998,52.3091],[77.1001,52.3094],[77.1004,52.3097],[77.1007,52.31],[77.101,52.3104],[77.1013,52.3107],[77.1015,52.3111],[77.1017,52.3114],[77.1019,52.3118],[77.1021,52.3121],[77.1022,52.3125],[77.1023,52.3129],[77.1024,52.3133],[77.1025,52.3136],[77.1026,52.314],[77.1026,52.3144],[77.1026,52.3148],[77.1026,52.3151],[77.1026,52.3151],[77.1026,52.3151],[77.1026,52.3151],[77.1026,52.3151],[77.1026,52.3151],[77.1026,52.3151],[77.1026,52.3155],[77.1025,52.3158],[77.1023,52.3161]]],"type":"MultiLineString"},"geometry_name":"shape","id":"gp_red_lines.fid--7752831e_19fb67eabdc_4ba2","properties":{"area":null,"creation_doc_id":3464,"deactivation_doc_id":null,"id":2552416},"type":"Feature"},{"bbox":[77.026,52.2922,77.0668,52.3153],"geometry":{"coordinates":[[[77.0667,52.3103],[77.0668,52.3153],[77.064,52.3148],[77.0639,52.3148],[77.0595,52.314],[77.0589,52.3139],[77.0584,52.3137],[77.0576,52.3133],[77.0529,52.3098],[77.0529,52.3098],[77.0496,52.3074],[77.0496,52.3074],[77.0486,52.3068],[77.0486,52.3068],[77.0481,52.3066],[77.0481,52.3066],[77.0481,52.3066],[77.0474,52.3064],[77.0474,52.3064],[77.0466,52.3062],[77.0466,52.3062],[77.0458,52.306],[77.0458,52.306],[77.0447,52.306],[77.0447,52.306],[77.0403,52.3059],[77.0393,52.3059],[77.0385,52.3058],[77.0379,52.3056],[77.037,52.3053],[77.0289,52.3023],[77.0289,52.3023],[77.0289,52.3023],[77.028,52.302],[77.028,52.302],[77.0275,52.3019],[77.0275,52.3019],[77.027,52.3018],[77.0269,52.3018],[77.026,52.3017],[77.0266,52.3003],[77.0267,52.3003],[77.0267,52.3003],[77.0267,52.3003],[77.0267,52.3003],[77.0267,52.3003],[77.0267,52.3003],[77.0267,52.3003],[77.0267,52.3003],[77.0267,52.3002],[77.0267,52.3002],[77.0267,52.3002],[77.0267,52.3002],[77.0267,52.3002],[77.0267,52.3002],[77.0267,52.3002],[77.0267,52.3002],[77.0267,52.3002],[77.0267,52.3002],[77.0267,52.3002],[77.0267,52.3002],[77.0267,52.3001],[77.0267,52.3001],[77.0267,52.3001],[77.0267,52.3001],[77.0267,52.3001],[77.0267,52.3001],[77.0267,52.3001],[77.0267,52.3001],[77.0268,52.3001],[77.0268,52.3001],[77.0268,52.3001],[77.0268,52.3001],[77.0268,52.3001],[77.0268,52.3001],[77.0268,52.3],[77.0268,52.3],[77.0268,52.3],[77.0268,52.3],[77.0268,52.3],[77.0268,52.3],[77.0268,52.3],[77.0268,52.3],[77.0268,52.3],[77.0268,52.3],[77.0268,52.3],[77.0268,52.3],[77.0268,52.3],[77.0268,52.3],[77.0268,52.2999],[77.0268,52.2999],[77.0268,52.2999],[77.0268,52.2999],[77.0268,52.2999],[77.0268,52.2999],[77.0268,52.2999],[77.0268,52.2999],[77.0268,52.2999],[77.0268,52.2999],[77.0268,52.2999],[77.0268,52.2999],[77.0268,52.2998],[77.0268,52.2998],[77.0269,52.2998],[77.0269,52.2998],[77.0269,52.2998],[77.0269,52.2998],[77.0269,52.2998],[77.0269,52.2998],[77.0269,52.2998],[77.0269,52.2998],[77.0269,52.2998],[77.0269,52.2998],[77.0269,52.2998],[77.0269,52.2997],[77.0269,52.2997],[77.0269,52.2997],[77.0269,52.2997],[77.0269,52.2997],[77.0269,52.2997],[77.0269,52.2997],[77.0269,52.2997],[77.0269,52.2997],[77.0269,52.2997],[77.0269,52.2997],[77.0269,52.2997],[77.0269,52.2997],[77.0269,52.2997],[77.0269,52.2997],[77.0269,52.2996],[77.0269,52.2996],[77.0269,52.2996],[77.0269,52.2996],[77.0269,52.2996],[77.0269,52.2996],[77.0269,52.2996],[77.0269,52.2996],[77.0269,52.2996],[77.0269,52.2996],[77.0269,52.2996],[77.0269,52.2996],[77.0269,52.2995],[77.0269,52.2995],[77.0269,52.2995],[77.0269,52.2995],[77.0269,52.2995],[77.0269,52.2995],[77.0269,52.2995],[77.0269,52.2995],[77.0269,52.2995],[77.0269,52.2995],[77.0269,52.2995],[77.0269,52.2995],[77.0269,52.2994],[77.0269,52.2994],[77.0269,52.2994],[77.027,52.2975],[77.0271,52.2922],[77.0292,52.2927],[77.0292,52.2927],[77.0379,52.2943],[77.0419,52.2951],[77.0419,52.2951],[77.0431,52.2953],[77.0431,52.2953],[77.0441,52.2954],[77.0441,52.2954],[77.0642,52.2956],[77.0643,52.2956],[77.0643,52.2956],[77.0644,52.2956],[77.0646,52.2956],[77.0648,52.2956],[77.065,52.2956],[77.0652,52.2956],[77.0653,52.2957],[77.0655,52.2957],[77.0656,52.2957],[77.0657,52.2958],[77.0659,52.2959],[77.066,52.2959],[77.0661,52.296],[77.0661,52.2961],[77.0662,52.2962],[77.0662,52.2963],[77.0663,52.2964],[77.0663,52.2965],[77.0663,52.2969],[77.0667,52.3103]]],"type":"MultiLineString"},"geometry_name":"shape","id":"gp_red_lines.fid--7752831e_19fb67eabdc_4ba3","properties":{"area":null,"creation_doc_id":3464,"deactivation_doc_id":null,"id":2552417},"type":"Feature"},{"bbox":[77.004,52.2947,77.0175,52.3003],"geometry":{"coordinates":[[[77.004,52.2987],[77.0046,52.2947],[77.0076,52.2949],[77.0175,52.2963],[77.0161,52.3003],[77.004,52.2987]]],"type":"MultiLineString"},"geometry_name":"shape","id":"gp_red_lines.fid--7752831e_19fb67eabdc_4ba4","properties":{"area":null,"creation_doc_id":3464,"deactivation_doc_id":null,"id":2552418},"type":"Feature"},{"bbox":[77.0166,52.2963,77.0258,52.3015],"geometry":{"coordinates":[[[77.0166,52.3004],[77.0181,52.2963],[77.0258,52.2975],[77.0257,52.2994],[77.0257,52.2995],[77.0257,52.2995],[77.0257,52.2995],[77.0257,52.2995],[77.0257,52.2995],[77.0257,52.2996],[77.0257,52.2996],[77.0257,52.2996],[77.0257,52.2996],[77.0257,52.2996],[77.0257,52.2997],[77.0257,52.2997],[77.0257,52.2997],[77.0257,52.2997],[77.0257,52.2998],[77.0256,52.2998],[77.0256,52.2998],[77.0256,52.2998],[77.0256,52.2998],[77.0256,52.2999],[77.0256,52.2999],[77.0256,52.2999],[77.0256,52.2999],[77.0256,52.2999],[77.0256,52.3],[77.0256,52.3],[77.0255,52.3],[77.0255,52.3],[77.0255,52.3],[77.0255,52.3],[77.0255,52.3001],[77.0255,52.3001],[77.0248,52.3015],[77.0166,52.3004]]],"type":"MultiLineString"},"geometry_name":"shape","id":"gp_red_lines.fid--7752831e_19fb67eabdc_4ba5","properties":{"area":null,"creation_doc_id":3464,"deactivation_doc_id":null,"id":2552419},"type":"Feature"},{"bbox":[77.0182,52.2912,77.0259,52.2971],"geometry":{"coordinates":[[[77.0231,52.2967],[77.0188,52.2961],[77.0188,52.2961],[77.0182,52.296],[77.02,52.2912],[77.0209,52.2914],[77.0209,52.2914],[77.0224,52.2915],[77.0238,52.2917],[77.0246,52.2918],[77.0259,52.292],[77.0259,52.292],[77.0259,52.292],[77.0259,52.292],[77.0259,52.292],[77.0259,52.292],[77.0259,52.292],[77.0259,52.292],[77.0259,52.292],[77.0259,52.292],[77.0259,52.2921],[77.0259,52.2921],[77.0259,52.2921],[77.0259,52.2921],[77.0259,52.2921],[77.0259,52.2921],[77.0259,52.2921],[77.0259,52.2921],[77.0259,52.2921],[77.0259,52.2921],[77.0259,52.2921],[77.0259,52.2928],[77.0259,52.2929],[77.0259,52.2929],[77.0259,52.2929],[77.0259,52.2937],[77.0258,52.2971],[77.0246,52.297],[77.0231,52.2967],[77.0231,52.2967]]],"type":"MultiLineString"},"geometry_name":"shape","id":"gp_red_lines.fid--7752831e_19fb67eabdc_4ba6","properties":{"area":null,"creation_doc_id":3464,"deactivation_doc_id":null,"id":2552420},"type":"Feature"},{"bbox":[77.0046,52.2893,77.0194,52.2959],"geometry":{"coordinates":[[[77.0165,52.2958],[77.0077,52.2946],[77.0077,52.2946],[77.0046,52.2943],[77.0052,52.2893],[77.0052,52.2893],[77.0052,52.2893],[77.0052,52.2893],[77.0052,52.2893],[77.007,52.2895],[77.0111,52.2901],[77.0111,52.2901],[77.0194,52.2912],[77.0177,52.2959],[77.0165,52.2958]]],"type":"MultiLineString"},"geometry_name":"shape","id":"gp_red_lines.fid--7752831e_19fb67eabdc_4ba7","properties":{"area":null,"creation_doc_id":3464,"deactivation_doc_id":null,"id":2552421},"type":"Feature"},{"bbox":[77.0113,52.2872,77.0131,52.2897],"geometry":{"coordinates":[[[77.0131,52.2872],[77.0123,52.2897],[77.0113,52.2895]]],"type":"MultiLineString"},"geometry_name":"shape","id":"gp_red_lines.fid--7752831e_19fb67eabdc_4ba8","properties":{"area":null,"creation_doc_id":3464,"deactivation_doc_id":null,"id":2552422},"type":"Feature"},{"bbox":[77.0096,52.2868,77.0132,52.287],"geometry":{"coordinates":[[[77.0132,52.287],[77.0096,52.2868]]],"type":"MultiLineString"},"geometry_name":"shape","id":"gp_red_lines.fid--7752831e_19fb67eabdc_4ba9","properties":{"area":null,"creation_doc_id":3464,"deactivation_doc_id":null,"id":2552423},"type":"Feature"},{"bbox":[77.0097,52.2857,77.0135,52.287],"geometry":{"coordinates":[[[77.0097,52.2857],[77.0135,52.2859],[77.0132,52.287]]],"type":"MultiLineString"},"geometry_name":"shape","id":"gp_red_lines.fid--7752831e_19fb67eabdc_4baa","properties":{"area":null,"creation_doc_id":3464,"deactivation_doc_id":null,"id":2552424},"type":"Feature"},{"bbox":[77.0097,52.2855,77.0136,52.2857],"geometry":{"coordinates":[[[77.0136,52.2857],[77.0097,52.2855]]],"type":"MultiLineString"},"geometry_name":"shape","id":"gp_red_lines.fid--7752831e_19fb67eabdc_4bab","properties":{"area":null,"creation_doc_id":3464,"deactivation_doc_id":null,"id":2552425},"type":"Feature"},{"bbox":[77.0096,52.2857,77.0097,52.2868],"geometry":{"coordinates":[[[77.0096,52.2868],[77.0097,52.2857]]],"type":"MultiLineString"},"geometry_name":"shape","id":"gp_red_lines.fid--7752831e_19fb67eabdc_4bac","properties":{"area":null,"creation_doc_id":3464,"deactivation_doc_id":null,"id":2552426},"type":"Feature"},{"bbox":[77.0093,52.2857,77.0094,52.2868],"geometry":{"coordinates":[[[77.0094,52.2857],[77.0093,52.2868]]],"type":"MultiLineString"},"geometry_name":"shape","id":"gp_red_lines.fid--7752831e_19fb67eabdc_4bad","properties":{"area":null,"creation_doc_id":3464,"deactivation_doc_id":null,"id":2552427},"type":"Feature"},{"bbox":[77.0051,52.2868,77.0131,52.2872],"geometry":{"coordinates":[[[77.0051,52.2868],[77.0131,52.2872]]],"type":"MultiLineString"},"geometry_name":"shape","id":"gp_red_lines.fid--7752831e_19fb67eabdc_4bae","properties":{"area":null,"creation_doc_id":3464,"deactivation_doc_id":null,"id":2552428},"type":"Feature"},{"bbox":[76.9998,52.288,77.0113,52.2895],"geometry":{"coordinates":[[[77.0113,52.2895],[77.0072,52.289],[77.0072,52.289],[77.0053,52.2887],[77.0047,52.2887],[77.0047,52.2886],[77.0047,52.2886],[77.0039,52.2885],[77.0027,52.2884],[77.0027,52.2884],[77.001,52.2881],[77.001,52.2881],[76.9998,52.288]]],"type":"MultiLineString"},"geometry_name":"shape","id":"gp_red_lines.fid--7752831e_19fb67eabdc_4baf","properties":{"area":null,"creation_doc_id":3464,"deactivation_doc_id":null,"id":2552429},"type":"Feature"},{"bbox":[77,52.2865,77.005,52.2866],"geometry":{"coordinates":[[[77.005,52.2866],[77.0,52.2865]]],"type":"MultiLineString"},"geometry_name":"shape","id":"gp_red_lines.fid--7752831e_19fb67eabdc_4bb0","properties":{"area":null,"creation_doc_id":3464,"deactivation_doc_id":null,"id":2552430},"type":"Feature"},{"bbox":[77,52.2866,77.0051,52.2868],"geometry":{"coordinates":[[[77.0,52.2866],[77.0051,52.2868]]],"type":"MultiLineString"},"geometry_name":"shape","id":"gp_red_lines.fid--7752831e_19fb67eabdc_4bb1","properties":{"area":null,"creation_doc_id":3464,"deactivation_doc_id":null,"id":2552431},"type":"Feature"},{"bbox":[77,52.2853,77.0001,52.2865],"geometry":{"coordinates":[[[77.0,52.2865],[77.0001,52.2853]]],"type":"MultiLineString"},"geometry_name":"shape","id":"gp_red_lines.fid--7752831e_19fb67eabdc_4bb2","properties":{"area":null,"creation_doc_id":3464,"deactivation_doc_id":null,"id":2552432},"type":"Feature"},{"bbox":[77.0001,52.2851,77.0051,52.2853],"geometry":{"coordinates":[[[77.0051,52.2853],[77.0001,52.2851]]],"type":"MultiLineString"},"geometry_name":"shape","id":"gp_red_lines.fid--7752831e_19fb67eabdc_4bb3","properties":{"area":null,"creation_doc_id":3464,"deactivation_doc_id":null,"id":2552433},"type":"Feature"},{"bbox":[77.0001,52.2853,77.0051,52.2855],"geometry":{"coordinates":[[[77.0001,52.2853],[77.0051,52.2855]]],"type":"MultiLineString"},"geometry_name":"shape","id":"gp_red_lines.fid--7752831e_19fb67eabdc_4bb4","properties":{"area":null,"creation_doc_id":3464,"deactivation_doc_id":null,"id":2552434},"type":"Feature"},{"bbox":[77.0053,52.2855,77.0053,52.2867],"geometry":{"coordinates":[[[77.0053,52.2867],[77.0053,52.2855]]],"type":"MultiLineString"},"geometry_name":"shape","id":"gp_red_lines.fid--7752831e_19fb67eabdc_4bb5","properties":{"area":null,"creation_doc_id":3464,"deactivation_doc_id":null,"id":2552435},"type":"Feature"},{"bbox":[77.005,52.2855,77.0051,52.2866],"geometry":{"coordinates":[[[77.0051,52.2855],[77.005,52.2866]]],"type":"MultiLineString"},"geometry_name":"shape","id":"gp_red_lines.fid--7752831e_19fb67eabdc_4bb6","properties":{"area":null,"creation_doc_id":3464,"deactivation_doc_id":null,"id":2552436},"type":"Feature"},{"bbox":[77.0053,52.2867,77.0093,52.2868],"geometry":{"coordinates":[[[77.0093,52.2868],[77.0053,52.2867]]],"type":"MultiLineString"},"geometry_name":"shape","id":"gp_red_lines.fid--7752831e_19fb67eabdc_4bb8","properties":{"area":null,"creation_doc_id":3464,"deactivation_doc_id":null,"id":2552438},"type":"Feature"},{"bbox":[77.0054,52.2853,77.0094,52.2855],"geometry":{"coordinates":[[[77.0094,52.2855],[77.006,52.2854],[77.0054,52.2853]]],"type":"MultiLineString"},"geometry_name":"shape","id":"gp_red_lines.fid--7752831e_19fb67eabdc_4bb9","properties":{"area":null,"creation_doc_id":3464,"deactivation_doc_id":null,"id":2552439},"type":"Feature"},{"bbox":[77.0053,52.2855,77.0094,52.2857],"geometry":{"coordinates":[[[77.0053,52.2855],[77.0059,52.2856],[77.0094,52.2857]]],"type":"MultiLineString"},"geometry_name":"shape","id":"gp_red_lines.fid--7752831e_19fb67eabdc_4bba","properties":{"area":null,"creation_doc_id":3464,"deactivation_doc_id":null,"id":2552440},"type":"Feature"},{"bbox":[77.0055,52.2838,77.0095,52.2855],"geometry":{"coordinates":[[[77.0055,52.2838],[77.0095,52.284],[77.0094,52.2855]]],"type":"MultiLineString"},"geometry_name":"shape","id":"gp_red_lines.fid--7752831e_19fb67eabdc_4bbb","properties":{"area":null,"creation_doc_id":3464,"deactivation_doc_id":null,"id":2552441},"type":"Feature"},{"bbox":[77.0054,52.2838,77.0055,52.2853],"geometry":{"coordinates":[[[77.0054,52.2853],[77.0055,52.2838]]],"type":"MultiLineString"},"geometry_name":"shape","id":"gp_red_lines.fid--7752831e_19fb67eabdc_4bbc","properties":{"area":null,"creation_doc_id":3464,"deactivation_doc_id":null,"id":2552442},"type":"Feature"},{"bbox":[77.0051,52.2838,77.0052,52.2853],"geometry":{"coordinates":[[[77.0052,52.2838],[77.0051,52.2853]]],"type":"MultiLineString"},"geometry_name":"shape","id":"gp_red_lines.fid--7752831e_19fb67eabdc_4bbd","properties":{"area":null,"creation_doc_id":3464,"deactivation_doc_id":null,"id":2552443},"type":"Feature"},{"bbox":[77.0001,52.2836,77.0003,52.2851],"geometry":{"coordinates":[[[77.0001,52.2851],[77.0003,52.2836]]],"type":"MultiLineString"},"geometry_name":"shape","id":"gp_red_lines.fid--7752831e_19fb67eabdc_4bbe","properties":{"area":null,"creation_doc_id":3464,"deactivation_doc_id":null,"id":2552444},"type":"Feature"},{"bbox":[77.0003,52.2835,77.0003,52.2836],"geometry":{"coordinates":[[[77.0003,52.2836],[77.0003,52.2835]]],"type":"MultiLineString"},"geometry_name":"shape","id":"gp_red_lines.fid--7752831e_19fb67eabdc_4bbf","properties":{"area":null,"creation_doc_id":3464,"deactivation_doc_id":null,"id":2552445},"type":"Feature"},{"bbox":[77,52.2835,77,52.2836],"geometry":{"coordinates":[[[77.0,52.2835],[77.0,52.2836]]],"type":"MultiLineString"},"geometry_name":"shape","id":"gp_red_lines.fid--7752831e_19fb67eabdc_4bc0","properties":{"area":null,"creation_doc_id":3464,"deactivation_doc_id":null,"id":2552446},"type":"Feature"},{"bbox":[77.0003,52.2835,77.0052,52.2836],"geometry":{"coordinates":[[[77.0052,52.2836],[77.0003,52.2835]]],"type":"MultiLineString"},"geometry_name":"shape","id":"gp_red_lines.fid--7752831e_19fb67eabdc_4bc1","properties":{"area":null,"creation_doc_id":3464,"deactivation_doc_id":null,"id":2552447},"type":"Feature"},{"bbox":[77.0003,52.2836,77.0052,52.2838],"geometry":{"coordinates":[[[77.0003,52.2836],[77.0052,52.2838]]],"type":"MultiLineString"},"geometry_name":"shape","id":"gp_red_lines.fid--7752831e_19fb67eabdc_4bc2","properties":{"area":null,"creation_doc_id":3464,"deactivation_doc_id":null,"id":2552448},"type":"Feature"},{"bbox":[77.0003,52.2819,77.0005,52.2835],"geometry":{"coordinates":[[[77.0003,52.2835],[77.0005,52.2819]]],"type":"MultiLineString"},"geometry_name":"shape","id":"gp_red_lines.fid--7752831e_19fb67eabdc_4bc3","properties":{"area":null,"creation_doc_id":3464,"deactivation_doc_id":null,"id":2552449},"type":"Feature"},{"bbox":[77,52.2819,77.0002,52.2835],"geometry":{"coordinates":[[[77.0002,52.2819],[77.0,52.2835]]],"type":"MultiLineString"},"geometry_name":"shape","id":"gp_red_lines.fid--7752831e_19fb67eabdc_4bc4","properties":{"area":null,"creation_doc_id":3464,"deactivation_doc_id":null,"id":2552450},"type":"Feature"},{"bbox":[77.0005,52.2816,77.0052,52.2817],"geometry":{"coordinates":[[[77.0052,52.2817],[77.0005,52.2816]]],"type":"MultiLineString"},"geometry_name":"shape","id":"gp_red_lines.fid--7752831e_19fb67eabdc_4bc5","properties":{"area":null,"creation_doc_id":3464,"deactivation_doc_id":null,"id":2552451},"type":"Feature"},{"bbox":[77.0005,52.2819,77.0053,52.2821],"geometry":{"coordinates":[[[77.0005,52.2819],[77.0053,52.2821]]],"type":"MultiLineString"},"geometry_name":"shape","id":"gp_red_lines.fid--7752831e_19fb67eabdc_4bc6","properties":{"area":null,"creation_doc_id":3464,"deactivation_doc_id":null,"id":2552452},"type":"Feature"},{"bbox":[77.0052,52.2821,77.0053,52.2836],"geometry":{"coordinates":[[[77.0053,52.2821],[77.0052,52.2836]]],"type":"MultiLineString"},"geometry_name":"shape","id":"gp_red_lines.fid--7752831e_19fb67eabdc_4bc7","properties":{"area":null,"creation_doc_id":3464,"deactivation_doc_id":null,"id":2552453},"type":"Feature"},{"bbox":[77.0055,52.2821,77.0056,52.2837],"geometry":{"coordinates":[[[77.0055,52.2837],[77.0056,52.2821]]],"type":"MultiLineString"},"geometry_name":"shape","id":"gp_red_lines.fid--7752831e_19fb67eabdc_4bc8","properties":{"area":null,"creation_doc_id":3464,"deactivation_doc_id":null,"id":2552454},"type":"Feature"},{"bbox":[77.0055,52.2823,77.0097,52.2838],"geometry":{"coordinates":[[[77.0097,52.2823],[77.0096,52.2838],[77.0055,52.2837]]],"type":"MultiLineString"},"geometry_name":"shape","id":"gp_red_lines.fid--7752831e_19fb67eabdc_4bc9","properties":{"area":null,"creation_doc_id":3464,"deactivation_doc_id":null,"id":2552455},"type":"Feature"},{"bbox":[77.0056,52.2821,77.0097,52.2823],"geometry":{"coordinates":[[[77.0056,52.2821],[77.0057,52.2821],[77.0063,52.2821],[77.0097,52.2823]]],"type":"MultiLineString"},"geometry_name":"shape","id":"gp_red_lines.fid--7752831e_19fb67eabdc_4bca","properties":{"area":null,"creation_doc_id":3464,"deactivation_doc_id":null,"id":2552456},"type":"Feature"},{"bbox":[77.0058,52.2817,77.0097,52.2819],"geometry":{"coordinates":[[[77.0097,52.2819],[77.0058,52.2817]]],"type":"MultiLineString"},"geometry_name":"shape","id":"gp_red_lines.fid--7752831e_19fb67eabdc_4bcb","properties":{"area":null,"creation_doc_id":3464,"deactivation_doc_id":null,"id":2552457},"type":"Feature"},{"bbox":[77.0097,52.2819,77.01,52.2819],"geometry":{"coordinates":[[[77.0097,52.2819],[77.0099,52.2819],[77.0099,52.2819],[77.01,52.2819]]],"type":"MultiLineString"},"geometry_name":"shape","id":"gp_red_lines.fid--7752831e_19fb67eabdc_4bcc","properties":{"area":null,"creation_doc_id":3464,"deactivation_doc_id":null,"id":2552458},"type":"Feature"},{"bbox":[77.0097,52.2823,77.01,52.2823],"geometry":{"coordinates":[[[77.01,52.2823],[77.0099,52.2823],[77.0099,52.2823],[77.0097,52.2823]]],"type":"MultiLineString"},"geometry_name":"shape","id":"gp_red_lines.fid--7752831e_19fb67eabdc_4bcd","properties":{"area":null,"creation_doc_id":3464,"deactivation_doc_id":null,"id":2552459},"type":"Feature"},{"bbox":[77.0097,52.284,77.0141,52.2855],"geometry":{"coordinates":[[[77.0097,52.2855],[77.0098,52.284],[77.0141,52.2841]]],"type":"MultiLineString"},"geometry_name":"shape","id":"gp_red_lines.fid--7752831e_19fb67eabdc_4bce","properties":{"area":null,"creation_doc_id":3464,"deactivation_doc_id":null,"id":2552460},"type":"Feature"},{"bbox":[77.0136,52.2841,77.0141,52.2857],"geometry":{"coordinates":[[[77.0141,52.2841],[77.0136,52.2857]]],"type":"MultiLineString"},"geometry_name":"shape","id":"gp_red_lines.fid--7752831e_19fb67eabdc_4bcf","properties":{"area":null,"creation_doc_id":3464,"deactivation_doc_id":null,"id":2552461},"type":"Feature"},{"bbox":[77.01,52.2823,77.0146,52.284],"geometry":{"coordinates":[[[77.01,52.2823],[77.0146,52.2824],[77.0141,52.284]]],"type":"MultiLineString"},"geometry_name":"shape","id":"gp_red_lines.fid--7752831e_19fb67eabdc_4bd0","properties":{"area":null,"creation_doc_id":3464,"deactivation_doc_id":null,"id":2552462},"type":"Feature"},{"bbox":[77.0099,52.2823,77.0141,52.284],"geometry":{"coordinates":[[[77.0141,52.284],[77.0099,52.2838],[77.01,52.2823]]],"type":"MultiLineString"},"geometry_name":"shape","id":"gp_red_lines.fid--7752831e_19fb67eabdc_4bd1","properties":{"area":null,"creation_doc_id":3464,"deactivation_doc_id":null,"id":2552463},"type":"Feature"},{"bbox":[77.0129,52.2728,77.0262,52.2915],"geometry":{"coordinates":[[[77.0262,52.2915],[77.0248,52.2912],[77.0248,52.2912],[77.0239,52.2911],[77.0239,52.2911],[77.0226,52.291],[77.0226,52.291],[77.0211,52.2908],[77.0175,52.2904],[77.0129,52.2898],[77.0153,52.2823],[77.0153,52.2823],[77.0153,52.2823],[77.0153,52.2823],[77.0153,52.2823],[77.016,52.2728]]],"type":"MultiLineString"},"geometry_name":"shape","id":"gp_red_lines.fid--7752831e_19fb67eabdc_4bd2","properties":{"area":null,"creation_doc_id":3464,"deactivation_doc_id":null,"id":2552464},"type":"Feature"},{"bbox":[77.0262,52.2737,77.0388,52.2915],"geometry":{"coordinates":[[[77.0388,52.2737],[77.0387,52.2776],[77.0385,52.2779],[77.0383,52.2783],[77.038,52.2787],[77.0377,52.2791],[77.0374,52.2794],[77.0374,52.2794],[77.0374,52.2794],[77.0374,52.2794],[77.0374,52.2794],[77.0374,52.2794],[77.0367,52.2802],[77.0367,52.2802],[77.0367,52.2802],[77.0306,52.2867],[77.0306,52.2867],[77.0306,52.2867],[77.0262,52.2915]]],"type":"MultiLineString"},"geometry_name":"shape","id":"gp_red_lines.fid--7752831e_19fb67eabdc_4bd3","properties":{"area":null,"creation_doc_id":3464,"deactivation_doc_id":null,"id":2552465},"type":"Feature"},{"bbox":[77.0273,52.2522,77.0675,52.295],"geometry":{"coordinates":[[[77.0351,52.2932],[77.0295,52.2921],[77.0273,52.2917],[77.0317,52.287],[77.0377,52.2805],[77.0384,52.2798],[77.0384,52.2798],[77.0388,52.2794],[77.0388,52.2794],[77.0388,52.2794],[77.0388,52.2794],[77.0388,52.2794],[77.0388,52.2794],[77.0391,52.279],[77.0391,52.279],[77.0391,52.279],[77.0391,52.279],[77.0392,52.2789],[77.0393,52.2788],[77.0393,52.2788],[77.0395,52.2785],[77.0395,52.2785],[77.0396,52.2782],[77.0396,52.2782],[77.0396,52.2782],[77.0397,52.2781],[77.0397,52.2781],[77.0397,52.2781],[77.0397,52.2781],[77.0398,52.2777],[77.0398,52.2777],[77.0399,52.2776],[77.0399,52.2776],[77.0399,52.2776],[77.0401,52.2674],[77.0401,52.2674],[77.0401,52.2674],[77.0401,52.2674],[77.0402,52.2638],[77.0402,52.2604],[77.0403,52.256],[77.0403,52.2544],[77.0405,52.2523],[77.0405,52.2523],[77.0409,52.2522],[77.0489,52.2523],[77.0516,52.2524],[77.0516,52.2524],[77.0521,52.2524],[77.0521,52.2524],[77.0663,52.2522],[77.0668,52.2524],[77.0674,52.2528],[77.0675,52.2529],[77.0675,52.2598],[77.0675,52.2732],[77.067,52.2817],[77.0665,52.2838],[77.0665,52.2838],[77.0658,52.2869],[77.0658,52.2869],[77.0657,52.2879],[77.0657,52.2879],[77.0656,52.2885],[77.0656,52.2885],[77.0656,52.2885],[77.0657,52.2906],[77.0657,52.2906],[77.0658,52.2948],[77.0658,52.2948],[77.0657,52.2948],[77.0655,52.2949],[77.0654,52.2949],[77.0653,52.295],[77.0651,52.295],[77.0649,52.295],[77.0647,52.295],[77.0645,52.295],[77.0644,52.295],[77.0644,52.295],[77.0644,52.295],[77.0644,52.295],[77.0643,52.295],[77.0464,52.2949],[77.0445,52.2949],[77.0438,52.2948],[77.0433,52.2948],[77.0425,52.2946],[77.0422,52.2946],[77.0419,52.2945],[77.0419,52.2945],[77.0404,52.2942],[77.0381,52.2937],[77.0381,52.2937],[77.0351,52.2932],[77.0351,52.2932]]],"type":"MultiLineString"},"geometry_name":"shape","id":"gp_red_lines.fid--7752831e_19fb67eabdc_4bd4","properties":{"area":null,"creation_doc_id":3464,"deactivation_doc_id":null,"id":2552466},"type":"Feature"},{"bbox":[77.01,52.2802,77.0148,52.2821],"geometry":{"coordinates":[[[77.0148,52.2802],[77.0148,52.2803],[77.0148,52.2805],[77.0147,52.2821],[77.01,52.2819]]],"type":"MultiLineString"},"geometry_name":"shape","id":"gp_red_lines.fid--7752831e_19fb67eabdc_4bd5","properties":{"area":null,"creation_doc_id":3464,"deactivation_doc_id":null,"id":2552467},"type":"Feature"},{"bbox":[77.01,52.28,77.0148,52.2819],"geometry":{"coordinates":[[[77.01,52.2819],[77.0102,52.28],[77.0148,52.2802]]],"type":"MultiLineString"},"geometry_name":"shape","id":"gp_red_lines.fid--7752831e_19fb67eabdc_4bd6","properties":{"area":null,"creation_doc_id":3464,"deactivation_doc_id":null,"id":2552468},"type":"Feature"},{"bbox":[77.0102,52.2787,77.0149,52.28],"geometry":{"coordinates":[[[77.0148,52.28],[77.0102,52.2799],[77.0103,52.2787],[77.0149,52.2789]]],"type":"MultiLineString"},"geometry_name":"shape","id":"gp_red_lines.fid--7752831e_19fb67eabdc_4bd7","properties":{"area":null,"creation_doc_id":3464,"deactivation_doc_id":null,"id":2552469},"type":"Feature"},{"bbox":[77.0148,52.28,77.0148,52.2802],"geometry":{"coordinates":[[[77.0148,52.2802],[77.0148,52.2801],[77.0148,52.2801],[77.0148,52.28]]],"type":"MultiLineString"},"geometry_name":"shape","id":"gp_red_lines.fid--7752831e_19fb67eabdc_4bd8","properties":{"area":null,"creation_doc_id":3464,"deactivation_doc_id":null,"id":2552470},"type":"Feature"},{"bbox":[77.0148,52.2789,77.0149,52.28],"geometry":{"coordinates":[[[77.0149,52.2789],[77.0148,52.28]]],"type":"MultiLineString"},"geometry_name":"shape","id":"gp_red_lines.fid--7752831e_19fb67eabdc_4bd9","properties":{"area":null,"creation_doc_id":3464,"deactivation_doc_id":null,"id":2552471},"type":"Feature"},{"bbox":[77.0149,52.2765,77.0151,52.2787],"geometry":{"coordinates":[[[77.0151,52.2765],[77.0149,52.2787]]],"type":"MultiLineString"},"geometry_name":"shape","id":"gp_red_lines.fid--7752831e_19fb67eabdc_4bda","properties":{"area":null,"creation_doc_id":3464,"deactivation_doc_id":null,"id":2552472},"type":"Feature"},{"bbox":[77.0061,52.2778,77.0149,52.2787],"geometry":{"coordinates":[[[77.0149,52.2787],[77.0103,52.2785],[77.0104,52.2778],[77.0101,52.2778],[77.0101,52.2785],[77.0061,52.2784]]],"type":"MultiLineString"},"geometry_name":"shape","id":"gp_red_lines.fid--7752831e_19fb67eabdc_4bdb","properties":{"area":null,"creation_doc_id":3464,"deactivation_doc_id":null,"id":2552473},"type":"Feature"},{"bbox":[77.0059,52.2785,77.01,52.2798],"geometry":{"coordinates":[[[77.006,52.2785],[77.01,52.2787],[77.0099,52.2798],[77.0059,52.2797]]],"type":"MultiLineString"},"geometry_name":"shape","id":"gp_red_lines.fid--7752831e_19fb67eabdc_4bdc","properties":{"area":null,"creation_doc_id":3464,"deactivation_doc_id":null,"id":2552474},"type":"Feature"},{"bbox":[77.0059,52.2799,77.0099,52.2819],"geometry":{"coordinates":[[[77.0059,52.2799],[77.0099,52.28],[77.0097,52.2819]]],"type":"MultiLineString"},"geometry_name":"shape","id":"gp_red_lines.fid--7752831e_19fb67eabdc_4bdd","properties":{"area":null,"creation_doc_id":3464,"deactivation_doc_id":null,"id":2552475},"type":"Feature"},{"bbox":[77.0058,52.2799,77.0059,52.2817],"geometry":{"coordinates":[[[77.0058,52.2817],[77.0059,52.2799]]],"type":"MultiLineString"},"geometry_name":"shape","id":"gp_red_lines.fid--7752831e_19fb67eabdc_4bde","properties":{"area":null,"creation_doc_id":3464,"deactivation_doc_id":null,"id":2552476},"type":"Feature"},{"bbox":[77.0059,52.2797,77.0059,52.2799],"geometry":{"coordinates":[[[77.0059,52.2799],[77.0059,52.2797]]],"type":"MultiLineString"},"geometry_name":"shape","id":"gp_red_lines.fid--7752831e_19fb67eabdc_4bdf","properties":{"area":null,"creation_doc_id":3464,"deactivation_doc_id":null,"id":2552477},"type":"Feature"},{"bbox":[77.0053,52.2797,77.0054,52.2799],"geometry":{"coordinates":[[[77.0054,52.2797],[77.0053,52.2799]]],"type":"MultiLineString"},"geometry_name":"shape","id":"gp_red_lines.fid--7752831e_19fb67eabdc_4be0","properties":{"area":null,"creation_doc_id":3464,"deactivation_doc_id":null,"id":2552478},"type":"Feature"},{"bbox":[77.0052,52.2799,77.0053,52.2817],"geometry":{"coordinates":[[[77.0053,52.2799],[77.0052,52.2817]]],"type":"MultiLineString"},"geometry_name":"shape","id":"gp_red_lines.fid--7752831e_19fb67eabdc_4be1","properties":{"area":null,"creation_doc_id":3464,"deactivation_doc_id":null,"id":2552479},"type":"Feature"},{"bbox":[77.0005,52.2797,77.0007,52.2816],"geometry":{"coordinates":[[[77.0005,52.2816],[77.0007,52.2797]]],"type":"MultiLineString"},"geometry_name":"shape","id":"gp_red_lines.fid--7752831e_19fb67eabdc_4be2","properties":{"area":null,"creation_doc_id":3464,"deactivation_doc_id":null,"id":2552480},"type":"Feature"},{"bbox":[77.0002,52.2797,77.0004,52.2815],"geometry":{"coordinates":[[[77.0004,52.2797],[77.0002,52.2815]]],"type":"MultiLineString"},"geometry_name":"shape","id":"gp_red_lines.fid--7752831e_19fb67eabdc_4be3","properties":{"area":null,"creation_doc_id":3464,"deactivation_doc_id":null,"id":2552481},"type":"Feature"},{"bbox":[77.0007,52.2795,77.0007,52.2797],"geometry":{"coordinates":[[[77.0007,52.2797],[77.0007,52.2795]]],"type":"MultiLineString"},"geometry_name":"shape","id":"gp_red_lines.fid--7752831e_19fb67eabdc_4be4","properties":{"area":null,"creation_doc_id":3464,"deactivation_doc_id":null,"id":2552482},"type":"Feature"},{"bbox":[77.0004,52.2795,77.0004,52.2797],"geometry":{"coordinates":[[[77.0004,52.2795],[77.0004,52.2797]]],"type":"MultiLineString"},"geometry_name":"shape","id":"gp_red_lines.fid--7752831e_19fb67eabdc_4be5","properties":{"area":null,"creation_doc_id":3464,"deactivation_doc_id":null,"id":2552483},"type":"Feature"},{"bbox":[77.0007,52.2797,77.0053,52.2799],"geometry":{"coordinates":[[[77.0007,52.2797],[77.0053,52.2799]]],"type":"MultiLineString"},"geometry_name":"shape","id":"gp_red_lines.fid--7752831e_19fb67eabdc_4be6","properties":{"area":null,"creation_doc_id":3464,"deactivation_doc_id":null,"id":2552484},"type":"Feature"},{"bbox":[77.0007,52.2795,77.0054,52.2797],"geometry":{"coordinates":[[[77.0054,52.2797],[77.0007,52.2795]]],"type":"MultiLineString"},"geometry_name":"shape","id":"gp_red_lines.fid--7752831e_19fb67eabdc_4be7","properties":{"area":null,"creation_doc_id":3464,"deactivation_doc_id":null,"id":2552485},"type":"Feature"},{"bbox":[77.0008,52.2784,77.0055,52.2785],"geometry":{"coordinates":[[[77.0008,52.2784],[77.0055,52.2785]]],"type":"MultiLineString"},"geometry_name":"shape","id":"gp_red_lines.fid--7752831e_19fb67eabdc_4be8","properties":{"area":null,"creation_doc_id":3464,"deactivation_doc_id":null,"id":2552486},"type":"Feature"},{"bbox":[77.0004,52.2783,77.0005,52.2795],"geometry":{"coordinates":[[[77.0005,52.2783],[77.0004,52.2795]]],"type":"MultiLineString"},"geometry_name":"shape","id":"gp_red_lines.fid--7752831e_19fb67eabdc_4be9","properties":{"area":null,"creation_doc_id":3464,"deactivation_doc_id":null,"id":2552487},"type":"Feature"},{"bbox":[77.0007,52.2784,77.0008,52.2795],"geometry":{"coordinates":[[[77.0007,52.2795],[77.0008,52.2784]]],"type":"MultiLineString"},"geometry_name":"shape","id":"gp_red_lines.fid--7752831e_19fb67eabdc_4bea","properties":{"area":null,"creation_doc_id":3464,"deactivation_doc_id":null,"id":2552488},"type":"Feature"},{"bbox":[77.0008,52.2782,77.0009,52.2784],"geometry":{"coordinates":[[[77.0008,52.2784],[77.0009,52.2782]]],"type":"MultiLineString"},"geometry_name":"shape","id":"gp_red_lines.fid--7752831e_19fb67eabdc_4beb","properties":{"area":null,"creation_doc_id":3464,"deactivation_doc_id":null,"id":2552489},"type":"Feature"},{"bbox":[77.0005,52.2782,77.0006,52.2783],"geometry":{"coordinates":[[[77.0006,52.2782],[77.0005,52.2783]]],"type":"MultiLineString"},"geometry_name":"shape","id":"gp_red_lines.fid--7752831e_19fb67eabdc_4bec","properties":{"area":null,"creation_doc_id":3464,"deactivation_doc_id":null,"id":2552490},"type":"Feature"},{"bbox":[77.0009,52.2782,77.0055,52.2783],"geometry":{"coordinates":[[[77.0055,52.2783],[77.0009,52.2782]]],"type":"MultiLineString"},"geometry_name":"shape","id":"gp_red_lines.fid--7752831e_19fb67eabdc_4bed","properties":{"area":null,"creation_doc_id":3464,"deactivation_doc_id":null,"id":2552491},"type":"Feature"},{"bbox":[77.0054,52.2785,77.0055,52.2797],"geometry":{"coordinates":[[[77.0055,52.2785],[77.0054,52.2797]]],"type":"MultiLineString"},"geometry_name":"shape","id":"gp_red_lines.fid--7752831e_19fb67eabdc_4bee","properties":{"area":null,"creation_doc_id":3464,"deactivation_doc_id":null,"id":2552492},"type":"Feature"},{"bbox":[77.0055,52.2783,77.0055,52.2785],"geometry":{"coordinates":[[[77.0055,52.2783],[77.0055,52.2785]]],"type":"MultiLineString"},"geometry_name":"shape","id":"gp_red_lines.fid--7752831e_19fb67eabdc_4bef","properties":{"area":null,"creation_doc_id":3464,"deactivation_doc_id":null,"id":2552493},"type":"Feature"},{"bbox":[77.006,52.2784,77.0061,52.2785],"geometry":{"coordinates":[[[77.006,52.2785],[77.0061,52.2784]]],"type":"MultiLineString"},"geometry_name":"shape","id":"gp_red_lines.fid--7752831e_19fb67eabdc_4bf0","properties":{"area":null,"creation_doc_id":3464,"deactivation_doc_id":null,"id":2552494},"type":"Feature"},{"bbox":[77.0059,52.2785,77.006,52.2797],"geometry":{"coordinates":[[[77.0059,52.2797],[77.006,52.2785]]],"type":"MultiLineString"},"geometry_name":"shape","id":"gp_red_lines.fid--7752831e_19fb67eabdc_4bf1","properties":{"area":null,"creation_doc_id":3464,"deactivation_doc_id":null,"id":2552495},"type":"Feature"},{"bbox":[77.0061,52.2762,77.0062,52.2784],"geometry":{"coordinates":[[[77.0061,52.2784],[77.0062,52.2762]]],"type":"MultiLineString"},"geometry_name":"shape","id":"gp_red_lines.fid--7752831e_19fb67eabdc_4bf2","properties":{"area":null,"creation_doc_id":3464,"deactivation_doc_id":null,"id":2552496},"type":"Feature"},{"bbox":[77.0062,52.2748,77.0063,52.276],"geometry":{"coordinates":[[[77.0062,52.276],[77.0063,52.2748]]],"type":"MultiLineString"},"geometry_name":"shape","id":"gp_red_lines.fid--7752831e_19fb67eabdc_4bf3","properties":{"area":null,"creation_doc_id":3464,"deactivation_doc_id":null,"id":2552497},"type":"Feature"},{"bbox":[77.0062,52.276,77.0062,52.2762],"geometry":{"coordinates":[[[77.0062,52.2762],[77.0062,52.276]]],"type":"MultiLineString"},"geometry_name":"shape","id":"gp_red_lines.fid--7752831e_19fb67eabdc_4bf4","properties":{"area":null,"creation_doc_id":3464,"deactivation_doc_id":null,"id":2552498},"type":"Feature"},{"bbox":[77.0056,52.276,77.0057,52.2761],"geometry":{"coordinates":[[[77.0057,52.276],[77.0056,52.2761]]],"type":"MultiLineString"},"geometry_name":"shape","id":"gp_red_lines.fid--7752831e_19fb67eabdc_4bf5","properties":{"area":null,"creation_doc_id":3464,"deactivation_doc_id":null,"id":2552499},"type":"Feature"},{"bbox":[77.0055,52.2761,77.0056,52.2783],"geometry":{"coordinates":[[[77.0056,52.2761],[77.0055,52.2783]]],"type":"MultiLineString"},"geometry_name":"shape","id":"gp_red_lines.fid--7752831e_19fb67eabdc_4bf6","properties":{"area":null,"creation_doc_id":3464,"deactivation_doc_id":null,"id":2552500},"type":"Feature"},{"bbox":[77.0009,52.276,77.0011,52.2782],"geometry":{"coordinates":[[[77.0009,52.2782],[77.0011,52.276]]],"type":"MultiLineString"},"geometry_name":"shape","id":"gp_red_lines.fid--7752831e_19fb67eabdc_4bf7","properties":{"area":null,"creation_doc_id":3464,"deactivation_doc_id":null,"id":2552501},"type":"Feature"},{"bbox":[77.0006,52.276,77.0008,52.2782],"geometry":{"coordinates":[[[77.0008,52.276],[77.0006,52.2782]]],"type":"MultiLineString"},"geometry_name":"shape","id":"gp_red_lines.fid--7752831e_19fb67eabdc_4bf8","properties":{"area":null,"creation_doc_id":3464,"deactivation_doc_id":null,"id":2552502},"type":"Feature"},{"bbox":[77.0011,52.2758,77.0011,52.276],"geometry":{"coordinates":[[[77.0011,52.276],[77.0011,52.2758]]],"type":"MultiLineString"},"geometry_name":"shape","id":"gp_red_lines.fid--7752831e_19fb67eabdc_4bf9","properties":{"area":null,"creation_doc_id":3464,"deactivation_doc_id":null,"id":2552503},"type":"Feature"},{"bbox":[77.0008,52.2758,77.0008,52.276],"geometry":{"coordinates":[[[77.0008,52.2758],[77.0008,52.276]]],"type":"MultiLineString"},"geometry_name":"shape","id":"gp_red_lines.fid--7752831e_19fb67eabdc_4bfa","properties":{"area":null,"creation_doc_id":3464,"deactivation_doc_id":null,"id":2552504},"type":"Feature"},{"bbox":[77.0011,52.2758,77.0057,52.276],"geometry":{"coordinates":[[[77.0057,52.276],[77.0011,52.2758]]],"type":"MultiLineString"},"geometry_name":"shape","id":"gp_red_lines.fid--7752831e_19fb67eabdc_4bfb","properties":{"area":null,"creation_doc_id":3464,"deactivation_doc_id":null,"id":2552505},"type":"Feature"},{"bbox":[77.0011,52.276,77.0056,52.2761],"geometry":{"coordinates":[[[77.0011,52.276],[77.0056,52.2761]]],"type":"MultiLineString"},"geometry_name":"shape","id":"gp_red_lines.fid--7752831e_19fb67eabdc_4bfc","properties":{"area":null,"creation_doc_id":3464,"deactivation_doc_id":null,"id":2552506},"type":"Feature"},{"bbox":[77.0012,52.2746,77.0058,52.2748],"geometry":{"coordinates":[[[77.0012,52.2746],[77.0058,52.2748]]],"type":"MultiLineString"},"geometry_name":"shape","id":"gp_red_lines.fid--7752831e_19fb67eabdc_4bfd","properties":{"area":null,"creation_doc_id":3464,"deactivation_doc_id":null,"id":2552507},"type":"Feature"},{"bbox":[77.0012,52.2744,77.0058,52.2746],"geometry":{"coordinates":[[[77.0058,52.2746],[77.0012,52.2744]]],"type":"MultiLineString"},"geometry_name":"shape","id":"gp_red_lines.fid--7752831e_19fb67eabdc_4bfe","properties":{"area":null,"creation_doc_id":3464,"deactivation_doc_id":null,"id":2552508},"type":"Feature"},{"bbox":[77.0011,52.2746,77.0012,52.2758],"geometry":{"coordinates":[[[77.0011,52.2758],[77.0012,52.2746]]],"type":"MultiLineString"},"geometry_name":"shape","id":"gp_red_lines.fid--7752831e_19fb67eabdc_4bff","properties":{"area":null,"creation_doc_id":3464,"deactivation_doc_id":null,"id":2552509},"type":"Feature"},{"bbox":[77.0008,52.2746,77.0009,52.2758],"geometry":{"coordinates":[[[77.0009,52.2746],[77.0008,52.2758]]],"type":"MultiLineString"},"geometry_name":"shape","id":"gp_red_lines.fid--7752831e_19fb67eabdc_4c00","properties":{"area":null,"creation_doc_id":3464,"deactivation_doc_id":null,"id":2552510},"type":"Feature"},{"bbox":[77.0009,52.2744,77.001,52.2746],"geometry":{"coordinates":[[[77.001,52.2744],[77.0009,52.2746]]],"type":"MultiLineString"},"geometry_name":"shape","id":"gp_red_lines.fid--7752831e_19fb67eabdc_4c01","properties":{"area":null,"creation_doc_id":3464,"deactivation_doc_id":null,"id":2552511},"type":"Feature"},{"bbox":[77.0012,52.2744,77.0012,52.2746],"geometry":{"coordinates":[[[77.0012,52.2746],[77.0012,52.2744]]],"type":"MultiLineString"},"geometry_name":"shape","id":"gp_red_lines.fid--7752831e_19fb67eabdc_4c02","properties":{"area":null,"creation_doc_id":3464,"deactivation_doc_id":null,"id":2552512},"type":"Feature"},{"bbox":[77.0057,52.2748,77.0058,52.276],"geometry":{"coordinates":[[[77.0058,52.2748],[77.0057,52.276]]],"type":"MultiLineString"},"geometry_name":"shape","id":"gp_red_lines.fid--7752831e_19fb67eabdc_4c03","properties":{"area":null,"creation_doc_id":3464,"deactivation_doc_id":null,"id":2552513},"type":"Feature"},{"bbox":[77.0058,52.2746,77.0058,52.2748],"geometry":{"coordinates":[[[77.0058,52.2746],[77.0058,52.2748]]],"type":"MultiLineString"},"geometry_name":"shape","id":"gp_red_lines.fid--7752831e_19fb67eabdc_4c04","properties":{"area":null,"creation_doc_id":3464,"deactivation_doc_id":null,"id":2552514},"type":"Feature"},{"bbox":[77.0063,52.2746,77.0063,52.2748],"geometry":{"coordinates":[[[77.0063,52.2748],[77.0063,52.2746]]],"type":"MultiLineString"},"geometry_name":"shape","id":"gp_red_lines.fid--7752831e_19fb67eabdc_4c05","properties":{"area":null,"creation_doc_id":3464,"deactivation_doc_id":null,"id":2552515},"type":"Feature"},{"bbox":[77.0058,52.2724,77.0059,52.2746],"geometry":{"coordinates":[[[77.0059,52.2724],[77.0058,52.2746]]],"type":"MultiLineString"},"geometry_name":"shape","id":"gp_red_lines.fid--7752831e_19fb67eabdc_4c06","properties":{"area":null,"creation_doc_id":3464,"deactivation_doc_id":null,"id":2552516},"type":"Feature"},{"bbox":[77.0063,52.2724,77.0065,52.2746],"geometry":{"coordinates":[[[77.0063,52.2746],[77.0065,52.2724]]],"type":"MultiLineString"},"geometry_name":"shape","id":"gp_red_lines.fid--7752831e_19fb67eabdc_4c07","properties":{"area":null,"creation_doc_id":3464,"deactivation_doc_id":null,"id":2552517},"type":"Feature"},{"bbox":[77.0063,52.2726,77.0106,52.2747],"geometry":{"coordinates":[[[77.0106,52.2726],[77.0104,52.2747],[77.0063,52.2746]]],"type":"MultiLineString"},"geometry_name":"shape","id":"gp_red_lines.fid--7752831e_19fb67eabdc_4c08","properties":{"area":null,"creation_doc_id":3464,"deactivation_doc_id":null,"id":2552518},"type":"Feature"},{"bbox":[77.0062,52.2748,77.0104,52.2761],"geometry":{"coordinates":[[[77.0063,52.2748],[77.0104,52.2749],[77.0103,52.2761],[77.0062,52.276]]],"type":"MultiLineString"},"geometry_name":"shape","id":"gp_red_lines.fid--7752831e_19fb67eabdc_4c09","properties":{"area":null,"creation_doc_id":3464,"deactivation_doc_id":null,"id":2552519},"type":"Feature"},{"bbox":[77.0062,52.2762,77.0105,52.2771],"geometry":{"coordinates":[[[77.0062,52.2762],[77.0103,52.2763],[77.0102,52.2771],[77.0105,52.2771]]],"type":"MultiLineString"},"geometry_name":"shape","id":"gp_red_lines.fid--7752831e_19fb67eabdc_4c0a","properties":{"area":null,"creation_doc_id":3464,"deactivation_doc_id":null,"id":2552520},"type":"Feature"},{"bbox":[77.0106,52.2749,77.0152,52.2763],"geometry":{"coordinates":[[[77.0151,52.2763],[77.0106,52.2761],[77.0107,52.2749],[77.0152,52.2751]]],"type":"MultiLineString"},"geometry_name":"shape","id":"gp_red_lines.fid--7752831e_19fb67eabdc_4c0b","properties":{"area":null,"creation_doc_id":3464,"deactivation_doc_id":null,"id":2552521},"type":"Feature"},{"bbox":[77.0105,52.2763,77.0151,52.2771],"geometry":{"coordinates":[[[77.0105,52.2771],[77.0105,52.2763],[77.0151,52.2765]]],"type":"MultiLineString"},"geometry_name":"shape","id":"gp_red_lines.fid--7752831e_19fb67eabdc_4c0c","properties":{"area":null,"creation_doc_id":3464,"deactivation_doc_id":null,"id":2552522},"type":"Feature"},{"bbox":[77.0151,52.2751,77.0152,52.2763],"geometry":{"coordinates":[[[77.0152,52.2751],[77.0151,52.2763]]],"type":"MultiLineString"},"geometry_name":"shape","id":"gp_red_lines.fid--7752831e_19fb67eabdc_4c0d","properties":{"area":null,"creation_doc_id":3464,"deactivation_doc_id":null,"id":2552523},"type":"Feature"},{"bbox":[77.0107,52.2726,77.0152,52.2749],"geometry":{"coordinates":[[[77.0152,52.2749],[77.0107,52.2748],[77.0109,52.2726]]],"type":"MultiLineString"},"geometry_name":"shape","id":"gp_red_lines.fid--7752831e_19fb67eabdc_4c0e","properties":{"area":null,"creation_doc_id":3464,"deactivation_doc_id":null,"id":2552524},"type":"Feature"},{"bbox":[77.0152,52.2728,77.0154,52.2749],"geometry":{"coordinates":[[[77.0154,52.2728],[77.0152,52.2749]]],"type":"MultiLineString"},"geometry_name":"shape","id":"gp_red_lines.fid--7752831e_19fb67eabdc_4c0f","properties":{"area":null,"creation_doc_id":3464,"deactivation_doc_id":null,"id":2552525},"type":"Feature"},{"bbox":[77.0109,52.2726,77.0154,52.2728],"geometry":{"coordinates":[[[77.0109,52.2726],[77.0154,52.2728]]],"type":"MultiLineString"},"geometry_name":"shape","id":"gp_red_lines.fid--7752831e_19fb67eabdc_4c10","properties":{"area":null,"creation_doc_id":3464,"deactivation_doc_id":null,"id":2552526},"type":"Feature"},{"bbox":[77.0156,52.2703,77.0156,52.2705],"geometry":{"coordinates":[[[77.0156,52.2705],[77.0156,52.2704],[77.0156,52.2704],[77.0156,52.2703]]],"type":"MultiLineString"},"geometry_name":"shape","id":"gp_red_lines.fid--7752831e_19fb67eabdc_4c11","properties":{"area":null,"creation_doc_id":3464,"deactivation_doc_id":null,"id":2552527},"type":"Feature"},{"bbox":[77.0109,52.2703,77.0156,52.2722],"geometry":{"coordinates":[[[77.0109,52.2722],[77.0111,52.2703],[77.0156,52.2705]]],"type":"MultiLineString"},"geometry_name":"shape","id":"gp_red_lines.fid--7752831e_19fb67eabdc_4c12","properties":{"area":null,"creation_doc_id":3464,"deactivation_doc_id":null,"id":2552528},"type":"Feature"},{"bbox":[77.0109,52.2705,77.0156,52.2724],"geometry":{"coordinates":[[[77.0156,52.2705],[77.0154,52.2724],[77.0109,52.2722]]],"type":"MultiLineString"},"geometry_name":"shape","id":"gp_red_lines.fid--7752831e_19fb67eabdc_4c13","properties":{"area":null,"creation_doc_id":3464,"deactivation_doc_id":null,"id":2552529},"type":"Feature"},{"bbox":[77.0067,52.2702,77.0108,52.2722],"geometry":{"coordinates":[[[77.0067,52.2702],[77.0108,52.2703],[77.0106,52.2722]]],"type":"MultiLineString"},"geometry_name":"shape","id":"gp_red_lines.fid--7752831e_19fb67eabdc_4c14","properties":{"area":null,"creation_doc_id":3464,"deactivation_doc_id":null,"id":2552530},"type":"Feature"},{"bbox":[77.0066,52.272,77.0106,52.2722],"geometry":{"coordinates":[[[77.0106,52.2722],[77.0106,52.2722],[77.0103,52.2722],[77.0066,52.272]]],"type":"MultiLineString"},"geometry_name":"shape","id":"gp_red_lines.fid--7752831e_19fb67eabdc_4c15","properties":{"area":null,"creation_doc_id":3464,"deactivation_doc_id":null,"id":2552531},"type":"Feature"},{"bbox":[77.0065,52.2724,77.0106,52.2726],"geometry":{"coordinates":[[[77.0065,52.2724],[77.0106,52.2726]]],"type":"MultiLineString"},"geometry_name":"shape","id":"gp_red_lines.fid--7752831e_19fb67eabdc_4c16","properties":{"area":null,"creation_doc_id":3464,"deactivation_doc_id":null,"id":2552532},"type":"Feature"},{"bbox":[77.0012,52.2722,77.0015,52.2744],"geometry":{"coordinates":[[[77.0012,52.2744],[77.0015,52.2722]]],"type":"MultiLineString"},"geometry_name":"shape","id":"gp_red_lines.fid--7752831e_19fb67eabdc_4c17","properties":{"area":null,"creation_doc_id":3464,"deactivation_doc_id":null,"id":2552533},"type":"Feature"},{"bbox":[77.001,52.2722,77.0012,52.2744],"geometry":{"coordinates":[[[77.0012,52.2722],[77.001,52.2744]]],"type":"MultiLineString"},"geometry_name":"shape","id":"gp_red_lines.fid--7752831e_19fb67eabdc_4c18","properties":{"area":null,"creation_doc_id":3464,"deactivation_doc_id":null,"id":2552534},"type":"Feature"},{"bbox":[77.0015,52.2722,77.0059,52.2724],"geometry":{"coordinates":[[[77.0015,52.2722],[77.0059,52.2724]]],"type":"MultiLineString"},"geometry_name":"shape","id":"gp_red_lines.fid--7752831e_19fb67eabdc_4c19","properties":{"area":null,"creation_doc_id":3464,"deactivation_doc_id":null,"id":2552535},"type":"Feature"},{"bbox":[77.0015,52.2718,77.006,52.272],"geometry":{"coordinates":[[[77.006,52.272],[77.0015,52.2718]]],"type":"MultiLineString"},"geometry_name":"shape","id":"gp_red_lines.fid--7752831e_19fb67eabdc_4c1a","properties":{"area":null,"creation_doc_id":3464,"deactivation_doc_id":null,"id":2552536},"type":"Feature"},{"bbox":[77.0012,52.27,77.0014,52.2718],"geometry":{"coordinates":[[[77.0014,52.27],[77.0012,52.2718]]],"type":"MultiLineString"},"geometry_name":"shape","id":"gp_red_lines.fid--7752831e_19fb67eabdc_4c1b","properties":{"area":null,"creation_doc_id":3464,"deactivation_doc_id":null,"id":2552537},"type":"Feature"},{"bbox":[77.0015,52.27,77.0017,52.2718],"geometry":{"coordinates":[[[77.0015,52.2718],[77.0017,52.27]]],"type":"MultiLineString"},"geometry_name":"shape","id":"gp_red_lines.fid--7752831e_19fb67eabdc_4c1c","properties":{"area":null,"creation_doc_id":3464,"deactivation_doc_id":null,"id":2552538},"type":"Feature"},{"bbox":[77.0014,52.2698,77.0014,52.27],"geometry":{"coordinates":[[[77.0014,52.2698],[77.0014,52.27]]],"type":"MultiLineString"},"geometry_name":"shape","id":"gp_red_lines.fid--7752831e_19fb67eabdc_4c1d","properties":{"area":null,"creation_doc_id":3464,"deactivation_doc_id":null,"id":2552539},"type":"Feature"},{"bbox":[77.0017,52.2698,77.0017,52.27],"geometry":{"coordinates":[[[77.0017,52.27],[77.0017,52.2698]]],"type":"MultiLineString"},"geometry_name":"shape","id":"gp_red_lines.fid--7752831e_19fb67eabdc_4c1e","properties":{"area":null,"creation_doc_id":3464,"deactivation_doc_id":null,"id":2552540},"type":"Feature"},{"bbox":[77.0017,52.2698,77.0061,52.27],"geometry":{"coordinates":[[[77.0061,52.27],[77.0017,52.2698]]],"type":"MultiLineString"},"geometry_name":"shape","id":"gp_red_lines.fid--7752831e_19fb67eabdc_4c1f","properties":{"area":null,"creation_doc_id":3464,"deactivation_doc_id":null,"id":2552541},"type":"Feature"},{"bbox":[77.0017,52.27,77.0061,52.2701],"geometry":{"coordinates":[[[77.0017,52.27],[77.0061,52.2701]]],"type":"MultiLineString"},"geometry_name":"shape","id":"gp_red_lines.fid--7752831e_19fb67eabdc_4c20","properties":{"area":null,"creation_doc_id":3464,"deactivation_doc_id":null,"id":2552542},"type":"Feature"},{"bbox":[77.006,52.2701,77.0061,52.272],"geometry":{"coordinates":[[[77.0061,52.2701],[77.006,52.272]]],"type":"MultiLineString"},"geometry_name":"shape","id":"gp_red_lines.fid--7752831e_19fb67eabdc_4c21","properties":{"area":null,"creation_doc_id":3464,"deactivation_doc_id":null,"id":2552543},"type":"Feature"},{"bbox":[77.0066,52.2702,77.0067,52.272],"geometry":{"coordinates":[[[77.0066,52.272],[77.0067,52.2702]]],"type":"MultiLineString"},"geometry_name":"shape","id":"gp_red_lines.fid--7752831e_19fb67eabdc_4c22","properties":{"area":null,"creation_doc_id":3464,"deactivation_doc_id":null,"id":2552544},"type":"Feature"},{"bbox":[77.0061,52.27,77.0061,52.2701],"geometry":{"coordinates":[[[77.0061,52.27],[77.0061,52.2701]]],"type":"MultiLineString"},"geometry_name":"shape","id":"gp_red_lines.fid--7752831e_19fb67eabdc_4c23","properties":{"area":null,"creation_doc_id":3464,"deactivation_doc_id":null,"id":2552545},"type":"Feature"},{"bbox":[77.0067,52.27,77.0067,52.2702],"geometry":{"coordinates":[[[77.0067,52.2702],[77.0067,52.27]]],"type":"MultiLineString"},"geometry_name":"shape","id":"gp_red_lines.fid--7752831e_19fb67eabdc_4c24","properties":{"area":null,"creation_doc_id":3464,"deactivation_doc_id":null,"id":2552546},"type":"Feature"},{"bbox":[77.0067,52.2681,77.0069,52.27],"geometry":{"coordinates":[[[77.0067,52.27],[77.0069,52.2681]]],"type":"MultiLineString"},"geometry_name":"shape","id":"gp_red_lines.fid--7752831e_19fb67eabdc_4c25","properties":{"area":null,"creation_doc_id":3464,"deactivation_doc_id":null,"id":2552547},"type":"Feature"},{"bbox":[77.0061,52.2681,77.0063,52.27],"geometry":{"coordinates":[[[77.0063,52.2681],[77.0061,52.27]]],"type":"MultiLineString"},"geometry_name":"shape","id":"gp_red_lines.fid--7752831e_19fb67eabdc_4c26","properties":{"area":null,"creation_doc_id":3464,"deactivation_doc_id":null,"id":2552548},"type":"Feature"},{"bbox":[77.002,52.2677,77.0063,52.2679],"geometry":{"coordinates":[[[77.0063,52.2679],[77.002,52.2677]]],"type":"MultiLineString"},"geometry_name":"shape","id":"gp_red_lines.fid--7752831e_19fb67eabdc_4c27","properties":{"area":null,"creation_doc_id":3464,"deactivation_doc_id":null,"id":2552549},"type":"Feature"},{"bbox":[77.0019,52.2679,77.0063,52.2681],"geometry":{"coordinates":[[[77.0019,52.2679],[77.0063,52.2681]]],"type":"MultiLineString"},"geometry_name":"shape","id":"gp_red_lines.fid--7752831e_19fb67eabdc_4c28","properties":{"area":null,"creation_doc_id":3464,"deactivation_doc_id":null,"id":2552550},"type":"Feature"},{"bbox":[77.0014,52.2679,77.0016,52.2698],"geometry":{"coordinates":[[[77.0016,52.2679],[77.0014,52.2698]]],"type":"MultiLineString"},"geometry_name":"shape","id":"gp_red_lines.fid--7752831e_19fb67eabdc_4c29","properties":{"area":null,"creation_doc_id":3464,"deactivation_doc_id":null,"id":2552551},"type":"Feature"},{"bbox":[77.0017,52.2679,77.0019,52.2698],"geometry":{"coordinates":[[[77.0017,52.2698],[77.0019,52.2679]]],"type":"MultiLineString"},"geometry_name":"shape","id":"gp_red_lines.fid--7752831e_19fb67eabdc_4c2a","properties":{"area":null,"creation_doc_id":3464,"deactivation_doc_id":null,"id":2552552},"type":"Feature"},{"bbox":[76.9984,52.2678,77.0016,52.2679],"geometry":{"coordinates":[[[76.9984,52.2678],[76.9987,52.2678],[77.0016,52.2679]]],"type":"MultiLineString"},"geometry_name":"shape","id":"gp_red_lines.fid--7752831e_19fb67eabdc_4c2b","properties":{"area":null,"creation_doc_id":3464,"deactivation_doc_id":null,"id":2552553},"type":"Feature"},{"bbox":[76.9985,52.2676,77.0017,52.2677],"geometry":{"coordinates":[[[77.0017,52.2677],[76.9988,52.2676],[76.9985,52.2676]]],"type":"MultiLineString"},"geometry_name":"shape","id":"gp_red_lines.fid--7752831e_19fb67eabdc_4c2c","properties":{"area":null,"creation_doc_id":3464,"deactivation_doc_id":null,"id":2552554},"type":"Feature"},{"bbox":[77.002,52.2664,77.0021,52.2677],"geometry":{"coordinates":[[[77.002,52.2677],[77.0021,52.2664]]],"type":"MultiLineString"},"geometry_name":"shape","id":"gp_red_lines.fid--7752831e_19fb67eabdc_4c2d","properties":{"area":null,"creation_doc_id":3464,"deactivation_doc_id":null,"id":2552555},"type":"Feature"},{"bbox":[77.0017,52.2664,77.0018,52.2677],"geometry":{"coordinates":[[[77.0018,52.2664],[77.0017,52.2677]]],"type":"MultiLineString"},"geometry_name":"shape","id":"gp_red_lines.fid--7752831e_19fb67eabdc_4c2e","properties":{"area":null,"creation_doc_id":3464,"deactivation_doc_id":null,"id":2552556},"type":"Feature"},{"bbox":[76.9986,52.2662,77.0018,52.2664],"geometry":{"coordinates":[[[76.9986,52.2662],[77.0005,52.2663],[77.0005,52.2663],[77.0018,52.2664]]],"type":"MultiLineString"},"geometry_name":"shape","id":"gp_red_lines.fid--7752831e_19fb67eabdc_4c2f","properties":{"area":null,"creation_doc_id":3464,"deactivation_doc_id":null,"id":2552557},"type":"Feature"},{"bbox":[77.0018,52.2664,77.0021,52.2664],"geometry":{"coordinates":[[[77.0018,52.2664],[77.0021,52.2664]]],"type":"MultiLineString"},"geometry_name":"shape","id":"gp_red_lines.fid--7752831e_19fb67eabdc_4c30","properties":{"area":null,"creation_doc_id":3464,"deactivation_doc_id":null,"id":2552558},"type":"Feature"},{"bbox":[77.0021,52.2664,77.0064,52.2666],"geometry":{"coordinates":[[[77.0021,52.2664],[77.0034,52.2664],[77.0064,52.2666]]],"type":"MultiLineString"},"geometry_name":"shape","id":"gp_red_lines.fid--7752831e_19fb67eabdc_4c31","properties":{"area":null,"creation_doc_id":3464,"deactivation_doc_id":null,"id":2552559},"type":"Feature"},{"bbox":[77.0063,52.2666,77.0064,52.2679],"geometry":{"coordinates":[[[77.0064,52.2666],[77.0063,52.2679]]],"type":"MultiLineString"},"geometry_name":"shape","id":"gp_red_lines.fid--7752831e_19fb67eabdc_4c32","properties":{"area":null,"creation_doc_id":3464,"deactivation_doc_id":null,"id":2552560},"type":"Feature"},{"bbox":[77.0069,52.2666,77.007,52.2679],"geometry":{"coordinates":[[[77.0069,52.2679],[77.007,52.2666]]],"type":"MultiLineString"},"geometry_name":"shape","id":"gp_red_lines.fid--7752831e_19fb67eabdc_4c33","properties":{"area":null,"creation_doc_id":3464,"deactivation_doc_id":null,"id":2552561},"type":"Feature"},{"bbox":[77.0113,52.2668,77.0114,52.2681],"geometry":{"coordinates":[[[77.0113,52.2681],[77.0114,52.2668]]],"type":"MultiLineString"},"geometry_name":"shape","id":"gp_red_lines.fid--7752831e_19fb67eabdc_4c34","properties":{"area":null,"creation_doc_id":3464,"deactivation_doc_id":null,"id":2552562},"type":"Feature"},{"bbox":[77.011,52.2667,77.0111,52.2681],"geometry":{"coordinates":[[[77.0111,52.2667],[77.011,52.2681]]],"type":"MultiLineString"},"geometry_name":"shape","id":"gp_red_lines.fid--7752831e_19fb67eabdc_4c35","properties":{"area":null,"creation_doc_id":3464,"deactivation_doc_id":null,"id":2552563},"type":"Feature"},{"bbox":[77.007,52.2666,77.0111,52.2667],"geometry":{"coordinates":[[[77.007,52.2666],[77.0095,52.2667],[77.0107,52.2667],[77.011,52.2667],[77.0111,52.2667]]],"type":"MultiLineString"},"geometry_name":"shape","id":"gp_red_lines.fid--7752831e_19fb67eabdc_4c36","properties":{"area":null,"creation_doc_id":3464,"deactivation_doc_id":null,"id":2552564},"type":"Feature"},{"bbox":[77.0069,52.2679,77.011,52.2681],"geometry":{"coordinates":[[[77.011,52.2681],[77.0109,52.2681],[77.0106,52.2681],[77.0106,52.268],[77.0106,52.268],[77.0069,52.2679]]],"type":"MultiLineString"},"geometry_name":"shape","id":"gp_red_lines.fid--7752831e_19fb67eabdc_4c37","properties":{"area":null,"creation_doc_id":3464,"deactivation_doc_id":null,"id":2552565},"type":"Feature"},{"bbox":[77.0069,52.2681,77.011,52.2683],"geometry":{"coordinates":[[[77.0069,52.2681],[77.0106,52.2682],[77.0109,52.2683],[77.0109,52.2683],[77.0109,52.2683],[77.011,52.2683]]],"type":"MultiLineString"},"geometry_name":"shape","id":"gp_red_lines.fid--7752831e_19fb67eabdc_4c38","properties":{"area":null,"creation_doc_id":3464,"deactivation_doc_id":null,"id":2552566},"type":"Feature"},{"bbox":[77.0067,52.2683,77.011,52.2701],"geometry":{"coordinates":[[[77.011,52.2683],[77.0108,52.2701],[77.0067,52.27]]],"type":"MultiLineString"},"geometry_name":"shape","id":"gp_red_lines.fid--7752831e_19fb67eabdc_4c39","properties":{"area":null,"creation_doc_id":3464,"deactivation_doc_id":null,"id":2552567},"type":"Feature"},{"bbox":[77.0113,52.2669,77.0158,52.2683],"geometry":{"coordinates":[[[77.0158,52.2669],[77.0157,52.2683],[77.0113,52.2681]]],"type":"MultiLineString"},"geometry_name":"shape","id":"gp_red_lines.fid--7752831e_19fb67eabdc_4c3a","properties":{"area":null,"creation_doc_id":3464,"deactivation_doc_id":null,"id":2552568},"type":"Feature"},{"bbox":[77.0111,52.2683,77.0156,52.2703],"geometry":{"coordinates":[[[77.0156,52.2703],[77.0111,52.2701],[77.0113,52.2683]]],"type":"MultiLineString"},"geometry_name":"shape","id":"gp_red_lines.fid--7752831e_19fb67eabdc_4c3b","properties":{"area":null,"creation_doc_id":3464,"deactivation_doc_id":null,"id":2552569},"type":"Feature"},{"bbox":[77.0113,52.2683,77.0157,52.2703],"geometry":{"coordinates":[[[77.0113,52.2683],[77.0157,52.2685],[77.0156,52.2703]]],"type":"MultiLineString"},"geometry_name":"shape","id":"gp_red_lines.fid--7752831e_19fb67eabdc_4c3c","properties":{"area":null,"creation_doc_id":3464,"deactivation_doc_id":null,"id":2552570},"type":"Feature"},{"bbox":[77.0114,52.2668,77.0158,52.2669],"geometry":{"coordinates":[[[77.0114,52.2668],[77.0146,52.2669],[77.0146,52.2669],[77.0158,52.2669]]],"type":"MultiLineString"},"geometry_name":"shape","id":"gp_red_lines.fid--7752831e_19fb67eabdc_4c3d","properties":{"area":null,"creation_doc_id":3464,"deactivation_doc_id":null,"id":2552571},"type":"Feature"},{"bbox":[77.016,52.2724,77.0388,52.2733],"geometry":{"coordinates":[[[77.0388,52.2733],[77.016,52.2724]]],"type":"MultiLineString"},"geometry_name":"shape","id":"gp_red_lines.fid--7752831e_19fb67eabdc_4c3e","properties":{"area":null,"creation_doc_id":3464,"deactivation_doc_id":null,"id":2552572},"type":"Feature"},{"bbox":[77.016,52.2728,77.0388,52.2737],"geometry":{"coordinates":[[[77.016,52.2728],[77.0388,52.2737]]],"type":"MultiLineString"},"geometry_name":"shape","id":"gp_red_lines.fid--7752831e_19fb67eabdc_4c3f","properties":{"area":null,"creation_doc_id":3464,"deactivation_doc_id":null,"id":2552573},"type":"Feature"},{"bbox":[77.016,52.267,77.0389,52.2733],"geometry":{"coordinates":[[[77.016,52.2724],[77.0164,52.267],[77.0219,52.2672],[77.031,52.2676],[77.031,52.2676],[77.0389,52.2679],[77.0388,52.2733]]],"type":"MultiLineString"},"geometry_name":"shape","id":"gp_red_lines.fid--7752831e_19fb67eabdc_4c40","properties":{"area":null,"creation_doc_id":3464,"deactivation_doc_id":null,"id":2552574},"type":"Feature"},{"bbox":[76.985,52.2489,77.0393,52.2674],"geometry":{"coordinates":[[[77.0023,52.2515],[77.0393,52.2523],[77.0391,52.2544],[77.0391,52.2544],[77.0391,52.2544],[77.0391,52.2544],[77.0391,52.2544],[77.0391,52.256],[77.039,52.2604],[77.039,52.2638],[77.039,52.2638],[77.039,52.2638],[77.0389,52.2674],[76.985,52.2651],[76.9865,52.2519],[76.9866,52.2517],[76.9866,52.2517],[76.9868,52.2497],[76.9878,52.2489],[76.991,52.2508],[76.9911,52.2508],[76.9911,52.2508],[76.9912,52.2509],[76.9912,52.2509],[76.9912,52.2509],[76.9912,52.2509],[76.9912,52.2509],[76.9914,52.2509],[76.9915,52.251],[76.9915,52.251],[76.9916,52.251],[76.9916,52.251],[76.9917,52.251],[76.9917,52.251],[76.9918,52.251],[76.9918,52.251],[76.9984,52.2514],[76.9984,52.2514],[77.0023,52.2515],[77.0023,52.2515]]],"type":"MultiLineString"},"geometry_name":"shape","id":"gp_red_lines.fid--7752831e_19fb67eabdc_4c41","properties":{"area":null,"creation_doc_id":3464,"deactivation_doc_id":null,"id":2552575},"type":"Feature"},{"bbox":[77.0532,52.2399,77.0675,52.2517],"geometry":{"coordinates":[[[77.0534,52.2401],[77.0574,52.2402],[77.0574,52.2402],[77.0631,52.2402],[77.0631,52.2402],[77.0656,52.2399],[77.0666,52.2422],[77.0669,52.2432],[77.0675,52.246],[77.0675,52.2509],[77.0667,52.2514],[77.0662,52.2515],[77.0532,52.2517],[77.0532,52.2517],[77.0532,52.2517],[77.0534,52.2401]]],"type":"MultiLineString"},"geometry_name":"shape","id":"gp_red_lines.fid--7752831e_19fb67eabdc_4c42","properties":{"area":null,"creation_doc_id":3464,"deactivation_doc_id":null,"id":2552576},"type":"Feature"},{"bbox":[77.0392,52.2375,77.0523,52.2517],"geometry":{"coordinates":[[[77.0509,52.2517],[77.049,52.2516],[77.049,52.2516],[77.049,52.2516],[77.0408,52.2516],[77.0408,52.2516],[77.0405,52.2516],[77.0405,52.2516],[77.0405,52.2516],[77.0405,52.2515],[77.0405,52.2515],[77.0396,52.241],[77.0396,52.241],[77.0396,52.241],[77.0396,52.241],[77.0396,52.2409],[77.0396,52.2409],[77.0395,52.2408],[77.0395,52.2408],[77.0395,52.2407],[77.0395,52.2407],[77.0395,52.2406],[77.0395,52.2406],[77.0395,52.2405],[77.0395,52.2404],[77.0395,52.2404],[77.0395,52.2403],[77.0395,52.2403],[77.0395,52.2402],[77.0395,52.2402],[77.0395,52.2401],[77.0395,52.2401],[77.0395,52.24],[77.0395,52.24],[77.0395,52.2399],[77.0395,52.2393],[77.0395,52.2393],[77.0395,52.2393],[77.0395,52.2393],[77.0395,52.2392],[77.0395,52.2392],[77.0395,52.2392],[77.0395,52.2392],[77.0395,52.2392],[77.0395,52.2392],[77.0395,52.2392],[77.0395,52.2392],[77.0395,52.2392],[77.0395,52.2391],[77.0395,52.2391],[77.0395,52.2391],[77.0395,52.2391],[77.0395,52.2391],[77.0395,52.2391],[77.0395,52.2391],[77.0395,52.2391],[77.0395,52.2391],[77.0395,52.239],[77.0395,52.239],[77.0395,52.239],[77.0395,52.239],[77.0395,52.239],[77.0395,52.239],[77.0395,52.239],[77.0395,52.239],[77.0395,52.2389],[77.0395,52.2389],[77.0395,52.2389],[77.0395,52.2389],[77.0395,52.2389],[77.0395,52.2389],[77.0395,52.2388],[77.0395,52.2388],[77.0395,52.2388],[77.0395,52.2388],[77.0395,52.2388],[77.0395,52.2388],[77.0395,52.2387],[77.0395,52.2387],[77.0395,52.2387],[77.0395,52.2387],[77.0395,52.2387],[77.0395,52.2387],[77.0395,52.2386],[77.0395,52.2386],[77.0395,52.2386],[77.0395,52.2386],[77.0395,52.2386],[77.0395,52.2386],[77.0395,52.2385],[77.0395,52.2385],[77.0395,52.2385],[77.0395,52.2385],[77.0395,52.2385],[77.0395,52.2385],[77.0395,52.2385],[77.0395,52.2385],[77.0395,52.2385],[77.0395,52.2384],[77.0395,52.2384],[77.0395,52.2384],[77.0395,52.2384],[77.0395,52.2384],[77.0395,52.2384],[77.0395,52.2383],[77.0395,52.2383],[77.0395,52.2383],[77.0395,52.2383],[77.0395,52.2383],[77.0395,52.2383],[77.0395,52.2382],[77.0395,52.2382],[77.0395,52.2382],[77.0395,52.2382],[77.0395,52.2382],[77.0395,52.2382],[77.0395,52.2382],[77.0395,52.2382],[77.0394,52.2381],[77.0394,52.2381],[77.0394,52.2381],[77.0394,52.2381],[77.0394,52.238],[77.0394,52.238],[77.0394,52.238],[77.0394,52.238],[77.0394,52.238],[77.0394,52.238],[77.0394,52.238],[77.0394,52.238],[77.0394,52.2379],[77.0394,52.2379],[77.0394,52.2379],[77.0394,52.2379],[77.0394,52.2378],[77.0394,52.2378],[77.0394,52.2378],[77.0394,52.2378],[77.0393,52.2378],[77.0393,52.2378],[77.0393,52.2378],[77.0393,52.2378],[77.0393,52.2377],[77.0393,52.2377],[77.0393,52.2377],[77.0393,52.2377],[77.0393,52.2377],[77.0393,52.2377],[77.0393,52.2377],[77.0393,52.2377],[77.0393,52.2376],[77.0393,52.2376],[77.0393,52.2376],[77.0393,52.2376],[77.0392,52.2375],[77.0392,52.2375],[77.0392,52.2375],[77.0392,52.2375],[77.0392,52.2375],[77.0392,52.2375],[77.0461,52.2378],[77.0523,52.2399],[77.0521,52.2516],[77.052,52.2517],[77.052,52.2517],[77.0517,52.2517],[77.0509,52.2517]]],"type":"MultiLineString"},"geometry_name":"shape","id":"gp_red_lines.fid--7752831e_19fb67eabdc_4c43","properties":{"area":null,"creation_doc_id":3464,"deactivation_doc_id":null,"id":2552577},"type":"Feature"},{"bbox":[76.9887,52.2273,77.0393,52.2516],"geometry":{"coordinates":[[[76.9887,52.2483],[77.0192,52.2273],[77.0193,52.2273],[77.0376,52.2372],[77.0376,52.2372],[77.0376,52.2372],[77.0377,52.2373],[77.0377,52.2373],[77.0378,52.2373],[77.0378,52.2374],[77.0378,52.2374],[77.0379,52.2375],[77.0379,52.2375],[77.0379,52.2375],[77.038,52.2376],[77.038,52.2376],[77.038,52.2377],[77.0381,52.2377],[77.0381,52.2378],[77.0381,52.2378],[77.0381,52.2379],[77.0382,52.2379],[77.0382,52.238],[77.0382,52.238],[77.0383,52.2383],[77.0383,52.2383],[77.0383,52.2384],[77.0383,52.2384],[77.0383,52.2385],[77.0383,52.2385],[77.0383,52.2385],[77.0383,52.2386],[77.0383,52.2386],[77.0383,52.2386],[77.0383,52.2387],[77.0383,52.2387],[77.0383,52.2387],[77.0383,52.2388],[77.0383,52.2388],[77.0383,52.2388],[77.0383,52.2389],[77.0383,52.2389],[77.0383,52.2389],[77.0383,52.239],[77.0383,52.239],[77.0383,52.239],[77.0383,52.2391],[77.0383,52.2391],[77.0383,52.2391],[77.0383,52.2392],[77.0383,52.2392],[77.0383,52.2392],[77.0383,52.2393],[77.0383,52.2393],[77.0383,52.2393],[77.0383,52.2394],[77.0383,52.2394],[77.0383,52.2394],[77.0383,52.2394],[77.0383,52.2394],[77.0383,52.2394],[77.0383,52.2394],[77.0383,52.2395],[77.0383,52.2395],[77.0383,52.2395],[77.0383,52.2395],[77.0383,52.2395],[77.0383,52.2396],[77.0383,52.2396],[77.0383,52.2396],[77.0383,52.2396],[77.0383,52.2396],[77.0383,52.2396],[77.0383,52.2397],[77.0383,52.2397],[77.0383,52.2397],[77.0383,52.2398],[77.0383,52.2398],[77.0383,52.2398],[77.0383,52.2398],[77.0383,52.2398],[77.0383,52.2398],[77.0383,52.2399],[77.0383,52.2399],[77.0383,52.2399],[77.0383,52.2399],[77.0383,52.2399],[77.0383,52.24],[77.0383,52.24],[77.0383,52.24],[77.0383,52.24],[77.0383,52.24],[77.0383,52.24],[77.0383,52.2401],[77.0383,52.2401],[77.0383,52.2401],[77.0383,52.2401],[77.0383,52.2401],[77.0383,52.2401],[77.0383,52.2402],[77.0383,52.2402],[77.0383,52.2403],[77.0383,52.2403],[77.0383,52.2403],[77.0383,52.2403],[77.0383,52.2403],[77.0383,52.2404],[77.0383,52.2404],[77.0383,52.2404],[77.0383,52.2404],[77.0383,52.2404],[77.0383,52.2404],[77.0383,52.2405],[77.0383,52.2405],[77.0383,52.2405],[77.0383,52.2405],[77.0383,52.2405],[77.0383,52.2405],[77.0383,52.2406],[77.0383,52.2406],[77.0383,52.2407],[77.0383,52.2407],[77.0383,52.2407],[77.0383,52.2407],[77.0383,52.2407],[77.0383,52.2407],[77.0383,52.2408],[77.0383,52.2408],[77.0383,52.2408],[77.0383,52.2408],[77.0383,52.2408],[77.0383,52.2408],[77.0384,52.2409],[77.0384,52.2409],[77.0384,52.2409],[77.0384,52.2409],[77.0384,52.241],[77.0384,52.241],[77.0384,52.241],[77.0384,52.241],[77.0393,52.2516],[77.0026,52.2508],[76.9981,52.2507],[76.9923,52.2503],[76.9922,52.2503],[76.9915,52.2499],[76.9913,52.2498],[76.9913,52.2498],[76.9887,52.2483]]],"type":"MultiLineString"},"geometry_name":"shape","id":"gp_red_lines.fid--7752831e_19fb67eabdc_4c44","properties":{"area":null,"creation_doc_id":3464,"deactivation_doc_id":null,"id":2552578},"type":"Feature"},{"bbox":[76.9952,52.2304,77.0101,52.2399],"geometry":{"coordinates":[[[77.0057,52.2304],[77.0101,52.2328],[76.9997,52.2399],[76.9952,52.2375],[77.0043,52.2314],[77.0043,52.2314],[77.0057,52.2304]]],"type":"MultiLineString"},"geometry_name":"shape","id":"gp_red_lines.fid--7752831e_19fb67eabdc_4c45","properties":{"area":null,"creation_doc_id":3464,"deactivation_doc_id":null,"id":2552579},"type":"Feature"},{"bbox":[77.006,52.225,77.0186,52.2325],"geometry":{"coordinates":[[[77.0186,52.2269],[77.0105,52.2325],[77.006,52.2301],[77.01,52.2271],[77.013,52.2251],[77.0149,52.225],[77.0186,52.2269]]],"type":"MultiLineString"},"geometry_name":"shape","id":"gp_red_lines.fid--7752831e_19fb67eabdc_4c46","properties":{"area":null,"creation_doc_id":3464,"deactivation_doc_id":null,"id":2552580},"type":"Feature"},{"bbox":[77.0154,52.2104,77.0653,52.2395],"geometry":{"coordinates":[[[77.0521,52.2394],[77.0462,52.2375],[77.0462,52.2375],[77.039,52.2371],[77.0389,52.2369],[77.0389,52.2369],[77.0388,52.2369],[77.0388,52.2369],[77.0388,52.2369],[77.0387,52.2368],[77.0387,52.2368],[77.0386,52.2368],[77.0385,52.2367],[77.0385,52.2367],[77.0385,52.2367],[77.0385,52.2367],[77.0385,52.2367],[77.0385,52.2367],[77.0384,52.2366],[77.0384,52.2366],[77.0197,52.2265],[77.0197,52.2265],[77.0194,52.2263],[77.0194,52.2263],[77.0194,52.2263],[77.0194,52.2263],[77.0154,52.2243],[77.0158,52.2241],[77.0174,52.2233],[77.0386,52.2135],[77.0386,52.2135],[77.039,52.2133],[77.039,52.2133],[77.0451,52.2105],[77.0452,52.2105],[77.0453,52.2105],[77.0454,52.2104],[77.0454,52.2104],[77.0455,52.2104],[77.0456,52.2104],[77.0457,52.2104],[77.0457,52.2104],[77.0458,52.2104],[77.0459,52.2104],[77.046,52.2104],[77.0461,52.2104],[77.0461,52.2104],[77.0462,52.2104],[77.0463,52.2104],[77.0464,52.2104],[77.0464,52.2105],[77.0465,52.2105],[77.0466,52.2105],[77.0466,52.2105],[77.0467,52.2106],[77.0467,52.2106],[77.0468,52.2106],[77.0469,52.2107],[77.0469,52.2107],[77.0472,52.211],[77.0472,52.211],[77.0474,52.2112],[77.0474,52.2112],[77.052,52.2157],[77.0519,52.2157],[77.052,52.2157],[77.0524,52.2162],[77.0618,52.2253],[77.0623,52.2259],[77.0626,52.2264],[77.0628,52.227],[77.0628,52.2282],[77.0627,52.2285],[77.0621,52.2303],[77.0621,52.2303],[77.062,52.2308],[77.062,52.2308],[77.0618,52.232],[77.0618,52.232],[77.0618,52.232],[77.0618,52.2321],[77.0618,52.2321],[77.0619,52.2322],[77.0619,52.2322],[77.0627,52.2338],[77.0653,52.2393],[77.063,52.2395],[77.0521,52.2394]]],"type":"MultiLineString"},"geometry_name":"shape","id":"gp_red_lines.fid--7752831e_19fb67eabdc_4c47","properties":{"area":null,"creation_doc_id":3464,"deactivation_doc_id":null,"id":2552581},"type":"Feature"},{"bbox":[77.0412,52.2024,77.0515,52.2074],"geometry":{"coordinates":[[[77.0432,52.2048],[77.0432,52.2048],[77.0432,52.2048],[77.043,52.2046],[77.043,52.2046],[77.0412,52.2029],[77.0425,52.2024],[77.0442,52.2041],[77.0442,52.2041],[77.0444,52.2043],[77.0444,52.2043],[77.0444,52.2043],[77.0455,52.2054],[77.0455,52.2054],[77.0455,52.2054],[77.0456,52.2054],[77.0456,52.2054],[77.0456,52.2054],[77.0456,52.2054],[77.0457,52.2055],[77.0457,52.2055],[77.0457,52.2055],[77.0457,52.2055],[77.0457,52.2055],[77.0457,52.2055],[77.0458,52.2055],[77.0458,52.2055],[77.0458,52.2056],[77.0458,52.2056],[77.0458,52.2056],[77.0458,52.2056],[77.0459,52.2056],[77.0459,52.2056],[77.0459,52.2056],[77.0459,52.2056],[77.046,52.2057],[77.046,52.2057],[77.046,52.2057],[77.046,52.2057],[77.0461,52.2057],[77.0461,52.2057],[77.0461,52.2057],[77.0461,52.2057],[77.0462,52.2058],[77.0462,52.2058],[77.0462,52.2058],[77.0462,52.2058],[77.0462,52.2058],[77.0462,52.2058],[77.0462,52.2058],[77.0463,52.2058],[77.0463,52.2058],[77.0463,52.2058],[77.0463,52.2058],[77.0464,52.2058],[77.0464,52.2058],[77.0464,52.2058],[77.0464,52.2058],[77.0465,52.2059],[77.0465,52.2059],[77.0466,52.2059],[77.0466,52.2059],[77.0467,52.2059],[77.0467,52.2059],[77.0467,52.2059],[77.0467,52.2059],[77.0468,52.2059],[77.0468,52.2059],[77.0468,52.2059],[77.0468,52.2059],[77.0469,52.2059],[77.0469,52.2059],[77.0469,52.2059],[77.0469,52.2059],[77.047,52.2059],[77.047,52.2059],[77.047,52.2059],[77.047,52.2059],[77.0471,52.2059],[77.0471,52.2059],[77.0472,52.2059],[77.0472,52.2059],[77.0472,52.2059],[77.0472,52.2059],[77.0473,52.2059],[77.0473,52.2059],[77.0473,52.2059],[77.0473,52.2059],[77.0474,52.2059],[77.0474,52.2059],[77.0474,52.2059],[77.0474,52.2059],[77.0475,52.2059],[77.0475,52.2059],[77.0475,52.2059],[77.0475,52.2059],[77.0476,52.2059],[77.0476,52.2059],[77.0476,52.2059],[77.0476,52.2059],[77.0477,52.2059],[77.0477,52.2059],[77.0478,52.2059],[77.0478,52.2059],[77.0479,52.2059],[77.0479,52.2059],[77.0479,52.2059],[77.0479,52.2059],[77.048,52.2059],[77.048,52.2059],[77.048,52.2059],[77.048,52.2059],[77.0481,52.2058],[77.0481,52.2058],[77.0481,52.2058],[77.0481,52.2058],[77.0482,52.2058],[77.0482,52.2058],[77.0482,52.2058],[77.0482,52.2058],[77.0482,52.2058],[77.0482,52.2058],[77.0482,52.2058],[77.0496,52.2052],[77.0496,52.2052],[77.0496,52.2052],[77.0497,52.2052],[77.0497,52.2052],[77.0498,52.2052],[77.0498,52.2052],[77.0498,52.2052],[77.0499,52.2052],[77.0499,52.2052],[77.05,52.2052],[77.05,52.2052],[77.05,52.2052],[77.0501,52.2052],[77.0501,52.2052],[77.0502,52.2052],[77.0502,52.2052],[77.0502,52.2052],[77.0503,52.2052],[77.0503,52.2052],[77.0503,52.2053],[77.0504,52.2053],[77.0504,52.2053],[77.0504,52.2053],[77.0504,52.2053],[77.0515,52.2062],[77.0489,52.2074],[77.0467,52.2074],[77.0457,52.2073],[77.0432,52.2048]]],"type":"MultiLineString"},"geometry_name":"shape","id":"gp_red_lines.fid--7752831e_19fb67eabdc_4c48","properties":{"area":null,"creation_doc_id":3464,"deactivation_doc_id":null,"id":2552582},"type":"Feature"},{"bbox":[77.0143,52.1968,77.0453,52.2233],"geometry":{"coordinates":[[[77.0376,52.2126],[77.0147,52.2232],[77.0147,52.2232],[77.0146,52.2233],[77.0146,52.2233],[77.0145,52.2232],[77.0144,52.2232],[77.0144,52.2232],[77.0143,52.2231],[77.0143,52.2231],[77.0155,52.2213],[77.0155,52.2213],[77.0265,52.2034],[77.0308,52.1971],[77.0309,52.197],[77.0312,52.1969],[77.0314,52.1968],[77.0318,52.1968],[77.032,52.1968],[77.0323,52.1968],[77.0328,52.1969],[77.0354,52.1994],[77.0354,52.1994],[77.0357,52.1997],[77.0374,52.2014],[77.0376,52.2016],[77.0413,52.2052],[77.0413,52.2052],[77.0413,52.2052],[77.0416,52.2055],[77.0416,52.2055],[77.0453,52.2091],[77.0379,52.2125],[77.0376,52.2126],[77.0376,52.2126]]],"type":"MultiLineString"},"geometry_name":"shape","id":"gp_red_lines.fid--7752831e_19fb67eabdc_4c49","properties":{"area":null,"creation_doc_id":3464,"deactivation_doc_id":null,"id":2552583},"type":"Feature"},{"bbox":[77.0332,52.1932,77.0423,52.2026],"geometry":{"coordinates":[[[77.0385,52.1985],[77.0403,52.2002],[77.0406,52.2005],[77.0423,52.2021],[77.041,52.2026],[77.0406,52.2022],[77.0406,52.2022],[77.0393,52.201],[77.0393,52.201],[77.0391,52.2007],[77.0391,52.2007],[77.0391,52.2007],[77.0373,52.199],[77.0373,52.199],[77.037,52.1987],[77.0351,52.1969],[77.0336,52.1954],[77.0336,52.1954],[77.0336,52.1954],[77.0336,52.1953],[77.0334,52.1948],[77.0332,52.1942],[77.0332,52.1938],[77.0334,52.1937],[77.0334,52.1937],[77.0334,52.1937],[77.0338,52.1932],[77.036,52.1934],[77.0355,52.1954],[77.0355,52.1954],[77.0355,52.1954],[77.0355,52.1954],[77.0355,52.1954],[77.0355,52.1955],[77.0355,52.1955],[77.0355,52.1955],[77.0355,52.1955],[77.0355,52.1955],[77.0383,52.1982],[77.0385,52.1985],[77.0385,52.1985]]],"type":"MultiLineString"},"geometry_name":"shape","id":"gp_red_lines.fid--7752831e_19fb67eabdc_4c4a","properties":{"area":null,"creation_doc_id":3464,"deactivation_doc_id":null,"id":2552584},"type":"Feature"},{"bbox":[77.036,52.1935,77.0678,52.2061],"geometry":{"coordinates":[[[77.0519,52.2061],[77.0508,52.2051],[77.0508,52.2051],[77.0508,52.2051],[77.0507,52.2051],[77.0507,52.2051],[77.0507,52.2051],[77.0507,52.2051],[77.0506,52.205],[77.0506,52.205],[77.0506,52.205],[77.0506,52.205],[77.0505,52.205],[77.0505,52.205],[77.0505,52.205],[77.0505,52.205],[77.0505,52.205],[77.0504,52.2049],[77.0504,52.2049],[77.0503,52.2049],[77.0503,52.2049],[77.0503,52.2049],[77.0503,52.2049],[77.0502,52.2049],[77.0502,52.2049],[77.0501,52.2049],[77.0501,52.2049],[77.0501,52.2049],[77.0501,52.2049],[77.05,52.2049],[77.05,52.2049],[77.0499,52.2049],[77.0499,52.2049],[77.0499,52.2049],[77.0499,52.2049],[77.0498,52.2049],[77.0498,52.2049],[77.0498,52.2049],[77.0497,52.2049],[77.0497,52.2049],[77.0497,52.2049],[77.0496,52.2049],[77.0496,52.2049],[77.0496,52.2049],[77.0495,52.2049],[77.0495,52.2049],[77.0495,52.2049],[77.0494,52.2049],[77.0494,52.205],[77.0494,52.205],[77.0494,52.205],[77.0493,52.205],[77.0493,52.205],[77.0493,52.205],[77.048,52.2055],[77.0479,52.2056],[77.0478,52.2056],[77.0477,52.2056],[77.0476,52.2056],[77.0475,52.2056],[77.0474,52.2057],[77.0473,52.2057],[77.0473,52.2057],[77.0472,52.2057],[77.0471,52.2057],[77.047,52.2056],[77.0469,52.2056],[77.0468,52.2056],[77.0467,52.2056],[77.0466,52.2056],[77.0465,52.2056],[77.0465,52.2055],[77.0464,52.2055],[77.0463,52.2055],[77.0462,52.2054],[77.0462,52.2054],[77.0461,52.2053],[77.046,52.2053],[77.046,52.2053],[77.0459,52.2052],[77.0459,52.2052],[77.0459,52.2052],[77.0448,52.2041],[77.0448,52.2041],[77.0446,52.2039],[77.0446,52.2039],[77.0429,52.2022],[77.0458,52.2011],[77.0458,52.2011],[77.0462,52.2009],[77.0462,52.2009],[77.0462,52.2009],[77.046,52.2007],[77.0456,52.2009],[77.0426,52.202],[77.041,52.2003],[77.041,52.2003],[77.0407,52.2001],[77.0407,52.2001],[77.0407,52.2001],[77.0389,52.1983],[77.0389,52.1983],[77.0387,52.1981],[77.036,52.1954],[77.0365,52.1935],[77.0396,52.1938],[77.0396,52.1938],[77.0401,52.1939],[77.0401,52.1939],[77.0646,52.1965],[77.0678,52.1988],[77.0519,52.2061]]],"type":"MultiLineString"},"geometry_name":"shape","id":"gp_red_lines.fid--7752831e_19fb67eabdc_4c4b","properties":{"area":null,"creation_doc_id":3464,"deactivation_doc_id":null,"id":2552585},"type":"Feature"},{"bbox":[77.0891,52.1523,77.099,52.1603],"geometry":{"coordinates":[[[77.0891,52.1588],[77.0937,52.1523],[77.099,52.1537],[77.0944,52.1603],[77.0891,52.1588]]],"type":"MultiLineString"},"geometry_name":"shape","id":"gp_red_lines.fid--7752831e_19fb67eabdc_4c4c","properties":{"area":null,"creation_doc_id":3464,"deactivation_doc_id":null,"id":2552586},"type":"Feature"},{"bbox":[77.0201,52.177,77.0377,52.1888],"geometry":{"coordinates":[[[77.0292,52.177],[77.0292,52.177],[77.0293,52.177],[77.0293,52.177],[77.0299,52.177],[77.0338,52.1773],[77.0365,52.1776],[77.0372,52.1777],[77.0372,52.1777],[77.0372,52.1777],[77.0372,52.1777],[77.0373,52.1778],[77.0373,52.1778],[77.0374,52.1778],[77.0374,52.1778],[77.0374,52.1778],[77.0375,52.1779],[77.0375,52.1779],[77.0375,52.1779],[77.0376,52.1779],[77.0376,52.1779],[77.0376,52.178],[77.0376,52.178],[77.0377,52.178],[77.0377,52.1781],[77.0377,52.1781],[77.0377,52.1781],[77.0377,52.1782],[77.0377,52.1782],[77.0377,52.1782],[77.0377,52.1782],[77.0377,52.1783],[77.0377,52.1783],[77.0376,52.1783],[77.0364,52.1803],[77.0354,52.1807],[77.0354,52.1807],[77.0354,52.1807],[77.0337,52.1831],[77.0327,52.1844],[77.029,52.1886],[77.0289,52.1886],[77.0289,52.1887],[77.0289,52.1887],[77.0289,52.1887],[77.0288,52.1887],[77.0288,52.1887],[77.0288,52.1887],[77.0287,52.1888],[77.0287,52.1888],[77.0287,52.1888],[77.0286,52.1888],[77.0286,52.1888],[77.0285,52.1888],[77.0285,52.1888],[77.0285,52.1888],[77.0284,52.1888],[77.0284,52.1888],[77.0283,52.1888],[77.0283,52.1888],[77.0283,52.1888],[77.0282,52.1888],[77.0282,52.1888],[77.0281,52.1888],[77.0281,52.1888],[77.0281,52.1888],[77.0201,52.1866],[77.0285,52.1772],[77.0285,52.1772],[77.0286,52.1772],[77.0286,52.1771],[77.0286,52.1771],[77.0287,52.1771],[77.0287,52.1771],[77.0287,52.1771],[77.0288,52.177],[77.0288,52.177],[77.0288,52.177],[77.0289,52.177],[77.0289,52.177],[77.029,52.177],[77.029,52.177],[77.0291,52.177],[77.0291,52.177],[77.0292,52.177]]],"type":"MultiLineString"},"geometry_name":"shape","id":"gp_red_lines.fid--7752831e_19fb67eabdc_4c4d","properties":{"area":null,"creation_doc_id":3464,"deactivation_doc_id":null,"id":2552587},"type":"Feature"},{"bbox":[77.0468,52.1443,77.0612,52.1542],"geometry":{"coordinates":[[[77.0569,52.1503],[77.0541,52.1542],[77.0468,52.153],[77.0501,52.1484],[77.0503,52.1481],[77.0503,52.1481],[77.0517,52.146],[77.0517,52.146],[77.0517,52.146],[77.0513,52.1443],[77.0612,52.1443],[77.0571,52.15],[77.0569,52.1503],[77.0569,52.1503]]],"type":"MultiLineString"},"geometry_name":"shape","id":"gp_red_lines.fid--7752831e_19fb67eabdc_4c4e","properties":{"area":null,"creation_doc_id":3464,"deactivation_doc_id":null,"id":2552588},"type":"Feature"},{"bbox":[77.0546,52.1367,77.0689,52.1547],"geometry":{"coordinates":[[[77.0546,52.1543],[77.0673,52.1367],[77.0689,52.1371],[77.064,52.1439],[77.064,52.1439],[77.0637,52.1442],[77.0637,52.1442],[77.0566,52.1547],[77.0546,52.1543]]],"type":"MultiLineString"},"geometry_name":"shape","id":"gp_red_lines.fid--7752831e_19fb67eabdc_4c4f","properties":{"area":null,"creation_doc_id":3464,"deactivation_doc_id":null,"id":2552589},"type":"Feature"},{"bbox":[77.0513,52.1352,77.0667,52.1439],"geometry":{"coordinates":[[[77.0667,52.1365],[77.0615,52.1439],[77.0513,52.1439],[77.0514,52.1352],[77.0621,52.1352],[77.0667,52.1365]]],"type":"MultiLineString"},"geometry_name":"shape","id":"gp_red_lines.fid--7752831e_19fb67eabdc_4c50","properties":{"area":null,"creation_doc_id":3464,"deactivation_doc_id":null,"id":2552590},"type":"Feature"},{"bbox":[77.0624,52.1219,77.0795,52.1368],"geometry":{"coordinates":[[[77.0738,52.1303],[77.0691,52.1368],[77.0624,52.135],[77.0628,52.1342],[77.0708,52.1294],[77.0708,52.1294],[77.0711,52.1292],[77.0711,52.1292],[77.0711,52.1292],[77.0712,52.1292],[77.0712,52.1292],[77.0762,52.1221],[77.0763,52.1221],[77.0763,52.122],[77.0763,52.122],[77.0763,52.122],[77.0763,52.122],[77.0763,52.122],[77.0764,52.122],[77.0764,52.122],[77.0764,52.122],[77.0764,52.1219],[77.0764,52.1219],[77.0765,52.1219],[77.0765,52.1219],[77.0765,52.1219],[77.0765,52.1219],[77.0766,52.1219],[77.0766,52.1219],[77.0766,52.1219],[77.0767,52.1219],[77.0767,52.1219],[77.0767,52.1219],[77.0767,52.1219],[77.0768,52.1219],[77.0768,52.1219],[77.0795,52.1223],[77.074,52.13],[77.0738,52.1303]]],"type":"MultiLineString"},"geometry_name":"shape","id":"gp_red_lines.fid--7752831e_19fb67eabdc_4c51","properties":{"area":null,"creation_doc_id":3464,"deactivation_doc_id":null,"id":2552591},"type":"Feature"},{"bbox":[77.0767,52.1324,77.0912,52.1417],"geometry":{"coordinates":[[[77.0912,52.1364],[77.0874,52.1417],[77.0767,52.1388],[77.0813,52.1324],[77.0912,52.1364]]],"type":"MultiLineString"},"geometry_name":"shape","id":"gp_red_lines.fid--7752831e_19fb67eabdc_4c52","properties":{"area":null,"creation_doc_id":3464,"deactivation_doc_id":null,"id":2552592},"type":"Feature"},{"bbox":[77.071,52.1308,77.0808,52.1386],"geometry":{"coordinates":[[[77.0808,52.1322],[77.0763,52.1386],[77.071,52.1372],[77.0755,52.1308],[77.0808,52.1322]]],"type":"MultiLineString"},"geometry_name":"shape","id":"gp_red_lines.fid--7752831e_19fb67eabdc_4c53","properties":{"area":null,"creation_doc_id":3464,"deactivation_doc_id":null,"id":2552593},"type":"Feature"},{"bbox":[77.0585,52.1374,77.076,52.156],"geometry":{"coordinates":[[[77.0585,52.155],[77.0659,52.1442],[77.0707,52.1374],[77.076,52.1389],[77.0638,52.156],[77.0585,52.155]]],"type":"MultiLineString"},"geometry_name":"shape","id":"gp_red_lines.fid--7752831e_19fb67eabdc_4c54","properties":{"area":null,"creation_doc_id":3464,"deactivation_doc_id":null,"id":2552594},"type":"Feature"},{"bbox":[77.0643,52.1461,77.0821,52.1565],"geometry":{"coordinates":[[[77.0668,52.1527],[77.0715,52.1461],[77.0821,52.149],[77.0774,52.1556],[77.0774,52.1556],[77.0773,52.1557],[77.0666,52.1565],[77.0643,52.1561],[77.0668,52.1527],[77.0668,52.1527],[77.0668,52.1527]]],"type":"MultiLineString"},"geometry_name":"shape","id":"gp_red_lines.fid--7752831e_19fb67eabdc_4c55","properties":{"area":null,"creation_doc_id":3464,"deactivation_doc_id":null,"id":2552595},"type":"Feature"},{"bbox":[77.0779,52.1492,77.0932,52.1587],"geometry":{"coordinates":[[[77.0779,52.1557],[77.0826,52.1492],[77.0932,52.1521],[77.0885,52.1587],[77.0779,52.1557]]],"type":"MultiLineString"},"geometry_name":"shape","id":"gp_red_lines.fid--7752831e_19fb67eabdc_4c56","properties":{"area":null,"creation_doc_id":3464,"deactivation_doc_id":null,"id":2552596},"type":"Feature"},{"bbox":[77.0828,52.1421,77.0983,52.1518],"geometry":{"coordinates":[[[77.0828,52.1489],[77.0877,52.1421],[77.0983,52.1451],[77.0935,52.1518],[77.0828,52.1489]]],"type":"MultiLineString"},"geometry_name":"shape","id":"gp_red_lines.fid--7752831e_19fb67eabdc_4c57","properties":{"area":null,"creation_doc_id":3464,"deactivation_doc_id":null,"id":2552597},"type":"Feature"},{"bbox":[77.0717,52.139,77.0872,52.1487],"geometry":{"coordinates":[[[77.0765,52.139],[77.0872,52.142],[77.0823,52.1487],[77.0717,52.1458],[77.0765,52.139]]],"type":"MultiLineString"},"geometry_name":"shape","id":"gp_red_lines.fid--7752831e_19fb67eabdc_4c58","properties":{"area":null,"creation_doc_id":3464,"deactivation_doc_id":null,"id":2552598},"type":"Feature"},{"bbox":[77.0879,52.1366,77.1015,52.1448],"geometry":{"coordinates":[[[77.1015,52.1405],[77.0985,52.1448],[77.0879,52.1419],[77.0916,52.1366],[77.1015,52.1405]]],"type":"MultiLineString"},"geometry_name":"shape","id":"gp_red_lines.fid--7752831e_19fb67eabdc_4c59","properties":{"area":null,"creation_doc_id":3464,"deactivation_doc_id":null,"id":2552599},"type":"Feature"},{"bbox":[77.099,52.1407,77.1069,52.1464],"geometry":{"coordinates":[[[77.1043,52.1464],[77.099,52.1449],[77.102,52.1407],[77.1069,52.1427],[77.1043,52.1464]]],"type":"MultiLineString"},"geometry_name":"shape","id":"gp_red_lines.fid--7752831e_19fb67eabdc_4c5a","properties":{"area":null,"creation_doc_id":3464,"deactivation_doc_id":null,"id":2552600},"type":"Feature"},{"bbox":[77.094,52.1452,77.1041,52.1534],"geometry":{"coordinates":[[[77.0993,52.1534],[77.094,52.152],[77.0988,52.1452],[77.1041,52.1467],[77.0993,52.1534]]],"type":"MultiLineString"},"geometry_name":"shape","id":"gp_red_lines.fid--7752831e_19fb67eabdc_4c5b","properties":{"area":null,"creation_doc_id":3464,"deactivation_doc_id":null,"id":2552601},"type":"Feature"}],"name":"AIS GGK red lines","type":"FeatureCollection"}