{"crs":{"properties":{"name":"urn:ogc:def:crs:OGC:1.3:CRS84"},"type":"name"},"features":[{"bbox":[72.8537,49.6335,72.8545,49.6341],"geometry":{"coordinates":[[[72.8545,49.634],[72.8542,49.6335],[72.8537,49.6336],[72.854,49.6341],[72.8545,49.634]]],"type":"MultiLineString"},"geometry_name":"shape","id":"gp_red_lines.fid--7752831e_19fb67eabdc_7b76","properties":{"area":0.242834122937931,"creation_doc_id":3497,"deactivation_doc_id":null,"id":2479690},"type":"Feature"},{"bbox":[72.8395,49.6375,72.8403,49.6384],"geometry":{"coordinates":[[[72.8403,49.638],[72.8403,49.638],[72.8403,49.638],[72.8403,49.6381],[72.8403,49.6381],[72.8403,49.6381],[72.8403,49.6381],[72.8403,49.6382],[72.8403,49.6382],[72.8402,49.6382],[72.8402,49.6382],[72.8402,49.6383],[72.8402,49.6383],[72.8402,49.6383],[72.8401,49.6383],[72.8401,49.6383],[72.8401,49.6383],[72.8401,49.6384],[72.84,49.6384],[72.84,49.6384],[72.84,49.6384],[72.8399,49.6384],[72.8399,49.6384],[72.8399,49.6384],[72.8399,49.6384],[72.8398,49.6384],[72.8398,49.6384],[72.8398,49.6384],[72.8397,49.6384],[72.8397,49.6384],[72.8397,49.6383],[72.8397,49.6383],[72.8396,49.6383],[72.8396,49.6383],[72.8396,49.6383],[72.8396,49.6382],[72.8396,49.6382],[72.8395,49.6382],[72.8395,49.6382],[72.8395,49.6381],[72.8395,49.6381],[72.8395,49.6381],[72.8395,49.6381],[72.8395,49.638],[72.8395,49.638],[72.8395,49.638],[72.8395,49.6379],[72.8395,49.6379],[72.8395,49.6379],[72.8395,49.6379],[72.8395,49.6378],[72.8395,49.6378],[72.8395,49.6378],[72.8395,49.6377],[72.8395,49.6377],[72.8396,49.6377],[72.8396,49.6377],[72.8396,49.6377],[72.8396,49.6376],[72.8397,49.6376],[72.8397,49.6376],[72.8397,49.6376],[72.8397,49.6376],[72.8398,49.6376],[72.8398,49.6376],[72.8398,49.6376],[72.8398,49.6375],[72.8399,49.6375],[72.8399,49.6375],[72.8399,49.6375],[72.84,49.6376],[72.84,49.6376],[72.84,49.6376],[72.84,49.6376],[72.8401,49.6376],[72.8401,49.6376],[72.8401,49.6376],[72.8402,49.6376],[72.8402,49.6377],[72.8402,49.6377],[72.8402,49.6377],[72.8402,49.6377],[72.8403,49.6377],[72.8403,49.6378],[72.8403,49.6378],[72.8403,49.6378],[72.8403,49.6379],[72.8403,49.6379],[72.8403,49.6379],[72.8403,49.6379],[72.8403,49.638]]],"type":"MultiLineString"},"geometry_name":"shape","id":"gp_red_lines.fid--7752831e_19fb67eabdc_7b77","properties":{"area":0.294869751361842,"creation_doc_id":3497,"deactivation_doc_id":null,"id":2479959},"type":"Feature"},{"bbox":[72.8688,49.6155,72.8702,49.6163],"geometry":{"coordinates":[[[72.8702,49.616],[72.87,49.6155],[72.8688,49.6158],[72.869,49.6163],[72.8702,49.616]]],"type":"MultiLineString"},"geometry_name":"shape","id":"gp_red_lines.fid--7752831e_19fb67eabdc_7b78","properties":{"area":0.538220811209593,"creation_doc_id":3497,"deactivation_doc_id":null,"id":2481873},"type":"Feature"},{"bbox":[72.8715,49.6148,72.8728,49.6157],"geometry":{"coordinates":[[[72.8728,49.6154],[72.8727,49.6152],[72.8728,49.6151],[72.872,49.6148],[72.8715,49.6153],[72.8717,49.6157],[72.8728,49.6154]]],"type":"MultiLineString"},"geometry_name":"shape","id":"gp_red_lines.fid--7752831e_19fb67eabdc_7b79","properties":{"area":0.53938846412642,"creation_doc_id":3497,"deactivation_doc_id":null,"id":2481881},"type":"Feature"},{"bbox":[72.8766,49.6244,72.878,49.6252],"geometry":{"coordinates":[[[72.878,49.625],[72.8777,49.6244],[72.8766,49.6247],[72.8769,49.6252],[72.878,49.625]]],"type":"MultiLineString"},"geometry_name":"shape","id":"gp_red_lines.fid--7752831e_19fb67eabdc_7b7a","properties":{"area":0.570531453969803,"creation_doc_id":3497,"deactivation_doc_id":null,"id":2482234},"type":"Feature"},{"bbox":[72.8779,49.6241,72.8794,49.6249],"geometry":{"coordinates":[[[72.8794,49.6247],[72.8791,49.6241],[72.8779,49.6244],[72.8782,49.6249],[72.8794,49.6247]]],"type":"MultiLineString"},"geometry_name":"shape","id":"gp_red_lines.fid--7752831e_19fb67eabdc_7b7b","properties":{"area":0.619033784136614,"creation_doc_id":3497,"deactivation_doc_id":null,"id":2482753},"type":"Feature"},{"bbox":[72.8682,49.6098,72.8698,49.6111],"geometry":{"coordinates":[[[72.8698,49.61],[72.8693,49.6098],[72.8682,49.6109],[72.8687,49.6111],[72.8698,49.61]]],"type":"MultiLineString"},"geometry_name":"shape","id":"gp_red_lines.fid--7752831e_19fb67eabdc_7b7c","properties":{"area":0.63026802790519,"creation_doc_id":3497,"deactivation_doc_id":null,"id":2482905},"type":"Feature"},{"bbox":[72.877,49.6251,72.8784,49.6261],"geometry":{"coordinates":[[[72.8784,49.6258],[72.8781,49.6251],[72.877,49.6254],[72.8773,49.6261],[72.8784,49.6258]]],"type":"MultiLineString"},"geometry_name":"shape","id":"gp_red_lines.fid--7752831e_19fb67eabdc_7b7d","properties":{"area":0.684061517802965,"creation_doc_id":3497,"deactivation_doc_id":null,"id":2483688},"type":"Feature"},{"bbox":[72.8782,49.6248,72.8798,49.6258],"geometry":{"coordinates":[[[72.8798,49.6255],[72.8794,49.6248],[72.8782,49.6251],[72.8786,49.6258],[72.8798,49.6255]]],"type":"MultiLineString"},"geometry_name":"shape","id":"gp_red_lines.fid--7752831e_19fb67eabdc_7b7e","properties":{"area":0.741097551549595,"creation_doc_id":3497,"deactivation_doc_id":null,"id":2484451},"type":"Feature"},{"bbox":[72.8619,49.6247,72.8641,49.6258],"geometry":{"coordinates":[[[72.8641,49.6255],[72.8622,49.6247],[72.8619,49.625],[72.8638,49.6258],[72.8641,49.6255]]],"type":"MultiLineString"},"geometry_name":"shape","id":"gp_red_lines.fid--7752831e_19fb67eabdc_7b7f","properties":{"area":0.774836223064688,"creation_doc_id":3497,"deactivation_doc_id":null,"id":2484926},"type":"Feature"},{"bbox":[72.8662,49.6159,72.8685,49.6169],"geometry":{"coordinates":[[[72.8685,49.6164],[72.8683,49.6159],[72.8669,49.6162],[72.8662,49.6169],[72.8685,49.6164]]],"type":"MultiLineString"},"geometry_name":"shape","id":"gp_red_lines.fid--7752831e_19fb67eabdc_7b80","properties":{"area":0.783492975532352,"creation_doc_id":3497,"deactivation_doc_id":null,"id":2485057},"type":"Feature"},{"bbox":[72.8699,49.6105,72.8718,49.6119],"geometry":{"coordinates":[[[72.8718,49.6108],[72.871,49.6105],[72.8699,49.6116],[72.8707,49.6119],[72.8718,49.6108]]],"type":"MultiLineString"},"geometry_name":"shape","id":"gp_red_lines.fid--7752831e_19fb67eabdc_7b81","properties":{"area":0.915811934617294,"creation_doc_id":3497,"deactivation_doc_id":null,"id":2486928},"type":"Feature"},{"bbox":[72.8718,49.6113,72.8736,49.6127],"geometry":{"coordinates":[[[72.8736,49.6116],[72.8729,49.6113],[72.8718,49.6124],[72.8725,49.6127],[72.8736,49.6116]]],"type":"MultiLineString"},"geometry_name":"shape","id":"gp_red_lines.fid--7752831e_19fb67eabdc_7b82","properties":{"area":0.927255711616228,"creation_doc_id":3497,"deactivation_doc_id":null,"id":2487101},"type":"Feature"},{"bbox":[72.8709,49.6109,72.8727,49.6123],"geometry":{"coordinates":[[[72.8727,49.6112],[72.8719,49.6109],[72.8709,49.612],[72.8716,49.6123],[72.8727,49.6112]]],"type":"MultiLineString"},"geometry_name":"shape","id":"gp_red_lines.fid--7752831e_19fb67eabdc_7b83","properties":{"area":0.940284073147349,"creation_doc_id":3497,"deactivation_doc_id":null,"id":2487286},"type":"Feature"},{"bbox":[72.8747,49.6147,72.8767,49.6162],"geometry":{"coordinates":[[[72.8767,49.6147],[72.8747,49.6152],[72.8752,49.6162],[72.8767,49.6147]]],"type":"MultiLineString"},"geometry_name":"shape","id":"gp_red_lines.fid--7752831e_19fb67eabdc_7b84","properties":{"area":0.986338924575373,"creation_doc_id":3497,"deactivation_doc_id":null,"id":2487944},"type":"Feature"},{"bbox":[72.8567,49.6233,72.859,49.6246],"geometry":{"coordinates":[[[72.859,49.6241],[72.8572,49.6233],[72.8567,49.6239],[72.8584,49.6246],[72.859,49.6241]]],"type":"MultiLineString"},"geometry_name":"shape","id":"gp_red_lines.fid--7752831e_19fb67eabdc_7b85","properties":{"area":1.04681324127647,"creation_doc_id":3497,"deactivation_doc_id":null,"id":2488936},"type":"Feature"},{"bbox":[72.8611,49.6425,72.8628,49.6439],"geometry":{"coordinates":[[[72.8627,49.6437],[72.8628,49.6437],[72.8621,49.6425],[72.8611,49.6427],[72.8617,49.6439],[72.8627,49.6437]]],"type":"MultiLineString"},"geometry_name":"shape","id":"gp_red_lines.fid--7752831e_19fb67eabdc_7b86","properties":{"area":1.0866387229794,"creation_doc_id":3497,"deactivation_doc_id":null,"id":2489666},"type":"Feature"},{"bbox":[72.8637,49.6263,72.8662,49.6275],"geometry":{"coordinates":[[[72.8662,49.6271],[72.8643,49.6263],[72.8637,49.6268],[72.8655,49.6275],[72.8662,49.6271]]],"type":"MultiLineString"},"geometry_name":"shape","id":"gp_red_lines.fid--7752831e_19fb67eabdc_7b87","properties":{"area":1.09630562579029,"creation_doc_id":3497,"deactivation_doc_id":null,"id":2489802},"type":"Feature"},{"bbox":[72.8688,49.6071,72.8714,49.6095],"geometry":{"coordinates":[[[72.8714,49.6073],[72.871,49.6071],[72.8688,49.6093],[72.8693,49.6095],[72.8714,49.6073]]],"type":"MultiLineString"},"geometry_name":"shape","id":"gp_red_lines.fid--7752831e_19fb67eabdc_7b88","properties":{"area":1.09960842958731,"creation_doc_id":3497,"deactivation_doc_id":null,"id":2489850},"type":"Feature"},{"bbox":[72.8689,49.6101,72.8708,49.6115],"geometry":{"coordinates":[[[72.8708,49.6104],[72.87,49.6101],[72.8689,49.6112],[72.8698,49.6115],[72.8708,49.6104]]],"type":"MultiLineString"},"geometry_name":"shape","id":"gp_red_lines.fid--7752831e_19fb67eabdc_7b89","properties":{"area":1.10833693193502,"creation_doc_id":3497,"deactivation_doc_id":null,"id":2490009},"type":"Feature"},{"bbox":[72.8616,49.6173,72.8645,49.6187],"geometry":{"coordinates":[[[72.8645,49.6183],[72.8635,49.6179],[72.862,49.6173],[72.8616,49.6177],[72.8641,49.6187],[72.8645,49.6183]]],"type":"MultiLineString"},"geometry_name":"shape","id":"gp_red_lines.fid--7752831e_19fb67eabdc_7b8a","properties":{"area":1.12208941688845,"creation_doc_id":3497,"deactivation_doc_id":null,"id":2490241},"type":"Feature"},{"bbox":[72.8701,49.6144,72.8718,49.616],"geometry":{"coordinates":[[[72.8715,49.6157],[72.8713,49.6153],[72.8718,49.6147],[72.8711,49.6144],[72.8701,49.6154],[72.8704,49.616],[72.8715,49.6157]]],"type":"MultiLineString"},"geometry_name":"shape","id":"gp_red_lines.fid--7752831e_19fb67eabdc_7b8b","properties":{"area":1.12425549878744,"creation_doc_id":3497,"deactivation_doc_id":null,"id":2490282},"type":"Feature"},{"bbox":[72.852,49.636,72.8537,49.638],"geometry":{"coordinates":[[[72.8537,49.6378],[72.8527,49.636],[72.852,49.6361],[72.853,49.638],[72.8537,49.6378]]],"type":"MultiLineString"},"geometry_name":"shape","id":"gp_red_lines.fid--7752831e_19fb67eabdc_7b8c","properties":{"area":1.22230597442801,"creation_doc_id":3497,"deactivation_doc_id":null,"id":2491806},"type":"Feature"},{"bbox":[72.8695,49.6074,72.8721,49.6098],"geometry":{"coordinates":[[[72.8721,49.6076],[72.8716,49.6074],[72.8695,49.6096],[72.87,49.6098],[72.8721,49.6076]]],"type":"MultiLineString"},"geometry_name":"shape","id":"gp_red_lines.fid--7752831e_19fb67eabdc_7b8d","properties":{"area":1.25935082935677,"creation_doc_id":3497,"deactivation_doc_id":null,"id":2492409},"type":"Feature"},{"bbox":[72.8739,49.6247,72.8767,49.6258],"geometry":{"coordinates":[[[72.8767,49.6253],[72.8764,49.6247],[72.8739,49.6253],[72.8742,49.6258],[72.8767,49.6253]]],"type":"MultiLineString"},"geometry_name":"shape","id":"gp_red_lines.fid--7752831e_19fb67eabdc_7b8e","properties":{"area":1.29431121740012,"creation_doc_id":3497,"deactivation_doc_id":null,"id":2492973},"type":"Feature"},{"bbox":[72.8586,49.6242,72.8614,49.6256],"geometry":{"coordinates":[[[72.8614,49.6251],[72.8591,49.6242],[72.8586,49.6247],[72.8609,49.6256],[72.8614,49.6251]]],"type":"MultiLineString"},"geometry_name":"shape","id":"gp_red_lines.fid--7752831e_19fb67eabdc_7b8f","properties":{"area":1.32468324635715,"creation_doc_id":3497,"deactivation_doc_id":null,"id":2493530},"type":"Feature"},{"bbox":[72.8538,49.6354,72.8559,49.6367],"geometry":{"coordinates":[[[72.8559,49.6363],[72.8554,49.6354],[72.8538,49.6357],[72.8543,49.6367],[72.8559,49.6363]]],"type":"MultiLineString"},"geometry_name":"shape","id":"gp_red_lines.fid--7752831e_19fb67eabdc_7b90","properties":{"area":1.35562740195614,"creation_doc_id":3497,"deactivation_doc_id":null,"id":2493957},"type":"Feature"},{"bbox":[72.8703,49.6361,72.8721,49.6381],"geometry":{"coordinates":[[[72.8721,49.6379],[72.8711,49.6361],[72.8703,49.6363],[72.8713,49.6381],[72.8721,49.6379]]],"type":"MultiLineString"},"geometry_name":"shape","id":"gp_red_lines.fid--7752831e_19fb67eabdc_7b91","properties":{"area":1.36054891174453,"creation_doc_id":3497,"deactivation_doc_id":null,"id":2494033},"type":"Feature"},{"bbox":[72.8656,49.611,72.8686,49.6137],"geometry":{"coordinates":[[[72.8686,49.6112],[72.8681,49.611],[72.8656,49.6135],[72.8661,49.6137],[72.8686,49.6112]]],"type":"MultiLineString"},"geometry_name":"shape","id":"gp_red_lines.fid--7752831e_19fb67eabdc_7b92","properties":{"area":1.43426545652478,"creation_doc_id":3497,"deactivation_doc_id":null,"id":2495343},"type":"Feature"},{"bbox":[72.849,49.6385,72.8518,49.6397],"geometry":{"coordinates":[[[72.8518,49.6392],[72.8515,49.6385],[72.849,49.6391],[72.8493,49.6397],[72.8518,49.6392]]],"type":"MultiLineString"},"geometry_name":"shape","id":"gp_red_lines.fid--7752831e_19fb67eabdc_7b93","properties":{"area":1.45663424650643,"creation_doc_id":3497,"deactivation_doc_id":null,"id":2495736},"type":"Feature"},{"bbox":[72.8611,49.6252,72.8641,49.6267],"geometry":{"coordinates":[[[72.8641,49.6262],[72.8616,49.6252],[72.8611,49.6257],[72.8636,49.6267],[72.8641,49.6262]]],"type":"MultiLineString"},"geometry_name":"shape","id":"gp_red_lines.fid--7752831e_19fb67eabdc_7b94","properties":{"area":1.49724661228559,"creation_doc_id":3497,"deactivation_doc_id":null,"id":2496455},"type":"Feature"},{"bbox":[72.8756,49.6226,72.8775,49.6244],"geometry":{"coordinates":[[[72.8775,49.6242],[72.8767,49.6226],[72.8756,49.6229],[72.8764,49.6244],[72.8775,49.6242]]],"type":"MultiLineString"},"geometry_name":"shape","id":"gp_red_lines.fid--7752831e_19fb67eabdc_7b95","properties":{"area":1.50427783979613,"creation_doc_id":3497,"deactivation_doc_id":null,"id":2496724},"type":"Feature"},{"bbox":[72.851,49.6322,72.8533,49.6338],"geometry":{"coordinates":[[[72.8533,49.6335],[72.8531,49.633],[72.8512,49.6322],[72.851,49.6325],[72.8518,49.6338],[72.8533,49.6335]]],"type":"MultiLineString"},"geometry_name":"shape","id":"gp_red_lines.fid--7752831e_19fb67eabdc_7b96","properties":{"area":1.54410192947811,"creation_doc_id":3497,"deactivation_doc_id":null,"id":2497363},"type":"Feature"},{"bbox":[72.8743,49.6254,72.8771,49.6267],"geometry":{"coordinates":[[[72.8771,49.6261],[72.8768,49.6254],[72.8743,49.626],[72.8747,49.6267],[72.8771,49.6261]]],"type":"MultiLineString"},"geometry_name":"shape","id":"gp_red_lines.fid--7752831e_19fb67eabdc_7b97","properties":{"area":1.55186914761087,"creation_doc_id":3497,"deactivation_doc_id":null,"id":2497498},"type":"Feature"},{"bbox":[72.8699,49.6125,72.8724,49.6147],"geometry":{"coordinates":[[[72.8724,49.6128],[72.8717,49.6125],[72.8699,49.6144],[72.8706,49.6147],[72.8724,49.6128]]],"type":"MultiLineString"},"geometry_name":"shape","id":"gp_red_lines.fid--7752831e_19fb67eabdc_7b98","properties":{"area":1.57637573978024,"creation_doc_id":3497,"deactivation_doc_id":null,"id":2497859},"type":"Feature"},{"bbox":[72.86,49.6383,72.8621,49.6398],"geometry":{"coordinates":[[[72.8607,49.6398],[72.8613,49.6397],[72.8613,49.6397],[72.8613,49.6397],[72.8613,49.6397],[72.8613,49.6397],[72.8613,49.6397],[72.8613,49.6397],[72.8613,49.6397],[72.8613,49.6397],[72.8613,49.6397],[72.8613,49.6397],[72.8613,49.6397],[72.8613,49.6397],[72.8613,49.6397],[72.8613,49.6397],[72.8613,49.6397],[72.8613,49.6397],[72.8613,49.6397],[72.8613,49.6397],[72.8613,49.6397],[72.8613,49.6397],[72.8613,49.6397],[72.8613,49.6397],[72.8613,49.6397],[72.8613,49.6397],[72.8613,49.6397],[72.8613,49.6397],[72.8613,49.6397],[72.8611,49.6392],[72.8611,49.6392],[72.8611,49.6392],[72.8611,49.6392],[72.8611,49.6392],[72.8611,49.6392],[72.8611,49.6392],[72.8611,49.6392],[72.8611,49.6392],[72.8611,49.6392],[72.8611,49.6392],[72.8611,49.6392],[72.8611,49.6392],[72.8611,49.6392],[72.8611,49.6392],[72.8611,49.6392],[72.8611,49.6392],[72.8611,49.6392],[72.8611,49.6392],[72.8611,49.6392],[72.8611,49.6391],[72.8611,49.6391],[72.8611,49.6391],[72.8611,49.6391],[72.8611,49.6391],[72.8611,49.6391],[72.8611,49.6391],[72.8611,49.6391],[72.8611,49.6391],[72.8611,49.6391],[72.8611,49.6391],[72.8611,49.6391],[72.8611,49.6391],[72.8611,49.6391],[72.8611,49.6391],[72.8611,49.6391],[72.8611,49.6391],[72.8611,49.6391],[72.8611,49.6391],[72.8611,49.6391],[72.8612,49.6391],[72.8612,49.6391],[72.8612,49.6391],[72.8612,49.6391],[72.8612,49.6391],[72.8612,49.6391],[72.8612,49.6391],[72.8612,49.6391],[72.8612,49.6391],[72.8612,49.6391],[72.8612,49.6391],[72.8612,49.6391],[72.8612,49.6391],[72.8612,49.6391],[72.8612,49.6391],[72.8612,49.6391],[72.8612,49.6391],[72.8612,49.6392],[72.8612,49.6392],[72.8612,49.6392],[72.8612,49.6392],[72.8612,49.6392],[72.8612,49.6392],[72.8612,49.6392],[72.8612,49.6392],[72.8612,49.6392],[72.8612,49.6392],[72.8612,49.6392],[72.8612,49.6392],[72.8612,49.6392],[72.8614,49.6396],[72.8614,49.6396],[72.8614,49.6396],[72.8614,49.6396],[72.8614,49.6397],[72.8615,49.6397],[72.8615,49.6397],[72.8615,49.6397],[72.8615,49.6397],[72.8615,49.6397],[72.8615,49.6397],[72.8615,49.6397],[72.8615,49.6397],[72.8615,49.6397],[72.8615,49.6397],[72.8615,49.6397],[72.8615,49.6397],[72.8615,49.6397],[72.8621,49.6395],[72.8621,49.6395],[72.8621,49.6395],[72.8621,49.6395],[72.8621,49.6395],[72.8621,49.6395],[72.8621,49.6395],[72.8621,49.6395],[72.8621,49.6395],[72.8621,49.6395],[72.8621,49.6395],[72.8621,49.6395],[72.8621,49.6395],[72.8621,49.6395],[72.8621,49.6395],[72.8621,49.6395],[72.8621,49.6395],[72.8621,49.6395],[72.8621,49.6395],[72.8621,49.6395],[72.8621,49.6395],[72.8621,49.6395],[72.8621,49.6395],[72.8621,49.6395],[72.8621,49.6395],[72.8621,49.6395],[72.8621,49.6395],[72.8621,49.6395],[72.8615,49.6383],[72.8615,49.6383],[72.8615,49.6383],[72.8615,49.6383],[72.8615,49.6383],[72.8615,49.6383],[72.8615,49.6383],[72.8615,49.6383],[72.8615,49.6383],[72.8615,49.6383],[72.8615,49.6383],[72.8615,49.6383],[72.8615,49.6383],[72.8615,49.6383],[72.86,49.6386],[72.86,49.6386],[72.86,49.6386],[72.86,49.6386],[72.86,49.6386],[72.86,49.6386],[72.86,49.6386],[72.86,49.6386],[72.86,49.6386],[72.86,49.6386],[72.86,49.6386],[72.86,49.6387],[72.86,49.6387],[72.86,49.6387],[72.86,49.6387],[72.86,49.6387],[72.86,49.6387],[72.86,49.6387],[72.86,49.6387],[72.86,49.6387],[72.86,49.6387],[72.86,49.6387],[72.86,49.6387],[72.86,49.6387],[72.8606,49.6398],[72.8606,49.6398],[72.8606,49.6398],[72.8606,49.6398],[72.8606,49.6398],[72.8606,49.6398],[72.8606,49.6398],[72.8607,49.6398],[72.8607,49.6398],[72.8607,49.6398],[72.8607,49.6398],[72.8607,49.6398],[72.8607,49.6398],[72.8607,49.6398],[72.8607,49.6398],[72.8607,49.6398],[72.8607,49.6398],[72.8607,49.6398]]],"type":"MultiLineString"},"geometry_name":"shape","id":"gp_red_lines.fid--7752831e_19fb67eabdc_7b99","properties":{"area":1.59024264659775,"creation_doc_id":3497,"deactivation_doc_id":null,"id":2498057},"type":"Feature"},{"bbox":[72.8759,49.6116,72.8788,49.6132],"geometry":{"coordinates":[[[72.8788,49.6126],[72.8765,49.6116],[72.8759,49.6122],[72.8782,49.6132],[72.8788,49.6126]]],"type":"MultiLineString"},"geometry_name":"shape","id":"gp_red_lines.fid--7752831e_19fb67eabdc_7b9a","properties":{"area":1.59226452601629,"creation_doc_id":3497,"deactivation_doc_id":null,"id":2498089},"type":"Feature"},{"bbox":[72.8767,49.6108,72.8796,49.6124],"geometry":{"coordinates":[[[72.8796,49.6118],[72.8773,49.6108],[72.8767,49.6114],[72.879,49.6124],[72.8796,49.6118]]],"type":"MultiLineString"},"geometry_name":"shape","id":"gp_red_lines.fid--7752831e_19fb67eabdc_7b9b","properties":{"area":1.59231613444092,"creation_doc_id":3497,"deactivation_doc_id":null,"id":2498091},"type":"Feature"},{"bbox":[72.8774,49.61,72.8804,49.6116],"geometry":{"coordinates":[[[72.8804,49.611],[72.878,49.61],[72.8774,49.6106],[72.8798,49.6116],[72.8804,49.611]]],"type":"MultiLineString"},"geometry_name":"shape","id":"gp_red_lines.fid--7752831e_19fb67eabdc_7b9c","properties":{"area":1.59236738671274,"creation_doc_id":3497,"deactivation_doc_id":null,"id":2498092},"type":"Feature"},{"bbox":[72.8689,49.6121,72.8715,49.6143],"geometry":{"coordinates":[[[72.8715,49.6124],[72.8707,49.6121],[72.8689,49.614],[72.8697,49.6143],[72.8715,49.6124]]],"type":"MultiLineString"},"geometry_name":"shape","id":"gp_red_lines.fid--7752831e_19fb67eabdc_7b9d","properties":{"area":1.59852401755567,"creation_doc_id":3497,"deactivation_doc_id":null,"id":2498186},"type":"Feature"},{"bbox":[72.8769,49.6223,72.8789,49.6241],"geometry":{"coordinates":[[[72.8789,49.6238],[72.8781,49.6223],[72.8769,49.6226],[72.8777,49.6241],[72.8789,49.6238]]],"type":"MultiLineString"},"geometry_name":"shape","id":"gp_red_lines.fid--7752831e_19fb67eabdc_7b9e","properties":{"area":1.63637192472576,"creation_doc_id":3497,"deactivation_doc_id":null,"id":2498805},"type":"Feature"},{"bbox":[72.8637,49.6375,72.8658,49.639],"geometry":{"coordinates":[[72.8649,49.6389],[72.8647,49.6384],[72.8647,49.6383],[72.8648,49.6383],[72.8649,49.6383],[72.8649,49.6384],[72.8648,49.6384],[72.8651,49.6388],[72.8651,49.6389],[72.8658,49.6387],[72.8652,49.6375],[72.8637,49.6378],[72.8637,49.6379],[72.8643,49.639],[72.8644,49.639],[72.8649,49.6389]],"type":"LineString"},"geometry_name":"shape","id":"gp_red_lines.fid--7752831e_19fb67eabdc_7b9f","properties":{"area":1.63657366549348,"creation_doc_id":3497,"deactivation_doc_id":null,"id":2498809},"type":"Feature"},{"bbox":[72.8682,49.6141,72.8705,49.6156],"geometry":{"coordinates":[[[72.8699,49.6154],[72.8705,49.6148],[72.8688,49.6141],[72.8682,49.6147],[72.8687,49.6156],[72.8699,49.6154]]],"type":"MultiLineString"},"geometry_name":"shape","id":"gp_red_lines.fid--7752831e_19fb67eabdc_7ba0","properties":{"area":1.65652922500652,"creation_doc_id":3497,"deactivation_doc_id":null,"id":2499131},"type":"Feature"},{"bbox":[72.8531,49.6341,72.8553,49.6356],"geometry":{"coordinates":[[[72.8553,49.6352],[72.8547,49.6341],[72.8531,49.6344],[72.8538,49.6356],[72.8553,49.6352]]],"type":"MultiLineString"},"geometry_name":"shape","id":"gp_red_lines.fid--7752831e_19fb67eabdc_7ba1","properties":{"area":1.66187040644311,"creation_doc_id":3497,"deactivation_doc_id":null,"id":2499350},"type":"Feature"},{"bbox":[72.8651,49.6373,72.8671,49.6395],"geometry":{"coordinates":[[[72.8671,49.6391],[72.8661,49.6373],[72.8653,49.6374],[72.8653,49.6374],[72.8653,49.6374],[72.8653,49.6374],[72.8653,49.6374],[72.8653,49.6374],[72.8653,49.6375],[72.8653,49.6375],[72.8653,49.6375],[72.8653,49.6375],[72.8653,49.6375],[72.8653,49.6375],[72.8653,49.6375],[72.8653,49.6375],[72.8653,49.6375],[72.8653,49.6375],[72.8653,49.6375],[72.8653,49.6375],[72.8653,49.6375],[72.8653,49.6375],[72.8653,49.6375],[72.8653,49.6375],[72.8653,49.6375],[72.8653,49.6375],[72.866,49.6388],[72.8652,49.6389],[72.8652,49.6389],[72.8652,49.6389],[72.8652,49.6389],[72.8652,49.6389],[72.8652,49.6389],[72.8652,49.6389],[72.8652,49.6389],[72.8652,49.6389],[72.8652,49.6389],[72.8652,49.6389],[72.8652,49.6389],[72.8652,49.6389],[72.8652,49.6389],[72.8652,49.639],[72.8652,49.639],[72.8652,49.639],[72.8651,49.639],[72.8651,49.639],[72.8651,49.639],[72.8651,49.639],[72.8651,49.639],[72.8651,49.639],[72.8651,49.639],[72.8651,49.639],[72.8651,49.639],[72.8651,49.639],[72.8651,49.639],[72.8654,49.6395],[72.8671,49.6391]]],"type":"MultiLineString"},"geometry_name":"shape","id":"gp_red_lines.fid--7752831e_19fb67eabdc_7ba2","properties":{"area":1.67990168670786,"creation_doc_id":3497,"deactivation_doc_id":null,"id":2499674},"type":"Feature"},{"bbox":[72.8627,49.6379,72.8653,49.6398],"geometry":{"coordinates":[[[72.8653,49.6395],[72.865,49.639],[72.865,49.639],[72.865,49.639],[72.865,49.639],[72.865,49.639],[72.865,49.639],[72.865,49.639],[72.865,49.639],[72.865,49.639],[72.865,49.639],[72.865,49.639],[72.865,49.639],[72.865,49.639],[72.865,49.639],[72.865,49.639],[72.865,49.639],[72.865,49.639],[72.865,49.639],[72.8642,49.6392],[72.8635,49.6379],[72.8635,49.6379],[72.8635,49.6379],[72.8635,49.6379],[72.8635,49.6379],[72.8635,49.6379],[72.8635,49.6379],[72.8635,49.6379],[72.8635,49.6379],[72.8635,49.6379],[72.8635,49.6379],[72.8635,49.6379],[72.8635,49.6379],[72.8635,49.6379],[72.8627,49.638],[72.8637,49.6398],[72.8653,49.6395]]],"type":"MultiLineString"},"geometry_name":"shape","id":"gp_red_lines.fid--7752831e_19fb67eabdc_7ba3","properties":{"area":1.68716291484628,"creation_doc_id":3497,"deactivation_doc_id":null,"id":2499792},"type":"Feature"},{"bbox":[72.8519,49.6336,72.8539,49.6358],"geometry":{"coordinates":[[[72.8536,49.6356],[72.8529,49.6344],[72.8539,49.6342],[72.8536,49.6336],[72.8519,49.634],[72.8528,49.6358],[72.8536,49.6356]]],"type":"MultiLineString"},"geometry_name":"shape","id":"gp_red_lines.fid--7752831e_19fb67eabdc_7ba4","properties":{"area":1.70376328880721,"creation_doc_id":3497,"deactivation_doc_id":null,"id":2500153},"type":"Feature"},{"bbox":[72.8615,49.6381,72.8634,49.6403],"geometry":{"coordinates":[[[72.8634,49.6399],[72.8624,49.6381],[72.8617,49.6383],[72.8617,49.6383],[72.8617,49.6383],[72.8617,49.6383],[72.8617,49.6383],[72.8617,49.6383],[72.8616,49.6383],[72.8616,49.6383],[72.8616,49.6383],[72.8616,49.6383],[72.8616,49.6383],[72.8616,49.6383],[72.8616,49.6383],[72.8616,49.6383],[72.8616,49.6383],[72.8616,49.6383],[72.8616,49.6383],[72.8616,49.6383],[72.8616,49.6383],[72.8616,49.6383],[72.8616,49.6383],[72.8616,49.6383],[72.8616,49.6383],[72.8616,49.6383],[72.8623,49.6396],[72.8616,49.6397],[72.8616,49.6397],[72.8615,49.6397],[72.8615,49.6397],[72.8615,49.6397],[72.8615,49.6397],[72.8615,49.6397],[72.8615,49.6397],[72.8615,49.6397],[72.8615,49.6397],[72.8615,49.6397],[72.8615,49.6397],[72.8615,49.6398],[72.8615,49.6398],[72.8615,49.6398],[72.8615,49.6398],[72.8615,49.6398],[72.8615,49.6398],[72.8615,49.6398],[72.8615,49.6398],[72.8615,49.6398],[72.8615,49.6398],[72.8615,49.6398],[72.8615,49.6398],[72.8615,49.6398],[72.8615,49.6398],[72.8615,49.6398],[72.8615,49.6398],[72.8618,49.6403],[72.8634,49.6399]]],"type":"MultiLineString"},"geometry_name":"shape","id":"gp_red_lines.fid--7752831e_19fb67eabdc_7ba5","properties":{"area":1.71627427201941,"creation_doc_id":3497,"deactivation_doc_id":null,"id":2500416},"type":"Feature"},{"bbox":[72.8508,49.6361,72.8528,49.6382],"geometry":{"coordinates":[[[72.8528,49.638],[72.8518,49.6361],[72.8508,49.6364],[72.8518,49.6382],[72.8528,49.638]]],"type":"MultiLineString"},"geometry_name":"shape","id":"gp_red_lines.fid--7752831e_19fb67eabdc_7ba6","properties":{"area":1.73917257163156,"creation_doc_id":3497,"deactivation_doc_id":null,"id":2500755},"type":"Feature"},{"bbox":[72.859,49.6387,72.8617,49.6407],"geometry":{"coordinates":[[[72.8617,49.6403],[72.8614,49.6398],[72.8614,49.6398],[72.8614,49.6398],[72.8614,49.6398],[72.8614,49.6398],[72.8614,49.6398],[72.8614,49.6398],[72.8614,49.6398],[72.8614,49.6398],[72.8614,49.6398],[72.8614,49.6398],[72.8614,49.6398],[72.8613,49.6398],[72.8613,49.6398],[72.8613,49.6398],[72.8613,49.6398],[72.8613,49.6398],[72.8613,49.6398],[72.8606,49.64],[72.8599,49.6387],[72.8599,49.6387],[72.8599,49.6387],[72.8599,49.6387],[72.8599,49.6387],[72.8599,49.6387],[72.8599,49.6387],[72.8599,49.6387],[72.8599,49.6387],[72.8599,49.6387],[72.8599,49.6387],[72.8599,49.6387],[72.8598,49.6387],[72.8598,49.6387],[72.859,49.6389],[72.86,49.6407],[72.8617,49.6403]]],"type":"MultiLineString"},"geometry_name":"shape","id":"gp_red_lines.fid--7752831e_19fb67eabdc_7ba7","properties":{"area":1.74653754036081,"creation_doc_id":3497,"deactivation_doc_id":null,"id":2500865},"type":"Feature"},{"bbox":[72.8705,49.6159,72.8726,49.6179],"geometry":{"coordinates":[[[72.8726,49.6177],[72.8716,49.6159],[72.8705,49.6161],[72.8715,49.6179],[72.8726,49.6177]]],"type":"MultiLineString"},"geometry_name":"shape","id":"gp_red_lines.fid--7752831e_19fb67eabdc_7ba8","properties":{"area":1.76502295688469,"creation_doc_id":3497,"deactivation_doc_id":null,"id":2501142},"type":"Feature"},{"bbox":[72.8718,49.6156,72.8739,49.6176],"geometry":{"coordinates":[[[72.8739,49.6174],[72.8729,49.6156],[72.8718,49.6158],[72.8728,49.6176],[72.8739,49.6174]]],"type":"MultiLineString"},"geometry_name":"shape","id":"gp_red_lines.fid--7752831e_19fb67eabdc_7ba9","properties":{"area":1.76630847094913,"creation_doc_id":3497,"deactivation_doc_id":null,"id":2501157},"type":"Feature"},{"bbox":[72.8544,49.6332,72.8565,49.6352],"geometry":{"coordinates":[[[72.8565,49.635],[72.8555,49.6332],[72.8544,49.6335],[72.8546,49.634],[72.8548,49.6339],[72.8554,49.6352],[72.8565,49.635]]],"type":"MultiLineString"},"geometry_name":"shape","id":"gp_red_lines.fid--7752831e_19fb67eabdc_7baa","properties":{"area":1.77837995316871,"creation_doc_id":3497,"deactivation_doc_id":null,"id":2501328},"type":"Feature"},{"bbox":[72.8731,49.6104,72.8763,49.6121],"geometry":{"coordinates":[[[72.8763,49.6115],[72.8737,49.6104],[72.8731,49.611],[72.8757,49.6121],[72.8763,49.6115]]],"type":"MultiLineString"},"geometry_name":"shape","id":"gp_red_lines.fid--7752831e_19fb67eabdc_7bab","properties":{"area":1.8077847369686,"creation_doc_id":3497,"deactivation_doc_id":null,"id":2501714},"type":"Feature"},{"bbox":[72.8739,49.6096,72.8771,49.6113],"geometry":{"coordinates":[[[72.8771,49.6107],[72.8745,49.6096],[72.8739,49.6102],[72.8765,49.6113],[72.8771,49.6107]]],"type":"MultiLineString"},"geometry_name":"shape","id":"gp_red_lines.fid--7752831e_19fb67eabdc_7bac","properties":{"area":1.80784386114514,"creation_doc_id":3497,"deactivation_doc_id":null,"id":2501715},"type":"Feature"},{"bbox":[72.8746,49.6088,72.8779,49.6105],"geometry":{"coordinates":[[[72.8779,49.6099],[72.8752,49.6088],[72.8746,49.6095],[72.8773,49.6105],[72.8779,49.6099]]],"type":"MultiLineString"},"geometry_name":"shape","id":"gp_red_lines.fid--7752831e_19fb67eabdc_7bad","properties":{"area":1.80790434710891,"creation_doc_id":3497,"deactivation_doc_id":null,"id":2501716},"type":"Feature"},{"bbox":[72.8691,49.6364,72.8712,49.6386],"geometry":{"coordinates":[[[72.8712,49.6382],[72.8702,49.6364],[72.8694,49.6365],[72.8694,49.6365],[72.8694,49.6365],[72.8694,49.6365],[72.8694,49.6365],[72.8694,49.6365],[72.8694,49.6365],[72.8694,49.6365],[72.8694,49.6365],[72.8694,49.6366],[72.8694,49.6366],[72.8694,49.6366],[72.8694,49.6366],[72.8694,49.6366],[72.8694,49.6366],[72.8694,49.6366],[72.8694,49.6366],[72.8694,49.6366],[72.8694,49.6366],[72.8694,49.6366],[72.8694,49.6366],[72.8694,49.6366],[72.8694,49.6366],[72.8694,49.6366],[72.87,49.6378],[72.8699,49.6379],[72.8692,49.638],[72.8692,49.638],[72.8692,49.638],[72.8691,49.638],[72.8691,49.638],[72.8691,49.638],[72.8691,49.638],[72.8691,49.638],[72.8691,49.638],[72.8691,49.638],[72.8691,49.638],[72.8691,49.638],[72.8691,49.638],[72.8691,49.638],[72.8691,49.638],[72.8691,49.638],[72.8691,49.638],[72.8691,49.6381],[72.8691,49.6381],[72.8691,49.6381],[72.8691,49.6381],[72.8691,49.6381],[72.8691,49.6381],[72.8691,49.6381],[72.8691,49.6381],[72.8691,49.6381],[72.8691,49.6381],[72.8691,49.6381],[72.8694,49.6386],[72.8712,49.6382]]],"type":"MultiLineString"},"geometry_name":"shape","id":"gp_red_lines.fid--7752831e_19fb67eabdc_7bae","properties":{"area":1.810306253074,"creation_doc_id":3497,"deactivation_doc_id":null,"id":2501748},"type":"Feature"},{"bbox":[72.865,49.6095,72.869,49.6134],"geometry":{"coordinates":[[[72.869,49.6097],[72.8686,49.6095],[72.865,49.6132],[72.8654,49.6134],[72.869,49.6097]]],"type":"MultiLineString"},"geometry_name":"shape","id":"gp_red_lines.fid--7752831e_19fb67eabdc_7baf","properties":{"area":1.81876609475588,"creation_doc_id":3497,"deactivation_doc_id":null,"id":2501860},"type":"Feature"},{"bbox":[72.8664,49.637,72.8693,49.639],"geometry":{"coordinates":[[[72.8693,49.6386],[72.869,49.6381],[72.869,49.6381],[72.869,49.6381],[72.869,49.6381],[72.869,49.6381],[72.869,49.6381],[72.869,49.6381],[72.869,49.6381],[72.869,49.6381],[72.869,49.6381],[72.869,49.6381],[72.869,49.6381],[72.8689,49.6381],[72.8689,49.6381],[72.8689,49.6381],[72.8689,49.6381],[72.8689,49.6381],[72.8689,49.6381],[72.868,49.6383],[72.8673,49.637],[72.8673,49.637],[72.8673,49.637],[72.8673,49.637],[72.8673,49.637],[72.8673,49.637],[72.8673,49.637],[72.8673,49.637],[72.8673,49.637],[72.8673,49.637],[72.8673,49.637],[72.8673,49.637],[72.8672,49.637],[72.8672,49.637],[72.8664,49.6372],[72.8674,49.639],[72.8693,49.6386]]],"type":"MultiLineString"},"geometry_name":"shape","id":"gp_red_lines.fid--7752831e_19fb67eabdc_7bb0","properties":{"area":1.86166602894802,"creation_doc_id":3497,"deactivation_doc_id":null,"id":2502425},"type":"Feature"},{"bbox":[72.8702,49.6092,72.8735,49.611],"geometry":{"coordinates":[[[72.8735,49.6104],[72.8708,49.6092],[72.8702,49.6098],[72.8729,49.611],[72.8735,49.6104]]],"type":"MultiLineString"},"geometry_name":"shape","id":"gp_red_lines.fid--7752831e_19fb67eabdc_7bb1","properties":{"area":1.87444437400689,"creation_doc_id":3497,"deactivation_doc_id":null,"id":2502577},"type":"Feature"},{"bbox":[72.8709,49.6084,72.8743,49.6102],"geometry":{"coordinates":[[[72.8743,49.6096],[72.8715,49.6084],[72.8709,49.609],[72.8737,49.6102],[72.8743,49.6096]]],"type":"MultiLineString"},"geometry_name":"shape","id":"gp_red_lines.fid--7752831e_19fb67eabdc_7bb2","properties":{"area":1.87450400316541,"creation_doc_id":3497,"deactivation_doc_id":null,"id":2502578},"type":"Feature"},{"bbox":[72.8717,49.6076,72.8751,49.6094],"geometry":{"coordinates":[[[72.8751,49.6088],[72.8723,49.6076],[72.8717,49.6082],[72.8745,49.6094],[72.8751,49.6088]]],"type":"MultiLineString"},"geometry_name":"shape","id":"gp_red_lines.fid--7752831e_19fb67eabdc_7bb3","properties":{"area":1.87456743570385,"creation_doc_id":3497,"deactivation_doc_id":null,"id":2502579},"type":"Feature"},{"bbox":[72.8691,49.6162,72.8713,49.6182],"geometry":{"coordinates":[[[72.8713,49.618],[72.8703,49.6162],[72.8691,49.6164],[72.8701,49.6182],[72.8713,49.618]]],"type":"MultiLineString"},"geometry_name":"shape","id":"gp_red_lines.fid--7752831e_19fb67eabdc_7bb4","properties":{"area":1.92163132822457,"creation_doc_id":3497,"deactivation_doc_id":null,"id":2503156},"type":"Feature"},{"bbox":[72.8674,49.6366,72.8698,49.6382],"geometry":{"coordinates":[[72.8689,49.638],[72.8687,49.6375],[72.8687,49.6374],[72.8688,49.6374],[72.8688,49.6375],[72.869,49.6379],[72.8691,49.6379],[72.8698,49.6378],[72.8698,49.6377],[72.8692,49.6366],[72.8674,49.637],[72.868,49.6382],[72.8681,49.6382],[72.8689,49.638]],"type":"LineString"},"geometry_name":"shape","id":"gp_red_lines.fid--7752831e_19fb67eabdc_7bb5","properties":{"area":1.92187364488523,"creation_doc_id":3497,"deactivation_doc_id":null,"id":2503162},"type":"Feature"},{"bbox":[72.8715,49.6358,72.8737,49.6379],"geometry":{"coordinates":[[[72.8737,49.6376],[72.8727,49.6358],[72.8715,49.6361],[72.8724,49.6379],[72.8737,49.6376]]],"type":"MultiLineString"},"geometry_name":"shape","id":"gp_red_lines.fid--7752831e_19fb67eabdc_7bb6","properties":{"area":2.02946909558288,"creation_doc_id":3497,"deactivation_doc_id":null,"id":2504485},"type":"Feature"},{"bbox":[72.8731,49.6152,72.8753,49.6173],"geometry":{"coordinates":[[[72.8753,49.6171],[72.875,49.6165],[72.875,49.6164],[72.8744,49.6152],[72.8731,49.6155],[72.8741,49.6173],[72.8753,49.6171]]],"type":"MultiLineString"},"geometry_name":"shape","id":"gp_red_lines.fid--7752831e_19fb67eabdc_7bb7","properties":{"area":2.05601015077085,"creation_doc_id":3497,"deactivation_doc_id":null,"id":2504774},"type":"Feature"},{"bbox":[72.8674,49.6117,72.8706,49.6146],"geometry":{"coordinates":[[[72.8706,49.612],[72.8698,49.6117],[72.8674,49.6142],[72.8679,49.6144],[72.8679,49.6145],[72.8679,49.6145],[72.868,49.6145],[72.868,49.6145],[72.868,49.6145],[72.8681,49.6145],[72.8681,49.6146],[72.8706,49.612]]],"type":"MultiLineString"},"geometry_name":"shape","id":"gp_red_lines.fid--7752831e_19fb67eabdc_7bb8","properties":{"area":2.08724389908056,"creation_doc_id":3497,"deactivation_doc_id":null,"id":2505163},"type":"Feature"},{"bbox":[72.8656,49.6272,72.8679,49.6303],"geometry":{"coordinates":[[[72.8679,49.6301],[72.8663,49.6272],[72.8656,49.6276],[72.8671,49.6303],[72.8679,49.6301]]],"type":"MultiLineString"},"geometry_name":"shape","id":"gp_red_lines.fid--7752831e_19fb67eabdc_7bb9","properties":{"area":2.15310458660667,"creation_doc_id":3497,"deactivation_doc_id":null,"id":2505910},"type":"Feature"},{"bbox":[72.8712,49.6117,72.8745,49.6146],"geometry":{"coordinates":[[[72.8745,49.612],[72.8738,49.6117],[72.8712,49.6143],[72.8719,49.6146],[72.8745,49.612]]],"type":"MultiLineString"},"geometry_name":"shape","id":"gp_red_lines.fid--7752831e_19fb67eabdc_7bba","properties":{"area":2.22239858432238,"creation_doc_id":3497,"deactivation_doc_id":null,"id":2506613},"type":"Feature"},{"bbox":[72.8498,49.6312,72.8517,49.6341],"geometry":{"coordinates":[[[72.8516,49.6339],[72.8508,49.6324],[72.8517,49.6315],[72.8509,49.6312],[72.8498,49.6324],[72.8507,49.6341],[72.8516,49.6339]]],"type":"MultiLineString"},"geometry_name":"shape","id":"gp_red_lines.fid--7752831e_19fb67eabdc_7bbb","properties":{"area":2.22710232680842,"creation_doc_id":3497,"deactivation_doc_id":null,"id":2506646},"type":"Feature"},{"bbox":[72.8513,49.6316,72.8553,49.6335],"geometry":{"coordinates":[[[72.8553,49.633],[72.8553,49.633],[72.8519,49.6316],[72.8513,49.6322],[72.8532,49.6329],[72.8535,49.6335],[72.8553,49.633]]],"type":"MultiLineString"},"geometry_name":"shape","id":"gp_red_lines.fid--7752831e_19fb67eabdc_7bbc","properties":{"area":2.26890273924237,"creation_doc_id":3497,"deactivation_doc_id":null,"id":2507060},"type":"Feature"},{"bbox":[72.8728,49.6175,72.8752,49.6201],"geometry":{"coordinates":[[[72.8752,49.6198],[72.8739,49.6175],[72.8728,49.6177],[72.8741,49.6201],[72.8752,49.6198]]],"type":"MultiLineString"},"geometry_name":"shape","id":"gp_red_lines.fid--7752831e_19fb67eabdc_7bbd","properties":{"area":2.2985213021809,"creation_doc_id":3497,"deactivation_doc_id":null,"id":2507319},"type":"Feature"},{"bbox":[72.8721,49.612,72.8755,49.615],"geometry":{"coordinates":[[[72.8755,49.6124],[72.8747,49.612],[72.8721,49.6147],[72.8729,49.615],[72.8755,49.6124]]],"type":"MultiLineString"},"geometry_name":"shape","id":"gp_red_lines.fid--7752831e_19fb67eabdc_7bbe","properties":{"area":2.39169097406875,"creation_doc_id":3497,"deactivation_doc_id":null,"id":2508144},"type":"Feature"},{"bbox":[72.8729,49.6203,72.8753,49.623],"geometry":{"coordinates":[[[72.8753,49.6228],[72.874,49.6203],[72.8729,49.6205],[72.8743,49.623],[72.8753,49.6228]]],"type":"MultiLineString"},"geometry_name":"shape","id":"gp_red_lines.fid--7752831e_19fb67eabdc_7bbf","properties":{"area":2.47212129061585,"creation_doc_id":3497,"deactivation_doc_id":null,"id":2508912},"type":"Feature"},{"bbox":[72.8742,49.62,72.8766,49.6227],"geometry":{"coordinates":[[[72.8766,49.6225],[72.8753,49.62],[72.8742,49.6202],[72.8755,49.6227],[72.8766,49.6225]]],"type":"MultiLineString"},"geometry_name":"shape","id":"gp_red_lines.fid--7752831e_19fb67eabdc_7bc0","properties":{"area":2.47215406262288,"creation_doc_id":3497,"deactivation_doc_id":null,"id":2508913},"type":"Feature"},{"bbox":[72.8663,49.6113,72.8697,49.6142],"geometry":{"coordinates":[[[72.8697,49.6117],[72.8688,49.6113],[72.8663,49.6138],[72.8672,49.6142],[72.8697,49.6117]]],"type":"MultiLineString"},"geometry_name":"shape","id":"gp_red_lines.fid--7752831e_19fb67eabdc_7bc1","properties":{"area":2.52217696373108,"creation_doc_id":3497,"deactivation_doc_id":null,"id":2509327},"type":"Feature"},{"bbox":[72.8741,49.6172,72.8766,49.6198],"geometry":{"coordinates":[[[72.8766,49.6195],[72.8753,49.6172],[72.8741,49.6175],[72.8754,49.6198],[72.8766,49.6195]]],"type":"MultiLineString"},"geometry_name":"shape","id":"gp_red_lines.fid--7752831e_19fb67eabdc_7bc2","properties":{"area":2.52364734224014,"creation_doc_id":3497,"deactivation_doc_id":null,"id":2509336},"type":"Feature"},{"bbox":[72.8715,49.6206,72.8741,49.6234],"geometry":{"coordinates":[[[72.8741,49.6231],[72.8727,49.6206],[72.8715,49.6208],[72.8729,49.6234],[72.8741,49.6231]]],"type":"MultiLineString"},"geometry_name":"shape","id":"gp_red_lines.fid--7752831e_19fb67eabdc_7bc3","properties":{"area":2.693471683844,"creation_doc_id":3497,"deactivation_doc_id":null,"id":2510632},"type":"Feature"},{"bbox":[72.8755,49.6197,72.878,49.6225],"geometry":{"coordinates":[[[72.878,49.6222],[72.8767,49.6197],[72.8755,49.62],[72.8768,49.6225],[72.878,49.6222]]],"type":"MultiLineString"},"geometry_name":"shape","id":"gp_red_lines.fid--7752831e_19fb67eabdc_7bc4","properties":{"area":2.70058676245776,"creation_doc_id":3497,"deactivation_doc_id":null,"id":2510693},"type":"Feature"},{"bbox":[72.8518,49.6381,72.8548,49.6402],"geometry":{"coordinates":[[[72.8548,49.6397],[72.8539,49.6381],[72.8518,49.6386],[72.8526,49.6402],[72.8548,49.6397]]],"type":"MultiLineString"},"geometry_name":"shape","id":"gp_red_lines.fid--7752831e_19fb67eabdc_7bc5","properties":{"area":3.04980035323366,"creation_doc_id":3497,"deactivation_doc_id":null,"id":2513010},"type":"Feature"},{"bbox":[72.8485,49.6308,72.8508,49.6344],"geometry":{"coordinates":[[[72.8506,49.6341],[72.8496,49.6324],[72.8508,49.6311],[72.85,49.6308],[72.8485,49.6323],[72.8485,49.6323],[72.8485,49.6323],[72.8485,49.6323],[72.8485,49.6323],[72.8485,49.6323],[72.8485,49.6323],[72.8485,49.6323],[72.8485,49.6324],[72.8485,49.6324],[72.8485,49.6324],[72.8485,49.6324],[72.8485,49.6324],[72.8485,49.6324],[72.8485,49.6324],[72.8485,49.6324],[72.8485,49.6324],[72.8485,49.6324],[72.8485,49.6324],[72.8485,49.6324],[72.8495,49.6344],[72.8506,49.6341]]],"type":"MultiLineString"},"geometry_name":"shape","id":"gp_red_lines.fid--7752831e_19fb67eabdc_7bc6","properties":{"area":3.10659395163712,"creation_doc_id":3497,"deactivation_doc_id":null,"id":2513329},"type":"Feature"},{"bbox":[72.8747,49.6262,72.878,49.6286],"geometry":{"coordinates":[[[72.8762,49.6285],[72.8765,49.6278],[72.8776,49.6275],[72.878,49.6276],[72.8772,49.6262],[72.8747,49.6268],[72.8757,49.6286],[72.8762,49.6285]]],"type":"MultiLineString"},"geometry_name":"shape","id":"gp_red_lines.fid--7752831e_19fb67eabdc_7bc7","properties":{"area":3.19579699737291,"creation_doc_id":3497,"deactivation_doc_id":null,"id":2513793},"type":"Feature"},{"bbox":[72.8496,49.6341,72.8526,49.6363],"geometry":{"coordinates":[[[72.8526,49.6358],[72.8517,49.6341],[72.8496,49.6345],[72.8499,49.635],[72.8501,49.6355],[72.8507,49.6361],[72.8507,49.6363],[72.8526,49.6358]]],"type":"MultiLineString"},"geometry_name":"shape","id":"gp_red_lines.fid--7752831e_19fb67eabdc_7bc8","properties":{"area":3.27404183405806,"creation_doc_id":3497,"deactivation_doc_id":null,"id":2514217},"type":"Feature"},{"bbox":[72.8728,49.6353,72.8758,49.6376],"geometry":{"coordinates":[[[72.8758,49.6371],[72.8749,49.6353],[72.8728,49.6358],[72.8738,49.6376],[72.8758,49.6371]]],"type":"MultiLineString"},"geometry_name":"shape","id":"gp_red_lines.fid--7752831e_19fb67eabdc_7bc9","properties":{"area":3.33831013032334,"creation_doc_id":3497,"deactivation_doc_id":null,"id":2514562},"type":"Feature"},{"bbox":[72.8729,49.6229,72.8762,49.625],"geometry":{"coordinates":[[[72.8762,49.6244],[72.8754,49.6229],[72.8729,49.6235],[72.8738,49.625],[72.8762,49.6244]]],"type":"MultiLineString"},"geometry_name":"shape","id":"gp_red_lines.fid--7752831e_19fb67eabdc_7bca","properties":{"area":3.41262256016258,"creation_doc_id":3497,"deactivation_doc_id":null,"id":2514887},"type":"Feature"},{"bbox":[72.8724,49.6288,72.876,49.6308],"geometry":{"coordinates":[[[72.876,49.6302],[72.8753,49.6288],[72.8724,49.6295],[72.8731,49.6308],[72.876,49.6302]]],"type":"MultiLineString"},"geometry_name":"shape","id":"gp_red_lines.fid--7752831e_19fb67eabdc_7bcb","properties":{"area":3.48735383846789,"creation_doc_id":3497,"deactivation_doc_id":null,"id":2515195},"type":"Feature"},{"bbox":[72.8501,49.6288,72.8537,49.6314],"geometry":{"coordinates":[[[72.8537,49.6295],[72.8519,49.6288],[72.8501,49.6307],[72.8518,49.6314],[72.8537,49.6295]]],"type":"MultiLineString"},"geometry_name":"shape","id":"gp_red_lines.fid--7752831e_19fb67eabdc_7bcc","properties":{"area":3.68715855690492,"creation_doc_id":3497,"deactivation_doc_id":null,"id":2515987},"type":"Feature"},{"bbox":[72.8527,49.6398,72.8559,49.6423],"geometry":{"coordinates":[[[72.8559,49.6418],[72.8548,49.6398],[72.8527,49.6403],[72.8537,49.6423],[72.8559,49.6418]]],"type":"MultiLineString"},"geometry_name":"shape","id":"gp_red_lines.fid--7752831e_19fb67eabdc_7bcd","properties":{"area":3.87267248709377,"creation_doc_id":3497,"deactivation_doc_id":null,"id":2516733},"type":"Feature"},{"bbox":[72.8595,49.6292,72.8629,49.6319],"geometry":{"coordinates":[[[72.8629,49.6312],[72.8619,49.6294],[72.8614,49.6292],[72.8595,49.6312],[72.8595,49.6312],[72.8595,49.6312],[72.8595,49.6312],[72.8595,49.6312],[72.8595,49.6312],[72.8595,49.6312],[72.8595,49.6312],[72.8595,49.6312],[72.8595,49.6312],[72.8595,49.6312],[72.8595,49.6312],[72.8595,49.6312],[72.8595,49.6312],[72.8595,49.6312],[72.8595,49.6312],[72.8595,49.6312],[72.8595,49.6312],[72.8595,49.6312],[72.8595,49.6312],[72.8599,49.6319],[72.8629,49.6312]]],"type":"MultiLineString"},"geometry_name":"shape","id":"gp_red_lines.fid--7752831e_19fb67eabdc_7bce","properties":{"area":4.05930406795976,"creation_doc_id":3497,"deactivation_doc_id":null,"id":2517413},"type":"Feature"},{"bbox":[72.8559,49.6135,72.8651,49.6227],"geometry":{"coordinates":[[[72.8651,49.6137],[72.8647,49.6135],[72.8559,49.6226],[72.8563,49.6227],[72.8651,49.6137]]],"type":"MultiLineString"},"geometry_name":"shape","id":"gp_red_lines.fid--7752831e_19fb67eabdc_7bcf","properties":{"area":4.19592447286884,"creation_doc_id":3497,"deactivation_doc_id":null,"id":2517798},"type":"Feature"},{"bbox":[72.8545,49.6306,72.8587,49.6329],"geometry":{"coordinates":[[[72.8587,49.6322],[72.8583,49.6314],[72.8563,49.6306],[72.8545,49.6325],[72.8555,49.6329],[72.8587,49.6322]]],"type":"MultiLineString"},"geometry_name":"shape","id":"gp_red_lines.fid--7752831e_19fb67eabdc_7bd0","properties":{"area":4.24351374342133,"creation_doc_id":3497,"deactivation_doc_id":null,"id":2517941},"type":"Feature"},{"bbox":[72.864,49.6246,72.869,49.6267],"geometry":{"coordinates":[[[72.869,49.6261],[72.8654,49.6246],[72.864,49.6259],[72.8661,49.6267],[72.869,49.6261]]],"type":"MultiLineString"},"geometry_name":"shape","id":"gp_red_lines.fid--7752831e_19fb67eabdc_7bd1","properties":{"area":4.36361166965057,"creation_doc_id":3497,"deactivation_doc_id":null,"id":2518273},"type":"Feature"},{"bbox":[72.8529,49.6351,72.8576,49.6378],"geometry":{"coordinates":[[[72.8576,49.6369],[72.8566,49.6351],[72.8555,49.6353],[72.856,49.6364],[72.8543,49.6368],[72.8537,49.6357],[72.8529,49.6359],[72.8539,49.6378],[72.8576,49.6369]]],"type":"MultiLineString"},"geometry_name":"shape","id":"gp_red_lines.fid--7752831e_19fb67eabdc_7bd2","properties":{"area":4.37299691906573,"creation_doc_id":3497,"deactivation_doc_id":null,"id":2518292},"type":"Feature"},{"bbox":[72.8545,49.6239,72.8584,49.6269],"geometry":{"coordinates":[[[72.8584,49.6247],[72.8566,49.6239],[72.8545,49.6262],[72.8562,49.6269],[72.8584,49.6247]]],"type":"MultiLineString"},"geometry_name":"shape","id":"gp_red_lines.fid--7752831e_19fb67eabdc_7bd3","properties":{"area":4.40226162744571,"creation_doc_id":3497,"deactivation_doc_id":null,"id":2518373},"type":"Feature"},{"bbox":[72.8706,49.6336,72.8748,49.6359],"geometry":{"coordinates":[[[72.8748,49.6351],[72.874,49.6336],[72.8706,49.6344],[72.8714,49.6359],[72.8748,49.6351]]],"type":"MultiLineString"},"geometry_name":"shape","id":"gp_red_lines.fid--7752831e_19fb67eabdc_7bd4","properties":{"area":4.62234112222165,"creation_doc_id":3497,"deactivation_doc_id":null,"id":2518951},"type":"Feature"},{"bbox":[72.8774,49.6256,72.8813,49.6283],"geometry":{"coordinates":[[[72.8799,49.6256],[72.8774,49.6262],[72.8782,49.6277],[72.8813,49.6283],[72.8799,49.6256]]],"type":"MultiLineString"},"geometry_name":"shape","id":"gp_red_lines.fid--7752831e_19fb67eabdc_7bd5","properties":{"area":4.70814613018138,"creation_doc_id":3497,"deactivation_doc_id":null,"id":2519176},"type":"Feature"},{"bbox":[72.852,49.6296,72.8561,49.6324],"geometry":{"coordinates":[[[72.8561,49.6305],[72.8538,49.6296],[72.852,49.6315],[72.8543,49.6324],[72.8561,49.6305]]],"type":"MultiLineString"},"geometry_name":"shape","id":"gp_red_lines.fid--7752831e_19fb67eabdc_7bd6","properties":{"area":4.77086562854841,"creation_doc_id":3497,"deactivation_doc_id":null,"id":2519308},"type":"Feature"},{"bbox":[72.852,49.6262,72.8561,49.6294],"geometry":{"coordinates":[[[72.8561,49.627],[72.8544,49.6262],[72.852,49.6287],[72.8538,49.6294],[72.8561,49.627]]],"type":"MultiLineString"},"geometry_name":"shape","id":"gp_red_lines.fid--7752831e_19fb67eabdc_7bd7","properties":{"area":4.82990153610429,"creation_doc_id":3497,"deactivation_doc_id":null,"id":2519458},"type":"Feature"},{"bbox":[72.8618,49.6356,72.866,49.6379],"geometry":{"coordinates":[[[72.866,49.6372],[72.8652,49.6356],[72.8618,49.6364],[72.8627,49.6379],[72.866,49.6372]]],"type":"MultiLineString"},"geometry_name":"shape","id":"gp_red_lines.fid--7752831e_19fb67eabdc_7bd8","properties":{"area":4.87819775195988,"creation_doc_id":3497,"deactivation_doc_id":null,"id":2519552},"type":"Feature"},{"bbox":[72.8581,49.6364,72.8624,49.6388],"geometry":{"coordinates":[[[72.8624,49.638],[72.8615,49.6364],[72.8581,49.6372],[72.859,49.6388],[72.8624,49.638]]],"type":"MultiLineString"},"geometry_name":"shape","id":"gp_red_lines.fid--7752831e_19fb67eabdc_7bd9","properties":{"area":4.89426581838099,"creation_doc_id":3497,"deactivation_doc_id":null,"id":2519578},"type":"Feature"},{"bbox":[72.8562,49.6411,72.8606,49.6433],"geometry":{"coordinates":[[[72.8577,49.6433],[72.8606,49.6426],[72.8598,49.6411],[72.8562,49.6419],[72.8566,49.6427],[72.8567,49.643],[72.8568,49.643],[72.8568,49.6431],[72.8569,49.6431],[72.8569,49.6432],[72.857,49.6432],[72.857,49.6432],[72.8571,49.6432],[72.8571,49.6433],[72.8572,49.6433],[72.8573,49.6433],[72.8573,49.6433],[72.8574,49.6433],[72.8574,49.6433],[72.8575,49.6433],[72.8576,49.6433],[72.8576,49.6433],[72.8577,49.6433]]],"type":"MultiLineString"},"geometry_name":"shape","id":"gp_red_lines.fid--7752831e_19fb67eabdc_7bda","properties":{"area":4.982785635095,"creation_doc_id":3497,"deactivation_doc_id":null,"id":2519765},"type":"Feature"},{"bbox":[72.8702,49.6178,72.8739,49.6207],"geometry":{"coordinates":[[[72.8739,49.6201],[72.8726,49.6178],[72.8702,49.6184],[72.8714,49.6207],[72.8739,49.6201]]],"type":"MultiLineString"},"geometry_name":"shape","id":"gp_red_lines.fid--7752831e_19fb67eabdc_7bdb","properties":{"area":5.21445000850194,"creation_doc_id":3497,"deactivation_doc_id":null,"id":2520215},"type":"Feature"},{"bbox":[72.856,49.6324,72.8603,49.6349],"geometry":{"coordinates":[[[72.8603,49.6341],[72.8594,49.6324],[72.856,49.6332],[72.8569,49.6349],[72.8603,49.6341]]],"type":"MultiLineString"},"geometry_name":"shape","id":"gp_red_lines.fid--7752831e_19fb67eabdc_7bdc","properties":{"area":5.23555097535332,"creation_doc_id":3497,"deactivation_doc_id":null,"id":2520252},"type":"Feature"},{"bbox":[72.8541,49.6373,72.8586,49.6397],"geometry":{"coordinates":[[[72.8586,49.6389],[72.8577,49.6373],[72.8541,49.6381],[72.8549,49.6397],[72.8586,49.6389]]],"type":"MultiLineString"},"geometry_name":"shape","id":"gp_red_lines.fid--7752831e_19fb67eabdc_7bdd","properties":{"area":5.23953319125733,"creation_doc_id":3497,"deactivation_doc_id":null,"id":2520260},"type":"Feature"},{"bbox":[72.8596,49.6316,72.864,49.6341],"geometry":{"coordinates":[[[72.864,49.6333],[72.863,49.6316],[72.8596,49.6324],[72.8606,49.6341],[72.864,49.6333]]],"type":"MultiLineString"},"geometry_name":"shape","id":"gp_red_lines.fid--7752831e_19fb67eabdc_7bde","properties":{"area":5.24097140543847,"creation_doc_id":3497,"deactivation_doc_id":null,"id":2520264},"type":"Feature"},{"bbox":[72.8729,49.6124,72.878,49.6154],"geometry":{"coordinates":[[[72.877,49.6145],[72.878,49.6134],[72.8757,49.6124],[72.8729,49.6152],[72.873,49.6154],[72.877,49.6145]]],"type":"MultiLineString"},"geometry_name":"shape","id":"gp_red_lines.fid--7752831e_19fb67eabdc_7bdf","properties":{"area":5.30861021916247,"creation_doc_id":3497,"deactivation_doc_id":null,"id":2520404},"type":"Feature"},{"bbox":[72.8564,49.6248,72.8608,49.6279],"geometry":{"coordinates":[[[72.8608,49.6257],[72.8585,49.6248],[72.8564,49.627],[72.8586,49.6279],[72.8608,49.6257]]],"type":"MultiLineString"},"geometry_name":"shape","id":"gp_red_lines.fid--7752831e_19fb67eabdc_7be0","properties":{"area":5.62635826789039,"creation_doc_id":3497,"deactivation_doc_id":null,"id":2521006},"type":"Feature"},{"bbox":[72.8606,49.6334,72.865,49.636],"geometry":{"coordinates":[[[72.865,49.6352],[72.864,49.6334],[72.8606,49.6342],[72.8616,49.636],[72.865,49.6352]]],"type":"MultiLineString"},"geometry_name":"shape","id":"gp_red_lines.fid--7752831e_19fb67eabdc_7be1","properties":{"area":5.65250274710332,"creation_doc_id":3497,"deactivation_doc_id":null,"id":2521048},"type":"Feature"},{"bbox":[72.857,49.6342,72.8614,49.6368],"geometry":{"coordinates":[[[72.8614,49.6361],[72.8604,49.6342],[72.857,49.635],[72.8579,49.6368],[72.8614,49.6361]]],"type":"MultiLineString"},"geometry_name":"shape","id":"gp_red_lines.fid--7752831e_19fb67eabdc_7be2","properties":{"area":5.66515362373364,"creation_doc_id":3497,"deactivation_doc_id":null,"id":2521068},"type":"Feature"},{"bbox":[72.8539,49.627,72.8585,49.6304],"geometry":{"coordinates":[[[72.8585,49.628],[72.8563,49.627],[72.8539,49.6295],[72.8562,49.6304],[72.8585,49.628]]],"type":"MultiLineString"},"geometry_name":"shape","id":"gp_red_lines.fid--7752831e_19fb67eabdc_7be3","properties":{"area":6.15625900407916,"creation_doc_id":3497,"deactivation_doc_id":null,"id":2521774},"type":"Feature"},{"bbox":[72.8589,49.6258,72.8636,49.629],"geometry":{"coordinates":[[[72.8636,49.6268],[72.861,49.6258],[72.8589,49.628],[72.8614,49.629],[72.8636,49.6268]]],"type":"MultiLineString"},"geometry_name":"shape","id":"gp_red_lines.fid--7752831e_19fb67eabdc_7be4","properties":{"area":6.314779125393,"creation_doc_id":3497,"deactivation_doc_id":null,"id":2522027},"type":"Feature"},{"bbox":[72.855,49.6389,72.8597,49.6418],"geometry":{"coordinates":[[[72.8597,49.641],[72.8586,49.6389],[72.8555,49.6396],[72.855,49.6398],[72.8561,49.6418],[72.8597,49.641]]],"type":"MultiLineString"},"geometry_name":"shape","id":"gp_red_lines.fid--7752831e_19fb67eabdc_7be5","properties":{"area":6.58960613991249,"creation_doc_id":3497,"deactivation_doc_id":null,"id":2522426},"type":"Feature"},{"bbox":[72.8655,49.6345,72.8711,49.6371],"geometry":{"coordinates":[[[72.8711,49.6361],[72.8702,49.6345],[72.8655,49.6355],[72.8664,49.6371],[72.8711,49.6361]]],"type":"MultiLineString"},"geometry_name":"shape","id":"gp_red_lines.fid--7752831e_19fb67eabdc_7be6","properties":{"area":6.79742590026813,"creation_doc_id":3497,"deactivation_doc_id":null,"id":2522743},"type":"Feature"},{"bbox":[72.8837,49.6311,72.8876,49.6358],"geometry":{"coordinates":[[[72.8856,49.6354],[72.8856,49.6354],[72.8856,49.6354],[72.8857,49.6354],[72.8857,49.6353],[72.8857,49.6353],[72.8857,49.6353],[72.8858,49.6353],[72.8858,49.6353],[72.8858,49.6353],[72.8858,49.6352],[72.8859,49.6352],[72.8859,49.6352],[72.8859,49.6352],[72.8876,49.6318],[72.8876,49.6318],[72.8876,49.6317],[72.8876,49.6317],[72.8876,49.6317],[72.8876,49.6317],[72.8876,49.6316],[72.8876,49.6316],[72.8876,49.6316],[72.8876,49.6316],[72.8876,49.6316],[72.8876,49.6315],[72.8876,49.6315],[72.8875,49.6315],[72.8875,49.6315],[72.8875,49.6314],[72.8875,49.6314],[72.8875,49.6314],[72.8875,49.6314],[72.8874,49.6314],[72.8874,49.6314],[72.8874,49.6314],[72.8874,49.6314],[72.8873,49.6313],[72.8873,49.6313],[72.8873,49.6313],[72.8873,49.6313],[72.8872,49.6313],[72.8859,49.6311],[72.8837,49.6355],[72.8838,49.6358],[72.8856,49.6354]]],"type":"MultiLineString"},"geometry_name":"shape","id":"gp_red_lines.fid--7752831e_19fb67eabdc_7be7","properties":{"area":6.99743978842039,"creation_doc_id":3497,"deactivation_doc_id":null,"id":2523031},"type":"Feature"},{"bbox":[72.8591,49.6177,72.8641,49.6213],"geometry":{"coordinates":[[[72.8641,49.6188],[72.8615,49.6177],[72.8591,49.6202],[72.8616,49.6213],[72.8641,49.6188]]],"type":"MultiLineString"},"geometry_name":"shape","id":"gp_red_lines.fid--7752831e_19fb67eabdc_7be8","properties":{"area":7.04078880534548,"creation_doc_id":3497,"deactivation_doc_id":null,"id":2523085},"type":"Feature"},{"bbox":[72.8566,49.6203,72.8615,49.6239],"geometry":{"coordinates":[[[72.8615,49.6214],[72.859,49.6203],[72.8566,49.6228],[72.8591,49.6239],[72.8615,49.6214]]],"type":"MultiLineString"},"geometry_name":"shape","id":"gp_red_lines.fid--7752831e_19fb67eabdc_7be9","properties":{"area":7.10998119982792,"creation_doc_id":3497,"deactivation_doc_id":null,"id":2523170},"type":"Feature"},{"bbox":[72.8564,49.6281,72.8613,49.6321],"geometry":{"coordinates":[[[72.8597,49.632],[72.8593,49.6312],[72.8593,49.6312],[72.8593,49.6312],[72.8593,49.6312],[72.8593,49.6312],[72.8593,49.6312],[72.8593,49.6312],[72.8593,49.6312],[72.8593,49.6312],[72.8593,49.6312],[72.8593,49.6312],[72.8593,49.6312],[72.8593,49.6312],[72.8593,49.6312],[72.8593,49.6311],[72.8593,49.6311],[72.8593,49.6311],[72.8594,49.6311],[72.8594,49.6311],[72.8594,49.6311],[72.8613,49.6292],[72.8588,49.6281],[72.8564,49.6305],[72.8585,49.6314],[72.8589,49.6321],[72.8597,49.632]]],"type":"MultiLineString"},"geometry_name":"shape","id":"gp_red_lines.fid--7752831e_19fb67eabdc_7bea","properties":{"area":7.25471102142998,"creation_doc_id":3497,"deactivation_doc_id":null,"id":2523326},"type":"Feature"},{"bbox":[72.8705,49.6254,72.8751,49.6291],"geometry":{"coordinates":[[[72.8751,49.6285],[72.8734,49.6254],[72.8705,49.626],[72.8722,49.6291],[72.8751,49.6285]]],"type":"MultiLineString"},"geometry_name":"shape","id":"gp_red_lines.fid--7752831e_19fb67eabdc_7beb","properties":{"area":7.98336797089444,"creation_doc_id":3497,"deactivation_doc_id":null,"id":2524055},"type":"Feature"},{"bbox":[72.8742,49.6328,72.8793,49.637],"geometry":{"coordinates":[[[72.8793,49.6363],[72.8774,49.6328],[72.8742,49.6336],[72.8761,49.637],[72.8793,49.6363]]],"type":"MultiLineString"},"geometry_name":"shape","id":"gp_red_lines.fid--7752831e_19fb67eabdc_7bec","properties":{"area":10.0873691275652,"creation_doc_id":3497,"deactivation_doc_id":null,"id":2525646},"type":"Feature"},{"bbox":[72.8665,49.6261,72.8718,49.63],"geometry":{"coordinates":[[[72.8718,49.6292],[72.8702,49.6261],[72.8665,49.6269],[72.8666,49.627],[72.8682,49.63],[72.8718,49.6292]]],"type":"MultiLineString"},"geometry_name":"shape","id":"gp_red_lines.fid--7752831e_19fb67eabdc_7bed","properties":{"area":10.1531839227637,"creation_doc_id":3497,"deactivation_doc_id":null,"id":2525688},"type":"Feature"},{"bbox":[72.862,49.6138,72.8682,49.6183],"geometry":{"coordinates":[[[72.8667,49.6161],[72.8682,49.6157],[72.8676,49.6148],[72.8676,49.6148],[72.8676,49.6148],[72.8676,49.6148],[72.8676,49.6148],[72.8676,49.6148],[72.8676,49.6148],[72.8676,49.6148],[72.8676,49.6147],[72.8676,49.6147],[72.8676,49.6147],[72.8676,49.6147],[72.8653,49.6138],[72.862,49.6172],[72.8636,49.6178],[72.8646,49.6183],[72.8667,49.6161]]],"type":"MultiLineString"},"geometry_name":"shape","id":"gp_red_lines.fid--7752831e_19fb67eabdc_7bee","properties":{"area":10.1898635240279,"creation_doc_id":3497,"deactivation_doc_id":null,"id":2525707},"type":"Feature"},{"bbox":[72.8726,49.6366,72.8804,49.6399],"geometry":{"coordinates":[[[72.8804,49.6383],[72.8794,49.6366],[72.8726,49.6381],[72.8735,49.6399],[72.8804,49.6383]]],"type":"MultiLineString"},"geometry_name":"shape","id":"gp_red_lines.fid--7752831e_19fb67eabdc_7bef","properties":{"area":10.9008800936254,"creation_doc_id":3497,"deactivation_doc_id":null,"id":2526072},"type":"Feature"},{"bbox":[72.8615,49.6269,72.8669,49.6312],"geometry":{"coordinates":[[[72.8669,49.6303],[72.8655,49.6276],[72.8637,49.6269],[72.8615,49.6291],[72.862,49.6293],[72.862,49.6293],[72.862,49.6293],[72.8621,49.6293],[72.8621,49.6293],[72.8621,49.6293],[72.8621,49.6293],[72.8621,49.6293],[72.8621,49.6294],[72.8621,49.6294],[72.8621,49.6294],[72.8621,49.6294],[72.8631,49.6312],[72.8669,49.6303]]],"type":"MultiLineString"},"geometry_name":"shape","id":"gp_red_lines.fid--7752831e_19fb67eabdc_7bf0","properties":{"area":10.9147622377212,"creation_doc_id":3497,"deactivation_doc_id":null,"id":2526078},"type":"Feature"},{"bbox":[72.8736,49.6385,72.8813,49.6419],"geometry":{"coordinates":[[[72.881,49.6404],[72.881,49.6404],[72.881,49.6404],[72.881,49.6404],[72.881,49.6404],[72.8811,49.6404],[72.8811,49.6404],[72.8811,49.6404],[72.8811,49.6404],[72.8811,49.6404],[72.8812,49.6404],[72.8812,49.6404],[72.8812,49.6403],[72.8812,49.6403],[72.8812,49.6403],[72.8812,49.6403],[72.8813,49.6403],[72.8813,49.6403],[72.8813,49.6402],[72.8813,49.6402],[72.8813,49.6402],[72.8813,49.6402],[72.8813,49.6401],[72.8813,49.6401],[72.8813,49.6401],[72.8813,49.6401],[72.8813,49.64],[72.8813,49.64],[72.8813,49.64],[72.8813,49.64],[72.8812,49.6398],[72.8805,49.6385],[72.8736,49.64],[72.8746,49.6419],[72.881,49.6404]]],"type":"MultiLineString"},"geometry_name":"shape","id":"gp_red_lines.fid--7752831e_19fb67eabdc_7bf1","properties":{"area":11.541903360921,"creation_doc_id":3497,"deactivation_doc_id":null,"id":2526403},"type":"Feature"},{"bbox":[72.8758,49.6277,72.8817,49.6324],"geometry":{"coordinates":[[[72.8796,49.632],[72.8797,49.632],[72.8798,49.6319],[72.8799,49.6319],[72.88,49.6319],[72.8801,49.6318],[72.8802,49.6318],[72.8802,49.6317],[72.8803,49.6316],[72.8804,49.6316],[72.8805,49.6315],[72.8806,49.6314],[72.8806,49.6313],[72.8807,49.6312],[72.8817,49.6292],[72.8817,49.6292],[72.8817,49.6291],[72.8817,49.6291],[72.8817,49.6291],[72.8817,49.6291],[72.8817,49.6291],[72.8817,49.6291],[72.8817,49.6291],[72.8817,49.6291],[72.8817,49.6291],[72.8817,49.6291],[72.8817,49.6291],[72.8817,49.6291],[72.8817,49.6291],[72.8817,49.629],[72.8814,49.6285],[72.8776,49.6277],[72.8767,49.6279],[72.8763,49.6286],[72.8758,49.6287],[72.8778,49.6324],[72.8796,49.632]]],"type":"MultiLineString"},"geometry_name":"shape","id":"gp_red_lines.fid--7752831e_19fb67eabdc_7bf2","properties":{"area":14.6457669621612,"creation_doc_id":3497,"deactivation_doc_id":null,"id":2527804},"type":"Feature"},{"bbox":[72.8623,49.6185,72.8709,49.6254],"geometry":{"coordinates":[[[72.8681,49.6214],[72.8709,49.6208],[72.8696,49.6185],[72.8678,49.6189],[72.8623,49.6245],[72.8643,49.6254],[72.8681,49.6214]]],"type":"MultiLineString"},"geometry_name":"shape","id":"gp_red_lines.fid--7752831e_19fb67eabdc_7bf3","properties":{"area":15.4307702613415,"creation_doc_id":3497,"deactivation_doc_id":null,"id":2528103},"type":"Feature"},{"bbox":[72.8634,49.6305,72.87,49.6352],"geometry":{"coordinates":[[[72.87,49.6341],[72.8681,49.6305],[72.8634,49.6315],[72.8653,49.6352],[72.87,49.6341]]],"type":"MultiLineString"},"geometry_name":"shape","id":"gp_red_lines.fid--7752831e_19fb67eabdc_7bf4","properties":{"area":15.5354082772479,"creation_doc_id":3497,"deactivation_doc_id":null,"id":2528128},"type":"Feature"},{"bbox":[72.8684,49.6296,72.8772,49.634],"geometry":{"coordinates":[[[72.8772,49.6325],[72.8761,49.6304],[72.8729,49.6312],[72.872,49.6296],[72.8684,49.6304],[72.8704,49.634],[72.8772,49.6325]]],"type":"MultiLineString"},"geometry_name":"shape","id":"gp_red_lines.fid--7752831e_19fb67eabdc_7bf5","properties":{"area":17.9430711826849,"creation_doc_id":3497,"deactivation_doc_id":null,"id":2528795},"type":"Feature"},{"bbox":[72.8655,49.621,72.8732,49.626],"geometry":{"coordinates":[[[72.8732,49.6251],[72.871,49.621],[72.8683,49.6216],[72.8655,49.6244],[72.8693,49.626],[72.8732,49.6251]]],"type":"MultiLineString"},"geometry_name":"shape","id":"gp_red_lines.fid--7752831e_19fb67eabdc_7bf6","properties":{"area":18.6931408137251,"creation_doc_id":3497,"deactivation_doc_id":null,"id":2529015},"type":"Feature"},{"bbox":[72.8601,49.6382,72.8732,49.6425],"geometry":{"coordinates":[[[72.8628,49.6423],[72.8732,49.64],[72.8722,49.6382],[72.8638,49.6401],[72.8601,49.6409],[72.861,49.6425],[72.8628,49.6423]]],"type":"MultiLineString"},"geometry_name":"shape","id":"gp_red_lines.fid--7752831e_19fb67eabdc_7bf7","properties":{"area":19.0606376658526,"creation_doc_id":3497,"deactivation_doc_id":null,"id":2529114},"type":"Feature"},{"bbox":[72.8593,49.6166,72.8696,49.6249],"geometry":{"coordinates":[[[72.8677,49.6188],[72.8696,49.6183],[72.8686,49.6166],[72.866,49.6171],[72.8593,49.624],[72.8617,49.6249],[72.8677,49.6188]]],"type":"MultiLineString"},"geometry_name":"shape","id":"gp_red_lines.fid--7752831e_19fb67eabdc_7bf8","properties":{"area":20.7054980516977,"creation_doc_id":3497,"deactivation_doc_id":null,"id":2529475},"type":"Feature"},{"bbox":[72.8779,49.6302,72.8857,49.6366],"geometry":{"coordinates":[[[72.8836,49.6358],[72.8834,49.6355],[72.8857,49.631],[72.8818,49.6302],[72.8812,49.6313],[72.8811,49.6315],[72.881,49.6316],[72.8809,49.6317],[72.8809,49.6318],[72.8807,49.6319],[72.8806,49.6319],[72.8805,49.632],[72.8804,49.6321],[72.8803,49.6322],[72.8801,49.6322],[72.88,49.6323],[72.8799,49.6323],[72.8797,49.6323],[72.8786,49.6326],[72.8779,49.6327],[72.8801,49.6366],[72.8836,49.6358]]],"type":"MultiLineString"},"geometry_name":"shape","id":"gp_red_lines.fid--7752831e_19fb67eabdc_7bf9","properties":{"area":22.5417799997645,"creation_doc_id":3497,"deactivation_doc_id":null,"id":2529845},"type":"Feature"},{"bbox":[72.8618,49.6401,72.8743,49.6506],"geometry":{"coordinates":[[[72.8683,49.6435],[72.8683,49.6435],[72.8684,49.6434],[72.8684,49.6434],[72.8685,49.6433],[72.8685,49.6433],[72.8686,49.6433],[72.8687,49.6432],[72.8687,49.6432],[72.8688,49.6432],[72.8689,49.6432],[72.8689,49.6431],[72.8743,49.6419],[72.8733,49.6401],[72.8629,49.6424],[72.8624,49.6425],[72.863,49.6438],[72.8628,49.6438],[72.8618,49.644],[72.8632,49.6466],[72.8633,49.6506],[72.8683,49.6435]]],"type":"MultiLineString"},"geometry_name":"shape","id":"gp_red_lines.fid--7752831e_19fb67eabdc_7bfa","properties":{"area":33.2202542586853,"creation_doc_id":3497,"deactivation_doc_id":null,"id":2531301},"type":"Feature"},{"bbox":[72.8406,49.6228,72.857,49.6392],"geometry":{"coordinates":[[[72.8471,49.6391],[72.8515,49.6382],[72.8504,49.6362],[72.8498,49.6355],[72.8496,49.6351],[72.8482,49.6325],[72.8482,49.6325],[72.8482,49.6325],[72.8482,49.6325],[72.8482,49.6324],[72.8482,49.6324],[72.8482,49.6324],[72.8482,49.6324],[72.8482,49.6324],[72.8482,49.6324],[72.8482,49.6323],[72.8482,49.6323],[72.8482,49.6323],[72.8482,49.6323],[72.8482,49.6323],[72.8482,49.6323],[72.8482,49.6322],[72.8482,49.6322],[72.8483,49.6322],[72.8483,49.6322],[72.857,49.6233],[72.8557,49.6228],[72.8444,49.6344],[72.8443,49.6346],[72.8441,49.6347],[72.8439,49.6348],[72.8438,49.6349],[72.8436,49.6351],[72.8434,49.6352],[72.8432,49.6352],[72.8431,49.6353],[72.8431,49.6353],[72.843,49.6353],[72.8429,49.6354],[72.8429,49.6354],[72.8428,49.6354],[72.8428,49.6355],[72.8406,49.6377],[72.8406,49.6377],[72.8407,49.6377],[72.8407,49.6378],[72.8407,49.6378],[72.8407,49.6378],[72.8407,49.6378],[72.8407,49.6379],[72.8407,49.6379],[72.8407,49.6379],[72.8407,49.6379],[72.8407,49.638],[72.8457,49.6391],[72.8459,49.6392],[72.8461,49.6392],[72.8463,49.6392],[72.8465,49.6392],[72.8467,49.6392],[72.8469,49.6392],[72.8471,49.6391]]],"type":"MultiLineString"},"geometry_name":"shape","id":"gp_red_lines.fid--7752831e_19fb67eabdc_7bfb","properties":{"area":47.3292665696043,"creation_doc_id":3497,"deactivation_doc_id":null,"id":2532308},"type":"Feature"},{"bbox":[72.8288,49.6383,72.8628,49.6522],"geometry":{"coordinates":[[[72.8424,49.6508],[72.8527,49.6485],[72.8585,49.6488],[72.8628,49.6478],[72.8628,49.6466],[72.8607,49.6427],[72.8578,49.6434],[72.8577,49.6434],[72.8576,49.6434],[72.8575,49.6434],[72.8574,49.6435],[72.8574,49.6434],[72.8573,49.6434],[72.8572,49.6434],[72.8571,49.6434],[72.8571,49.6434],[72.857,49.6434],[72.8569,49.6433],[72.8568,49.6433],[72.8568,49.6432],[72.8567,49.6432],[72.8567,49.6431],[72.8566,49.6431],[72.8565,49.643],[72.8564,49.6427],[72.856,49.6419],[72.8536,49.6425],[72.8519,49.6393],[72.8492,49.6399],[72.8488,49.6391],[72.8473,49.6395],[72.847,49.6395],[72.8468,49.6396],[72.8465,49.6396],[72.8463,49.6396],[72.846,49.6396],[72.8458,49.6395],[72.8456,49.6395],[72.8405,49.6383],[72.8405,49.6384],[72.8404,49.6384],[72.8403,49.6384],[72.8403,49.6385],[72.8402,49.6385],[72.8401,49.6385],[72.84,49.6385],[72.84,49.6385],[72.8399,49.6385],[72.8398,49.6385],[72.8397,49.6385],[72.8396,49.6385],[72.8396,49.6385],[72.8395,49.6384],[72.8394,49.6384],[72.8393,49.6384],[72.8393,49.6383],[72.8288,49.6413],[72.8298,49.6463],[72.8299,49.6465],[72.83,49.6467],[72.8301,49.6469],[72.8302,49.6471],[72.8303,49.6473],[72.8305,49.6475],[72.8306,49.6476],[72.8308,49.6478],[72.831,49.648],[72.8311,49.6481],[72.8313,49.6482],[72.8315,49.6483],[72.8317,49.6484],[72.832,49.6485],[72.8322,49.6486],[72.841,49.6522],[72.8424,49.6508]]],"type":"MultiLineString"},"geometry_name":"shape","id":"gp_red_lines.fid--7752831e_19fb67eabdc_7bfc","properties":{"area":238.01857398838,"creation_doc_id":3497,"deactivation_doc_id":null,"id":2534357},"type":"Feature"},{"bbox":[72.8774,49.6256,72.8813,49.6283],"geometry":{"coordinates":[[[72.8799,49.6256],[72.8774,49.6262],[72.8782,49.6277],[72.8813,49.6283],[72.8799,49.6256]]],"type":"MultiLineString"},"geometry_name":"shape","id":"gp_red_lines.fid--7752831e_19fb67eabdc_7bfd","properties":{"area":null,"creation_doc_id":3497,"deactivation_doc_id":null,"id":2558798},"type":"Feature"},{"bbox":[72.8782,49.6248,72.8798,49.6258],"geometry":{"coordinates":[[[72.8794,49.6248],[72.8798,49.6255],[72.8786,49.6258],[72.8782,49.6251],[72.8794,49.6248]]],"type":"MultiLineString"},"geometry_name":"shape","id":"gp_red_lines.fid--7752831e_19fb67eabdc_7bfe","properties":{"area":null,"creation_doc_id":3497,"deactivation_doc_id":null,"id":2558799},"type":"Feature"},{"bbox":[72.877,49.6251,72.8784,49.6261],"geometry":{"coordinates":[[[72.8773,49.6261],[72.8784,49.6258],[72.8781,49.6251],[72.877,49.6254],[72.8773,49.6261]]],"type":"MultiLineString"},"geometry_name":"shape","id":"gp_red_lines.fid--7752831e_19fb67eabdc_7bff","properties":{"area":null,"creation_doc_id":3497,"deactivation_doc_id":null,"id":2558800},"type":"Feature"},{"bbox":[72.8739,49.6247,72.8767,49.6258],"geometry":{"coordinates":[[[72.8767,49.6253],[72.8742,49.6258],[72.8739,49.6253],[72.8764,49.6247],[72.8767,49.6253]]],"type":"MultiLineString"},"geometry_name":"shape","id":"gp_red_lines.fid--7752831e_19fb67eabdc_7c00","properties":{"area":null,"creation_doc_id":3497,"deactivation_doc_id":null,"id":2558801},"type":"Feature"},{"bbox":[72.8743,49.6254,72.8771,49.6267],"geometry":{"coordinates":[[[72.8743,49.626],[72.8768,49.6254],[72.8771,49.6261],[72.8747,49.6267],[72.8743,49.626]]],"type":"MultiLineString"},"geometry_name":"shape","id":"gp_red_lines.fid--7752831e_19fb67eabdc_7c01","properties":{"area":null,"creation_doc_id":3497,"deactivation_doc_id":null,"id":2558802},"type":"Feature"},{"bbox":[72.8747,49.6262,72.878,49.6286],"geometry":{"coordinates":[[[72.878,49.6276],[72.8772,49.6262],[72.8747,49.6268],[72.8757,49.6286],[72.8762,49.6285],[72.8765,49.6278],[72.8776,49.6275],[72.878,49.6276]]],"type":"MultiLineString"},"geometry_name":"shape","id":"gp_red_lines.fid--7752831e_19fb67eabdc_7c02","properties":{"area":null,"creation_doc_id":3497,"deactivation_doc_id":null,"id":2558803},"type":"Feature"},{"bbox":[72.8758,49.6277,72.8817,49.6324],"geometry":{"coordinates":[[[72.8758,49.6287],[72.8778,49.6324],[72.8796,49.632],[72.8797,49.632],[72.8798,49.6319],[72.8799,49.6319],[72.88,49.6319],[72.8801,49.6318],[72.8802,49.6318],[72.8802,49.6317],[72.8803,49.6316],[72.8804,49.6316],[72.8805,49.6315],[72.8806,49.6314],[72.8806,49.6313],[72.8807,49.6312],[72.8817,49.6292],[72.8817,49.6292],[72.8817,49.6291],[72.8817,49.6291],[72.8817,49.6291],[72.8817,49.6291],[72.8817,49.6291],[72.8817,49.6291],[72.8817,49.6291],[72.8817,49.6291],[72.8817,49.6291],[72.8817,49.6291],[72.8817,49.6291],[72.8817,49.6291],[72.8817,49.6291],[72.8817,49.629],[72.8814,49.6285],[72.8776,49.6277],[72.8767,49.6279],[72.8763,49.6286],[72.8758,49.6287]]],"type":"MultiLineString"},"geometry_name":"shape","id":"gp_red_lines.fid--7752831e_19fb67eabdc_7c03","properties":{"area":null,"creation_doc_id":3497,"deactivation_doc_id":null,"id":2558804},"type":"Feature"},{"bbox":[72.8633,49.6109,72.8879,49.6514],"geometry":{"coordinates":[[[72.881,49.6109],[72.8756,49.6166],[72.8822,49.6289],[72.8823,49.6289],[72.8823,49.629],[72.8823,49.629],[72.8823,49.629],[72.8823,49.629],[72.8823,49.6291],[72.8823,49.6291],[72.8823,49.6291],[72.8823,49.6291],[72.8823,49.6292],[72.8823,49.6292],[72.8823,49.6292],[72.8823,49.6292],[72.8823,49.6293],[72.8823,49.6293],[72.8819,49.63],[72.8873,49.6312],[72.8874,49.6312],[72.8874,49.6312],[72.8874,49.6312],[72.8875,49.6312],[72.8875,49.6312],[72.8875,49.6312],[72.8876,49.6312],[72.8876,49.6312],[72.8876,49.6313],[72.8877,49.6313],[72.8877,49.6313],[72.8877,49.6313],[72.8878,49.6314],[72.8878,49.6314],[72.8878,49.6314],[72.8878,49.6315],[72.8878,49.6315],[72.8878,49.6315],[72.8879,49.6316],[72.8879,49.6316],[72.8879,49.6316],[72.8879,49.6317],[72.8879,49.6317],[72.8879,49.6317],[72.8879,49.6318],[72.8879,49.6318],[72.8879,49.6319],[72.8862,49.6352],[72.8861,49.6353],[72.8861,49.6353],[72.8861,49.6353],[72.886,49.6354],[72.886,49.6354],[72.886,49.6354],[72.8859,49.6354],[72.8859,49.6355],[72.8858,49.6355],[72.8858,49.6355],[72.8857,49.6355],[72.8857,49.6355],[72.8856,49.6355],[72.8802,49.6368],[72.8816,49.6395],[72.8818,49.6399],[72.8818,49.6399],[72.8818,49.64],[72.8818,49.64],[72.8818,49.64],[72.8818,49.6401],[72.8818,49.6401],[72.8818,49.6402],[72.8818,49.6402],[72.8818,49.6403],[72.8818,49.6403],[72.8818,49.6404],[72.8818,49.6404],[72.8818,49.6404],[72.8817,49.6405],[72.8817,49.6405],[72.8817,49.6406],[72.8816,49.6406],[72.8816,49.6406],[72.8816,49.6406],[72.8815,49.6407],[72.8815,49.6407],[72.8814,49.6407],[72.8814,49.6407],[72.8814,49.6407],[72.8813,49.6408],[72.8813,49.6408],[72.8812,49.6408],[72.8812,49.6408],[72.8811,49.6408],[72.8691,49.6435],[72.8691,49.6435],[72.869,49.6435],[72.869,49.6435],[72.869,49.6435],[72.869,49.6435],[72.8689,49.6436],[72.8689,49.6436],[72.8689,49.6436],[72.8688,49.6436],[72.8688,49.6436],[72.8688,49.6437],[72.8633,49.6514],[72.8633,49.6514]]],"type":"MultiLineString"},"geometry_name":"shape","id":"gp_red_lines.fid--7752831e_19fb67eabdc_7c04","properties":{"area":null,"creation_doc_id":3497,"deactivation_doc_id":null,"id":2558805},"type":"Feature"},{"bbox":[72.8742,49.6328,72.8793,49.637],"geometry":{"coordinates":[[[72.8761,49.637],[72.8742,49.6336],[72.8774,49.6328],[72.8793,49.6363],[72.8761,49.637]]],"type":"MultiLineString"},"geometry_name":"shape","id":"gp_red_lines.fid--7752831e_19fb67eabdc_7c05","properties":{"area":null,"creation_doc_id":3497,"deactivation_doc_id":null,"id":2558806},"type":"Feature"},{"bbox":[72.8779,49.6302,72.8857,49.6366],"geometry":{"coordinates":[[[72.8818,49.6302],[72.8812,49.6313],[72.8811,49.6315],[72.881,49.6316],[72.8809,49.6317],[72.8809,49.6318],[72.8807,49.6319],[72.8806,49.6319],[72.8805,49.632],[72.8804,49.6321],[72.8803,49.6322],[72.8801,49.6322],[72.88,49.6323],[72.8799,49.6323],[72.8797,49.6323],[72.8786,49.6326],[72.8779,49.6327],[72.8801,49.6366],[72.8836,49.6358],[72.8834,49.6355],[72.8857,49.631],[72.8818,49.6302]]],"type":"MultiLineString"},"geometry_name":"shape","id":"gp_red_lines.fid--7752831e_19fb67eabdc_7c06","properties":{"area":null,"creation_doc_id":3497,"deactivation_doc_id":null,"id":2558807},"type":"Feature"},{"bbox":[72.8837,49.6311,72.8876,49.6358],"geometry":{"coordinates":[[[72.8838,49.6358],[72.8856,49.6354],[72.8856,49.6354],[72.8856,49.6354],[72.8857,49.6354],[72.8857,49.6353],[72.8857,49.6353],[72.8857,49.6353],[72.8858,49.6353],[72.8858,49.6353],[72.8858,49.6353],[72.8858,49.6352],[72.8859,49.6352],[72.8859,49.6352],[72.8859,49.6352],[72.8876,49.6318],[72.8876,49.6318],[72.8876,49.6317],[72.8876,49.6317],[72.8876,49.6317],[72.8876,49.6317],[72.8876,49.6316],[72.8876,49.6316],[72.8876,49.6316],[72.8876,49.6316],[72.8876,49.6316],[72.8876,49.6315],[72.8876,49.6315],[72.8875,49.6315],[72.8875,49.6315],[72.8875,49.6314],[72.8875,49.6314],[72.8875,49.6314],[72.8875,49.6314],[72.8874,49.6314],[72.8874,49.6314],[72.8874,49.6314],[72.8874,49.6314],[72.8873,49.6313],[72.8873,49.6313],[72.8873,49.6313],[72.8873,49.6313],[72.8872,49.6313],[72.8859,49.6311],[72.8837,49.6355],[72.8838,49.6358]]],"type":"MultiLineString"},"geometry_name":"shape","id":"gp_red_lines.fid--7752831e_19fb67eabdc_7c07","properties":{"area":null,"creation_doc_id":3497,"deactivation_doc_id":null,"id":2558808},"type":"Feature"},{"bbox":[72.8726,49.6366,72.8804,49.6399],"geometry":{"coordinates":[[[72.8804,49.6383],[72.8794,49.6366],[72.8726,49.6381],[72.8735,49.6399],[72.8804,49.6383]]],"type":"MultiLineString"},"geometry_name":"shape","id":"gp_red_lines.fid--7752831e_19fb67eabdc_7c08","properties":{"area":null,"creation_doc_id":3497,"deactivation_doc_id":null,"id":2558809},"type":"Feature"},{"bbox":[72.8736,49.6385,72.8813,49.6419],"geometry":{"coordinates":[[[72.8805,49.6385],[72.8812,49.6398],[72.8813,49.64],[72.8813,49.64],[72.8813,49.64],[72.8813,49.64],[72.8813,49.6401],[72.8813,49.6401],[72.8813,49.6401],[72.8813,49.6401],[72.8813,49.6402],[72.8813,49.6402],[72.8813,49.6402],[72.8813,49.6402],[72.8813,49.6403],[72.8813,49.6403],[72.8812,49.6403],[72.8812,49.6403],[72.8812,49.6403],[72.8812,49.6403],[72.8812,49.6404],[72.8812,49.6404],[72.8811,49.6404],[72.8811,49.6404],[72.8811,49.6404],[72.8811,49.6404],[72.8811,49.6404],[72.881,49.6404],[72.881,49.6404],[72.881,49.6404],[72.881,49.6404],[72.881,49.6404],[72.8746,49.6419],[72.8736,49.64],[72.8805,49.6385]]],"type":"MultiLineString"},"geometry_name":"shape","id":"gp_red_lines.fid--7752831e_19fb67eabdc_7c09","properties":{"area":null,"creation_doc_id":3497,"deactivation_doc_id":null,"id":2558810},"type":"Feature"},{"bbox":[72.8414,49.6481,72.8629,49.6523],"geometry":{"coordinates":[[[72.8628,49.6514],[72.8628,49.6513],[72.8629,49.6512],[72.8628,49.6481],[72.8585,49.649],[72.8528,49.6487],[72.8426,49.651],[72.8414,49.6523],[72.8415,49.6523]]],"type":"MultiLineString"},"geometry_name":"shape","id":"gp_red_lines.fid--7752831e_19fb67eabdc_7c0a","properties":{"area":null,"creation_doc_id":3497,"deactivation_doc_id":null,"id":2558811},"type":"Feature"},{"bbox":[72.8288,49.6383,72.8628,49.6522],"geometry":{"coordinates":[[[72.8488,49.6391],[72.8492,49.6399],[72.8519,49.6393],[72.8536,49.6425],[72.856,49.6419],[72.8564,49.6427],[72.8565,49.643],[72.8566,49.6431],[72.8567,49.6431],[72.8567,49.6432],[72.8568,49.6432],[72.8568,49.6433],[72.8569,49.6433],[72.857,49.6434],[72.8571,49.6434],[72.8571,49.6434],[72.8572,49.6434],[72.8573,49.6434],[72.8574,49.6434],[72.8574,49.6435],[72.8575,49.6434],[72.8576,49.6434],[72.8577,49.6434],[72.8578,49.6434],[72.8607,49.6427],[72.8628,49.6466],[72.8628,49.6478],[72.8585,49.6488],[72.8527,49.6485],[72.8424,49.6508],[72.841,49.6522],[72.8322,49.6486],[72.832,49.6485],[72.8317,49.6484],[72.8315,49.6483],[72.8313,49.6482],[72.8311,49.6481],[72.831,49.648],[72.8308,49.6478],[72.8306,49.6476],[72.8305,49.6475],[72.8303,49.6473],[72.8302,49.6471],[72.8301,49.6469],[72.83,49.6467],[72.8299,49.6465],[72.8298,49.6463],[72.8288,49.6413],[72.8393,49.6383],[72.8393,49.6384],[72.8394,49.6384],[72.8395,49.6384],[72.8396,49.6385],[72.8396,49.6385],[72.8397,49.6385],[72.8398,49.6385],[72.8399,49.6385],[72.84,49.6385],[72.84,49.6385],[72.8401,49.6385],[72.8402,49.6385],[72.8403,49.6385],[72.8403,49.6384],[72.8404,49.6384],[72.8405,49.6384],[72.8405,49.6383],[72.8456,49.6395],[72.8458,49.6395],[72.846,49.6396],[72.8463,49.6396],[72.8465,49.6396],[72.8468,49.6396],[72.847,49.6395],[72.8473,49.6395],[72.8488,49.6391]]],"type":"MultiLineString"},"geometry_name":"shape","id":"gp_red_lines.fid--7752831e_19fb67eabdc_7c0b","properties":{"area":null,"creation_doc_id":3497,"deactivation_doc_id":null,"id":2558812},"type":"Feature"},{"bbox":[72.8527,49.6398,72.8559,49.6423],"geometry":{"coordinates":[[[72.8548,49.6398],[72.8559,49.6418],[72.8537,49.6423],[72.8527,49.6403],[72.8548,49.6398]]],"type":"MultiLineString"},"geometry_name":"shape","id":"gp_red_lines.fid--7752831e_19fb67eabdc_7c0c","properties":{"area":null,"creation_doc_id":3497,"deactivation_doc_id":null,"id":2558813},"type":"Feature"},{"bbox":[72.8562,49.6411,72.8606,49.6433],"geometry":{"coordinates":[[[72.8606,49.6426],[72.8577,49.6433],[72.8576,49.6433],[72.8576,49.6433],[72.8575,49.6433],[72.8574,49.6433],[72.8574,49.6433],[72.8573,49.6433],[72.8573,49.6433],[72.8572,49.6433],[72.8571,49.6433],[72.8571,49.6432],[72.857,49.6432],[72.857,49.6432],[72.8569,49.6432],[72.8569,49.6431],[72.8568,49.6431],[72.8568,49.643],[72.8567,49.643],[72.8566,49.6427],[72.8562,49.6419],[72.8598,49.6411],[72.8606,49.6426]]],"type":"MultiLineString"},"geometry_name":"shape","id":"gp_red_lines.fid--7752831e_19fb67eabdc_7c0d","properties":{"area":null,"creation_doc_id":3497,"deactivation_doc_id":null,"id":2558814},"type":"Feature"},{"bbox":[72.8557,49.64,72.8566,49.6417],"geometry":{"coordinates":[[[72.8557,49.64],[72.8566,49.6417]]],"type":"MultiLineString"},"geometry_name":"shape","id":"gp_red_lines.fid--7752831e_19fb67eabdc_7c0e","properties":{"area":null,"creation_doc_id":3497,"deactivation_doc_id":null,"id":2558815},"type":"Feature"},{"bbox":[72.8611,49.6425,72.8628,49.6439],"geometry":{"coordinates":[[[72.8621,49.6425],[72.8628,49.6437],[72.8627,49.6437],[72.8617,49.6439],[72.8611,49.6427],[72.8621,49.6425]]],"type":"MultiLineString"},"geometry_name":"shape","id":"gp_red_lines.fid--7752831e_19fb67eabdc_7c0f","properties":{"area":null,"creation_doc_id":3497,"deactivation_doc_id":null,"id":2558816},"type":"Feature"},{"bbox":[72.8618,49.6401,72.8743,49.6506],"geometry":{"coordinates":[[[72.8632,49.6466],[72.8618,49.644],[72.8628,49.6438],[72.863,49.6438],[72.8624,49.6425],[72.8629,49.6424],[72.8733,49.6401],[72.8743,49.6419],[72.8689,49.6431],[72.8689,49.6432],[72.8688,49.6432],[72.8687,49.6432],[72.8687,49.6432],[72.8686,49.6433],[72.8685,49.6433],[72.8685,49.6433],[72.8684,49.6434],[72.8684,49.6434],[72.8683,49.6435],[72.8683,49.6435],[72.8633,49.6506],[72.8632,49.6466]]],"type":"MultiLineString"},"geometry_name":"shape","id":"gp_red_lines.fid--7752831e_19fb67eabdc_7c10","properties":{"area":null,"creation_doc_id":3497,"deactivation_doc_id":null,"id":2558817},"type":"Feature"},{"bbox":[72.8715,49.6358,72.8737,49.6379],"geometry":{"coordinates":[[[72.8727,49.6358],[72.8737,49.6376],[72.8724,49.6379],[72.8715,49.6361],[72.8727,49.6358]]],"type":"MultiLineString"},"geometry_name":"shape","id":"gp_red_lines.fid--7752831e_19fb67eabdc_7c11","properties":{"area":null,"creation_doc_id":3497,"deactivation_doc_id":null,"id":2558818},"type":"Feature"},{"bbox":[72.8703,49.6361,72.8721,49.6381],"geometry":{"coordinates":[[[72.8713,49.6381],[72.8703,49.6363],[72.8711,49.6361],[72.8721,49.6379],[72.8713,49.6381]]],"type":"MultiLineString"},"geometry_name":"shape","id":"gp_red_lines.fid--7752831e_19fb67eabdc_7c12","properties":{"area":null,"creation_doc_id":3497,"deactivation_doc_id":null,"id":2558819},"type":"Feature"},{"bbox":[72.8691,49.6364,72.8712,49.6386],"geometry":{"coordinates":[[[72.8702,49.6364],[72.8712,49.6382],[72.8694,49.6386],[72.8691,49.6381],[72.8691,49.6381],[72.8691,49.6381],[72.8691,49.6381],[72.8691,49.6381],[72.8691,49.6381],[72.8691,49.6381],[72.8691,49.6381],[72.8691,49.6381],[72.8691,49.6381],[72.8691,49.6381],[72.8691,49.638],[72.8691,49.638],[72.8691,49.638],[72.8691,49.638],[72.8691,49.638],[72.8691,49.638],[72.8691,49.638],[72.8691,49.638],[72.8691,49.638],[72.8691,49.638],[72.8691,49.638],[72.8691,49.638],[72.8691,49.638],[72.8691,49.638],[72.8692,49.638],[72.8692,49.638],[72.8692,49.638],[72.8699,49.6379],[72.87,49.6378],[72.8694,49.6366],[72.8694,49.6366],[72.8694,49.6366],[72.8694,49.6366],[72.8694,49.6366],[72.8694,49.6366],[72.8694,49.6366],[72.8694,49.6366],[72.8694,49.6366],[72.8694,49.6366],[72.8694,49.6366],[72.8694,49.6366],[72.8694,49.6366],[72.8694,49.6366],[72.8694,49.6366],[72.8694,49.6365],[72.8694,49.6365],[72.8694,49.6365],[72.8694,49.6365],[72.8694,49.6365],[72.8694,49.6365],[72.8694,49.6365],[72.8694,49.6365],[72.8694,49.6365],[72.8702,49.6364]]],"type":"MultiLineString"},"geometry_name":"shape","id":"gp_red_lines.fid--7752831e_19fb67eabdc_7c13","properties":{"area":null,"creation_doc_id":3497,"deactivation_doc_id":null,"id":2558820},"type":"Feature"},{"bbox":[72.8674,49.6366,72.8698,49.6382],"geometry":{"coordinates":[[[72.8692,49.6366],[72.8692,49.6366],[72.8692,49.6366],[72.8692,49.6366],[72.8692,49.6366],[72.8692,49.6366],[72.8692,49.6366],[72.8692,49.6366],[72.8692,49.6366],[72.8692,49.6366],[72.8692,49.6366],[72.8692,49.6366],[72.8692,49.6366],[72.8692,49.6366],[72.8698,49.6377],[72.8698,49.6377],[72.8698,49.6377],[72.8698,49.6378],[72.8698,49.6378],[72.8698,49.6378],[72.8698,49.6378],[72.8698,49.6378],[72.8698,49.6378],[72.8698,49.6378],[72.8698,49.6378],[72.8698,49.6378],[72.8698,49.6378],[72.8698,49.6378],[72.8698,49.6378],[72.8698,49.6378],[72.8698,49.6378],[72.8698,49.6378],[72.8698,49.6378],[72.8698,49.6378],[72.8698,49.6378],[72.8698,49.6378],[72.8698,49.6378],[72.8698,49.6378],[72.8698,49.6378],[72.8698,49.6378],[72.8698,49.6378],[72.8698,49.6378],[72.8691,49.6379],[72.8691,49.638],[72.8691,49.638],[72.8691,49.638],[72.8691,49.638],[72.8691,49.638],[72.8691,49.638],[72.8691,49.638],[72.8691,49.638],[72.8691,49.6379],[72.8691,49.6379],[72.8691,49.6379],[72.8691,49.6379],[72.8691,49.6379],[72.869,49.6379],[72.869,49.6379],[72.869,49.6379],[72.869,49.6379],[72.8688,49.6375],[72.8688,49.6375],[72.8688,49.6375],[72.8688,49.6375],[72.8688,49.6375],[72.8688,49.6375],[72.8688,49.6375],[72.8688,49.6375],[72.8688,49.6375],[72.8688,49.6375],[72.8688,49.6375],[72.8688,49.6374],[72.8688,49.6374],[72.8688,49.6374],[72.8688,49.6374],[72.8688,49.6374],[72.8688,49.6374],[72.8688,49.6374],[72.8688,49.6374],[72.8688,49.6374],[72.8688,49.6374],[72.8688,49.6374],[72.8688,49.6374],[72.8688,49.6374],[72.8688,49.6374],[72.8688,49.6374],[72.8688,49.6374],[72.8688,49.6374],[72.8688,49.6374],[72.8688,49.6374],[72.8688,49.6374],[72.8687,49.6374],[72.8687,49.6374],[72.8687,49.6374],[72.8687,49.6374],[72.8687,49.6374],[72.8687,49.6374],[72.8687,49.6374],[72.8687,49.6374],[72.8687,49.6374],[72.8687,49.6374],[72.8687,49.6374],[72.8687,49.6374],[72.8687,49.6374],[72.8687,49.6374],[72.8687,49.6374],[72.8687,49.6374],[72.8687,49.6374],[72.8687,49.6374],[72.8687,49.6374],[72.8687,49.6374],[72.8687,49.6374],[72.8687,49.6375],[72.8687,49.6375],[72.8687,49.6375],[72.8687,49.6375],[72.8687,49.6375],[72.8687,49.6375],[72.8687,49.6375],[72.8687,49.6375],[72.8687,49.6375],[72.8687,49.6375],[72.8687,49.6375],[72.8687,49.6375],[72.8687,49.6375],[72.8687,49.6375],[72.8687,49.6375],[72.8687,49.6375],[72.8687,49.6375],[72.8687,49.6375],[72.8689,49.638],[72.8689,49.638],[72.8689,49.638],[72.8689,49.638],[72.8689,49.638],[72.8689,49.638],[72.8689,49.638],[72.8689,49.638],[72.8689,49.638],[72.8689,49.638],[72.8689,49.638],[72.8689,49.638],[72.8689,49.638],[72.8689,49.638],[72.8689,49.638],[72.8689,49.638],[72.8689,49.638],[72.8689,49.638],[72.8689,49.638],[72.8689,49.638],[72.8689,49.638],[72.8689,49.638],[72.8689,49.638],[72.8689,49.638],[72.8689,49.638],[72.8689,49.638],[72.8689,49.638],[72.8689,49.638],[72.8681,49.6382],[72.8681,49.6382],[72.8681,49.6382],[72.8681,49.6382],[72.8681,49.6382],[72.8681,49.6382],[72.8681,49.6382],[72.8681,49.6382],[72.8681,49.6382],[72.8681,49.6382],[72.868,49.6382],[72.868,49.6382],[72.868,49.6382],[72.868,49.6382],[72.868,49.6382],[72.868,49.6382],[72.868,49.6382],[72.868,49.6382],[72.8674,49.637],[72.8674,49.637],[72.8674,49.637],[72.8674,49.637],[72.8674,49.637],[72.8674,49.637],[72.8674,49.637],[72.8674,49.637],[72.8674,49.637],[72.8674,49.637],[72.8674,49.637],[72.8674,49.637],[72.8674,49.637],[72.8674,49.637],[72.8674,49.637],[72.8674,49.637],[72.8674,49.637],[72.8674,49.637],[72.8674,49.637],[72.8674,49.637],[72.8674,49.637],[72.8674,49.637],[72.8674,49.637],[72.8674,49.637],[72.8692,49.6366]]],"type":"MultiLineString"},"geometry_name":"shape","id":"gp_red_lines.fid--7752831e_19fb67eabdc_7c14","properties":{"area":null,"creation_doc_id":3497,"deactivation_doc_id":null,"id":2558821},"type":"Feature"},{"bbox":[72.8664,49.637,72.8693,49.639],"geometry":{"coordinates":[[[72.8664,49.6372],[72.8672,49.637],[72.8672,49.637],[72.8673,49.637],[72.8673,49.637],[72.8673,49.637],[72.8673,49.637],[72.8673,49.637],[72.8673,49.637],[72.8673,49.637],[72.8673,49.637],[72.8673,49.637],[72.8673,49.637],[72.8673,49.637],[72.8673,49.637],[72.868,49.6383],[72.8689,49.6381],[72.8689,49.6381],[72.8689,49.6381],[72.8689,49.6381],[72.8689,49.6381],[72.8689,49.6381],[72.869,49.6381],[72.869,49.6381],[72.869,49.6381],[72.869,49.6381],[72.869,49.6381],[72.869,49.6381],[72.869,49.6381],[72.869,49.6381],[72.869,49.6381],[72.869,49.6381],[72.869,49.6381],[72.869,49.6381],[72.8693,49.6386],[72.8674,49.639],[72.8664,49.6372]]],"type":"MultiLineString"},"geometry_name":"shape","id":"gp_red_lines.fid--7752831e_19fb67eabdc_7c15","properties":{"area":null,"creation_doc_id":3497,"deactivation_doc_id":null,"id":2558822},"type":"Feature"},{"bbox":[72.8601,49.6382,72.8732,49.6425],"geometry":{"coordinates":[[[72.8601,49.6409],[72.861,49.6425],[72.8628,49.6423],[72.8732,49.64],[72.8722,49.6382],[72.8638,49.6401],[72.8601,49.6409]]],"type":"MultiLineString"},"geometry_name":"shape","id":"gp_red_lines.fid--7752831e_19fb67eabdc_7c16","properties":{"area":null,"creation_doc_id":3497,"deactivation_doc_id":null,"id":2558823},"type":"Feature"},{"bbox":[72.8627,49.6379,72.8653,49.6398],"geometry":{"coordinates":[[[72.8627,49.638],[72.8635,49.6379],[72.8635,49.6379],[72.8635,49.6379],[72.8635,49.6379],[72.8635,49.6379],[72.8635,49.6379],[72.8635,49.6379],[72.8635,49.6379],[72.8635,49.6379],[72.8635,49.6379],[72.8635,49.6379],[72.8635,49.6379],[72.8635,49.6379],[72.8635,49.6379],[72.8642,49.6392],[72.865,49.639],[72.865,49.639],[72.865,49.639],[72.865,49.639],[72.865,49.639],[72.865,49.639],[72.865,49.639],[72.865,49.639],[72.865,49.639],[72.865,49.639],[72.865,49.639],[72.865,49.639],[72.865,49.639],[72.865,49.639],[72.865,49.639],[72.865,49.639],[72.865,49.639],[72.865,49.639],[72.8653,49.6395],[72.8637,49.6398],[72.8627,49.638]]],"type":"MultiLineString"},"geometry_name":"shape","id":"gp_red_lines.fid--7752831e_19fb67eabdc_7c17","properties":{"area":null,"creation_doc_id":3497,"deactivation_doc_id":null,"id":2558824},"type":"Feature"},{"bbox":[72.859,49.6387,72.8617,49.6407],"geometry":{"coordinates":[[[72.8598,49.6387],[72.8598,49.6387],[72.8599,49.6387],[72.8599,49.6387],[72.8599,49.6387],[72.8599,49.6387],[72.8599,49.6387],[72.8599,49.6387],[72.8599,49.6387],[72.8599,49.6387],[72.8599,49.6387],[72.8599,49.6387],[72.8599,49.6387],[72.8599,49.6387],[72.8606,49.64],[72.8613,49.6398],[72.8613,49.6398],[72.8613,49.6398],[72.8613,49.6398],[72.8613,49.6398],[72.8613,49.6398],[72.8614,49.6398],[72.8614,49.6398],[72.8614,49.6398],[72.8614,49.6398],[72.8614,49.6398],[72.8614,49.6398],[72.8614,49.6398],[72.8614,49.6398],[72.8614,49.6398],[72.8614,49.6398],[72.8614,49.6398],[72.8614,49.6398],[72.8617,49.6403],[72.86,49.6407],[72.859,49.6389],[72.8598,49.6387]]],"type":"MultiLineString"},"geometry_name":"shape","id":"gp_red_lines.fid--7752831e_19fb67eabdc_7c18","properties":{"area":null,"creation_doc_id":3497,"deactivation_doc_id":null,"id":2558825},"type":"Feature"},{"bbox":[72.86,49.6383,72.8621,49.6398],"geometry":{"coordinates":[[[72.8615,49.6383],[72.8615,49.6383],[72.8615,49.6383],[72.8615,49.6383],[72.8615,49.6383],[72.8615,49.6383],[72.8615,49.6383],[72.8615,49.6383],[72.8615,49.6383],[72.8615,49.6383],[72.8615,49.6383],[72.8615,49.6383],[72.8615,49.6383],[72.8615,49.6383],[72.8621,49.6395],[72.8621,49.6395],[72.8621,49.6395],[72.8621,49.6395],[72.8621,49.6395],[72.8621,49.6395],[72.8621,49.6395],[72.8621,49.6395],[72.8621,49.6395],[72.8621,49.6395],[72.8621,49.6395],[72.8621,49.6395],[72.8621,49.6395],[72.8621,49.6395],[72.8621,49.6395],[72.8621,49.6395],[72.8621,49.6395],[72.8621,49.6395],[72.8621,49.6395],[72.8621,49.6395],[72.8621,49.6395],[72.8621,49.6395],[72.8621,49.6395],[72.8621,49.6395],[72.8621,49.6395],[72.8621,49.6395],[72.8621,49.6395],[72.8621,49.6395],[72.8615,49.6397],[72.8615,49.6397],[72.8615,49.6397],[72.8615,49.6397],[72.8615,49.6397],[72.8615,49.6397],[72.8615,49.6397],[72.8615,49.6397],[72.8615,49.6397],[72.8615,49.6397],[72.8615,49.6397],[72.8615,49.6397],[72.8615,49.6397],[72.8614,49.6397],[72.8614,49.6396],[72.8614,49.6396],[72.8614,49.6396],[72.8614,49.6396],[72.8612,49.6392],[72.8612,49.6392],[72.8612,49.6392],[72.8612,49.6392],[72.8612,49.6392],[72.8612,49.6392],[72.8612,49.6392],[72.8612,49.6392],[72.8612,49.6392],[72.8612,49.6392],[72.8612,49.6392],[72.8612,49.6392],[72.8612,49.6392],[72.8612,49.6391],[72.8612,49.6391],[72.8612,49.6391],[72.8612,49.6391],[72.8612,49.6391],[72.8612,49.6391],[72.8612,49.6391],[72.8612,49.6391],[72.8612,49.6391],[72.8612,49.6391],[72.8612,49.6391],[72.8612,49.6391],[72.8612,49.6391],[72.8612,49.6391],[72.8612,49.6391],[72.8612,49.6391],[72.8612,49.6391],[72.8611,49.6391],[72.8611,49.6391],[72.8611,49.6391],[72.8611,49.6391],[72.8611,49.6391],[72.8611,49.6391],[72.8611,49.6391],[72.8611,49.6391],[72.8611,49.6391],[72.8611,49.6391],[72.8611,49.6391],[72.8611,49.6391],[72.8611,49.6391],[72.8611,49.6391],[72.8611,49.6391],[72.8611,49.6391],[72.8611,49.6391],[72.8611,49.6391],[72.8611,49.6391],[72.8611,49.6391],[72.8611,49.6392],[72.8611,49.6392],[72.8611,49.6392],[72.8611,49.6392],[72.8611,49.6392],[72.8611,49.6392],[72.8611,49.6392],[72.8611,49.6392],[72.8611,49.6392],[72.8611,49.6392],[72.8611,49.6392],[72.8611,49.6392],[72.8611,49.6392],[72.8611,49.6392],[72.8611,49.6392],[72.8611,49.6392],[72.8611,49.6392],[72.8611,49.6392],[72.8611,49.6392],[72.8611,49.6392],[72.8613,49.6397],[72.8613,49.6397],[72.8613,49.6397],[72.8613,49.6397],[72.8613,49.6397],[72.8613,49.6397],[72.8613,49.6397],[72.8613,49.6397],[72.8613,49.6397],[72.8613,49.6397],[72.8613,49.6397],[72.8613,49.6397],[72.8613,49.6397],[72.8613,49.6397],[72.8613,49.6397],[72.8613,49.6397],[72.8613,49.6397],[72.8613,49.6397],[72.8613,49.6397],[72.8613,49.6397],[72.8613,49.6397],[72.8613,49.6397],[72.8613,49.6397],[72.8613,49.6397],[72.8613,49.6397],[72.8613,49.6397],[72.8613,49.6397],[72.8613,49.6397],[72.8607,49.6398],[72.8607,49.6398],[72.8607,49.6398],[72.8607,49.6398],[72.8607,49.6398],[72.8607,49.6398],[72.8607,49.6398],[72.8607,49.6398],[72.8607,49.6398],[72.8607,49.6398],[72.8607,49.6398],[72.8606,49.6398],[72.8606,49.6398],[72.8606,49.6398],[72.8606,49.6398],[72.8606,49.6398],[72.8606,49.6398],[72.8606,49.6398],[72.86,49.6387],[72.86,49.6387],[72.86,49.6387],[72.86,49.6387],[72.86,49.6387],[72.86,49.6387],[72.86,49.6387],[72.86,49.6387],[72.86,49.6387],[72.86,49.6387],[72.86,49.6387],[72.86,49.6387],[72.86,49.6387],[72.86,49.6386],[72.86,49.6386],[72.86,49.6386],[72.86,49.6386],[72.86,49.6386],[72.86,49.6386],[72.86,49.6386],[72.86,49.6386],[72.86,49.6386],[72.86,49.6386],[72.86,49.6386],[72.8615,49.6383]]],"type":"MultiLineString"},"geometry_name":"shape","id":"gp_red_lines.fid--7752831e_19fb67eabdc_7c19","properties":{"area":null,"creation_doc_id":3497,"deactivation_doc_id":null,"id":2558826},"type":"Feature"},{"bbox":[72.8615,49.6381,72.8634,49.6403],"geometry":{"coordinates":[[[72.8624,49.6381],[72.8634,49.6399],[72.8618,49.6403],[72.8615,49.6398],[72.8615,49.6398],[72.8615,49.6398],[72.8615,49.6398],[72.8615,49.6398],[72.8615,49.6398],[72.8615,49.6398],[72.8615,49.6398],[72.8615,49.6398],[72.8615,49.6398],[72.8615,49.6398],[72.8615,49.6398],[72.8615,49.6398],[72.8615,49.6398],[72.8615,49.6398],[72.8615,49.6398],[72.8615,49.6397],[72.8615,49.6397],[72.8615,49.6397],[72.8615,49.6397],[72.8615,49.6397],[72.8615,49.6397],[72.8615,49.6397],[72.8615,49.6397],[72.8615,49.6397],[72.8615,49.6397],[72.8616,49.6397],[72.8616,49.6397],[72.8623,49.6396],[72.8616,49.6383],[72.8616,49.6383],[72.8616,49.6383],[72.8616,49.6383],[72.8616,49.6383],[72.8616,49.6383],[72.8616,49.6383],[72.8616,49.6383],[72.8616,49.6383],[72.8616,49.6383],[72.8616,49.6383],[72.8616,49.6383],[72.8616,49.6383],[72.8616,49.6383],[72.8616,49.6383],[72.8616,49.6383],[72.8616,49.6383],[72.8616,49.6383],[72.8617,49.6383],[72.8617,49.6383],[72.8617,49.6383],[72.8617,49.6383],[72.8617,49.6383],[72.8617,49.6383],[72.8624,49.6381]]],"type":"MultiLineString"},"geometry_name":"shape","id":"gp_red_lines.fid--7752831e_19fb67eabdc_7c1a","properties":{"area":null,"creation_doc_id":3497,"deactivation_doc_id":null,"id":2558827},"type":"Feature"},{"bbox":[72.8581,49.6364,72.8624,49.6388],"geometry":{"coordinates":[[[72.8615,49.6364],[72.8624,49.638],[72.859,49.6388],[72.8581,49.6372],[72.8615,49.6364]]],"type":"MultiLineString"},"geometry_name":"shape","id":"gp_red_lines.fid--7752831e_19fb67eabdc_7c1b","properties":{"area":null,"creation_doc_id":3497,"deactivation_doc_id":null,"id":2558828},"type":"Feature"},{"bbox":[72.8618,49.6356,72.866,49.6379],"geometry":{"coordinates":[[[72.8652,49.6356],[72.866,49.6372],[72.8627,49.6379],[72.8618,49.6364],[72.8652,49.6356]]],"type":"MultiLineString"},"geometry_name":"shape","id":"gp_red_lines.fid--7752831e_19fb67eabdc_7c1c","properties":{"area":null,"creation_doc_id":3497,"deactivation_doc_id":null,"id":2558829},"type":"Feature"},{"bbox":[72.8637,49.6375,72.8658,49.639],"geometry":{"coordinates":[[[72.8652,49.6375],[72.8652,49.6375],[72.8652,49.6375],[72.8652,49.6375],[72.8652,49.6375],[72.8652,49.6375],[72.8652,49.6375],[72.8652,49.6375],[72.8652,49.6375],[72.8652,49.6375],[72.8652,49.6375],[72.8652,49.6375],[72.8652,49.6375],[72.8652,49.6375],[72.8658,49.6387],[72.8658,49.6387],[72.8658,49.6387],[72.8658,49.6387],[72.8658,49.6387],[72.8658,49.6387],[72.8658,49.6387],[72.8658,49.6387],[72.8658,49.6387],[72.8658,49.6387],[72.8658,49.6387],[72.8658,49.6387],[72.8658,49.6387],[72.8658,49.6387],[72.8658,49.6387],[72.8658,49.6387],[72.8658,49.6387],[72.8658,49.6387],[72.8658,49.6387],[72.8658,49.6387],[72.8658,49.6387],[72.8658,49.6387],[72.8658,49.6387],[72.8658,49.6387],[72.8658,49.6387],[72.8658,49.6387],[72.8658,49.6387],[72.8658,49.6387],[72.8651,49.6389],[72.8651,49.6389],[72.8651,49.6389],[72.8651,49.6389],[72.8651,49.6389],[72.8651,49.6389],[72.8651,49.6389],[72.8651,49.6389],[72.8651,49.6389],[72.8651,49.6389],[72.8651,49.6389],[72.8651,49.6389],[72.8651,49.6388],[72.8651,49.6388],[72.8651,49.6388],[72.8651,49.6388],[72.8651,49.6388],[72.8651,49.6388],[72.8648,49.6384],[72.8648,49.6384],[72.8649,49.6384],[72.8649,49.6384],[72.8649,49.6384],[72.8649,49.6384],[72.8649,49.6384],[72.8649,49.6384],[72.8649,49.6384],[72.8649,49.6384],[72.8649,49.6384],[72.8649,49.6384],[72.8649,49.6383],[72.8649,49.6383],[72.8649,49.6383],[72.8649,49.6383],[72.8648,49.6383],[72.8648,49.6383],[72.8648,49.6383],[72.8648,49.6383],[72.8648,49.6383],[72.8648,49.6383],[72.8648,49.6383],[72.8648,49.6383],[72.8648,49.6383],[72.8648,49.6383],[72.8648,49.6383],[72.8648,49.6383],[72.8648,49.6383],[72.8648,49.6383],[72.8648,49.6383],[72.8648,49.6383],[72.8648,49.6383],[72.8648,49.6383],[72.8648,49.6383],[72.8647,49.6383],[72.8647,49.6383],[72.8647,49.6383],[72.8647,49.6383],[72.8647,49.6383],[72.8647,49.6383],[72.8647,49.6383],[72.8647,49.6383],[72.8647,49.6383],[72.8647,49.6383],[72.8647,49.6383],[72.8647,49.6383],[72.8647,49.6383],[72.8647,49.6383],[72.8647,49.6383],[72.8647,49.6383],[72.8647,49.6384],[72.8647,49.6384],[72.8647,49.6384],[72.8647,49.6384],[72.8647,49.6384],[72.8647,49.6384],[72.8647,49.6384],[72.8647,49.6384],[72.8647,49.6384],[72.8647,49.6384],[72.8647,49.6384],[72.8647,49.6384],[72.8647,49.6384],[72.8647,49.6384],[72.8647,49.6384],[72.8647,49.6384],[72.8647,49.6384],[72.8647,49.6384],[72.8647,49.6384],[72.8649,49.6389],[72.8649,49.6389],[72.8649,49.6389],[72.865,49.6389],[72.865,49.6389],[72.865,49.6389],[72.865,49.6389],[72.8649,49.6389],[72.8649,49.6389],[72.8649,49.6389],[72.8649,49.6389],[72.8649,49.6389],[72.8649,49.6389],[72.8649,49.6389],[72.8649,49.6389],[72.8649,49.6389],[72.8649,49.6389],[72.8649,49.6389],[72.8649,49.6389],[72.8649,49.6389],[72.8649,49.6389],[72.8649,49.6389],[72.8649,49.6389],[72.8649,49.6389],[72.8649,49.6389],[72.8649,49.6389],[72.8649,49.6389],[72.8649,49.6389],[72.8644,49.639],[72.8643,49.639],[72.8643,49.639],[72.8643,49.639],[72.8643,49.639],[72.8643,49.639],[72.8643,49.639],[72.8643,49.639],[72.8643,49.639],[72.8643,49.639],[72.8643,49.639],[72.8643,49.639],[72.8643,49.639],[72.8643,49.639],[72.8643,49.639],[72.8643,49.639],[72.8643,49.639],[72.8643,49.639],[72.8637,49.6379],[72.8637,49.6379],[72.8637,49.6379],[72.8637,49.6379],[72.8637,49.6378],[72.8637,49.6378],[72.8637,49.6378],[72.8637,49.6378],[72.8637,49.6378],[72.8637,49.6378],[72.8637,49.6378],[72.8637,49.6378],[72.8637,49.6378],[72.8637,49.6378],[72.8637,49.6378],[72.8637,49.6378],[72.8637,49.6378],[72.8637,49.6378],[72.8637,49.6378],[72.8637,49.6378],[72.8637,49.6378],[72.8637,49.6378],[72.8637,49.6378],[72.8637,49.6378],[72.8652,49.6375]]],"type":"MultiLineString"},"geometry_name":"shape","id":"gp_red_lines.fid--7752831e_19fb67eabdc_7c1d","properties":{"area":null,"creation_doc_id":3497,"deactivation_doc_id":null,"id":2558830},"type":"Feature"},{"bbox":[72.8651,49.6373,72.8671,49.6395],"geometry":{"coordinates":[[[72.8671,49.6391],[72.8654,49.6395],[72.8651,49.639],[72.8651,49.639],[72.8651,49.639],[72.8651,49.639],[72.8651,49.639],[72.8651,49.639],[72.8651,49.639],[72.8651,49.639],[72.8651,49.639],[72.8651,49.639],[72.8651,49.639],[72.8652,49.639],[72.8652,49.639],[72.8652,49.639],[72.8652,49.6389],[72.8652,49.6389],[72.8652,49.6389],[72.8652,49.6389],[72.8652,49.6389],[72.8652,49.6389],[72.8652,49.6389],[72.8652,49.6389],[72.8652,49.6389],[72.8652,49.6389],[72.8652,49.6389],[72.8652,49.6389],[72.8652,49.6389],[72.8652,49.6389],[72.866,49.6388],[72.8653,49.6375],[72.8653,49.6375],[72.8653,49.6375],[72.8653,49.6375],[72.8653,49.6375],[72.8653,49.6375],[72.8653,49.6375],[72.8653,49.6375],[72.8653,49.6375],[72.8653,49.6375],[72.8653,49.6375],[72.8653,49.6375],[72.8653,49.6375],[72.8653,49.6375],[72.8653,49.6375],[72.8653,49.6375],[72.8653,49.6375],[72.8653,49.6375],[72.8653,49.6374],[72.8653,49.6374],[72.8653,49.6374],[72.8653,49.6374],[72.8653,49.6374],[72.8653,49.6374],[72.8661,49.6373],[72.8671,49.6391]]],"type":"MultiLineString"},"geometry_name":"shape","id":"gp_red_lines.fid--7752831e_19fb67eabdc_7c1e","properties":{"area":null,"creation_doc_id":3497,"deactivation_doc_id":null,"id":2558831},"type":"Feature"},{"bbox":[72.8606,49.6334,72.865,49.636],"geometry":{"coordinates":[[[72.864,49.6334],[72.865,49.6352],[72.8616,49.636],[72.8606,49.6342],[72.864,49.6334]]],"type":"MultiLineString"},"geometry_name":"shape","id":"gp_red_lines.fid--7752831e_19fb67eabdc_7c1f","properties":{"area":null,"creation_doc_id":3497,"deactivation_doc_id":null,"id":2558832},"type":"Feature"},{"bbox":[72.8596,49.6316,72.864,49.6341],"geometry":{"coordinates":[[[72.8596,49.6324],[72.863,49.6316],[72.864,49.6333],[72.8606,49.6341],[72.8596,49.6324]]],"type":"MultiLineString"},"geometry_name":"shape","id":"gp_red_lines.fid--7752831e_19fb67eabdc_7c20","properties":{"area":null,"creation_doc_id":3497,"deactivation_doc_id":null,"id":2558833},"type":"Feature"},{"bbox":[72.8634,49.6305,72.87,49.6352],"geometry":{"coordinates":[[[72.87,49.6341],[72.8681,49.6305],[72.8634,49.6315],[72.8653,49.6352],[72.87,49.6341]]],"type":"MultiLineString"},"geometry_name":"shape","id":"gp_red_lines.fid--7752831e_19fb67eabdc_7c21","properties":{"area":null,"creation_doc_id":3497,"deactivation_doc_id":null,"id":2558834},"type":"Feature"},{"bbox":[72.8655,49.6345,72.8711,49.6371],"geometry":{"coordinates":[[[72.8702,49.6345],[72.8711,49.6361],[72.8664,49.6371],[72.8655,49.6355],[72.8702,49.6345]]],"type":"MultiLineString"},"geometry_name":"shape","id":"gp_red_lines.fid--7752831e_19fb67eabdc_7c22","properties":{"area":null,"creation_doc_id":3497,"deactivation_doc_id":null,"id":2558835},"type":"Feature"},{"bbox":[72.8706,49.6336,72.8748,49.6359],"geometry":{"coordinates":[[[72.8748,49.6351],[72.8714,49.6359],[72.8706,49.6344],[72.874,49.6336],[72.8748,49.6351]]],"type":"MultiLineString"},"geometry_name":"shape","id":"gp_red_lines.fid--7752831e_19fb67eabdc_7c23","properties":{"area":null,"creation_doc_id":3497,"deactivation_doc_id":null,"id":2558836},"type":"Feature"},{"bbox":[72.8728,49.6353,72.8758,49.6376],"geometry":{"coordinates":[[[72.8728,49.6358],[72.8749,49.6353],[72.8758,49.6371],[72.8738,49.6376],[72.8728,49.6358]]],"type":"MultiLineString"},"geometry_name":"shape","id":"gp_red_lines.fid--7752831e_19fb67eabdc_7c24","properties":{"area":null,"creation_doc_id":3497,"deactivation_doc_id":null,"id":2558837},"type":"Feature"},{"bbox":[72.8684,49.6296,72.8772,49.634],"geometry":{"coordinates":[[[72.8704,49.634],[72.8772,49.6325],[72.8761,49.6304],[72.8729,49.6312],[72.872,49.6296],[72.8684,49.6304],[72.8704,49.634]]],"type":"MultiLineString"},"geometry_name":"shape","id":"gp_red_lines.fid--7752831e_19fb67eabdc_7c25","properties":{"area":null,"creation_doc_id":3497,"deactivation_doc_id":null,"id":2558838},"type":"Feature"},{"bbox":[72.8724,49.6288,72.876,49.6308],"geometry":{"coordinates":[[[72.8753,49.6288],[72.8724,49.6295],[72.8731,49.6308],[72.876,49.6302],[72.8753,49.6288]]],"type":"MultiLineString"},"geometry_name":"shape","id":"gp_red_lines.fid--7752831e_19fb67eabdc_7c26","properties":{"area":null,"creation_doc_id":3497,"deactivation_doc_id":null,"id":2558839},"type":"Feature"},{"bbox":[72.8705,49.6254,72.8751,49.6291],"geometry":{"coordinates":[[[72.8734,49.6254],[72.8705,49.626],[72.8722,49.6291],[72.8751,49.6285],[72.8734,49.6254]]],"type":"MultiLineString"},"geometry_name":"shape","id":"gp_red_lines.fid--7752831e_19fb67eabdc_7c27","properties":{"area":null,"creation_doc_id":3497,"deactivation_doc_id":null,"id":2558840},"type":"Feature"},{"bbox":[72.8665,49.6261,72.8718,49.63],"geometry":{"coordinates":[[[72.8682,49.63],[72.8666,49.627],[72.8665,49.6269],[72.8702,49.6261],[72.8718,49.6292],[72.8682,49.63]]],"type":"MultiLineString"},"geometry_name":"shape","id":"gp_red_lines.fid--7752831e_19fb67eabdc_7c28","properties":{"area":null,"creation_doc_id":3497,"deactivation_doc_id":null,"id":2558841},"type":"Feature"},{"bbox":[72.8656,49.6272,72.8679,49.6303],"geometry":{"coordinates":[[[72.8663,49.6272],[72.8679,49.6301],[72.8671,49.6303],[72.8656,49.6276],[72.8663,49.6272]]],"type":"MultiLineString"},"geometry_name":"shape","id":"gp_red_lines.fid--7752831e_19fb67eabdc_7c29","properties":{"area":null,"creation_doc_id":3497,"deactivation_doc_id":null,"id":2558842},"type":"Feature"},{"bbox":[72.864,49.6246,72.869,49.6267],"geometry":{"coordinates":[[[72.869,49.6261],[72.8654,49.6246],[72.864,49.6259],[72.8661,49.6267],[72.869,49.6261]]],"type":"MultiLineString"},"geometry_name":"shape","id":"gp_red_lines.fid--7752831e_19fb67eabdc_7c2a","properties":{"area":null,"creation_doc_id":3497,"deactivation_doc_id":null,"id":2558843},"type":"Feature"},{"bbox":[72.8637,49.6263,72.8662,49.6275],"geometry":{"coordinates":[[[72.8637,49.6268],[72.8643,49.6263],[72.8662,49.6271],[72.8655,49.6275],[72.8637,49.6268]]],"type":"MultiLineString"},"geometry_name":"shape","id":"gp_red_lines.fid--7752831e_19fb67eabdc_7c2b","properties":{"area":null,"creation_doc_id":3497,"deactivation_doc_id":null,"id":2558844},"type":"Feature"},{"bbox":[72.8611,49.6252,72.8641,49.6267],"geometry":{"coordinates":[[[72.8616,49.6252],[72.8641,49.6262],[72.8636,49.6267],[72.8611,49.6257],[72.8616,49.6252]]],"type":"MultiLineString"},"geometry_name":"shape","id":"gp_red_lines.fid--7752831e_19fb67eabdc_7c2c","properties":{"area":null,"creation_doc_id":3497,"deactivation_doc_id":null,"id":2558845},"type":"Feature"},{"bbox":[72.8619,49.6247,72.8641,49.6258],"geometry":{"coordinates":[[[72.8622,49.6247],[72.8619,49.625],[72.8638,49.6258],[72.8641,49.6255],[72.8622,49.6247]]],"type":"MultiLineString"},"geometry_name":"shape","id":"gp_red_lines.fid--7752831e_19fb67eabdc_7c2d","properties":{"area":null,"creation_doc_id":3497,"deactivation_doc_id":null,"id":2558846},"type":"Feature"},{"bbox":[72.8589,49.6258,72.8636,49.629],"geometry":{"coordinates":[[[72.861,49.6258],[72.8636,49.6268],[72.8614,49.629],[72.8589,49.628],[72.861,49.6258]]],"type":"MultiLineString"},"geometry_name":"shape","id":"gp_red_lines.fid--7752831e_19fb67eabdc_7c2e","properties":{"area":null,"creation_doc_id":3497,"deactivation_doc_id":null,"id":2558847},"type":"Feature"},{"bbox":[72.8595,49.6292,72.8629,49.6319],"geometry":{"coordinates":[[[72.8599,49.6319],[72.8629,49.6312],[72.8619,49.6294],[72.8614,49.6292],[72.8595,49.6312],[72.8595,49.6312],[72.8595,49.6312],[72.8595,49.6312],[72.8595,49.6312],[72.8595,49.6312],[72.8595,49.6312],[72.8595,49.6312],[72.8595,49.6312],[72.8595,49.6312],[72.8595,49.6312],[72.8595,49.6312],[72.8595,49.6312],[72.8595,49.6312],[72.8595,49.6312],[72.8595,49.6312],[72.8595,49.6312],[72.8595,49.6312],[72.8595,49.6312],[72.8595,49.6312],[72.8599,49.6319]]],"type":"MultiLineString"},"geometry_name":"shape","id":"gp_red_lines.fid--7752831e_19fb67eabdc_7c2f","properties":{"area":null,"creation_doc_id":3497,"deactivation_doc_id":null,"id":2558848},"type":"Feature"},{"bbox":[72.8615,49.6269,72.8669,49.6312],"geometry":{"coordinates":[[[72.8637,49.6269],[72.8655,49.6276],[72.8669,49.6303],[72.8631,49.6312],[72.8621,49.6294],[72.8621,49.6294],[72.8621,49.6294],[72.8621,49.6294],[72.8621,49.6293],[72.8621,49.6293],[72.8621,49.6293],[72.8621,49.6293],[72.8621,49.6293],[72.862,49.6293],[72.862,49.6293],[72.862,49.6293],[72.8615,49.6291],[72.8637,49.6269]]],"type":"MultiLineString"},"geometry_name":"shape","id":"gp_red_lines.fid--7752831e_19fb67eabdc_7c30","properties":{"area":null,"creation_doc_id":3497,"deactivation_doc_id":null,"id":2558849},"type":"Feature"},{"bbox":[72.8545,49.6306,72.8587,49.6329],"geometry":{"coordinates":[[[72.8587,49.6322],[72.8583,49.6314],[72.8563,49.6306],[72.8545,49.6325],[72.8555,49.6329],[72.8587,49.6322]]],"type":"MultiLineString"},"geometry_name":"shape","id":"gp_red_lines.fid--7752831e_19fb67eabdc_7c31","properties":{"area":null,"creation_doc_id":3497,"deactivation_doc_id":null,"id":2558850},"type":"Feature"},{"bbox":[72.8513,49.6316,72.8553,49.6335],"geometry":{"coordinates":[[[72.8535,49.6335],[72.8553,49.633],[72.8553,49.633],[72.8519,49.6316],[72.8513,49.6322],[72.8532,49.6329],[72.8535,49.6335]]],"type":"MultiLineString"},"geometry_name":"shape","id":"gp_red_lines.fid--7752831e_19fb67eabdc_7c32","properties":{"area":null,"creation_doc_id":3497,"deactivation_doc_id":null,"id":2558851},"type":"Feature"},{"bbox":[72.852,49.6296,72.8561,49.6324],"geometry":{"coordinates":[[[72.8538,49.6296],[72.852,49.6315],[72.8543,49.6324],[72.8561,49.6305],[72.8538,49.6296]]],"type":"MultiLineString"},"geometry_name":"shape","id":"gp_red_lines.fid--7752831e_19fb67eabdc_7c33","properties":{"area":null,"creation_doc_id":3497,"deactivation_doc_id":null,"id":2558852},"type":"Feature"},{"bbox":[72.8501,49.6288,72.8537,49.6314],"geometry":{"coordinates":[[[72.8519,49.6288],[72.8537,49.6295],[72.8518,49.6314],[72.8501,49.6307],[72.8519,49.6288]]],"type":"MultiLineString"},"geometry_name":"shape","id":"gp_red_lines.fid--7752831e_19fb67eabdc_7c34","properties":{"area":null,"creation_doc_id":3497,"deactivation_doc_id":null,"id":2558853},"type":"Feature"},{"bbox":[72.8564,49.6281,72.8613,49.6321],"geometry":{"coordinates":[[[72.8588,49.6281],[72.8564,49.6305],[72.8585,49.6314],[72.8589,49.6321],[72.8597,49.632],[72.8593,49.6312],[72.8593,49.6312],[72.8593,49.6312],[72.8593,49.6312],[72.8593,49.6312],[72.8593,49.6312],[72.8593,49.6312],[72.8593,49.6312],[72.8593,49.6312],[72.8593,49.6312],[72.8593,49.6312],[72.8593,49.6312],[72.8593,49.6312],[72.8593,49.6312],[72.8593,49.6311],[72.8593,49.6311],[72.8593,49.6311],[72.8594,49.6311],[72.8594,49.6311],[72.8594,49.6311],[72.8613,49.6292],[72.8588,49.6281]]],"type":"MultiLineString"},"geometry_name":"shape","id":"gp_red_lines.fid--7752831e_19fb67eabdc_7c35","properties":{"area":null,"creation_doc_id":3497,"deactivation_doc_id":null,"id":2558854},"type":"Feature"},{"bbox":[72.8539,49.627,72.8585,49.6304],"geometry":{"coordinates":[[[72.8563,49.627],[72.8539,49.6295],[72.8562,49.6304],[72.8585,49.628],[72.8563,49.627]]],"type":"MultiLineString"},"geometry_name":"shape","id":"gp_red_lines.fid--7752831e_19fb67eabdc_7c36","properties":{"area":null,"creation_doc_id":3497,"deactivation_doc_id":null,"id":2558855},"type":"Feature"},{"bbox":[72.8564,49.6248,72.8608,49.6279],"geometry":{"coordinates":[[[72.8585,49.6248],[72.8608,49.6257],[72.8586,49.6279],[72.8564,49.627],[72.8585,49.6248]]],"type":"MultiLineString"},"geometry_name":"shape","id":"gp_red_lines.fid--7752831e_19fb67eabdc_7c37","properties":{"area":null,"creation_doc_id":3497,"deactivation_doc_id":null,"id":2558856},"type":"Feature"},{"bbox":[72.8545,49.6239,72.8584,49.6269],"geometry":{"coordinates":[[[72.8566,49.6239],[72.8584,49.6247],[72.8562,49.6269],[72.8545,49.6262],[72.8566,49.6239]]],"type":"MultiLineString"},"geometry_name":"shape","id":"gp_red_lines.fid--7752831e_19fb67eabdc_7c38","properties":{"area":null,"creation_doc_id":3497,"deactivation_doc_id":null,"id":2558857},"type":"Feature"},{"bbox":[72.852,49.6262,72.8561,49.6294],"geometry":{"coordinates":[[[72.8561,49.627],[72.8544,49.6262],[72.852,49.6287],[72.8538,49.6294],[72.8561,49.627]]],"type":"MultiLineString"},"geometry_name":"shape","id":"gp_red_lines.fid--7752831e_19fb67eabdc_7c39","properties":{"area":null,"creation_doc_id":3497,"deactivation_doc_id":null,"id":2558858},"type":"Feature"},{"bbox":[72.8406,49.6228,72.857,49.6392],"geometry":{"coordinates":[[[72.8557,49.6228],[72.857,49.6233],[72.8483,49.6322],[72.8483,49.6322],[72.8482,49.6322],[72.8482,49.6322],[72.8482,49.6323],[72.8482,49.6323],[72.8482,49.6323],[72.8482,49.6323],[72.8482,49.6323],[72.8482,49.6323],[72.8482,49.6324],[72.8482,49.6324],[72.8482,49.6324],[72.8482,49.6324],[72.8482,49.6324],[72.8482,49.6324],[72.8482,49.6325],[72.8482,49.6325],[72.8482,49.6325],[72.8482,49.6325],[72.8496,49.6351],[72.8498,49.6355],[72.8504,49.6362],[72.8515,49.6382],[72.8471,49.6391],[72.8469,49.6392],[72.8467,49.6392],[72.8465,49.6392],[72.8463,49.6392],[72.8461,49.6392],[72.8459,49.6392],[72.8457,49.6391],[72.8407,49.638],[72.8407,49.6379],[72.8407,49.6379],[72.8407,49.6379],[72.8407,49.6379],[72.8407,49.6378],[72.8407,49.6378],[72.8407,49.6378],[72.8407,49.6378],[72.8407,49.6377],[72.8406,49.6377],[72.8406,49.6377],[72.8428,49.6355],[72.8428,49.6354],[72.8429,49.6354],[72.8429,49.6354],[72.843,49.6353],[72.8431,49.6353],[72.8431,49.6353],[72.8432,49.6352],[72.8434,49.6352],[72.8436,49.6351],[72.8438,49.6349],[72.8439,49.6348],[72.8441,49.6347],[72.8443,49.6346],[72.8444,49.6344],[72.8557,49.6228]]],"type":"MultiLineString"},"geometry_name":"shape","id":"gp_red_lines.fid--7752831e_19fb67eabdc_7c3a","properties":{"area":null,"creation_doc_id":3497,"deactivation_doc_id":null,"id":2558859},"type":"Feature"},{"bbox":[72.8498,49.6312,72.8517,49.6341],"geometry":{"coordinates":[[[72.8509,49.6312],[72.8517,49.6315],[72.8508,49.6324],[72.8516,49.6339],[72.8507,49.6341],[72.8498,49.6324],[72.8509,49.6312]]],"type":"MultiLineString"},"geometry_name":"shape","id":"gp_red_lines.fid--7752831e_19fb67eabdc_7c3b","properties":{"area":null,"creation_doc_id":3497,"deactivation_doc_id":null,"id":2558860},"type":"Feature"},{"bbox":[72.8485,49.6308,72.8508,49.6344],"geometry":{"coordinates":[[[72.85,49.6308],[72.8485,49.6323],[72.8485,49.6323],[72.8485,49.6323],[72.8485,49.6323],[72.8485,49.6323],[72.8485,49.6323],[72.8485,49.6323],[72.8485,49.6323],[72.8485,49.6324],[72.8485,49.6324],[72.8485,49.6324],[72.8485,49.6324],[72.8485,49.6324],[72.8485,49.6324],[72.8485,49.6324],[72.8485,49.6324],[72.8485,49.6324],[72.8485,49.6324],[72.8485,49.6324],[72.8485,49.6324],[72.8495,49.6344],[72.8506,49.6341],[72.8496,49.6324],[72.8508,49.6311],[72.85,49.6308]]],"type":"MultiLineString"},"geometry_name":"shape","id":"gp_red_lines.fid--7752831e_19fb67eabdc_7c3c","properties":{"area":null,"creation_doc_id":3497,"deactivation_doc_id":null,"id":2558861},"type":"Feature"},{"bbox":[72.8496,49.6341,72.8526,49.6363],"geometry":{"coordinates":[[[72.8526,49.6358],[72.8517,49.6341],[72.8496,49.6345],[72.8499,49.635],[72.8501,49.6355],[72.8507,49.6361],[72.8507,49.6363],[72.8526,49.6358]]],"type":"MultiLineString"},"geometry_name":"shape","id":"gp_red_lines.fid--7752831e_19fb67eabdc_7c3d","properties":{"area":null,"creation_doc_id":3497,"deactivation_doc_id":null,"id":2558862},"type":"Feature"},{"bbox":[72.851,49.6322,72.8533,49.6338],"geometry":{"coordinates":[[[72.8518,49.6338],[72.8533,49.6335],[72.8531,49.633],[72.8512,49.6322],[72.851,49.6325],[72.8518,49.6338]]],"type":"MultiLineString"},"geometry_name":"shape","id":"gp_red_lines.fid--7752831e_19fb67eabdc_7c3e","properties":{"area":null,"creation_doc_id":3497,"deactivation_doc_id":null,"id":2558863},"type":"Feature"},{"bbox":[72.8519,49.6336,72.8539,49.6358],"geometry":{"coordinates":[[[72.8539,49.6342],[72.8536,49.6336],[72.8519,49.634],[72.8528,49.6358],[72.8536,49.6356],[72.8529,49.6344],[72.8539,49.6342]]],"type":"MultiLineString"},"geometry_name":"shape","id":"gp_red_lines.fid--7752831e_19fb67eabdc_7c3f","properties":{"area":null,"creation_doc_id":3497,"deactivation_doc_id":null,"id":2558864},"type":"Feature"},{"bbox":[72.8537,49.6335,72.8545,49.6341],"geometry":{"coordinates":[[[72.8542,49.6335],[72.8545,49.634],[72.854,49.6341],[72.8537,49.6336],[72.8542,49.6335]]],"type":"MultiLineString"},"geometry_name":"shape","id":"gp_red_lines.fid--7752831e_19fb67eabdc_7c40","properties":{"area":null,"creation_doc_id":3497,"deactivation_doc_id":null,"id":2558865},"type":"Feature"},{"bbox":[72.856,49.6324,72.8603,49.6349],"geometry":{"coordinates":[[[72.8603,49.6341],[72.8594,49.6324],[72.856,49.6332],[72.8569,49.6349],[72.8603,49.6341]]],"type":"MultiLineString"},"geometry_name":"shape","id":"gp_red_lines.fid--7752831e_19fb67eabdc_7c41","properties":{"area":null,"creation_doc_id":3497,"deactivation_doc_id":null,"id":2558866},"type":"Feature"},{"bbox":[72.8544,49.6332,72.8565,49.6352],"geometry":{"coordinates":[[[72.8544,49.6335],[72.8546,49.634],[72.8548,49.6339],[72.8554,49.6352],[72.8565,49.635],[72.8555,49.6332],[72.8544,49.6335]]],"type":"MultiLineString"},"geometry_name":"shape","id":"gp_red_lines.fid--7752831e_19fb67eabdc_7c42","properties":{"area":null,"creation_doc_id":3497,"deactivation_doc_id":null,"id":2558867},"type":"Feature"},{"bbox":[72.857,49.6342,72.8614,49.6368],"geometry":{"coordinates":[[[72.8604,49.6342],[72.8614,49.6361],[72.8579,49.6368],[72.857,49.635],[72.8604,49.6342]]],"type":"MultiLineString"},"geometry_name":"shape","id":"gp_red_lines.fid--7752831e_19fb67eabdc_7c43","properties":{"area":null,"creation_doc_id":3497,"deactivation_doc_id":null,"id":2558868},"type":"Feature"},{"bbox":[72.8529,49.6351,72.8576,49.6378],"geometry":{"coordinates":[[[72.8566,49.6351],[72.8576,49.6369],[72.8539,49.6378],[72.8529,49.6359],[72.8537,49.6357],[72.8543,49.6368],[72.856,49.6364],[72.8555,49.6353],[72.8566,49.6351]]],"type":"MultiLineString"},"geometry_name":"shape","id":"gp_red_lines.fid--7752831e_19fb67eabdc_7c44","properties":{"area":null,"creation_doc_id":3497,"deactivation_doc_id":null,"id":2558869},"type":"Feature"},{"bbox":[72.8538,49.6354,72.8559,49.6367],"geometry":{"coordinates":[[[72.8538,49.6357],[72.8554,49.6354],[72.8559,49.6363],[72.8543,49.6367],[72.8538,49.6357]]],"type":"MultiLineString"},"geometry_name":"shape","id":"gp_red_lines.fid--7752831e_19fb67eabdc_7c45","properties":{"area":null,"creation_doc_id":3497,"deactivation_doc_id":null,"id":2558870},"type":"Feature"},{"bbox":[72.8531,49.6341,72.8553,49.6356],"geometry":{"coordinates":[[[72.8553,49.6352],[72.8547,49.6341],[72.8531,49.6344],[72.8538,49.6356],[72.8553,49.6352]]],"type":"MultiLineString"},"geometry_name":"shape","id":"gp_red_lines.fid--7752831e_19fb67eabdc_7c46","properties":{"area":null,"creation_doc_id":3497,"deactivation_doc_id":null,"id":2558871},"type":"Feature"},{"bbox":[72.8508,49.6361,72.8528,49.6382],"geometry":{"coordinates":[[[72.8518,49.6361],[72.8528,49.638],[72.8518,49.6382],[72.8508,49.6364],[72.8518,49.6361]]],"type":"MultiLineString"},"geometry_name":"shape","id":"gp_red_lines.fid--7752831e_19fb67eabdc_7c47","properties":{"area":null,"creation_doc_id":3497,"deactivation_doc_id":null,"id":2558872},"type":"Feature"},{"bbox":[72.852,49.636,72.8537,49.638],"geometry":{"coordinates":[[[72.852,49.6361],[72.8527,49.636],[72.8537,49.6378],[72.853,49.638],[72.852,49.6361]]],"type":"MultiLineString"},"geometry_name":"shape","id":"gp_red_lines.fid--7752831e_19fb67eabdc_7c48","properties":{"area":null,"creation_doc_id":3497,"deactivation_doc_id":null,"id":2558873},"type":"Feature"},{"bbox":[72.8541,49.6373,72.8586,49.6397],"geometry":{"coordinates":[[[72.8577,49.6373],[72.8586,49.6389],[72.8549,49.6397],[72.8541,49.6381],[72.8577,49.6373]]],"type":"MultiLineString"},"geometry_name":"shape","id":"gp_red_lines.fid--7752831e_19fb67eabdc_7c49","properties":{"area":null,"creation_doc_id":3497,"deactivation_doc_id":null,"id":2558874},"type":"Feature"},{"bbox":[72.855,49.6389,72.8597,49.6418],"geometry":{"coordinates":[[[72.8555,49.6396],[72.8586,49.6389],[72.8597,49.641],[72.8561,49.6418],[72.855,49.6398],[72.8555,49.6396]]],"type":"MultiLineString"},"geometry_name":"shape","id":"gp_red_lines.fid--7752831e_19fb67eabdc_7c4a","properties":{"area":null,"creation_doc_id":3497,"deactivation_doc_id":null,"id":2558875},"type":"Feature"},{"bbox":[72.8518,49.6381,72.8548,49.6402],"geometry":{"coordinates":[[[72.8539,49.6381],[72.8548,49.6397],[72.8526,49.6402],[72.8518,49.6386],[72.8539,49.6381]]],"type":"MultiLineString"},"geometry_name":"shape","id":"gp_red_lines.fid--7752831e_19fb67eabdc_7c4b","properties":{"area":null,"creation_doc_id":3497,"deactivation_doc_id":null,"id":2558876},"type":"Feature"},{"bbox":[72.849,49.6385,72.8518,49.6397],"geometry":{"coordinates":[[[72.8515,49.6385],[72.8518,49.6392],[72.8493,49.6397],[72.849,49.6391],[72.8515,49.6385]]],"type":"MultiLineString"},"geometry_name":"shape","id":"gp_red_lines.fid--7752831e_19fb67eabdc_7c4c","properties":{"area":null,"creation_doc_id":3497,"deactivation_doc_id":null,"id":2558877},"type":"Feature"},{"bbox":[72.8395,49.6375,72.8403,49.6384],"geometry":{"coordinates":[[[72.8403,49.638],[72.8403,49.638],[72.8403,49.638],[72.8403,49.6381],[72.8403,49.6381],[72.8403,49.6381],[72.8403,49.6381],[72.8403,49.6382],[72.8403,49.6382],[72.8402,49.6382],[72.8402,49.6382],[72.8402,49.6383],[72.8402,49.6383],[72.8402,49.6383],[72.8401,49.6383],[72.8401,49.6383],[72.8401,49.6383],[72.8401,49.6384],[72.84,49.6384],[72.84,49.6384],[72.84,49.6384],[72.8399,49.6384],[72.8399,49.6384],[72.8399,49.6384],[72.8399,49.6384],[72.8398,49.6384],[72.8398,49.6384],[72.8398,49.6384],[72.8397,49.6384],[72.8397,49.6384],[72.8397,49.6383],[72.8397,49.6383],[72.8396,49.6383],[72.8396,49.6383],[72.8396,49.6383],[72.8396,49.6382],[72.8396,49.6382],[72.8395,49.6382],[72.8395,49.6382],[72.8395,49.6381],[72.8395,49.6381],[72.8395,49.6381],[72.8395,49.6381],[72.8395,49.638],[72.8395,49.638],[72.8395,49.638],[72.8395,49.6379],[72.8395,49.6379],[72.8395,49.6379],[72.8395,49.6379],[72.8395,49.6378],[72.8395,49.6378],[72.8395,49.6378],[72.8395,49.6377],[72.8395,49.6377],[72.8396,49.6377],[72.8396,49.6377],[72.8396,49.6377],[72.8396,49.6376],[72.8397,49.6376],[72.8397,49.6376],[72.8397,49.6376],[72.8397,49.6376],[72.8398,49.6376],[72.8398,49.6376],[72.8398,49.6376],[72.8398,49.6375],[72.8399,49.6375],[72.8399,49.6375],[72.8399,49.6375],[72.84,49.6376],[72.84,49.6376],[72.84,49.6376],[72.84,49.6376],[72.8401,49.6376],[72.8401,49.6376],[72.8401,49.6376],[72.8402,49.6376],[72.8402,49.6377],[72.8402,49.6377],[72.8402,49.6377],[72.8402,49.6377],[72.8403,49.6377],[72.8403,49.6378],[72.8403,49.6378],[72.8403,49.6378],[72.8403,49.6379],[72.8403,49.6379],[72.8403,49.6379],[72.8403,49.6379],[72.8403,49.638]]],"type":"MultiLineString"},"geometry_name":"shape","id":"gp_red_lines.fid--7752831e_19fb67eabdc_7c4d","properties":{"area":null,"creation_doc_id":3497,"deactivation_doc_id":null,"id":2558878},"type":"Feature"},{"bbox":[72.8282,49.6225,72.8553,49.6411],"geometry":{"coordinates":[[[72.8552,49.6225],[72.8553,49.6226],[72.844,49.6342],[72.8438,49.6343],[72.8437,49.6345],[72.8435,49.6346],[72.8434,49.6347],[72.8432,49.6348],[72.843,49.6349],[72.8429,49.6349],[72.8428,49.635],[72.8427,49.635],[72.8426,49.6351],[72.8425,49.6351],[72.8425,49.6351],[72.8424,49.6352],[72.8423,49.6353],[72.8402,49.6375],[72.8401,49.6374],[72.8401,49.6374],[72.84,49.6374],[72.84,49.6374],[72.8399,49.6374],[72.8399,49.6374],[72.8398,49.6374],[72.8397,49.6374],[72.8397,49.6374],[72.8396,49.6374],[72.8396,49.6374],[72.8395,49.6375],[72.8395,49.6375],[72.8394,49.6375],[72.8394,49.6375],[72.8393,49.6376],[72.8393,49.6376],[72.8392,49.6377],[72.8392,49.6377],[72.8392,49.6377],[72.8391,49.6378],[72.8391,49.6378],[72.8391,49.6379],[72.8391,49.638],[72.8391,49.638],[72.8282,49.6411]]],"type":"MultiLineString"},"geometry_name":"shape","id":"gp_red_lines.fid--7752831e_19fb67eabdc_7c4e","properties":{"area":null,"creation_doc_id":3497,"deactivation_doc_id":null,"id":2558879},"type":"Feature"},{"bbox":[72.8282,49.6414,72.8412,49.6526],"geometry":{"coordinates":[[[72.8282,49.6415],[72.8283,49.6414],[72.8293,49.6463],[72.8293,49.6465],[72.8294,49.6468],[72.8295,49.647],[72.8297,49.6472],[72.8298,49.6475],[72.83,49.6477],[72.8302,49.6478],[72.8303,49.648],[72.8305,49.6482],[72.8307,49.6484],[72.831,49.6485],[72.8312,49.6486],[72.8314,49.6487],[72.8317,49.6488],[72.8319,49.6489],[72.8412,49.6526]]],"type":"MultiLineString"},"geometry_name":"shape","id":"gp_red_lines.fid--7752831e_19fb67eabdc_7c4f","properties":{"area":null,"creation_doc_id":3497,"deactivation_doc_id":null,"id":2558880},"type":"Feature"},{"bbox":[72.8567,49.6233,72.859,49.6246],"geometry":{"coordinates":[[[72.8572,49.6233],[72.859,49.6241],[72.8584,49.6246],[72.8567,49.6239],[72.8572,49.6233]]],"type":"MultiLineString"},"geometry_name":"shape","id":"gp_red_lines.fid--7752831e_19fb67eabdc_7c50","properties":{"area":null,"creation_doc_id":3497,"deactivation_doc_id":null,"id":2558881},"type":"Feature"},{"bbox":[72.8566,49.6203,72.8615,49.6239],"geometry":{"coordinates":[[[72.859,49.6203],[72.8615,49.6214],[72.8591,49.6239],[72.8566,49.6228],[72.859,49.6203]]],"type":"MultiLineString"},"geometry_name":"shape","id":"gp_red_lines.fid--7752831e_19fb67eabdc_7c51","properties":{"area":null,"creation_doc_id":3497,"deactivation_doc_id":null,"id":2558882},"type":"Feature"},{"bbox":[72.8559,49.6135,72.8651,49.6227],"geometry":{"coordinates":[[[72.8651,49.6137],[72.8647,49.6135],[72.8559,49.6226],[72.8563,49.6227],[72.8651,49.6137]]],"type":"MultiLineString"},"geometry_name":"shape","id":"gp_red_lines.fid--7752831e_19fb67eabdc_7c52","properties":{"area":null,"creation_doc_id":3497,"deactivation_doc_id":null,"id":2558883},"type":"Feature"},{"bbox":[72.8554,49.6133,72.8642,49.6224],"geometry":{"coordinates":[[[72.8554,49.6223],[72.8555,49.6224],[72.8642,49.6133],[72.8642,49.6133]]],"type":"MultiLineString"},"geometry_name":"shape","id":"gp_red_lines.fid--7752831e_19fb67eabdc_7c53","properties":{"area":null,"creation_doc_id":3497,"deactivation_doc_id":null,"id":2558884},"type":"Feature"},{"bbox":[72.8616,49.6173,72.8645,49.6187],"geometry":{"coordinates":[[[72.862,49.6173],[72.8635,49.6179],[72.8645,49.6183],[72.8641,49.6187],[72.8616,49.6177],[72.862,49.6173]]],"type":"MultiLineString"},"geometry_name":"shape","id":"gp_red_lines.fid--7752831e_19fb67eabdc_7c54","properties":{"area":null,"creation_doc_id":3497,"deactivation_doc_id":null,"id":2558885},"type":"Feature"},{"bbox":[72.8593,49.6166,72.8696,49.6249],"geometry":{"coordinates":[[[72.8686,49.6166],[72.8696,49.6183],[72.8677,49.6188],[72.8617,49.6249],[72.8593,49.624],[72.866,49.6171],[72.8686,49.6166]]],"type":"MultiLineString"},"geometry_name":"shape","id":"gp_red_lines.fid--7752831e_19fb67eabdc_7c55","properties":{"area":null,"creation_doc_id":3497,"deactivation_doc_id":null,"id":2558886},"type":"Feature"},{"bbox":[72.8591,49.6177,72.8641,49.6213],"geometry":{"coordinates":[[[72.8615,49.6177],[72.8641,49.6188],[72.8616,49.6213],[72.8591,49.6202],[72.8615,49.6177]]],"type":"MultiLineString"},"geometry_name":"shape","id":"gp_red_lines.fid--7752831e_19fb67eabdc_7c56","properties":{"area":null,"creation_doc_id":3497,"deactivation_doc_id":null,"id":2558887},"type":"Feature"},{"bbox":[72.8586,49.6242,72.8614,49.6256],"geometry":{"coordinates":[[[72.8591,49.6242],[72.8586,49.6247],[72.8609,49.6256],[72.8614,49.6251],[72.8591,49.6242]]],"type":"MultiLineString"},"geometry_name":"shape","id":"gp_red_lines.fid--7752831e_19fb67eabdc_7c57","properties":{"area":null,"creation_doc_id":3497,"deactivation_doc_id":null,"id":2558888},"type":"Feature"},{"bbox":[72.8623,49.6185,72.8709,49.6254],"geometry":{"coordinates":[[[72.8643,49.6254],[72.8681,49.6214],[72.8709,49.6208],[72.8696,49.6185],[72.8678,49.6189],[72.8623,49.6245],[72.8643,49.6254]]],"type":"MultiLineString"},"geometry_name":"shape","id":"gp_red_lines.fid--7752831e_19fb67eabdc_7c58","properties":{"area":null,"creation_doc_id":3497,"deactivation_doc_id":null,"id":2558889},"type":"Feature"},{"bbox":[72.8655,49.621,72.8732,49.626],"geometry":{"coordinates":[[[72.871,49.621],[72.8732,49.6251],[72.8693,49.626],[72.8655,49.6244],[72.8683,49.6216],[72.871,49.621]]],"type":"MultiLineString"},"geometry_name":"shape","id":"gp_red_lines.fid--7752831e_19fb67eabdc_7c59","properties":{"area":null,"creation_doc_id":3497,"deactivation_doc_id":null,"id":2558890},"type":"Feature"},{"bbox":[72.8729,49.6229,72.8762,49.625],"geometry":{"coordinates":[[[72.8738,49.625],[72.8762,49.6244],[72.8754,49.6229],[72.8729,49.6235],[72.8738,49.625]]],"type":"MultiLineString"},"geometry_name":"shape","id":"gp_red_lines.fid--7752831e_19fb67eabdc_7c5a","properties":{"area":null,"creation_doc_id":3497,"deactivation_doc_id":null,"id":2558891},"type":"Feature"},{"bbox":[72.8715,49.6206,72.8741,49.6234],"geometry":{"coordinates":[[[72.8729,49.6234],[72.8741,49.6231],[72.8727,49.6206],[72.8715,49.6208],[72.8729,49.6234]]],"type":"MultiLineString"},"geometry_name":"shape","id":"gp_red_lines.fid--7752831e_19fb67eabdc_7c5b","properties":{"area":null,"creation_doc_id":3497,"deactivation_doc_id":null,"id":2558892},"type":"Feature"},{"bbox":[72.8729,49.6203,72.8753,49.623],"geometry":{"coordinates":[[[72.8743,49.623],[72.8753,49.6228],[72.874,49.6203],[72.8729,49.6205],[72.8743,49.623]]],"type":"MultiLineString"},"geometry_name":"shape","id":"gp_red_lines.fid--7752831e_19fb67eabdc_7c5c","properties":{"area":null,"creation_doc_id":3497,"deactivation_doc_id":null,"id":2558893},"type":"Feature"},{"bbox":[72.8702,49.6178,72.8739,49.6207],"geometry":{"coordinates":[[[72.8739,49.6201],[72.8726,49.6178],[72.8702,49.6184],[72.8714,49.6207],[72.8739,49.6201]]],"type":"MultiLineString"},"geometry_name":"shape","id":"gp_red_lines.fid--7752831e_19fb67eabdc_7c5d","properties":{"area":null,"creation_doc_id":3497,"deactivation_doc_id":null,"id":2558894},"type":"Feature"},{"bbox":[72.8691,49.6162,72.8713,49.6182],"geometry":{"coordinates":[[[72.8691,49.6164],[72.8703,49.6162],[72.8713,49.618],[72.8701,49.6182],[72.8691,49.6164]]],"type":"MultiLineString"},"geometry_name":"shape","id":"gp_red_lines.fid--7752831e_19fb67eabdc_7c5e","properties":{"area":null,"creation_doc_id":3497,"deactivation_doc_id":null,"id":2558895},"type":"Feature"},{"bbox":[72.8728,49.6175,72.8752,49.6201],"geometry":{"coordinates":[[[72.8752,49.6198],[72.8741,49.6201],[72.8728,49.6177],[72.8739,49.6175],[72.8752,49.6198]]],"type":"MultiLineString"},"geometry_name":"shape","id":"gp_red_lines.fid--7752831e_19fb67eabdc_7c5f","properties":{"area":null,"creation_doc_id":3497,"deactivation_doc_id":null,"id":2558896},"type":"Feature"},{"bbox":[72.8731,49.6152,72.8753,49.6173],"geometry":{"coordinates":[[[72.875,49.6164],[72.8744,49.6152],[72.8731,49.6155],[72.8741,49.6173],[72.8753,49.6171],[72.875,49.6165],[72.875,49.6164]]],"type":"MultiLineString"},"geometry_name":"shape","id":"gp_red_lines.fid--7752831e_19fb67eabdc_7c60","properties":{"area":null,"creation_doc_id":3497,"deactivation_doc_id":null,"id":2558897},"type":"Feature"},{"bbox":[72.8705,49.6159,72.8726,49.6179],"geometry":{"coordinates":[[[72.8726,49.6177],[72.8715,49.6179],[72.8705,49.6161],[72.8716,49.6159],[72.8726,49.6177]]],"type":"MultiLineString"},"geometry_name":"shape","id":"gp_red_lines.fid--7752831e_19fb67eabdc_7c61","properties":{"area":null,"creation_doc_id":3497,"deactivation_doc_id":null,"id":2558898},"type":"Feature"},{"bbox":[72.8718,49.6156,72.8739,49.6176],"geometry":{"coordinates":[[[72.8729,49.6156],[72.8739,49.6174],[72.8728,49.6176],[72.8718,49.6158],[72.8729,49.6156]]],"type":"MultiLineString"},"geometry_name":"shape","id":"gp_red_lines.fid--7752831e_19fb67eabdc_7c62","properties":{"area":null,"creation_doc_id":3497,"deactivation_doc_id":null,"id":2558899},"type":"Feature"},{"bbox":[72.8715,49.6148,72.8728,49.6157],"geometry":{"coordinates":[[[72.8728,49.6151],[72.872,49.6148],[72.8715,49.6153],[72.8717,49.6157],[72.8728,49.6154],[72.8727,49.6152],[72.8728,49.6151]]],"type":"MultiLineString"},"geometry_name":"shape","id":"gp_red_lines.fid--7752831e_19fb67eabdc_7c63","properties":{"area":null,"creation_doc_id":3497,"deactivation_doc_id":null,"id":2558900},"type":"Feature"},{"bbox":[72.8721,49.612,72.8755,49.615],"geometry":{"coordinates":[[[72.8747,49.612],[72.8755,49.6124],[72.8729,49.615],[72.8721,49.6147],[72.8747,49.612]]],"type":"MultiLineString"},"geometry_name":"shape","id":"gp_red_lines.fid--7752831e_19fb67eabdc_7c64","properties":{"area":null,"creation_doc_id":3497,"deactivation_doc_id":null,"id":2558901},"type":"Feature"},{"bbox":[72.8699,49.6125,72.8724,49.6147],"geometry":{"coordinates":[[[72.8724,49.6128],[72.8717,49.6125],[72.8699,49.6144],[72.8706,49.6147],[72.8724,49.6128]]],"type":"MultiLineString"},"geometry_name":"shape","id":"gp_red_lines.fid--7752831e_19fb67eabdc_7c65","properties":{"area":null,"creation_doc_id":3497,"deactivation_doc_id":null,"id":2558902},"type":"Feature"},{"bbox":[72.8701,49.6144,72.8718,49.616],"geometry":{"coordinates":[[[72.8711,49.6144],[72.8718,49.6147],[72.8713,49.6153],[72.8715,49.6157],[72.8704,49.616],[72.8701,49.6154],[72.8711,49.6144]]],"type":"MultiLineString"},"geometry_name":"shape","id":"gp_red_lines.fid--7752831e_19fb67eabdc_7c66","properties":{"area":null,"creation_doc_id":3497,"deactivation_doc_id":null,"id":2558903},"type":"Feature"},{"bbox":[72.8682,49.6141,72.8705,49.6156],"geometry":{"coordinates":[[[72.8688,49.6141],[72.8705,49.6148],[72.8699,49.6154],[72.8687,49.6156],[72.8682,49.6147],[72.8688,49.6141]]],"type":"MultiLineString"},"geometry_name":"shape","id":"gp_red_lines.fid--7752831e_19fb67eabdc_7c67","properties":{"area":null,"creation_doc_id":3497,"deactivation_doc_id":null,"id":2558904},"type":"Feature"},{"bbox":[72.8688,49.6155,72.8702,49.6163],"geometry":{"coordinates":[[[72.8688,49.6158],[72.87,49.6155],[72.8702,49.616],[72.869,49.6163],[72.8688,49.6158]]],"type":"MultiLineString"},"geometry_name":"shape","id":"gp_red_lines.fid--7752831e_19fb67eabdc_7c68","properties":{"area":null,"creation_doc_id":3497,"deactivation_doc_id":null,"id":2558905},"type":"Feature"},{"bbox":[72.8662,49.6159,72.8685,49.6169],"geometry":{"coordinates":[[[72.8685,49.6164],[72.8662,49.6169],[72.8669,49.6162],[72.8683,49.6159],[72.8685,49.6164]]],"type":"MultiLineString"},"geometry_name":"shape","id":"gp_red_lines.fid--7752831e_19fb67eabdc_7c69","properties":{"area":null,"creation_doc_id":3497,"deactivation_doc_id":null,"id":2558906},"type":"Feature"},{"bbox":[72.862,49.6138,72.8682,49.6183],"geometry":{"coordinates":[[[72.8653,49.6138],[72.8676,49.6147],[72.8676,49.6147],[72.8676,49.6147],[72.8676,49.6147],[72.8676,49.6148],[72.8676,49.6148],[72.8676,49.6148],[72.8676,49.6148],[72.8676,49.6148],[72.8676,49.6148],[72.8676,49.6148],[72.8676,49.6148],[72.8682,49.6157],[72.8667,49.6161],[72.8646,49.6183],[72.8636,49.6178],[72.862,49.6172],[72.8653,49.6138]]],"type":"MultiLineString"},"geometry_name":"shape","id":"gp_red_lines.fid--7752831e_19fb67eabdc_7c6a","properties":{"area":null,"creation_doc_id":3497,"deactivation_doc_id":null,"id":2558907},"type":"Feature"},{"bbox":[72.8656,49.611,72.8686,49.6137],"geometry":{"coordinates":[[[72.8686,49.6112],[72.8681,49.611],[72.8656,49.6135],[72.8661,49.6137],[72.8686,49.6112]]],"type":"MultiLineString"},"geometry_name":"shape","id":"gp_red_lines.fid--7752831e_19fb67eabdc_7c6b","properties":{"area":null,"creation_doc_id":3497,"deactivation_doc_id":null,"id":2558908},"type":"Feature"},{"bbox":[72.865,49.6095,72.869,49.6134],"geometry":{"coordinates":[[[72.8686,49.6095],[72.869,49.6097],[72.8654,49.6134],[72.865,49.6132],[72.8686,49.6095]]],"type":"MultiLineString"},"geometry_name":"shape","id":"gp_red_lines.fid--7752831e_19fb67eabdc_7c6c","properties":{"area":null,"creation_doc_id":3497,"deactivation_doc_id":null,"id":2558909},"type":"Feature"},{"bbox":[72.8645,49.6067,72.8707,49.613],"geometry":{"coordinates":[[[72.8645,49.613],[72.8645,49.613],[72.8707,49.6067]]],"type":"MultiLineString"},"geometry_name":"shape","id":"gp_red_lines.fid--7752831e_19fb67eabdc_7c6d","properties":{"area":null,"creation_doc_id":3497,"deactivation_doc_id":null,"id":2558910},"type":"Feature"},{"bbox":[72.8689,49.6101,72.8708,49.6115],"geometry":{"coordinates":[[[72.87,49.6101],[72.8708,49.6104],[72.8698,49.6115],[72.8689,49.6112],[72.87,49.6101]]],"type":"MultiLineString"},"geometry_name":"shape","id":"gp_red_lines.fid--7752831e_19fb67eabdc_7c6e","properties":{"area":null,"creation_doc_id":3497,"deactivation_doc_id":null,"id":2558911},"type":"Feature"},{"bbox":[72.8699,49.6105,72.8718,49.6119],"geometry":{"coordinates":[[[72.871,49.6105],[72.8718,49.6108],[72.8707,49.6119],[72.8699,49.6116],[72.871,49.6105]]],"type":"MultiLineString"},"geometry_name":"shape","id":"gp_red_lines.fid--7752831e_19fb67eabdc_7c6f","properties":{"area":null,"creation_doc_id":3497,"deactivation_doc_id":null,"id":2558912},"type":"Feature"},{"bbox":[72.8682,49.6098,72.8698,49.6111],"geometry":{"coordinates":[[[72.8693,49.6098],[72.8698,49.61],[72.8687,49.6111],[72.8682,49.6109],[72.8693,49.6098]]],"type":"MultiLineString"},"geometry_name":"shape","id":"gp_red_lines.fid--7752831e_19fb67eabdc_7c70","properties":{"area":null,"creation_doc_id":3497,"deactivation_doc_id":null,"id":2558913},"type":"Feature"},{"bbox":[72.8663,49.6113,72.8697,49.6142],"geometry":{"coordinates":[[[72.8697,49.6117],[72.8688,49.6113],[72.8663,49.6138],[72.8672,49.6142],[72.8697,49.6117]]],"type":"MultiLineString"},"geometry_name":"shape","id":"gp_red_lines.fid--7752831e_19fb67eabdc_7c71","properties":{"area":null,"creation_doc_id":3497,"deactivation_doc_id":null,"id":2558914},"type":"Feature"},{"bbox":[72.8674,49.6117,72.8706,49.6146],"geometry":{"coordinates":[[[72.8706,49.612],[72.8698,49.6117],[72.8674,49.6142],[72.8679,49.6144],[72.8679,49.6145],[72.8679,49.6145],[72.868,49.6145],[72.868,49.6145],[72.868,49.6145],[72.8681,49.6145],[72.8681,49.6146],[72.8706,49.612]]],"type":"MultiLineString"},"geometry_name":"shape","id":"gp_red_lines.fid--7752831e_19fb67eabdc_7c72","properties":{"area":null,"creation_doc_id":3497,"deactivation_doc_id":null,"id":2558915},"type":"Feature"},{"bbox":[72.8689,49.6121,72.8715,49.6143],"geometry":{"coordinates":[[[72.8715,49.6124],[72.8707,49.6121],[72.8689,49.614],[72.8697,49.6143],[72.8715,49.6124]]],"type":"MultiLineString"},"geometry_name":"shape","id":"gp_red_lines.fid--7752831e_19fb67eabdc_7c73","properties":{"area":null,"creation_doc_id":3497,"deactivation_doc_id":null,"id":2558916},"type":"Feature"},{"bbox":[72.8709,49.6109,72.8727,49.6123],"geometry":{"coordinates":[[[72.8719,49.6109],[72.8727,49.6112],[72.8716,49.6123],[72.8709,49.612],[72.8719,49.6109]]],"type":"MultiLineString"},"geometry_name":"shape","id":"gp_red_lines.fid--7752831e_19fb67eabdc_7c74","properties":{"area":null,"creation_doc_id":3497,"deactivation_doc_id":null,"id":2558917},"type":"Feature"},{"bbox":[72.8718,49.6113,72.8736,49.6127],"geometry":{"coordinates":[[[72.8729,49.6113],[72.8736,49.6116],[72.8725,49.6127],[72.8718,49.6124],[72.8729,49.6113]]],"type":"MultiLineString"},"geometry_name":"shape","id":"gp_red_lines.fid--7752831e_19fb67eabdc_7c75","properties":{"area":null,"creation_doc_id":3497,"deactivation_doc_id":null,"id":2558918},"type":"Feature"},{"bbox":[72.8712,49.6117,72.8745,49.6146],"geometry":{"coordinates":[[[72.8738,49.6117],[72.8745,49.612],[72.8719,49.6146],[72.8712,49.6143],[72.8738,49.6117]]],"type":"MultiLineString"},"geometry_name":"shape","id":"gp_red_lines.fid--7752831e_19fb67eabdc_7c76","properties":{"area":null,"creation_doc_id":3497,"deactivation_doc_id":null,"id":2558919},"type":"Feature"},{"bbox":[72.8731,49.6104,72.8763,49.6121],"geometry":{"coordinates":[[[72.8737,49.6104],[72.8763,49.6115],[72.8757,49.6121],[72.8731,49.611],[72.8737,49.6104]]],"type":"MultiLineString"},"geometry_name":"shape","id":"gp_red_lines.fid--7752831e_19fb67eabdc_7c77","properties":{"area":null,"creation_doc_id":3497,"deactivation_doc_id":null,"id":2558920},"type":"Feature"},{"bbox":[72.8702,49.6092,72.8735,49.611],"geometry":{"coordinates":[[[72.8708,49.6092],[72.8735,49.6104],[72.8729,49.611],[72.8702,49.6098],[72.8708,49.6092]]],"type":"MultiLineString"},"geometry_name":"shape","id":"gp_red_lines.fid--7752831e_19fb67eabdc_7c78","properties":{"area":null,"creation_doc_id":3497,"deactivation_doc_id":null,"id":2558921},"type":"Feature"},{"bbox":[72.8717,49.6076,72.8751,49.6094],"geometry":{"coordinates":[[[72.8723,49.6076],[72.8751,49.6088],[72.8745,49.6094],[72.8717,49.6082],[72.8723,49.6076]]],"type":"MultiLineString"},"geometry_name":"shape","id":"gp_red_lines.fid--7752831e_19fb67eabdc_7c79","properties":{"area":null,"creation_doc_id":3497,"deactivation_doc_id":null,"id":2558922},"type":"Feature"},{"bbox":[72.8709,49.6084,72.8743,49.6102],"geometry":{"coordinates":[[[72.8715,49.6084],[72.8743,49.6096],[72.8737,49.6102],[72.8709,49.609],[72.8715,49.6084]]],"type":"MultiLineString"},"geometry_name":"shape","id":"gp_red_lines.fid--7752831e_19fb67eabdc_7c7a","properties":{"area":null,"creation_doc_id":3497,"deactivation_doc_id":null,"id":2558923},"type":"Feature"},{"bbox":[72.8695,49.6074,72.8721,49.6098],"geometry":{"coordinates":[[[72.8716,49.6074],[72.8721,49.6076],[72.87,49.6098],[72.8695,49.6096],[72.8716,49.6074]]],"type":"MultiLineString"},"geometry_name":"shape","id":"gp_red_lines.fid--7752831e_19fb67eabdc_7c7b","properties":{"area":null,"creation_doc_id":3497,"deactivation_doc_id":null,"id":2558924},"type":"Feature"},{"bbox":[72.8688,49.6071,72.8714,49.6095],"geometry":{"coordinates":[[[72.871,49.6071],[72.8714,49.6073],[72.8693,49.6095],[72.8688,49.6093],[72.871,49.6071]]],"type":"MultiLineString"},"geometry_name":"shape","id":"gp_red_lines.fid--7752831e_19fb67eabdc_7c7c","properties":{"area":null,"creation_doc_id":3497,"deactivation_doc_id":null,"id":2558925},"type":"Feature"},{"bbox":[72.8711,49.6069,72.8716,49.6071],"geometry":{"coordinates":[[[72.8712,49.6069],[72.8711,49.6069],[72.8716,49.6071],[72.8716,49.607]]],"type":"MultiLineString"},"geometry_name":"shape","id":"gp_red_lines.fid--7752831e_19fb67eabdc_7c7d","properties":{"area":null,"creation_doc_id":3497,"deactivation_doc_id":null,"id":2558926},"type":"Feature"},{"bbox":[72.8718,49.6071,72.8806,49.6108],"geometry":{"coordinates":[[[72.8719,49.6071],[72.8718,49.6072],[72.8805,49.6108],[72.8806,49.6107]]],"type":"MultiLineString"},"geometry_name":"shape","id":"gp_red_lines.fid--7752831e_19fb67eabdc_7c7e","properties":{"area":null,"creation_doc_id":3497,"deactivation_doc_id":null,"id":2558927},"type":"Feature"},{"bbox":[72.8746,49.6088,72.8779,49.6105],"geometry":{"coordinates":[[[72.8752,49.6088],[72.8779,49.6099],[72.8773,49.6105],[72.8746,49.6095],[72.8752,49.6088]]],"type":"MultiLineString"},"geometry_name":"shape","id":"gp_red_lines.fid--7752831e_19fb67eabdc_7c7f","properties":{"area":null,"creation_doc_id":3497,"deactivation_doc_id":null,"id":2558928},"type":"Feature"},{"bbox":[72.8739,49.6096,72.8771,49.6113],"geometry":{"coordinates":[[[72.8745,49.6096],[72.8771,49.6107],[72.8765,49.6113],[72.8739,49.6102],[72.8745,49.6096]]],"type":"MultiLineString"},"geometry_name":"shape","id":"gp_red_lines.fid--7752831e_19fb67eabdc_7c80","properties":{"area":null,"creation_doc_id":3497,"deactivation_doc_id":null,"id":2558929},"type":"Feature"},{"bbox":[72.8759,49.6116,72.8788,49.6132],"geometry":{"coordinates":[[[72.8765,49.6116],[72.8788,49.6126],[72.8782,49.6132],[72.8759,49.6122],[72.8765,49.6116]]],"type":"MultiLineString"},"geometry_name":"shape","id":"gp_red_lines.fid--7752831e_19fb67eabdc_7c81","properties":{"area":null,"creation_doc_id":3497,"deactivation_doc_id":null,"id":2558930},"type":"Feature"},{"bbox":[72.8767,49.6108,72.8796,49.6124],"geometry":{"coordinates":[[[72.8773,49.6108],[72.8796,49.6118],[72.879,49.6124],[72.8767,49.6114],[72.8773,49.6108]]],"type":"MultiLineString"},"geometry_name":"shape","id":"gp_red_lines.fid--7752831e_19fb67eabdc_7c82","properties":{"area":null,"creation_doc_id":3497,"deactivation_doc_id":null,"id":2558931},"type":"Feature"},{"bbox":[72.8774,49.61,72.8804,49.6116],"geometry":{"coordinates":[[[72.878,49.61],[72.8804,49.611],[72.8798,49.6116],[72.8774,49.6106],[72.878,49.61]]],"type":"MultiLineString"},"geometry_name":"shape","id":"gp_red_lines.fid--7752831e_19fb67eabdc_7c83","properties":{"area":null,"creation_doc_id":3497,"deactivation_doc_id":null,"id":2558932},"type":"Feature"},{"bbox":[72.8729,49.6124,72.878,49.6154],"geometry":{"coordinates":[[[72.8757,49.6124],[72.878,49.6134],[72.877,49.6145],[72.873,49.6154],[72.8729,49.6152],[72.8757,49.6124]]],"type":"MultiLineString"},"geometry_name":"shape","id":"gp_red_lines.fid--7752831e_19fb67eabdc_7c84","properties":{"area":null,"creation_doc_id":3497,"deactivation_doc_id":null,"id":2558933},"type":"Feature"},{"bbox":[72.8747,49.6147,72.8767,49.6162],"geometry":{"coordinates":[[[72.8767,49.6147],[72.8752,49.6162],[72.8747,49.6152],[72.8767,49.6147]]],"type":"MultiLineString"},"geometry_name":"shape","id":"gp_red_lines.fid--7752831e_19fb67eabdc_7c85","properties":{"area":null,"creation_doc_id":3497,"deactivation_doc_id":null,"id":2558934},"type":"Feature"},{"bbox":[72.8741,49.6172,72.8766,49.6198],"geometry":{"coordinates":[[[72.8766,49.6195],[72.8753,49.6172],[72.8741,49.6175],[72.8754,49.6198],[72.8766,49.6195]]],"type":"MultiLineString"},"geometry_name":"shape","id":"gp_red_lines.fid--7752831e_19fb67eabdc_7c86","properties":{"area":null,"creation_doc_id":3497,"deactivation_doc_id":null,"id":2558935},"type":"Feature"},{"bbox":[72.8755,49.6197,72.878,49.6225],"geometry":{"coordinates":[[[72.8767,49.6197],[72.8755,49.62],[72.8768,49.6225],[72.878,49.6222],[72.8767,49.6197]]],"type":"MultiLineString"},"geometry_name":"shape","id":"gp_red_lines.fid--7752831e_19fb67eabdc_7c87","properties":{"area":null,"creation_doc_id":3497,"deactivation_doc_id":null,"id":2558936},"type":"Feature"},{"bbox":[72.8742,49.62,72.8766,49.6227],"geometry":{"coordinates":[[[72.8766,49.6225],[72.8755,49.6227],[72.8742,49.6202],[72.8753,49.62],[72.8766,49.6225]]],"type":"MultiLineString"},"geometry_name":"shape","id":"gp_red_lines.fid--7752831e_19fb67eabdc_7c88","properties":{"area":null,"creation_doc_id":3497,"deactivation_doc_id":null,"id":2558937},"type":"Feature"},{"bbox":[72.8756,49.6226,72.8775,49.6244],"geometry":{"coordinates":[[[72.8767,49.6226],[72.8775,49.6242],[72.8764,49.6244],[72.8756,49.6229],[72.8767,49.6226]]],"type":"MultiLineString"},"geometry_name":"shape","id":"gp_red_lines.fid--7752831e_19fb67eabdc_7c89","properties":{"area":null,"creation_doc_id":3497,"deactivation_doc_id":null,"id":2558938},"type":"Feature"},{"bbox":[72.8766,49.6244,72.878,49.6252],"geometry":{"coordinates":[[[72.8777,49.6244],[72.8766,49.6247],[72.8769,49.6252],[72.878,49.625],[72.8777,49.6244]]],"type":"MultiLineString"},"geometry_name":"shape","id":"gp_red_lines.fid--7752831e_19fb67eabdc_7c8a","properties":{"area":null,"creation_doc_id":3497,"deactivation_doc_id":null,"id":2558939},"type":"Feature"},{"bbox":[72.8779,49.6241,72.8794,49.6249],"geometry":{"coordinates":[[[72.8791,49.6241],[72.8794,49.6247],[72.8782,49.6249],[72.8779,49.6244],[72.8791,49.6241]]],"type":"MultiLineString"},"geometry_name":"shape","id":"gp_red_lines.fid--7752831e_19fb67eabdc_7c8b","properties":{"area":null,"creation_doc_id":3497,"deactivation_doc_id":null,"id":2558940},"type":"Feature"},{"bbox":[72.8769,49.6223,72.8789,49.6241],"geometry":{"coordinates":[[[72.8781,49.6223],[72.8769,49.6226],[72.8777,49.6241],[72.8789,49.6238],[72.8781,49.6223]]],"type":"MultiLineString"},"geometry_name":"shape","id":"gp_red_lines.fid--7752831e_19fb67eabdc_7c8c","properties":{"area":null,"creation_doc_id":3497,"deactivation_doc_id":null,"id":2558941},"type":"Feature"}],"name":"AIS GGK red lines","type":"FeatureCollection"}