{"crs":{"properties":{"name":"urn:ogc:def:crs:OGC:1.3:CRS84"},"type":"name"},"features":[{"bbox":[69.1894,54.8317,69.196,54.8346],"geometry":{"coordinates":[[[[69.196,54.8323],[69.1901,54.8317],[69.1901,54.8317],[69.1901,54.8317],[69.1894,54.834],[69.1952,54.8346],[69.196,54.8323]]]],"type":"MultiPolygon"},"geometry_name":"shape","id":"gp_functional_zones.fid--7752831e_19fad8546bb_44ba","properties":{"area":9.9901925214755,"creation_doc_id":3586,"deactivation_doc_id":null,"func_zone_status_id":3,"ggk_zone_code":"11010000","ggk_zone_name":"Территория усадебной застройки","gp_func_zone_code":"11010000","gp_func_zone_code_id":19,"id":4656372,"zone_type_id":8},"type":"Feature"},{"bbox":[69.1864,54.8112,69.1892,54.813],"geometry":{"coordinates":[[[[69.188,54.813],[69.188,54.8128],[69.188,54.8128],[69.1888,54.8129],[69.1888,54.8129],[69.1892,54.8114],[69.1869,54.8112],[69.1869,54.8112],[69.1867,54.8116],[69.1864,54.8129],[69.1873,54.8129],[69.188,54.813],[69.188,54.813]]]],"type":"MultiPolygon"},"geometry_name":"shape","id":"gp_functional_zones.fid--7752831e_19fad8546bb_44bb","properties":{"area":2.86236172797932,"creation_doc_id":3586,"deactivation_doc_id":null,"func_zone_status_id":3,"ggk_zone_code":"11010000","ggk_zone_name":"Территория усадебной застройки","gp_func_zone_code":"11010000","gp_func_zone_code_id":19,"id":4656373,"zone_type_id":8},"type":"Feature"},{"bbox":[69.1989,54.8327,69.2022,54.8352],"geometry":{"coordinates":[[[[69.2022,54.8329],[69.1997,54.8327],[69.1989,54.835],[69.1998,54.835],[69.2014,54.8352],[69.2022,54.8329]]]],"type":"MultiPolygon"},"geometry_name":"shape","id":"gp_functional_zones.fid--7752831e_19fad8546bb_44bc","properties":{"area":4.29439534260658,"creation_doc_id":3586,"deactivation_doc_id":null,"func_zone_status_id":3,"ggk_zone_code":"11010000","ggk_zone_name":"Территория усадебной застройки","gp_func_zone_code":"11010000","gp_func_zone_code_id":19,"id":4656374,"zone_type_id":8},"type":"Feature"},{"bbox":[69.1855,54.8145,69.1883,54.8165],"geometry":{"coordinates":[[[[69.1883,54.8148],[69.1859,54.8145],[69.1859,54.8145],[69.1856,54.8156],[69.1855,54.8162],[69.1878,54.8165],[69.1883,54.8148]]]],"type":"MultiPolygon"},"geometry_name":"shape","id":"gp_functional_zones.fid--7752831e_19fad8546bb_44bd","properties":{"area":2.96543791282551,"creation_doc_id":3586,"deactivation_doc_id":null,"func_zone_status_id":3,"ggk_zone_code":"11010000","ggk_zone_name":"Территория усадебной застройки","gp_func_zone_code":"11010000","gp_func_zone_code_id":19,"id":4656375,"zone_type_id":8},"type":"Feature"},{"bbox":[69.1886,54.8133,69.1909,54.8149],"geometry":{"coordinates":[[[[69.1909,54.8135],[69.189,54.8133],[69.1886,54.8147],[69.1887,54.8147],[69.1905,54.8149],[69.1905,54.8149],[69.1908,54.814],[69.1909,54.8135]]]],"type":"MultiPolygon"},"geometry_name":"shape","id":"gp_functional_zones.fid--7752831e_19fad8546bb_44bf","properties":{"area":1.94616172496249,"creation_doc_id":3586,"deactivation_doc_id":null,"func_zone_status_id":3,"ggk_zone_code":"11010000","ggk_zone_name":"Территория усадебной застройки","gp_func_zone_code":"11010000","gp_func_zone_code_id":19,"id":4656377,"zone_type_id":8},"type":"Feature"},{"bbox":[69.1896,54.8099,69.1919,54.8115],"geometry":{"coordinates":[[[[69.1919,54.81],[69.19,54.8099],[69.1896,54.8113],[69.1896,54.8113],[69.1898,54.8114],[69.1914,54.8115],[69.1914,54.8115],[69.1917,54.8105],[69.1919,54.81]]]],"type":"MultiPolygon"},"geometry_name":"shape","id":"gp_functional_zones.fid--7752831e_19fad8546bb_44c0","properties":{"area":1.99796550722867,"creation_doc_id":3586,"deactivation_doc_id":null,"func_zone_status_id":3,"ggk_zone_code":"11010000","ggk_zone_name":"Территория усадебной застройки","gp_func_zone_code":"11010000","gp_func_zone_code_id":19,"id":4656378,"zone_type_id":8},"type":"Feature"},{"bbox":[69.1938,54.8386,69.1959,54.8406],"geometry":{"coordinates":[[[[69.1959,54.8388],[69.1944,54.8386],[69.1938,54.8405],[69.1938,54.8405],[69.1953,54.8406],[69.1959,54.8388]]]],"type":"MultiPolygon"},"geometry_name":"shape","id":"gp_functional_zones.fid--7752831e_19fad8546bb_44c1","properties":{"area":2.12365801628168,"creation_doc_id":3586,"deactivation_doc_id":null,"func_zone_status_id":3,"ggk_zone_code":"11010000","ggk_zone_name":"Территория усадебной застройки","gp_func_zone_code":"11010000","gp_func_zone_code_id":19,"id":4656379,"zone_type_id":8},"type":"Feature"},{"bbox":[69.1965,54.8306,69.1994,54.8324],"geometry":{"coordinates":[[[[69.1984,54.8307],[69.1971,54.8306],[69.1965,54.8321],[69.1991,54.8324],[69.1991,54.8324],[69.1992,54.8322],[69.1994,54.8316],[69.1982,54.8315],[69.1982,54.8315],[69.1983,54.8312],[69.1984,54.8307]]]],"type":"MultiPolygon"},"geometry_name":"shape","id":"gp_functional_zones.fid--7752831e_19fad8546bb_44c2","properties":{"area":2.26354985808284,"creation_doc_id":3586,"deactivation_doc_id":null,"func_zone_status_id":3,"ggk_zone_code":"11010000","ggk_zone_name":"Территория усадебной застройки","gp_func_zone_code":"11010000","gp_func_zone_code_id":19,"id":4656380,"zone_type_id":8},"type":"Feature"},{"bbox":[69.198,54.839,69.2,54.8408],"geometry":{"coordinates":[[[[69.2,54.8392],[69.1985,54.839],[69.198,54.8407],[69.198,54.8407],[69.1995,54.8408],[69.2,54.8392]]]],"type":"MultiPolygon"},"geometry_name":"shape","id":"gp_functional_zones.fid--7752831e_19fad8546bb_44c3","properties":{"area":1.81747351170652,"creation_doc_id":3586,"deactivation_doc_id":null,"func_zone_status_id":3,"ggk_zone_code":"11010000","ggk_zone_name":"Территория усадебной застройки","gp_func_zone_code":"11010000","gp_func_zone_code_id":19,"id":4656381,"zone_type_id":8},"type":"Feature"},{"bbox":[69.2006,54.8356,69.209,54.8396],"geometry":{"coordinates":[[[[69.208,54.8396],[69.209,54.8364],[69.2026,54.8357],[69.2025,54.8357],[69.2017,54.8356],[69.2012,54.8371],[69.2041,54.8374],[69.2041,54.8374],[69.2042,54.8372],[69.2043,54.8367],[69.2043,54.8367],[69.2049,54.8368],[69.2051,54.8368],[69.2055,54.8368],[69.2054,54.8373],[69.2051,54.8382],[69.2051,54.8382],[69.2045,54.8382],[69.2045,54.8382],[69.2039,54.8381],[69.2039,54.8381],[69.2039,54.8381],[69.204,54.8377],[69.2011,54.8374],[69.2007,54.8384],[69.2006,54.8389],[69.208,54.8396]]]],"type":"MultiPolygon"},"geometry_name":"shape","id":"gp_functional_zones.fid--7752831e_19fad8546bb_44c4","properties":{"area":15.7420846659425,"creation_doc_id":3586,"deactivation_doc_id":null,"func_zone_status_id":3,"ggk_zone_code":"11010000","ggk_zone_name":"Территория усадебной застройки","gp_func_zone_code":"11010000","gp_func_zone_code_id":19,"id":4656382,"zone_type_id":8},"type":"Feature"},{"bbox":[69.1422,54.9351,69.1456,54.9365],"geometry":{"coordinates":[[[[69.143,54.9351],[69.143,54.9351],[69.1427,54.9353],[69.1426,54.9353],[69.1426,54.9354],[69.1425,54.9354],[69.1425,54.9354],[69.1425,54.9354],[69.1425,54.9355],[69.1425,54.9355],[69.1424,54.9355],[69.1424,54.9355],[69.1422,54.9361],[69.1452,54.9365],[69.1452,54.9365],[69.1452,54.9364],[69.1456,54.9357],[69.1441,54.9355],[69.1441,54.9355],[69.1439,54.9354],[69.1439,54.9354],[69.1439,54.9354],[69.1439,54.9354],[69.1438,54.9354],[69.1436,54.9354],[69.1435,54.9353],[69.1434,54.9353],[69.1433,54.9353],[69.1431,54.9352],[69.1431,54.9352],[69.1431,54.9352],[69.1431,54.9352],[69.1431,54.9352],[69.1431,54.9352],[69.1431,54.9352],[69.143,54.9352],[69.143,54.9351],[69.143,54.9351]]]],"type":"MultiPolygon"},"geometry_name":"shape","id":"gp_functional_zones.fid--7752831e_19fad8546bb_44c5","properties":{"area":1.97584844196274,"creation_doc_id":3586,"deactivation_doc_id":null,"func_zone_status_id":3,"ggk_zone_code":"11010000","ggk_zone_name":"Территория усадебной застройки","gp_func_zone_code":"11010000","gp_func_zone_code_id":19,"id":4656383,"zone_type_id":8},"type":"Feature"},{"bbox":[69.1869,54.8097,69.1897,54.8113],"geometry":{"coordinates":[[[[69.1897,54.8099],[69.1873,54.8097],[69.187,54.8105],[69.1869,54.8111],[69.1869,54.8111],[69.1869,54.8111],[69.1893,54.8113],[69.1897,54.8099]]]],"type":"MultiPolygon"},"geometry_name":"shape","id":"gp_functional_zones.fid--7752831e_19fad8546bb_44c6","properties":{"area":2.47119133993689,"creation_doc_id":3586,"deactivation_doc_id":null,"func_zone_status_id":3,"ggk_zone_code":"11010000","ggk_zone_name":"Территория усадебной застройки","gp_func_zone_code":"11010000","gp_func_zone_code_id":19,"id":4656384,"zone_type_id":8},"type":"Feature"},{"bbox":[69.1902,54.8291,69.1968,54.8321],"geometry":{"coordinates":[[[[69.1937,54.8297],[69.191,54.8291],[69.1902,54.8314],[69.1961,54.8321],[69.1968,54.8301],[69.1938,54.8297],[69.1937,54.8297]]]],"type":"MultiPolygon"},"geometry_name":"shape","id":"gp_functional_zones.fid--7752831e_19fad8546bb_44c7","properties":{"area":9.31254194802165,"creation_doc_id":3586,"deactivation_doc_id":null,"func_zone_status_id":3,"ggk_zone_code":"11010000","ggk_zone_name":"Территория усадебной застройки","gp_func_zone_code":"11010000","gp_func_zone_code_id":19,"id":4656385,"zone_type_id":8},"type":"Feature"},{"bbox":[69.1998,54.831,69.2028,54.8327],"geometry":{"coordinates":[[[[69.2023,54.8327],[69.2028,54.8312],[69.201,54.831],[69.2008,54.8316],[69.2008,54.8317],[69.2,54.8317],[69.2,54.8317],[69.1998,54.8324],[69.2023,54.8327]]]],"type":"MultiPolygon"},"geometry_name":"shape","id":"gp_functional_zones.fid--7752831e_19fad8546bb_44c8","properties":{"area":2.43892335606812,"creation_doc_id":3586,"deactivation_doc_id":null,"func_zone_status_id":3,"ggk_zone_code":"11010000","ggk_zone_name":"Территория усадебной застройки","gp_func_zone_code":"11010000","gp_func_zone_code_id":19,"id":4656386,"zone_type_id":8},"type":"Feature"},{"bbox":[69.1859,54.813,69.1887,54.8147],"geometry":{"coordinates":[[[[69.1879,54.8131],[69.1864,54.813],[69.1862,54.8135],[69.1859,54.8145],[69.1859,54.8145],[69.1859,54.8145],[69.1883,54.8147],[69.1885,54.8142],[69.1886,54.8137],[69.1887,54.8134],[69.1887,54.8134],[69.1879,54.8133],[69.1879,54.8133],[69.1879,54.8133],[69.1879,54.8132],[69.1879,54.8131],[69.1879,54.8131]]]],"type":"MultiPolygon"},"geometry_name":"shape","id":"gp_functional_zones.fid--7752831e_19fad8546bb_44c9","properties":{"area":2.50755289500121,"creation_doc_id":3586,"deactivation_doc_id":null,"func_zone_status_id":3,"ggk_zone_code":"11010000","ggk_zone_name":"Территория усадебной застройки","gp_func_zone_code":"11010000","gp_func_zone_code_id":19,"id":4656387,"zone_type_id":8},"type":"Feature"},{"bbox":[69.1881,54.8148,69.1905,54.8167],"geometry":{"coordinates":[[[[69.1905,54.815],[69.1886,54.8148],[69.1881,54.8165],[69.19,54.8167],[69.1903,54.8158],[69.1905,54.815],[69.1905,54.815]]]],"type":"MultiPolygon"},"geometry_name":"shape","id":"gp_functional_zones.fid--7752831e_19fad8546bb_44ca","properties":{"area":2.39442674969606,"creation_doc_id":3586,"deactivation_doc_id":null,"func_zone_status_id":3,"ggk_zone_code":"11010000","ggk_zone_name":"Территория усадебной застройки","gp_func_zone_code":"11010000","gp_func_zone_code_id":19,"id":4656388,"zone_type_id":8},"type":"Feature"},{"bbox":[69.1956,54.8323,69.1991,54.8349],"geometry":{"coordinates":[[[[69.1983,54.8349],[69.1991,54.8326],[69.1965,54.8323],[69.1957,54.8346],[69.1956,54.8346],[69.1956,54.8346],[69.1983,54.8349],[69.1983,54.8349]]]],"type":"MultiPolygon"},"geometry_name":"shape","id":"gp_functional_zones.fid--7752831e_19fad8546bb_44cb","properties":{"area":4.43459379708172,"creation_doc_id":3586,"deactivation_doc_id":null,"func_zone_status_id":3,"ggk_zone_code":"11010000","ggk_zone_name":"Территория усадебной застройки","gp_func_zone_code":"11010000","gp_func_zone_code_id":19,"id":4656389,"zone_type_id":8},"type":"Feature"},{"bbox":[69.1821,54.8375,69.1939,54.8415],"geometry":{"coordinates":[[[[69.1932,54.8415],[69.1933,54.8404],[69.1934,54.8404],[69.1939,54.8386],[69.1939,54.8385],[69.1838,54.8375],[69.1838,54.8375],[69.1827,54.8397],[69.1821,54.8411],[69.1828,54.8411],[69.1828,54.8414],[69.1828,54.8414],[69.1828,54.8414],[69.1829,54.8414],[69.1829,54.8414],[69.1844,54.8413],[69.1844,54.8413],[69.185,54.8413],[69.185,54.8413],[69.1857,54.8413],[69.1858,54.8413],[69.1858,54.8413],[69.1858,54.8413],[69.1872,54.8413],[69.1872,54.8413],[69.1892,54.8414],[69.191,54.8414],[69.191,54.8414],[69.1928,54.8415],[69.1932,54.8415]]]],"type":"MultiPolygon"},"geometry_name":"shape","id":"gp_functional_zones.fid--7752831e_19fad8546bb_44cc","properties":{"area":25.9091873745577,"creation_doc_id":3586,"deactivation_doc_id":null,"func_zone_status_id":3,"ggk_zone_code":"11010000","ggk_zone_name":"Территория усадебной застройки","gp_func_zone_code":"11010000","gp_func_zone_code_id":19,"id":4656390,"zone_type_id":8},"type":"Feature"},{"bbox":[69.1999,54.8392,69.2079,54.8422],"geometry":{"coordinates":[[[[69.2058,54.8422],[69.206,54.8413],[69.2075,54.8414],[69.2075,54.8412],[69.2075,54.8412],[69.2079,54.84],[69.2044,54.8396],[69.2005,54.8392],[69.2,54.8407],[69.1999,54.8418],[69.2058,54.8422],[69.2058,54.8422]]]],"type":"MultiPolygon"},"geometry_name":"shape","id":"gp_functional_zones.fid--7752831e_19fad8546bb_44cd","properties":{"area":12.1477381005101,"creation_doc_id":3586,"deactivation_doc_id":null,"func_zone_status_id":3,"ggk_zone_code":"11010000","ggk_zone_name":"Территория усадебной застройки","gp_func_zone_code":"11010000","gp_func_zone_code_id":19,"id":4656391,"zone_type_id":8},"type":"Feature"},{"bbox":[69.1891,54.8114,69.1914,54.8132],"geometry":{"coordinates":[[[[69.1908,54.8115],[69.1896,54.8114],[69.1891,54.813],[69.1891,54.813],[69.1891,54.813],[69.1891,54.813],[69.1908,54.8132],[69.191,54.8132],[69.1912,54.8124],[69.1914,54.8116],[69.1908,54.8115]]]],"type":"MultiPolygon"},"geometry_name":"shape","id":"gp_functional_zones.fid--7752831e_19fad8546bb_44ce","properties":{"area":2.22376920437098,"creation_doc_id":3586,"deactivation_doc_id":null,"func_zone_status_id":3,"ggk_zone_code":"11010000","ggk_zone_name":"Территория усадебной застройки","gp_func_zone_code":"11010000","gp_func_zone_code_id":19,"id":4656392,"zone_type_id":8},"type":"Feature"},{"bbox":[69.184,54.8343,69.1951,54.8382],"geometry":{"coordinates":[[[[69.1941,54.8382],[69.1945,54.8368],[69.1915,54.8364],[69.1915,54.8364],[69.1914,54.8368],[69.1908,54.8367],[69.1902,54.8367],[69.1902,54.8367],[69.1902,54.8367],[69.1905,54.8358],[69.1906,54.8353],[69.1907,54.8353],[69.1908,54.8353],[69.1912,54.8353],[69.1917,54.8354],[69.1919,54.8354],[69.1919,54.8354],[69.1918,54.8355],[69.1916,54.8361],[69.1916,54.8361],[69.1946,54.8364],[69.1951,54.8349],[69.1892,54.8343],[69.1892,54.8343],[69.1856,54.8348],[69.1851,54.8347],[69.184,54.8371],[69.1846,54.8372],[69.1941,54.8382]]]],"type":"MultiPolygon"},"geometry_name":"shape","id":"gp_functional_zones.fid--7752831e_19fad8546bb_44cf","properties":{"area":20.4072032203818,"creation_doc_id":3586,"deactivation_doc_id":null,"func_zone_status_id":3,"ggk_zone_code":"11010000","ggk_zone_name":"Территория усадебной застройки","gp_func_zone_code":"11010000","gp_func_zone_code_id":19,"id":4656393,"zone_type_id":8},"type":"Feature"},{"bbox":[69.2019,54.8309,69.2122,54.836],"geometry":{"coordinates":[[[[69.211,54.832],[69.2104,54.8318],[69.2034,54.8309],[69.2027,54.8328],[69.2111,54.8336],[69.2117,54.8328],[69.2122,54.8322],[69.211,54.832]]],[[[69.2027,54.833],[69.2019,54.8353],[69.2021,54.8353],[69.2093,54.836],[69.21109999999997,54.83360000000002],[69.2109,54.8338],[69.2027,54.833]]]],"type":"MultiPolygon"},"geometry_name":"shape","id":"gp_functional_zones.fid--7752831e_19fad8546bb_44d0","properties":{"area":24.3941332998695,"creation_doc_id":3586,"deactivation_doc_id":null,"func_zone_status_id":3,"ggk_zone_code":"11010000","ggk_zone_name":"Территория усадебной застройки","gp_func_zone_code":"11010000","gp_func_zone_code_id":19,"id":4656394,"zone_type_id":8},"type":"Feature"},{"bbox":[69.1412,54.9371,69.1445,54.9385],"geometry":{"coordinates":[[[[69.1445,54.9375],[69.1417,54.9371],[69.1412,54.938],[69.1412,54.938],[69.1412,54.938],[69.1412,54.9381],[69.1412,54.9381],[69.144,54.9385],[69.144,54.9385],[69.1445,54.9375]]]],"type":"MultiPolygon"},"geometry_name":"shape","id":"gp_functional_zones.fid--7752831e_19fad8546bb_44d1","properties":{"area":2.21436329113224,"creation_doc_id":3586,"deactivation_doc_id":null,"func_zone_status_id":3,"ggk_zone_code":"11010000","ggk_zone_name":"Территория усадебной застройки","gp_func_zone_code":"11010000","gp_func_zone_code_id":19,"id":4656395,"zone_type_id":8},"type":"Feature"},{"bbox":[69.1481,54.9684,69.1554,54.9736],"geometry":{"coordinates":[[[[69.1528,54.9684],[69.1528,54.9684],[69.1527,54.9684],[69.1527,54.9684],[69.1522,54.9685],[69.1481,54.9694],[69.1481,54.9694],[69.1482,54.9695],[69.1482,54.9695],[69.1482,54.9695],[69.1482,54.9695],[69.1482,54.9695],[69.1484,54.97],[69.1485,54.9701],[69.1485,54.9701],[69.1485,54.9701],[69.1485,54.9701],[69.1487,54.9706],[69.1487,54.9706],[69.1487,54.9706],[69.1487,54.9706],[69.1488,54.9708],[69.1489,54.9712],[69.1489,54.9712],[69.1489,54.9712],[69.1489,54.9712],[69.149,54.9716],[69.149,54.9718],[69.149,54.9718],[69.149,54.9718],[69.149,54.9718],[69.1491,54.9723],[69.1491,54.9723],[69.1491,54.9724],[69.1491,54.9724],[69.1491,54.9724],[69.1491,54.9724],[69.1491,54.9724],[69.1491,54.9729],[69.1491,54.9729],[69.1491,54.9729],[69.149,54.9735],[69.149,54.9735],[69.149,54.9736],[69.1491,54.9736],[69.1503,54.9733],[69.1519,54.9729],[69.1554,54.9721],[69.1528,54.9684]]]],"type":"MultiPolygon"},"geometry_name":"shape","id":"gp_functional_zones.fid--7752831e_19fad8546bb_44d2","properties":{"area":16.4568340748034,"creation_doc_id":3586,"deactivation_doc_id":null,"func_zone_status_id":3,"ggk_zone_code":"11010000","ggk_zone_name":"Территория усадебной застройки","gp_func_zone_code":"11010000","gp_func_zone_code_id":19,"id":4656396,"zone_type_id":8},"type":"Feature"},{"bbox":[69.1312,54.9811,69.1414,54.9871],"geometry":{"coordinates":[[[[69.1398,54.9822],[69.1396,54.9816],[69.1391,54.9811],[69.1386,54.9812],[69.1386,54.9812],[69.1376,54.9814],[69.1376,54.9814],[69.1367,54.9816],[69.1366,54.9816],[69.1357,54.9817],[69.1357,54.9817],[69.1347,54.9818],[69.1347,54.9818],[69.1337,54.9818],[69.1337,54.9818],[69.1337,54.9818],[69.1327,54.9818],[69.1327,54.9818],[69.1327,54.9818],[69.1327,54.9818],[69.1327,54.9818],[69.1326,54.9818],[69.1317,54.9818],[69.1317,54.9818],[69.1312,54.9817],[69.1321,54.9833],[69.1321,54.9833],[69.1324,54.9837],[69.1326,54.984],[69.1347,54.9871],[69.1368,54.9866],[69.1414,54.9856],[69.1398,54.9822]]]],"type":"MultiPolygon"},"geometry_name":"shape","id":"gp_functional_zones.fid--7752831e_19fad8546bb_44d4","properties":{"area":27.1274007838043,"creation_doc_id":3586,"deactivation_doc_id":null,"func_zone_status_id":3,"ggk_zone_code":"11010000","ggk_zone_name":"Территория усадебной застройки","gp_func_zone_code":"11010000","gp_func_zone_code_id":19,"id":4656398,"zone_type_id":8},"type":"Feature"},{"bbox":[69.1431,54.974,69.1557,54.9847],"geometry":{"coordinates":[[[[69.1557,54.9823],[69.1538,54.9795],[69.1504,54.9747],[69.1504,54.9746],[69.1504,54.9746],[69.1504,54.9746],[69.1503,54.9745],[69.1503,54.9745],[69.1503,54.9745],[69.1503,54.9745],[69.1503,54.9745],[69.1502,54.9744],[69.1502,54.9744],[69.1502,54.9744],[69.1501,54.9744],[69.15,54.9743],[69.15,54.9743],[69.15,54.9743],[69.15,54.9743],[69.1499,54.9743],[69.1499,54.9743],[69.1498,54.9743],[69.1498,54.9743],[69.1493,54.9741],[69.1492,54.9741],[69.1489,54.974],[69.1489,54.9741],[69.1489,54.9741],[69.1487,54.9746],[69.1487,54.9746],[69.1484,54.9752],[69.1484,54.9752],[69.1481,54.9757],[69.1481,54.9757],[69.1477,54.9763],[69.1477,54.9763],[69.1476,54.9764],[69.1473,54.9768],[69.1473,54.9768],[69.1468,54.9773],[69.1468,54.9773],[69.1468,54.9773],[69.1463,54.9778],[69.1463,54.9778],[69.1457,54.9782],[69.1457,54.9782],[69.1451,54.9787],[69.1451,54.9787],[69.1444,54.9791],[69.1444,54.9791],[69.1437,54.9795],[69.1437,54.9795],[69.1431,54.9797],[69.1432,54.9797],[69.1453,54.9847],[69.1557,54.9823]]]],"type":"MultiPolygon"},"geometry_name":"shape","id":"gp_functional_zones.fid--7752831e_19fad8546bb_44d5","properties":{"area":50.91572663148,"creation_doc_id":3586,"deactivation_doc_id":null,"func_zone_status_id":3,"ggk_zone_code":"11010000","ggk_zone_name":"Территория усадебной застройки","gp_func_zone_code":"11010000","gp_func_zone_code_id":19,"id":4656399,"zone_type_id":8},"type":"Feature"},{"bbox":[69.0808,54.9046,69.0844,54.9061],"geometry":{"coordinates":[[[[69.0832,54.9047],[69.0825,54.9046],[69.0823,54.9048],[69.0823,54.9048],[69.0823,54.9048],[69.0808,54.9055],[69.081,54.9055],[69.0815,54.9055],[69.0819,54.9055],[69.082,54.9055],[69.082,54.9055],[69.0823,54.9056],[69.0839,54.9059],[69.0839,54.9059],[69.0844,54.9061],[69.0832,54.9047]]]],"type":"MultiPolygon"},"geometry_name":"shape","id":"gp_functional_zones.fid--7752831e_19fad8546bb_44d6","properties":{"area":1.5158243700848,"creation_doc_id":3586,"deactivation_doc_id":null,"func_zone_status_id":2,"ggk_zone_code":"11010000","ggk_zone_name":"Территория усадебной застройки","gp_func_zone_code":"11010000","gp_func_zone_code_id":19,"id":4656400,"zone_type_id":8},"type":"Feature"},{"bbox":[69.1221,54.9329,69.1229,54.9333],"geometry":{"coordinates":[[[[69.1229,54.9333],[69.1229,54.9331],[69.1228,54.9329],[69.1223,54.933],[69.1221,54.933],[69.1221,54.9333],[69.1229,54.9333]]]],"type":"MultiPolygon"},"geometry_name":"shape","id":"gp_functional_zones.fid--7752831e_19fad8546bb_44d7","properties":{"area":0.176815362640985,"creation_doc_id":3586,"deactivation_doc_id":null,"func_zone_status_id":2,"ggk_zone_code":"11010000","ggk_zone_name":"Территория усадебной застройки","gp_func_zone_code":"11010000","gp_func_zone_code_id":19,"id":4656401,"zone_type_id":8},"type":"Feature"},{"bbox":[69.125,54.9347,69.1257,54.9349],"geometry":{"coordinates":[[[[69.125,54.9349],[69.1257,54.9349],[69.1257,54.9347],[69.125,54.9347],[69.125,54.9349]]]],"type":"MultiPolygon"},"geometry_name":"shape","id":"gp_functional_zones.fid--7752831e_19fad8546bb_44d8","properties":{"area":0.0976787161245794,"creation_doc_id":3586,"deactivation_doc_id":null,"func_zone_status_id":2,"ggk_zone_code":"11010000","ggk_zone_name":"Территория усадебной застройки","gp_func_zone_code":"11010000","gp_func_zone_code_id":19,"id":4656402,"zone_type_id":8},"type":"Feature"},{"bbox":[69.1445,54.9139,69.1454,54.9149],"geometry":{"coordinates":[[[[69.1454,54.9148],[69.1452,54.9139],[69.1448,54.9139],[69.1449,54.9142],[69.1445,54.9142],[69.1446,54.9149],[69.1454,54.9148]]]],"type":"MultiPolygon"},"geometry_name":"shape","id":"gp_functional_zones.fid--7752831e_19fad8546bb_44d9","properties":{"area":0.442057023337335,"creation_doc_id":3586,"deactivation_doc_id":null,"func_zone_status_id":2,"ggk_zone_code":"11010000","ggk_zone_name":"Территория усадебной застройки","gp_func_zone_code":"11010000","gp_func_zone_code_id":19,"id":4656403,"zone_type_id":8},"type":"Feature"},{"bbox":[69.1196,54.8753,69.1232,54.8774],"geometry":{"coordinates":[[[[69.1232,54.8756],[69.1227,54.8753],[69.1222,54.8755],[69.1196,54.8771],[69.1203,54.8774],[69.1215,54.8767],[69.1215,54.8767],[69.1222,54.8762],[69.1222,54.8762],[69.1228,54.8759],[69.1232,54.8756],[69.1232,54.8756]]]],"type":"MultiPolygon"},"geometry_name":"shape","id":"gp_functional_zones.fid--7752831e_19fad8546bb_44da","properties":{"area":1.67417391268291,"creation_doc_id":3586,"deactivation_doc_id":null,"func_zone_status_id":2,"ggk_zone_code":"11010000","ggk_zone_name":"Территория усадебной застройки","gp_func_zone_code":"11010000","gp_func_zone_code_id":19,"id":4656404,"zone_type_id":8},"type":"Feature"},{"bbox":[69.1423,54.9152,69.1434,54.9171],"geometry":{"coordinates":[[[[69.1434,54.9171],[69.1431,54.9152],[69.1431,54.9152],[69.1426,54.9152],[69.1423,54.9152],[69.1423,54.9158],[69.1423,54.9158],[69.1424,54.9171],[69.1424,54.9171],[69.1424,54.9171],[69.1434,54.9171]]]],"type":"MultiPolygon"},"geometry_name":"shape","id":"gp_functional_zones.fid--7752831e_19fad8546bb_44db","properties":{"area":1.21504433290476,"creation_doc_id":3586,"deactivation_doc_id":null,"func_zone_status_id":2,"ggk_zone_code":"11010000","ggk_zone_name":"Территория усадебной застройки","gp_func_zone_code":"11010000","gp_func_zone_code_id":19,"id":4656405,"zone_type_id":8},"type":"Feature"},{"bbox":[69.145,54.9114,69.1482,54.913],"geometry":{"coordinates":[[[[69.1482,54.9129],[69.1481,54.9126],[69.1481,54.9126],[69.1468,54.9126],[69.1467,54.9114],[69.145,54.9115],[69.145,54.9115],[69.145,54.9121],[69.1451,54.913],[69.1451,54.913],[69.1482,54.9129]]]],"type":"MultiPolygon"},"geometry_name":"shape","id":"gp_functional_zones.fid--7752831e_19fad8546bb_44dc","properties":{"area":2.04521693936847,"creation_doc_id":3586,"deactivation_doc_id":null,"func_zone_status_id":2,"ggk_zone_code":"11010000","ggk_zone_name":"Территория усадебной застройки","gp_func_zone_code":"11010000","gp_func_zone_code_id":19,"id":4656406,"zone_type_id":8},"type":"Feature"},{"bbox":[69.1458,54.9149,69.1487,54.917],"geometry":{"coordinates":[[[[69.146,54.917],[69.1487,54.9169],[69.1487,54.9169],[69.1484,54.9149],[69.1458,54.915],[69.146,54.917]]]],"type":"MultiPolygon"},"geometry_name":"shape","id":"gp_functional_zones.fid--7752831e_19fad8546bb_44dd","properties":{"area":3.88785067287841,"creation_doc_id":3586,"deactivation_doc_id":null,"func_zone_status_id":2,"ggk_zone_code":"11010000","ggk_zone_name":"Территория усадебной застройки","gp_func_zone_code":"11010000","gp_func_zone_code_id":19,"id":4656407,"zone_type_id":8},"type":"Feature"},{"bbox":[69.1488,54.9129,69.1526,54.9146],"geometry":{"coordinates":[[[[69.149,54.9146],[69.1519,54.9145],[69.1519,54.9145],[69.1519,54.9145],[69.1519,54.9145],[69.1519,54.9145],[69.1519,54.9145],[69.1519,54.9145],[69.152,54.9145],[69.152,54.9145],[69.152,54.9145],[69.152,54.9145],[69.1521,54.9146],[69.1525,54.9144],[69.1525,54.9144],[69.1525,54.9144],[69.1525,54.9144],[69.1525,54.9144],[69.1525,54.9144],[69.1525,54.9144],[69.1525,54.9144],[69.1525,54.9144],[69.1525,54.9144],[69.1525,54.9144],[69.1525,54.9144],[69.1525,54.9144],[69.1525,54.9144],[69.1526,54.9144],[69.1526,54.9144],[69.1526,54.9144],[69.1526,54.9144],[69.1526,54.9144],[69.1526,54.9144],[69.1526,54.9144],[69.1526,54.9144],[69.1526,54.9144],[69.1526,54.9144],[69.1526,54.9144],[69.1526,54.9144],[69.1526,54.9144],[69.1526,54.9144],[69.1526,54.9144],[69.1526,54.9144],[69.1526,54.9144],[69.1526,54.9144],[69.1526,54.9143],[69.1526,54.9143],[69.1526,54.9143],[69.1526,54.9143],[69.1526,54.9143],[69.1526,54.9143],[69.1526,54.9143],[69.1526,54.9143],[69.1526,54.9143],[69.1526,54.9143],[69.1526,54.9143],[69.1526,54.9143],[69.1526,54.9143],[69.1526,54.9143],[69.1526,54.9143],[69.1526,54.9143],[69.1526,54.9143],[69.1526,54.9143],[69.1524,54.9129],[69.1488,54.913],[69.149,54.9146]]]],"type":"MultiPolygon"},"geometry_name":"shape","id":"gp_functional_zones.fid--7752831e_19fad8546bb_44de","properties":{"area":4.12063705594742,"creation_doc_id":3586,"deactivation_doc_id":null,"func_zone_status_id":2,"ggk_zone_code":"11010000","ggk_zone_name":"Территория усадебной застройки","gp_func_zone_code":"11010000","gp_func_zone_code_id":19,"id":4656408,"zone_type_id":8},"type":"Feature"},{"bbox":[69.1455,54.9131,69.1484,54.9148],"geometry":{"coordinates":[[[[69.1484,54.9147],[69.1482,54.9131],[69.1455,54.9132],[69.1457,54.9148],[69.1457,54.9148],[69.1484,54.9147]]]],"type":"MultiPolygon"},"geometry_name":"shape","id":"gp_functional_zones.fid--7752831e_19fad8546bb_44df","properties":{"area":3.08304133369316,"creation_doc_id":3586,"deactivation_doc_id":null,"func_zone_status_id":2,"ggk_zone_code":"11010000","ggk_zone_name":"Территория усадебной застройки","gp_func_zone_code":"11010000","gp_func_zone_code_id":19,"id":4656409,"zone_type_id":8},"type":"Feature"},{"bbox":[69.0663,54.8929,69.0699,54.8985],"geometry":{"coordinates":[[[[69.0681,54.8985],[69.0685,54.898],[69.0686,54.8979],[69.0691,54.897],[69.0695,54.8962],[69.0695,54.8962],[69.0695,54.8961],[69.0696,54.896],[69.0697,54.8959],[69.0697,54.8958],[69.0697,54.8954],[69.0698,54.8944],[69.0698,54.8944],[69.0699,54.8929],[69.0692,54.8929],[69.0689,54.8939],[69.0686,54.8947],[69.0684,54.895],[69.0671,54.8981],[69.0664,54.898],[69.0663,54.8981],[69.0668,54.8982],[69.0681,54.8985],[69.0681,54.8985],[69.0681,54.8985],[69.0681,54.8985]]]],"type":"MultiPolygon"},"geometry_name":"shape","id":"gp_functional_zones.fid--7752831e_19fad8546bb_44e0","properties":{"area":5.18125761385913,"creation_doc_id":3586,"deactivation_doc_id":null,"func_zone_status_id":2,"ggk_zone_code":"11010000","ggk_zone_name":"Территория усадебной застройки","gp_func_zone_code":"11010000","gp_func_zone_code_id":19,"id":4656410,"zone_type_id":8},"type":"Feature"},{"bbox":[69.0771,54.9043,69.0802,54.9062],"geometry":{"coordinates":[[[69.0793,54.9051],[69.0776,54.9043],[69.0771,54.9045],[69.0774,54.9047],[69.0779,54.9049],[69.078,54.905],[69.0784,54.9052],[69.0787,54.9054],[69.0789,54.9054],[69.0795,54.9057],[69.0789,54.906],[69.0793,54.9062],[69.0802,54.9057],[69.08,54.9056],[69.0793,54.9051]]],"type":"Polygon"},"geometry_name":"shape","id":"gp_functional_zones.fid--7752831e_19fad8546bb_44e1","properties":{"area":1.12144125337529,"creation_doc_id":3586,"deactivation_doc_id":null,"func_zone_status_id":2,"ggk_zone_code":"11010000","ggk_zone_name":"Территория усадебной застройки","gp_func_zone_code":"11010000","gp_func_zone_code_id":19,"id":4656411,"zone_type_id":8},"type":"Feature"},{"bbox":[69.1491,54.9147,69.1537,54.9169],"geometry":{"coordinates":[[[[69.1516,54.9168],[69.1516,54.9168],[69.1516,54.9168],[69.1516,54.9168],[69.1516,54.9168],[69.1516,54.9168],[69.1516,54.9168],[69.1517,54.9168],[69.1517,54.9168],[69.1517,54.9168],[69.1517,54.9168],[69.1517,54.9168],[69.1517,54.9168],[69.1517,54.9168],[69.1517,54.9168],[69.1517,54.9168],[69.1517,54.9168],[69.1517,54.9168],[69.1517,54.9168],[69.1517,54.9168],[69.1517,54.9168],[69.1517,54.9168],[69.1517,54.9168],[69.1518,54.9168],[69.1518,54.9168],[69.1518,54.9168],[69.1518,54.9168],[69.1518,54.9168],[69.1518,54.9168],[69.1518,54.9168],[69.1518,54.9168],[69.1518,54.9168],[69.1518,54.9168],[69.1518,54.9168],[69.1518,54.9168],[69.1518,54.9168],[69.1518,54.9168],[69.1518,54.9168],[69.1518,54.9168],[69.1518,54.9168],[69.1518,54.9168],[69.1518,54.9168],[69.1518,54.9168],[69.1519,54.9168],[69.1519,54.9168],[69.1519,54.9168],[69.1519,54.9168],[69.1519,54.9168],[69.1519,54.9168],[69.1519,54.9168],[69.1519,54.9168],[69.1519,54.9168],[69.1519,54.9168],[69.1519,54.9168],[69.1519,54.9168],[69.1519,54.9168],[69.1519,54.9168],[69.1519,54.9168],[69.1519,54.9168],[69.1519,54.9168],[69.1519,54.9168],[69.1519,54.9168],[69.1519,54.9168],[69.1519,54.9168],[69.1519,54.9168],[69.1519,54.9168],[69.152,54.9168],[69.152,54.9168],[69.152,54.9168],[69.152,54.9168],[69.152,54.9168],[69.152,54.9168],[69.152,54.9168],[69.152,54.9168],[69.152,54.9168],[69.152,54.9168],[69.152,54.9168],[69.152,54.9168],[69.152,54.9168],[69.1537,54.9159],[69.1518,54.9147],[69.1508,54.9148],[69.1491,54.9149],[69.1493,54.9169],[69.1516,54.9168],[69.1516,54.9168],[69.1516,54.9168],[69.1516,54.9168]]]],"type":"MultiPolygon"},"geometry_name":"shape","id":"gp_functional_zones.fid--7752831e_19fad8546bb_44e2","properties":{"area":5.34163356765486,"creation_doc_id":3586,"deactivation_doc_id":null,"func_zone_status_id":2,"ggk_zone_code":"11010000","ggk_zone_name":"Территория усадебной застройки","gp_func_zone_code":"11010000","gp_func_zone_code_id":19,"id":4656412,"zone_type_id":8},"type":"Feature"},{"bbox":[69.1166,54.8994,69.1178,54.9027],"geometry":{"coordinates":[[[[69.1176,54.8995],[69.1172,54.8994],[69.1172,54.8997],[69.117,54.9001],[69.1171,54.9009],[69.1168,54.9015],[69.1166,54.9026],[69.1178,54.9027],[69.1178,54.9023],[69.1176,54.9003],[69.1176,54.9003],[69.1176,54.9003],[69.1176,54.8995]]]],"type":"MultiPolygon"},"geometry_name":"shape","id":"gp_functional_zones.fid--7752831e_19fad8546bb_44e3","properties":{"area":1.71330194772996,"creation_doc_id":3586,"deactivation_doc_id":null,"func_zone_status_id":2,"ggk_zone_code":"11010000","ggk_zone_name":"Территория усадебной застройки","gp_func_zone_code":"11010000","gp_func_zone_code_id":19,"id":4656414,"zone_type_id":8},"type":"Feature"},{"bbox":[69.1113,54.8512,69.1126,54.852],"geometry":{"coordinates":[[[[69.1113,54.8515],[69.1117,54.8516],[69.1115,54.8517],[69.1119,54.852],[69.1126,54.8516],[69.1118,54.8512],[69.1113,54.8515]]]],"type":"MultiPolygon"},"geometry_name":"shape","id":"gp_functional_zones.fid--7752831e_19fad8546bb_44e4","properties":{"area":0.350451622666754,"creation_doc_id":3586,"deactivation_doc_id":null,"func_zone_status_id":2,"ggk_zone_code":"11010000","ggk_zone_name":"Территория усадебной застройки","gp_func_zone_code":"11010000","gp_func_zone_code_id":19,"id":4656415,"zone_type_id":8},"type":"Feature"},{"bbox":[69.1418,54.9361,69.1452,54.9372],"geometry":{"coordinates":[[[[69.1452,54.9365],[69.1422,54.9361],[69.1418,54.9368],[69.1448,54.9372],[69.1452,54.9365],[69.1452,54.9365]]]],"type":"MultiPolygon"},"geometry_name":"shape","id":"gp_functional_zones.fid--7752831e_19fad8546bb_44e5","properties":{"area":1.64243487055426,"creation_doc_id":3586,"deactivation_doc_id":null,"func_zone_status_id":2,"ggk_zone_code":"11010000","ggk_zone_name":"Территория усадебной застройки","gp_func_zone_code":"11010000","gp_func_zone_code_id":19,"id":4656416,"zone_type_id":8},"type":"Feature"},{"bbox":[69.126,54.9363,69.1279,54.9386],"geometry":{"coordinates":[[[[69.1275,54.9381],[69.1279,54.9363],[69.1265,54.9363],[69.1265,54.937],[69.1265,54.9371],[69.1265,54.9374],[69.1263,54.9374],[69.126,54.9375],[69.126,54.9375],[69.1263,54.9378],[69.1271,54.9385],[69.1273,54.9386],[69.1273,54.9386],[69.1274,54.9386],[69.1275,54.9381]]]],"type":"MultiPolygon"},"geometry_name":"shape","id":"gp_functional_zones.fid--7752831e_19fad8546bb_44e6","properties":{"area":1.83898921858428,"creation_doc_id":3586,"deactivation_doc_id":null,"func_zone_status_id":2,"ggk_zone_code":"11010000","ggk_zone_name":"Территория усадебной застройки","gp_func_zone_code":"11010000","gp_func_zone_code_id":19,"id":4656417,"zone_type_id":8},"type":"Feature"},{"bbox":[69.1179,54.8995,69.1198,54.8998],"geometry":{"coordinates":[[[[69.1198,54.8996],[69.1179,54.8995],[69.1179,54.8998],[69.1188,54.8997],[69.1198,54.8997],[69.1198,54.8997],[69.1198,54.8996],[69.1198,54.8996]]]],"type":"MultiPolygon"},"geometry_name":"shape","id":"gp_functional_zones.fid--7752831e_19fad8546bb_44e7","properties":{"area":0.28905851707346,"creation_doc_id":3586,"deactivation_doc_id":null,"func_zone_status_id":2,"ggk_zone_code":"11010000","ggk_zone_name":"Территория усадебной застройки","gp_func_zone_code":"11010000","gp_func_zone_code_id":19,"id":4656418,"zone_type_id":8},"type":"Feature"},{"bbox":[69.1147,54.9062,69.1199,54.909],"geometry":{"coordinates":[[[[69.1174,54.909],[69.1174,54.9086],[69.1192,54.9085],[69.1192,54.9089],[69.1199,54.9089],[69.1199,54.9089],[69.1199,54.9088],[69.1199,54.9082],[69.1188,54.9082],[69.1188,54.9082],[69.1187,54.9082],[69.1186,54.9082],[69.1186,54.9082],[69.1182,54.9071],[69.1182,54.9071],[69.118,54.9068],[69.1178,54.9062],[69.1178,54.9062],[69.1147,54.907],[69.1148,54.9073],[69.115,54.9082],[69.1152,54.9084],[69.1152,54.9084],[69.1152,54.9088],[69.1152,54.9088],[69.1158,54.9088],[69.1166,54.909],[69.1174,54.909]]]],"type":"MultiPolygon"},"geometry_name":"shape","id":"gp_functional_zones.fid--7752831e_19fad8546bb_44e8","properties":{"area":5.9984801692615,"creation_doc_id":3586,"deactivation_doc_id":null,"func_zone_status_id":2,"ggk_zone_code":"11010000","ggk_zone_name":"Территория усадебной застройки","gp_func_zone_code":"11010000","gp_func_zone_code_id":19,"id":4656419,"zone_type_id":8},"type":"Feature"},{"bbox":[69.1325,54.8977,69.1361,54.8984],"geometry":{"coordinates":[[[[69.1325,54.8978],[69.1325,54.898],[69.1327,54.8984],[69.1327,54.8984],[69.1332,54.8984],[69.1332,54.8982],[69.1361,54.8981],[69.136,54.8977],[69.1325,54.8978]]]],"type":"MultiPolygon"},"geometry_name":"shape","id":"gp_functional_zones.fid--7752831e_19fad8546bb_44e9","properties":{"area":1.12662702626851,"creation_doc_id":3586,"deactivation_doc_id":null,"func_zone_status_id":2,"ggk_zone_code":"11010000","ggk_zone_name":"Территория усадебной застройки","gp_func_zone_code":"11010000","gp_func_zone_code_id":19,"id":4656420,"zone_type_id":8},"type":"Feature"},{"bbox":[69.1157,54.8723,69.1193,54.8745],"geometry":{"coordinates":[[[[69.118,54.8723],[69.118,54.8723],[69.118,54.8723],[69.1179,54.8723],[69.1164,54.8733],[69.1164,54.8733],[69.1157,54.8737],[69.1157,54.8737],[69.1157,54.8737],[69.1157,54.8737],[69.1157,54.8737],[69.1171,54.8745],[69.1193,54.8731],[69.118,54.8723],[69.118,54.8723]]]],"type":"MultiPolygon"},"geometry_name":"shape","id":"gp_functional_zones.fid--7752831e_19fad8546bb_44ea","properties":{"area":2.56250646295409,"creation_doc_id":3586,"deactivation_doc_id":null,"func_zone_status_id":2,"ggk_zone_code":"11010000","ggk_zone_name":"Территория усадебной застройки","gp_func_zone_code":"11010000","gp_func_zone_code_id":19,"id":4656421,"zone_type_id":8},"type":"Feature"},{"bbox":[69.114,54.8777,69.1194,54.8807],"geometry":{"coordinates":[[[[69.1157,54.8781],[69.114,54.8792],[69.1154,54.8783],[69.1157,54.8781]]],[[[69.1175,54.8786],[69.1175,54.8785],[69.1174,54.8785],[69.1173,54.8784],[69.1172,54.8783],[69.1171,54.8782],[69.1168,54.8779],[69.1163,54.8781],[69.1161,54.8783],[69.1144,54.8794],[69.1158,54.8801],[69.1162,54.8799],[69.1166,54.8802],[69.1163,54.8804],[69.1169,54.8807],[69.1171,54.8807],[69.1172,54.8807],[69.1173,54.8806],[69.1194,54.8795],[69.1176,54.8786],[69.1175,54.8786]]]],"type":"MultiPolygon"},"geometry_name":"shape","id":"gp_functional_zones.fid--7752831e_19fad8546bb_44eb","properties":{"area":4.87081211950684,"creation_doc_id":3586,"deactivation_doc_id":null,"func_zone_status_id":2,"ggk_zone_code":"11010000","ggk_zone_name":"Территория усадебной застройки","gp_func_zone_code":"11010000","gp_func_zone_code_id":19,"id":4656422,"zone_type_id":8},"type":"Feature"},{"bbox":[69.1128,54.8768,69.1162,54.8788],"geometry":{"coordinates":[[[[69.1162,54.8775],[69.1149,54.8768],[69.1139,54.8774],[69.1139,54.8774],[69.1128,54.8781],[69.1128,54.8781],[69.1141,54.8788],[69.1141,54.8788],[69.1162,54.8775],[69.1162,54.8775]]]],"type":"MultiPolygon"},"geometry_name":"shape","id":"gp_functional_zones.fid--7752831e_19fad8546bb_44ec","properties":{"area":2.19921039537351,"creation_doc_id":3586,"deactivation_doc_id":null,"func_zone_status_id":2,"ggk_zone_code":"11010000","ggk_zone_name":"Территория усадебной застройки","gp_func_zone_code":"11010000","gp_func_zone_code_id":19,"id":4656423,"zone_type_id":8},"type":"Feature"},{"bbox":[69.1109,54.8787,69.1131,54.88],"geometry":{"coordinates":[[[[69.1131,54.8794],[69.1118,54.8787],[69.1109,54.8793],[69.1122,54.88],[69.1131,54.8794],[69.1131,54.8794]]]],"type":"MultiPolygon"},"geometry_name":"shape","id":"gp_functional_zones.fid--7752831e_19fad8546bb_44ed","properties":{"area":0.933604539086728,"creation_doc_id":3586,"deactivation_doc_id":null,"func_zone_status_id":2,"ggk_zone_code":"11010000","ggk_zone_name":"Территория усадебной застройки","gp_func_zone_code":"11010000","gp_func_zone_code_id":19,"id":4656424,"zone_type_id":8},"type":"Feature"},{"bbox":[69.1538,54.8564,69.1557,54.8572],"geometry":{"coordinates":[[[[69.155,54.8568],[69.1552,54.8567],[69.1557,54.8567],[69.1557,54.8565],[69.1556,54.8565],[69.1556,54.8564],[69.1551,54.8564],[69.1551,54.8565],[69.1551,54.8565],[69.1547,54.8566],[69.1546,54.8566],[69.1546,54.8567],[69.1542,54.8568],[69.154,54.8569],[69.1541,54.857],[69.1538,54.8571],[69.1538,54.8572],[69.1538,54.8572],[69.1548,54.8572],[69.155,54.8568]]]],"type":"MultiPolygon"},"geometry_name":"shape","id":"gp_functional_zones.fid--7752831e_19fad8546bb_44ee","properties":{"area":0.469587155351786,"creation_doc_id":3586,"deactivation_doc_id":null,"func_zone_status_id":2,"ggk_zone_code":"11010000","ggk_zone_name":"Территория усадебной застройки","gp_func_zone_code":"11010000","gp_func_zone_code_id":19,"id":4656425,"zone_type_id":8},"type":"Feature"},{"bbox":[69.1563,54.8565,69.1579,54.8572],"geometry":{"coordinates":[[[[69.1575,54.8565],[69.1563,54.8565],[69.1563,54.8572],[69.1578,54.8572],[69.1578,54.8572],[69.1578,54.8569],[69.1579,54.8566],[69.1579,54.8566],[69.1575,54.8565],[69.1575,54.8565]]]],"type":"MultiPolygon"},"geometry_name":"shape","id":"gp_functional_zones.fid--7752831e_19fad8546bb_44ef","properties":{"area":0.75969400842966,"creation_doc_id":3586,"deactivation_doc_id":null,"func_zone_status_id":2,"ggk_zone_code":"11010000","ggk_zone_name":"Территория усадебной застройки","gp_func_zone_code":"11010000","gp_func_zone_code_id":19,"id":4656426,"zone_type_id":8},"type":"Feature"},{"bbox":[69.1131,54.8934,69.1176,54.8991],"geometry":{"coordinates":[[[[69.1169,54.8972],[69.1144,54.8934],[69.1131,54.8937],[69.114,54.8971],[69.1152,54.8984],[69.1176,54.8991],[69.1176,54.8987],[69.1173,54.8979],[69.1169,54.8972]]]],"type":"MultiPolygon"},"geometry_name":"shape","id":"gp_functional_zones.fid--7752831e_19fad8546bb_44f0","properties":{"area":8.24990958207931,"creation_doc_id":3586,"deactivation_doc_id":null,"func_zone_status_id":2,"ggk_zone_code":"11010000","ggk_zone_name":"Территория усадебной застройки","gp_func_zone_code":"11010000","gp_func_zone_code_id":19,"id":4656427,"zone_type_id":8},"type":"Feature"},{"bbox":[69.1343,54.9147,69.1382,54.9161],"geometry":{"coordinates":[[[[69.138,54.9147],[69.138,54.9147],[69.1377,54.9147],[69.1344,54.9155],[69.1344,54.9155],[69.1343,54.9156],[69.1343,54.9156],[69.1344,54.9161],[69.1382,54.9159],[69.138,54.9148],[69.138,54.9147]]]],"type":"MultiPolygon"},"geometry_name":"shape","id":"gp_functional_zones.fid--7752831e_19fad8546bb_44f1","properties":{"area":2.44402137659389,"creation_doc_id":3586,"deactivation_doc_id":null,"func_zone_status_id":2,"ggk_zone_code":"11010000","ggk_zone_name":"Территория усадебной застройки","gp_func_zone_code":"11010000","gp_func_zone_code_id":19,"id":4656428,"zone_type_id":8},"type":"Feature"},{"bbox":[69.1291,54.9173,69.1316,54.9202],"geometry":{"coordinates":[[[[69.1313,54.9195],[69.1316,54.9173],[69.1293,54.9179],[69.1293,54.9179],[69.1293,54.9179],[69.1291,54.9189],[69.1291,54.9189],[69.1291,54.9199],[69.1291,54.9201],[69.1291,54.9201],[69.1296,54.9202],[69.1296,54.9202],[69.1296,54.9202],[69.1297,54.9201],[69.1297,54.9201],[69.1297,54.9201],[69.1297,54.9201],[69.1297,54.9201],[69.1297,54.9201],[69.1298,54.9201],[69.1298,54.9201],[69.1301,54.9199],[69.1301,54.9199],[69.1304,54.9197],[69.1305,54.9197],[69.1305,54.9197],[69.1307,54.9196],[69.1309,54.9196],[69.1309,54.9196],[69.1313,54.9195]]]],"type":"MultiPolygon"},"geometry_name":"shape","id":"gp_functional_zones.fid--7752831e_19fad8546bb_44f2","properties":{"area":3.59688219372095,"creation_doc_id":3586,"deactivation_doc_id":null,"func_zone_status_id":2,"ggk_zone_code":"11010000","ggk_zone_name":"Территория усадебной застройки","gp_func_zone_code":"11010000","gp_func_zone_code_id":19,"id":4656429,"zone_type_id":8},"type":"Feature"},{"bbox":[69.1288,54.9192,69.1368,54.9223],"geometry":{"coordinates":[[[[69.1298,54.9223],[69.1302,54.9211],[69.1329,54.9215],[69.1333,54.9205],[69.1346,54.9204],[69.1346,54.9203],[69.1346,54.9203],[69.1346,54.9202],[69.1354,54.9203],[69.1354,54.9204],[69.1354,54.9204],[69.1354,54.9204],[69.1362,54.9206],[69.1368,54.9195],[69.1352,54.9192],[69.1349,54.9193],[69.1311,54.9199],[69.1308,54.92],[69.1305,54.9201],[69.1305,54.9202],[69.1303,54.9204],[69.1302,54.9206],[69.1295,54.9217],[69.1294,54.9218],[69.1294,54.9219],[69.1292,54.922],[69.1291,54.9221],[69.129,54.9221],[69.1289,54.9221],[69.1289,54.9221],[69.1288,54.9221],[69.1297,54.9222],[69.1298,54.9223],[69.1298,54.9223]]]],"type":"MultiPolygon"},"geometry_name":"shape","id":"gp_functional_zones.fid--7752831e_19fad8546bb_44f3","properties":{"area":6.07252074517316,"creation_doc_id":3586,"deactivation_doc_id":null,"func_zone_status_id":2,"ggk_zone_code":"11010000","ggk_zone_name":"Территория усадебной застройки","gp_func_zone_code":"11010000","gp_func_zone_code_id":19,"id":4656430,"zone_type_id":8},"type":"Feature"},{"bbox":[69.0712,54.8484,69.0732,54.8489],"geometry":{"coordinates":[[[[69.0712,54.8486],[69.0713,54.8489],[69.0732,54.8489],[69.0731,54.8484],[69.0712,54.8486]]]],"type":"MultiPolygon"},"geometry_name":"shape","id":"gp_functional_zones.fid--7752831e_19fad8546bb_44f4","properties":{"area":0.572932925777356,"creation_doc_id":3586,"deactivation_doc_id":null,"func_zone_status_id":2,"ggk_zone_code":"11010000","ggk_zone_name":"Территория усадебной застройки","gp_func_zone_code":"11010000","gp_func_zone_code_id":19,"id":4656431,"zone_type_id":8},"type":"Feature"},{"bbox":[69.0732,54.8482,69.0762,54.8489],"geometry":{"coordinates":[[[[69.0733,54.8489],[69.0762,54.8487],[69.0762,54.8482],[69.0732,54.8484],[69.0733,54.8489]]]],"type":"MultiPolygon"},"geometry_name":"shape","id":"gp_functional_zones.fid--7752831e_19fad8546bb_44f5","properties":{"area":0.969520709728194,"creation_doc_id":3586,"deactivation_doc_id":null,"func_zone_status_id":2,"ggk_zone_code":"11010000","ggk_zone_name":"Территория усадебной застройки","gp_func_zone_code":"11010000","gp_func_zone_code_id":19,"id":4656432,"zone_type_id":8},"type":"Feature"},{"bbox":[69.0763,54.8476,69.0801,54.8484],"geometry":{"coordinates":[[[[69.0763,54.8481],[69.0766,54.8484],[69.0776,54.8483],[69.0788,54.8481],[69.0798,54.8481],[69.0798,54.8478],[69.0801,54.8478],[69.0801,54.8476],[69.0765,54.8478],[69.0766,54.848],[69.0763,54.8481]]]],"type":"MultiPolygon"},"geometry_name":"shape","id":"gp_functional_zones.fid--7752831e_19fad8546bb_44f6","properties":{"area":1.31006884388852,"creation_doc_id":3586,"deactivation_doc_id":null,"func_zone_status_id":2,"ggk_zone_code":"11010000","ggk_zone_name":"Территория усадебной застройки","gp_func_zone_code":"11010000","gp_func_zone_code_id":19,"id":4656433,"zone_type_id":8},"type":"Feature"},{"bbox":[69.102,54.8473,69.1048,54.8479],"geometry":{"coordinates":[[[[69.1048,54.8476],[69.1021,54.8473],[69.102,54.8476],[69.1033,54.8478],[69.1047,54.8479],[69.1048,54.8476],[69.1048,54.8476],[69.1048,54.8476]]]],"type":"MultiPolygon"},"geometry_name":"shape","id":"gp_functional_zones.fid--7752831e_19fad8546bb_44f7","properties":{"area":0.672008409527717,"creation_doc_id":3586,"deactivation_doc_id":null,"func_zone_status_id":2,"ggk_zone_code":"11010000","ggk_zone_name":"Территория усадебной застройки","gp_func_zone_code":"11010000","gp_func_zone_code_id":19,"id":4656434,"zone_type_id":8},"type":"Feature"},{"bbox":[69.1007,54.8515,69.1024,54.8526],"geometry":{"coordinates":[[[[69.1016,54.8525],[69.1016,54.8525],[69.1016,54.8525],[69.1016,54.8524],[69.1016,54.8524],[69.1017,54.8524],[69.102,54.8521],[69.102,54.8521],[69.102,54.8521],[69.102,54.8521],[69.1024,54.8518],[69.1016,54.8516],[69.1016,54.8515],[69.1007,54.8523],[69.1007,54.8523],[69.1014,54.8526],[69.1015,54.8526],[69.1015,54.8526],[69.1015,54.8526],[69.1016,54.8525]]]],"type":"MultiPolygon"},"geometry_name":"shape","id":"gp_functional_zones.fid--7752831e_19fad8546bb_44f8","properties":{"area":0.60847971624203,"creation_doc_id":3586,"deactivation_doc_id":null,"func_zone_status_id":2,"ggk_zone_code":"11010000","ggk_zone_name":"Территория усадебной застройки","gp_func_zone_code":"11010000","gp_func_zone_code_id":19,"id":4656436,"zone_type_id":8},"type":"Feature"},{"bbox":[69.2037,54.8552,69.2074,54.8558],"geometry":{"coordinates":[[[[69.2074,54.8558],[69.2072,54.8552],[69.204,54.8555],[69.2037,54.8555],[69.2037,54.8555],[69.2038,54.8557],[69.204,54.8558],[69.2074,54.8558]]]],"type":"MultiPolygon"},"geometry_name":"shape","id":"gp_functional_zones.fid--7752831e_19fad8546bb_44f9","properties":{"area":1.05371215559969,"creation_doc_id":3586,"deactivation_doc_id":null,"func_zone_status_id":2,"ggk_zone_code":"11010000","ggk_zone_name":"Территория усадебной застройки","gp_func_zone_code":"11010000","gp_func_zone_code_id":19,"id":4656437,"zone_type_id":8},"type":"Feature"},{"bbox":[69.2059,54.8545,69.2083,54.8552],"geometry":{"coordinates":[[[[69.2071,54.8545],[69.2059,54.8546],[69.206,54.8552],[69.2069,54.8552],[69.2083,54.855],[69.2082,54.8548],[69.2072,54.8549],[69.2071,54.8545]]]],"type":"MultiPolygon"},"geometry_name":"shape","id":"gp_functional_zones.fid--7752831e_19fad8546bb_44fa","properties":{"area":0.705784314269381,"creation_doc_id":3586,"deactivation_doc_id":null,"func_zone_status_id":2,"ggk_zone_code":"11010000","ggk_zone_name":"Территория усадебной застройки","gp_func_zone_code":"11010000","gp_func_zone_code_id":19,"id":4656438,"zone_type_id":8},"type":"Feature"},{"bbox":[69.2093,54.8548,69.2115,54.8553],"geometry":{"coordinates":[[[[69.2094,54.8553],[69.2115,54.8551],[69.2114,54.8548],[69.2093,54.855],[69.2094,54.8553]]]],"type":"MultiPolygon"},"geometry_name":"shape","id":"gp_functional_zones.fid--7752831e_19fad8546bb_44fb","properties":{"area":0.526831360590791,"creation_doc_id":3586,"deactivation_doc_id":null,"func_zone_status_id":2,"ggk_zone_code":"11010000","ggk_zone_name":"Территория усадебной застройки","gp_func_zone_code":"11010000","gp_func_zone_code_id":19,"id":4656439,"zone_type_id":8},"type":"Feature"},{"bbox":[69.2099,54.8557,69.2114,54.856],"geometry":{"coordinates":[[[[69.2099,54.8557],[69.21,54.856],[69.2114,54.856],[69.2113,54.8557],[69.2099,54.8557]]]],"type":"MultiPolygon"},"geometry_name":"shape","id":"gp_functional_zones.fid--7752831e_19fad8546bb_44fc","properties":{"area":0.266728845938022,"creation_doc_id":3586,"deactivation_doc_id":null,"func_zone_status_id":2,"ggk_zone_code":"11010000","ggk_zone_name":"Территория усадебной застройки","gp_func_zone_code":"11010000","gp_func_zone_code_id":19,"id":4656440,"zone_type_id":8},"type":"Feature"},{"bbox":[69.2119,54.8556,69.2133,54.8559],"geometry":{"coordinates":[[[[69.212,54.8556],[69.2119,54.8559],[69.2133,54.8559],[69.2132,54.8556],[69.212,54.8556]]]],"type":"MultiPolygon"},"geometry_name":"shape","id":"gp_functional_zones.fid--7752831e_19fad8546bb_44fd","properties":{"area":0.248988599346887,"creation_doc_id":3586,"deactivation_doc_id":null,"func_zone_status_id":2,"ggk_zone_code":"11010000","ggk_zone_name":"Территория усадебной застройки","gp_func_zone_code":"11010000","gp_func_zone_code_id":19,"id":4656441,"zone_type_id":8},"type":"Feature"},{"bbox":[69.2129,54.856,69.2136,54.8564],"geometry":{"coordinates":[[[[69.213,54.8564],[69.2136,54.8564],[69.2136,54.856],[69.2129,54.856],[69.213,54.8564]]]],"type":"MultiPolygon"},"geometry_name":"shape","id":"gp_functional_zones.fid--7752831e_19fad8546bb_44fe","properties":{"area":0.172985603489049,"creation_doc_id":3586,"deactivation_doc_id":null,"func_zone_status_id":2,"ggk_zone_code":"11010000","ggk_zone_name":"Территория усадебной застройки","gp_func_zone_code":"11010000","gp_func_zone_code_id":19,"id":4656442,"zone_type_id":8},"type":"Feature"},{"bbox":[69.2143,54.856,69.2161,54.8563],"geometry":{"coordinates":[[[[69.2161,54.8562],[69.2161,54.8561],[69.2161,54.8561],[69.2161,54.856],[69.2143,54.856],[69.2143,54.8563],[69.2161,54.8563],[69.2161,54.8562]]]],"type":"MultiPolygon"},"geometry_name":"shape","id":"gp_functional_zones.fid--7752831e_19fad8546bb_44ff","properties":{"area":0.402355555840865,"creation_doc_id":3586,"deactivation_doc_id":null,"func_zone_status_id":2,"ggk_zone_code":"11010000","ggk_zone_name":"Территория усадебной застройки","gp_func_zone_code":"11010000","gp_func_zone_code_id":19,"id":4656443,"zone_type_id":8},"type":"Feature"},{"bbox":[69.214,54.8553,69.2161,54.8557],"geometry":{"coordinates":[[[[69.214,54.8556],[69.2153,54.8557],[69.2161,54.8557],[69.2161,54.8553],[69.2151,54.8553],[69.214,54.8553],[69.214,54.8556]]]],"type":"MultiPolygon"},"geometry_name":"shape","id":"gp_functional_zones.fid--7752831e_19fad8546bb_4500","properties":{"area":0.550052778056714,"creation_doc_id":3586,"deactivation_doc_id":null,"func_zone_status_id":2,"ggk_zone_code":"11010000","ggk_zone_name":"Территория усадебной застройки","gp_func_zone_code":"11010000","gp_func_zone_code_id":19,"id":4656444,"zone_type_id":8},"type":"Feature"},{"bbox":[69.2164,54.856,69.2172,54.8563],"geometry":{"coordinates":[[[[69.2164,54.8563],[69.2172,54.8563],[69.2172,54.8561],[69.2164,54.856],[69.2164,54.8563]]]],"type":"MultiPolygon"},"geometry_name":"shape","id":"gp_functional_zones.fid--7752831e_19fad8546bb_4501","properties":{"area":0.177033598111703,"creation_doc_id":3586,"deactivation_doc_id":null,"func_zone_status_id":2,"ggk_zone_code":"11010000","ggk_zone_name":"Территория усадебной застройки","gp_func_zone_code":"11010000","gp_func_zone_code_id":19,"id":4656445,"zone_type_id":8},"type":"Feature"},{"bbox":[69.2164,54.8544,69.2171,54.8554],"geometry":{"coordinates":[[[[69.2164,54.8554],[69.2169,54.8554],[69.2171,54.8544],[69.2166,54.8544],[69.2164,54.8554]]]],"type":"MultiPolygon"},"geometry_name":"shape","id":"gp_functional_zones.fid--7752831e_19fad8546bb_4502","properties":{"area":0.313177438391311,"creation_doc_id":3586,"deactivation_doc_id":null,"func_zone_status_id":2,"ggk_zone_code":"11010000","ggk_zone_name":"Территория усадебной застройки","gp_func_zone_code":"11010000","gp_func_zone_code_id":19,"id":4656446,"zone_type_id":8},"type":"Feature"},{"bbox":[69.2173,54.8553,69.2178,54.8557],"geometry":{"coordinates":[[[[69.2173,54.8557],[69.2178,54.8557],[69.2178,54.8555],[69.2178,54.8553],[69.2174,54.8553],[69.2173,54.8557]]]],"type":"MultiPolygon"},"geometry_name":"shape","id":"gp_functional_zones.fid--7752831e_19fad8546bb_4503","properties":{"area":0.126020283631438,"creation_doc_id":3586,"deactivation_doc_id":null,"func_zone_status_id":2,"ggk_zone_code":"11010000","ggk_zone_name":"Территория усадебной застройки","gp_func_zone_code":"11010000","gp_func_zone_code_id":19,"id":4656447,"zone_type_id":8},"type":"Feature"},{"bbox":[69.2174,54.8544,69.2179,54.8551],"geometry":{"coordinates":[[[[69.2179,54.8548],[69.2179,54.8544],[69.2174,54.8544],[69.2174,54.8551],[69.2178,54.8551],[69.2179,54.8548]]]],"type":"MultiPolygon"},"geometry_name":"shape","id":"gp_functional_zones.fid--7752831e_19fad8546bb_4504","properties":{"area":0.223480971520188,"creation_doc_id":3586,"deactivation_doc_id":null,"func_zone_status_id":2,"ggk_zone_code":"11010000","ggk_zone_name":"Территория усадебной застройки","gp_func_zone_code":"11010000","gp_func_zone_code_id":19,"id":4656448,"zone_type_id":8},"type":"Feature"},{"bbox":[69.2182,54.8542,69.2186,54.8549],"geometry":{"coordinates":[[[[69.2182,54.8549],[69.2185,54.8549],[69.2185,54.8549],[69.2185,54.8548],[69.2185,54.8544],[69.2186,54.8542],[69.2182,54.8542],[69.2182,54.8549]]]],"type":"MultiPolygon"},"geometry_name":"shape","id":"gp_functional_zones.fid--7752831e_19fad8546bb_4505","properties":{"area":0.148030249189756,"creation_doc_id":3586,"deactivation_doc_id":null,"func_zone_status_id":2,"ggk_zone_code":"11010000","ggk_zone_name":"Территория усадебной застройки","gp_func_zone_code":"11010000","gp_func_zone_code_id":19,"id":4656449,"zone_type_id":8},"type":"Feature"},{"bbox":[69.2186,54.8542,69.2191,54.8551],"geometry":{"coordinates":[[[[69.2186,54.8551],[69.2191,54.8551],[69.2191,54.8542],[69.2188,54.8542],[69.2187,54.8549],[69.2186,54.8549],[69.2186,54.8551]]]],"type":"MultiPolygon"},"geometry_name":"shape","id":"gp_functional_zones.fid--7752831e_19fad8546bb_4506","properties":{"area":0.272540748352737,"creation_doc_id":3586,"deactivation_doc_id":null,"func_zone_status_id":2,"ggk_zone_code":"11010000","ggk_zone_name":"Территория усадебной застройки","gp_func_zone_code":"11010000","gp_func_zone_code_id":19,"id":4656450,"zone_type_id":8},"type":"Feature"},{"bbox":[69.2094,54.8543,69.2142,54.8549],"geometry":{"coordinates":[[[[69.2094,54.8546],[69.2095,54.8549],[69.2118,54.8546],[69.2125,54.8546],[69.2129,54.8546],[69.2129,54.8548],[69.2142,54.8547],[69.214,54.8543],[69.2114,54.8545],[69.2094,54.8546]]]],"type":"MultiPolygon"},"geometry_name":"shape","id":"gp_functional_zones.fid--7752831e_19fad8546bb_4507","properties":{"area":0.801841092419695,"creation_doc_id":3586,"deactivation_doc_id":null,"func_zone_status_id":2,"ggk_zone_code":"11010000","ggk_zone_name":"Территория усадебной застройки","gp_func_zone_code":"11010000","gp_func_zone_code_id":19,"id":4656451,"zone_type_id":8},"type":"Feature"},{"bbox":[69.2109,54.8534,69.2145,54.8545],"geometry":{"coordinates":[[[[69.2145,54.8537],[69.2144,54.8534],[69.2139,54.8534],[69.2138,54.8535],[69.2137,54.854],[69.2109,54.8542],[69.211,54.8545],[69.2128,54.8543],[69.2141,54.8543],[69.2145,54.8543],[69.2145,54.8537]]]],"type":"MultiPolygon"},"geometry_name":"shape","id":"gp_functional_zones.fid--7752831e_19fad8546bb_4508","properties":{"area":0.933530327582404,"creation_doc_id":3586,"deactivation_doc_id":null,"func_zone_status_id":2,"ggk_zone_code":"11010000","ggk_zone_name":"Территория усадебной застройки","gp_func_zone_code":"11010000","gp_func_zone_code_id":19,"id":4656452,"zone_type_id":8},"type":"Feature"},{"bbox":[69.2145,54.8532,69.216,54.8542],"geometry":{"coordinates":[[[[69.2155,54.8542],[69.2154,54.854],[69.216,54.8539],[69.2159,54.8534],[69.2153,54.8534],[69.2153,54.8532],[69.2145,54.8532],[69.2147,54.8538],[69.2147,54.8541],[69.2147,54.8542],[69.2155,54.8542]]]],"type":"MultiPolygon"},"geometry_name":"shape","id":"gp_functional_zones.fid--7752831e_19fad8546bb_4509","properties":{"area":0.746077874629717,"creation_doc_id":3586,"deactivation_doc_id":null,"func_zone_status_id":2,"ggk_zone_code":"11010000","ggk_zone_name":"Территория усадебной застройки","gp_func_zone_code":"11010000","gp_func_zone_code_id":19,"id":4656453,"zone_type_id":8},"type":"Feature"},{"bbox":[69.2087,54.8539,69.2097,54.8543],"geometry":{"coordinates":[[[[69.2087,54.8542],[69.2092,54.8541],[69.2093,54.8543],[69.2097,54.8543],[69.2096,54.8539],[69.2087,54.854],[69.2087,54.8542]]]],"type":"MultiPolygon"},"geometry_name":"shape","id":"gp_functional_zones.fid--7752831e_19fad8546bb_450a","properties":{"area":0.19337823235807,"creation_doc_id":3586,"deactivation_doc_id":null,"func_zone_status_id":2,"ggk_zone_code":"11010000","ggk_zone_name":"Территория усадебной застройки","gp_func_zone_code":"11010000","gp_func_zone_code_id":19,"id":4656454,"zone_type_id":8},"type":"Feature"},{"bbox":[69.2506,54.8625,69.2516,54.8631],"geometry":{"coordinates":[[[[69.2506,54.863],[69.2513,54.8631],[69.2516,54.8626],[69.2509,54.8625],[69.2506,54.863]]]],"type":"MultiPolygon"},"geometry_name":"shape","id":"gp_functional_zones.fid--7752831e_19fad8546bb_450b","properties":{"area":0.275598068585856,"creation_doc_id":3586,"deactivation_doc_id":null,"func_zone_status_id":2,"ggk_zone_code":"11010000","ggk_zone_name":"Территория усадебной застройки","gp_func_zone_code":"11010000","gp_func_zone_code_id":19,"id":4656455,"zone_type_id":8},"type":"Feature"},{"bbox":[69.2519,54.8626,69.2532,54.8633],"geometry":{"coordinates":[[[[69.2519,54.8631],[69.253,54.8633],[69.2532,54.8628],[69.2522,54.8626],[69.2519,54.8631]]]],"type":"MultiPolygon"},"geometry_name":"shape","id":"gp_functional_zones.fid--7752831e_19fad8546bb_450c","properties":{"area":0.37233467784918,"creation_doc_id":3586,"deactivation_doc_id":null,"func_zone_status_id":2,"ggk_zone_code":"11010000","ggk_zone_name":"Территория усадебной застройки","gp_func_zone_code":"11010000","gp_func_zone_code_id":19,"id":4656456,"zone_type_id":8},"type":"Feature"},{"bbox":[69.253,54.8628,69.2551,54.8636],"geometry":{"coordinates":[[[[69.2551,54.8632],[69.2551,54.8632],[69.2533,54.8628],[69.253,54.8633],[69.2539,54.8635],[69.2548,54.8636],[69.2549,54.8636],[69.2551,54.8632]]]],"type":"MultiPolygon"},"geometry_name":"shape","id":"gp_functional_zones.fid--7752831e_19fad8546bb_450d","properties":{"area":0.625022879072857,"creation_doc_id":3586,"deactivation_doc_id":null,"func_zone_status_id":2,"ggk_zone_code":"11010000","ggk_zone_name":"Территория усадебной застройки","gp_func_zone_code":"11010000","gp_func_zone_code_id":19,"id":4656457,"zone_type_id":8},"type":"Feature"},{"bbox":[69.255,54.8632,69.258,54.8645],"geometry":{"coordinates":[[[[69.258,54.8637],[69.2553,54.8632],[69.255,54.8637],[69.2563,54.8642],[69.2578,54.8645],[69.258,54.8643],[69.258,54.8637]]]],"type":"MultiPolygon"},"geometry_name":"shape","id":"gp_functional_zones.fid--7752831e_19fad8546bb_450e","properties":{"area":1.44362007606042,"creation_doc_id":3586,"deactivation_doc_id":null,"func_zone_status_id":2,"ggk_zone_code":"11010000","ggk_zone_name":"Территория усадебной застройки","gp_func_zone_code":"11010000","gp_func_zone_code_id":19,"id":4656458,"zone_type_id":8},"type":"Feature"},{"bbox":[69.2557,54.8629,69.258,54.8637],"geometry":{"coordinates":[[[[69.2566,54.863],[69.256,54.8629],[69.2557,54.8632],[69.258,54.8637],[69.258,54.8634],[69.2565,54.8631],[69.2566,54.863]]]],"type":"MultiPolygon"},"geometry_name":"shape","id":"gp_functional_zones.fid--7752831e_19fad8546bb_450f","properties":{"area":0.490357409086098,"creation_doc_id":3586,"deactivation_doc_id":null,"func_zone_status_id":2,"ggk_zone_code":"11010000","ggk_zone_name":"Территория усадебной застройки","gp_func_zone_code":"11010000","gp_func_zone_code_id":19,"id":4656459,"zone_type_id":8},"type":"Feature"},{"bbox":[69.2523,54.8624,69.2543,54.8629],"geometry":{"coordinates":[[[[69.2523,54.8626],[69.2541,54.8629],[69.2543,54.8626],[69.2524,54.8624],[69.2523,54.8626]]]],"type":"MultiPolygon"},"geometry_name":"shape","id":"gp_functional_zones.fid--7752831e_19fad8546bb_4510","properties":{"area":0.360472216397703,"creation_doc_id":3586,"deactivation_doc_id":null,"func_zone_status_id":2,"ggk_zone_code":"11010000","ggk_zone_name":"Территория усадебной застройки","gp_func_zone_code":"11010000","gp_func_zone_code_id":19,"id":4656460,"zone_type_id":8},"type":"Feature"},{"bbox":[69.1241,54.8315,69.1247,54.8333],"geometry":{"coordinates":[[[[69.1247,54.8315],[69.1243,54.8315],[69.1241,54.8333],[69.1241,54.8333],[69.1245,54.8333],[69.1247,54.8315]]]],"type":"MultiPolygon"},"geometry_name":"shape","id":"gp_functional_zones.fid--7752831e_19fad8546bb_4511","properties":{"area":0.547339024169436,"creation_doc_id":3586,"deactivation_doc_id":null,"func_zone_status_id":2,"ggk_zone_code":"11010000","ggk_zone_name":"Территория усадебной застройки","gp_func_zone_code":"11010000","gp_func_zone_code_id":19,"id":4656461,"zone_type_id":8},"type":"Feature"},{"bbox":[69.1243,54.8291,69.125,54.8313],"geometry":{"coordinates":[[[[69.1246,54.8291],[69.1246,54.8291],[69.1245,54.8302],[69.1244,54.8308],[69.1243,54.8311],[69.1243,54.8313],[69.1243,54.8313],[69.1248,54.8313],[69.125,54.8294],[69.125,54.8294],[69.125,54.8293],[69.125,54.8293],[69.125,54.8293],[69.1249,54.8293],[69.1249,54.8292],[69.1248,54.8292],[69.1248,54.8292],[69.1248,54.8292],[69.1247,54.8292],[69.1246,54.8291],[69.1246,54.8291]]]],"type":"MultiPolygon"},"geometry_name":"shape","id":"gp_functional_zones.fid--7752831e_19fad8546bb_4512","properties":{"area":0.687371963221004,"creation_doc_id":3586,"deactivation_doc_id":null,"func_zone_status_id":2,"ggk_zone_code":"11010000","ggk_zone_name":"Территория усадебной застройки","gp_func_zone_code":"11010000","gp_func_zone_code_id":19,"id":4656462,"zone_type_id":8},"type":"Feature"},{"bbox":[69.1289,54.8288,69.1303,54.8294],"geometry":{"coordinates":[[[[69.1303,54.8289],[69.1296,54.8288],[69.1296,54.8288],[69.1296,54.8288],[69.1289,54.8288],[69.1298,54.8293],[69.1299,54.8293],[69.1301,54.8294],[69.1302,54.8291],[69.1302,54.8291],[69.1302,54.8291],[69.1302,54.8291],[69.1302,54.8291],[69.1302,54.8291],[69.1302,54.8291],[69.1302,54.8291],[69.1302,54.8291],[69.1302,54.829],[69.1302,54.829],[69.1302,54.829],[69.1302,54.829],[69.1302,54.829],[69.1302,54.829],[69.1302,54.829],[69.1302,54.829],[69.1302,54.829],[69.1302,54.829],[69.1302,54.829],[69.1302,54.829],[69.1302,54.829],[69.1302,54.829],[69.1302,54.829],[69.1302,54.829],[69.1302,54.829],[69.1302,54.829],[69.1302,54.829],[69.1302,54.8289],[69.1302,54.8289],[69.1302,54.8289],[69.1303,54.8289],[69.1303,54.8289],[69.1303,54.8289],[69.1303,54.8289],[69.1303,54.8289],[69.1303,54.8289],[69.1303,54.8289],[69.1303,54.8289],[69.1303,54.8289],[69.1303,54.8289],[69.1303,54.8289],[69.1303,54.8289],[69.1303,54.8289],[69.1303,54.8289],[69.1303,54.8289],[69.1303,54.8289],[69.1303,54.8289]]]],"type":"MultiPolygon"},"geometry_name":"shape","id":"gp_functional_zones.fid--7752831e_19fad8546bb_4513","properties":{"area":0.272383169938674,"creation_doc_id":3586,"deactivation_doc_id":null,"func_zone_status_id":2,"ggk_zone_code":"11010000","ggk_zone_name":"Территория усадебной застройки","gp_func_zone_code":"11010000","gp_func_zone_code_id":19,"id":4656463,"zone_type_id":8},"type":"Feature"},{"bbox":[69.1305,54.829,69.1312,54.8298],"geometry":{"coordinates":[[[[69.1312,54.8291],[69.1306,54.829],[69.1306,54.829],[69.1306,54.829],[69.1306,54.829],[69.1306,54.829],[69.1306,54.829],[69.1306,54.829],[69.1306,54.829],[69.1306,54.829],[69.1306,54.829],[69.1306,54.829],[69.1306,54.829],[69.1306,54.829],[69.1306,54.8291],[69.1306,54.8291],[69.1306,54.8291],[69.1306,54.8291],[69.1306,54.8291],[69.1306,54.8291],[69.1306,54.8291],[69.1306,54.8291],[69.1306,54.8291],[69.1306,54.8291],[69.1306,54.8291],[69.1306,54.8291],[69.1306,54.8291],[69.1306,54.8291],[69.1306,54.8291],[69.1306,54.8291],[69.1306,54.8291],[69.1306,54.8291],[69.1306,54.8291],[69.1306,54.8291],[69.1306,54.8291],[69.1305,54.8295],[69.131,54.8298],[69.1312,54.8291],[69.1312,54.8291]]]],"type":"MultiPolygon"},"geometry_name":"shape","id":"gp_functional_zones.fid--7752831e_19fad8546bb_4514","properties":{"area":0.267066968853123,"creation_doc_id":3586,"deactivation_doc_id":null,"func_zone_status_id":2,"ggk_zone_code":"11010000","ggk_zone_name":"Территория усадебной застройки","gp_func_zone_code":"11010000","gp_func_zone_code_id":19,"id":4656464,"zone_type_id":8},"type":"Feature"},{"bbox":[69.0704,54.8859,69.0741,54.8928],"geometry":{"coordinates":[[[[69.0729,54.8862],[69.073,54.8861],[69.073,54.886],[69.0729,54.8861],[69.0729,54.8861],[69.0727,54.8861],[69.0726,54.8861],[69.0725,54.8861],[69.0725,54.8861],[69.071,54.8859],[69.071,54.8859],[69.071,54.8859],[69.071,54.8859],[69.071,54.886],[69.0707,54.8885],[69.0704,54.8925],[69.0704,54.8928],[69.0707,54.8927],[69.0721,54.8927],[69.0737,54.8926],[69.0741,54.8925],[69.0741,54.8924],[69.074,54.8913],[69.074,54.8913],[69.0739,54.8912],[69.0737,54.8909],[69.0736,54.8908],[69.0736,54.8907],[69.0736,54.8906],[69.0736,54.8905],[69.0737,54.8905],[69.0737,54.8903],[69.0736,54.8903],[69.0734,54.89],[69.0733,54.8899],[69.073,54.8897],[69.0729,54.8896],[69.0728,54.8893],[69.0727,54.8892],[69.0727,54.8891],[69.0726,54.8888],[69.0725,54.8882],[69.0725,54.8878],[69.0725,54.8876],[69.0725,54.8876],[69.0725,54.8874],[69.0725,54.8872],[69.0726,54.887],[69.0728,54.8865],[69.0729,54.8862]]]],"type":"MultiPolygon"},"geometry_name":"shape","id":"gp_functional_zones.fid--7752831e_19fad8546bb_4515","properties":{"area":11.945229259897,"creation_doc_id":3586,"deactivation_doc_id":null,"func_zone_status_id":2,"ggk_zone_code":"11010000","ggk_zone_name":"Территория усадебной застройки","gp_func_zone_code":"11010000","gp_func_zone_code_id":19,"id":4656465,"zone_type_id":8},"type":"Feature"},{"bbox":[69.07,54.8926,69.0755,54.8991],"geometry":{"coordinates":[[[69.0751,54.8989],[69.0752,54.899],[69.0755,54.899],[69.075,54.8975],[69.0745,54.8959],[69.0743,54.8948],[69.0742,54.8943],[69.0741,54.8942],[69.0741,54.894],[69.0743,54.894],[69.0744,54.8937],[69.0748,54.8937],[69.0748,54.8929],[69.0741,54.8929],[69.0741,54.8927],[69.0738,54.8928],[69.0722,54.8929],[69.0707,54.8929],[69.0704,54.8929],[69.0703,54.8942],[69.0703,54.8944],[69.0702,54.8954],[69.0701,54.8959],[69.0701,54.896],[69.07,54.8961],[69.0705,54.8961],[69.0707,54.8961],[69.0715,54.8974],[69.072,54.8973],[69.0723,54.898],[69.0733,54.8979],[69.0735,54.8983],[69.0737,54.8983],[69.0741,54.8984],[69.0745,54.8991],[69.0751,54.8989]]],"type":"Polygon"},"geometry_name":"shape","id":"gp_functional_zones.fid--7752831e_19fad8546bb_4516","properties":{"area":15.2015310499321,"creation_doc_id":3586,"deactivation_doc_id":null,"func_zone_status_id":2,"ggk_zone_code":"11010000","ggk_zone_name":"Территория усадебной застройки","gp_func_zone_code":"11010000","gp_func_zone_code_id":19,"id":4656466,"zone_type_id":8},"type":"Feature"},{"bbox":[69.245,54.8593,69.2466,54.8601],"geometry":{"coordinates":[[[[69.245,54.8593],[69.2452,54.8601],[69.2457,54.8601],[69.2457,54.8599],[69.2466,54.8599],[69.2465,54.8593],[69.2453,54.8594],[69.2452,54.8593],[69.245,54.8593]]]],"type":"MultiPolygon"},"geometry_name":"shape","id":"gp_functional_zones.fid--7752831e_19fad8546bb_4517","properties":{"area":0.670094094912884,"creation_doc_id":3586,"deactivation_doc_id":null,"func_zone_status_id":2,"ggk_zone_code":"11010000","ggk_zone_name":"Территория усадебной застройки","gp_func_zone_code":"11010000","gp_func_zone_code_id":19,"id":4656467,"zone_type_id":8},"type":"Feature"},{"bbox":[69.245,54.8585,69.2466,54.8592],"geometry":{"coordinates":[[[[69.2451,54.8592],[69.246,54.8592],[69.2466,54.8592],[69.2465,54.8585],[69.2455,54.8585],[69.2455,54.8588],[69.245,54.8588],[69.2451,54.8592]]]],"type":"MultiPolygon"},"geometry_name":"shape","id":"gp_functional_zones.fid--7752831e_19fad8546bb_4518","properties":{"area":0.683593957225712,"creation_doc_id":3586,"deactivation_doc_id":null,"func_zone_status_id":2,"ggk_zone_code":"11010000","ggk_zone_name":"Территория усадебной застройки","gp_func_zone_code":"11010000","gp_func_zone_code_id":19,"id":4656468,"zone_type_id":8},"type":"Feature"},{"bbox":[69.2473,54.8592,69.248,54.8597],"geometry":{"coordinates":[[[[69.2474,54.8597],[69.2479,54.8596],[69.248,54.8595],[69.2479,54.8592],[69.2473,54.8593],[69.2474,54.8597]]]],"type":"MultiPolygon"},"geometry_name":"shape","id":"gp_functional_zones.fid--7752831e_19fad8546bb_4519","properties":{"area":0.163321616114107,"creation_doc_id":3586,"deactivation_doc_id":null,"func_zone_status_id":2,"ggk_zone_code":"11010000","ggk_zone_name":"Территория усадебной застройки","gp_func_zone_code":"11010000","gp_func_zone_code_id":19,"id":4656469,"zone_type_id":8},"type":"Feature"},{"bbox":[69.2136,54.8441,69.2158,54.8468],"geometry":{"coordinates":[[[[69.2158,54.8467],[69.2146,54.8441],[69.214,54.8442],[69.2143,54.845],[69.2136,54.8451],[69.2143,54.8467],[69.215,54.8466],[69.2151,54.8467],[69.2151,54.8468],[69.2154,54.8467],[69.2158,54.8467]]]],"type":"MultiPolygon"},"geometry_name":"shape","id":"gp_functional_zones.fid--7752831e_19fad8546bb_451a","properties":{"area":2.2099854880549,"creation_doc_id":3586,"deactivation_doc_id":null,"func_zone_status_id":2,"ggk_zone_code":"11010000","ggk_zone_name":"Территория усадебной застройки","gp_func_zone_code":"11010000","gp_func_zone_code_id":19,"id":4656470,"zone_type_id":8},"type":"Feature"},{"bbox":[69.1218,54.95,69.1236,54.9503],"geometry":{"coordinates":[[[[69.1236,54.95],[69.1218,54.95],[69.1219,54.9503],[69.1219,54.9503],[69.1221,54.9503],[69.1224,54.9503],[69.1227,54.9503],[69.1236,54.9502],[69.1236,54.9502],[69.1236,54.9502],[69.1236,54.95]]]],"type":"MultiPolygon"},"geometry_name":"shape","id":"gp_functional_zones.fid--7752831e_19fad8546bb_451b","properties":{"area":0.346950762041403,"creation_doc_id":3586,"deactivation_doc_id":null,"func_zone_status_id":2,"ggk_zone_code":"11010000","ggk_zone_name":"Территория усадебной застройки","gp_func_zone_code":"11010000","gp_func_zone_code_id":19,"id":4656471,"zone_type_id":8},"type":"Feature"},{"bbox":[69.1165,54.95,69.1228,54.9539],"geometry":{"coordinates":[[[[69.1214,54.9539],[69.1214,54.9535],[69.1224,54.9534],[69.1224,54.9534],[69.1214,54.9534],[69.1214,54.9528],[69.1221,54.9528],[69.1223,54.9528],[69.1223,54.9528],[69.1223,54.9528],[69.122,54.9527],[69.122,54.9527],[69.1213,54.9527],[69.1213,54.9525],[69.1213,54.9525],[69.1213,54.9524],[69.1217,54.9524],[69.1218,54.952],[69.1224,54.952],[69.1224,54.952],[69.1226,54.9514],[69.1228,54.9504],[69.1227,54.9504],[69.1227,54.9504],[69.1227,54.9504],[69.1227,54.9504],[69.1227,54.9504],[69.1227,54.9504],[69.1227,54.9504],[69.1224,54.9504],[69.1224,54.9504],[69.1224,54.9504],[69.1224,54.9504],[69.1221,54.9504],[69.1221,54.9504],[69.122,54.9504],[69.121,54.9504],[69.121,54.9504],[69.1208,54.9504],[69.1206,54.9504],[69.1206,54.9504],[69.1204,54.9504],[69.1202,54.9504],[69.1202,54.9504],[69.12,54.9505],[69.1199,54.9505],[69.1199,54.9505],[69.1198,54.9505],[69.1198,54.9505],[69.1198,54.9505],[69.1197,54.9505],[69.1197,54.9505],[69.1197,54.9505],[69.1197,54.9505],[69.1196,54.9505],[69.1196,54.9505],[69.1196,54.9505],[69.1196,54.9505],[69.1196,54.9505],[69.1195,54.9505],[69.1195,54.9505],[69.1195,54.9505],[69.1194,54.9505],[69.1194,54.9505],[69.1194,54.9505],[69.1194,54.9505],[69.1193,54.9505],[69.1193,54.9505],[69.1192,54.9505],[69.1192,54.9505],[69.1192,54.9505],[69.1192,54.9505],[69.1191,54.9504],[69.1191,54.9504],[69.1191,54.9504],[69.1191,54.9504],[69.1191,54.9504],[69.1191,54.9504],[69.1191,54.9504],[69.119,54.9504],[69.119,54.9504],[69.119,54.9504],[69.119,54.9504],[69.1189,54.9504],[69.1189,54.9504],[69.1189,54.9503],[69.1189,54.9503],[69.1188,54.9503],[69.1188,54.9503],[69.1188,54.9503],[69.1188,54.9503],[69.1187,54.9502],[69.1187,54.9502],[69.1187,54.9502],[69.1187,54.9502],[69.1187,54.9502],[69.1187,54.9502],[69.1186,54.9502],[69.1186,54.9502],[69.1186,54.9502],[69.1186,54.9502],[69.1186,54.9502],[69.1186,54.9501],[69.1184,54.95],[69.1184,54.9501],[69.1184,54.9501],[69.1185,54.9502],[69.1185,54.9502],[69.1186,54.9503],[69.1186,54.9503],[69.1186,54.9503],[69.1187,54.9503],[69.1187,54.9503],[69.1185,54.9507],[69.1177,54.9507],[69.1177,54.9517],[69.1175,54.9525],[69.1166,54.9531],[69.1165,54.9532],[69.1165,54.9539],[69.1167,54.9539],[69.1167,54.9539],[69.1177,54.9538],[69.1187,54.9537],[69.1202,54.9536],[69.1202,54.9539],[69.1214,54.9539]]]],"type":"MultiPolygon"},"geometry_name":"shape","id":"gp_functional_zones.fid--7752831e_19fad8546bb_451c","properties":{"area":11.2907466853743,"creation_doc_id":3586,"deactivation_doc_id":null,"func_zone_status_id":2,"ggk_zone_code":"11010000","ggk_zone_name":"Территория усадебной застройки","gp_func_zone_code":"11010000","gp_func_zone_code_id":19,"id":4656472,"zone_type_id":8},"type":"Feature"},{"bbox":[69.1195,54.9475,69.1224,54.9504],"geometry":{"coordinates":[[[[69.1212,54.9503],[69.1213,54.9499],[69.1217,54.9493],[69.122,54.9494],[69.1221,54.9493],[69.1221,54.9493],[69.1221,54.9491],[69.1215,54.949],[69.1218,54.9487],[69.1215,54.9487],[69.1224,54.9477],[69.122,54.9475],[69.1217,54.9478],[69.1213,54.9477],[69.1211,54.948],[69.1209,54.9479],[69.1207,54.9481],[69.1211,54.9482],[69.1212,54.9483],[69.121,54.9485],[69.1203,54.9493],[69.1199,54.9501],[69.1195,54.9501],[69.1195,54.9504],[69.1196,54.9504],[69.1196,54.9504],[69.1197,54.9504],[69.1197,54.9504],[69.1198,54.9504],[69.1198,54.9504],[69.1199,54.9504],[69.1199,54.9504],[69.1201,54.9503],[69.1201,54.9503],[69.1201,54.9503],[69.1201,54.9503],[69.1203,54.9503],[69.1203,54.9503],[69.1205,54.9503],[69.1205,54.9503],[69.1206,54.9503],[69.1206,54.9503],[69.1208,54.9503],[69.1208,54.9503],[69.121,54.9503],[69.121,54.9503],[69.121,54.9503],[69.121,54.9503],[69.1212,54.9503]]]],"type":"MultiPolygon"},"geometry_name":"shape","id":"gp_functional_zones.fid--7752831e_19fad8546bb_451d","properties":{"area":2.33277591376936,"creation_doc_id":3586,"deactivation_doc_id":null,"func_zone_status_id":2,"ggk_zone_code":"11010000","ggk_zone_name":"Территория усадебной застройки","gp_func_zone_code":"11010000","gp_func_zone_code_id":19,"id":4656473,"zone_type_id":8},"type":"Feature"},{"bbox":[69.1316,54.9156,69.1347,54.9194],"geometry":{"coordinates":[[[[69.1347,54.9189],[69.134,54.9156],[69.134,54.9156],[69.1337,54.9156],[69.1324,54.9159],[69.1324,54.9159],[69.1324,54.9159],[69.1324,54.9159],[69.1324,54.9159],[69.1324,54.9159],[69.1324,54.9159],[69.1324,54.9159],[69.1324,54.9159],[69.1324,54.9159],[69.1324,54.9159],[69.1324,54.9159],[69.1324,54.9159],[69.1324,54.9159],[69.1324,54.9159],[69.1324,54.9159],[69.1323,54.9159],[69.1323,54.9159],[69.1323,54.9159],[69.1323,54.9159],[69.1323,54.9159],[69.1323,54.9159],[69.1323,54.9159],[69.1323,54.9159],[69.1323,54.9159],[69.1323,54.9159],[69.1323,54.9159],[69.1323,54.9159],[69.1323,54.9159],[69.1323,54.9159],[69.1323,54.9159],[69.1323,54.9159],[69.1323,54.9159],[69.1323,54.9159],[69.1323,54.9159],[69.1323,54.9159],[69.1323,54.9159],[69.1323,54.9159],[69.1323,54.9159],[69.1323,54.9159],[69.1323,54.9159],[69.1323,54.9159],[69.1323,54.9159],[69.1323,54.9159],[69.1323,54.916],[69.1323,54.916],[69.1323,54.916],[69.1323,54.916],[69.1323,54.916],[69.1323,54.916],[69.1323,54.916],[69.1323,54.916],[69.1323,54.916],[69.1323,54.916],[69.1323,54.916],[69.1323,54.916],[69.1323,54.916],[69.1323,54.916],[69.1323,54.916],[69.1323,54.916],[69.1323,54.916],[69.132,54.9169],[69.132,54.9171],[69.132,54.9171],[69.1316,54.9194],[69.1346,54.9189],[69.1347,54.9189]]]],"type":"MultiPolygon"},"geometry_name":"shape","id":"gp_functional_zones.fid--7752831e_19fad8546bb_4520","properties":{"area":6.02426565537935,"creation_doc_id":3586,"deactivation_doc_id":null,"func_zone_status_id":2,"ggk_zone_code":"11010000","ggk_zone_name":"Территория усадебной застройки","gp_func_zone_code":"11010000","gp_func_zone_code_id":19,"id":4656477,"zone_type_id":8},"type":"Feature"},{"bbox":[69.1343,54.9125,69.1398,54.9153],"geometry":{"coordinates":[[[[69.1398,54.914],[69.1397,54.9126],[69.139,54.9126],[69.1373,54.9125],[69.1373,54.9131],[69.1344,54.913],[69.1344,54.913],[69.1343,54.9148],[69.1343,54.9148],[69.1343,54.9148],[69.1343,54.9153],[69.1343,54.9153],[69.1343,54.9153],[69.1343,54.9153],[69.1375,54.9145],[69.1375,54.9145],[69.1398,54.914],[69.1398,54.914]]]],"type":"MultiPolygon"},"geometry_name":"shape","id":"gp_functional_zones.fid--7752831e_19fad8546bb_4521","properties":{"area":6.88282698268397,"creation_doc_id":3586,"deactivation_doc_id":null,"func_zone_status_id":2,"ggk_zone_code":"11010000","ggk_zone_name":"Территория усадебной застройки","gp_func_zone_code":"11010000","gp_func_zone_code_id":19,"id":4656478,"zone_type_id":8},"type":"Feature"},{"bbox":[69.0783,54.9066,69.0805,54.9079],"geometry":{"coordinates":[[[[69.0783,54.9067],[69.0792,54.9075],[69.0798,54.9078],[69.0804,54.9079],[69.0805,54.9076],[69.0796,54.9074],[69.0786,54.9066],[69.0783,54.9067]]]],"type":"MultiPolygon"},"geometry_name":"shape","id":"gp_functional_zones.fid--7752831e_19fad8546bb_4522","properties":{"area":0.483516709872921,"creation_doc_id":3586,"deactivation_doc_id":null,"func_zone_status_id":2,"ggk_zone_code":"11010000","ggk_zone_name":"Территория усадебной застройки","gp_func_zone_code":"11010000","gp_func_zone_code_id":19,"id":4656479,"zone_type_id":8},"type":"Feature"},{"bbox":[69.0814,54.9074,69.0826,54.908],"geometry":{"coordinates":[[[[69.0815,54.908],[69.0819,54.9079],[69.0826,54.9078],[69.0825,54.9077],[69.0823,54.9077],[69.0821,54.9074],[69.082,54.9074],[69.082,54.9075],[69.0814,54.9076],[69.0815,54.908]]]],"type":"MultiPolygon"},"geometry_name":"shape","id":"gp_functional_zones.fid--7752831e_19fad8546bb_4523","properties":{"area":0.25756492289685,"creation_doc_id":3586,"deactivation_doc_id":null,"func_zone_status_id":2,"ggk_zone_code":"11010000","ggk_zone_name":"Территория усадебной застройки","gp_func_zone_code":"11010000","gp_func_zone_code_id":19,"id":4656480,"zone_type_id":8},"type":"Feature"},{"bbox":[69.0801,54.9065,69.0814,54.907],"geometry":{"coordinates":[[[[69.0804,54.907],[69.0808,54.9068],[69.0809,54.9069],[69.0814,54.9067],[69.081,54.9065],[69.0801,54.9069],[69.0803,54.907],[69.0804,54.907]]]],"type":"MultiPolygon"},"geometry_name":"shape","id":"gp_functional_zones.fid--7752831e_19fad8546bb_4524","properties":{"area":0.226461563543893,"creation_doc_id":3586,"deactivation_doc_id":null,"func_zone_status_id":2,"ggk_zone_code":"11010000","ggk_zone_name":"Территория усадебной застройки","gp_func_zone_code":"11010000","gp_func_zone_code_id":19,"id":4656481,"zone_type_id":8},"type":"Feature"},{"bbox":[69.0803,54.907,69.0806,54.9071],"geometry":{"coordinates":[[[[69.0806,54.907],[69.0804,54.907],[69.0803,54.907],[69.0805,54.9071],[69.0806,54.907]]]],"type":"MultiPolygon"},"geometry_name":"shape","id":"gp_functional_zones.fid--7752831e_19fad8546bb_4525","properties":{"area":0.0176546452261294,"creation_doc_id":3586,"deactivation_doc_id":null,"func_zone_status_id":2,"ggk_zone_code":"11010000","ggk_zone_name":"Территория усадебной застройки","gp_func_zone_code":"11010000","gp_func_zone_code_id":19,"id":4656482,"zone_type_id":8},"type":"Feature"},{"bbox":[69.0795,54.9064,69.0803,54.9069],"geometry":{"coordinates":[[[[69.0803,54.9067],[69.08,54.9065],[69.08,54.9066],[69.0797,54.9064],[69.0795,54.9064],[69.0801,54.9069],[69.0803,54.9067]]]],"type":"MultiPolygon"},"geometry_name":"shape","id":"gp_functional_zones.fid--7752831e_19fad8546bb_4526","properties":{"area":0.103962378517981,"creation_doc_id":3586,"deactivation_doc_id":null,"func_zone_status_id":2,"ggk_zone_code":"11010000","ggk_zone_name":"Территория усадебной застройки","gp_func_zone_code":"11010000","gp_func_zone_code_id":19,"id":4656483,"zone_type_id":8},"type":"Feature"},{"bbox":[69.0804,54.9055,69.0839,54.9066],"geometry":{"coordinates":[[[[69.0816,54.9066],[69.083,54.9059],[69.0835,54.9062],[69.0839,54.9059],[69.0839,54.9059],[69.0823,54.9056],[69.082,54.9055],[69.0819,54.9055],[69.0815,54.9055],[69.081,54.9055],[69.0809,54.9055],[69.0808,54.9055],[69.0804,54.9057],[69.0813,54.9063],[69.0816,54.9066]]]],"type":"MultiPolygon"},"geometry_name":"shape","id":"gp_functional_zones.fid--7752831e_19fad8546bb_4527","properties":{"area":1.23713337239114,"creation_doc_id":3586,"deactivation_doc_id":null,"func_zone_status_id":2,"ggk_zone_code":"11010000","ggk_zone_name":"Территория усадебной застройки","gp_func_zone_code":"11010000","gp_func_zone_code_id":19,"id":4656484,"zone_type_id":8},"type":"Feature"},{"bbox":[69.1337,54.9326,69.1425,54.9367],"geometry":{"coordinates":[[[[69.1347,54.9327],[69.1343,54.9326],[69.1337,54.9341],[69.1337,54.9341],[69.134,54.9342],[69.1343,54.9342],[69.1344,54.9346],[69.1352,54.9347],[69.1348,54.9357],[69.1347,54.9358],[69.1411,54.9367],[69.1412,54.9367],[69.1418,54.9355],[69.1418,54.9354],[69.1418,54.9354],[69.1418,54.9354],[69.1419,54.9353],[69.1419,54.9353],[69.1419,54.9352],[69.142,54.9352],[69.142,54.9352],[69.142,54.9352],[69.142,54.9352],[69.1421,54.9351],[69.1421,54.9351],[69.1421,54.9351],[69.1421,54.9351],[69.1421,54.9351],[69.1421,54.9351],[69.1424,54.9349],[69.1424,54.9349],[69.1425,54.9349],[69.1398,54.9334],[69.1398,54.9334],[69.1397,54.9333],[69.1397,54.9333],[69.1396,54.9333],[69.1395,54.9333],[69.1395,54.9333],[69.1394,54.9332],[69.1393,54.9332],[69.1392,54.9332],[69.1392,54.9332],[69.1391,54.9332],[69.1378,54.933],[69.1363,54.9329],[69.1347,54.9327]]]],"type":"MultiPolygon"},"geometry_name":"shape","id":"gp_functional_zones.fid--7752831e_19fad8546bb_4528","properties":{"area":16.113644469609,"creation_doc_id":3586,"deactivation_doc_id":null,"func_zone_status_id":2,"ggk_zone_code":"11010000","ggk_zone_name":"Территория усадебной застройки","gp_func_zone_code":"11010000","gp_func_zone_code_id":19,"id":4656485,"zone_type_id":8},"type":"Feature"},{"bbox":[69.1283,54.9318,69.1338,54.936],"geometry":{"coordinates":[[[[69.1284,54.936],[69.1284,54.936],[69.1284,54.936],[69.1285,54.936],[69.1285,54.936],[69.1286,54.936],[69.1286,54.936],[69.1287,54.936],[69.1287,54.9359],[69.1288,54.9359],[69.1288,54.9359],[69.1288,54.9359],[69.1289,54.9359],[69.1289,54.9359],[69.1289,54.9359],[69.129,54.9359],[69.129,54.9358],[69.129,54.9358],[69.1291,54.9358],[69.1291,54.9358],[69.1298,54.9355],[69.1299,54.9355],[69.1299,54.9355],[69.13,54.9355],[69.13,54.9355],[69.1301,54.9354],[69.1301,54.9354],[69.1302,54.9354],[69.1302,54.9354],[69.1303,54.9354],[69.1303,54.9354],[69.1304,54.9354],[69.1304,54.9354],[69.1305,54.9354],[69.1305,54.9354],[69.1306,54.9354],[69.1306,54.9354],[69.1306,54.9354],[69.1312,54.9354],[69.1312,54.9354],[69.1312,54.9354],[69.1312,54.9354],[69.1313,54.9354],[69.1313,54.9354],[69.1317,54.9345],[69.1326,54.9346],[69.1326,54.9346],[69.1329,54.934],[69.1329,54.934],[69.1319,54.9339],[69.1323,54.9328],[69.1333,54.9329],[69.1334,54.9327],[69.1338,54.9318],[69.1338,54.9318],[69.1334,54.9318],[69.1334,54.9319],[69.1334,54.9319],[69.1334,54.9319],[69.1334,54.9319],[69.1333,54.9319],[69.1333,54.9319],[69.1333,54.9319],[69.1333,54.9319],[69.1332,54.9319],[69.1332,54.9319],[69.1332,54.9319],[69.1332,54.9319],[69.1331,54.932],[69.1331,54.932],[69.1329,54.9321],[69.1325,54.9325],[69.1325,54.9325],[69.1325,54.9325],[69.1325,54.9325],[69.1318,54.933],[69.1317,54.9331],[69.1315,54.9333],[69.1315,54.9333],[69.1313,54.9334],[69.1313,54.9334],[69.1312,54.9334],[69.1311,54.9334],[69.1311,54.9334],[69.131,54.9335],[69.131,54.9335],[69.1308,54.9335],[69.1308,54.9335],[69.1308,54.9335],[69.1308,54.9335],[69.1308,54.9335],[69.1307,54.9335],[69.1306,54.9335],[69.1306,54.9335],[69.1305,54.9335],[69.1305,54.9335],[69.1305,54.9335],[69.1284,54.9335],[69.1284,54.9335],[69.1284,54.9335],[69.1283,54.9335],[69.1283,54.9335],[69.1283,54.9335],[69.1283,54.9336],[69.1283,54.9336],[69.1283,54.9336],[69.1283,54.9336],[69.1283,54.9336],[69.1283,54.9336],[69.1283,54.9336],[69.1283,54.9336],[69.1285,54.9353],[69.1285,54.9353],[69.1285,54.9353],[69.1285,54.9353],[69.1285,54.9353],[69.1285,54.9354],[69.1285,54.9354],[69.1285,54.9354],[69.1285,54.9354],[69.1285,54.9355],[69.1285,54.9355],[69.1284,54.936]]]],"type":"MultiPolygon"},"geometry_name":"shape","id":"gp_functional_zones.fid--7752831e_19fad8546bb_4529","properties":{"area":6.12780413308234,"creation_doc_id":3586,"deactivation_doc_id":null,"func_zone_status_id":2,"ggk_zone_code":"11010000","ggk_zone_name":"Территория усадебной застройки","gp_func_zone_code":"11010000","gp_func_zone_code_id":19,"id":4656486,"zone_type_id":8},"type":"Feature"},{"bbox":[69.1423,54.8356,69.1546,54.8455],"geometry":{"coordinates":[[[[69.1512,54.8369],[69.1476,54.8356],[69.146,54.837],[69.1459,54.837],[69.1446,54.8376],[69.1442,54.8379],[69.1462,54.8384],[69.1463,54.8384],[69.1463,54.8384],[69.1463,54.8384],[69.1463,54.8384],[69.1463,54.8384],[69.1463,54.8384],[69.1463,54.8384],[69.1463,54.8384],[69.1463,54.8384],[69.1463,54.8384],[69.1463,54.8384],[69.1463,54.8384],[69.1463,54.8384],[69.1463,54.8384],[69.1464,54.8384],[69.1464,54.8384],[69.1464,54.8384],[69.1464,54.8384],[69.1464,54.8384],[69.1464,54.8384],[69.1464,54.8384],[69.1464,54.8384],[69.1464,54.8384],[69.1464,54.8384],[69.1464,54.8384],[69.1464,54.8384],[69.1464,54.8384],[69.1464,54.8384],[69.1464,54.8384],[69.1465,54.8384],[69.1465,54.8384],[69.1465,54.8384],[69.1465,54.8384],[69.1465,54.8384],[69.1465,54.8385],[69.1465,54.8385],[69.1465,54.8385],[69.1465,54.8385],[69.1465,54.8385],[69.1465,54.8385],[69.1465,54.8385],[69.1465,54.8385],[69.1465,54.8385],[69.1466,54.8385],[69.1466,54.8385],[69.1466,54.8385],[69.1466,54.8385],[69.1466,54.8385],[69.1466,54.8385],[69.1466,54.8385],[69.1466,54.8385],[69.1466,54.8385],[69.1466,54.8385],[69.1466,54.8385],[69.1466,54.8385],[69.1466,54.8385],[69.1466,54.8385],[69.1466,54.8385],[69.1466,54.8385],[69.1466,54.8385],[69.1467,54.8385],[69.1467,54.8386],[69.1467,54.8386],[69.1467,54.8386],[69.1467,54.8386],[69.1467,54.8386],[69.1467,54.8386],[69.1467,54.8386],[69.1467,54.8386],[69.1467,54.8386],[69.1467,54.8386],[69.1467,54.8386],[69.1467,54.8386],[69.1467,54.8386],[69.1467,54.8386],[69.1467,54.8386],[69.1467,54.8386],[69.1467,54.8386],[69.1467,54.8386],[69.1469,54.8388],[69.1469,54.8388],[69.1469,54.8388],[69.1469,54.8388],[69.1469,54.8388],[69.1469,54.8388],[69.1469,54.8388],[69.1469,54.8388],[69.1469,54.8388],[69.1469,54.8388],[69.1469,54.8388],[69.1469,54.8388],[69.147,54.8388],[69.147,54.8388],[69.147,54.8389],[69.147,54.8389],[69.147,54.8389],[69.147,54.8389],[69.147,54.8389],[69.147,54.8389],[69.147,54.8389],[69.147,54.8389],[69.147,54.8389],[69.147,54.8389],[69.147,54.8389],[69.147,54.8389],[69.147,54.8389],[69.147,54.8389],[69.147,54.8389],[69.147,54.8389],[69.147,54.8389],[69.147,54.8389],[69.1471,54.8389],[69.1471,54.8389],[69.1471,54.8389],[69.1471,54.8389],[69.1471,54.8389],[69.1471,54.8389],[69.1471,54.8389],[69.1471,54.8389],[69.1471,54.8389],[69.1471,54.8389],[69.1471,54.8389],[69.1471,54.8389],[69.1471,54.8389],[69.1471,54.8389],[69.1471,54.8389],[69.1471,54.8389],[69.1471,54.8389],[69.1471,54.8389],[69.1471,54.8389],[69.1472,54.8389],[69.1472,54.8389],[69.1472,54.8389],[69.1472,54.839],[69.1472,54.839],[69.1472,54.839],[69.1472,54.839],[69.1472,54.839],[69.1472,54.839],[69.1472,54.839],[69.1472,54.839],[69.1472,54.839],[69.1472,54.839],[69.1472,54.839],[69.1472,54.839],[69.1472,54.839],[69.1492,54.8393],[69.1503,54.8377],[69.1503,54.8376],[69.1503,54.8376],[69.1512,54.8369]]],[[[69.1517,54.8371],[69.1516,54.8371],[69.1516,54.8371],[69.1508,54.8378],[69.1497,54.8394],[69.1539,54.8399],[69.154,54.8399],[69.1545,54.8385],[69.1546,54.8381],[69.1546,54.8381],[69.1517,54.8371]]],[[[69.1461,54.8386],[69.144,54.8381],[69.1435,54.8385],[69.1423,54.8396],[69.1462,54.8405],[69.1462,54.8405],[69.1462,54.8405],[69.1464,54.8405],[69.1469,54.8407],[69.1476,54.8409],[69.1478,54.841],[69.1478,54.841],[69.148,54.841],[69.149,54.8396],[69.1471,54.8392],[69.1471,54.8392],[69.1471,54.8392],[69.1471,54.8392],[69.1471,54.8392],[69.1471,54.8392],[69.1471,54.8392],[69.147,54.8392],[69.147,54.8392],[69.147,54.8392],[69.147,54.8392],[69.147,54.8392],[69.147,54.8392],[69.147,54.8392],[69.147,54.8392],[69.147,54.8391],[69.147,54.8391],[69.147,54.8391],[69.147,54.8391],[69.147,54.8391],[69.1469,54.8391],[69.1469,54.8391],[69.1469,54.8391],[69.1469,54.8391],[69.1469,54.8391],[69.1469,54.8391],[69.1469,54.8391],[69.1469,54.8391],[69.1469,54.8391],[69.1469,54.8391],[69.1469,54.8391],[69.1469,54.8391],[69.1469,54.8391],[69.1469,54.8391],[69.1468,54.8391],[69.1468,54.8391],[69.1468,54.8391],[69.1468,54.8391],[69.1468,54.8391],[69.1468,54.8391],[69.1468,54.8391],[69.1468,54.8391],[69.1468,54.8391],[69.1468,54.8391],[69.1468,54.8391],[69.1468,54.8391],[69.1468,54.8391],[69.1468,54.8391],[69.1468,54.8391],[69.1467,54.839],[69.1467,54.839],[69.1467,54.839],[69.1467,54.839],[69.1467,54.839],[69.1467,54.839],[69.1467,54.839],[69.1467,54.839],[69.1467,54.839],[69.1467,54.839],[69.1467,54.839],[69.1467,54.839],[69.1467,54.839],[69.1467,54.839],[69.1467,54.839],[69.1466,54.839],[69.1466,54.839],[69.1466,54.839],[69.1466,54.839],[69.1466,54.839],[69.1466,54.839],[69.1466,54.839],[69.1466,54.839],[69.1466,54.8389],[69.1466,54.8389],[69.1466,54.8389],[69.1466,54.8389],[69.1466,54.8389],[69.1466,54.8389],[69.1466,54.8389],[69.1466,54.8389],[69.1466,54.8389],[69.1466,54.8389],[69.1464,54.8387],[69.1464,54.8387],[69.1464,54.8387],[69.1464,54.8387],[69.1464,54.8387],[69.1464,54.8387],[69.1464,54.8387],[69.1464,54.8387],[69.1464,54.8387],[69.1464,54.8387],[69.1464,54.8387],[69.1464,54.8387],[69.1464,54.8387],[69.1464,54.8387],[69.1464,54.8387],[69.1463,54.8387],[69.1463,54.8387],[69.1463,54.8387],[69.1463,54.8387],[69.1463,54.8387],[69.1463,54.8387],[69.1463,54.8387],[69.1463,54.8387],[69.1463,54.8387],[69.1463,54.8387],[69.1463,54.8387],[69.1463,54.8387],[69.1463,54.8386],[69.1463,54.8386],[69.1463,54.8386],[69.1463,54.8386],[69.1463,54.8386],[69.1463,54.8386],[69.1463,54.8386],[69.1463,54.8386],[69.1463,54.8386],[69.1462,54.8386],[69.1462,54.8386],[69.1462,54.8386],[69.1462,54.8386],[69.1462,54.8386],[69.1462,54.8386],[69.1462,54.8386],[69.1462,54.8386],[69.1462,54.8386],[69.1462,54.8386],[69.1462,54.8386],[69.1462,54.8386],[69.1462,54.8386],[69.1462,54.8386],[69.1462,54.8386],[69.1462,54.8386],[69.1462,54.8386],[69.1462,54.8386],[69.1462,54.8386],[69.1461,54.8386],[69.1461,54.8386],[69.1461,54.8386],[69.1461,54.8386],[69.1461,54.8386],[69.1461,54.8386],[69.1461,54.8386],[69.1461,54.8386]]],[[[69.1538,54.8402],[69.1495,54.8396],[69.1484,54.8412],[69.1486,54.8413],[69.1486,54.8413],[69.1488,54.8414],[69.1488,54.8414],[69.1493,54.8417],[69.1493,54.8417],[69.1493,54.8418],[69.1493,54.8418],[69.1498,54.8421],[69.1498,54.8421],[69.15,54.8422],[69.15,54.8422],[69.1503,54.8425],[69.1503,54.8425],[69.1503,54.8425],[69.1503,54.8425],[69.1503,54.8425],[69.1504,54.8426],[69.1504,54.8426],[69.1508,54.8431],[69.1508,54.8431],[69.1508,54.8431],[69.1508,54.8431],[69.151,54.8435],[69.151,54.8435],[69.1511,54.8436],[69.1511,54.8436],[69.1513,54.8441],[69.1513,54.8441],[69.1513,54.8442],[69.1513,54.8442],[69.1514,54.845],[69.1514,54.845],[69.1514,54.845],[69.1514,54.845],[69.1514,54.845],[69.1513,54.8452],[69.1513,54.8452],[69.1513,54.8453],[69.1513,54.8453],[69.1513,54.8454],[69.1519,54.8455],[69.1519,54.8455],[69.1521,54.845],[69.1539,54.8402],[69.1538,54.8402]]]],"type":"MultiPolygon"},"geometry_name":"shape","id":"gp_functional_zones.fid--7752831e_19fad8546bb_452e","properties":{"area":33.6309387213464,"creation_doc_id":3586,"deactivation_doc_id":null,"func_zone_status_id":2,"ggk_zone_code":"11010000","ggk_zone_name":"Территория усадебной застройки","gp_func_zone_code":"11010000","gp_func_zone_code_id":19,"id":4656491,"zone_type_id":8},"type":"Feature"},{"bbox":[69.1717,54.85,69.1762,54.8524],"geometry":{"coordinates":[[[[69.1721,54.85],[69.1721,54.85],[69.1717,54.8522],[69.1759,54.8524],[69.1762,54.8502],[69.1721,54.85]]]],"type":"MultiPolygon"},"geometry_name":"shape","id":"gp_functional_zones.fid--7752831e_19fad8546bb_452f","properties":{"area":6.50149949569243,"creation_doc_id":3586,"deactivation_doc_id":null,"func_zone_status_id":2,"ggk_zone_code":"11010000","ggk_zone_name":"Территория усадебной застройки","gp_func_zone_code":"11010000","gp_func_zone_code_id":19,"id":4656492,"zone_type_id":8},"type":"Feature"},{"bbox":[69.1568,54.8491,69.1633,54.8517],"geometry":{"coordinates":[[[[69.1577,54.8491],[69.1577,54.8491],[69.1568,54.8513],[69.1568,54.8513],[69.1579,54.8514],[69.1583,54.8515],[69.1631,54.8517],[69.1631,54.8517],[69.1633,54.8496],[69.162,54.8495],[69.1619,54.8495],[69.1577,54.8491]]]],"type":"MultiPolygon"},"geometry_name":"shape","id":"gp_functional_zones.fid--7752831e_19fad8546bb_4530","properties":{"area":9.59002949000939,"creation_doc_id":3586,"deactivation_doc_id":null,"func_zone_status_id":2,"ggk_zone_code":"11010000","ggk_zone_name":"Территория усадебной застройки","gp_func_zone_code":"11010000","gp_func_zone_code_id":19,"id":4656493,"zone_type_id":8},"type":"Feature"},{"bbox":[69.1634,54.8496,69.1679,54.8519],"geometry":{"coordinates":[[[[69.1679,54.8498],[69.1637,54.8496],[69.1634,54.8518],[69.1634,54.8518],[69.1676,54.8519],[69.1679,54.8498]]]],"type":"MultiPolygon"},"geometry_name":"shape","id":"gp_functional_zones.fid--7752831e_19fad8546bb_4531","properties":{"area":6.45413786649212,"creation_doc_id":3586,"deactivation_doc_id":null,"func_zone_status_id":2,"ggk_zone_code":"11010000","ggk_zone_name":"Территория усадебной застройки","gp_func_zone_code":"11010000","gp_func_zone_code_id":19,"id":4656494,"zone_type_id":8},"type":"Feature"},{"bbox":[69.1773,54.8503,69.18,54.8525],"geometry":{"coordinates":[[[[69.18,54.8504],[69.1776,54.8503],[69.1773,54.8524],[69.1796,54.8525],[69.1798,54.8515],[69.18,54.8504],[69.18,54.8504]]]],"type":"MultiPolygon"},"geometry_name":"shape","id":"gp_functional_zones.fid--7752831e_19fad8546bb_4532","properties":{"area":3.66754998941616,"creation_doc_id":3586,"deactivation_doc_id":null,"func_zone_status_id":2,"ggk_zone_code":"11010000","ggk_zone_name":"Территория усадебной застройки","gp_func_zone_code":"11010000","gp_func_zone_code_id":19,"id":4656495,"zone_type_id":8},"type":"Feature"},{"bbox":[69.1553,54.8434,69.1593,54.8461],"geometry":{"coordinates":[[[[69.1562,54.8434],[69.1562,54.8434],[69.1559,54.8444],[69.1554,54.8456],[69.1554,54.8456],[69.1553,54.8458],[69.1584,54.8461],[69.1584,54.8461],[69.1585,54.8459],[69.1585,54.8459],[69.1593,54.8438],[69.1562,54.8434]]]],"type":"MultiPolygon"},"geometry_name":"shape","id":"gp_functional_zones.fid--7752831e_19fad8546bb_4533","properties":{"area":5.27558176321409,"creation_doc_id":3586,"deactivation_doc_id":null,"func_zone_status_id":2,"ggk_zone_code":"11010000","ggk_zone_name":"Территория усадебной застройки","gp_func_zone_code":"11010000","gp_func_zone_code_id":19,"id":4656496,"zone_type_id":8},"type":"Feature"},{"bbox":[69.1692,54.8475,69.172,54.8498],"geometry":{"coordinates":[[[[69.172,54.8476],[69.1695,54.8475],[69.1692,54.8496],[69.1717,54.8498],[69.172,54.8476],[69.172,54.8476]]]],"type":"MultiPolygon"},"geometry_name":"shape","id":"gp_functional_zones.fid--7752831e_19fad8546bb_4534","properties":{"area":3.93396939052492,"creation_doc_id":3586,"deactivation_doc_id":null,"func_zone_status_id":2,"ggk_zone_code":"11010000","ggk_zone_name":"Территория усадебной застройки","gp_func_zone_code":"11010000","gp_func_zone_code_id":19,"id":4656497,"zone_type_id":8},"type":"Feature"},{"bbox":[69.1938,54.8422,69.1968,54.8454],"geometry":{"coordinates":[[[[69.1968,54.8423],[69.1941,54.8422],[69.1938,54.8453],[69.1964,54.8454],[69.1964,54.8454],[69.1968,54.8423],[69.1968,54.8423]]]],"type":"MultiPolygon"},"geometry_name":"shape","id":"gp_functional_zones.fid--7752831e_19fad8546bb_4535","properties":{"area":5.90234356732321,"creation_doc_id":3586,"deactivation_doc_id":null,"func_zone_status_id":2,"ggk_zone_code":"11010000","ggk_zone_name":"Территория усадебной застройки","gp_func_zone_code":"11010000","gp_func_zone_code_id":19,"id":4656498,"zone_type_id":8},"type":"Feature"},{"bbox":[69.2002,54.8458,69.2066,54.8484],"geometry":{"coordinates":[[[[69.2066,54.8461],[69.2006,54.8458],[69.2002,54.8483],[69.2024,54.8484],[69.2024,54.8484],[69.2025,54.8484],[69.2059,54.8473],[69.2061,54.8473],[69.2062,54.8472],[69.2062,54.8472],[69.2063,54.8471],[69.2064,54.8471],[69.2064,54.8471],[69.2064,54.8469],[69.2065,54.8468],[69.2065,54.8468],[69.2065,54.8466],[69.2066,54.8461],[69.2066,54.8461]]]],"type":"MultiPolygon"},"geometry_name":"shape","id":"gp_functional_zones.fid--7752831e_19fad8546bb_4536","properties":{"area":8.87155744915541,"creation_doc_id":3586,"deactivation_doc_id":null,"func_zone_status_id":2,"ggk_zone_code":"11010000","ggk_zone_name":"Территория усадебной застройки","gp_func_zone_code":"11010000","gp_func_zone_code_id":19,"id":4656499,"zone_type_id":8},"type":"Feature"},{"bbox":[69.1932,54.85,69.1956,54.8513],"geometry":{"coordinates":[[[[69.1949,54.8501],[69.1933,54.85],[69.1932,54.8511],[69.1949,54.8512],[69.195,54.8512],[69.1953,54.8513],[69.1955,54.8511],[69.1956,54.8502],[69.1949,54.8501],[69.1949,54.8501]]]],"type":"MultiPolygon"},"geometry_name":"shape","id":"gp_functional_zones.fid--7752831e_19fad8546bb_4537","properties":{"area":1.73673497438224,"creation_doc_id":3586,"deactivation_doc_id":null,"func_zone_status_id":2,"ggk_zone_code":"11010000","ggk_zone_name":"Территория усадебной застройки","gp_func_zone_code":"11010000","gp_func_zone_code_id":19,"id":4656500,"zone_type_id":8},"type":"Feature"},{"bbox":[69.1577,54.8465,69.1637,54.8494],"geometry":{"coordinates":[[[[69.1634,54.8494],[69.1637,54.8472],[69.1637,54.847],[69.1587,54.8465],[69.1586,54.8467],[69.1584,54.8472],[69.1582,54.8478],[69.1582,54.8478],[69.1582,54.8478],[69.1593,54.8479],[69.1592,54.8483],[69.158,54.8482],[69.158,54.8482],[69.158,54.8482],[69.158,54.8482],[69.1577,54.8488],[69.1577,54.8488],[69.1577,54.8488],[69.162,54.8493],[69.1634,54.8494]]]],"type":"MultiPolygon"},"geometry_name":"shape","id":"gp_functional_zones.fid--7752831e_19fad8546bb_4538","properties":{"area":9.03827061884492,"creation_doc_id":3586,"deactivation_doc_id":null,"func_zone_status_id":2,"ggk_zone_code":"11010000","ggk_zone_name":"Территория усадебной застройки","gp_func_zone_code":"11010000","gp_func_zone_code_id":19,"id":4656501,"zone_type_id":8},"type":"Feature"},{"bbox":[69.1638,54.847,69.1683,54.8496],"geometry":{"coordinates":[[[[69.1683,54.8472],[69.1641,54.847],[69.164,54.8472],[69.1638,54.8494],[69.168,54.8496],[69.1683,54.8474],[69.1683,54.8472]]]],"type":"MultiPolygon"},"geometry_name":"shape","id":"gp_functional_zones.fid--7752831e_19fad8546bb_4539","properties":{"area":7.21392353269066,"creation_doc_id":3586,"deactivation_doc_id":null,"func_zone_status_id":2,"ggk_zone_code":"11010000","ggk_zone_name":"Территория усадебной застройки","gp_func_zone_code":"11010000","gp_func_zone_code_id":19,"id":4656502,"zone_type_id":8},"type":"Feature"},{"bbox":[69.1705,54.8404,69.1747,54.8439],"geometry":{"coordinates":[[[[69.1723,54.8405],[69.172,54.8404],[69.1705,54.8428],[69.1705,54.8428],[69.1709,54.8429],[69.1714,54.8432],[69.1714,54.8432],[69.1715,54.8434],[69.1715,54.8434],[69.1721,54.8436],[69.1728,54.8439],[69.1737,54.8435],[69.174,54.8434],[69.174,54.8434],[69.174,54.8434],[69.174,54.8434],[69.174,54.8434],[69.174,54.8434],[69.174,54.8434],[69.174,54.8433],[69.174,54.8433],[69.174,54.8433],[69.174,54.8433],[69.174,54.8433],[69.1741,54.8433],[69.1741,54.8433],[69.1741,54.8433],[69.1741,54.8433],[69.1741,54.8433],[69.1741,54.8433],[69.1741,54.8433],[69.1741,54.8433],[69.1741,54.8433],[69.1741,54.8433],[69.1741,54.8433],[69.1741,54.8433],[69.1741,54.8433],[69.1741,54.8432],[69.1741,54.8432],[69.1741,54.8432],[69.1741,54.8432],[69.1741,54.8432],[69.1741,54.8432],[69.1741,54.8432],[69.1742,54.8432],[69.1742,54.8432],[69.1742,54.8432],[69.1742,54.8432],[69.1742,54.8432],[69.1742,54.8432],[69.1742,54.8432],[69.1742,54.8432],[69.1742,54.8432],[69.1742,54.8432],[69.1742,54.8432],[69.1742,54.8431],[69.1742,54.8431],[69.1742,54.8431],[69.1742,54.8431],[69.1742,54.8431],[69.1742,54.8431],[69.1742,54.8431],[69.1742,54.8431],[69.1742,54.8431],[69.1742,54.8431],[69.1742,54.8431],[69.1742,54.8431],[69.1742,54.8431],[69.1742,54.8431],[69.1742,54.8431],[69.1742,54.8431],[69.1742,54.8431],[69.1741,54.8421],[69.1741,54.8421],[69.1741,54.8421],[69.1741,54.842],[69.1741,54.842],[69.1741,54.842],[69.1741,54.842],[69.1741,54.842],[69.1741,54.842],[69.1741,54.842],[69.1742,54.842],[69.1742,54.842],[69.1742,54.842],[69.1742,54.842],[69.1742,54.842],[69.1742,54.842],[69.1742,54.842],[69.1742,54.842],[69.1742,54.842],[69.1742,54.842],[69.1742,54.842],[69.1742,54.842],[69.1742,54.8419],[69.1742,54.8419],[69.1742,54.8419],[69.1742,54.8419],[69.1742,54.8419],[69.1742,54.8419],[69.1742,54.8419],[69.1742,54.8419],[69.1742,54.8419],[69.1742,54.8419],[69.1742,54.8419],[69.1742,54.8419],[69.1742,54.8419],[69.1742,54.8419],[69.1742,54.8419],[69.1742,54.8419],[69.1742,54.8419],[69.1742,54.8419],[69.1742,54.8419],[69.1742,54.8418],[69.1742,54.8418],[69.1742,54.8418],[69.1742,54.8418],[69.1742,54.8418],[69.1742,54.8418],[69.1742,54.8418],[69.1742,54.8418],[69.1742,54.8418],[69.1742,54.8418],[69.1742,54.8418],[69.1742,54.8418],[69.1742,54.8418],[69.1742,54.8418],[69.1742,54.8418],[69.1742,54.8418],[69.1742,54.8418],[69.1742,54.8417],[69.1743,54.8417],[69.1743,54.8417],[69.1743,54.8417],[69.1743,54.8417],[69.1743,54.8417],[69.1743,54.8417],[69.1743,54.8417],[69.1743,54.8417],[69.1743,54.8417],[69.1743,54.8417],[69.1743,54.8417],[69.1743,54.8417],[69.1743,54.8417],[69.1743,54.8417],[69.1743,54.8417],[69.1743,54.8417],[69.1747,54.8412],[69.1747,54.8412],[69.1744,54.8411],[69.1723,54.8405]]]],"type":"MultiPolygon"},"geometry_name":"shape","id":"gp_functional_zones.fid--7752831e_19fad8546bb_453a","properties":{"area":6.36067222734167,"creation_doc_id":3586,"deactivation_doc_id":null,"func_zone_status_id":2,"ggk_zone_code":"11010000","ggk_zone_name":"Территория усадебной застройки","gp_func_zone_code":"11010000","gp_func_zone_code_id":19,"id":4656503,"zone_type_id":8},"type":"Feature"},{"bbox":[69.1957,54.8485,69.2014,54.8516],"geometry":{"coordinates":[[[[69.2002,54.8491],[69.2002,54.8491],[69.2002,54.8491],[69.2005,54.8491],[69.2014,54.8488],[69.2014,54.8488],[69.1963,54.8485],[69.1958,54.8511],[69.1958,54.8511],[69.1957,54.8513],[69.1963,54.8515],[69.199,54.8516],[69.1993,54.8498],[69.1993,54.8498],[69.1993,54.8497],[69.1993,54.8497],[69.1994,54.8497],[69.1994,54.8496],[69.1994,54.8496],[69.1994,54.8496],[69.1994,54.8496],[69.1995,54.8495],[69.1995,54.8495],[69.1995,54.8495],[69.1996,54.8494],[69.1996,54.8494],[69.1996,54.8494],[69.1996,54.8494],[69.1996,54.8494],[69.1997,54.8494],[69.1997,54.8494],[69.1997,54.8493],[69.1997,54.8493],[69.1998,54.8493],[69.1999,54.8493],[69.1999,54.8492],[69.2002,54.8492],[69.2002,54.8491],[69.2002,54.8491]]]],"type":"MultiPolygon"},"geometry_name":"shape","id":"gp_functional_zones.fid--7752831e_19fad8546bb_453b","properties":{"area":7.42823645467931,"creation_doc_id":3586,"deactivation_doc_id":null,"func_zone_status_id":2,"ggk_zone_code":"11010000","ggk_zone_name":"Территория усадебной застройки","gp_func_zone_code":"11010000","gp_func_zone_code_id":19,"id":4656504,"zone_type_id":8},"type":"Feature"},{"bbox":[69.1968,54.8423,69.2007,54.8456],"geometry":{"coordinates":[[[[69.1994,54.8424],[69.1972,54.8423],[69.1968,54.8454],[69.2003,54.8456],[69.2007,54.8425],[69.1994,54.8424]]]],"type":"MultiPolygon"},"geometry_name":"shape","id":"gp_functional_zones.fid--7752831e_19fad8546bb_453c","properties":{"area":7.96055583771885,"creation_doc_id":3586,"deactivation_doc_id":null,"func_zone_status_id":2,"ggk_zone_code":"11010000","ggk_zone_name":"Территория усадебной застройки","gp_func_zone_code":"11010000","gp_func_zone_code_id":19,"id":4656505,"zone_type_id":8},"type":"Feature"},{"bbox":[69.2007,54.8425,69.2071,54.8459],"geometry":{"coordinates":[[[[69.2029,54.8426],[69.2011,54.8425],[69.2007,54.8456],[69.2066,54.8459],[69.2066,54.8459],[69.2071,54.8429],[69.2057,54.8428],[69.2046,54.8428],[69.2046,54.8428],[69.2029,54.8426]]]],"type":"MultiPolygon"},"geometry_name":"shape","id":"gp_functional_zones.fid--7752831e_19fad8546bb_453d","properties":{"area":12.9633192031834,"creation_doc_id":3586,"deactivation_doc_id":null,"func_zone_status_id":2,"ggk_zone_code":"11010000","ggk_zone_name":"Территория усадебной застройки","gp_func_zone_code":"11010000","gp_func_zone_code_id":19,"id":4656506,"zone_type_id":8},"type":"Feature"},{"bbox":[69.1622,54.8381,69.1709,54.8422],"geometry":{"coordinates":[[[[69.1709,54.8401],[69.1647,54.8383],[69.1642,54.8381],[69.1642,54.8381],[69.1642,54.8381],[69.1634,54.8389],[69.1623,54.8386],[69.1623,54.8386],[69.1622,54.8389],[69.1679,54.841],[69.1694,54.8422],[69.1694,54.8422],[69.1709,54.8401],[69.1709,54.8401]]]],"type":"MultiPolygon"},"geometry_name":"shape","id":"gp_functional_zones.fid--7752831e_19fad8546bb_453e","properties":{"area":9.20077619326832,"creation_doc_id":3586,"deactivation_doc_id":null,"func_zone_status_id":2,"ggk_zone_code":"11010000","ggk_zone_name":"Территория усадебной застройки","gp_func_zone_code":"11010000","gp_func_zone_code_id":19,"id":4656507,"zone_type_id":8},"type":"Feature"},{"bbox":[69.1597,54.8427,69.1642,54.844],"geometry":{"coordinates":[[[[69.16,54.8427],[69.1597,54.8436],[69.1597,54.8436],[69.1637,54.844],[69.1641,54.844],[69.1642,54.8431],[69.1642,54.8431],[69.1642,54.8431],[69.1642,54.8431],[69.1642,54.8431],[69.1642,54.8431],[69.1642,54.8431],[69.1642,54.8431],[69.1642,54.8431],[69.1642,54.8431],[69.1642,54.8431],[69.1642,54.843],[69.1642,54.843],[69.1642,54.843],[69.1642,54.843],[69.1642,54.843],[69.1642,54.843],[69.1642,54.843],[69.1642,54.843],[69.1642,54.843],[69.1642,54.843],[69.1642,54.843],[69.1642,54.843],[69.1642,54.843],[69.1641,54.843],[69.1641,54.843],[69.1641,54.843],[69.1641,54.843],[69.1641,54.843],[69.1641,54.843],[69.1641,54.843],[69.1641,54.843],[69.1641,54.843],[69.1641,54.843],[69.1641,54.843],[69.1641,54.843],[69.1641,54.843],[69.1641,54.843],[69.1641,54.843],[69.1641,54.843],[69.1641,54.843],[69.1641,54.843],[69.1641,54.843],[69.164,54.843],[69.164,54.8429],[69.164,54.8429],[69.164,54.8429],[69.164,54.8429],[69.164,54.8429],[69.164,54.8429],[69.164,54.8429],[69.164,54.8429],[69.164,54.8429],[69.164,54.8429],[69.164,54.8429],[69.164,54.8429],[69.164,54.8429],[69.164,54.8429],[69.16,54.8427]]]],"type":"MultiPolygon"},"geometry_name":"shape","id":"gp_functional_zones.fid--7752831e_19fad8546bb_453f","properties":{"area":3.11118908106925,"creation_doc_id":3586,"deactivation_doc_id":null,"func_zone_status_id":2,"ggk_zone_code":"11010000","ggk_zone_name":"Территория усадебной застройки","gp_func_zone_code":"11010000","gp_func_zone_code_id":19,"id":4656508,"zone_type_id":8},"type":"Feature"},{"bbox":[69.1776,54.8477,69.1804,54.8501],"geometry":{"coordinates":[[[[69.1803,54.8478],[69.178,54.8477],[69.178,54.8479],[69.1776,54.85],[69.18,54.8501],[69.1804,54.8478],[69.1803,54.8478]]]],"type":"MultiPolygon"},"geometry_name":"shape","id":"gp_functional_zones.fid--7752831e_19fad8546bb_4540","properties":{"area":4.00992042646424,"creation_doc_id":3586,"deactivation_doc_id":null,"func_zone_status_id":2,"ggk_zone_code":"11010000","ggk_zone_name":"Территория усадебной застройки","gp_func_zone_code":"11010000","gp_func_zone_code_id":19,"id":4656509,"zone_type_id":8},"type":"Feature"},{"bbox":[69.1722,54.8476,69.1766,54.85],"geometry":{"coordinates":[[[[69.1766,54.8478],[69.1724,54.8476],[69.1724,54.8478],[69.1722,54.8489],[69.1722,54.8489],[69.1726,54.8489],[69.173,54.849],[69.1736,54.849],[69.1746,54.849],[69.1745,54.8499],[69.1763,54.85],[69.1766,54.8478]]]],"type":"MultiPolygon"},"geometry_name":"shape","id":"gp_functional_zones.fid--7752831e_19fad8546bb_4541","properties":{"area":5.017946478216,"creation_doc_id":3586,"deactivation_doc_id":null,"func_zone_status_id":2,"ggk_zone_code":"11010000","ggk_zone_name":"Территория усадебной застройки","gp_func_zone_code":"11010000","gp_func_zone_code_id":19,"id":4656510,"zone_type_id":8},"type":"Feature"},{"bbox":[69.1725,54.8447,69.177,54.8473],"geometry":{"coordinates":[[[[69.1727,54.8447],[69.17289846153847,54.84470923076923],[69.1729,54.8447],[69.1727,54.8447]]],[[[69.1725,54.8471],[69.1766,54.8473],[69.177,54.8449],[69.17289846153847,54.84470923076923],[69.1725,54.8471]]]],"type":"MultiPolygon"},"geometry_name":"shape","id":"gp_functional_zones.fid--7752831e_19fad8546bb_4542","properties":{"area":7.08856184657651,"creation_doc_id":3586,"deactivation_doc_id":null,"func_zone_status_id":2,"ggk_zone_code":"11010000","ggk_zone_name":"Территория усадебной застройки","gp_func_zone_code":"11010000","gp_func_zone_code_id":19,"id":4656511,"zone_type_id":8},"type":"Feature"},{"bbox":[69.1689,54.8499,69.1717,54.8519],"geometry":{"coordinates":[[[[69.1692,54.8499],[69.1689,54.8517],[69.1689,54.8517],[69.1714,54.8519],[69.1717,54.85],[69.1692,54.8499]]]],"type":"MultiPolygon"},"geometry_name":"shape","id":"gp_functional_zones.fid--7752831e_19fad8546bb_4543","properties":{"area":3.34516904665015,"creation_doc_id":3586,"deactivation_doc_id":null,"func_zone_status_id":2,"ggk_zone_code":"11010000","ggk_zone_name":"Территория усадебной застройки","gp_func_zone_code":"11010000","gp_func_zone_code_id":19,"id":4656512,"zone_type_id":8},"type":"Feature"},{"bbox":[69.1601,54.8397,69.1691,54.8443],"geometry":{"coordinates":[[[[69.1669,54.8417],[69.1612,54.8397],[69.1607,54.8408],[69.1601,54.8425],[69.1601,54.8425],[69.164,54.8427],[69.164,54.8427],[69.164,54.8427],[69.164,54.8427],[69.1641,54.8427],[69.1641,54.8427],[69.1641,54.8427],[69.1641,54.8427],[69.1641,54.8427],[69.1641,54.8427],[69.1641,54.8427],[69.1641,54.8427],[69.1642,54.8427],[69.1642,54.8427],[69.1642,54.8427],[69.1642,54.8427],[69.1642,54.8427],[69.1642,54.8427],[69.1642,54.8427],[69.1642,54.8427],[69.1642,54.8428],[69.1642,54.8428],[69.1643,54.8428],[69.1643,54.8428],[69.1643,54.8428],[69.1643,54.8428],[69.1643,54.8428],[69.1643,54.8428],[69.1643,54.8428],[69.1643,54.8428],[69.1643,54.8428],[69.1643,54.8428],[69.1643,54.8428],[69.1644,54.8428],[69.1644,54.8428],[69.1644,54.8428],[69.1644,54.8428],[69.1644,54.8428],[69.1644,54.8428],[69.1644,54.8428],[69.1644,54.8428],[69.1644,54.8428],[69.1644,54.8428],[69.1644,54.8428],[69.1644,54.8429],[69.1644,54.8429],[69.1645,54.8429],[69.1645,54.8429],[69.1645,54.8429],[69.1645,54.8429],[69.1645,54.8429],[69.1645,54.8429],[69.1645,54.8429],[69.1645,54.8429],[69.1645,54.8429],[69.1645,54.8429],[69.1645,54.8429],[69.1645,54.8429],[69.1645,54.8429],[69.1645,54.8429],[69.1645,54.8429],[69.1645,54.843],[69.1645,54.843],[69.1646,54.843],[69.1646,54.843],[69.1646,54.843],[69.1646,54.843],[69.1646,54.843],[69.1646,54.843],[69.1646,54.843],[69.1646,54.843],[69.1646,54.843],[69.1646,54.843],[69.1646,54.843],[69.1646,54.843],[69.1646,54.8431],[69.1646,54.8431],[69.1646,54.8431],[69.1646,54.8431],[69.1646,54.8431],[69.1646,54.8431],[69.1646,54.8431],[69.1646,54.8431],[69.1646,54.8431],[69.1646,54.8431],[69.1645,54.8441],[69.1646,54.8441],[69.1687,54.8443],[69.1689,54.8431],[69.1689,54.8431],[69.1691,54.8428],[69.1669,54.8417]]]],"type":"MultiPolygon"},"geometry_name":"shape","id":"gp_functional_zones.fid--7752831e_19fad8546bb_4545","properties":{"area":14.4221657850456,"creation_doc_id":3586,"deactivation_doc_id":null,"func_zone_status_id":2,"ggk_zone_code":"11010000","ggk_zone_name":"Территория усадебной застройки","gp_func_zone_code":"11010000","gp_func_zone_code_id":19,"id":4656514,"zone_type_id":8},"type":"Feature"},{"bbox":[69.1963,54.8457,69.2003,54.8483],"geometry":{"coordinates":[[[[69.1999,54.8483],[69.2003,54.8458],[69.1984,54.8457],[69.1982,54.8467],[69.1966,54.8467],[69.1963,54.8482],[69.1999,54.8483]]]],"type":"MultiPolygon"},"geometry_name":"shape","id":"gp_functional_zones.fid--7752831e_19fad8546bb_4546","properties":{"area":5.19369428461825,"creation_doc_id":3586,"deactivation_doc_id":null,"func_zone_status_id":2,"ggk_zone_code":"11010000","ggk_zone_name":"Территория усадебной застройки","gp_func_zone_code":"11010000","gp_func_zone_code_id":19,"id":4656515,"zone_type_id":8},"type":"Feature"},{"bbox":[69.1894,54.8454,69.1924,54.8477],"geometry":{"coordinates":[[[[69.1909,54.8467],[69.1922,54.8468],[69.1924,54.8455],[69.1896,54.8454],[69.1894,54.8476],[69.1908,54.8477],[69.1909,54.8467]]]],"type":"MultiPolygon"},"geometry_name":"shape","id":"gp_functional_zones.fid--7752831e_19fad8546bb_4547","properties":{"area":3.54255591851413,"creation_doc_id":3586,"deactivation_doc_id":null,"func_zone_status_id":2,"ggk_zone_code":"11010000","ggk_zone_name":"Территория усадебной застройки","gp_func_zone_code":"11010000","gp_func_zone_code_id":19,"id":4656516,"zone_type_id":8},"type":"Feature"},{"bbox":[69.1871,54.8453,69.1893,54.8476],"geometry":{"coordinates":[[[[69.1893,54.8454],[69.1874,54.8453],[69.1873,54.846],[69.1871,54.8475],[69.1871,54.8475],[69.1874,54.8475],[69.189,54.8476],[69.1893,54.8454]]]],"type":"MultiPolygon"},"geometry_name":"shape","id":"gp_functional_zones.fid--7752831e_19fad8546bb_4548","properties":{"area":2.97586319080564,"creation_doc_id":3586,"deactivation_doc_id":null,"func_zone_status_id":2,"ggk_zone_code":"11010000","ggk_zone_name":"Территория усадебной застройки","gp_func_zone_code":"11010000","gp_func_zone_code_id":19,"id":4656517,"zone_type_id":8},"type":"Feature"},{"bbox":[69.1563,54.8405,69.1602,54.8435],"geometry":{"coordinates":[[[[69.1573,54.8405],[69.1573,54.8405],[69.1567,54.8422],[69.1567,54.8422],[69.1567,54.8422],[69.1563,54.8432],[69.1593,54.8435],[69.1593,54.8435],[69.1602,54.841],[69.1574,54.8405],[69.1573,54.8405]]]],"type":"MultiPolygon"},"geometry_name":"shape","id":"gp_functional_zones.fid--7752831e_19fad8546bb_4549","properties":{"area":5.89823781427661,"creation_doc_id":3586,"deactivation_doc_id":null,"func_zone_status_id":2,"ggk_zone_code":"11010000","ggk_zone_name":"Территория усадебной застройки","gp_func_zone_code":"11010000","gp_func_zone_code_id":19,"id":4656518,"zone_type_id":8},"type":"Feature"},{"bbox":[69.1574,54.8387,69.1609,54.8408],"geometry":{"coordinates":[[[[69.1574,54.8387],[69.1574,54.8387],[69.158,54.8388],[69.1574,54.8403],[69.1574,54.8403],[69.1575,54.8403],[69.1575,54.8403],[69.1603,54.8408],[69.1609,54.8396],[69.1591,54.8389],[69.1574,54.8387]]]],"type":"MultiPolygon"},"geometry_name":"shape","id":"gp_functional_zones.fid--7752831e_19fad8546bb_454a","properties":{"area":3.20634585494972,"creation_doc_id":3586,"deactivation_doc_id":null,"func_zone_status_id":2,"ggk_zone_code":"11010000","ggk_zone_name":"Территория усадебной застройки","gp_func_zone_code":"11010000","gp_func_zone_code_id":19,"id":4656519,"zone_type_id":8},"type":"Feature"},{"bbox":[69.1992,54.8354,69.2013,54.837],"geometry":{"coordinates":[[[[69.2008,54.8355],[69.1996,54.8354],[69.1992,54.8369],[69.2007,54.837],[69.2013,54.8356],[69.2008,54.8355]]]],"type":"MultiPolygon"},"geometry_name":"shape","id":"gp_functional_zones.fid--7752831e_19fad8546bb_4692","properties":{"area":1.74601946383552,"creation_doc_id":3586,"deactivation_doc_id":null,"func_zone_status_id":3,"ggk_zone_code":"11010000","ggk_zone_name":"Территория усадебной застройки","gp_func_zone_code":"11010000","gp_func_zone_code_id":19,"id":4656850,"zone_type_id":8},"type":"Feature"},{"bbox":[69.1986,54.8372,69.2006,54.8388],"geometry":{"coordinates":[[[[69.2006,54.8374],[69.1991,54.8372],[69.1991,54.8372],[69.1991,54.8372],[69.1991,54.8372],[69.199,54.8375],[69.199,54.8375],[69.1986,54.8387],[69.2001,54.8388],[69.2006,54.8374]]]],"type":"MultiPolygon"},"geometry_name":"shape","id":"gp_functional_zones.fid--7752831e_19fad8546bb_4693","properties":{"area":1.64318795402702,"creation_doc_id":3586,"deactivation_doc_id":null,"func_zone_status_id":3,"ggk_zone_code":"11010000","ggk_zone_name":"Территория усадебной застройки","gp_func_zone_code":"11010000","gp_func_zone_code_id":19,"id":4656851,"zone_type_id":8},"type":"Feature"},{"bbox":[69.1945,54.8368,69.1965,54.8384],"geometry":{"coordinates":[[[[69.1963,54.8369],[69.195,54.8368],[69.1945,54.8382],[69.1945,54.8382],[69.196,54.8384],[69.1964,54.8372],[69.1964,54.8372],[69.1965,54.837],[69.1965,54.837],[69.1964,54.837],[69.1963,54.8369]]]],"type":"MultiPolygon"},"geometry_name":"shape","id":"gp_functional_zones.fid--7752831e_19fad8546bb_4694","properties":{"area":1.61011902078126,"creation_doc_id":3586,"deactivation_doc_id":null,"func_zone_status_id":3,"ggk_zone_code":"11010000","ggk_zone_name":"Территория усадебной застройки","gp_func_zone_code":"11010000","gp_func_zone_code_id":19,"id":4656852,"zone_type_id":8},"type":"Feature"},{"bbox":[69.1951,54.835,69.197,54.8366],"geometry":{"coordinates":[[[[69.1966,54.8366],[69.1967,54.8363],[69.1969,54.8355],[69.197,54.8351],[69.1955,54.835],[69.1951,54.8364],[69.1951,54.8364],[69.1951,54.8364],[69.1965,54.8366],[69.1966,54.8366]]]],"type":"MultiPolygon"},"geometry_name":"shape","id":"gp_functional_zones.fid--7752831e_19fad8546bb_4695","properties":{"area":1.64928136491247,"creation_doc_id":3586,"deactivation_doc_id":null,"func_zone_status_id":3,"ggk_zone_code":"11010000","ggk_zone_name":"Территория усадебной застройки","gp_func_zone_code":"11010000","gp_func_zone_code_id":19,"id":4656853,"zone_type_id":8},"type":"Feature"},{"bbox":[69.156,54.9718,69.1651,54.981],"geometry":{"coordinates":[[[[69.1599,54.9737],[69.1583,54.9718],[69.156,54.9723],[69.161,54.9796],[69.1619,54.981],[69.1651,54.9802],[69.1648,54.9797],[69.164,54.9788],[69.1614,54.9756],[69.1599,54.9737],[69.1599,54.9737]]]],"type":"MultiPolygon"},"geometry_name":"shape","id":"gp_functional_zones.fid--7752831e_19fad8546bb_4696","properties":{"area":19.8334933245291,"creation_doc_id":3586,"deactivation_doc_id":null,"func_zone_status_id":3,"ggk_zone_code":"11010000","ggk_zone_name":"Территория усадебной застройки","gp_func_zone_code":"11010000","gp_func_zone_code_id":19,"id":4656854,"zone_type_id":8},"type":"Feature"},{"bbox":[69.1532,54.9678,69.1581,54.972],"geometry":{"coordinates":[[[[69.1581,54.9715],[69.1551,54.9678],[69.1532,54.9683],[69.1558,54.972],[69.1581,54.9715]]]],"type":"MultiPolygon"},"geometry_name":"shape","id":"gp_functional_zones.fid--7752831e_19fad8546bb_4697","properties":{"area":6.40458065523831,"creation_doc_id":3586,"deactivation_doc_id":null,"func_zone_status_id":3,"ggk_zone_code":"11010000","ggk_zone_name":"Территория усадебной застройки","gp_func_zone_code":"11010000","gp_func_zone_code_id":19,"id":4656855,"zone_type_id":8},"type":"Feature"},{"bbox":[69.1494,54.9724,69.1614,54.9822],"geometry":{"coordinates":[[[[69.1503,54.9736],[69.1494,54.9738],[69.15,54.9739],[69.15,54.9739],[69.1501,54.9739],[69.1501,54.9739],[69.1501,54.9739],[69.1501,54.9739],[69.1501,54.9739],[69.1501,54.974],[69.1502,54.974],[69.1502,54.974],[69.1502,54.974],[69.1502,54.974],[69.1502,54.974],[69.1503,54.974],[69.1503,54.974],[69.1503,54.974],[69.1503,54.974],[69.1504,54.974],[69.1504,54.9741],[69.1504,54.9741],[69.1505,54.9741],[69.1505,54.9741],[69.1505,54.9741],[69.1505,54.9741],[69.1505,54.9741],[69.1506,54.9741],[69.1506,54.9741],[69.1506,54.9741],[69.1506,54.9741],[69.1506,54.9741],[69.1506,54.9741],[69.1506,54.9741],[69.1507,54.9742],[69.1507,54.9742],[69.1507,54.9742],[69.1507,54.9742],[69.1507,54.9742],[69.1507,54.9742],[69.1507,54.9742],[69.1508,54.9743],[69.1508,54.9743],[69.1509,54.9743],[69.1509,54.9743],[69.1509,54.9744],[69.1509,54.9744],[69.1509,54.9744],[69.1509,54.9744],[69.1509,54.9744],[69.1509,54.9744],[69.1509,54.9744],[69.1509,54.9744],[69.151,54.9745],[69.151,54.9745],[69.151,54.9745],[69.151,54.9745],[69.151,54.9745],[69.151,54.9745],[69.151,54.9745],[69.151,54.9745],[69.151,54.9745],[69.151,54.9745],[69.151,54.9745],[69.1563,54.9822],[69.1614,54.9811],[69.1555,54.9724],[69.1503,54.9736]]]],"type":"MultiPolygon"},"geometry_name":"shape","id":"gp_functional_zones.fid--7752831e_19fad8546bb_4698","properties":{"area":37.1020334206451,"creation_doc_id":3586,"deactivation_doc_id":null,"func_zone_status_id":3,"ggk_zone_code":"11010000","ggk_zone_name":"Территория усадебной застройки","gp_func_zone_code":"11010000","gp_func_zone_code_id":19,"id":4656856,"zone_type_id":8},"type":"Feature"},{"bbox":[69.1269,54.9744,69.1363,54.9783],"geometry":{"coordinates":[[[[69.1323,54.9783],[69.1363,54.9775],[69.1342,54.9744],[69.1276,54.9759],[69.1276,54.9759],[69.1269,54.9761],[69.1274,54.9768],[69.1279,54.9766],[69.1285,54.9774],[69.129,54.9773],[69.1296,54.9781],[69.1317,54.9776],[69.1323,54.9783],[69.1323,54.9783]]]],"type":"MultiPolygon"},"geometry_name":"shape","id":"gp_functional_zones.fid--7752831e_19fad8546bb_4699","properties":{"area":15.027745961682,"creation_doc_id":3586,"deactivation_doc_id":null,"func_zone_status_id":3,"ggk_zone_code":"11010000","ggk_zone_name":"Территория усадебной застройки","gp_func_zone_code":"11010000","gp_func_zone_code_id":19,"id":4656857,"zone_type_id":8},"type":"Feature"},{"bbox":[69.1266,54.9728,69.1339,54.9756],"geometry":{"coordinates":[[[[69.1334,54.9733],[69.133,54.9728],[69.1266,54.9743],[69.1274,54.9756],[69.1339,54.9741],[69.1334,54.9733],[69.1334,54.9733]]]],"type":"MultiPolygon"},"geometry_name":"shape","id":"gp_functional_zones.fid--7752831e_19fad8546bb_469a","properties":{"area":6.77935913169118,"creation_doc_id":3586,"deactivation_doc_id":null,"func_zone_status_id":3,"ggk_zone_code":"11010000","ggk_zone_name":"Территория усадебной застройки","gp_func_zone_code":"11010000","gp_func_zone_code_id":19,"id":4656858,"zone_type_id":8},"type":"Feature"},{"bbox":[69.0827,54.9032,69.088,54.9051],"geometry":{"coordinates":[[[[69.0855,54.9038],[69.0839,54.9032],[69.0827,54.9043],[69.0834,54.9044],[69.0834,54.9045],[69.0834,54.9045],[69.0834,54.9045],[69.0835,54.9045],[69.0835,54.9045],[69.0835,54.9045],[69.0858,54.9049],[69.0871,54.9051],[69.0871,54.9051],[69.0872,54.905],[69.0872,54.905],[69.0874,54.905],[69.0878,54.9047],[69.088,54.9045],[69.0878,54.9044],[69.0855,54.9038],[69.0855,54.9038]]]],"type":"MultiPolygon"},"geometry_name":"shape","id":"gp_functional_zones.fid--7752831e_19fad8546bb_469b","properties":{"area":3.41230806315216,"creation_doc_id":3586,"deactivation_doc_id":null,"func_zone_status_id":2,"ggk_zone_code":"11010000","ggk_zone_name":"Территория усадебной застройки","gp_func_zone_code":"11010000","gp_func_zone_code_id":19,"id":4656859,"zone_type_id":8},"type":"Feature"},{"bbox":[69.0838,54.9046,69.0892,54.9062],"geometry":{"coordinates":[[[[69.0892,54.9052],[69.0882,54.9046],[69.088,54.9048],[69.088,54.9048],[69.0876,54.9051],[69.0876,54.9051],[69.0873,54.9052],[69.0873,54.9052],[69.0872,54.9052],[69.0872,54.9052],[69.0871,54.9053],[69.0871,54.9053],[69.087,54.9053],[69.0858,54.9051],[69.0858,54.9051],[69.0838,54.9048],[69.0852,54.9062],[69.0892,54.9052]]]],"type":"MultiPolygon"},"geometry_name":"shape","id":"gp_functional_zones.fid--7752831e_19fad8546bb_469c","properties":{"area":2.51999717086647,"creation_doc_id":3586,"deactivation_doc_id":null,"func_zone_status_id":2,"ggk_zone_code":"11010000","ggk_zone_name":"Территория усадебной застройки","gp_func_zone_code":"11010000","gp_func_zone_code_id":19,"id":4656860,"zone_type_id":8},"type":"Feature"},{"bbox":[69.0689,54.887,69.0704,54.8889],"geometry":{"coordinates":[[[[69.0704,54.8871],[69.0692,54.887],[69.0692,54.887],[69.069,54.8875],[69.0689,54.8882],[69.0689,54.8889],[69.0702,54.8889],[69.0702,54.8889],[69.0703,54.8885],[69.0703,54.8885],[69.0703,54.8885],[69.0704,54.8871]]]],"type":"MultiPolygon"},"geometry_name":"shape","id":"gp_functional_zones.fid--7752831e_19fad8546bb_469d","properties":{"area":1.755804199779,"creation_doc_id":3586,"deactivation_doc_id":null,"func_zone_status_id":2,"ggk_zone_code":"11010000","ggk_zone_name":"Территория усадебной застройки","gp_func_zone_code":"11010000","gp_func_zone_code_id":19,"id":4656861,"zone_type_id":8},"type":"Feature"},{"bbox":[69.0692,54.8893,69.0702,54.8927],"geometry":{"coordinates":[[[[69.0702,54.8896],[69.0702,54.8893],[69.0697,54.8893],[69.0696,54.8894],[69.0695,54.8897],[69.0692,54.8927],[69.0692,54.8927],[69.0699,54.8927],[69.0699,54.8925],[69.0699,54.8925],[69.0702,54.8896]]]],"type":"MultiPolygon"},"geometry_name":"shape","id":"gp_functional_zones.fid--7752831e_19fad8546bb_469e","properties":{"area":1.64517464854838,"creation_doc_id":3586,"deactivation_doc_id":null,"func_zone_status_id":2,"ggk_zone_code":"11010000","ggk_zone_name":"Территория усадебной застройки","gp_func_zone_code":"11010000","gp_func_zone_code_id":19,"id":4656862,"zone_type_id":8},"type":"Feature"},{"bbox":[69.0793,54.9013,69.0938,54.9075],"geometry":{"coordinates":[[[[69.0938,54.9068],[69.0934,54.9066],[69.0931,54.9064],[69.093,54.9063],[69.0929,54.9063],[69.0929,54.9062],[69.0927,54.9062],[69.0927,54.9062],[69.0927,54.9061],[69.0926,54.9061],[69.0926,54.9061],[69.0923,54.9053],[69.0923,54.9053],[69.0921,54.9052],[69.0918,54.9051],[69.0912,54.9049],[69.0897,54.9041],[69.0875,54.9034],[69.0858,54.9029],[69.082,54.9021],[69.0798,54.9013],[69.0793,54.9016],[69.0793,54.9016],[69.0816,54.9025],[69.0824,54.9027],[69.0839,54.903],[69.0839,54.903],[69.0856,54.9036],[69.0879,54.9043],[69.0879,54.9043],[69.0879,54.9043],[69.0883,54.9044],[69.0883,54.9044],[69.0901,54.9054],[69.0901,54.9054],[69.0901,54.9054],[69.0903,54.9056],[69.0913,54.9061],[69.0913,54.9061],[69.0914,54.9062],[69.0922,54.9066],[69.0922,54.9066],[69.0922,54.9066],[69.0923,54.9067],[69.0927,54.9075],[69.0933,54.9074],[69.0938,54.9068],[69.0938,54.9068],[69.0938,54.9068]]]],"type":"MultiPolygon"},"geometry_name":"shape","id":"gp_functional_zones.fid--7752831e_19fad8546bb_469f","properties":{"area":7.75127532209233,"creation_doc_id":3586,"deactivation_doc_id":null,"func_zone_status_id":2,"ggk_zone_code":"11010000","ggk_zone_name":"Территория усадебной застройки","gp_func_zone_code":"11010000","gp_func_zone_code_id":19,"id":4656863,"zone_type_id":8},"type":"Feature"},{"bbox":[69.0899,54.9058,69.0926,54.9078],"geometry":{"coordinates":[[[[69.0926,54.9075],[69.0921,54.9067],[69.0919,54.9066],[69.091,54.9061],[69.0904,54.9058],[69.0899,54.906],[69.09,54.9063],[69.0911,54.9074],[69.0917,54.9078],[69.0926,54.9075]]]],"type":"MultiPolygon"},"geometry_name":"shape","id":"gp_functional_zones.fid--7752831e_19fad8546bb_46a0","properties":{"area":1.72412259506811,"creation_doc_id":3586,"deactivation_doc_id":null,"func_zone_status_id":2,"ggk_zone_code":"11010000","ggk_zone_name":"Территория усадебной застройки","gp_func_zone_code":"11010000","gp_func_zone_code_id":19,"id":4656864,"zone_type_id":8},"type":"Feature"},{"bbox":[69.0764,54.9016,69.0826,54.9041],"geometry":{"coordinates":[[[[69.0781,54.9026],[69.0781,54.9025],[69.0781,54.9025],[69.0818,54.9036],[69.0826,54.9029],[69.0823,54.9029],[69.0823,54.9029],[69.0814,54.9026],[69.0814,54.9026],[69.0814,54.9026],[69.0791,54.9017],[69.0791,54.9017],[69.0788,54.9016],[69.0785,54.9018],[69.0777,54.9024],[69.0771,54.9028],[69.077,54.9029],[69.0764,54.9033],[69.0813,54.9041],[69.0817,54.9038],[69.078,54.9027],[69.0781,54.9026]]]],"type":"MultiPolygon"},"geometry_name":"shape","id":"gp_functional_zones.fid--7752831e_19fad8546bb_46a1","properties":{"area":5.12251691212662,"creation_doc_id":3586,"deactivation_doc_id":null,"func_zone_status_id":2,"ggk_zone_code":"11010000","ggk_zone_name":"Территория усадебной застройки","gp_func_zone_code":"11010000","gp_func_zone_code_id":19,"id":4656865,"zone_type_id":8},"type":"Feature"},{"bbox":[69.0816,54.903,69.0836,54.9043],"geometry":{"coordinates":[[[[69.0831,54.903],[69.0829,54.903],[69.082,54.9038],[69.082,54.9038],[69.0816,54.9041],[69.0824,54.9043],[69.0835,54.9032],[69.0836,54.9032],[69.0831,54.903]]]],"type":"MultiPolygon"},"geometry_name":"shape","id":"gp_functional_zones.fid--7752831e_19fad8546bb_46a2","properties":{"area":0.7370112168576,"creation_doc_id":3586,"deactivation_doc_id":null,"func_zone_status_id":2,"ggk_zone_code":"11010000","ggk_zone_name":"Территория усадебной застройки","gp_func_zone_code":"11010000","gp_func_zone_code_id":19,"id":4656866,"zone_type_id":8},"type":"Feature"},{"bbox":[69.0765,54.9036,69.0822,54.9055],"geometry":{"coordinates":[[[[69.0822,54.9045],[69.0813,54.9044],[69.0765,54.9036],[69.0783,54.9045],[69.0786,54.9046],[69.0794,54.905],[69.0797,54.9052],[69.0803,54.9055],[69.0807,54.9053],[69.082,54.9047],[69.0822,54.9045]]]],"type":"MultiPolygon"},"geometry_name":"shape","id":"gp_functional_zones.fid--7752831e_19fad8546bb_46a3","properties":{"area":2.67311530747121,"creation_doc_id":3586,"deactivation_doc_id":null,"func_zone_status_id":2,"ggk_zone_code":"11010000","ggk_zone_name":"Территория усадебной застройки","gp_func_zone_code":"11010000","gp_func_zone_code_id":19,"id":4656867,"zone_type_id":8},"type":"Feature"},{"bbox":[69.1504,54.9635,69.1539,54.9655],"geometry":{"coordinates":[[[[69.1539,54.965],[69.1534,54.9635],[69.152,54.9638],[69.1504,54.9641],[69.1507,54.9646],[69.1514,54.9655],[69.1539,54.965]]]],"type":"MultiPolygon"},"geometry_name":"shape","id":"gp_functional_zones.fid--7752831e_19fad8546bb_46a4","properties":{"area":3.22200534189452,"creation_doc_id":3586,"deactivation_doc_id":null,"func_zone_status_id":2,"ggk_zone_code":"11010000","ggk_zone_name":"Территория усадебной застройки","gp_func_zone_code":"11010000","gp_func_zone_code_id":19,"id":4656868,"zone_type_id":8},"type":"Feature"},{"bbox":[69.1325,54.9615,69.1362,54.9632],"geometry":{"coordinates":[[[[69.1355,54.9615],[69.1355,54.9615],[69.1355,54.9615],[69.1325,54.9622],[69.1325,54.9622],[69.1332,54.9632],[69.1362,54.9625],[69.1355,54.9615],[69.1355,54.9615]]]],"type":"MultiPolygon"},"geometry_name":"shape","id":"gp_functional_zones.fid--7752831e_19fad8546bb_46a5","properties":{"area":2.56380533282214,"creation_doc_id":3586,"deactivation_doc_id":null,"func_zone_status_id":2,"ggk_zone_code":"11010000","ggk_zone_name":"Территория усадебной застройки","gp_func_zone_code":"11010000","gp_func_zone_code_id":19,"id":4656869,"zone_type_id":8},"type":"Feature"},{"bbox":[69.1353,54.9581,69.138,54.9604],"geometry":{"coordinates":[[[[69.1373,54.9592],[69.1366,54.9581],[69.1353,54.9582],[69.1361,54.9594],[69.1366,54.9602],[69.1368,54.9604],[69.138,54.9602],[69.1373,54.9592]]]],"type":"MultiPolygon"},"geometry_name":"shape","id":"gp_functional_zones.fid--7752831e_19fad8546bb_46a6","properties":{"area":2.08521563250611,"creation_doc_id":3586,"deactivation_doc_id":null,"func_zone_status_id":2,"ggk_zone_code":"11010000","ggk_zone_name":"Территория усадебной застройки","gp_func_zone_code":"11010000","gp_func_zone_code_id":19,"id":4656870,"zone_type_id":8},"type":"Feature"},{"bbox":[69.1434,54.9628,69.1458,54.9651],"geometry":{"coordinates":[[[[69.1444,54.9628],[69.1437,54.9628],[69.1434,54.9634],[69.1446,54.9651],[69.1458,54.9649],[69.1444,54.9628]]]],"type":"MultiPolygon"},"geometry_name":"shape","id":"gp_functional_zones.fid--7752831e_19fad8546bb_46a7","properties":{"area":1.96676833909526,"creation_doc_id":3586,"deactivation_doc_id":null,"func_zone_status_id":2,"ggk_zone_code":"11010000","ggk_zone_name":"Территория усадебной застройки","gp_func_zone_code":"11010000","gp_func_zone_code_id":19,"id":4656871,"zone_type_id":8},"type":"Feature"},{"bbox":[69.1286,54.9594,69.1313,54.9612],"geometry":{"coordinates":[[[[69.1313,54.9608],[69.1304,54.9594],[69.1286,54.9596],[69.1298,54.9612],[69.1313,54.9608]]]],"type":"MultiPolygon"},"geometry_name":"shape","id":"gp_functional_zones.fid--7752831e_19fad8546bb_46a8","properties":{"area":1.95501773566767,"creation_doc_id":3586,"deactivation_doc_id":null,"func_zone_status_id":2,"ggk_zone_code":"11010000","ggk_zone_name":"Территория усадебной застройки","gp_func_zone_code":"11010000","gp_func_zone_code_id":19,"id":4656872,"zone_type_id":8},"type":"Feature"},{"bbox":[69.1367,54.958,69.1393,54.9601],"geometry":{"coordinates":[[[[69.1386,54.9589],[69.138,54.958],[69.1367,54.9581],[69.1375,54.9591],[69.1375,54.9591],[69.1381,54.9601],[69.1393,54.9599],[69.1386,54.9589]]]],"type":"MultiPolygon"},"geometry_name":"shape","id":"gp_functional_zones.fid--7752831e_19fad8546bb_46a9","properties":{"area":1.90973284830326,"creation_doc_id":3586,"deactivation_doc_id":null,"func_zone_status_id":2,"ggk_zone_code":"11010000","ggk_zone_name":"Территория усадебной застройки","gp_func_zone_code":"11010000","gp_func_zone_code_id":19,"id":4656873,"zone_type_id":8},"type":"Feature"},{"bbox":[69.1503,54.9591,69.1525,54.9613],"geometry":{"coordinates":[[[[69.1525,54.9611],[69.1517,54.9591],[69.1505,54.9593],[69.1503,54.9594],[69.1516,54.9613],[69.1525,54.9611]]]],"type":"MultiPolygon"},"geometry_name":"shape","id":"gp_functional_zones.fid--7752831e_19fad8546bb_46aa","properties":{"area":1.83846196153702,"creation_doc_id":3586,"deactivation_doc_id":null,"func_zone_status_id":2,"ggk_zone_code":"11010000","ggk_zone_name":"Территория усадебной застройки","gp_func_zone_code":"11010000","gp_func_zone_code_id":19,"id":4656874,"zone_type_id":8},"type":"Feature"},{"bbox":[69.1446,54.9627,69.1471,54.9648],"geometry":{"coordinates":[[[[69.1471,54.9646],[69.1458,54.9627],[69.1452,54.9628],[69.1452,54.9628],[69.1452,54.9628],[69.1452,54.9628],[69.1451,54.9628],[69.1451,54.9628],[69.1451,54.9629],[69.145,54.9629],[69.145,54.9629],[69.145,54.9629],[69.1449,54.9629],[69.1449,54.9629],[69.1449,54.9629],[69.1449,54.9629],[69.1449,54.9629],[69.1448,54.9629],[69.1448,54.9629],[69.1446,54.9629],[69.1459,54.9648],[69.1471,54.9646]]]],"type":"MultiPolygon"},"geometry_name":"shape","id":"gp_functional_zones.fid--7752831e_19fad8546bb_46ab","properties":{"area":1.81975485041113,"creation_doc_id":3586,"deactivation_doc_id":null,"func_zone_status_id":2,"ggk_zone_code":"11010000","ggk_zone_name":"Территория усадебной застройки","gp_func_zone_code":"11010000","gp_func_zone_code_id":19,"id":4656875,"zone_type_id":8},"type":"Feature"},{"bbox":[69.1489,54.9594,69.1513,54.9616],"geometry":{"coordinates":[[[[69.1513,54.9613],[69.1501,54.9594],[69.1489,54.9597],[69.1502,54.9616],[69.1513,54.9613]]]],"type":"MultiPolygon"},"geometry_name":"shape","id":"gp_functional_zones.fid--7752831e_19fad8546bb_46ac","properties":{"area":1.80476074780608,"creation_doc_id":3586,"deactivation_doc_id":null,"func_zone_status_id":2,"ggk_zone_code":"11010000","ggk_zone_name":"Территория усадебной застройки","gp_func_zone_code":"11010000","gp_func_zone_code_id":19,"id":4656876,"zone_type_id":8},"type":"Feature"},{"bbox":[69.1503,54.9614,69.1527,54.9636],"geometry":{"coordinates":[[[[69.1527,54.9633],[69.1514,54.9614],[69.1503,54.9617],[69.1515,54.9636],[69.1527,54.9633]]]],"type":"MultiPolygon"},"geometry_name":"shape","id":"gp_functional_zones.fid--7752831e_19fad8546bb_46ad","properties":{"area":1.80439603778704,"creation_doc_id":3586,"deactivation_doc_id":null,"func_zone_status_id":2,"ggk_zone_code":"11010000","ggk_zone_name":"Территория усадебной застройки","gp_func_zone_code":"11010000","gp_func_zone_code_id":19,"id":4656877,"zone_type_id":8},"type":"Feature"},{"bbox":[69.1476,54.9597,69.15,54.9619],"geometry":{"coordinates":[[[[69.15,54.9616],[69.1487,54.9597],[69.1476,54.96],[69.1489,54.9619],[69.15,54.9616]]]],"type":"MultiPolygon"},"geometry_name":"shape","id":"gp_functional_zones.fid--7752831e_19fad8546bb_46ae","properties":{"area":1.80281452139137,"creation_doc_id":3586,"deactivation_doc_id":null,"func_zone_status_id":2,"ggk_zone_code":"11010000","ggk_zone_name":"Территория усадебной застройки","gp_func_zone_code":"11010000","gp_func_zone_code_id":19,"id":4656878,"zone_type_id":8},"type":"Feature"},{"bbox":[69.146,54.9624,69.1485,54.9645],"geometry":{"coordinates":[[[[69.1485,54.9643],[69.1472,54.9624],[69.146,54.9626],[69.1473,54.9645],[69.1485,54.9643]]]],"type":"MultiPolygon"},"geometry_name":"shape","id":"gp_functional_zones.fid--7752831e_19fad8546bb_46af","properties":{"area":1.80274169720005,"creation_doc_id":3586,"deactivation_doc_id":null,"func_zone_status_id":2,"ggk_zone_code":"11010000","ggk_zone_name":"Территория усадебной застройки","gp_func_zone_code":"11010000","gp_func_zone_code_id":19,"id":4656879,"zone_type_id":8},"type":"Feature"},{"bbox":[69.146,54.9601,69.1484,54.9622],"geometry":{"coordinates":[[[[69.1472,54.9602],[69.1471,54.9601],[69.146,54.9603],[69.1473,54.9622],[69.1484,54.962],[69.1479,54.9611],[69.1472,54.9602]]]],"type":"MultiPolygon"},"geometry_name":"shape","id":"gp_functional_zones.fid--7752831e_19fad8546bb_46b0","properties":{"area":1.79657299861615,"creation_doc_id":3586,"deactivation_doc_id":null,"func_zone_status_id":2,"ggk_zone_code":"11010000","ggk_zone_name":"Территория усадебной застройки","gp_func_zone_code":"11010000","gp_func_zone_code_id":19,"id":4656880,"zone_type_id":8},"type":"Feature"},{"bbox":[69.1447,54.9604,69.1471,54.9625],"geometry":{"coordinates":[[[[69.1471,54.9623],[69.1458,54.9604],[69.1458,54.9604],[69.1452,54.9605],[69.1452,54.9605],[69.1451,54.9606],[69.145,54.9606],[69.145,54.9606],[69.145,54.9606],[69.145,54.9606],[69.145,54.9606],[69.1449,54.9606],[69.1449,54.9606],[69.1449,54.9606],[69.1447,54.9607],[69.1447,54.9607],[69.1447,54.9607],[69.1447,54.9607],[69.146,54.9625],[69.1471,54.9623]]]],"type":"MultiPolygon"},"geometry_name":"shape","id":"gp_functional_zones.fid--7752831e_19fad8546bb_46b1","properties":{"area":1.78748394791719,"creation_doc_id":3586,"deactivation_doc_id":null,"func_zone_status_id":2,"ggk_zone_code":"11010000","ggk_zone_name":"Территория усадебной застройки","gp_func_zone_code":"11010000","gp_func_zone_code_id":19,"id":4656881,"zone_type_id":8},"type":"Feature"},{"bbox":[69.149,54.9618,69.1514,54.9639],"geometry":{"coordinates":[[[[69.1514,54.9636],[69.1501,54.9618],[69.149,54.962],[69.1502,54.9639],[69.1514,54.9636]]]],"type":"MultiPolygon"},"geometry_name":"shape","id":"gp_functional_zones.fid--7752831e_19fad8546bb_46b2","properties":{"area":1.77726739025303,"creation_doc_id":3586,"deactivation_doc_id":null,"func_zone_status_id":2,"ggk_zone_code":"11010000","ggk_zone_name":"Территория усадебной застройки","gp_func_zone_code":"11010000","gp_func_zone_code_id":19,"id":4656882,"zone_type_id":8},"type":"Feature"},{"bbox":[69.1474,54.9621,69.1498,54.9642],"geometry":{"coordinates":[[[[69.1496,54.9638],[69.1485,54.9621],[69.1474,54.9624],[69.1486,54.9642],[69.1498,54.964],[69.1498,54.964],[69.1496,54.9638]]]],"type":"MultiPolygon"},"geometry_name":"shape","id":"gp_functional_zones.fid--7752831e_19fad8546bb_46b3","properties":{"area":1.75702944088262,"creation_doc_id":3586,"deactivation_doc_id":null,"func_zone_status_id":2,"ggk_zone_code":"11010000","ggk_zone_name":"Территория усадебной застройки","gp_func_zone_code":"11010000","gp_func_zone_code_id":19,"id":4656883,"zone_type_id":8},"type":"Feature"},{"bbox":[69.1492,54.9573,69.1515,54.9588],"geometry":{"coordinates":[[[[69.1515,54.9585],[69.1511,54.9573],[69.1492,54.9578],[69.1499,54.9588],[69.1499,54.9588],[69.1515,54.9585]]]],"type":"MultiPolygon"},"geometry_name":"shape","id":"gp_functional_zones.fid--7752831e_19fad8546bb_46b4","properties":{"area":1.53309121263909,"creation_doc_id":3586,"deactivation_doc_id":null,"func_zone_status_id":2,"ggk_zone_code":"11010000","ggk_zone_name":"Территория усадебной застройки","gp_func_zone_code":"11010000","gp_func_zone_code_id":19,"id":4656884,"zone_type_id":8},"type":"Feature"},{"bbox":[69.1496,54.9673,69.1525,54.9686],"geometry":{"coordinates":[[[[69.1525,54.968],[69.152,54.9673],[69.1496,54.9678],[69.15,54.9684],[69.15,54.9684],[69.1501,54.9686],[69.1521,54.9681],[69.1525,54.968]]]],"type":"MultiPolygon"},"geometry_name":"shape","id":"gp_functional_zones.fid--7752831e_19fad8546bb_46b5","properties":{"area":1.50254566126113,"creation_doc_id":3586,"deactivation_doc_id":null,"func_zone_status_id":2,"ggk_zone_code":"11010000","ggk_zone_name":"Территория усадебной застройки","gp_func_zone_code":"11010000","gp_func_zone_code_id":19,"id":4656885,"zone_type_id":8},"type":"Feature"},{"bbox":[69.1299,54.9609,69.1322,54.9624],"geometry":{"coordinates":[[[[69.1322,54.9621],[69.1321,54.962],[69.1321,54.962],[69.1314,54.9609],[69.1311,54.961],[69.1299,54.9613],[69.1307,54.9624],[69.1322,54.9621]]]],"type":"MultiPolygon"},"geometry_name":"shape","id":"gp_functional_zones.fid--7752831e_19fad8546bb_46b6","properties":{"area":1.42536491694732,"creation_doc_id":3586,"deactivation_doc_id":null,"func_zone_status_id":2,"ggk_zone_code":"11010000","ggk_zone_name":"Территория усадебной застройки","gp_func_zone_code":"11010000","gp_func_zone_code_id":19,"id":4656886,"zone_type_id":8},"type":"Feature"},{"bbox":[69.1444,54.9648,69.1477,54.966],"geometry":{"coordinates":[[[[69.1477,54.9655],[69.1473,54.9648],[69.1444,54.9655],[69.1451,54.9658],[69.1451,54.9658],[69.1454,54.966],[69.1477,54.9655]]]],"type":"MultiPolygon"},"geometry_name":"shape","id":"gp_functional_zones.fid--7752831e_19fad8546bb_46b7","properties":{"area":1.42427538983436,"creation_doc_id":3586,"deactivation_doc_id":null,"func_zone_status_id":2,"ggk_zone_code":"11010000","ggk_zone_name":"Территория усадебной застройки","gp_func_zone_code":"11010000","gp_func_zone_code_id":19,"id":4656887,"zone_type_id":8},"type":"Feature"},{"bbox":[69.1369,54.9603,69.1391,54.962],"geometry":{"coordinates":[[[[69.1369,54.9605],[69.1379,54.962],[69.1391,54.9618],[69.1381,54.9603],[69.1369,54.9605]]]],"type":"MultiPolygon"},"geometry_name":"shape","id":"gp_functional_zones.fid--7752831e_19fad8546bb_46b8","properties":{"area":1.41108330769787,"creation_doc_id":3586,"deactivation_doc_id":null,"func_zone_status_id":2,"ggk_zone_code":"11010000","ggk_zone_name":"Территория усадебной застройки","gp_func_zone_code":"11010000","gp_func_zone_code_id":19,"id":4656888,"zone_type_id":8},"type":"Feature"},{"bbox":[69.1382,54.96,69.1404,54.9617],"geometry":{"coordinates":[[[[69.1404,54.9615],[69.1394,54.96],[69.1382,54.9603],[69.1392,54.9617],[69.1404,54.9615]]]],"type":"MultiPolygon"},"geometry_name":"shape","id":"gp_functional_zones.fid--7752831e_19fad8546bb_46b9","properties":{"area":1.41036901469129,"creation_doc_id":3586,"deactivation_doc_id":null,"func_zone_status_id":2,"ggk_zone_code":"11010000","ggk_zone_name":"Территория усадебной застройки","gp_func_zone_code":"11010000","gp_func_zone_code_id":19,"id":4656889,"zone_type_id":8},"type":"Feature"},{"bbox":[69.1395,54.9597,69.1417,54.9614],"geometry":{"coordinates":[[[[69.1417,54.9612],[69.1407,54.9597],[69.1395,54.96],[69.1405,54.9614],[69.1417,54.9612]]]],"type":"MultiPolygon"},"geometry_name":"shape","id":"gp_functional_zones.fid--7752831e_19fad8546bb_46ba","properties":{"area":1.40966473690983,"creation_doc_id":3586,"deactivation_doc_id":null,"func_zone_status_id":2,"ggk_zone_code":"11010000","ggk_zone_name":"Территория усадебной застройки","gp_func_zone_code":"11010000","gp_func_zone_code_id":19,"id":4656890,"zone_type_id":8},"type":"Feature"},{"bbox":[69.1437,54.9609,69.1457,54.9627],"geometry":{"coordinates":[[[[69.1457,54.9626],[69.1446,54.9609],[69.1446,54.9609],[69.1445,54.9609],[69.1445,54.961],[69.1445,54.961],[69.1443,54.9614],[69.1437,54.9627],[69.1448,54.9627],[69.1449,54.9627],[69.1449,54.9627],[69.145,54.9627],[69.145,54.9627],[69.1451,54.9627],[69.1451,54.9627],[69.1451,54.9627],[69.1457,54.9626]]]],"type":"MultiPolygon"},"geometry_name":"shape","id":"gp_functional_zones.fid--7752831e_19fad8546bb_46bb","properties":{"area":1.36448118873106,"creation_doc_id":3586,"deactivation_doc_id":null,"func_zone_status_id":2,"ggk_zone_code":"11010000","ggk_zone_name":"Территория усадебной застройки","gp_func_zone_code":"11010000","gp_func_zone_code_id":19,"id":4656891,"zone_type_id":8},"type":"Feature"},{"bbox":[69.1475,54.9642,69.1504,54.9654],"geometry":{"coordinates":[[[[69.1501,54.9644],[69.15,54.9642],[69.1475,54.9648],[69.1479,54.9654],[69.1504,54.9649],[69.1501,54.9644]]]],"type":"MultiPolygon"},"geometry_name":"shape","id":"gp_functional_zones.fid--7752831e_19fad8546bb_46bc","properties":{"area":1.35667931687448,"creation_doc_id":3586,"deactivation_doc_id":null,"func_zone_status_id":2,"ggk_zone_code":"11010000","ggk_zone_name":"Территория усадебной застройки","gp_func_zone_code":"11010000","gp_func_zone_code_id":19,"id":4656892,"zone_type_id":8},"type":"Feature"},{"bbox":[69.148,54.965,69.1509,54.9662],"geometry":{"coordinates":[[[[69.1509,54.9656],[69.1505,54.965],[69.148,54.9655],[69.1485,54.9662],[69.1509,54.9656]]]],"type":"MultiPolygon"},"geometry_name":"shape","id":"gp_functional_zones.fid--7752831e_19fad8546bb_46bd","properties":{"area":1.35572864530073,"creation_doc_id":3586,"deactivation_doc_id":null,"func_zone_status_id":2,"ggk_zone_code":"11010000","ggk_zone_name":"Территория усадебной застройки","gp_func_zone_code":"11010000","gp_func_zone_code_id":19,"id":4656893,"zone_type_id":8},"type":"Feature"},{"bbox":[69.1485,54.9657,69.1514,54.967],"geometry":{"coordinates":[[[[69.151,54.9657],[69.151,54.9657],[69.1485,54.9663],[69.149,54.967],[69.1514,54.9664],[69.151,54.9657]]]],"type":"MultiPolygon"},"geometry_name":"shape","id":"gp_functional_zones.fid--7752831e_19fad8546bb_46be","properties":{"area":1.35488080616401,"creation_doc_id":3586,"deactivation_doc_id":null,"func_zone_status_id":2,"ggk_zone_code":"11010000","ggk_zone_name":"Территория усадебной застройки","gp_func_zone_code":"11010000","gp_func_zone_code_id":19,"id":4656894,"zone_type_id":8},"type":"Feature"},{"bbox":[69.1491,54.9665,69.152,54.9677],"geometry":{"coordinates":[[[[69.1495,54.9677],[69.152,54.9672],[69.1515,54.9665],[69.1491,54.9671],[69.1492,54.9672],[69.1492,54.9672],[69.1495,54.9677]]]],"type":"MultiPolygon"},"geometry_name":"shape","id":"gp_functional_zones.fid--7752831e_19fad8546bb_46bf","properties":{"area":1.34426834584347,"creation_doc_id":3586,"deactivation_doc_id":null,"func_zone_status_id":2,"ggk_zone_code":"11010000","ggk_zone_name":"Территория усадебной застройки","gp_func_zone_code":"11010000","gp_func_zone_code_id":19,"id":4656895,"zone_type_id":8},"type":"Feature"},{"bbox":[69.1514,54.9651,69.1542,54.9663],"geometry":{"coordinates":[[[[69.1542,54.9658],[69.154,54.9651],[69.1514,54.9656],[69.1519,54.9663],[69.1542,54.9658]]]],"type":"MultiPolygon"},"geometry_name":"shape","id":"gp_functional_zones.fid--7752831e_19fad8546bb_46c0","properties":{"area":1.34059584423618,"creation_doc_id":3586,"deactivation_doc_id":null,"func_zone_status_id":2,"ggk_zone_code":"11010000","ggk_zone_name":"Территория усадебной застройки","gp_func_zone_code":"11010000","gp_func_zone_code_id":19,"id":4656896,"zone_type_id":8},"type":"Feature"},{"bbox":[69.1426,54.9635,69.1445,54.9654],"geometry":{"coordinates":[[[[69.1445,54.9652],[69.1434,54.9635],[69.1427,54.9649],[69.1426,54.9652],[69.1431,54.9654],[69.1431,54.9654],[69.1432,54.9654],[69.1432,54.9654],[69.1434,54.9654],[69.1434,54.9654],[69.1434,54.9654],[69.1434,54.9654],[69.1434,54.9654],[69.1445,54.9652]]]],"type":"MultiPolygon"},"geometry_name":"shape","id":"gp_functional_zones.fid--7752831e_19fad8546bb_46c1","properties":{"area":1.32220237028384,"creation_doc_id":3586,"deactivation_doc_id":null,"func_zone_status_id":2,"ggk_zone_code":"11010000","ggk_zone_name":"Территория усадебной застройки","gp_func_zone_code":"11010000","gp_func_zone_code_id":19,"id":4656897,"zone_type_id":8},"type":"Feature"},{"bbox":[69.1422,54.9591,69.1441,54.9608],"geometry":{"coordinates":[[[[69.1441,54.9602],[69.1434,54.9591],[69.1422,54.9594],[69.1432,54.9608],[69.1436,54.9607],[69.1436,54.9607],[69.1436,54.9607],[69.1437,54.9606],[69.1438,54.9605],[69.1438,54.9605],[69.1439,54.9604],[69.1439,54.9604],[69.1439,54.9604],[69.144,54.9603],[69.1441,54.9602],[69.1441,54.9602]]]],"type":"MultiPolygon"},"geometry_name":"shape","id":"gp_functional_zones.fid--7752831e_19fad8546bb_46c2","properties":{"area":1.28225646233342,"creation_doc_id":3586,"deactivation_doc_id":null,"func_zone_status_id":2,"ggk_zone_code":"11010000","ggk_zone_name":"Территория усадебной застройки","gp_func_zone_code":"11010000","gp_func_zone_code_id":19,"id":4656898,"zone_type_id":8},"type":"Feature"},{"bbox":[69.1368,54.9634,69.139,54.9647],"geometry":{"coordinates":[[[[69.139,54.9644],[69.1383,54.9634],[69.1368,54.9638],[69.1374,54.9647],[69.1375,54.9647],[69.1375,54.9647],[69.139,54.9644]]]],"type":"MultiPolygon"},"geometry_name":"shape","id":"gp_functional_zones.fid--7752831e_19fad8546bb_46c3","properties":{"area":1.27743370379928,"creation_doc_id":3586,"deactivation_doc_id":null,"func_zone_status_id":2,"ggk_zone_code":"11010000","ggk_zone_name":"Территория усадебной застройки","gp_func_zone_code":"11010000","gp_func_zone_code_id":19,"id":4656899,"zone_type_id":8},"type":"Feature"},{"bbox":[69.136,54.9623,69.1383,54.9636],"geometry":{"coordinates":[[[[69.1383,54.9633],[69.1376,54.9623],[69.1364,54.9626],[69.1364,54.9626],[69.1364,54.9626],[69.136,54.9627],[69.1367,54.9636],[69.1383,54.9633]]]],"type":"MultiPolygon"},"geometry_name":"shape","id":"gp_functional_zones.fid--7752831e_19fad8546bb_46c4","properties":{"area":1.27463678580383,"creation_doc_id":3586,"deactivation_doc_id":null,"func_zone_status_id":2,"ggk_zone_code":"11010000","ggk_zone_name":"Территория усадебной застройки","gp_func_zone_code":"11010000","gp_func_zone_code_id":19,"id":4656900,"zone_type_id":8},"type":"Feature"},{"bbox":[69.1306,54.9592,69.1327,54.9606],"geometry":{"coordinates":[[[[69.1327,54.9604],[69.132,54.9592],[69.1306,54.9594],[69.1314,54.9606],[69.1315,54.9606],[69.1327,54.9604],[69.1327,54.9604]]]],"type":"MultiPolygon"},"geometry_name":"shape","id":"gp_functional_zones.fid--7752831e_19fad8546bb_46c5","properties":{"area":1.24817578329711,"creation_doc_id":3586,"deactivation_doc_id":null,"func_zone_status_id":2,"ggk_zone_code":"11010000","ggk_zone_name":"Территория усадебной застройки","gp_func_zone_code":"11010000","gp_func_zone_code_id":19,"id":4656901,"zone_type_id":8},"type":"Feature"},{"bbox":[69.1473,54.9679,69.1499,54.9691],"geometry":{"coordinates":[[[[69.1499,54.9686],[69.1494,54.9679],[69.1473,54.9683],[69.1474,54.9684],[69.1474,54.9685],[69.1474,54.9685],[69.1474,54.9685],[69.1474,54.9685],[69.1475,54.9686],[69.1477,54.9688],[69.1478,54.9689],[69.1478,54.9689],[69.1478,54.9689],[69.1479,54.9691],[69.1499,54.9686]]]],"type":"MultiPolygon"},"geometry_name":"shape","id":"gp_functional_zones.fid--7752831e_19fad8546bb_46c6","properties":{"area":1.24159111393003,"creation_doc_id":3586,"deactivation_doc_id":null,"func_zone_status_id":2,"ggk_zone_code":"11010000","ggk_zone_name":"Территория усадебной застройки","gp_func_zone_code":"11010000","gp_func_zone_code_id":19,"id":4656902,"zone_type_id":8},"type":"Feature"},{"bbox":[69.1426,54.9574,69.1447,54.9589],"geometry":{"coordinates":[[[[69.1447,54.9587],[69.1438,54.9574],[69.1427,54.9575],[69.1427,54.9576],[69.1427,54.9576],[69.1427,54.9576],[69.1427,54.9576],[69.1426,54.9576],[69.1435,54.9589],[69.1447,54.9587]]]],"type":"MultiPolygon"},"geometry_name":"shape","id":"gp_functional_zones.fid--7752831e_19fad8546bb_46c7","properties":{"area":1.23603900878328,"creation_doc_id":3586,"deactivation_doc_id":null,"func_zone_status_id":2,"ggk_zone_code":"11010000","ggk_zone_name":"Территория усадебной застройки","gp_func_zone_code":"11010000","gp_func_zone_code_id":19,"id":4656903,"zone_type_id":8},"type":"Feature"},{"bbox":[69.152,54.9659,69.1545,54.9671],"geometry":{"coordinates":[[[[69.1545,54.9666],[69.1543,54.9659],[69.152,54.9664],[69.1524,54.9671],[69.1545,54.9666]]]],"type":"MultiPolygon"},"geometry_name":"shape","id":"gp_functional_zones.fid--7752831e_19fad8546bb_46c8","properties":{"area":1.21846338944665,"creation_doc_id":3586,"deactivation_doc_id":null,"func_zone_status_id":2,"ggk_zone_code":"11010000","ggk_zone_name":"Территория усадебной застройки","gp_func_zone_code":"11010000","gp_func_zone_code_id":19,"id":4656904,"zone_type_id":8},"type":"Feature"},{"bbox":[69.1525,54.9667,69.1549,54.9679],"geometry":{"coordinates":[[[[69.1533,54.9678],[69.1545,54.9676],[69.1544,54.9676],[69.1548,54.9675],[69.1549,54.9675],[69.1546,54.9667],[69.1525,54.9672],[69.153,54.9679],[69.153,54.9679],[69.153,54.9679],[69.1533,54.9678]]]],"type":"MultiPolygon"},"geometry_name":"shape","id":"gp_functional_zones.fid--7752831e_19fad8546bb_46c9","properties":{"area":1.21399923506343,"creation_doc_id":3586,"deactivation_doc_id":null,"func_zone_status_id":2,"ggk_zone_code":"11010000","ggk_zone_name":"Территория усадебной застройки","gp_func_zone_code":"11010000","gp_func_zone_code_id":19,"id":4656905,"zone_type_id":8},"type":"Feature"},{"bbox":[69.1466,54.9671,69.1493,54.9683],"geometry":{"coordinates":[[[[69.1493,54.9678],[69.1488,54.9671],[69.1466,54.9676],[69.1467,54.9677],[69.1467,54.9678],[69.1467,54.9678],[69.1469,54.968],[69.1469,54.968],[69.1469,54.968],[69.1469,54.968],[69.1469,54.968],[69.1472,54.9683],[69.1493,54.9678]]]],"type":"MultiPolygon"},"geometry_name":"shape","id":"gp_functional_zones.fid--7752831e_19fad8546bb_46ca","properties":{"area":1.18448625344159,"creation_doc_id":3586,"deactivation_doc_id":null,"func_zone_status_id":2,"ggk_zone_code":"11010000","ggk_zone_name":"Территория усадебной застройки","gp_func_zone_code":"11010000","gp_func_zone_code_id":19,"id":4656906,"zone_type_id":8},"type":"Feature"},{"bbox":[69.1455,54.9656,69.1482,54.9667],"geometry":{"coordinates":[[[[69.1482,54.9662],[69.1478,54.9656],[69.1455,54.9661],[69.1459,54.9663],[69.1459,54.9663],[69.1463,54.9667],[69.1482,54.9662]]]],"type":"MultiPolygon"},"geometry_name":"shape","id":"gp_functional_zones.fid--7752831e_19fad8546bb_46cb","properties":{"area":1.14558569370386,"creation_doc_id":3586,"deactivation_doc_id":null,"func_zone_status_id":2,"ggk_zone_code":"11010000","ggk_zone_name":"Территория усадебной застройки","gp_func_zone_code":"11010000","gp_func_zone_code_id":19,"id":4656907,"zone_type_id":8},"type":"Feature"},{"bbox":[69.1406,54.9613,69.1427,54.9626],"geometry":{"coordinates":[[[[69.1427,54.9626],[69.1427,54.9626],[69.1418,54.9613],[69.1406,54.9616],[69.1413,54.9626],[69.1414,54.9626],[69.1415,54.9626],[69.1418,54.9626],[69.1427,54.9626],[69.1427,54.9626]]]],"type":"MultiPolygon"},"geometry_name":"shape","id":"gp_functional_zones.fid--7752831e_19fad8546bb_46cc","properties":{"area":1.14301738899254,"creation_doc_id":3586,"deactivation_doc_id":null,"func_zone_status_id":2,"ggk_zone_code":"11010000","ggk_zone_name":"Территория усадебной застройки","gp_func_zone_code":"11010000","gp_func_zone_code_id":19,"id":4656908,"zone_type_id":8},"type":"Feature"},{"bbox":[69.1436,54.9655,69.147,54.9675],"geometry":{"coordinates":[[[[69.1449,54.9659],[69.1443,54.9655],[69.1436,54.9656],[69.1436,54.9656],[69.1438,54.9657],[69.1438,54.9657],[69.1438,54.9658],[69.1438,54.9658],[69.1445,54.9661],[69.1445,54.9662],[69.1446,54.9662],[69.1446,54.9662],[69.1446,54.9662],[69.1447,54.9662],[69.1452,54.9666],[69.1452,54.9666],[69.1454,54.9667],[69.1454,54.9667],[69.1457,54.9669],[69.1457,54.9669],[69.1457,54.9669],[69.1458,54.967],[69.1458,54.967],[69.1459,54.967],[69.1459,54.967],[69.1459,54.9671],[69.146,54.9672],[69.1464,54.9675],[69.1464,54.9675],[69.1464,54.9675],[69.1464,54.9675],[69.147,54.9674],[69.1465,54.9669],[69.1457,54.9664],[69.1449,54.9659]]]],"type":"MultiPolygon"},"geometry_name":"shape","id":"gp_functional_zones.fid--7752831e_19fad8546bb_46cd","properties":{"area":1.10434120081842,"creation_doc_id":3586,"deactivation_doc_id":null,"func_zone_status_id":2,"ggk_zone_code":"11010000","ggk_zone_name":"Территория усадебной застройки","gp_func_zone_code":"11010000","gp_func_zone_code_id":19,"id":4656909,"zone_type_id":8},"type":"Feature"},{"bbox":[69.144,54.9573,69.146,54.9586],"geometry":{"coordinates":[[[[69.1457,54.958],[69.1452,54.9573],[69.1447,54.9574],[69.1447,54.9574],[69.144,54.9574],[69.1448,54.9586],[69.146,54.9584],[69.1457,54.958]]]],"type":"MultiPolygon"},"geometry_name":"shape","id":"gp_functional_zones.fid--7752831e_19fad8546bb_46ce","properties":{"area":1.09195987613064,"creation_doc_id":3586,"deactivation_doc_id":null,"func_zone_status_id":2,"ggk_zone_code":"11010000","ggk_zone_name":"Территория усадебной застройки","gp_func_zone_code":"11010000","gp_func_zone_code_id":19,"id":4656910,"zone_type_id":8},"type":"Feature"},{"bbox":[69.1324,54.9644,69.1345,54.9657],"geometry":{"coordinates":[[[[69.1345,54.9654],[69.1338,54.9644],[69.1326,54.9647],[69.1324,54.9647],[69.1332,54.9657],[69.1332,54.9657],[69.1345,54.9654]]]],"type":"MultiPolygon"},"geometry_name":"shape","id":"gp_functional_zones.fid--7752831e_19fad8546bb_46cf","properties":{"area":1.08969992430322,"creation_doc_id":3586,"deactivation_doc_id":null,"func_zone_status_id":2,"ggk_zone_code":"11010000","ggk_zone_name":"Территория усадебной застройки","gp_func_zone_code":"11010000","gp_func_zone_code_id":19,"id":4656911,"zone_type_id":8},"type":"Feature"},{"bbox":[69.1316,54.9634,69.1337,54.9646],"geometry":{"coordinates":[[[[69.1337,54.9643],[69.1331,54.9634],[69.1316,54.9637],[69.1323,54.9646],[69.1337,54.9643]]]],"type":"MultiPolygon"},"geometry_name":"shape","id":"gp_functional_zones.fid--7752831e_19fad8546bb_46d0","properties":{"area":1.07993370522881,"creation_doc_id":3586,"deactivation_doc_id":null,"func_zone_status_id":2,"ggk_zone_code":"11010000","ggk_zone_name":"Территория усадебной застройки","gp_func_zone_code":"11010000","gp_func_zone_code_id":19,"id":4656912,"zone_type_id":8},"type":"Feature"},{"bbox":[69.1436,54.9588,69.1455,54.9601],"geometry":{"coordinates":[[[[69.1455,54.9598],[69.1448,54.9588],[69.1436,54.959],[69.1443,54.9601],[69.1445,54.9601],[69.1446,54.9601],[69.1446,54.96],[69.1447,54.96],[69.1449,54.96],[69.1455,54.9598],[69.1455,54.9598]]]],"type":"MultiPolygon"},"geometry_name":"shape","id":"gp_functional_zones.fid--7752831e_19fad8546bb_46d1","properties":{"area":1.01061992537994,"creation_doc_id":3586,"deactivation_doc_id":null,"func_zone_status_id":2,"ggk_zone_code":"11010000","ggk_zone_name":"Территория усадебной застройки","gp_func_zone_code":"11010000","gp_func_zone_code_id":19,"id":4656913,"zone_type_id":8},"type":"Feature"},{"bbox":[69.1449,54.9585,69.1468,54.9598],"geometry":{"coordinates":[[[[69.1468,54.9595],[69.1461,54.9585],[69.1454,54.9586],[69.1449,54.9588],[69.1456,54.9598],[69.1456,54.9598],[69.1468,54.9595],[69.1468,54.9595]]]],"type":"MultiPolygon"},"geometry_name":"shape","id":"gp_functional_zones.fid--7752831e_19fad8546bb_46d2","properties":{"area":1.00098330770997,"creation_doc_id":3586,"deactivation_doc_id":null,"func_zone_status_id":2,"ggk_zone_code":"11010000","ggk_zone_name":"Территория усадебной застройки","gp_func_zone_code":"11010000","gp_func_zone_code_id":19,"id":4656914,"zone_type_id":8},"type":"Feature"},{"bbox":[69.1478,54.9578,69.1497,54.9591],"geometry":{"coordinates":[[[[69.1497,54.9589],[69.149,54.9578],[69.1478,54.9581],[69.1485,54.9591],[69.1485,54.9591],[69.1497,54.9589],[69.1497,54.9589]]]],"type":"MultiPolygon"},"geometry_name":"shape","id":"gp_functional_zones.fid--7752831e_19fad8546bb_46d3","properties":{"area":1.00265049430365,"creation_doc_id":3586,"deactivation_doc_id":null,"func_zone_status_id":2,"ggk_zone_code":"11010000","ggk_zone_name":"Территория усадебной застройки","gp_func_zone_code":"11010000","gp_func_zone_code_id":19,"id":4656915,"zone_type_id":8},"type":"Feature"},{"bbox":[69.1393,54.9616,69.1412,54.9629],"geometry":{"coordinates":[[[[69.1412,54.9626],[69.1405,54.9616],[69.1393,54.9618],[69.14,54.9629],[69.1412,54.9626]]]],"type":"MultiPolygon"},"geometry_name":"shape","id":"gp_functional_zones.fid--7752831e_19fad8546bb_46d4","properties":{"area":1.00265513721681,"creation_doc_id":3586,"deactivation_doc_id":null,"func_zone_status_id":2,"ggk_zone_code":"11010000","ggk_zone_name":"Территория усадебной застройки","gp_func_zone_code":"11010000","gp_func_zone_code_id":19,"id":4656916,"zone_type_id":8},"type":"Feature"},{"bbox":[69.138,54.9619,69.1399,54.9632],"geometry":{"coordinates":[[[[69.1399,54.9629],[69.1391,54.9619],[69.138,54.9621],[69.1387,54.9632],[69.1399,54.9629]]]],"type":"MultiPolygon"},"geometry_name":"shape","id":"gp_functional_zones.fid--7752831e_19fad8546bb_46d5","properties":{"area":1.00265495648008,"creation_doc_id":3586,"deactivation_doc_id":null,"func_zone_status_id":2,"ggk_zone_code":"11010000","ggk_zone_name":"Территория усадебной застройки","gp_func_zone_code":"11010000","gp_func_zone_code_id":19,"id":4656917,"zone_type_id":8},"type":"Feature"},{"bbox":[69.1465,54.9581,69.1484,54.9594],"geometry":{"coordinates":[[[[69.1484,54.9592],[69.1477,54.9581],[69.1465,54.9584],[69.1465,54.9584],[69.1472,54.9594],[69.1484,54.9592],[69.1484,54.9592]]]],"type":"MultiPolygon"},"geometry_name":"shape","id":"gp_functional_zones.fid--7752831e_19fad8546bb_46d6","properties":{"area":1.00188199376042,"creation_doc_id":3586,"deactivation_doc_id":null,"func_zone_status_id":2,"ggk_zone_code":"11010000","ggk_zone_name":"Территория усадебной застройки","gp_func_zone_code":"11010000","gp_func_zone_code_id":19,"id":4656918,"zone_type_id":8},"type":"Feature"},{"bbox":[69.1338,54.9582,69.1356,54.9596],"geometry":{"coordinates":[[[[69.1348,54.9582],[69.1348,54.9582],[69.1338,54.9583],[69.1347,54.9596],[69.1356,54.9594],[69.1349,54.9583],[69.1348,54.9582]]]],"type":"MultiPolygon"},"geometry_name":"shape","id":"gp_functional_zones.fid--7752831e_19fad8546bb_46d7","properties":{"area":0.976666327775608,"creation_doc_id":3586,"deactivation_doc_id":null,"func_zone_status_id":2,"ggk_zone_code":"11010000","ggk_zone_name":"Территория усадебной застройки","gp_func_zone_code":"11010000","gp_func_zone_code_id":19,"id":4656919,"zone_type_id":8},"type":"Feature"},{"bbox":[69.134,54.9641,69.1358,54.9654],"geometry":{"coordinates":[[[[69.1358,54.9651],[69.1352,54.9641],[69.134,54.9644],[69.1347,54.9654],[69.1351,54.9653],[69.1358,54.9651]]]],"type":"MultiPolygon"},"geometry_name":"shape","id":"gp_functional_zones.fid--7752831e_19fad8546bb_46d8","properties":{"area":0.947175686136137,"creation_doc_id":3586,"deactivation_doc_id":null,"func_zone_status_id":2,"ggk_zone_code":"11010000","ggk_zone_name":"Территория усадебной застройки","gp_func_zone_code":"11010000","gp_func_zone_code_id":19,"id":4656920,"zone_type_id":8},"type":"Feature"},{"bbox":[69.1354,54.9638,69.1372,54.9651],"geometry":{"coordinates":[[[[69.1372,54.9648],[69.1365,54.9638],[69.1354,54.9641],[69.1361,54.9651],[69.1361,54.965],[69.1362,54.965],[69.1372,54.9648]]]],"type":"MultiPolygon"},"geometry_name":"shape","id":"gp_functional_zones.fid--7752831e_19fad8546bb_46d9","properties":{"area":0.944430291757484,"creation_doc_id":3586,"deactivation_doc_id":null,"func_zone_status_id":2,"ggk_zone_code":"11010000","ggk_zone_name":"Территория усадебной застройки","gp_func_zone_code":"11010000","gp_func_zone_code_id":19,"id":4656921,"zone_type_id":8},"type":"Feature"},{"bbox":[69.1516,54.9612,69.1533,54.9633],"geometry":{"coordinates":[[[[69.1531,54.9626],[69.1525,54.9612],[69.1516,54.9614],[69.1529,54.9633],[69.1532,54.9632],[69.1532,54.9632],[69.1533,54.9632],[69.1531,54.9626]]]],"type":"MultiPolygon"},"geometry_name":"shape","id":"gp_functional_zones.fid--7752831e_19fad8546bb_46da","properties":{"area":0.941274656873571,"creation_doc_id":3586,"deactivation_doc_id":null,"func_zone_status_id":2,"ggk_zone_code":"11010000","ggk_zone_name":"Территория усадебной застройки","gp_func_zone_code":"11010000","gp_func_zone_code_id":19,"id":4656922,"zone_type_id":8},"type":"Feature"},{"bbox":[69.1465,54.9663,69.1488,54.9673],"geometry":{"coordinates":[[[[69.1488,54.967],[69.1483,54.9663],[69.1465,54.9667],[69.1466,54.9668],[69.1466,54.9668],[69.1472,54.9673],[69.1488,54.967]]]],"type":"MultiPolygon"},"geometry_name":"shape","id":"gp_functional_zones.fid--7752831e_19fad8546bb_46db","properties":{"area":0.937909833345699,"creation_doc_id":3586,"deactivation_doc_id":null,"func_zone_status_id":2,"ggk_zone_code":"11010000","ggk_zone_name":"Территория усадебной застройки","gp_func_zone_code":"11010000","gp_func_zone_code_id":19,"id":4656923,"zone_type_id":8},"type":"Feature"},{"bbox":[69.1457,54.9571,69.1476,54.9583],"geometry":{"coordinates":[[[[69.1476,54.958],[69.147,54.9571],[69.1457,54.9572],[69.1464,54.9583],[69.1464,54.9583],[69.1476,54.958]]]],"type":"MultiPolygon"},"geometry_name":"shape","id":"gp_functional_zones.fid--7752831e_19fad8546bb_46dc","properties":{"area":0.924597422433655,"creation_doc_id":3586,"deactivation_doc_id":null,"func_zone_status_id":2,"ggk_zone_code":"11010000","ggk_zone_name":"Территория усадебной застройки","gp_func_zone_code":"11010000","gp_func_zone_code_id":19,"id":4656924,"zone_type_id":8},"type":"Feature"},{"bbox":[69.1347,54.9627,69.1365,54.9639],"geometry":{"coordinates":[[[[69.1365,54.9637],[69.1358,54.9627],[69.1347,54.963],[69.1353,54.9639],[69.1365,54.9637]]]],"type":"MultiPolygon"},"geometry_name":"shape","id":"gp_functional_zones.fid--7752831e_19fad8546bb_46dd","properties":{"area":0.9084215422696,"creation_doc_id":3586,"deactivation_doc_id":null,"func_zone_status_id":2,"ggk_zone_code":"11010000","ggk_zone_name":"Территория усадебной застройки","gp_func_zone_code":"11010000","gp_func_zone_code_id":19,"id":4656925,"zone_type_id":8},"type":"Feature"},{"bbox":[69.1333,54.9631,69.1351,54.9643],"geometry":{"coordinates":[[[[69.1351,54.964],[69.1344,54.9631],[69.1333,54.9633],[69.1339,54.9643],[69.1351,54.964]]]],"type":"MultiPolygon"},"geometry_name":"shape","id":"gp_functional_zones.fid--7752831e_19fad8546bb_46de","properties":{"area":0.907024212870453,"creation_doc_id":3586,"deactivation_doc_id":null,"func_zone_status_id":2,"ggk_zone_code":"11010000","ggk_zone_name":"Территория усадебной застройки","gp_func_zone_code":"11010000","gp_func_zone_code_id":19,"id":4656926,"zone_type_id":8},"type":"Feature"},{"bbox":[69.1281,54.9586,69.1303,54.9595],"geometry":{"coordinates":[[[[69.1301,54.9586],[69.1301,54.9586],[69.1281,54.9589],[69.1285,54.9595],[69.1303,54.9593],[69.1303,54.9593],[69.1301,54.9586]]]],"type":"MultiPolygon"},"geometry_name":"shape","id":"gp_functional_zones.fid--7752831e_19fad8546bb_46df","properties":{"area":0.88076338919755,"creation_doc_id":3586,"deactivation_doc_id":null,"func_zone_status_id":2,"ggk_zone_code":"11010000","ggk_zone_name":"Территория усадебной застройки","gp_func_zone_code":"11010000","gp_func_zone_code_id":19,"id":4656927,"zone_type_id":8},"type":"Feature"},{"bbox":[69.1347,54.9594,69.1364,54.9607],"geometry":{"coordinates":[[[[69.1356,54.9594],[69.1356,54.9594],[69.1347,54.9596],[69.1355,54.9607],[69.1364,54.9605],[69.1356,54.9594]]]],"type":"MultiPolygon"},"geometry_name":"shape","id":"gp_functional_zones.fid--7752831e_19fad8546bb_46e0","properties":{"area":0.816969102810217,"creation_doc_id":3586,"deactivation_doc_id":null,"func_zone_status_id":2,"ggk_zone_code":"11010000","ggk_zone_name":"Территория усадебной застройки","gp_func_zone_code":"11010000","gp_func_zone_code_id":19,"id":4656928,"zone_type_id":8},"type":"Feature"},{"bbox":[69.1413,54.96,69.1431,54.9611],"geometry":{"coordinates":[[[[69.1431,54.9609],[69.1425,54.96],[69.1413,54.9603],[69.1419,54.9611],[69.1431,54.9609]]]],"type":"MultiPolygon"},"geometry_name":"shape","id":"gp_functional_zones.fid--7752831e_19fad8546bb_46e1","properties":{"area":0.802119388099658,"creation_doc_id":3586,"deactivation_doc_id":null,"func_zone_status_id":2,"ggk_zone_code":"11010000","ggk_zone_name":"Территория усадебной застройки","gp_func_zone_code":"11010000","gp_func_zone_code_id":19,"id":4656929,"zone_type_id":8},"type":"Feature"},{"bbox":[69.1319,54.9583,69.134,54.9591],"geometry":{"coordinates":[[[[69.1321,54.9591],[69.1332,54.959],[69.1332,54.959],[69.134,54.9589],[69.1336,54.9583],[69.1327,54.9584],[69.1319,54.9584],[69.1319,54.9584],[69.1321,54.9591]]]],"type":"MultiPolygon"},"geometry_name":"shape","id":"gp_functional_zones.fid--7752831e_19fad8546bb_46e2","properties":{"area":0.800762998796888,"creation_doc_id":3586,"deactivation_doc_id":null,"func_zone_status_id":2,"ggk_zone_code":"11010000","ggk_zone_name":"Территория усадебной застройки","gp_func_zone_code":"11010000","gp_func_zone_code_id":19,"id":4656930,"zone_type_id":8},"type":"Feature"},{"bbox":[69.1471,54.957,69.1489,54.958],"geometry":{"coordinates":[[[[69.1489,54.9577],[69.1484,54.957],[69.1471,54.9571],[69.1477,54.958],[69.1489,54.9577]]]],"type":"MultiPolygon"},"geometry_name":"shape","id":"gp_functional_zones.fid--7752831e_19fad8546bb_46e3","properties":{"area":0.7836679636167,"creation_doc_id":3586,"deactivation_doc_id":null,"func_zone_status_id":2,"ggk_zone_code":"11010000","ggk_zone_name":"Территория усадебной застройки","gp_func_zone_code":"11010000","gp_func_zone_code_id":19,"id":4656931,"zone_type_id":8},"type":"Feature"},{"bbox":[69.142,54.9609,69.1435,54.9624],"geometry":{"coordinates":[[[[69.1435,54.9609],[69.1435,54.9609],[69.1435,54.9609],[69.142,54.9612],[69.1428,54.9624],[69.1428,54.9623],[69.1431,54.9618],[69.1433,54.9614],[69.1434,54.9612],[69.1435,54.961],[69.1435,54.9609],[69.1435,54.9609]]]],"type":"MultiPolygon"},"geometry_name":"shape","id":"gp_functional_zones.fid--7752831e_19fad8546bb_46e4","properties":{"area":0.737064516677832,"creation_doc_id":3586,"deactivation_doc_id":null,"func_zone_status_id":2,"ggk_zone_code":"11010000","ggk_zone_name":"Территория усадебной застройки","gp_func_zone_code":"11010000","gp_func_zone_code_id":19,"id":4656932,"zone_type_id":8},"type":"Feature"},{"bbox":[69.1303,54.9585,69.1319,54.9592],"geometry":{"coordinates":[[[[69.1319,54.9591],[69.1317,54.9585],[69.1317,54.9585],[69.1303,54.9586],[69.1303,54.9586],[69.1305,54.9592],[69.1305,54.9592],[69.1319,54.9591]]]],"type":"MultiPolygon"},"geometry_name":"shape","id":"gp_functional_zones.fid--7752831e_19fad8546bb_46e5","properties":{"area":0.639913710740398,"creation_doc_id":3586,"deactivation_doc_id":null,"func_zone_status_id":2,"ggk_zone_code":"11010000","ggk_zone_name":"Территория усадебной застройки","gp_func_zone_code":"11010000","gp_func_zone_code_id":19,"id":4656933,"zone_type_id":8},"type":"Feature"},{"bbox":[69.1494,54.9567,69.1511,54.9575],"geometry":{"coordinates":[[[[69.1511,54.9572],[69.1509,54.9567],[69.1494,54.9569],[69.1498,54.9575],[69.1511,54.9572]]]],"type":"MultiPolygon"},"geometry_name":"shape","id":"gp_functional_zones.fid--7752831e_19fad8546bb_46e6","properties":{"area":0.602139170968869,"creation_doc_id":3586,"deactivation_doc_id":null,"func_zone_status_id":2,"ggk_zone_code":"11010000","ggk_zone_name":"Территория усадебной застройки","gp_func_zone_code":"11010000","gp_func_zone_code_id":19,"id":4656934,"zone_type_id":8},"type":"Feature"},{"bbox":[69.1317,54.9622,69.133,54.9634],"geometry":{"coordinates":[[[[69.133,54.9632],[69.1323,54.9622],[69.1317,54.9623],[69.132,54.9629],[69.1324,54.9634],[69.1324,54.9634],[69.133,54.9632]]]],"type":"MultiPolygon"},"geometry_name":"shape","id":"gp_functional_zones.fid--7752831e_19fad8546bb_46e7","properties":{"area":0.497621244140345,"creation_doc_id":3586,"deactivation_doc_id":null,"func_zone_status_id":2,"ggk_zone_code":"11010000","ggk_zone_name":"Территория усадебной застройки","gp_func_zone_code":"11010000","gp_func_zone_code_id":19,"id":4656935,"zone_type_id":8},"type":"Feature"},{"bbox":[69.1353,54.9606,69.1367,54.9613],"geometry":{"coordinates":[[[[69.1367,54.9609],[69.1366,54.9608],[69.1365,54.9608],[69.1365,54.9606],[69.1354,54.9609],[69.1354,54.9609],[69.1353,54.9609],[69.1356,54.9613],[69.1357,54.9613],[69.1357,54.9613],[69.1367,54.961],[69.1367,54.9609]]]],"type":"MultiPolygon"},"geometry_name":"shape","id":"gp_functional_zones.fid--7752831e_19fad8546bb_46e8","properties":{"area":0.366192959617233,"creation_doc_id":3586,"deactivation_doc_id":null,"func_zone_status_id":2,"ggk_zone_code":"11010000","ggk_zone_name":"Территория усадебной застройки","gp_func_zone_code":"11010000","gp_func_zone_code_id":19,"id":4656936,"zone_type_id":8},"type":"Feature"},{"bbox":[69.1486,54.9569,69.1497,54.9577],"geometry":{"coordinates":[[[[69.1497,54.9575],[69.1492,54.9569],[69.1486,54.9569],[69.1491,54.9577],[69.1497,54.9575]]]],"type":"MultiPolygon"},"geometry_name":"shape","id":"gp_functional_zones.fid--7752831e_19fad8546bb_46e9","properties":{"area":0.331126969874398,"creation_doc_id":3586,"deactivation_doc_id":null,"func_zone_status_id":2,"ggk_zone_code":"11010000","ggk_zone_name":"Территория усадебной застройки","gp_func_zone_code":"11010000","gp_func_zone_code_id":19,"id":4656937,"zone_type_id":8},"type":"Feature"},{"bbox":[69.1178,54.9054,69.1219,54.908],"geometry":{"coordinates":[[[[69.1217,54.908],[69.1219,54.906],[69.1206,54.906],[69.1207,54.9065],[69.1211,54.9065],[69.1211,54.9069],[69.12,54.9069],[69.1197,54.906],[69.1194,54.906],[69.1192,54.9055],[69.1191,54.9055],[69.119,54.9055],[69.1184,54.9055],[69.1184,54.9054],[69.1178,54.9055],[69.1178,54.9055],[69.1181,54.9062],[69.1189,54.908],[69.1189,54.908],[69.1206,54.908],[69.1217,54.908]]]],"type":"MultiPolygon"},"geometry_name":"shape","id":"gp_functional_zones.fid--7752831e_19fad8546bb_46ea","properties":{"area":4.60753914112397,"creation_doc_id":3586,"deactivation_doc_id":null,"func_zone_status_id":2,"ggk_zone_code":"11010000","ggk_zone_name":"Территория усадебной застройки","gp_func_zone_code":"11010000","gp_func_zone_code_id":19,"id":4656938,"zone_type_id":8},"type":"Feature"},{"bbox":[69.1179,54.9005,69.1201,54.9031],"geometry":{"coordinates":[[[[69.1199,54.9008],[69.1198,54.9005],[69.1179,54.9005],[69.1179,54.9005],[69.1181,54.9023],[69.1181,54.9023],[69.1182,54.9031],[69.1201,54.9031],[69.1201,54.9024],[69.1199,54.9008],[69.1199,54.9008]]]],"type":"MultiPolygon"},"geometry_name":"shape","id":"gp_functional_zones.fid--7752831e_19fad8546bb_46eb","properties":{"area":3.64102793392154,"creation_doc_id":3586,"deactivation_doc_id":null,"func_zone_status_id":2,"ggk_zone_code":"11010000","ggk_zone_name":"Территория усадебной застройки","gp_func_zone_code":"11010000","gp_func_zone_code_id":19,"id":4656939,"zone_type_id":8},"type":"Feature"},{"bbox":[69.1179,54.9032,69.1203,54.9051],"geometry":{"coordinates":[[[[69.1184,54.9051],[69.1184,54.905],[69.1191,54.905],[69.1191,54.905],[69.1191,54.9046],[69.1186,54.9046],[69.1186,54.9043],[69.1203,54.9043],[69.1202,54.9032],[69.1195,54.9032],[69.1195,54.9035],[69.1188,54.9035],[69.1188,54.9032],[69.1182,54.9032],[69.1182,54.9035],[69.1182,54.9035],[69.1182,54.9035],[69.1182,54.9039],[69.1182,54.9039],[69.1179,54.9051],[69.1184,54.9051]]]],"type":"MultiPolygon"},"geometry_name":"shape","id":"gp_functional_zones.fid--7752831e_19fad8546bb_46ec","properties":{"area":1.95727096629919,"creation_doc_id":3586,"deactivation_doc_id":null,"func_zone_status_id":2,"ggk_zone_code":"11010000","ggk_zone_name":"Территория усадебной застройки","gp_func_zone_code":"11010000","gp_func_zone_code_id":19,"id":4656940,"zone_type_id":8},"type":"Feature"},{"bbox":[69.1111,54.8795,69.1166,54.8823],"geometry":{"coordinates":[[[[69.11146923076923,54.8812],[69.1111,54.881],[69.1114,54.8812],[69.11146923076923,54.8812]]],[[[69.1135,54.8823],[69.1136,54.8823],[69.1163,54.881],[69.1165,54.8809],[69.1166,54.8809],[69.1153,54.8802],[69.1149,54.8805],[69.1147,54.8804],[69.1148,54.8803],[69.1142,54.88],[69.1144,54.8799],[69.114,54.8797],[69.1139,54.8797],[69.1141,54.8795],[69.1137,54.8798],[69.1134,54.8796],[69.113,54.8798],[69.1126,54.8801],[69.1129,54.8802],[69.1115,54.8812],[69.11146923076923,54.8812],[69.1135,54.8823]]],[[[69.1117,54.8806],[69.1111,54.881],[69.1126,54.8801],[69.1117,54.8806]]]],"type":"MultiPolygon"},"geometry_name":"shape","id":"gp_functional_zones.fid--7752831e_19fad8546bb_46ee","properties":{"area":5.02418714053945,"creation_doc_id":3586,"deactivation_doc_id":null,"func_zone_status_id":2,"ggk_zone_code":"11010000","ggk_zone_name":"Территория усадебной застройки","gp_func_zone_code":"11010000","gp_func_zone_code_id":19,"id":4656942,"zone_type_id":8},"type":"Feature"},{"bbox":[69.1098,54.8811,69.1133,54.883],"geometry":{"coordinates":[[[[69.1133,54.8825],[69.1109,54.8811],[69.1098,54.8818],[69.1098,54.8818],[69.1122,54.883],[69.1125,54.8829],[69.1133,54.8825]]]],"type":"MultiPolygon"},"geometry_name":"shape","id":"gp_functional_zones.fid--7752831e_19fad8546bb_46ef","properties":{"area":2.01696504117633,"creation_doc_id":3586,"deactivation_doc_id":null,"func_zone_status_id":2,"ggk_zone_code":"11010000","ggk_zone_name":"Территория усадебной застройки","gp_func_zone_code":"11010000","gp_func_zone_code_id":19,"id":4656943,"zone_type_id":8},"type":"Feature"},{"bbox":[69.0985,54.8511,69.1019,54.8523],"geometry":{"coordinates":[[[[69.1007,54.8523],[69.1016,54.8515],[69.1017,54.8514],[69.1019,54.8513],[69.1016,54.8511],[69.1015,54.8511],[69.1014,54.8511],[69.1005,54.8511],[69.1004,54.8511],[69.1003,54.8512],[69.0997,54.8513],[69.0996,54.8513],[69.0994,54.8513],[69.0986,54.8513],[69.0985,54.8514],[69.0996,54.8518],[69.1,54.8518],[69.1001,54.8518],[69.1002,54.8521],[69.1007,54.8523],[69.1007,54.8523]]]],"type":"MultiPolygon"},"geometry_name":"shape","id":"gp_functional_zones.fid--7752831e_19fad8546bb_46f0","properties":{"area":1.43416585948297,"creation_doc_id":3586,"deactivation_doc_id":null,"func_zone_status_id":2,"ggk_zone_code":"11010000","ggk_zone_name":"Территория усадебной застройки","gp_func_zone_code":"11010000","gp_func_zone_code_id":19,"id":4656944,"zone_type_id":8},"type":"Feature"},{"bbox":[69.1253,54.828,69.1301,54.8315],"geometry":{"coordinates":[[[[69.1282,54.8288],[69.1282,54.8286],[69.1278,54.8285],[69.1278,54.8288],[69.1276,54.8288],[69.1276,54.8287],[69.1275,54.8287],[69.1274,54.8283],[69.1274,54.8283],[69.1274,54.8283],[69.127,54.8281],[69.1266,54.828],[69.1258,54.828],[69.1253,54.828],[69.1253,54.8281],[69.1254,54.8285],[69.1253,54.829],[69.1253,54.8292],[69.1254,54.8292],[69.1254,54.8292],[69.1254,54.8292],[69.1254,54.8292],[69.1254,54.8292],[69.1255,54.8293],[69.1255,54.8293],[69.1255,54.8293],[69.1255,54.8293],[69.1256,54.8293],[69.1256,54.8293],[69.1256,54.8294],[69.1256,54.8294],[69.1257,54.8294],[69.1257,54.8294],[69.1257,54.8294],[69.1257,54.8294],[69.1257,54.8294],[69.1257,54.8295],[69.1257,54.8295],[69.1258,54.8295],[69.1258,54.8295],[69.1258,54.8295],[69.1258,54.8295],[69.1258,54.8295],[69.1258,54.8296],[69.1258,54.8296],[69.1258,54.8296],[69.1258,54.8296],[69.1259,54.8297],[69.1259,54.8297],[69.1259,54.8297],[69.1259,54.8297],[69.1259,54.8297],[69.1259,54.8297],[69.1259,54.8298],[69.1259,54.8298],[69.1259,54.8298],[69.1259,54.8298],[69.1259,54.8298],[69.1259,54.8299],[69.1259,54.8299],[69.1259,54.8299],[69.1259,54.8299],[69.1259,54.8299],[69.1259,54.8299],[69.126,54.83],[69.126,54.83],[69.126,54.8314],[69.1272,54.8315],[69.1296,54.8313],[69.1296,54.8312],[69.1301,54.8294],[69.1299,54.8293],[69.1298,54.8293],[69.1289,54.8288],[69.1282,54.8288]]]],"type":"MultiPolygon"},"geometry_name":"shape","id":"gp_functional_zones.fid--7752831e_19fad8546bb_46f1","properties":{"area":8.70461655970225,"creation_doc_id":3586,"deactivation_doc_id":null,"func_zone_status_id":2,"ggk_zone_code":"11010000","ggk_zone_name":"Территория усадебной застройки","gp_func_zone_code":"11010000","gp_func_zone_code_id":19,"id":4656945,"zone_type_id":8},"type":"Feature"},{"bbox":[69.1256,54.8295,69.131,54.8336],"geometry":{"coordinates":[[[[69.1304,54.832],[69.131,54.8298],[69.1305,54.8295],[69.13,54.8313],[69.13,54.8313],[69.1299,54.8315],[69.1299,54.8315],[69.1298,54.8315],[69.1297,54.8316],[69.1272,54.8318],[69.1272,54.8318],[69.1272,54.8318],[69.126,54.8317],[69.1257,54.8333],[69.1257,54.8333],[69.1257,54.8333],[69.1257,54.8333],[69.1257,54.8333],[69.1257,54.8333],[69.1257,54.8333],[69.1257,54.8334],[69.1257,54.8334],[69.1257,54.8334],[69.1257,54.8334],[69.1257,54.8334],[69.1257,54.8334],[69.1257,54.8334],[69.1257,54.8334],[69.1257,54.8334],[69.1257,54.8334],[69.1257,54.8334],[69.1257,54.8334],[69.1257,54.8334],[69.1257,54.8334],[69.1256,54.8334],[69.1256,54.8334],[69.1256,54.8334],[69.1256,54.8334],[69.1256,54.8334],[69.1256,54.8334],[69.1256,54.8334],[69.1267,54.8335],[69.1281,54.8335],[69.13,54.8336],[69.13,54.8336],[69.13,54.8336],[69.1302,54.8329],[69.1302,54.8329],[69.1304,54.832]]]],"type":"MultiPolygon"},"geometry_name":"shape","id":"gp_functional_zones.fid--7752831e_19fad8546bb_46f2","properties":{"area":6.67043115656038,"creation_doc_id":3586,"deactivation_doc_id":null,"func_zone_status_id":2,"ggk_zone_code":"11010000","ggk_zone_name":"Территория усадебной застройки","gp_func_zone_code":"11010000","gp_func_zone_code_id":19,"id":4656946,"zone_type_id":8},"type":"Feature"},{"bbox":[69.1245,54.8315,69.1257,54.8333],"geometry":{"coordinates":[[[[69.1257,54.8316],[69.1247,54.8315],[69.1245,54.8333],[69.1253,54.8333],[69.1253,54.8333],[69.1253,54.8333],[69.1253,54.8333],[69.1253,54.8333],[69.1253,54.8333],[69.1253,54.8333],[69.1253,54.8333],[69.1253,54.8333],[69.1253,54.8333],[69.1253,54.8333],[69.1253,54.8333],[69.1253,54.8333],[69.1253,54.8333],[69.1253,54.8333],[69.1253,54.8333],[69.1253,54.8333],[69.1253,54.8333],[69.1253,54.8333],[69.1253,54.8333],[69.1253,54.8333],[69.1253,54.8333],[69.1253,54.8333],[69.1254,54.8331],[69.1256,54.8318],[69.1257,54.8316]]]],"type":"MultiPolygon"},"geometry_name":"shape","id":"gp_functional_zones.fid--7752831e_19fad8546bb_46f3","properties":{"area":1.08586807274119,"creation_doc_id":3586,"deactivation_doc_id":null,"func_zone_status_id":2,"ggk_zone_code":"11010000","ggk_zone_name":"Территория усадебной застройки","gp_func_zone_code":"11010000","gp_func_zone_code_id":19,"id":4656947,"zone_type_id":8},"type":"Feature"},{"bbox":[69.1248,54.8293,69.1256,54.8314],"geometry":{"coordinates":[[[[69.1251,54.8293],[69.125,54.8293],[69.125,54.8294],[69.1248,54.8313],[69.1256,54.8314],[69.1256,54.8313],[69.1256,54.8313],[69.1256,54.8313],[69.1256,54.83],[69.1256,54.83],[69.1256,54.8299],[69.1255,54.8299],[69.1255,54.8299],[69.1255,54.8298],[69.1255,54.8298],[69.1255,54.8298],[69.1255,54.8297],[69.1255,54.8297],[69.1255,54.8297],[69.1254,54.8296],[69.1254,54.8296],[69.1254,54.8296],[69.1254,54.8295],[69.1253,54.8295],[69.1253,54.8295],[69.1253,54.8295],[69.1252,54.8294],[69.1252,54.8294],[69.1252,54.8294],[69.1251,54.8293],[69.1251,54.8293]]]],"type":"MultiPolygon"},"geometry_name":"shape","id":"gp_functional_zones.fid--7752831e_19fad8546bb_46f4","properties":{"area":0.936084360626711,"creation_doc_id":3586,"deactivation_doc_id":null,"func_zone_status_id":2,"ggk_zone_code":"11010000","ggk_zone_name":"Территория усадебной застройки","gp_func_zone_code":"11010000","gp_func_zone_code_id":19,"id":4656948,"zone_type_id":8},"type":"Feature"},{"bbox":[69.1272,54.9662,69.1347,54.9715],"geometry":{"coordinates":[[[[69.1318,54.9663],[69.1317,54.9662],[69.1272,54.9683],[69.1274,54.9686],[69.1295,54.9715],[69.1347,54.9702],[69.1347,54.9702],[69.1318,54.9663]]]],"type":"MultiPolygon"},"geometry_name":"shape","id":"gp_functional_zones.fid--7752831e_19fad8546bb_46f5","properties":{"area":15.8086012042367,"creation_doc_id":3586,"deactivation_doc_id":null,"func_zone_status_id":2,"ggk_zone_code":"11010000","ggk_zone_name":"Территория усадебной застройки","gp_func_zone_code":"11010000","gp_func_zone_code_id":19,"id":4656949,"zone_type_id":8},"type":"Feature"},{"bbox":[69.1247,54.9623,69.1315,54.9668],"geometry":{"coordinates":[[[[69.1288,54.9623],[69.1255,54.9631],[69.1254,54.9632],[69.1254,54.9632],[69.1247,54.9643],[69.1247,54.9643],[69.1247,54.9643],[69.1247,54.9643],[69.1247,54.9643],[69.1247,54.9643],[69.1247,54.9643],[69.1247,54.9643],[69.1247,54.9644],[69.1247,54.9644],[69.1247,54.9644],[69.1247,54.9644],[69.1247,54.9644],[69.1247,54.9644],[69.1247,54.9644],[69.1247,54.9644],[69.1247,54.9644],[69.1247,54.9644],[69.1247,54.9644],[69.1247,54.9644],[69.1248,54.9646],[69.125,54.9649],[69.125,54.9649],[69.125,54.9649],[69.125,54.9649],[69.1264,54.9664],[69.1264,54.9664],[69.1264,54.9665],[69.1265,54.9665],[69.1265,54.9666],[69.1265,54.9666],[69.1265,54.9666],[69.1266,54.9668],[69.1291,54.9663],[69.1315,54.966],[69.1288,54.9623]]]],"type":"MultiPolygon"},"geometry_name":"shape","id":"gp_functional_zones.fid--7752831e_19fad8546bb_46f6","properties":{"area":13.5948501362696,"creation_doc_id":3586,"deactivation_doc_id":null,"func_zone_status_id":2,"ggk_zone_code":"11010000","ggk_zone_name":"Территория усадебной застройки","gp_func_zone_code":"11010000","gp_func_zone_code_id":19,"id":4656950,"zone_type_id":8},"type":"Feature"},{"bbox":[69.12,54.9694,69.1262,54.9737],"geometry":{"coordinates":[[[[69.1262,54.9723],[69.1239,54.9694],[69.12,54.9704],[69.1201,54.9706],[69.1206,54.9737],[69.1262,54.9723]]]],"type":"MultiPolygon"},"geometry_name":"shape","id":"gp_functional_zones.fid--7752831e_19fad8546bb_46f7","properties":{"area":11.7564677099638,"creation_doc_id":3586,"deactivation_doc_id":null,"func_zone_status_id":2,"ggk_zone_code":"11010000","ggk_zone_name":"Территория усадебной застройки","gp_func_zone_code":"11010000","gp_func_zone_code_id":19,"id":4656951,"zone_type_id":8},"type":"Feature"},{"bbox":[69.1241,54.9684,69.1293,54.9723],"geometry":{"coordinates":[[[[69.1293,54.9716],[69.1272,54.9687],[69.127,54.9684],[69.1266,54.9686],[69.1264,54.9687],[69.1262,54.9688],[69.1259,54.9689],[69.1257,54.9689],[69.1255,54.969],[69.1241,54.9693],[69.1264,54.9723],[69.1293,54.9716]]]],"type":"MultiPolygon"},"geometry_name":"shape","id":"gp_functional_zones.fid--7752831e_19fad8546bb_46f8","properties":{"area":7.40600240165624,"creation_doc_id":3586,"deactivation_doc_id":null,"func_zone_status_id":2,"ggk_zone_code":"11010000","ggk_zone_name":"Территория усадебной застройки","gp_func_zone_code":"11010000","gp_func_zone_code_id":19,"id":4656952,"zone_type_id":8},"type":"Feature"},{"bbox":[69.1206,54.9725,69.1273,54.975],"geometry":{"coordinates":[[[[69.1273,54.9738],[69.1262,54.9725],[69.1206,54.9738],[69.1208,54.9745],[69.1208,54.9746],[69.1208,54.9746],[69.1208,54.9746],[69.1208,54.9746],[69.1208,54.9746],[69.1208,54.9747],[69.1208,54.9747],[69.1208,54.9747],[69.1208,54.9747],[69.1209,54.9747],[69.1209,54.9748],[69.1209,54.9748],[69.1209,54.9748],[69.1209,54.9748],[69.121,54.9748],[69.121,54.9748],[69.121,54.9749],[69.1211,54.9749],[69.1211,54.9749],[69.1211,54.9749],[69.1212,54.9749],[69.1212,54.9749],[69.1212,54.9749],[69.1212,54.975],[69.1213,54.975],[69.1213,54.975],[69.1214,54.975],[69.1214,54.975],[69.1214,54.975],[69.1215,54.975],[69.1215,54.975],[69.1216,54.975],[69.1216,54.975],[69.1216,54.975],[69.1217,54.975],[69.1217,54.975],[69.1217,54.975],[69.1218,54.975],[69.1218,54.975],[69.1219,54.975],[69.1219,54.975],[69.1219,54.975],[69.122,54.975],[69.122,54.975],[69.122,54.975],[69.1242,54.9745],[69.1258,54.9741],[69.1273,54.9738]]]],"type":"MultiPolygon"},"geometry_name":"shape","id":"gp_functional_zones.fid--7752831e_19fad8546bb_46f9","properties":{"area":6.37586194887111,"creation_doc_id":3586,"deactivation_doc_id":null,"func_zone_status_id":2,"ggk_zone_code":"11010000","ggk_zone_name":"Территория усадебной застройки","gp_func_zone_code":"11010000","gp_func_zone_code_id":19,"id":4656953,"zone_type_id":8},"type":"Feature"},{"bbox":[69.1296,54.9704,69.1358,54.973],"geometry":{"coordinates":[[[[69.1358,54.9718],[69.1348,54.9704],[69.1348,54.9704],[69.1296,54.9716],[69.1306,54.973],[69.1306,54.973],[69.1358,54.9718]]]],"type":"MultiPolygon"},"geometry_name":"shape","id":"gp_functional_zones.fid--7752831e_19fad8546bb_46fa","properties":{"area":6.15654454934022,"creation_doc_id":3586,"deactivation_doc_id":null,"func_zone_status_id":2,"ggk_zone_code":"11010000","ggk_zone_name":"Территория усадебной застройки","gp_func_zone_code":"11010000","gp_func_zone_code_id":19,"id":4656954,"zone_type_id":8},"type":"Feature"},{"bbox":[69.1236,54.9603,69.1287,54.963],"geometry":{"coordinates":[[[[69.1284,54.9617],[69.1274,54.9603],[69.1274,54.9603],[69.1236,54.9612],[69.1236,54.9612],[69.1252,54.9629],[69.1253,54.963],[69.1253,54.963],[69.1287,54.9621],[69.1284,54.9617]]]],"type":"MultiPolygon"},"geometry_name":"shape","id":"gp_functional_zones.fid--7752831e_19fad8546bb_46fb","properties":{"area":5.52765088461621,"creation_doc_id":3586,"deactivation_doc_id":null,"func_zone_status_id":2,"ggk_zone_code":"11010000","ggk_zone_name":"Территория усадебной застройки","gp_func_zone_code":"11010000","gp_func_zone_code_id":19,"id":4656955,"zone_type_id":8},"type":"Feature"},{"bbox":[69.1221,54.959,69.1273,54.9612],"geometry":{"coordinates":[[[[69.1233,54.9612],[69.1233,54.9612],[69.1233,54.9612],[69.1233,54.9612],[69.1273,54.9602],[69.1273,54.9602],[69.1264,54.959],[69.1264,54.959],[69.1224,54.9594],[69.1223,54.9594],[69.1223,54.9594],[69.1223,54.9594],[69.1223,54.9594],[69.1223,54.9594],[69.1223,54.9594],[69.1223,54.9594],[69.1223,54.9594],[69.1222,54.9594],[69.1222,54.9594],[69.1222,54.9594],[69.1222,54.9594],[69.1222,54.9594],[69.1222,54.9594],[69.1222,54.9594],[69.1222,54.9594],[69.1222,54.9594],[69.1221,54.9595],[69.1221,54.9595],[69.1221,54.9595],[69.1221,54.9595],[69.1221,54.9595],[69.1221,54.9595],[69.1221,54.9595],[69.1221,54.9595],[69.1221,54.9595],[69.1221,54.9595],[69.1221,54.9595],[69.1221,54.9595],[69.1221,54.9596],[69.1221,54.9596],[69.1221,54.9596],[69.1221,54.9596],[69.1221,54.9596],[69.1221,54.9596],[69.1221,54.9596],[69.1221,54.9596],[69.1221,54.9596],[69.1221,54.9596],[69.1221,54.9596],[69.1226,54.9605],[69.1226,54.9605],[69.1231,54.9611],[69.1231,54.9611],[69.1231,54.9611],[69.1231,54.9611],[69.1231,54.9611],[69.1231,54.9611],[69.1231,54.9611],[69.1231,54.9611],[69.1231,54.9611],[69.1231,54.9611],[69.1231,54.9611],[69.1231,54.9612],[69.1231,54.9612],[69.1231,54.9612],[69.1231,54.9612],[69.1231,54.9612],[69.1231,54.9612],[69.1232,54.9612],[69.1232,54.9612],[69.1232,54.9612],[69.1232,54.9612],[69.1232,54.9612],[69.1232,54.9612],[69.1232,54.9612],[69.1232,54.9612],[69.1232,54.9612],[69.1232,54.9612],[69.1232,54.9612],[69.1232,54.9612],[69.1232,54.9612],[69.1232,54.9612],[69.1233,54.9612],[69.1233,54.9612],[69.1233,54.9612],[69.1233,54.9612],[69.1233,54.9612],[69.1233,54.9612],[69.1233,54.9612],[69.1233,54.9612]]]],"type":"MultiPolygon"},"geometry_name":"shape","id":"gp_functional_zones.fid--7752831e_19fad8546bb_46fc","properties":{"area":5.09114363102761,"creation_doc_id":3586,"deactivation_doc_id":null,"func_zone_status_id":2,"ggk_zone_code":"11010000","ggk_zone_name":"Территория усадебной застройки","gp_func_zone_code":"11010000","gp_func_zone_code_id":19,"id":4656956,"zone_type_id":8},"type":"Feature"},{"bbox":[69.123,54.967,69.127,54.9692],"geometry":{"coordinates":[[[[69.127,54.9683],[69.1264,54.967],[69.1264,54.967],[69.1262,54.967],[69.1262,54.967],[69.1262,54.967],[69.1261,54.967],[69.1261,54.967],[69.126,54.967],[69.126,54.967],[69.126,54.967],[69.1259,54.967],[69.1259,54.967],[69.1259,54.967],[69.1258,54.967],[69.1258,54.967],[69.1258,54.967],[69.1256,54.967],[69.1254,54.967],[69.1253,54.967],[69.1251,54.967],[69.1249,54.967],[69.1249,54.9671],[69.1248,54.9671],[69.1247,54.9671],[69.1246,54.9671],[69.1245,54.9671],[69.1243,54.9672],[69.1242,54.9672],[69.1242,54.9672],[69.1241,54.9672],[69.124,54.9673],[69.1239,54.9673],[69.1239,54.9673],[69.1238,54.9673],[69.1237,54.9674],[69.1236,54.9674],[69.1235,54.9675],[69.1234,54.9676],[69.123,54.9678],[69.123,54.9678],[69.1241,54.9692],[69.1254,54.9689],[69.1254,54.9689],[69.1256,54.9688],[69.1258,54.9688],[69.126,54.9687],[69.1263,54.9686],[69.1265,54.9685],[69.127,54.9683]]]],"type":"MultiPolygon"},"geometry_name":"shape","id":"gp_functional_zones.fid--7752831e_19fad8546bb_46fd","properties":{"area":4.19698639875315,"creation_doc_id":3586,"deactivation_doc_id":null,"func_zone_status_id":2,"ggk_zone_code":"11010000","ggk_zone_name":"Территория усадебной застройки","gp_func_zone_code":"11010000","gp_func_zone_code_id":19,"id":4656957,"zone_type_id":8},"type":"Feature"},{"bbox":[69.1198,54.9679,69.1238,54.9702],"geometry":{"coordinates":[[[[69.1238,54.9693],[69.1228,54.9679],[69.1228,54.968],[69.1227,54.968],[69.1227,54.968],[69.1226,54.968],[69.1226,54.9681],[69.1225,54.9681],[69.1224,54.9681],[69.1223,54.9681],[69.1223,54.9681],[69.1222,54.9682],[69.1222,54.9682],[69.1222,54.9682],[69.1221,54.9682],[69.122,54.9682],[69.122,54.9682],[69.1219,54.9682],[69.1219,54.9682],[69.1218,54.9682],[69.1211,54.9683],[69.121,54.9683],[69.1209,54.9683],[69.1209,54.9683],[69.1208,54.9683],[69.1208,54.9683],[69.1207,54.9683],[69.1206,54.9683],[69.1206,54.9684],[69.1205,54.9684],[69.1205,54.9684],[69.1204,54.9684],[69.1204,54.9684],[69.1204,54.9684],[69.1203,54.9684],[69.1203,54.9685],[69.1202,54.9685],[69.1202,54.9685],[69.1202,54.9685],[69.1201,54.9686],[69.1201,54.9686],[69.12,54.9686],[69.12,54.9687],[69.12,54.9687],[69.1199,54.9688],[69.1199,54.9688],[69.1199,54.9688],[69.1199,54.9689],[69.1199,54.9689],[69.1198,54.9689],[69.1198,54.9689],[69.1198,54.969],[69.1198,54.969],[69.1198,54.969],[69.1198,54.9691],[69.1198,54.9691],[69.1198,54.9691],[69.1198,54.9692],[69.1198,54.9692],[69.12,54.9702],[69.1238,54.9693]]]],"type":"MultiPolygon"},"geometry_name":"shape","id":"gp_functional_zones.fid--7752831e_19fad8546bb_46fe","properties":{"area":3.95042062325622,"creation_doc_id":3586,"deactivation_doc_id":null,"func_zone_status_id":2,"ggk_zone_code":"11010000","ggk_zone_name":"Территория усадебной застройки","gp_func_zone_code":"11010000","gp_func_zone_code_id":19,"id":4656958,"zone_type_id":8},"type":"Feature"},{"bbox":[69.1265,54.9717,69.1304,54.9737],"geometry":{"coordinates":[[[[69.1275,54.9737],[69.1304,54.9731],[69.1294,54.9717],[69.1265,54.9724],[69.1275,54.9737]]]],"type":"MultiPolygon"},"geometry_name":"shape","id":"gp_functional_zones.fid--7752831e_19fad8546bb_46ff","properties":{"area":3.30590857164126,"creation_doc_id":3586,"deactivation_doc_id":null,"func_zone_status_id":2,"ggk_zone_code":"11010000","ggk_zone_name":"Территория усадебной застройки","gp_func_zone_code":"11010000","gp_func_zone_code_id":19,"id":4656959,"zone_type_id":8},"type":"Feature"},{"bbox":[69.128,54.9661,69.1316,54.9675],"geometry":{"coordinates":[[[[69.1316,54.9661],[69.1315,54.9661],[69.1292,54.9664],[69.128,54.9667],[69.1286,54.9675],[69.1316,54.9661]]]],"type":"MultiPolygon"},"geometry_name":"shape","id":"gp_functional_zones.fid--7752831e_19fad8546bb_4700","properties":{"area":1.26234749797738,"creation_doc_id":3586,"deactivation_doc_id":null,"func_zone_status_id":2,"ggk_zone_code":"11010000","ggk_zone_name":"Территория усадебной застройки","gp_func_zone_code":"11010000","gp_func_zone_code_id":19,"id":4656960,"zone_type_id":8},"type":"Feature"},{"bbox":[69.068,54.8804,69.0762,54.8837],"geometry":{"coordinates":[[[[69.0712,54.8804],[69.0711,54.8804],[69.071,54.8804],[69.0708,54.8804],[69.0706,54.8805],[69.069,54.881],[69.0689,54.881],[69.0688,54.8811],[69.0687,54.8812],[69.0682,54.8815],[69.0681,54.8817],[69.068,54.8818],[69.0695,54.8822],[69.0713,54.8825],[69.0713,54.8825],[69.072,54.8827],[69.072,54.8827],[69.0721,54.8827],[69.0721,54.8828],[69.0722,54.8828],[69.0736,54.8831],[69.0745,54.8833],[69.0747,54.8835],[69.0754,54.8837],[69.0762,54.8828],[69.0762,54.8827],[69.0759,54.882],[69.0758,54.8818],[69.0756,54.8816],[69.0753,54.8813],[69.0752,54.8812],[69.0712,54.8804]]]],"type":"MultiPolygon"},"geometry_name":"shape","id":"gp_functional_zones.fid--7752831e_19fad8546bb_4701","properties":{"area":10.3064619654909,"creation_doc_id":3586,"deactivation_doc_id":null,"func_zone_status_id":2,"ggk_zone_code":"11010000","ggk_zone_name":"Территория усадебной застройки","gp_func_zone_code":"11010000","gp_func_zone_code_id":19,"id":4656961,"zone_type_id":8},"type":"Feature"},{"bbox":[69.0683,54.8833,69.0715,54.8862],"geometry":{"coordinates":[[[[69.0707,54.8857],[69.0708,54.8855],[69.0715,54.8835],[69.0715,54.8835],[69.0709,54.8833],[69.0709,54.8833],[69.0703,54.8848],[69.0698,54.8847],[69.0699,54.8845],[69.0695,54.8845],[69.0693,54.8849],[69.0701,54.8851],[69.0698,54.8857],[69.0683,54.8854],[69.0689,54.8857],[69.0693,54.8862],[69.0705,54.8862],[69.0705,54.886],[69.0705,54.886],[69.0705,54.8859],[69.0705,54.8858],[69.0706,54.8858],[69.0706,54.8858],[69.0706,54.8858],[69.0707,54.8857],[69.0707,54.8857],[69.0707,54.8857]]]],"type":"MultiPolygon"},"geometry_name":"shape","id":"gp_functional_zones.fid--7752831e_19fad8546bb_4702","properties":{"area":2.09258906314673,"creation_doc_id":3586,"deactivation_doc_id":null,"func_zone_status_id":2,"ggk_zone_code":"11010000","ggk_zone_name":"Территория усадебной застройки","gp_func_zone_code":"11010000","gp_func_zone_code_id":19,"id":4656962,"zone_type_id":8},"type":"Feature"},{"bbox":[69.0675,54.882,69.0694,54.8852],"geometry":{"coordinates":[[[[69.0694,54.8823],[69.0679,54.882],[69.0677,54.8823],[69.0676,54.8823],[69.0676,54.8824],[69.0676,54.884],[69.0675,54.8845],[69.0675,54.8846],[69.0681,54.8852],[69.0681,54.8852],[69.0684,54.8848],[69.0684,54.8847],[69.0684,54.8847],[69.0687,54.8841],[69.069,54.8835],[69.0687,54.8834],[69.0694,54.8823],[69.0694,54.8823],[69.0694,54.8823],[69.0694,54.8823]]]],"type":"MultiPolygon"},"geometry_name":"shape","id":"gp_functional_zones.fid--7752831e_19fad8546bb_4703","properties":{"area":2.60709221459739,"creation_doc_id":3586,"deactivation_doc_id":null,"func_zone_status_id":2,"ggk_zone_code":"11010000","ggk_zone_name":"Территория усадебной застройки","gp_func_zone_code":"11010000","gp_func_zone_code_id":19,"id":4656963,"zone_type_id":8},"type":"Feature"},{"bbox":[69.0645,54.8982,69.0672,54.9018],"geometry":{"coordinates":[[[[69.0658,54.9006],[69.0664,54.8994],[69.0666,54.8995],[69.0672,54.8984],[69.0672,54.8984],[69.0671,54.8984],[69.0671,54.8984],[69.0671,54.8984],[69.0671,54.8984],[69.0671,54.8984],[69.0662,54.8982],[69.0657,54.8989],[69.0651,54.8989],[69.0645,54.9003],[69.0645,54.9003],[69.0645,54.9011],[69.0654,54.9012],[69.0654,54.9017],[69.0662,54.9017],[69.0662,54.9018],[69.0663,54.901],[69.0656,54.9009],[69.0658,54.9006]]]],"type":"MultiPolygon"},"geometry_name":"shape","id":"gp_functional_zones.fid--7752831e_19fad8546bb_4704","properties":{"area":3.30336976698801,"creation_doc_id":3586,"deactivation_doc_id":null,"func_zone_status_id":2,"ggk_zone_code":"11010000","ggk_zone_name":"Территория усадебной застройки","gp_func_zone_code":"11010000","gp_func_zone_code_id":19,"id":4656964,"zone_type_id":8},"type":"Feature"},{"bbox":[69.1279,54.9356,69.1321,54.9392],"geometry":{"coordinates":[[[[69.1306,54.9392],[69.1321,54.9358],[69.1321,54.9358],[69.1317,54.9357],[69.1312,54.9356],[69.1312,54.9356],[69.1312,54.9356],[69.1306,54.9357],[69.1306,54.9357],[69.1305,54.9357],[69.1305,54.9357],[69.1305,54.9357],[69.1304,54.9357],[69.1304,54.9357],[69.1304,54.9357],[69.1303,54.9357],[69.1303,54.9357],[69.1302,54.9357],[69.1302,54.9357],[69.1302,54.9357],[69.1302,54.9357],[69.1301,54.9357],[69.1301,54.9357],[69.1301,54.9357],[69.1294,54.936],[69.1294,54.936],[69.1293,54.936],[69.1293,54.936],[69.1293,54.936],[69.1292,54.9361],[69.1292,54.9361],[69.1292,54.9361],[69.1291,54.9361],[69.1291,54.9361],[69.1291,54.9361],[69.129,54.9362],[69.129,54.9362],[69.129,54.9362],[69.1289,54.9362],[69.1289,54.9362],[69.1287,54.9362],[69.1287,54.9362],[69.1286,54.9362],[69.1286,54.9363],[69.1285,54.9363],[69.1285,54.9363],[69.1283,54.9363],[69.1279,54.9386],[69.1279,54.9386],[69.1279,54.9386],[69.1279,54.9387],[69.1279,54.9387],[69.1279,54.9387],[69.1279,54.9387],[69.1279,54.9388],[69.128,54.9388],[69.128,54.9388],[69.128,54.9388],[69.1281,54.9389],[69.1283,54.9389],[69.1284,54.939],[69.1286,54.939],[69.1306,54.9392],[69.1306,54.9392]]]],"type":"MultiPolygon"},"geometry_name":"shape","id":"gp_functional_zones.fid--7752831e_19fad8546bb_4705","properties":{"area":7.53729295464661,"creation_doc_id":3586,"deactivation_doc_id":null,"func_zone_status_id":2,"ggk_zone_code":"11010000","ggk_zone_name":"Территория усадебной застройки","gp_func_zone_code":"11010000","gp_func_zone_code_id":19,"id":4656965,"zone_type_id":8},"type":"Feature"},{"bbox":[69.1245,54.9297,69.1344,54.9361],"geometry":{"coordinates":[[[[69.1255,54.9361],[69.1279,54.936],[69.1279,54.936],[69.1279,54.936],[69.128,54.9355],[69.128,54.9355],[69.128,54.9355],[69.128,54.9354],[69.128,54.9353],[69.128,54.9353],[69.128,54.9353],[69.128,54.935],[69.128,54.9349],[69.1278,54.9334],[69.1278,54.9334],[69.1279,54.9333],[69.128,54.9333],[69.1281,54.9333],[69.1305,54.9333],[69.1307,54.9332],[69.1307,54.9332],[69.1307,54.9332],[69.1308,54.9332],[69.1308,54.9332],[69.1309,54.9332],[69.1309,54.9332],[69.131,54.9332],[69.131,54.9331],[69.1311,54.9331],[69.1311,54.9331],[69.1312,54.9331],[69.1312,54.9331],[69.1312,54.9331],[69.1313,54.933],[69.1321,54.9324],[69.1321,54.9323],[69.1321,54.9323],[69.1321,54.9323],[69.1328,54.9318],[69.1328,54.9318],[69.1328,54.9318],[69.1328,54.9318],[69.1329,54.9317],[69.1329,54.9317],[69.1329,54.9317],[69.1329,54.9317],[69.133,54.9317],[69.133,54.9317],[69.133,54.9317],[69.133,54.9317],[69.133,54.9317],[69.133,54.9317],[69.133,54.9317],[69.1331,54.9317],[69.1331,54.9316],[69.1331,54.9316],[69.1331,54.9316],[69.1331,54.9316],[69.1332,54.9316],[69.1332,54.9316],[69.1332,54.9316],[69.1332,54.9316],[69.1333,54.9316],[69.1333,54.9316],[69.1333,54.9316],[69.1334,54.9316],[69.1337,54.9315],[69.1344,54.9297],[69.1337,54.9297],[69.1333,54.9297],[69.1301,54.9321],[69.1298,54.9323],[69.1282,54.9322],[69.1273,54.9321],[69.127,54.9322],[69.1269,54.9322],[69.1266,54.9321],[69.1266,54.9321],[69.1266,54.9321],[69.1265,54.9318],[69.1264,54.9311],[69.1249,54.932],[69.1252,54.9328],[69.1255,54.9335],[69.1268,54.9333],[69.1274,54.9345],[69.126,54.9347],[69.1258,54.9344],[69.1258,54.9344],[69.1258,54.9344],[69.1258,54.9344],[69.1247,54.9347],[69.1245,54.9351],[69.1245,54.9351],[69.1258,54.9351],[69.1258,54.9358],[69.1253,54.9358],[69.1253,54.9361],[69.1254,54.9361],[69.1255,54.9361]]]],"type":"MultiPolygon"},"geometry_name":"shape","id":"gp_functional_zones.fid--7752831e_19fad8546bb_4708","properties":{"area":13.1047710347019,"creation_doc_id":3586,"deactivation_doc_id":null,"func_zone_status_id":2,"ggk_zone_code":"11010000","ggk_zone_name":"Территория усадебной застройки","gp_func_zone_code":"11010000","gp_func_zone_code_id":19,"id":4656969,"zone_type_id":8},"type":"Feature"},{"bbox":[69.1218,54.9309,69.1264,54.9339],"geometry":{"coordinates":[[[[69.1254,54.9335],[69.1253,54.9333],[69.1253,54.9334],[69.1247,54.9335],[69.1244,54.9329],[69.1251,54.9328],[69.1247,54.932],[69.1247,54.932],[69.1247,54.9319],[69.1248,54.9319],[69.1264,54.931],[69.1264,54.931],[69.1264,54.931],[69.1264,54.9309],[69.1264,54.9309],[69.1258,54.9313],[69.1246,54.9319],[69.1241,54.9321],[69.1238,54.9319],[69.1245,54.9314],[69.1245,54.9314],[69.1243,54.9314],[69.1235,54.9316],[69.1232,54.9316],[69.1221,54.9318],[69.1219,54.932],[69.1219,54.9321],[69.1219,54.9321],[69.1218,54.9322],[69.1218,54.9324],[69.1219,54.9325],[69.1218,54.933],[69.1219,54.933],[69.1218,54.9333],[69.1231,54.9335],[69.123,54.9335],[69.1229,54.9339],[69.123,54.9339],[69.1231,54.9339],[69.1231,54.9339],[69.1248,54.9336],[69.1254,54.9335]]]],"type":"MultiPolygon"},"geometry_name":"shape","id":"gp_functional_zones.fid--7752831e_19fad8546bb_4709","properties":{"area":4.10056041067982,"creation_doc_id":3586,"deactivation_doc_id":null,"func_zone_status_id":2,"ggk_zone_code":"11010000","ggk_zone_name":"Территория усадебной застройки","gp_func_zone_code":"11010000","gp_func_zone_code_id":19,"id":4656970,"zone_type_id":8},"type":"Feature"},{"bbox":[69.1221,54.9342,69.1258,54.9361],"geometry":{"coordinates":[[[69.1257,54.9344],[69.1258,54.9343],[69.1252,54.9344],[69.1252,54.9342],[69.1245,54.9343],[69.1246,54.9346],[69.1236,54.9349],[69.1235,54.9349],[69.1223,54.9351],[69.1223,54.9352],[69.1221,54.9359],[69.1238,54.9361],[69.124,54.9361],[69.1241,54.9361],[69.1244,54.9351],[69.1246,54.9347],[69.1257,54.9344]]],"type":"Polygon"},"geometry_name":"shape","id":"gp_functional_zones.fid--7752831e_19fad8546bb_470a","properties":{"area":1.87209895716604,"creation_doc_id":3586,"deactivation_doc_id":null,"func_zone_status_id":2,"ggk_zone_code":"11010000","ggk_zone_name":"Территория усадебной застройки","gp_func_zone_code":"11010000","gp_func_zone_code_id":19,"id":4656971,"zone_type_id":8},"type":"Feature"},{"bbox":[69.1411,54.9308,69.1496,54.9346],"geometry":{"coordinates":[[[[69.1477,54.9328],[69.1478,54.9328],[69.1478,54.9328],[69.1478,54.9328],[69.1479,54.9328],[69.1479,54.9328],[69.1479,54.9328],[69.148,54.9328],[69.148,54.9328],[69.148,54.9328],[69.1481,54.9328],[69.1481,54.9328],[69.1482,54.9328],[69.1482,54.9328],[69.1494,54.933],[69.1494,54.933],[69.1495,54.933],[69.1495,54.933],[69.1496,54.933],[69.1496,54.933],[69.1496,54.933],[69.1496,54.933],[69.1496,54.933],[69.1496,54.933],[69.1496,54.933],[69.1496,54.933],[69.1496,54.933],[69.1496,54.933],[69.1496,54.933],[69.1496,54.933],[69.1496,54.933],[69.1496,54.9329],[69.1496,54.9329],[69.1496,54.9329],[69.1496,54.9329],[69.1496,54.9329],[69.1496,54.9329],[69.1496,54.9329],[69.1496,54.9329],[69.1496,54.9329],[69.1496,54.9329],[69.1496,54.9329],[69.1496,54.9329],[69.1496,54.9329],[69.1496,54.9329],[69.1496,54.9329],[69.1496,54.9329],[69.1496,54.9329],[69.1496,54.9328],[69.1496,54.9328],[69.1496,54.9328],[69.1496,54.9328],[69.1496,54.9328],[69.1496,54.9328],[69.1496,54.9328],[69.1496,54.9328],[69.1496,54.9328],[69.1496,54.9328],[69.1496,54.9328],[69.1496,54.9328],[69.1495,54.9328],[69.1495,54.9328],[69.1495,54.9328],[69.1495,54.9327],[69.1495,54.9327],[69.1495,54.9327],[69.1495,54.9327],[69.1495,54.9327],[69.1495,54.9327],[69.1495,54.9327],[69.1495,54.9327],[69.1495,54.9327],[69.1495,54.9327],[69.1495,54.9327],[69.1495,54.9327],[69.1494,54.9327],[69.1494,54.9327],[69.1494,54.9327],[69.1468,54.931],[69.1468,54.931],[69.1468,54.931],[69.1467,54.931],[69.1467,54.931],[69.1467,54.931],[69.1467,54.931],[69.1467,54.931],[69.1467,54.931],[69.1466,54.931],[69.1466,54.9309],[69.1466,54.9309],[69.1466,54.9309],[69.1466,54.9309],[69.1466,54.9309],[69.1466,54.9309],[69.1465,54.9309],[69.1465,54.9309],[69.1465,54.9309],[69.1465,54.9309],[69.1465,54.9309],[69.1465,54.9309],[69.1465,54.9309],[69.1464,54.9309],[69.1464,54.9309],[69.1464,54.9309],[69.1464,54.9309],[69.1464,54.9308],[69.1464,54.9308],[69.1464,54.9308],[69.1464,54.9308],[69.1464,54.9308],[69.1463,54.9308],[69.1463,54.9308],[69.1463,54.9308],[69.1463,54.9308],[69.1462,54.9308],[69.1462,54.9308],[69.1462,54.9308],[69.1462,54.9308],[69.1461,54.9308],[69.1461,54.9308],[69.1461,54.9308],[69.1461,54.9308],[69.1461,54.9308],[69.146,54.9308],[69.146,54.9308],[69.146,54.9308],[69.146,54.9308],[69.1459,54.9308],[69.1459,54.9308],[69.1459,54.9308],[69.1459,54.9308],[69.1459,54.9308],[69.1458,54.9308],[69.1458,54.9308],[69.1458,54.9308],[69.1458,54.9308],[69.1457,54.9308],[69.1457,54.9308],[69.1457,54.9308],[69.1457,54.9308],[69.1457,54.9308],[69.1449,54.9308],[69.1449,54.9308],[69.1431,54.9309],[69.1431,54.931],[69.143,54.9321],[69.143,54.9321],[69.143,54.9322],[69.143,54.9322],[69.143,54.9322],[69.143,54.9322],[69.143,54.9322],[69.143,54.9322],[69.143,54.9322],[69.143,54.9322],[69.143,54.9322],[69.143,54.9322],[69.143,54.9322],[69.143,54.9322],[69.143,54.9322],[69.143,54.9322],[69.143,54.9322],[69.143,54.9322],[69.143,54.9322],[69.143,54.9322],[69.143,54.9322],[69.143,54.9322],[69.143,54.9322],[69.143,54.9322],[69.143,54.9322],[69.143,54.9322],[69.143,54.9322],[69.143,54.9323],[69.143,54.9323],[69.143,54.9323],[69.143,54.9323],[69.143,54.9323],[69.143,54.9323],[69.143,54.9323],[69.143,54.9323],[69.143,54.9323],[69.143,54.9323],[69.1429,54.9323],[69.1429,54.9323],[69.1429,54.9323],[69.1429,54.9323],[69.1429,54.9323],[69.1429,54.9323],[69.1429,54.9323],[69.1429,54.9323],[69.1429,54.9323],[69.1429,54.9323],[69.1429,54.9323],[69.1429,54.9323],[69.1429,54.9323],[69.1429,54.9323],[69.1429,54.9323],[69.1429,54.9323],[69.1429,54.9323],[69.1429,54.9323],[69.1429,54.9323],[69.1429,54.9323],[69.1429,54.9323],[69.1429,54.9323],[69.1429,54.9324],[69.1429,54.9324],[69.1429,54.9324],[69.1429,54.9324],[69.1429,54.9324],[69.1429,54.9324],[69.1429,54.9324],[69.1429,54.9324],[69.1429,54.9324],[69.1428,54.9324],[69.1411,54.9336],[69.1411,54.9336],[69.1429,54.9346],[69.143,54.9346],[69.1431,54.9345],[69.1431,54.9345],[69.1431,54.9345],[69.1432,54.9345],[69.1432,54.9345],[69.1432,54.9345],[69.1432,54.9345],[69.1432,54.9345],[69.1452,54.9341],[69.1453,54.934],[69.1453,54.934],[69.1453,54.934],[69.1454,54.934],[69.1454,54.934],[69.1454,54.934],[69.1454,54.934],[69.1454,54.934],[69.1454,54.934],[69.1455,54.9339],[69.1455,54.9339],[69.1455,54.9339],[69.1456,54.9339],[69.1456,54.9339],[69.1464,54.9333],[69.1464,54.9333],[69.1466,54.9332],[69.1466,54.9331],[69.1466,54.9331],[69.1467,54.9331],[69.1467,54.9331],[69.1467,54.9331],[69.1467,54.9331],[69.1471,54.9329],[69.1471,54.9329],[69.1471,54.9329],[69.1471,54.9329],[69.1472,54.9329],[69.1473,54.9329],[69.1473,54.9329],[69.1474,54.9329],[69.1474,54.9329],[69.1475,54.9328],[69.1475,54.9328],[69.1475,54.9328],[69.1475,54.9328],[69.1476,54.9328],[69.1476,54.9328],[69.1476,54.9328],[69.1476,54.9328],[69.1476,54.9328],[69.1477,54.9328],[69.1477,54.9328]]]],"type":"MultiPolygon"},"geometry_name":"shape","id":"gp_functional_zones.fid--7752831e_19fad8546bb_470b","properties":{"area":12.1973302367122,"creation_doc_id":3586,"deactivation_doc_id":null,"func_zone_status_id":2,"ggk_zone_code":"11010000","ggk_zone_name":"Территория усадебной застройки","gp_func_zone_code":"11010000","gp_func_zone_code_id":19,"id":4656972,"zone_type_id":8},"type":"Feature"},{"bbox":[69.1202,54.8996,69.1223,54.9048],"geometry":{"coordinates":[[[[69.1222,54.9032],[69.1223,54.9021],[69.1219,54.9021],[69.1219,54.9019],[69.1213,54.902],[69.1213,54.902],[69.1212,54.9021],[69.1211,54.9015],[69.1222,54.9014],[69.122,54.901],[69.122,54.9009],[69.1217,54.901],[69.1216,54.901],[69.1216,54.901],[69.1215,54.901],[69.1215,54.901],[69.1212,54.901],[69.1212,54.9007],[69.1216,54.9007],[69.1215,54.9002],[69.1215,54.9002],[69.1215,54.8998],[69.1214,54.8997],[69.1204,54.8997],[69.1202,54.8996],[69.1206,54.9028],[69.1212,54.9028],[69.1212,54.9031],[69.1206,54.9031],[69.1208,54.9047],[69.1208,54.9048],[69.1211,54.9048],[69.1211,54.9048],[69.1215,54.9048],[69.1216,54.9045],[69.1216,54.9043],[69.1215,54.9041],[69.1216,54.9039],[69.1215,54.9039],[69.1214,54.9037],[69.1214,54.9034],[69.1214,54.9034],[69.1213,54.9034],[69.1213,54.9032],[69.1219,54.9032],[69.1222,54.9032]]]],"type":"MultiPolygon"},"geometry_name":"shape","id":"gp_functional_zones.fid--7752831e_19fad8546bb_470d","properties":{"area":4.09266339728395,"creation_doc_id":3586,"deactivation_doc_id":null,"func_zone_status_id":2,"ggk_zone_code":"11010000","ggk_zone_name":"Территория усадебной застройки","gp_func_zone_code":"11010000","gp_func_zone_code_id":19,"id":4656974,"zone_type_id":8},"type":"Feature"},{"bbox":[69.1147,54.8928,69.1216,54.8995],"geometry":{"coordinates":[[[69.1214,54.8986],[69.1213,54.8984],[69.1211,54.8983],[69.1208,54.8979],[69.1208,54.8978],[69.1197,54.8974],[69.1196,54.8975],[69.1197,54.8975],[69.1197,54.8976],[69.1196,54.8977],[69.1196,54.8978],[69.1195,54.8978],[69.1193,54.8978],[69.1189,54.8978],[69.119,54.8977],[69.1188,54.8977],[69.1187,54.8976],[69.1185,54.8975],[69.1184,54.8975],[69.1183,54.8975],[69.1184,54.8974],[69.1182,54.8972],[69.1182,54.8969],[69.1178,54.897],[69.1176,54.8965],[69.1175,54.8964],[69.1174,54.8962],[69.1177,54.8961],[69.1174,54.8955],[69.1173,54.8953],[69.1173,54.8951],[69.1178,54.895],[69.1179,54.895],[69.1183,54.8959],[69.1184,54.8962],[69.1185,54.8963],[69.1181,54.8964],[69.1182,54.8964],[69.1183,54.8966],[69.1185,54.8966],[69.1186,54.8966],[69.1186,54.8963],[69.1181,54.8952],[69.118,54.8951],[69.118,54.895],[69.1177,54.8944],[69.1176,54.8944],[69.1174,54.8939],[69.1171,54.8932],[69.117,54.893],[69.1176,54.8929],[69.1181,54.8928],[69.1167,54.893],[69.1168,54.8931],[69.117,54.8931],[69.1173,54.8938],[69.1173,54.8939],[69.1174,54.894],[69.1175,54.8944],[69.1172,54.8944],[69.1171,54.8942],[69.1172,54.8941],[69.1171,54.894],[69.1171,54.8939],[69.117,54.894],[69.1169,54.8938],[69.1167,54.8939],[69.1166,54.8937],[69.1164,54.8932],[69.1163,54.893],[69.1147,54.8934],[69.1176,54.8979],[69.1179,54.8987],[69.1179,54.8992],[69.1203,54.8994],[69.1216,54.8995],[69.1215,54.8992],[69.1214,54.8986]],[[69.121,54.8983],[69.1212,54.8986],[69.1214,54.8992],[69.1209,54.8992],[69.1208,54.899],[69.1206,54.899],[69.1204,54.8985],[69.1205,54.8984],[69.1204,54.8979],[69.1208,54.8979],[69.121,54.8983]]],"type":"Polygon"},"geometry_name":"shape","id":"gp_functional_zones.fid--7752831e_19fad8546bb_470e","properties":{"area":8.43182626822817,"creation_doc_id":3586,"deactivation_doc_id":null,"func_zone_status_id":2,"ggk_zone_code":"11010000","ggk_zone_name":"Территория усадебной застройки","gp_func_zone_code":"11010000","gp_func_zone_code_id":19,"id":4656975,"zone_type_id":8},"type":"Feature"},{"bbox":[69.1307,54.9132,69.1323,54.9159],"geometry":{"coordinates":[[[[69.1309,54.9159],[69.132,54.9157],[69.132,54.9157],[69.132,54.9157],[69.132,54.9157],[69.132,54.9157],[69.132,54.9157],[69.132,54.9157],[69.132,54.9157],[69.132,54.9157],[69.132,54.9157],[69.132,54.9157],[69.132,54.9157],[69.132,54.9157],[69.132,54.9157],[69.132,54.9157],[69.132,54.9157],[69.132,54.9157],[69.132,54.9157],[69.1321,54.9157],[69.1321,54.9157],[69.1321,54.9157],[69.1321,54.9157],[69.1321,54.9157],[69.1321,54.9157],[69.1321,54.9157],[69.1321,54.9157],[69.1321,54.9157],[69.1321,54.9157],[69.1321,54.9157],[69.1321,54.9157],[69.1321,54.9157],[69.1321,54.9157],[69.1321,54.9157],[69.1321,54.9157],[69.1321,54.9157],[69.1322,54.9157],[69.1322,54.9157],[69.1322,54.9156],[69.1322,54.9156],[69.1322,54.9156],[69.1322,54.9156],[69.1322,54.9156],[69.1322,54.9156],[69.1322,54.9156],[69.1322,54.9156],[69.1322,54.9156],[69.1322,54.9156],[69.1322,54.9156],[69.1322,54.9156],[69.1323,54.9156],[69.1323,54.9156],[69.1323,54.9156],[69.1317,54.9132],[69.1311,54.9132],[69.1313,54.9144],[69.1316,54.9152],[69.1307,54.9153],[69.1309,54.9159]]]],"type":"MultiPolygon"},"geometry_name":"shape","id":"gp_functional_zones.fid--7752831e_19fad8546bb_470f","properties":{"area":1.44869047201503,"creation_doc_id":3586,"deactivation_doc_id":null,"func_zone_status_id":2,"ggk_zone_code":"11010000","ggk_zone_name":"Территория усадебной застройки","gp_func_zone_code":"11010000","gp_func_zone_code_id":19,"id":4656976,"zone_type_id":8},"type":"Feature"},{"bbox":[69.1333,54.913,69.1341,54.9154],"geometry":{"coordinates":[[[[69.134,54.913],[69.1335,54.913],[69.1333,54.9147],[69.1334,54.9154],[69.1336,54.9154],[69.1336,54.9154],[69.1339,54.9153],[69.134,54.9153],[69.1339,54.9148],[69.1339,54.9148],[69.1339,54.9148],[69.1341,54.913],[69.134,54.913],[69.134,54.913]]]],"type":"MultiPolygon"},"geometry_name":"shape","id":"gp_functional_zones.fid--7752831e_19fad8546bb_4710","properties":{"area":0.992770028670151,"creation_doc_id":3586,"deactivation_doc_id":null,"func_zone_status_id":2,"ggk_zone_code":"11010000","ggk_zone_name":"Территория усадебной застройки","gp_func_zone_code":"11010000","gp_func_zone_code_id":19,"id":4656977,"zone_type_id":8},"type":"Feature"},{"bbox":[69.1426,54.9172,69.1518,54.9189],"geometry":{"coordinates":[[[[69.1456,54.9174],[69.1444,54.9174],[69.1432,54.9175],[69.1431,54.9175],[69.1426,54.9186],[69.1426,54.9187],[69.1427,54.9187],[69.1438,54.9188],[69.144,54.9183],[69.1452,54.9183],[69.146,54.9183],[69.1466,54.9183],[69.1467,54.918],[69.1467,54.9179],[69.1518,54.9177],[69.1518,54.9176],[69.1517,54.9172],[69.1456,54.9174]]],[[[69.1439,54.9189],[69.144,54.9188],[69.1438,54.9188],[69.1438,54.9189],[69.1439,54.9189]]]],"type":"MultiPolygon"},"geometry_name":"shape","id":"gp_functional_zones.fid--7752831e_19fad8546bb_4711","properties":{"area":4.69627643169253,"creation_doc_id":3586,"deactivation_doc_id":null,"func_zone_status_id":2,"ggk_zone_code":"11010000","ggk_zone_name":"Территория усадебной застройки","gp_func_zone_code":"11010000","gp_func_zone_code_id":19,"id":4656978,"zone_type_id":8},"type":"Feature"},{"bbox":[69.1777,54.8449,69.1807,54.8474],"geometry":{"coordinates":[[[[69.1804,54.8474],[69.1807,54.8457],[69.1805,54.8456],[69.1804,54.8455],[69.1803,54.8454],[69.1802,54.8453],[69.1802,54.8451],[69.1798,54.845],[69.1783,54.8449],[69.178,54.8473],[69.1777,54.8473],[69.1777,54.8473],[69.1804,54.8474]]]],"type":"MultiPolygon"},"geometry_name":"shape","id":"gp_functional_zones.fid--7752831e_19fad8546bb_4712","properties":{"area":3.95711010039638,"creation_doc_id":3586,"deactivation_doc_id":null,"func_zone_status_id":2,"ggk_zone_code":"11010000","ggk_zone_name":"Территория усадебной застройки","gp_func_zone_code":"11010000","gp_func_zone_code_id":19,"id":4656979,"zone_type_id":8},"type":"Feature"},{"bbox":[69.1786,54.8422,69.1812,54.8446],"geometry":{"coordinates":[[[[69.1808,54.8446],[69.1812,54.8424],[69.1787,54.8422],[69.1786,54.8431],[69.1786,54.8434],[69.1787,54.8434],[69.1789,54.8435],[69.1789,54.8437],[69.179,54.8438],[69.179,54.8439],[69.179,54.844],[69.1791,54.8442],[69.1793,54.8442],[69.1796,54.8442],[69.1799,54.8443],[69.1801,54.8443],[69.1801,54.8444],[69.1802,54.8445],[69.1802,54.8445],[69.1804,54.8446],[69.1807,54.8446],[69.1807,54.8446],[69.1808,54.8446],[69.1808,54.8446],[69.1808,54.8446],[69.1808,54.8446]]]],"type":"MultiPolygon"},"geometry_name":"shape","id":"gp_functional_zones.fid--7752831e_19fad8546bb_4713","properties":{"area":3.35494397992714,"creation_doc_id":3586,"deactivation_doc_id":null,"func_zone_status_id":2,"ggk_zone_code":"11010000","ggk_zone_name":"Территория усадебной застройки","gp_func_zone_code":"11010000","gp_func_zone_code_id":19,"id":4656980,"zone_type_id":8},"type":"Feature"},{"bbox":[69.1734,54.8431,69.1773,54.8447],"geometry":{"coordinates":[[[[69.177,54.8446],[69.1772,54.8432],[69.1772,54.8432],[69.1769,54.8432],[69.1766,54.8432],[69.1764,54.8431],[69.1761,54.8432],[69.1758,54.8433],[69.1756,54.8434],[69.1755,54.8435],[69.1753,54.8436],[69.175,54.8436],[69.1749,54.8437],[69.1747,54.8437],[69.1745,54.8438],[69.1743,54.8438],[69.1741,54.8438],[69.174,54.8439],[69.1739,54.844],[69.1738,54.8441],[69.1735,54.8441],[69.1734,54.8443],[69.1734,54.8445],[69.1773,54.8447],[69.1773,54.8447],[69.177,54.8446]]]],"type":"MultiPolygon"},"geometry_name":"shape","id":"gp_functional_zones.fid--7752831e_19fad8546bb_4714","properties":{"area":2.6408278751936,"creation_doc_id":3586,"deactivation_doc_id":null,"func_zone_status_id":2,"ggk_zone_code":"11010000","ggk_zone_name":"Территория усадебной застройки","gp_func_zone_code":"11010000","gp_func_zone_code_id":19,"id":4656981,"zone_type_id":8},"type":"Feature"},{"bbox":[69.1849,54.8421,69.1897,54.8451],"geometry":{"coordinates":[[[[69.1897,54.8422],[69.1877,54.8421],[69.1858,54.8421],[69.1853,54.8421],[69.1849,54.845],[69.1893,54.8451],[69.1897,54.8422]]]],"type":"MultiPolygon"},"geometry_name":"shape","id":"gp_functional_zones.fid--7752831e_19fad8546bb_4715","properties":{"area":9.18937013593207,"creation_doc_id":3586,"deactivation_doc_id":null,"func_zone_status_id":2,"ggk_zone_code":"11010000","ggk_zone_name":"Территория усадебной застройки","gp_func_zone_code":"11010000","gp_func_zone_code_id":19,"id":4656982,"zone_type_id":8},"type":"Feature"},{"bbox":[69.1897,54.8422,69.1927,54.8452],"geometry":{"coordinates":[[[[69.1924,54.8452],[69.1927,54.8423],[69.19,54.8422],[69.1897,54.8451],[69.1924,54.8452]]]],"type":"MultiPolygon"},"geometry_name":"shape","id":"gp_functional_zones.fid--7752831e_19fad8546bb_4716","properties":{"area":5.64155600974841,"creation_doc_id":3586,"deactivation_doc_id":null,"func_zone_status_id":2,"ggk_zone_code":"11010000","ggk_zone_name":"Территория усадебной застройки","gp_func_zone_code":"11010000","gp_func_zone_code_id":19,"id":4656983,"zone_type_id":8},"type":"Feature"},{"bbox":[69.1812,54.8423,69.1848,54.8449],"geometry":{"coordinates":[[[[69.1848,54.8425],[69.1816,54.8424],[69.1816,54.8423],[69.1812,54.8448],[69.1845,54.8449],[69.1848,54.8425]]]],"type":"MultiPolygon"},"geometry_name":"shape","id":"gp_functional_zones.fid--7752831e_19fad8546bb_4717","properties":{"area":5.75817460441831,"creation_doc_id":3586,"deactivation_doc_id":null,"func_zone_status_id":2,"ggk_zone_code":"11010000","ggk_zone_name":"Территория усадебной застройки","gp_func_zone_code":"11010000","gp_func_zone_code_id":19,"id":4656984,"zone_type_id":8},"type":"Feature"},{"bbox":[69.1811,54.8451,69.1844,54.8474],"geometry":{"coordinates":[[[[69.1811,54.8455],[69.1812,54.8457],[69.1813,54.8458],[69.1814,54.8459],[69.1814,54.846],[69.1814,54.846],[69.1815,54.8461],[69.1816,54.8462],[69.1817,54.8463],[69.1819,54.8463],[69.1822,54.8464],[69.1826,54.8465],[69.1829,54.8465],[69.183,54.8464],[69.1831,54.8466],[69.1833,54.8469],[69.1834,54.847],[69.1834,54.8472],[69.1835,54.8473],[69.1841,54.8474],[69.1844,54.8452],[69.1812,54.8451],[69.1811,54.8455]]]],"type":"MultiPolygon"},"geometry_name":"shape","id":"gp_functional_zones.fid--7752831e_19fad8546bb_4718","properties":{"area":3.43524826674547,"creation_doc_id":3586,"deactivation_doc_id":null,"func_zone_status_id":2,"ggk_zone_code":"11010000","ggk_zone_name":"Территория усадебной застройки","gp_func_zone_code":"11010000","gp_func_zone_code_id":19,"id":4656985,"zone_type_id":8},"type":"Feature"},{"bbox":[69.1845,54.8459,69.1873,54.8476],"geometry":{"coordinates":[[[[69.1873,54.846],[69.1847,54.8459],[69.18452342342343,54.8474009009009],[69.1871,54.8475],[69.1873,54.846]]],[[[69.1845,54.8476],[69.18452342342343,54.8474009009009],[69.1845,54.8474],[69.1845,54.8476]]]],"type":"MultiPolygon"},"geometry_name":"shape","id":"gp_functional_zones.fid--7752831e_19fad8546bb_4719","properties":{"area":2.79299750376697,"creation_doc_id":3586,"deactivation_doc_id":null,"func_zone_status_id":2,"ggk_zone_code":"11010000","ggk_zone_name":"Территория усадебной застройки","gp_func_zone_code":"11010000","gp_func_zone_code_id":19,"id":4656986,"zone_type_id":8},"type":"Feature"},{"bbox":[69.1808,54.846,69.1833,54.8476],"geometry":{"coordinates":[[[[69.1811,54.8461],[69.181,54.846],[69.181,54.846],[69.1808,54.8474],[69.1811,54.8475],[69.1833,54.8476],[69.1833,54.8475],[69.1832,54.8473],[69.1826,54.8467],[69.1824,54.8466],[69.182,54.8465],[69.1818,54.8465],[69.1814,54.8465],[69.1812,54.8463],[69.1812,54.8462],[69.1811,54.8461]]]],"type":"MultiPolygon"},"geometry_name":"shape","id":"gp_functional_zones.fid--7752831e_19fad8546bb_471a","properties":{"area":1.54525194074947,"creation_doc_id":3586,"deactivation_doc_id":null,"func_zone_status_id":2,"ggk_zone_code":"11010000","ggk_zone_name":"Территория усадебной застройки","gp_func_zone_code":"11010000","gp_func_zone_code_id":19,"id":4656987,"zone_type_id":8},"type":"Feature"},{"bbox":[69.1588,54.8438,69.1641,54.8466],"geometry":{"coordinates":[[[[69.164,54.8443],[69.1596,54.8438],[69.1596,54.8438],[69.1589,54.8459],[69.1588,54.8461],[69.1588,54.8461],[69.1637,54.8466],[69.1638,54.8465],[69.1641,54.8443],[69.164,54.8443]]]],"type":"MultiPolygon"},"geometry_name":"shape","id":"gp_functional_zones.fid--7752831e_19fad8546bb_471b","properties":{"area":8.09298246834395,"creation_doc_id":3586,"deactivation_doc_id":null,"func_zone_status_id":2,"ggk_zone_code":"11010000","ggk_zone_name":"Территория усадебной застройки","gp_func_zone_code":"11010000","gp_func_zone_code_id":19,"id":4656988,"zone_type_id":8},"type":"Feature"},{"bbox":[69.1641,54.8443,69.1685,54.8469],"geometry":{"coordinates":[[[[69.1644,54.8443],[69.1644,54.8443],[69.1641,54.8465],[69.1641,54.8467],[69.1655,54.8467],[69.1658,54.8468],[69.1684,54.8469],[69.1684,54.8467],[69.1685,54.8462],[69.1661,54.8461],[69.1662,54.8455],[69.1663,54.8444],[69.1661,54.8444],[69.1658,54.8444],[69.1644,54.8443]]]],"type":"MultiPolygon"},"geometry_name":"shape","id":"gp_functional_zones.fid--7752831e_19fad8546bb_471c","properties":{"area":4.35886715725176,"creation_doc_id":3586,"deactivation_doc_id":null,"func_zone_status_id":2,"ggk_zone_code":"11010000","ggk_zone_name":"Территория усадебной застройки","gp_func_zone_code":"11010000","gp_func_zone_code_id":19,"id":4656989,"zone_type_id":8},"type":"Feature"},{"bbox":[69.184,54.8481,69.1888,54.8508],"geometry":{"coordinates":[[[[69.1875,54.8508],[69.1876,54.8505],[69.1885,54.8506],[69.1885,54.8506],[69.1885,54.8506],[69.1885,54.8506],[69.1885,54.8506],[69.1885,54.8505],[69.1885,54.8505],[69.1885,54.8505],[69.1885,54.8505],[69.1885,54.8505],[69.1885,54.8505],[69.1885,54.8505],[69.1885,54.8505],[69.1885,54.8505],[69.1885,54.8505],[69.1885,54.8505],[69.1885,54.8505],[69.1885,54.8505],[69.1885,54.8505],[69.1885,54.8505],[69.1885,54.8505],[69.1885,54.8505],[69.1885,54.8505],[69.1885,54.8505],[69.1885,54.8505],[69.1885,54.8504],[69.1885,54.8504],[69.1885,54.8504],[69.1885,54.8504],[69.1885,54.8504],[69.1885,54.8504],[69.1888,54.8484],[69.1873,54.8483],[69.1873,54.8481],[69.187,54.8481],[69.187,54.8483],[69.1865,54.8482],[69.1864,54.8487],[69.1843,54.8486],[69.1843,54.8486],[69.184,54.8507],[69.1866,54.8508],[69.187,54.8508],[69.1875,54.8508]]]],"type":"MultiPolygon"},"geometry_name":"shape","id":"gp_functional_zones.fid--7752831e_19fad8546bb_471d","properties":{"area":7.2867055074513,"creation_doc_id":3586,"deactivation_doc_id":null,"func_zone_status_id":2,"ggk_zone_code":"11010000","ggk_zone_name":"Территория усадебной застройки","gp_func_zone_code":"11010000","gp_func_zone_code_id":19,"id":4656990,"zone_type_id":8},"type":"Feature"},{"bbox":[69.1804,54.8478,69.184,54.8506],"geometry":{"coordinates":[[[[69.1836,54.8506],[69.184,54.8481],[69.184,54.848],[69.1807,54.8478],[69.1804,54.8502],[69.182,54.8504],[69.1822,54.8504],[69.1822,54.8504],[69.1824,54.8499],[69.1829,54.85],[69.1829,54.8505],[69.1829,54.8505],[69.1836,54.8506],[69.1836,54.8506]]]],"type":"MultiPolygon"},"geometry_name":"shape","id":"gp_functional_zones.fid--7752831e_19fad8546bb_471e","properties":{"area":5.72416447601522,"creation_doc_id":3586,"deactivation_doc_id":null,"func_zone_status_id":2,"ggk_zone_code":"11010000","ggk_zone_name":"Территория усадебной застройки","gp_func_zone_code":"11010000","gp_func_zone_code_id":19,"id":4656991,"zone_type_id":8},"type":"Feature"},{"bbox":[69.1889,54.8484,69.192,54.851],"geometry":{"coordinates":[[[[69.1918,54.851],[69.192,54.8488],[69.1907,54.8487],[69.1907,54.8484],[69.1892,54.8484],[69.1889,54.8504],[69.1889,54.8504],[69.1889,54.8504],[69.1889,54.8504],[69.1889,54.8504],[69.1889,54.8504],[69.1889,54.8505],[69.1889,54.8505],[69.1889,54.8505],[69.1889,54.8505],[69.1889,54.8505],[69.1889,54.8505],[69.1889,54.8505],[69.1889,54.8505],[69.1889,54.8505],[69.1889,54.8505],[69.1889,54.8505],[69.1889,54.8505],[69.1889,54.8505],[69.1889,54.8505],[69.1889,54.8505],[69.1889,54.8505],[69.1889,54.8505],[69.1889,54.8505],[69.1889,54.8505],[69.1889,54.8505],[69.1889,54.8505],[69.1889,54.8505],[69.1889,54.8505],[69.1889,54.8505],[69.1889,54.8505],[69.1889,54.8505],[69.1889,54.8505],[69.1889,54.8506],[69.1889,54.8506],[69.1889,54.8506],[69.1889,54.8506],[69.1889,54.8506],[69.1889,54.8506],[69.1889,54.8506],[69.1889,54.8506],[69.1889,54.8506],[69.1889,54.8506],[69.1889,54.8506],[69.1889,54.8506],[69.1891,54.8508],[69.1891,54.8508],[69.1891,54.8508],[69.1891,54.8508],[69.1891,54.8508],[69.1891,54.8508],[69.1891,54.8508],[69.1891,54.8508],[69.1891,54.8508],[69.1891,54.8509],[69.1892,54.8509],[69.1892,54.8509],[69.1892,54.8509],[69.1892,54.8509],[69.1892,54.8509],[69.1892,54.8509],[69.1892,54.8509],[69.1892,54.8509],[69.1895,54.8509],[69.1896,54.8506],[69.1904,54.8507],[69.1904,54.851],[69.1918,54.851]]]],"type":"MultiPolygon"},"geometry_name":"shape","id":"gp_functional_zones.fid--7752831e_19fad8546bb_471f","properties":{"area":4.77240118734819,"creation_doc_id":3586,"deactivation_doc_id":null,"func_zone_status_id":2,"ggk_zone_code":"11010000","ggk_zone_name":"Территория усадебной застройки","gp_func_zone_code":"11010000","gp_func_zone_code_id":19,"id":4656992,"zone_type_id":8},"type":"Feature"},{"bbox":[69.1434,54.9332,69.1492,54.9356],"geometry":{"coordinates":[[[[69.1479,54.9332],[69.1478,54.9332],[69.1478,54.9332],[69.1477,54.9332],[69.1476,54.9332],[69.1475,54.9332],[69.1475,54.9332],[69.1474,54.9333],[69.1473,54.9333],[69.1473,54.9333],[69.1472,54.9333],[69.1471,54.9333],[69.1471,54.9334],[69.147,54.9334],[69.147,54.9334],[69.1469,54.9335],[69.1469,54.9335],[69.1462,54.934],[69.1461,54.9341],[69.1461,54.9341],[69.1461,54.9341],[69.1461,54.9341],[69.1461,54.9341],[69.146,54.9342],[69.146,54.9342],[69.146,54.9342],[69.1459,54.9342],[69.1459,54.9342],[69.1459,54.9342],[69.1458,54.9343],[69.1458,54.9343],[69.1457,54.9343],[69.1456,54.9343],[69.1456,54.9344],[69.1455,54.9344],[69.1454,54.9344],[69.1454,54.9344],[69.1453,54.9344],[69.1435,54.9348],[69.1435,54.9348],[69.1435,54.9348],[69.1434,54.9348],[69.1434,54.9348],[69.1434,54.9349],[69.1434,54.9349],[69.1434,54.9349],[69.1435,54.9349],[69.1435,54.9349],[69.1436,54.9349],[69.1436,54.9349],[69.1436,54.9349],[69.1436,54.9349],[69.1437,54.935],[69.1438,54.935],[69.1438,54.935],[69.1438,54.935],[69.144,54.9351],[69.1441,54.9351],[69.1442,54.9351],[69.1444,54.9351],[69.148,54.9356],[69.1492,54.9334],[69.1492,54.9334],[69.1492,54.9334],[69.1492,54.9334],[69.1492,54.9334],[69.1492,54.9334],[69.1482,54.9332],[69.1481,54.9332],[69.1481,54.9332],[69.148,54.9332],[69.1479,54.9332]]]],"type":"MultiPolygon"},"geometry_name":"shape","id":"gp_functional_zones.fid--7752831e_19fad8546bb_4777","properties":{"area":5.00403864608937,"creation_doc_id":3586,"deactivation_doc_id":null,"func_zone_status_id":3,"ggk_zone_code":"11010000","ggk_zone_name":"Территория усадебной застройки","gp_func_zone_code":"11010000","gp_func_zone_code_id":19,"id":4657082,"zone_type_id":8},"type":"Feature"},{"bbox":[69.2013,54.9412,69.2021,54.942],"geometry":{"coordinates":[[[[69.2016,54.9417],[69.2021,54.9412],[69.2019,54.9412],[69.2016,54.9412],[69.2013,54.9414],[69.2013,54.9418],[69.2014,54.942],[69.2014,54.942],[69.2015,54.9418],[69.2016,54.9417]]]],"type":"MultiPolygon"},"geometry_name":"shape","id":"gp_functional_zones.fid--7752831e_19fad8546bb_4778","properties":{"area":0.196017842907835,"creation_doc_id":3586,"deactivation_doc_id":null,"func_zone_status_id":3,"ggk_zone_code":"11010000","ggk_zone_name":"Территория усадебной застройки","gp_func_zone_code":"11010000","gp_func_zone_code_id":19,"id":4657083,"zone_type_id":8},"type":"Feature"},{"bbox":[69.2092,54.941,69.2106,54.9424],"geometry":{"coordinates":[[[[69.2106,54.9421],[69.2099,54.942],[69.2105,54.9412],[69.2098,54.941],[69.2099,54.9411],[69.21,54.9412],[69.2101,54.9414],[69.2098,54.9414],[69.2097,54.9414],[69.2095,54.9417],[69.2094,54.9418],[69.2092,54.9422],[69.2094,54.9424],[69.2101,54.9423],[69.2103,54.9422],[69.2106,54.9421]]]],"type":"MultiPolygon"},"geometry_name":"shape","id":"gp_functional_zones.fid--7752831e_19fad8546bb_4779","properties":{"area":0.636494776230814,"creation_doc_id":3586,"deactivation_doc_id":null,"func_zone_status_id":3,"ggk_zone_code":"11010000","ggk_zone_name":"Территория усадебной застройки","gp_func_zone_code":"11010000","gp_func_zone_code_id":19,"id":4657084,"zone_type_id":8},"type":"Feature"},{"bbox":[69.2017,54.9426,69.2035,54.9432],"geometry":{"coordinates":[[[69.2018,54.9426],[69.203,54.943],[69.2033,54.9432],[69.2034,54.9431],[69.2035,54.9429],[69.203,54.9427],[69.202,54.9426],[69.2018,54.9426]]],"type":"Polygon"},"geometry_name":"shape","id":"gp_functional_zones.fid--7752831e_19fad8546bb_477a","properties":{"area":0.293807428600831,"creation_doc_id":3586,"deactivation_doc_id":null,"func_zone_status_id":3,"ggk_zone_code":"11010000","ggk_zone_name":"Территория усадебной застройки","gp_func_zone_code":"11010000","gp_func_zone_code_id":19,"id":4657085,"zone_type_id":8},"type":"Feature"},{"bbox":[69.1897,54.9295,69.2149,54.9455],"geometry":{"coordinates":[[[[69.2083,54.9317],[69.207,54.9312],[69.2074,54.9315],[69.2081,54.9319],[69.2083,54.9317]]],[[[69.2041,54.9319],[69.20411038961039,54.93189220779221],[69.20360000000002,54.93162000000002],[69.2041,54.9319]]],[[[69.2059,54.9334],[69.2065,54.9337],[69.20592975206611,54.93337768595041],[69.2059,54.9334]]],[[[69.2113,54.9347],[69.2127,54.9354],[69.2127,54.935399999999994],[69.2113,54.9347]]],[[[69.2049,54.9304],[69.2046,54.9303],[69.2036,54.9299],[69.2029,54.9303],[69.2021,54.9299],[69.2022,54.9298],[69.2026,54.9295],[69.2025,54.9295],[69.2001,54.9317],[69.1979,54.9337],[69.1903,54.9406],[69.1897,54.9411],[69.1898,54.9411],[69.1901,54.9412],[69.1899,54.9416],[69.1897,54.9418],[69.1986,54.9417],[69.1982,54.9417],[69.1979,54.9413],[69.1975,54.9407],[69.1975,54.9402],[69.1975,54.9401],[69.1967,54.9394],[69.1984,54.9386],[69.1996,54.938],[69.2002,54.9376],[69.2013,54.9371],[69.2037,54.9358],[69.2047,54.9365],[69.2048,54.9366],[69.2051,54.9368],[69.2053,54.9369],[69.2053,54.937],[69.2047,54.9381],[69.2047,54.9383],[69.2046,54.9384],[69.2043,54.9396],[69.2042,54.9398],[69.2041,54.94],[69.2036,54.9413],[69.2034,54.9418],[69.2036,54.9418],[69.2038,54.9421],[69.2038,54.9422],[69.2041,54.9405],[69.2046,54.9391],[69.2046,54.939],[69.2046,54.9389],[69.2048,54.9381],[69.2052,54.9374],[69.2054,54.9371],[69.2054,54.9372],[69.206,54.9377],[69.2065,54.938],[69.2062,54.9384],[69.2058,54.939],[69.2058,54.9392],[69.2055,54.9403],[69.2052,54.9412],[69.2049,54.9421],[69.2046,54.9424],[69.20402857142857,54.942328571428575],[69.2041,54.9424],[69.2046,54.9426],[69.2048,54.9427],[69.2049,54.9427],[69.205,54.9426],[69.2051,54.9425],[69.2053,54.9423],[69.2058,54.9423],[69.206,54.9423],[69.2063,54.9421],[69.2064,54.9419],[69.2063,54.9417],[69.2066,54.9416],[69.2069,54.9416],[69.207,54.9417],[69.2076,54.9418],[69.2079,54.9418],[69.2081,54.9417],[69.2084,54.9416],[69.2084,54.9415],[69.2077,54.9417],[69.2068,54.9411],[69.2066,54.941],[69.20622857142857,54.94081428571429],[69.2062,54.9409],[69.2061,54.941],[69.206,54.9416],[69.2061,54.9418],[69.2059,54.9421],[69.2051,54.942],[69.2055,54.9405],[69.2063,54.9406],[69.2066,54.9401],[69.20650285714287,54.93971142857143],[69.2064,54.9397],[69.2065,54.9401],[69.2063,54.9405],[69.2056,54.9404],[69.2058,54.9395],[69.2059,54.9389],[69.2061,54.9387],[69.2065,54.9388],[69.2066,54.939],[69.2064,54.9393],[69.2065,54.9394],[69.20714000000007,54.93948000000001],[69.2066,54.9394],[69.2065,54.9393],[69.2067,54.939],[69.2066,54.9388],[69.2064,54.9387],[69.2062,54.9386],[69.2066,54.9382],[69.2074,54.9385],[69.2077,54.9386],[69.2101,54.939],[69.2111,54.9392],[69.21169999999995,54.939399999999985],[69.2104,54.9389],[69.2091,54.9387],[69.208,54.9385],[69.2069,54.9382],[69.2089,54.9371],[69.2095,54.9371],[69.2102,54.9375],[69.2099,54.9378],[69.2108,54.9383],[69.2111,54.9385],[69.212,54.939],[69.212,54.9392],[69.2117,54.9394],[69.2123,54.9396],[69.2121,54.94],[69.2121,54.9402],[69.212,54.9403],[69.2118,54.9403],[69.2115,54.9406],[69.2117,54.9407],[69.2115,54.941],[69.2106,54.9407],[69.2102,54.9406],[69.2105,54.9401],[69.2103,54.9401],[69.2103,54.9402],[69.2103,54.9403],[69.2102,54.9405],[69.2096,54.9404],[69.2096,54.9402],[69.2092,54.9402],[69.2092,54.9403],[69.2091,54.9406],[69.2083,54.9404],[69.2082,54.9403],[69.2079,54.9402],[69.2076,54.94],[69.2077,54.9396],[69.2093,54.9398],[69.2073,54.93950370370371],[69.2073,54.93978],[69.2075,54.9398],[69.2075,54.9401],[69.2086,54.9407],[69.2088,54.9406],[69.2093,54.9407],[69.2093,54.9409],[69.2095,54.9413],[69.2094,54.941],[69.2094,54.9409],[69.2096,54.9406],[69.2099,54.9407],[69.2103,54.9408],[69.2111,54.941],[69.2112,54.9411],[69.212,54.9413],[69.2115,54.942],[69.2109,54.9418],[69.2106,54.9421],[69.2109,54.9422],[69.2109,54.9423],[69.2108,54.9425],[69.2107,54.9426],[69.2105,54.9428],[69.2106,54.9429],[69.2109,54.9431],[69.2109,54.9433],[69.2108,54.9434],[69.2106,54.9436],[69.2101,54.9438],[69.2099,54.9439],[69.2095,54.944],[69.2092,54.9438],[69.2094,54.9435],[69.2097,54.9432],[69.2097,54.943],[69.2097,54.9428],[69.2094,54.9427],[69.2091,54.9427],[69.2089,54.9427],[69.2085,54.9428],[69.208,54.9431],[69.2079,54.9432],[69.2076,54.9434],[69.2075,54.9437],[69.2074,54.9439],[69.2077,54.944],[69.2082,54.9442],[69.2083,54.9444],[69.208,54.9445],[69.2072,54.9447],[69.2094,54.9455],[69.2101,54.9455],[69.212,54.9439],[69.2121,54.9438],[69.2126,54.9407],[69.2131,54.9381],[69.2136,54.935],[69.2138,54.9344],[69.2144,54.9347],[69.2149,54.9343],[69.2131,54.9336],[69.2093,54.9321],[69.2091,54.9321],[69.2089,54.9319],[69.2081,54.9326],[69.2078,54.9328],[69.2073,54.9332],[69.2065,54.9337],[69.2061,54.9339],[69.2039,54.9326],[69.2042,54.9324],[69.20592975206611,54.93337768595041],[69.2063,54.9331],[69.2052,54.9324],[69.2047,54.9321],[69.2054,54.9317],[69.2051,54.9315],[69.2059,54.931],[69.2049,54.9304]],[[69.2067,54.938],[69.2063,54.9378],[69.2055,54.9372],[69.2056,54.9371],[69.2053,54.9368],[69.2038,54.9358],[69.2045,54.9355],[69.2045,54.9354],[69.2047,54.9354],[69.2052,54.935],[69.2058,54.9354],[69.2063,54.936],[69.2071,54.9363],[69.2077,54.9366],[69.2081,54.9368],[69.2087,54.9371],[69.2069,54.9382],[69.2067,54.938]],[[69.2077,54.9364],[69.2073,54.9362],[69.2068,54.9359],[69.2077,54.9349],[69.2095,54.9354],[69.2098,54.9355],[69.2099,54.9355],[69.2103,54.9356],[69.2107,54.9356],[69.2116,54.9358],[69.2126,54.9361],[69.2125,54.9365],[69.2122,54.937],[69.2113,54.9367],[69.2112,54.9368],[69.2106,54.9367],[69.2098,54.9365],[69.2089,54.9371],[69.2077,54.9364]],[[69.2113,54.9346],[69.2102,54.9341],[69.2112,54.9334],[69.2118,54.9336],[69.2113,54.934],[69.2117,54.9342],[69.2127,54.9347],[69.2126,54.9348],[69.213,54.9351],[69.2129,54.9352],[69.2127,54.935399999999994],[69.2129,54.9355],[69.2126,54.9359],[69.2123,54.9359],[69.2119,54.9357],[69.2115,54.9355],[69.2115,54.9356],[69.2108,54.9354],[69.2107,54.9353],[69.2099,54.935],[69.2095,54.9353],[69.2086,54.935],[69.2099,54.9341],[69.2108,54.9346],[69.2111,54.9346],[69.2113,54.9346]],[[69.2085,54.9349],[69.2072,54.9343],[69.2071,54.9343],[69.2064,54.934],[69.2069,54.9336],[69.2077,54.934],[69.2077,54.9339],[69.2072,54.9337],[69.207,54.9336],[69.2073,54.9334],[69.2076,54.9332],[69.208,54.9334],[69.2083,54.9332],[69.208,54.9331],[69.2091,54.9325],[69.2099,54.9328],[69.2106,54.9331],[69.2102,54.9334],[69.2106,54.9336],[69.21,54.934],[69.2094,54.9337],[69.2093,54.9337],[69.2099,54.934],[69.2094,54.9344],[69.2081,54.9338],[69.208,54.9338],[69.2082,54.9339],[69.2087,54.9341],[69.2093,54.9344],[69.2085,54.9349]],[[69.2013,54.9326],[69.2009,54.9325],[69.201,54.9324],[69.2018,54.9321],[69.2008,54.9314],[69.2012,54.9311],[69.2032,54.9324],[69.2042,54.9329],[69.2043,54.9329],[69.2044,54.9329],[69.206,54.9339],[69.2058,54.9341],[69.2062,54.9344],[69.2052,54.9349],[69.2048,54.9346],[69.203,54.9335],[69.2014,54.9326],[69.2013,54.9326]],[[69.2033,54.9351],[69.2024,54.9345],[69.2017,54.9343],[69.2015,54.9342],[69.2006,54.934],[69.199,54.9333],[69.1997,54.9326],[69.2002,54.9326],[69.2004,54.9327],[69.2009,54.9326],[69.2012,54.9327],[69.2024,54.9333],[69.2027,54.9335],[69.2028,54.9335],[69.2033,54.9338],[69.2051,54.935],[69.2039,54.9356],[69.2033,54.9351]],[[69.1994,54.9368],[69.1991,54.9365],[69.199,54.9365],[69.1991,54.9364],[69.2001,54.9359],[69.2009,54.9354],[69.1995,54.9347],[69.1981,54.934],[69.198,54.9339],[69.1984,54.9334],[69.1987,54.9332],[69.1989,54.9333],[69.199,54.9334],[69.2004,54.934],[69.2011,54.9342],[69.2022,54.9345],[69.2026,54.9348],[69.2028,54.9349],[69.2038,54.9357],[69.201,54.9371],[69.2004,54.9375],[69.1973,54.9386],[69.1956,54.9392],[69.1947,54.9383],[69.1962,54.9377],[69.1963,54.9378],[69.1967,54.9377],[69.1967,54.9378],[69.1994,54.9368]],[[69.1955,54.9394],[69.1918,54.9405],[69.1917,54.9405],[69.1918,54.94],[69.1921,54.9398],[69.1937,54.9388],[69.1941,54.9386],[69.1943,54.9385],[69.1945,54.9383],[69.1952,54.9391],[69.1955,54.9394]],[[69.1953,54.9402],[69.1948,54.9398],[69.1957,54.9396],[69.196,54.9399],[69.1953,54.9402]],[[69.2065,54.9359],[69.2053,54.935],[69.2064,54.9344],[69.2076,54.9349],[69.2067,54.9358],[69.2066,54.9358],[69.2065,54.9359]],[[69.1947,54.9405],[69.1957,54.9406],[69.1955,54.9412],[69.1945,54.9411],[69.1947,54.9405]],[[69.2034,54.9324],[69.2012,54.9309],[69.2015,54.9305],[69.20360000000002,54.93162000000002],[69.2016,54.9305],[69.2016,54.9304],[69.2021,54.93],[69.2042,54.9311],[69.2045,54.9316],[69.20411038961039,54.93189220779221],[69.2045,54.9321],[69.2036,54.9325],[69.2034,54.9324]]],[[[69.20714000000007,54.93948000000001],[69.2073,54.93950370370371],[69.2073,54.9395],[69.20714000000007,54.93948000000001]]],[[[69.2073,54.9398],[69.2073,54.93978],[69.2065,54.9397],[69.20650285714287,54.93971142857143],[69.2073,54.9398]]],[[[69.20622857142857,54.94081428571429],[69.2063,54.9406],[69.2062,54.9408],[69.20622857142857,54.94081428571429]]],[[[69.2038,54.9423],[69.20402857142857,54.942328571428575],[69.204,54.9423],[69.2038,54.9423]]]],"type":"MultiPolygon"},"geometry_name":"shape","id":"gp_functional_zones.fid--7752831e_19fad8546bb_477f","properties":{"area":55.2414383658932,"creation_doc_id":3586,"deactivation_doc_id":null,"func_zone_status_id":3,"ggk_zone_code":"11010000","ggk_zone_name":"Территория усадебной застройки","gp_func_zone_code":"11010000","gp_func_zone_code_id":19,"id":4657091,"zone_type_id":8},"type":"Feature"},{"bbox":[69.1844,54.9423,69.1891,54.9482],"geometry":{"coordinates":[[[[69.1891,54.9423],[69.18825294117647,54.9431],[69.1883,54.9431],[69.1891,54.9423]]],[[[69.1861,54.94513333333335],[69.18825294117647,54.9431],[69.1882,54.9431],[69.1862,54.945],[69.1861,54.94513333333335]]],[[[69.1855,54.9457],[69.1852,54.9456],[69.1851,54.9457],[69.1854,54.9457],[69.1854,54.9459],[69.1853,54.946],[69.1852,54.9461],[69.185,54.9462],[69.1849,54.9463],[69.1844,54.9481],[69.1844,54.9482],[69.1848,54.9482],[69.1858,54.9482],[69.1859,54.9454],[69.1861,54.94513333333335],[69.1855,54.9457]]]],"type":"MultiPolygon"},"geometry_name":"shape","id":"gp_functional_zones.fid--7752831e_19fad8546bb_4780","properties":{"area":2.02034509162084,"creation_doc_id":3586,"deactivation_doc_id":null,"func_zone_status_id":3,"ggk_zone_code":"11010000","ggk_zone_name":"Территория усадебной застройки","gp_func_zone_code":"11010000","gp_func_zone_code_id":19,"id":4657092,"zone_type_id":8},"type":"Feature"},{"bbox":[69.1411,54.9576,69.1433,54.9592],"geometry":{"coordinates":[[[[69.1427,54.958],[69.1423,54.9576],[69.1415,54.9576],[69.1411,54.9577],[69.1414,54.9582],[69.1421,54.9592],[69.1433,54.959],[69.1427,54.958]]]],"type":"MultiPolygon"},"geometry_name":"shape","id":"gp_functional_zones.fid--7752831e_19fad8546bb_4783","properties":{"area":1.40556041448851,"creation_doc_id":3586,"deactivation_doc_id":null,"func_zone_status_id":2,"ggk_zone_code":"11010000","ggk_zone_name":"Территория усадебной застройки","gp_func_zone_code":"11010000","gp_func_zone_code_id":19,"id":4657095,"zone_type_id":8},"type":"Feature"},{"bbox":[69.1397,54.9577,69.142,54.9595],"geometry":{"coordinates":[[[[69.1413,54.9582],[69.1409,54.9577],[69.1397,54.9578],[69.14,54.9583],[69.14,54.9583],[69.1408,54.9595],[69.1419,54.9593],[69.142,54.9593],[69.142,54.9593],[69.1413,54.9582]]]],"type":"MultiPolygon"},"geometry_name":"shape","id":"gp_functional_zones.fid--7752831e_19fad8546bb_4784","properties":{"area":1.56315318457038,"creation_doc_id":3586,"deactivation_doc_id":null,"func_zone_status_id":2,"ggk_zone_code":"11010000","ggk_zone_name":"Территория усадебной застройки","gp_func_zone_code":"11010000","gp_func_zone_code_id":19,"id":4657096,"zone_type_id":8},"type":"Feature"},{"bbox":[69.1381,54.9578,69.1406,54.9598],"geometry":{"coordinates":[[[[69.1406,54.9596],[69.1398,54.9584],[69.1398,54.9584],[69.1394,54.9578],[69.1393,54.9579],[69.1393,54.9579],[69.1393,54.9579],[69.1393,54.9579],[69.1381,54.9579],[69.1388,54.9589],[69.1388,54.9589],[69.1394,54.9598],[69.1406,54.9596]]]],"type":"MultiPolygon"},"geometry_name":"shape","id":"gp_functional_zones.fid--7752831e_19fad8546bb_4785","properties":{"area":1.73432257664304,"creation_doc_id":3586,"deactivation_doc_id":null,"func_zone_status_id":2,"ggk_zone_code":"11010000","ggk_zone_name":"Территория усадебной застройки","gp_func_zone_code":"11010000","gp_func_zone_code_id":19,"id":4657097,"zone_type_id":8},"type":"Feature"},{"bbox":[69.1858,54.9417,69.2094,54.9505],"geometry":{"coordinates":[[[[69.1897,54.9418],[69.1897,54.9418],[69.1896,54.9419],[69.1892,54.9422],[69.1892,54.9423],[69.1891,54.9423],[69.1883,54.9431],[69.1882,54.9431],[69.1862,54.945],[69.1859,54.9454],[69.1858,54.9482],[69.196,54.9482],[69.196,54.9482],[69.196,54.9482],[69.196,54.9482],[69.1969,54.9482],[69.197,54.9482],[69.197,54.9482],[69.197,54.9482],[69.1974,54.9483],[69.1974,54.9483],[69.1974,54.9483],[69.1975,54.9483],[69.1979,54.9484],[69.1979,54.9484],[69.1979,54.9484],[69.1979,54.9484],[69.1984,54.9485],[69.1984,54.9485],[69.1984,54.9485],[69.1984,54.9485],[69.1984,54.9485],[69.1984,54.9485],[69.1984,54.9485],[69.1988,54.9486],[69.1988,54.9486],[69.1989,54.9486],[69.1989,54.9486],[69.1995,54.9489],[69.1995,54.9489],[69.1995,54.9489],[69.1995,54.9489],[69.2032,54.9505],[69.2069,54.9474],[69.2082,54.9464],[69.2094,54.9455],[69.2072,54.9447],[69.2033,54.9432],[69.203,54.943],[69.2018,54.9426],[69.2017,54.9426],[69.1995,54.9417],[69.1986,54.9417],[69.1965,54.9418],[69.1941,54.9418],[69.1897,54.9418]]]],"type":"MultiPolygon"},"geometry_name":"shape","id":"gp_functional_zones.fid--7752831e_19fad8546bb_4786","properties":{"area":93.7255435699538,"creation_doc_id":3586,"deactivation_doc_id":null,"func_zone_status_id":3,"ggk_zone_code":"11010000","ggk_zone_name":"Территория усадебной застройки","gp_func_zone_code":"11010000","gp_func_zone_code_id":19,"id":4657098,"zone_type_id":8},"type":"Feature"},{"bbox":[69.2101,54.9344,69.2274,54.9512],"geometry":{"coordinates":[[[[69.2203,54.9367],[69.2201,54.9366],[69.2201,54.9366],[69.22,54.9365],[69.2197,54.9367],[69.2189,54.9364],[69.2187,54.9365],[69.2144,54.9347],[69.2144,54.9347],[69.2138,54.9344],[69.2136,54.935],[69.2131,54.9381],[69.2126,54.9407],[69.2121,54.9438],[69.212,54.9439],[69.212,54.9439],[69.2101,54.9455],[69.2238,54.9512],[69.2274,54.9485],[69.2266,54.948],[69.2266,54.948],[69.2264,54.9478],[69.2258,54.9473],[69.2258,54.9473],[69.2258,54.9473],[69.225,54.9465],[69.2249,54.9463],[69.2249,54.9463],[69.2238,54.9441],[69.2238,54.9441],[69.2225,54.9408],[69.2225,54.9408],[69.2216,54.9387],[69.2216,54.9386],[69.2215,54.9383],[69.2215,54.9383],[69.2214,54.9381],[69.2214,54.9381],[69.2213,54.9378],[69.2213,54.9378],[69.2212,54.9377],[69.2211,54.9376],[69.2211,54.9375],[69.2209,54.9374],[69.2209,54.9374],[69.2208,54.9372],[69.2208,54.9372],[69.2208,54.9372],[69.2207,54.9371],[69.2206,54.937],[69.2206,54.937],[69.2206,54.937],[69.2205,54.9369],[69.2204,54.9368],[69.2204,54.9368],[69.2203,54.9367]]]],"type":"MultiPolygon"},"geometry_name":"shape","id":"gp_functional_zones.fid--7752831e_19fad8546bb_4787","properties":{"area":104.096042625592,"creation_doc_id":3586,"deactivation_doc_id":null,"func_zone_status_id":3,"ggk_zone_code":"11010000","ggk_zone_name":"Территория усадебной застройки","gp_func_zone_code":"11010000","gp_func_zone_code_id":19,"id":4657099,"zone_type_id":8},"type":"Feature"},{"bbox":[69.2037,54.9458,69.2235,54.9563],"geometry":{"coordinates":[[[[69.2235,54.9515],[69.2098,54.9458],[69.2089,54.9465],[69.2071,54.9479],[69.2037,54.9507],[69.2172,54.9563],[69.2235,54.9515]]]],"type":"MultiPolygon"},"geometry_name":"shape","id":"gp_functional_zones.fid--7752831e_19fad8546bb_4788","properties":{"area":72.2066389993002,"creation_doc_id":3586,"deactivation_doc_id":null,"func_zone_status_id":3,"ggk_zone_code":"11010000","ggk_zone_name":"Территория усадебной застройки","gp_func_zone_code":"11010000","gp_func_zone_code_id":19,"id":4657100,"zone_type_id":8},"type":"Feature"},{"bbox":[69.2243,54.9487,69.2422,54.9566],"geometry":{"coordinates":[[[[69.2282,54.9489],[69.2279,54.9487],[69.2275,54.949],[69.2271,54.9493],[69.2243,54.9514],[69.2366,54.9566],[69.24,54.9555],[69.2422,54.9534],[69.2386,54.9523],[69.2386,54.9523],[69.2311,54.95],[69.2311,54.95],[69.2295,54.9494],[69.2295,54.9494],[69.2285,54.949],[69.2285,54.949],[69.2282,54.9489]]]],"type":"MultiPolygon"},"geometry_name":"shape","id":"gp_functional_zones.fid--7752831e_19fad8546bb_4789","properties":{"area":44.5153141101707,"creation_doc_id":3586,"deactivation_doc_id":null,"func_zone_status_id":3,"ggk_zone_code":"11010000","ggk_zone_name":"Территория усадебной застройки","gp_func_zone_code":"11010000","gp_func_zone_code_id":19,"id":4657101,"zone_type_id":8},"type":"Feature"},{"bbox":[69.2177,54.9517,69.236,54.9608],"geometry":{"coordinates":[[[[69.2272,54.9531],[69.224,54.9517],[69.2234,54.9522],[69.2213,54.9538],[69.2177,54.9565],[69.228,54.9608],[69.2285,54.9603],[69.2327,54.9578],[69.2329,54.9577],[69.2329,54.9577],[69.236,54.9568],[69.2278,54.9533],[69.2272,54.9531]]]],"type":"MultiPolygon"},"geometry_name":"shape","id":"gp_functional_zones.fid--7752831e_19fad8546bb_478a","properties":{"area":56.8113512218453,"creation_doc_id":3586,"deactivation_doc_id":null,"func_zone_status_id":3,"ggk_zone_code":"11010000","ggk_zone_name":"Территория усадебной застройки","gp_func_zone_code":"11010000","gp_func_zone_code_id":19,"id":4657102,"zone_type_id":8},"type":"Feature"}],"name":"AIS GGK lph-household allowed zones","type":"FeatureCollection"}