{"crs":{"properties":{"name":"urn:ogc:def:crs:OGC:1.3:CRS84"},"type":"name"},"features":[{"bbox":[69.1679,54.8579,69.1712,54.859],"geometry":{"coordinates":[[[69.1712,54.858],[69.1712,54.858],[69.1712,54.858],[69.1712,54.858],[69.1712,54.858],[69.1712,54.858],[69.1712,54.858],[69.1712,54.858],[69.1712,54.858],[69.1712,54.858],[69.1712,54.858],[69.1712,54.858],[69.1712,54.858],[69.1712,54.858],[69.1712,54.858],[69.1712,54.858],[69.1689,54.8579],[69.1689,54.8579],[69.1689,54.8579],[69.1688,54.8579],[69.1688,54.8579],[69.1688,54.8579],[69.1688,54.8579],[69.1688,54.8579],[69.1688,54.8579],[69.1688,54.8579],[69.1688,54.8579],[69.1679,54.8589],[69.1711,54.859],[69.1712,54.858]]],"type":"MultiLineString"},"geometry_name":"shape","id":"gp_red_lines.fid--7752831e_19fad8546bb_5736","properties":{"area":1.9993727964104,"creation_doc_id":3586,"deactivation_doc_id":null,"id":2504096},"type":"Feature"},{"bbox":[69.1512,54.8588,69.1561,54.8603],"geometry":{"coordinates":[[[69.1561,54.859],[69.1512,54.8588],[69.1539,54.8603],[69.1561,54.859]]],"type":"MultiLineString"},"geometry_name":"shape","id":"gp_red_lines.fid--7752831e_19fad8546bb_5737","properties":{"area":2.44243251350985,"creation_doc_id":3586,"deactivation_doc_id":null,"id":2508664},"type":"Feature"},{"bbox":[69.1356,54.8301,69.1407,54.8321],"geometry":{"coordinates":[[[69.1399,54.8321],[69.1399,54.832],[69.1399,54.832],[69.1399,54.8319],[69.1399,54.8319],[69.1399,54.8317],[69.1399,54.8317],[69.1399,54.8317],[69.1399,54.8317],[69.1399,54.8316],[69.1399,54.8316],[69.1399,54.8315],[69.1399,54.8315],[69.14,54.8314],[69.14,54.8313],[69.14,54.8312],[69.14,54.8312],[69.1401,54.8311],[69.1401,54.8311],[69.1402,54.8311],[69.1402,54.831],[69.1403,54.8309],[69.1403,54.8309],[69.1403,54.8309],[69.1404,54.8309],[69.1404,54.8309],[69.1405,54.8308],[69.1405,54.8308],[69.1406,54.8307],[69.1406,54.8307],[69.1407,54.8306],[69.1406,54.8306],[69.1406,54.8306],[69.1403,54.8306],[69.1403,54.8306],[69.14,54.8306],[69.14,54.8306],[69.1397,54.8306],[69.1397,54.8306],[69.1394,54.8306],[69.1394,54.8306],[69.1391,54.8305],[69.1391,54.8305],[69.1388,54.8305],[69.1388,54.8305],[69.1385,54.8305],[69.1385,54.8305],[69.1382,54.8305],[69.1382,54.8305],[69.1379,54.8304],[69.1379,54.8304],[69.1376,54.8304],[69.1376,54.8304],[69.1374,54.8304],[69.1373,54.8304],[69.1371,54.8303],[69.137,54.8303],[69.1368,54.8303],[69.1368,54.8303],[69.1365,54.8303],[69.1365,54.8303],[69.1362,54.8302],[69.1362,54.8302],[69.1359,54.8302],[69.1359,54.8302],[69.1356,54.8301],[69.1356,54.8301],[69.1358,54.8302],[69.1366,54.8306],[69.1371,54.8308],[69.1384,54.8314],[69.1399,54.8321],[69.1399,54.8321]]],"type":"MultiLineString"},"geometry_name":"shape","id":"gp_red_lines.fid--7752831e_19fad8546bb_5738","properties":{"area":2.46343579349565,"creation_doc_id":3586,"deactivation_doc_id":null,"id":2508842},"type":"Feature"},{"bbox":[69.1287,54.873,69.1324,54.8752],"geometry":{"coordinates":[[[69.1324,54.8737],[69.131,54.873],[69.1287,54.8744],[69.13,54.8752],[69.1324,54.8737]]],"type":"MultiLineString"},"geometry_name":"shape","id":"gp_red_lines.fid--7752831e_19fad8546bb_5739","properties":{"area":2.71657627674996,"creation_doc_id":3586,"deactivation_doc_id":null,"id":2510807},"type":"Feature"},{"bbox":[69.1315,54.8712,69.1352,54.8734],"geometry":{"coordinates":[[[69.1352,54.872],[69.1338,54.8712],[69.1315,54.8726],[69.1329,54.8734],[69.1352,54.872]]],"type":"MultiLineString"},"geometry_name":"shape","id":"gp_red_lines.fid--7752831e_19fad8546bb_573a","properties":{"area":2.75992753223227,"creation_doc_id":3586,"deactivation_doc_id":null,"id":2511078},"type":"Feature"},{"bbox":[69.1399,54.8659,69.1438,54.8682],"geometry":{"coordinates":[[[69.1438,54.8666],[69.1423,54.8659],[69.1399,54.8674],[69.1413,54.8682],[69.1438,54.8666]]],"type":"MultiLineString"},"geometry_name":"shape","id":"gp_red_lines.fid--7752831e_19fad8546bb_573b","properties":{"area":2.85466347699119,"creation_doc_id":3586,"deactivation_doc_id":null,"id":2511752},"type":"Feature"},{"bbox":[69.1274,54.8843,69.1321,54.8875],"geometry":{"coordinates":[[[69.1321,54.8866],[69.1274,54.8843],[69.1274,54.8856],[69.1275,54.8856],[69.1275,54.8856],[69.1275,54.8857],[69.1275,54.8857],[69.1275,54.8857],[69.1275,54.8857],[69.1275,54.8857],[69.1275,54.8857],[69.1275,54.8857],[69.1275,54.8857],[69.1275,54.8857],[69.1275,54.8857],[69.1275,54.8858],[69.1275,54.8858],[69.1275,54.8858],[69.1275,54.8858],[69.1275,54.8858],[69.1275,54.8858],[69.1275,54.8858],[69.1275,54.8858],[69.1276,54.8859],[69.1276,54.8859],[69.1276,54.8859],[69.1276,54.8859],[69.1276,54.8859],[69.1276,54.886],[69.1277,54.886],[69.1277,54.886],[69.1277,54.886],[69.1277,54.886],[69.1277,54.886],[69.1277,54.886],[69.1277,54.886],[69.1278,54.8861],[69.1278,54.8861],[69.1278,54.8861],[69.1278,54.8861],[69.1307,54.8875],[69.1321,54.8866]]],"type":"MultiLineString"},"geometry_name":"shape","id":"gp_red_lines.fid--7752831e_19fad8546bb_573c","properties":{"area":4.37664353773117,"creation_doc_id":3586,"deactivation_doc_id":null,"id":2518304},"type":"Feature"},{"bbox":[69.1482,54.8598,69.1535,54.863],"geometry":{"coordinates":[[[69.1535,54.8606],[69.1535,54.8606],[69.1521,54.8598],[69.1482,54.8622],[69.1497,54.863],[69.1535,54.8606]]],"type":"MultiLineString"},"geometry_name":"shape","id":"gp_red_lines.fid--7752831e_19fad8546bb_573d","properties":{"area":4.57467429116632,"creation_doc_id":3586,"deactivation_doc_id":null,"id":2518839},"type":"Feature"},{"bbox":[69.1434,54.9332,69.1492,54.9356],"geometry":{"coordinates":[[[69.1492,54.9334],[69.1492,54.9334],[69.1492,54.9334],[69.1492,54.9334],[69.1492,54.9334],[69.1492,54.9334],[69.1482,54.9332],[69.1481,54.9332],[69.1481,54.9332],[69.148,54.9332],[69.1479,54.9332],[69.1478,54.9332],[69.1478,54.9332],[69.1477,54.9332],[69.1476,54.9332],[69.1475,54.9332],[69.1475,54.9332],[69.1474,54.9333],[69.1473,54.9333],[69.1473,54.9333],[69.1472,54.9333],[69.1471,54.9333],[69.1471,54.9334],[69.147,54.9334],[69.147,54.9334],[69.1469,54.9335],[69.1469,54.9335],[69.1462,54.934],[69.1461,54.9341],[69.1461,54.9341],[69.1461,54.9341],[69.1461,54.9341],[69.146,54.9342],[69.146,54.9342],[69.146,54.9342],[69.1459,54.9342],[69.1459,54.9342],[69.1459,54.9342],[69.1458,54.9343],[69.1458,54.9343],[69.1457,54.9343],[69.1456,54.9343],[69.1456,54.9344],[69.1455,54.9344],[69.1454,54.9344],[69.1454,54.9344],[69.1453,54.9344],[69.1435,54.9348],[69.1435,54.9348],[69.1435,54.9348],[69.1434,54.9348],[69.1434,54.9348],[69.1434,54.9349],[69.1434,54.9349],[69.1434,54.9349],[69.1435,54.9349],[69.1435,54.9349],[69.1436,54.9349],[69.1436,54.9349],[69.1436,54.9349],[69.1436,54.9349],[69.1437,54.935],[69.1438,54.935],[69.1438,54.935],[69.1438,54.935],[69.144,54.9351],[69.1441,54.9351],[69.1442,54.9351],[69.1444,54.9351],[69.148,54.9356],[69.1492,54.9334]]],"type":"MultiLineString"},"geometry_name":"shape","id":"gp_red_lines.fid--7752831e_19fad8546bb_573e","properties":{"area":5.00404390722153,"creation_doc_id":3586,"deactivation_doc_id":null,"id":2519805},"type":"Feature"},{"bbox":[69.1076,54.8614,69.1105,54.8721],"geometry":{"coordinates":[[[69.1096,54.8696],[69.1096,54.8696],[69.1096,54.8696],[69.1096,54.8696],[69.1096,54.8696],[69.1098,54.8693],[69.1098,54.8693],[69.1098,54.8693],[69.1098,54.8693],[69.1098,54.8693],[69.1098,54.8693],[69.1098,54.8693],[69.1098,54.8693],[69.1099,54.8689],[69.1099,54.8689],[69.1099,54.8689],[69.1099,54.8689],[69.1099,54.8689],[69.1099,54.8689],[69.1099,54.8689],[69.1099,54.8689],[69.11,54.8688],[69.11,54.8688],[69.11,54.8688],[69.11,54.8688],[69.11,54.8688],[69.11,54.8687],[69.11,54.8687],[69.11,54.8687],[69.1101,54.8684],[69.1101,54.8684],[69.1101,54.8684],[69.1101,54.8684],[69.1101,54.8684],[69.1102,54.8684],[69.1102,54.8684],[69.1102,54.8684],[69.1102,54.8681],[69.1102,54.8681],[69.1102,54.8681],[69.1102,54.8681],[69.1103,54.8681],[69.1103,54.868],[69.1103,54.868],[69.1103,54.8677],[69.1103,54.8677],[69.1103,54.8677],[69.1103,54.8676],[69.1103,54.8676],[69.1103,54.8676],[69.1103,54.8676],[69.1103,54.8676],[69.1104,54.8669],[69.1104,54.8669],[69.1104,54.8669],[69.1104,54.8665],[69.1104,54.8663],[69.1104,54.8663],[69.1104,54.8663],[69.1105,54.8659],[69.1105,54.8659],[69.1105,54.8659],[69.1105,54.8659],[69.1105,54.8658],[69.1105,54.8658],[69.1105,54.8658],[69.1105,54.8658],[69.1105,54.8655],[69.1105,54.8655],[69.1105,54.8655],[69.1105,54.8655],[69.1105,54.8655],[69.1105,54.8655],[69.1105,54.8655],[69.1105,54.8655],[69.1105,54.8653],[69.1105,54.8652],[69.1105,54.8652],[69.1105,54.8652],[69.1105,54.8652],[69.1105,54.8652],[69.1105,54.8652],[69.1105,54.8652],[69.1104,54.8651],[69.1104,54.8651],[69.1104,54.865],[69.1104,54.865],[69.1104,54.865],[69.1104,54.865],[69.1104,54.8648],[69.1104,54.8648],[69.1104,54.8646],[69.1104,54.8646],[69.1104,54.8646],[69.1104,54.8646],[69.1104,54.8646],[69.1104,54.8646],[69.1104,54.8646],[69.1103,54.8646],[69.1103,54.8645],[69.1103,54.8645],[69.1103,54.8645],[69.1103,54.8645],[69.1103,54.8645],[69.1103,54.8645],[69.1103,54.8645],[69.1103,54.8644],[69.1103,54.8643],[69.1102,54.8643],[69.1102,54.8643],[69.1102,54.8643],[69.1102,54.8643],[69.1102,54.8642],[69.1102,54.8642],[69.1102,54.8642],[69.1101,54.864],[69.1101,54.864],[69.1101,54.864],[69.1101,54.864],[69.1101,54.864],[69.1101,54.8639],[69.1101,54.8639],[69.1101,54.8639],[69.11,54.8637],[69.11,54.8637],[69.11,54.8637],[69.11,54.8637],[69.11,54.8636],[69.11,54.8636],[69.11,54.8636],[69.11,54.8636],[69.1098,54.8634],[69.1098,54.8634],[69.1098,54.8634],[69.1098,54.8634],[69.1098,54.8633],[69.1098,54.8633],[69.1096,54.863],[69.1096,54.8629],[69.1096,54.8629],[69.1095,54.8628],[69.1095,54.8627],[69.1095,54.8627],[69.1095,54.8626],[69.1095,54.8625],[69.1095,54.8625],[69.1095,54.8624],[69.1095,54.8623],[69.1095,54.8623],[69.1095,54.8622],[69.1096,54.8621],[69.1096,54.862],[69.1096,54.862],[69.1097,54.8619],[69.1097,54.8618],[69.1098,54.8618],[69.1093,54.8615],[69.1093,54.8615],[69.1092,54.8615],[69.1092,54.8615],[69.1091,54.8614],[69.109,54.8614],[69.109,54.8614],[69.1089,54.8614],[69.1089,54.8614],[69.1088,54.8614],[69.1088,54.8614],[69.1087,54.8614],[69.1086,54.8614],[69.1086,54.8614],[69.1085,54.8614],[69.1082,54.8614],[69.1082,54.8615],[69.1084,54.862],[69.1084,54.862],[69.1085,54.8621],[69.1086,54.8624],[69.1086,54.8624],[69.1086,54.8624],[69.1086,54.8624],[69.109,54.863],[69.109,54.863],[69.109,54.863],[69.109,54.863],[69.1093,54.8634],[69.1093,54.8634],[69.1093,54.8635],[69.1093,54.8635],[69.1094,54.8637],[69.1094,54.8637],[69.1094,54.8638],[69.1094,54.8638],[69.1095,54.864],[69.1095,54.864],[69.1095,54.864],[69.1096,54.864],[69.1097,54.8643],[69.1097,54.8643],[69.1097,54.8643],[69.1097,54.8643],[69.1097,54.8645],[69.1097,54.8645],[69.1097,54.8645],[69.1097,54.8645],[69.1098,54.8646],[69.1098,54.8646],[69.1098,54.8647],[69.1098,54.8647],[69.1098,54.8648],[69.1099,54.8651],[69.1099,54.8651],[69.1099,54.8651],[69.1099,54.8651],[69.1099,54.8652],[69.1099,54.8652],[69.1099,54.8653],[69.1099,54.8653],[69.1099,54.8655],[69.1099,54.8655],[69.1099,54.8655],[69.1099,54.8655],[69.1099,54.8658],[69.1099,54.8658],[69.1099,54.8658],[69.1099,54.8658],[69.1098,54.8663],[69.1098,54.8663],[69.1098,54.8665],[69.1098,54.8669],[69.1097,54.8676],[69.1097,54.8676],[69.1097,54.8676],[69.1097,54.8676],[69.1097,54.868],[69.1097,54.868],[69.1097,54.868],[69.1097,54.8681],[69.1096,54.8683],[69.1096,54.8683],[69.1096,54.8683],[69.1096,54.8684],[69.1094,54.8687],[69.1094,54.8687],[69.1094,54.8687],[69.1094,54.8687],[69.1094,54.8688],[69.1094,54.8688],[69.1094,54.8688],[69.1094,54.8688],[69.1092,54.8692],[69.1092,54.8692],[69.1092,54.8692],[69.1092,54.8692],[69.109,54.8695],[69.109,54.8695],[69.109,54.8695],[69.109,54.8695],[69.1076,54.8719],[69.1081,54.8721],[69.1096,54.8696]]],"type":"MultiLineString"},"geometry_name":"shape","id":"gp_red_lines.fid--7752831e_19fad8546bb_573f","properties":{"area":5.090133664362,"creation_doc_id":3586,"deactivation_doc_id":null,"id":2519958},"type":"Feature"},{"bbox":[69.1491,54.9147,69.1537,54.9169],"geometry":{"coordinates":[[[69.1516,54.9168],[69.1516,54.9168],[69.1516,54.9168],[69.1516,54.9168],[69.1516,54.9168],[69.1516,54.9168],[69.1516,54.9168],[69.1516,54.9168],[69.1516,54.9168],[69.1516,54.9168],[69.1517,54.9168],[69.1517,54.9168],[69.1517,54.9168],[69.1517,54.9168],[69.1517,54.9168],[69.1517,54.9168],[69.1517,54.9168],[69.1517,54.9168],[69.1517,54.9168],[69.1517,54.9168],[69.1517,54.9168],[69.1517,54.9168],[69.1517,54.9168],[69.1517,54.9168],[69.1517,54.9168],[69.1517,54.9168],[69.1518,54.9168],[69.1518,54.9168],[69.1518,54.9168],[69.1518,54.9168],[69.1518,54.9168],[69.1518,54.9168],[69.1518,54.9168],[69.1518,54.9168],[69.1518,54.9168],[69.1518,54.9168],[69.1518,54.9168],[69.1518,54.9168],[69.1518,54.9168],[69.1518,54.9168],[69.1518,54.9168],[69.1518,54.9168],[69.1518,54.9168],[69.1518,54.9168],[69.1518,54.9168],[69.1518,54.9168],[69.1519,54.9168],[69.1519,54.9168],[69.1519,54.9168],[69.1519,54.9168],[69.1519,54.9168],[69.1519,54.9168],[69.1519,54.9168],[69.1519,54.9168],[69.1519,54.9168],[69.1519,54.9168],[69.1519,54.9168],[69.1519,54.9168],[69.1519,54.9168],[69.1519,54.9168],[69.1519,54.9168],[69.1519,54.9168],[69.1519,54.9168],[69.1519,54.9168],[69.1519,54.9168],[69.1519,54.9168],[69.1519,54.9168],[69.1519,54.9168],[69.152,54.9168],[69.152,54.9168],[69.152,54.9168],[69.152,54.9168],[69.152,54.9168],[69.152,54.9168],[69.152,54.9168],[69.152,54.9168],[69.152,54.9168],[69.152,54.9168],[69.152,54.9168],[69.152,54.9168],[69.152,54.9168],[69.1537,54.9159],[69.1518,54.9147],[69.1491,54.9149],[69.1493,54.9169],[69.1516,54.9168]]],"type":"MultiLineString"},"geometry_name":"shape","id":"gp_red_lines.fid--7752831e_19fad8546bb_5740","properties":{"area":5.34182719688194,"creation_doc_id":3586,"deactivation_doc_id":null,"id":2520481},"type":"Feature"},{"bbox":[69.1342,54.8677,69.1408,54.8717],"geometry":{"coordinates":[[[69.1408,54.8685],[69.1394,54.8677],[69.1342,54.8709],[69.1357,54.8717],[69.1408,54.8685]]],"type":"MultiLineString"},"geometry_name":"shape","id":"gp_red_lines.fid--7752831e_19fad8546bb_5741","properties":{"area":6.10117637080293,"creation_doc_id":3586,"deactivation_doc_id":null,"id":2521696},"type":"Feature"},{"bbox":[69.1155,54.866,69.1211,54.8691],"geometry":{"coordinates":[[[69.1211,54.8677],[69.1178,54.866],[69.1155,54.8674],[69.1188,54.8691],[69.1211,54.8677]]],"type":"MultiLineString"},"geometry_name":"shape","id":"gp_red_lines.fid--7752831e_19fad8546bb_5742","properties":{"area":6.11262941734787,"creation_doc_id":3586,"deactivation_doc_id":null,"id":2521710},"type":"Feature"},{"bbox":[69.1306,54.874,69.1361,54.8772],"geometry":{"coordinates":[[[69.1361,54.8758],[69.1329,54.874],[69.1306,54.8755],[69.1338,54.8772],[69.1361,54.8758]]],"type":"MultiLineString"},"geometry_name":"shape","id":"gp_red_lines.fid--7752831e_19fad8546bb_5743","properties":{"area":6.19081281969034,"creation_doc_id":3586,"deactivation_doc_id":null,"id":2521829},"type":"Feature"},{"bbox":[69.1335,54.8723,69.1391,54.8755],"geometry":{"coordinates":[[[69.1391,54.874],[69.1358,54.8723],[69.1335,54.8737],[69.1367,54.8755],[69.1391,54.874]]],"type":"MultiLineString"},"geometry_name":"shape","id":"gp_red_lines.fid--7752831e_19fad8546bb_5744","properties":{"area":6.27902628696671,"creation_doc_id":3586,"deactivation_doc_id":null,"id":2521983},"type":"Feature"},{"bbox":[69.1192,54.8679,69.1248,54.8711],"geometry":{"coordinates":[[[69.1248,54.8697],[69.1215,54.8679],[69.1192,54.8693],[69.1225,54.8711],[69.1248,54.8697]]],"type":"MultiLineString"},"geometry_name":"shape","id":"gp_red_lines.fid--7752831e_19fad8546bb_5745","properties":{"area":6.31549733053653,"creation_doc_id":3586,"deactivation_doc_id":null,"id":2522028},"type":"Feature"},{"bbox":[69.122,54.8661,69.1276,54.8693],"geometry":{"coordinates":[[[69.1276,54.8679],[69.1243,54.8661],[69.122,54.8676],[69.1253,54.8693],[69.1276,54.8679]]],"type":"MultiLineString"},"geometry_name":"shape","id":"gp_red_lines.fid--7752831e_19fad8546bb_5746","properties":{"area":6.3238808583339,"creation_doc_id":3586,"deactivation_doc_id":null,"id":2522048},"type":"Feature"},{"bbox":[69.1427,54.8624,69.1494,54.8664],"geometry":{"coordinates":[[[69.1494,54.8632],[69.1479,54.8624],[69.1427,54.8657],[69.1441,54.8664],[69.1494,54.8632]]],"type":"MultiLineString"},"geometry_name":"shape","id":"gp_red_lines.fid--7752831e_19fad8546bb_5747","properties":{"area":6.33851839677356,"creation_doc_id":3586,"deactivation_doc_id":null,"id":2522064},"type":"Feature"},{"bbox":[69.1183,54.8642,69.1239,54.8674],"geometry":{"coordinates":[[[69.1239,54.8659],[69.1206,54.8642],[69.1183,54.8656],[69.1216,54.8674],[69.1239,54.8659]]],"type":"MultiLineString"},"geometry_name":"shape","id":"gp_red_lines.fid--7752831e_19fad8546bb_5748","properties":{"area":6.35945280336759,"creation_doc_id":3586,"deactivation_doc_id":null,"id":2522095},"type":"Feature"},{"bbox":[69.1532,54.9678,69.1581,54.972],"geometry":{"coordinates":[[[69.1581,54.9715],[69.1551,54.9678],[69.155,54.9678],[69.1532,54.9683],[69.1558,54.972],[69.1581,54.9715]]],"type":"MultiLineString"},"geometry_name":"shape","id":"gp_red_lines.fid--7752831e_19fad8546bb_5749","properties":{"area":6.41029574629271,"creation_doc_id":3586,"deactivation_doc_id":null,"id":2522164},"type":"Feature"},{"bbox":[69.1419,54.867,69.1476,54.8702],"geometry":{"coordinates":[[[69.1476,54.8687],[69.1444,54.867],[69.1419,54.8685],[69.1452,54.8702],[69.1476,54.8687]]],"type":"MultiLineString"},"geometry_name":"shape","id":"gp_red_lines.fid--7752831e_19fad8546bb_574a","properties":{"area":6.60137199529607,"creation_doc_id":3586,"deactivation_doc_id":null,"id":2522447},"type":"Feature"},{"bbox":[69.1418,54.9351,69.148,54.9376],"geometry":{"coordinates":[[[69.1479,54.9374],[69.1478,54.937],[69.1478,54.937],[69.1477,54.937],[69.1477,54.937],[69.1477,54.9369],[69.1477,54.9369],[69.1477,54.9369],[69.1477,54.9369],[69.1477,54.9368],[69.1477,54.9368],[69.1477,54.9367],[69.1477,54.9367],[69.1477,54.9367],[69.1477,54.9367],[69.1477,54.9367],[69.1477,54.9366],[69.1477,54.9364],[69.1477,54.9364],[69.1477,54.9363],[69.1478,54.9363],[69.1478,54.9362],[69.1478,54.9362],[69.1478,54.9361],[69.1478,54.9361],[69.1479,54.936],[69.1441,54.9355],[69.1441,54.9355],[69.1439,54.9354],[69.1439,54.9354],[69.1439,54.9354],[69.1439,54.9354],[69.1438,54.9354],[69.1436,54.9354],[69.1435,54.9353],[69.1434,54.9353],[69.1433,54.9353],[69.1431,54.9352],[69.1431,54.9352],[69.1431,54.9352],[69.1431,54.9352],[69.1431,54.9352],[69.1431,54.9352],[69.1431,54.9352],[69.143,54.9352],[69.143,54.9351],[69.143,54.9351],[69.143,54.9351],[69.1427,54.9353],[69.1426,54.9353],[69.1426,54.9354],[69.1425,54.9354],[69.1425,54.9354],[69.1425,54.9354],[69.1425,54.9355],[69.1425,54.9355],[69.1424,54.9355],[69.1424,54.9355],[69.1418,54.9368],[69.148,54.9376],[69.1479,54.9374]]],"type":"MultiLineString"},"geometry_name":"shape","id":"gp_red_lines.fid--7752831e_19fad8546bb_574b","properties":{"area":6.6589092583047,"creation_doc_id":3586,"deactivation_doc_id":null,"id":2522531},"type":"Feature"},{"bbox":[69.1456,54.8689,69.1514,54.8722],"geometry":{"coordinates":[[[69.1514,54.8707],[69.148,54.8689],[69.1456,54.8704],[69.149,54.8722],[69.1514,54.8707]]],"type":"MultiLineString"},"geometry_name":"shape","id":"gp_red_lines.fid--7752831e_19fad8546bb_574c","properties":{"area":6.67269292371795,"creation_doc_id":3586,"deactivation_doc_id":null,"id":2522554},"type":"Feature"},{"bbox":[69.1504,54.9635,69.1549,54.9679],"geometry":{"coordinates":[[[69.1548,54.9675],[69.1549,54.9675],[69.1534,54.9635],[69.1533,54.9635],[69.1504,54.9641],[69.1505,54.9643],[69.1514,54.9656],[69.1524,54.9671],[69.153,54.9679],[69.1548,54.9675]]],"type":"MultiLineString"},"geometry_name":"shape","id":"gp_red_lines.fid--7752831e_19fad8546bb_574d","properties":{"area":7.59744804801543,"creation_doc_id":3586,"deactivation_doc_id":null,"id":2523736},"type":"Feature"},{"bbox":[69.1283,54.9318,69.1339,54.936],"geometry":{"coordinates":[[[69.1284,54.936],[69.1284,54.936],[69.1285,54.936],[69.1285,54.936],[69.1286,54.936],[69.1286,54.936],[69.1287,54.936],[69.1287,54.9359],[69.1288,54.9359],[69.1288,54.9359],[69.1288,54.9359],[69.1289,54.9359],[69.1289,54.9359],[69.1289,54.9359],[69.129,54.9359],[69.129,54.9358],[69.129,54.9358],[69.1291,54.9358],[69.1291,54.9358],[69.1298,54.9355],[69.1299,54.9355],[69.1299,54.9355],[69.13,54.9355],[69.13,54.9355],[69.1301,54.9354],[69.1301,54.9354],[69.1302,54.9354],[69.1302,54.9354],[69.1303,54.9354],[69.1303,54.9354],[69.1304,54.9354],[69.1304,54.9354],[69.1305,54.9354],[69.1305,54.9354],[69.1306,54.9354],[69.1306,54.9354],[69.1306,54.9354],[69.1312,54.9354],[69.1312,54.9354],[69.1312,54.9354],[69.1323,54.9355],[69.1327,54.9347],[69.1327,54.9345],[69.1327,54.9345],[69.1336,54.9323],[69.1339,54.9318],[69.1334,54.9318],[69.1334,54.9319],[69.1334,54.9319],[69.1334,54.9319],[69.1334,54.9319],[69.1333,54.9319],[69.1333,54.9319],[69.1333,54.9319],[69.1333,54.9319],[69.1332,54.9319],[69.1332,54.9319],[69.1332,54.9319],[69.1332,54.9319],[69.1331,54.932],[69.1331,54.932],[69.1329,54.9321],[69.1325,54.9325],[69.1325,54.9325],[69.1325,54.9325],[69.1318,54.933],[69.1317,54.9331],[69.1315,54.9333],[69.1315,54.9333],[69.1313,54.9334],[69.1313,54.9334],[69.1312,54.9334],[69.1311,54.9334],[69.1311,54.9334],[69.131,54.9335],[69.131,54.9335],[69.1308,54.9335],[69.1308,54.9335],[69.1308,54.9335],[69.1308,54.9335],[69.1307,54.9335],[69.1306,54.9335],[69.1306,54.9335],[69.1305,54.9335],[69.1305,54.9335],[69.1305,54.9335],[69.1284,54.9335],[69.1284,54.9335],[69.1284,54.9335],[69.1283,54.9335],[69.1283,54.9335],[69.1283,54.9335],[69.1283,54.9336],[69.1283,54.9336],[69.1283,54.9336],[69.1283,54.9336],[69.1283,54.9336],[69.1283,54.9336],[69.1283,54.9336],[69.1283,54.9336],[69.1285,54.9353],[69.1285,54.9353],[69.1285,54.9353],[69.1285,54.9353],[69.1285,54.9353],[69.1285,54.9354],[69.1285,54.9354],[69.1285,54.9354],[69.1285,54.9354],[69.1285,54.9355],[69.1285,54.9355],[69.1284,54.936],[69.1284,54.936]]],"type":"MultiLineString"},"geometry_name":"shape","id":"gp_red_lines.fid--7752831e_19fad8546bb_574e","properties":{"area":7.8087919563152,"creation_doc_id":3586,"deactivation_doc_id":null,"id":2523913},"type":"Feature"},{"bbox":[69.1279,54.9356,69.1322,54.9392],"geometry":{"coordinates":[[[69.1308,54.9392],[69.1322,54.9358],[69.1312,54.9356],[69.1312,54.9356],[69.1312,54.9356],[69.1306,54.9357],[69.1306,54.9357],[69.1305,54.9357],[69.1305,54.9357],[69.1305,54.9357],[69.1304,54.9357],[69.1304,54.9357],[69.1304,54.9357],[69.1303,54.9357],[69.1303,54.9357],[69.1302,54.9357],[69.1302,54.9357],[69.1302,54.9357],[69.1302,54.9357],[69.1301,54.9357],[69.1301,54.9357],[69.1301,54.9357],[69.1294,54.936],[69.1294,54.936],[69.1293,54.936],[69.1293,54.936],[69.1293,54.936],[69.1292,54.9361],[69.1292,54.9361],[69.1292,54.9361],[69.1291,54.9361],[69.1291,54.9361],[69.1291,54.9361],[69.129,54.9362],[69.129,54.9362],[69.129,54.9362],[69.1289,54.9362],[69.1289,54.9362],[69.1287,54.9362],[69.1287,54.9362],[69.1286,54.9362],[69.1286,54.9363],[69.1285,54.9363],[69.1285,54.9363],[69.1283,54.9363],[69.1279,54.9385],[69.1279,54.9386],[69.1279,54.9386],[69.1279,54.9386],[69.1279,54.9387],[69.1279,54.9387],[69.1279,54.9387],[69.1279,54.9387],[69.1279,54.9388],[69.128,54.9388],[69.128,54.9388],[69.128,54.9388],[69.128,54.9388],[69.1281,54.9389],[69.1281,54.9389],[69.1281,54.9389],[69.1283,54.9389],[69.1284,54.939],[69.1286,54.939],[69.1308,54.9392],[69.1308,54.9392]]],"type":"MultiLineString"},"geometry_name":"shape","id":"gp_red_lines.fid--7752831e_19fad8546bb_574f","properties":{"area":7.83104712123708,"creation_doc_id":3586,"deactivation_doc_id":null,"id":2523933},"type":"Feature"},{"bbox":[69.1457,54.9567,69.1516,54.9597],"geometry":{"coordinates":[[[69.1516,54.9587],[69.1516,54.9587],[69.1509,54.9567],[69.1458,54.9572],[69.1458,54.9572],[69.1457,54.9572],[69.1474,54.9597],[69.1516,54.9587]]],"type":"MultiLineString"},"geometry_name":"shape","id":"gp_red_lines.fid--7752831e_19fad8546bb_5750","properties":{"area":8.02018417569757,"creation_doc_id":3586,"deactivation_doc_id":null,"id":2524085},"type":"Feature"},{"bbox":[69.1442,54.9043,69.1479,54.9106],"geometry":{"coordinates":[[[69.1442,54.9106],[69.1479,54.9105],[69.1471,54.9043],[69.1446,54.9097],[69.1442,54.9106]]],"type":"MultiLineString"},"geometry_name":"shape","id":"gp_red_lines.fid--7752831e_19fad8546bb_5751","properties":{"area":8.13054502545553,"creation_doc_id":3586,"deactivation_doc_id":null,"id":2524179},"type":"Feature"},{"bbox":[69.172,54.8382,69.1792,54.8415],"geometry":{"coordinates":[[[69.1792,54.8382],[69.173,54.8392],[69.1728,54.8393],[69.1727,54.8393],[69.1726,54.8394],[69.1725,54.8394],[69.1725,54.8394],[69.1725,54.8394],[69.1724,54.8395],[69.1723,54.8396],[69.1722,54.8396],[69.1722,54.8396],[69.1722,54.8397],[69.1721,54.8398],[69.172,54.8399],[69.172,54.8399],[69.177,54.8413],[69.1776,54.8415],[69.1777,54.8415],[69.1792,54.8382]]],"type":"MultiLineString"},"geometry_name":"shape","id":"gp_red_lines.fid--7752831e_19fad8546bb_5752","properties":{"area":8.99300673488947,"creation_doc_id":3586,"deactivation_doc_id":null,"id":2524902},"type":"Feature"},{"bbox":[69.1412,54.9149,69.1487,54.9172],"geometry":{"coordinates":[[[69.1487,54.9169],[69.1487,54.9169],[69.1484,54.9149],[69.1421,54.9152],[69.1412,54.9171],[69.1416,54.9172],[69.1487,54.9169]]],"type":"MultiLineString"},"geometry_name":"shape","id":"gp_red_lines.fid--7752831e_19fad8546bb_5753","properties":{"area":9.90051526051408,"creation_doc_id":3586,"deactivation_doc_id":null,"id":2525540},"type":"Feature"},{"bbox":[69.1259,54.8682,69.1334,54.8724],"geometry":{"coordinates":[[[69.1334,54.871],[69.1282,54.8682],[69.1259,54.8696],[69.1311,54.8724],[69.1334,54.871]]],"type":"MultiLineString"},"geometry_name":"shape","id":"gp_red_lines.fid--7752831e_19fad8546bb_5754","properties":{"area":9.94371527613648,"creation_doc_id":3586,"deactivation_doc_id":null,"id":2525570},"type":"Feature"},{"bbox":[69.154,54.8629,69.1609,54.867],"geometry":{"coordinates":[[[69.1609,54.8647],[69.1578,54.8629],[69.154,54.8652],[69.1573,54.867],[69.1609,54.8647]]],"type":"MultiLineString"},"geometry_name":"shape","id":"gp_red_lines.fid--7752831e_19fad8546bb_5755","properties":{"area":10.028103897398,"creation_doc_id":3586,"deactivation_doc_id":null,"id":2525615},"type":"Feature"},{"bbox":[69.123,54.87,69.1306,54.8742],"geometry":{"coordinates":[[[69.1306,54.8728],[69.1254,54.87],[69.123,54.8714],[69.1283,54.8742],[69.1306,54.8728]]],"type":"MultiLineString"},"geometry_name":"shape","id":"gp_red_lines.fid--7752831e_19fad8546bb_5756","properties":{"area":10.0458714490191,"creation_doc_id":3586,"deactivation_doc_id":null,"id":2525622},"type":"Feature"},{"bbox":[69.136,54.9692,69.1423,54.9731],"geometry":{"coordinates":[[[69.1423,54.9722],[69.1415,54.9709],[69.1412,54.9706],[69.1403,54.9692],[69.136,54.9702],[69.137,54.9715],[69.1382,54.9731],[69.1423,54.9722]]],"type":"MultiLineString"},"geometry_name":"shape","id":"gp_red_lines.fid--7752831e_19fad8546bb_5757","properties":{"area":10.2782479294747,"creation_doc_id":3586,"deactivation_doc_id":null,"id":2525759},"type":"Feature"},{"bbox":[69.1503,54.8609,69.1574,54.865],"geometry":{"coordinates":[[[69.1574,54.8627],[69.1541,54.8609],[69.1503,54.8633],[69.1536,54.865],[69.1574,54.8627]]],"type":"MultiLineString"},"geometry_name":"shape","id":"gp_red_lines.fid--7752831e_19fad8546bb_5758","properties":{"area":10.336137970736,"creation_doc_id":3586,"deactivation_doc_id":null,"id":2525783},"type":"Feature"},{"bbox":[69.1476,54.9591,69.1533,54.9639],"geometry":{"coordinates":[[[69.1532,54.9632],[69.1533,54.9632],[69.1517,54.9591],[69.1476,54.96],[69.1477,54.9601],[69.1483,54.961],[69.1501,54.9637],[69.1502,54.9639],[69.1532,54.9632]]],"type":"MultiLineString"},"geometry_name":"shape","id":"gp_red_lines.fid--7752831e_19fad8546bb_5759","properties":{"area":11.5206077372786,"creation_doc_id":3586,"deactivation_doc_id":null,"id":2526390},"type":"Feature"},{"bbox":[69.1577,54.8649,69.1648,54.8697],"geometry":{"coordinates":[[[69.1648,54.8681],[69.1626,54.8663],[69.1626,54.8663],[69.1625,54.8663],[69.1625,54.8663],[69.1625,54.8663],[69.1625,54.8663],[69.1625,54.8663],[69.1625,54.8662],[69.1625,54.8662],[69.1625,54.8662],[69.1625,54.8662],[69.1625,54.8662],[69.1624,54.8662],[69.1624,54.8662],[69.1624,54.8662],[69.1624,54.8662],[69.1624,54.8662],[69.1624,54.8662],[69.1624,54.8662],[69.1624,54.8662],[69.1624,54.8662],[69.1624,54.8662],[69.1624,54.8662],[69.1624,54.8662],[69.1624,54.8662],[69.1624,54.8662],[69.1624,54.8662],[69.1624,54.8662],[69.1624,54.8662],[69.1624,54.8662],[69.1624,54.8662],[69.1624,54.8662],[69.1624,54.8662],[69.1624,54.8661],[69.1624,54.8661],[69.1624,54.8661],[69.1624,54.8661],[69.1624,54.8661],[69.1624,54.8661],[69.1624,54.8661],[69.1624,54.8661],[69.1624,54.8661],[69.1624,54.8661],[69.1624,54.8661],[69.1624,54.8661],[69.1624,54.8661],[69.1624,54.8661],[69.1624,54.8661],[69.1624,54.8661],[69.1624,54.8661],[69.1623,54.8661],[69.1623,54.8661],[69.1623,54.8661],[69.1623,54.8661],[69.1623,54.8661],[69.1623,54.8661],[69.1623,54.8661],[69.1623,54.8661],[69.1623,54.8661],[69.1623,54.8661],[69.1623,54.8661],[69.1623,54.8661],[69.1623,54.8661],[69.1623,54.866],[69.1623,54.866],[69.1623,54.866],[69.1623,54.866],[69.1623,54.866],[69.1623,54.866],[69.1623,54.866],[69.1623,54.866],[69.1623,54.866],[69.1623,54.866],[69.1623,54.866],[69.1623,54.8659],[69.1623,54.8658],[69.1623,54.8658],[69.1622,54.8657],[69.1622,54.8657],[69.1622,54.8657],[69.1622,54.8656],[69.1622,54.8656],[69.1621,54.8655],[69.1621,54.8655],[69.1621,54.8654],[69.162,54.8654],[69.162,54.8653],[69.1619,54.8652],[69.1618,54.8652],[69.1618,54.8652],[69.1618,54.8652],[69.1617,54.8651],[69.1614,54.8649],[69.1613,54.8649],[69.1577,54.8672],[69.1623,54.8697],[69.1648,54.8681]]],"type":"MultiLineString"},"geometry_name":"shape","id":"gp_red_lines.fid--7752831e_19fad8546bb_575a","properties":{"area":11.8636400774461,"creation_doc_id":3586,"deactivation_doc_id":null,"id":2526547},"type":"Feature"},{"bbox":[69.1342,54.876,69.14,54.8811],"geometry":{"coordinates":[[[69.14,54.881],[69.1398,54.8795],[69.1397,54.8793],[69.1392,54.8775],[69.1392,54.8775],[69.1391,54.8774],[69.1365,54.876],[69.1342,54.8774],[69.1342,54.8774],[69.1359,54.8784],[69.1359,54.8784],[69.136,54.8784],[69.136,54.8784],[69.136,54.8784],[69.136,54.8785],[69.1361,54.8785],[69.1361,54.8785],[69.1361,54.8785],[69.1361,54.8785],[69.1361,54.8785],[69.1361,54.8785],[69.1361,54.8785],[69.1362,54.8786],[69.1362,54.8786],[69.1362,54.8786],[69.1362,54.8787],[69.1362,54.8787],[69.1362,54.8787],[69.1362,54.8787],[69.1362,54.8788],[69.1362,54.8788],[69.1362,54.8788],[69.1365,54.8811],[69.14,54.881]]],"type":"MultiLineString"},"geometry_name":"shape","id":"gp_red_lines.fid--7752831e_19fad8546bb_575b","properties":{"area":12.0790796890467,"creation_doc_id":3586,"deactivation_doc_id":null,"id":2526645},"type":"Feature"},{"bbox":[69.11,54.862,69.1173,54.8671],"geometry":{"coordinates":[[[69.1173,54.8657],[69.1102,54.862],[69.1102,54.862],[69.1101,54.8621],[69.1101,54.8622],[69.1101,54.8622],[69.11,54.8623],[69.11,54.8624],[69.11,54.8625],[69.11,54.8625],[69.11,54.8626],[69.11,54.8627],[69.1101,54.8628],[69.1101,54.8628],[69.1101,54.8629],[69.1103,54.8632],[69.1103,54.8632],[69.1103,54.8632],[69.1104,54.8633],[69.1104,54.8633],[69.1104,54.8633],[69.1104,54.8633],[69.1104,54.8633],[69.1104,54.8633],[69.1105,54.8636],[69.1105,54.8636],[69.1105,54.8636],[69.1105,54.8636],[69.1105,54.8636],[69.1105,54.8636],[69.1105,54.8636],[69.1105,54.8636],[69.1106,54.8639],[69.1106,54.8639],[69.1106,54.8639],[69.1107,54.8639],[69.1107,54.8639],[69.1107,54.8639],[69.1107,54.8639],[69.1107,54.8639],[69.1108,54.8642],[69.1108,54.8642],[69.1108,54.8642],[69.1108,54.8642],[69.1108,54.8642],[69.1108,54.8642],[69.1108,54.8642],[69.1108,54.8642],[69.1108,54.8644],[69.1108,54.8644],[69.1108,54.8644],[69.1108,54.8644],[69.1109,54.8644],[69.1109,54.8644],[69.1109,54.8644],[69.1109,54.8644],[69.1109,54.8645],[69.1109,54.8645],[69.1109,54.8645],[69.1109,54.8646],[69.1109,54.8646],[69.1109,54.8646],[69.1109,54.8646],[69.1109,54.8646],[69.1109,54.8647],[69.1109,54.8647],[69.111,54.865],[69.111,54.865],[69.111,54.865],[69.111,54.865],[69.111,54.865],[69.111,54.865],[69.111,54.865],[69.111,54.865],[69.111,54.8651],[69.111,54.8652],[69.111,54.8652],[69.111,54.8652],[69.111,54.8652],[69.111,54.8652],[69.111,54.8652],[69.111,54.8652],[69.111,54.8653],[69.111,54.8655],[69.111,54.8655],[69.111,54.8655],[69.111,54.8655],[69.111,54.8655],[69.111,54.8655],[69.111,54.8655],[69.111,54.8655],[69.111,54.8658],[69.111,54.8658],[69.111,54.8658],[69.111,54.8658],[69.111,54.8659],[69.111,54.8659],[69.111,54.8659],[69.111,54.8659],[69.111,54.8663],[69.111,54.8663],[69.111,54.8663],[69.111,54.8665],[69.1134,54.8665],[69.1134,54.8665],[69.1134,54.8665],[69.1134,54.8665],[69.1135,54.8665],[69.1135,54.8665],[69.1135,54.8665],[69.1135,54.8665],[69.1135,54.8665],[69.1135,54.8665],[69.1136,54.8665],[69.1136,54.8665],[69.1136,54.8665],[69.1136,54.8666],[69.1136,54.8666],[69.1136,54.8666],[69.1137,54.8666],[69.1137,54.8666],[69.1137,54.8666],[69.1137,54.8666],[69.1137,54.8666],[69.1137,54.8666],[69.1137,54.8666],[69.1138,54.8666],[69.1138,54.8666],[69.1138,54.8666],[69.1138,54.8666],[69.1138,54.8666],[69.1138,54.8666],[69.1139,54.8666],[69.1139,54.8666],[69.1139,54.8666],[69.1139,54.8666],[69.1139,54.8666],[69.1139,54.8666],[69.1139,54.8666],[69.114,54.8666],[69.114,54.8666],[69.114,54.8666],[69.114,54.8666],[69.114,54.8666],[69.114,54.8666],[69.114,54.8666],[69.114,54.8666],[69.1141,54.8666],[69.1141,54.8666],[69.1141,54.8666],[69.1141,54.8666],[69.1141,54.8666],[69.1141,54.8666],[69.1141,54.8666],[69.1141,54.8666],[69.1142,54.8667],[69.1142,54.8667],[69.1142,54.8667],[69.1142,54.8667],[69.1142,54.8667],[69.1142,54.8667],[69.1142,54.8667],[69.1143,54.8667],[69.1143,54.8667],[69.1143,54.8667],[69.1143,54.8667],[69.1143,54.8667],[69.1143,54.8667],[69.1143,54.8667],[69.1143,54.8667],[69.1143,54.8667],[69.1144,54.8667],[69.1144,54.8667],[69.1144,54.8667],[69.1144,54.8667],[69.1144,54.8668],[69.1144,54.8668],[69.1144,54.8668],[69.1144,54.8668],[69.1144,54.8668],[69.1144,54.8668],[69.1144,54.8668],[69.1145,54.8668],[69.1145,54.8668],[69.1145,54.8668],[69.1145,54.8668],[69.1151,54.8671],[69.1173,54.8657]]],"type":"MultiLineString"},"geometry_name":"shape","id":"gp_red_lines.fid--7752831e_19fad8546bb_575c","properties":{"area":12.2457195744557,"creation_doc_id":3586,"deactivation_doc_id":null,"id":2526729},"type":"Feature"},{"bbox":[69.1311,54.8869,69.1366,54.8922],"geometry":{"coordinates":[[[69.1346,54.8907],[69.1347,54.8907],[69.1347,54.8907],[69.1347,54.8907],[69.1347,54.8907],[69.1348,54.8906],[69.1348,54.8906],[69.1348,54.8906],[69.1348,54.8906],[69.1348,54.8906],[69.1348,54.8906],[69.1349,54.8906],[69.135,54.8906],[69.135,54.8905],[69.135,54.8905],[69.135,54.8905],[69.135,54.8905],[69.135,54.8905],[69.1351,54.8905],[69.1351,54.8905],[69.1352,54.8905],[69.1352,54.8905],[69.1352,54.8905],[69.1352,54.8905],[69.1352,54.8905],[69.1352,54.8905],[69.1353,54.8904],[69.1353,54.8904],[69.1353,54.8904],[69.1354,54.8904],[69.1354,54.8904],[69.1354,54.8904],[69.1354,54.8904],[69.1355,54.8904],[69.1355,54.8904],[69.1355,54.8904],[69.1356,54.8904],[69.1356,54.8904],[69.1356,54.8904],[69.1357,54.8904],[69.1358,54.8903],[69.1358,54.8903],[69.1358,54.8903],[69.1359,54.8903],[69.1359,54.8903],[69.1359,54.8903],[69.1359,54.8903],[69.136,54.8903],[69.136,54.8903],[69.1361,54.8903],[69.1361,54.8903],[69.1361,54.8903],[69.1361,54.8903],[69.1366,54.8903],[69.1364,54.8888],[69.1325,54.8869],[69.1316,54.8875],[69.1315,54.8875],[69.1313,54.8877],[69.1313,54.8877],[69.1312,54.8877],[69.1312,54.8878],[69.1312,54.8878],[69.1312,54.8878],[69.1311,54.8879],[69.1311,54.8879],[69.1311,54.8879],[69.1311,54.888],[69.1313,54.8889],[69.1316,54.8909],[69.1316,54.8912],[69.1317,54.8916],[69.1317,54.8917],[69.1317,54.8917],[69.1317,54.8917],[69.1317,54.8917],[69.1317,54.8918],[69.1318,54.8918],[69.1318,54.8919],[69.1319,54.8919],[69.1319,54.892],[69.1323,54.8922],[69.1324,54.8922],[69.1346,54.8907]]],"type":"MultiLineString"},"geometry_name":"shape","id":"gp_red_lines.fid--7752831e_19fad8546bb_575d","properties":{"area":12.64045869113,"creation_doc_id":3586,"deactivation_doc_id":null,"id":2526953},"type":"Feature"},{"bbox":[69.1362,54.8688,69.1447,54.8737],"geometry":{"coordinates":[[[69.1447,54.8705],[69.1414,54.8688],[69.1362,54.872],[69.1395,54.8737],[69.1447,54.8705]]],"type":"MultiLineString"},"geometry_name":"shape","id":"gp_red_lines.fid--7752831e_19fad8546bb_575e","properties":{"area":13.8849698846912,"creation_doc_id":3586,"deactivation_doc_id":null,"id":2527503},"type":"Feature"},{"bbox":[69.1422,54.9108,69.1484,54.915],"geometry":{"coordinates":[[[69.1484,54.9147],[69.1479,54.9108],[69.144,54.911],[69.1422,54.915],[69.1484,54.9147]]],"type":"MultiLineString"},"geometry_name":"shape","id":"gp_red_lines.fid--7752831e_19fad8546bb_575f","properties":{"area":14.0252658759032,"creation_doc_id":3586,"deactivation_doc_id":null,"id":2527549},"type":"Feature"},{"bbox":[69.1442,54.8768,69.1502,54.8807],"geometry":{"coordinates":[[[69.1502,54.8805],[69.1497,54.8768],[69.1445,54.8772],[69.1442,54.8772],[69.1442,54.8773],[69.1442,54.8774],[69.1443,54.8774],[69.1446,54.879],[69.1448,54.8807],[69.1502,54.8805]]],"type":"MultiLineString"},"geometry_name":"shape","id":"gp_red_lines.fid--7752831e_19fad8546bb_5760","properties":{"area":14.1052029111027,"creation_doc_id":3586,"deactivation_doc_id":null,"id":2527581},"type":"Feature"},{"bbox":[69.2113,54.8663,69.2149,54.8734],"geometry":{"coordinates":[[[69.2149,54.8733],[69.2142,54.8723],[69.2142,54.8722],[69.2142,54.8722],[69.2142,54.8722],[69.2142,54.8721],[69.2142,54.8719],[69.2141,54.8699],[69.214,54.8663],[69.2113,54.8663],[69.2113,54.8734],[69.2149,54.8733]]],"type":"MultiLineString"},"geometry_name":"shape","id":"gp_red_lines.fid--7752831e_19fad8546bb_5761","properties":{"area":14.2411941533014,"creation_doc_id":3586,"deactivation_doc_id":null,"id":2527642},"type":"Feature"},{"bbox":[69.1107,54.8597,69.1202,54.8654],"geometry":{"coordinates":[[[69.1202,54.8639],[69.1146,54.8609],[69.1139,54.8597],[69.1107,54.8617],[69.1107,54.8617],[69.1178,54.8654],[69.1202,54.8639]]],"type":"MultiLineString"},"geometry_name":"shape","id":"gp_red_lines.fid--7752831e_19fad8546bb_5762","properties":{"area":14.3520467237318,"creation_doc_id":3586,"deactivation_doc_id":null,"id":2527680},"type":"Feature"},{"bbox":[69.1447,54.8635,69.1533,54.8685],"geometry":{"coordinates":[[[69.1533,54.8652],[69.15,54.8635],[69.1447,54.8668],[69.148,54.8685],[69.1533,54.8652]]],"type":"MultiLineString"},"geometry_name":"shape","id":"gp_red_lines.fid--7752831e_19fad8546bb_5763","properties":{"area":14.4465782265361,"creation_doc_id":3586,"deactivation_doc_id":null,"id":2527713},"type":"Feature"},{"bbox":[69.1484,54.8654,69.157,54.8705],"geometry":{"coordinates":[[[69.157,54.8672],[69.1537,54.8654],[69.1484,54.8687],[69.1517,54.8705],[69.157,54.8672]]],"type":"MultiLineString"},"geometry_name":"shape","id":"gp_red_lines.fid--7752831e_19fad8546bb_5764","properties":{"area":14.5968320318983,"creation_doc_id":3586,"deactivation_doc_id":null,"id":2527775},"type":"Feature"},{"bbox":[69.1098,54.8537,69.1182,54.859],"geometry":{"coordinates":[[[69.1182,54.8564],[69.1131,54.8537],[69.1098,54.8558],[69.113,54.8575],[69.1133,54.8577],[69.1133,54.8577],[69.1134,54.8577],[69.1134,54.8578],[69.1141,54.859],[69.1182,54.8564]]],"type":"MultiLineString"},"geometry_name":"shape","id":"gp_red_lines.fid--7752831e_19fad8546bb_5765","properties":{"area":14.7189010956264,"creation_doc_id":3586,"deactivation_doc_id":null,"id":2527831},"type":"Feature"},{"bbox":[69.1276,54.8511,69.1366,54.8557],"geometry":{"coordinates":[[[69.1365,54.8537],[69.1366,54.8536],[69.1357,54.853],[69.1357,54.853],[69.1356,54.853],[69.1356,54.853],[69.1356,54.853],[69.1356,54.853],[69.1348,54.8523],[69.1335,54.8515],[69.1335,54.8515],[69.1335,54.8514],[69.1334,54.8514],[69.1334,54.8514],[69.1333,54.8514],[69.1333,54.8513],[69.1332,54.8513],[69.1332,54.8513],[69.1331,54.8513],[69.1331,54.8513],[69.133,54.8513],[69.133,54.8512],[69.1329,54.8512],[69.1329,54.8512],[69.1328,54.8512],[69.1328,54.8512],[69.1327,54.8512],[69.1326,54.8512],[69.1326,54.8512],[69.1325,54.8512],[69.1325,54.8511],[69.1324,54.8511],[69.1324,54.8511],[69.1323,54.8511],[69.1322,54.8511],[69.1322,54.8511],[69.1321,54.8511],[69.1321,54.8511],[69.132,54.8511],[69.1319,54.8511],[69.1319,54.8511],[69.1318,54.8511],[69.1318,54.8512],[69.1317,54.8512],[69.1316,54.8512],[69.1316,54.8512],[69.1315,54.8512],[69.1315,54.8512],[69.1314,54.8512],[69.1314,54.8512],[69.1313,54.8512],[69.1313,54.8513],[69.1312,54.8513],[69.1311,54.8513],[69.1311,54.8513],[69.131,54.8513],[69.131,54.8513],[69.1309,54.8514],[69.1309,54.8514],[69.1309,54.8514],[69.1305,54.8516],[69.1305,54.8516],[69.1305,54.8516],[69.1305,54.8516],[69.1304,54.8516],[69.1304,54.8516],[69.1303,54.8517],[69.1303,54.8517],[69.1302,54.8517],[69.1302,54.8517],[69.1301,54.8518],[69.1301,54.8518],[69.13,54.8518],[69.13,54.8518],[69.13,54.8518],[69.1299,54.8519],[69.1299,54.8519],[69.1298,54.8519],[69.1298,54.8519],[69.1297,54.8519],[69.1297,54.8519],[69.1296,54.852],[69.1296,54.852],[69.1295,54.852],[69.1295,54.8521],[69.1294,54.8521],[69.1294,54.8521],[69.1294,54.8521],[69.1293,54.8521],[69.1293,54.8521],[69.1292,54.8522],[69.1292,54.8522],[69.1291,54.8522],[69.1291,54.8522],[69.129,54.8522],[69.129,54.8522],[69.1289,54.8523],[69.1289,54.8523],[69.1288,54.8523],[69.1287,54.8523],[69.1287,54.8523],[69.1287,54.8524],[69.1287,54.8524],[69.1286,54.8524],[69.1285,54.8524],[69.1285,54.8524],[69.1285,54.8524],[69.1284,54.8524],[69.1284,54.8524],[69.1283,54.8525],[69.1283,54.8525],[69.1282,54.8525],[69.1282,54.8525],[69.1281,54.8525],[69.1281,54.8525],[69.128,54.8526],[69.1279,54.8526],[69.1279,54.8526],[69.1278,54.8526],[69.1278,54.8526],[69.1277,54.8526],[69.1277,54.8526],[69.1276,54.8527],[69.1333,54.8557],[69.1365,54.8537]]],"type":"MultiLineString"},"geometry_name":"shape","id":"gp_red_lines.fid--7752831e_19fad8546bb_5766","properties":{"area":15.075660508226,"creation_doc_id":3586,"deactivation_doc_id":null,"id":2527948},"type":"Feature"},{"bbox":[69.1267,54.857,69.1354,54.8621],"geometry":{"coordinates":[[[69.1301,54.8621],[69.1354,54.8589],[69.1354,54.8589],[69.1354,54.8588],[69.1354,54.8588],[69.1354,54.8588],[69.1354,54.8588],[69.1354,54.8588],[69.1354,54.8587],[69.1354,54.8587],[69.1353,54.8587],[69.1353,54.8587],[69.1321,54.857],[69.1267,54.8603],[69.1301,54.8621],[69.1301,54.8621],[69.1301,54.8621]]],"type":"MultiLineString"},"geometry_name":"shape","id":"gp_red_lines.fid--7752831e_19fad8546bb_5767","properties":{"area":15.1836749157684,"creation_doc_id":3586,"deactivation_doc_id":null,"id":2528004},"type":"Feature"},{"bbox":[69.1408,54.9371,69.1497,54.9406],"geometry":{"coordinates":[[[69.1497,54.9406],[69.1497,54.9406],[69.1497,54.9406],[69.1497,54.9406],[69.1497,54.9406],[69.1497,54.9406],[69.1497,54.9406],[69.1497,54.9406],[69.1482,54.9379],[69.1417,54.9371],[69.1417,54.9371],[69.1412,54.938],[69.1412,54.938],[69.1412,54.938],[69.1408,54.9399],[69.1497,54.9406],[69.1497,54.9406]]],"type":"MultiLineString"},"geometry_name":"shape","id":"gp_red_lines.fid--7752831e_19fad8546bb_5768","properties":{"area":15.3102976503635,"creation_doc_id":3586,"deactivation_doc_id":null,"id":2528053},"type":"Feature"},{"bbox":[69.1426,54.9601,69.1498,54.9654],"geometry":{"coordinates":[[[69.1434,54.9654],[69.1434,54.9654],[69.1498,54.964],[69.1498,54.964],[69.1496,54.9638],[69.1479,54.9611],[69.1472,54.9602],[69.1471,54.9601],[69.1459,54.9604],[69.1453,54.9605],[69.1452,54.9605],[69.1451,54.9605],[69.1451,54.9606],[69.145,54.9606],[69.1449,54.9606],[69.1449,54.9606],[69.1448,54.9607],[69.1448,54.9607],[69.1448,54.9607],[69.1448,54.9607],[69.1447,54.9607],[69.1447,54.9608],[69.1447,54.9608],[69.1446,54.9608],[69.1446,54.9608],[69.1446,54.9609],[69.1446,54.9609],[69.1446,54.9609],[69.1445,54.961],[69.1445,54.961],[69.1445,54.9611],[69.1444,54.9612],[69.1441,54.9619],[69.1434,54.9634],[69.1426,54.9652],[69.1428,54.9652],[69.1428,54.9652],[69.1431,54.9654],[69.1431,54.9654],[69.1432,54.9654],[69.1434,54.9654]]],"type":"MultiLineString"},"geometry_name":"shape","id":"gp_red_lines.fid--7752831e_19fad8546bb_5769","properties":{"area":15.6954031096083,"creation_doc_id":3586,"deactivation_doc_id":null,"id":2528177},"type":"Feature"},{"bbox":[69.1136,54.8511,69.1225,54.8561],"geometry":{"coordinates":[[[69.1225,54.8537],[69.1191,54.8519],[69.1173,54.8511],[69.1136,54.8534],[69.1187,54.8561],[69.1225,54.8537]]],"type":"MultiLineString"},"geometry_name":"shape","id":"gp_red_lines.fid--7752831e_19fad8546bb_576a","properties":{"area":15.8241491706391,"creation_doc_id":3586,"deactivation_doc_id":null,"id":2528224},"type":"Feature"},{"bbox":[69.142,54.8904,69.1462,54.8971],"geometry":{"coordinates":[[[69.1462,54.8969],[69.1454,54.8904],[69.142,54.8905],[69.1428,54.8971],[69.1462,54.8969]]],"type":"MultiLineString"},"geometry_name":"shape","id":"gp_red_lines.fid--7752831e_19fad8546bb_576b","properties":{"area":15.8388454893326,"creation_doc_id":3586,"deactivation_doc_id":null,"id":2528232},"type":"Feature"},{"bbox":[69.1758,54.8596,69.1919,54.8616],"geometry":{"coordinates":[[[69.1919,54.8602],[69.1759,54.8596],[69.1758,54.861],[69.1919,54.8616],[69.1919,54.8602]]],"type":"MultiLineString"},"geometry_name":"shape","id":"gp_red_lines.fid--7752831e_19fad8546bb_576c","properties":{"area":16.1577673539162,"creation_doc_id":3586,"deactivation_doc_id":null,"id":2528315},"type":"Feature"},{"bbox":[69.1436,54.9642,69.1525,54.9691],"geometry":{"coordinates":[[[69.152,54.9681],[69.1525,54.968],[69.152,54.9672],[69.151,54.9657],[69.1501,54.9644],[69.15,54.9642],[69.1499,54.9642],[69.1436,54.9656],[69.1438,54.9657],[69.1438,54.9657],[69.1438,54.9658],[69.1443,54.966],[69.1446,54.9662],[69.1446,54.9662],[69.1449,54.9664],[69.1451,54.9665],[69.1451,54.9665],[69.1452,54.9666],[69.1452,54.9666],[69.1453,54.9666],[69.1454,54.9667],[69.1457,54.9669],[69.1457,54.9669],[69.1459,54.967],[69.1459,54.9671],[69.1461,54.9672],[69.1464,54.9675],[69.1464,54.9675],[69.1464,54.9675],[69.1467,54.9678],[69.1467,54.9678],[69.1469,54.968],[69.1469,54.968],[69.1469,54.968],[69.1472,54.9682],[69.1474,54.9685],[69.1474,54.9685],[69.1474,54.9685],[69.1477,54.9688],[69.1478,54.9689],[69.1479,54.9691],[69.152,54.9681]]],"type":"MultiLineString"},"geometry_name":"shape","id":"gp_red_lines.fid--7752831e_19fad8546bb_576d","properties":{"area":16.3710804513887,"creation_doc_id":3586,"deactivation_doc_id":null,"id":2528373},"type":"Feature"},{"bbox":[69.1481,54.9684,69.1554,54.9736],"geometry":{"coordinates":[[[69.149,54.9736],[69.1554,54.9721],[69.1528,54.9684],[69.1522,54.9685],[69.1482,54.9694],[69.1481,54.9694],[69.1482,54.9695],[69.1482,54.9695],[69.1485,54.9701],[69.1485,54.9701],[69.1487,54.9706],[69.1487,54.9706],[69.1489,54.9712],[69.1489,54.9712],[69.149,54.9718],[69.149,54.9718],[69.1491,54.9723],[69.1491,54.9724],[69.1491,54.9724],[69.1491,54.9729],[69.1491,54.9729],[69.149,54.9735],[69.149,54.9735],[69.149,54.9736]]],"type":"MultiLineString"},"geometry_name":"shape","id":"gp_red_lines.fid--7752831e_19fad8546bb_576e","properties":{"area":16.4584905001572,"creation_doc_id":3586,"deactivation_doc_id":null,"id":2528404},"type":"Feature"},{"bbox":[69.1371,54.8742,69.1442,54.8809],"geometry":{"coordinates":[[[69.1442,54.8808],[69.144,54.879],[69.1436,54.8774],[69.1436,54.8772],[69.1434,54.877],[69.1433,54.8768],[69.1428,54.8761],[69.1428,54.876],[69.1427,54.8759],[69.1425,54.8758],[69.1395,54.8742],[69.1371,54.8757],[69.1397,54.8771],[69.1398,54.8772],[69.1399,54.8772],[69.1399,54.8773],[69.14,54.8774],[69.14,54.8774],[69.14,54.8774],[69.1405,54.8793],[69.1406,54.8794],[69.1406,54.8794],[69.1406,54.8794],[69.1406,54.8795],[69.1406,54.8796],[69.1408,54.8809],[69.1408,54.8809],[69.1442,54.8808]]],"type":"MultiLineString"},"geometry_name":"shape","id":"gp_red_lines.fid--7752831e_19fad8546bb_576f","properties":{"area":16.9143410114503,"creation_doc_id":3586,"deactivation_doc_id":null,"id":2528513},"type":"Feature"},{"bbox":[69.1485,54.9106,69.1547,54.9157],"geometry":{"coordinates":[[[69.1545,54.9155],[69.1545,54.9155],[69.1545,54.9155],[69.1545,54.9155],[69.1545,54.9155],[69.1545,54.9155],[69.1545,54.9155],[69.1545,54.9154],[69.1545,54.9154],[69.1545,54.9154],[69.1545,54.9154],[69.1545,54.9154],[69.1545,54.9154],[69.1546,54.9154],[69.1546,54.9154],[69.1546,54.9154],[69.1546,54.9154],[69.1546,54.9154],[69.1546,54.9154],[69.1546,54.9154],[69.1546,54.9154],[69.1546,54.9154],[69.1546,54.9154],[69.1546,54.9154],[69.1546,54.9154],[69.1546,54.9154],[69.1546,54.9154],[69.1546,54.9154],[69.1546,54.9154],[69.1546,54.9154],[69.1546,54.9154],[69.1546,54.9154],[69.1546,54.9154],[69.1546,54.9154],[69.1546,54.9153],[69.1546,54.9153],[69.1546,54.9153],[69.1546,54.9153],[69.1546,54.9153],[69.1546,54.9153],[69.1547,54.9153],[69.1547,54.9153],[69.1547,54.9153],[69.1547,54.9153],[69.1547,54.9153],[69.1547,54.9153],[69.1547,54.9153],[69.1547,54.9153],[69.1547,54.9153],[69.1547,54.9153],[69.1547,54.9153],[69.1547,54.9153],[69.1547,54.9153],[69.1547,54.9153],[69.1547,54.9153],[69.1547,54.9153],[69.1547,54.9153],[69.1547,54.9153],[69.1547,54.9152],[69.1547,54.9152],[69.1547,54.9152],[69.1547,54.9152],[69.1547,54.9152],[69.1547,54.9152],[69.1547,54.9152],[69.1547,54.9152],[69.1547,54.9152],[69.1547,54.9152],[69.1547,54.9152],[69.1547,54.9152],[69.1547,54.9152],[69.1547,54.9152],[69.1547,54.9152],[69.1547,54.9152],[69.1547,54.9152],[69.1542,54.9106],[69.1485,54.9108],[69.149,54.9146],[69.1519,54.9145],[69.1519,54.9145],[69.1519,54.9145],[69.1519,54.9145],[69.1519,54.9145],[69.1519,54.9145],[69.152,54.9145],[69.152,54.9145],[69.152,54.9145],[69.152,54.9145],[69.154,54.9157],[69.1545,54.9155]]],"type":"MultiLineString"},"geometry_name":"shape","id":"gp_red_lines.fid--7752831e_19fad8546bb_5770","properties":{"area":16.9248869026902,"creation_doc_id":3586,"deactivation_doc_id":null,"id":2528514},"type":"Feature"},{"bbox":[69.1154,54.8717,69.1259,54.8776],"geometry":{"coordinates":[[[69.118,54.8776],[69.1218,54.8752],[69.1238,54.8748],[69.1259,54.8735],[69.1226,54.8717],[69.1154,54.8761],[69.1176,54.8774],[69.118,54.8776]]],"type":"MultiLineString"},"geometry_name":"shape","id":"gp_red_lines.fid--7752831e_19fad8546bb_5771","properties":{"area":17.1175075828512,"creation_doc_id":3586,"deactivation_doc_id":null,"id":2528574},"type":"Feature"},{"bbox":[69.1033,54.8499,69.1126,54.8556],"geometry":{"coordinates":[[[69.106,54.8499],[69.106,54.8499],[69.106,54.8499],[69.106,54.8499],[69.106,54.85],[69.1055,54.8506],[69.1055,54.8506],[69.1055,54.8506],[69.1055,54.8506],[69.1053,54.8508],[69.1053,54.8508],[69.1053,54.8508],[69.1053,54.8508],[69.1053,54.8508],[69.1053,54.8508],[69.1053,54.8509],[69.1053,54.8509],[69.1051,54.851],[69.1051,54.851],[69.1051,54.851],[69.1051,54.851],[69.1051,54.851],[69.1049,54.8512],[69.1049,54.8512],[69.1049,54.8512],[69.1048,54.8512],[69.1044,54.8515],[69.1044,54.8515],[69.1044,54.8515],[69.1044,54.8515],[69.1036,54.8521],[69.1036,54.8521],[69.1036,54.8521],[69.1034,54.8522],[69.1033,54.8524],[69.1093,54.8556],[69.1126,54.8535],[69.106,54.8499]]],"type":"MultiLineString"},"geometry_name":"shape","id":"gp_red_lines.fid--7752831e_19fad8546bb_5772","properties":{"area":17.3133867915851,"creation_doc_id":3586,"deactivation_doc_id":null,"id":2528628},"type":"Feature"},{"bbox":[69.1331,54.9326,69.1425,54.9367],"geometry":{"coordinates":[[[69.1418,54.9355],[69.1418,54.9354],[69.1418,54.9354],[69.1418,54.9354],[69.1419,54.9353],[69.1419,54.9353],[69.1419,54.9352],[69.142,54.9352],[69.142,54.9352],[69.142,54.9352],[69.142,54.9352],[69.1421,54.9351],[69.1421,54.9351],[69.1421,54.9351],[69.1421,54.9351],[69.1421,54.9351],[69.1421,54.9351],[69.1424,54.9349],[69.1424,54.9349],[69.1425,54.9349],[69.1398,54.9334],[69.1398,54.9334],[69.1397,54.9333],[69.1397,54.9333],[69.1396,54.9333],[69.1395,54.9333],[69.1395,54.9333],[69.1394,54.9332],[69.1393,54.9332],[69.1392,54.9332],[69.1392,54.9332],[69.1391,54.9332],[69.1343,54.9326],[69.1331,54.9356],[69.1331,54.9356],[69.1331,54.9356],[69.1332,54.9356],[69.1332,54.9356],[69.1411,54.9367],[69.1412,54.9367],[69.1418,54.9355]]],"type":"MultiLineString"},"geometry_name":"shape","id":"gp_red_lines.fid--7752831e_19fad8546bb_5773","properties":{"area":17.7069026549938,"creation_doc_id":3586,"deactivation_doc_id":null,"id":2528733},"type":"Feature"},{"bbox":[69.1065,54.8485,69.1169,54.8531],"geometry":{"coordinates":[[[69.1169,54.8509],[69.1169,54.8509],[69.113,54.849],[69.1129,54.8489],[69.1129,54.8489],[69.1127,54.8489],[69.1124,54.8489],[69.1115,54.8488],[69.1115,54.8488],[69.11,54.8487],[69.1094,54.8487],[69.1091,54.8486],[69.1086,54.8486],[69.1074,54.8485],[69.1073,54.8485],[69.1073,54.8485],[69.1068,54.8488],[69.1067,54.8491],[69.1065,54.8496],[69.1131,54.8531],[69.1169,54.8509]]],"type":"MultiLineString"},"geometry_name":"shape","id":"gp_red_lines.fid--7752831e_19fad8546bb_5774","properties":{"area":17.9524751478036,"creation_doc_id":3586,"deactivation_doc_id":null,"id":2528799},"type":"Feature"},{"bbox":[69.1367,54.8975,69.1427,54.9023],"geometry":{"coordinates":[[[69.1427,54.9021],[69.1421,54.8975],[69.1367,54.8977],[69.1367,54.8978],[69.1372,54.902],[69.1372,54.902],[69.1372,54.9021],[69.1371,54.9023],[69.1427,54.9021]]],"type":"MultiLineString"},"geometry_name":"shape","id":"gp_red_lines.fid--7752831e_19fad8546bb_5775","properties":{"area":18.0268109668127,"creation_doc_id":3586,"deactivation_doc_id":null,"id":2528823},"type":"Feature"},{"bbox":[69.2061,54.8678,69.2109,54.8734],"geometry":{"coordinates":[[[69.2109,54.8734],[69.2109,54.8678],[69.2061,54.8678],[69.2061,54.8729],[69.207,54.8734],[69.2109,54.8734]]],"type":"MultiLineString"},"geometry_name":"shape","id":"gp_red_lines.fid--7752831e_19fad8546bb_5776","properties":{"area":18.831893885493,"creation_doc_id":3586,"deactivation_doc_id":null,"id":2529058},"type":"Feature"},{"bbox":[69.1315,54.9359,69.141,54.9399],"geometry":{"coordinates":[[[69.1406,54.9379],[69.1406,54.9379],[69.1406,54.9379],[69.1406,54.9379],[69.1406,54.9379],[69.1406,54.9379],[69.1406,54.9379],[69.1406,54.9379],[69.141,54.937],[69.133,54.9359],[69.1321,54.938],[69.1315,54.9393],[69.1401,54.9399],[69.1406,54.9379]]],"type":"MultiLineString"},"geometry_name":"shape","id":"gp_red_lines.fid--7752831e_19fad8546bb_5777","properties":{"area":19.2678797159114,"creation_doc_id":3586,"deactivation_doc_id":null,"id":2529147},"type":"Feature"},{"bbox":[69.1429,54.8973,69.1469,54.9084],"geometry":{"coordinates":[[[69.1469,54.9031],[69.1462,54.8973],[69.1429,54.8974],[69.1435,54.902],[69.1435,54.902],[69.1436,54.9021],[69.1436,54.9021],[69.1437,54.9022],[69.1437,54.9023],[69.1437,54.9023],[69.1437,54.9023],[69.1445,54.9084],[69.1469,54.9031]]],"type":"MultiLineString"},"geometry_name":"shape","id":"gp_red_lines.fid--7752831e_19fad8546bb_5778","properties":{"area":19.4781484680647,"creation_doc_id":3586,"deactivation_doc_id":null,"id":2529194},"type":"Feature"},{"bbox":[69.1116,54.8696,69.122,54.8758],"geometry":{"coordinates":[[[69.122,54.8714],[69.1188,54.8696],[69.1116,54.8741],[69.1149,54.8758],[69.122,54.8714]]],"type":"MultiLineString"},"geometry_name":"shape","id":"gp_red_lines.fid--7752831e_19fad8546bb_5779","properties":{"area":19.5815186265272,"creation_doc_id":3586,"deactivation_doc_id":null,"id":2529222},"type":"Feature"},{"bbox":[69.156,54.9718,69.1651,54.981],"geometry":{"coordinates":[[[69.1651,54.9802],[69.1648,54.9797],[69.1616,54.9759],[69.1599,54.9737],[69.1599,54.9737],[69.1583,54.9718],[69.156,54.9723],[69.1619,54.981],[69.1651,54.9802]]],"type":"MultiLineString"},"geometry_name":"shape","id":"gp_red_lines.fid--7752831e_19fad8546bb_577a","properties":{"area":19.8349000402563,"creation_doc_id":3586,"deactivation_doc_id":null,"id":2529286},"type":"Feature"},{"bbox":[69.1521,54.8674,69.1619,54.8731],"geometry":{"coordinates":[[[69.1619,54.8699],[69.1574,54.8674],[69.1521,54.8707],[69.1566,54.8731],[69.1619,54.8699]]],"type":"MultiLineString"},"geometry_name":"shape","id":"gp_red_lines.fid--7752831e_19fad8546bb_577b","properties":{"area":19.8634237923402,"creation_doc_id":3586,"deactivation_doc_id":null,"id":2529295},"type":"Feature"},{"bbox":[69.1469,54.8971,69.1532,54.9022],"geometry":{"coordinates":[[[69.1532,54.9022],[69.1525,54.8973],[69.152,54.8971],[69.1469,54.8973],[69.1474,54.9022],[69.1532,54.9022]]],"type":"MultiLineString"},"geometry_name":"shape","id":"gp_red_lines.fid--7752831e_19fad8546bb_577c","properties":{"area":20.3960850086151,"creation_doc_id":3586,"deactivation_doc_id":null,"id":2529411},"type":"Feature"},{"bbox":[69.2061,54.8629,69.214,54.8676],"geometry":{"coordinates":[[[69.2109,54.8676],[69.2109,54.866],[69.214,54.866],[69.2139,54.8634],[69.2067,54.8629],[69.2061,54.8666],[69.2061,54.8675],[69.2061,54.8676],[69.2109,54.8676]]],"type":"MultiLineString"},"geometry_name":"shape","id":"gp_red_lines.fid--7752831e_19fad8546bb_577d","properties":{"area":20.7903850283161,"creation_doc_id":3586,"deactivation_doc_id":null,"id":2529497},"type":"Feature"},{"bbox":[69.1273,54.8816,69.1361,54.8864],"geometry":{"coordinates":[[[69.136,54.8841],[69.136,54.884],[69.136,54.884],[69.1361,54.884],[69.1361,54.884],[69.1361,54.884],[69.1361,54.884],[69.1361,54.8839],[69.1361,54.8839],[69.1361,54.8838],[69.1361,54.8837],[69.1359,54.8816],[69.1273,54.8819],[69.1274,54.8838],[69.1325,54.8864],[69.136,54.8841]]],"type":"MultiLineString"},"geometry_name":"shape","id":"gp_red_lines.fid--7752831e_19fad8546bb_577e","properties":{"area":20.8393302307564,"creation_doc_id":3586,"deactivation_doc_id":null,"id":2529500},"type":"Feature"},{"bbox":[69.133,54.9646,69.1419,54.9699],"geometry":{"coordinates":[[[69.1402,54.9689],[69.1402,54.9689],[69.1415,54.9661],[69.1419,54.9652],[69.1416,54.9651],[69.1416,54.9651],[69.1412,54.9649],[69.1412,54.9649],[69.1412,54.9649],[69.141,54.9649],[69.1404,54.9647],[69.1404,54.9647],[69.1403,54.9647],[69.1403,54.9647],[69.1402,54.9646],[69.1402,54.9646],[69.14,54.9646],[69.14,54.9646],[69.1399,54.9646],[69.1399,54.9646],[69.1398,54.9646],[69.1398,54.9646],[69.1397,54.9646],[69.1397,54.9646],[69.1395,54.9646],[69.1395,54.9646],[69.1394,54.9646],[69.1394,54.9646],[69.1393,54.9646],[69.1392,54.9646],[69.1392,54.9646],[69.139,54.9647],[69.1363,54.9653],[69.1363,54.9653],[69.133,54.966],[69.1358,54.9699],[69.1402,54.9689]]],"type":"MultiLineString"},"geometry_name":"shape","id":"gp_red_lines.fid--7752831e_19fad8546bb_577f","properties":{"area":21.0968896703851,"creation_doc_id":3586,"deactivation_doc_id":null,"id":2529556},"type":"Feature"},{"bbox":[69.1408,54.8812,69.1453,54.8901],"geometry":{"coordinates":[[[69.1453,54.89],[69.1443,54.8812],[69.1408,54.8814],[69.142,54.8901],[69.1453,54.89]]],"type":"MultiLineString"},"geometry_name":"shape","id":"gp_red_lines.fid--7752831e_19fad8546bb_5780","properties":{"area":21.4218682007914,"creation_doc_id":3586,"deactivation_doc_id":null,"id":2529624},"type":"Feature"},{"bbox":[69.1027,54.8526,69.1136,54.8614],"geometry":{"coordinates":[[[69.1136,54.8593],[69.1128,54.8579],[69.1029,54.8526],[69.1028,54.8528],[69.1028,54.8528],[69.1027,54.8528],[69.1027,54.8528],[69.1027,54.8528],[69.1027,54.8528],[69.1027,54.8528],[69.1027,54.8528],[69.1027,54.8528],[69.1027,54.8529],[69.1027,54.8529],[69.1027,54.8529],[69.1027,54.8529],[69.1027,54.8529],[69.1027,54.8529],[69.1027,54.8529],[69.1027,54.8529],[69.1027,54.8529],[69.1027,54.853],[69.1027,54.853],[69.1027,54.853],[69.1027,54.853],[69.1027,54.853],[69.1027,54.853],[69.1027,54.853],[69.1027,54.8531],[69.1027,54.8531],[69.1027,54.8531],[69.1027,54.8531],[69.1027,54.8531],[69.1027,54.8531],[69.1027,54.8531],[69.1027,54.8531],[69.1027,54.8532],[69.1027,54.8532],[69.1027,54.8532],[69.1027,54.8532],[69.1027,54.8532],[69.1027,54.8532],[69.1027,54.8532],[69.1027,54.8532],[69.1027,54.8532],[69.1028,54.8533],[69.1028,54.8533],[69.1028,54.8533],[69.1031,54.8536],[69.1046,54.855],[69.1046,54.855],[69.1046,54.855],[69.1054,54.8557],[69.1054,54.8557],[69.1054,54.8557],[69.1054,54.8557],[69.1054,54.8557],[69.1054,54.8557],[69.1054,54.8557],[69.1057,54.856],[69.1057,54.856],[69.1057,54.856],[69.1057,54.856],[69.1061,54.8565],[69.1062,54.8565],[69.1062,54.8565],[69.1062,54.8565],[69.1064,54.8568],[69.1064,54.8568],[69.1064,54.8568],[69.1064,54.8568],[69.1067,54.8572],[69.1067,54.8572],[69.1067,54.8572],[69.1067,54.8572],[69.1069,54.8576],[69.1069,54.8576],[69.1072,54.858],[69.1072,54.858],[69.1072,54.858],[69.1072,54.858],[69.1077,54.8587],[69.1077,54.8587],[69.1077,54.8587],[69.1077,54.8587],[69.1078,54.859],[69.1078,54.859],[69.1078,54.859],[69.1078,54.859],[69.1079,54.8592],[69.1079,54.8592],[69.1079,54.8592],[69.1079,54.8592],[69.1079,54.8593],[69.1079,54.8593],[69.1079,54.8594],[69.1079,54.8594],[69.108,54.8596],[69.108,54.8596],[69.108,54.8596],[69.108,54.8596],[69.1081,54.86],[69.1081,54.86],[69.1081,54.86],[69.1081,54.8601],[69.1081,54.8604],[69.1081,54.8604],[69.1081,54.8604],[69.1081,54.8604],[69.1081,54.8606],[69.1081,54.8606],[69.1081,54.8609],[69.1084,54.8609],[69.1085,54.8609],[69.1086,54.8609],[69.1087,54.8609],[69.1088,54.8609],[69.1089,54.8609],[69.1089,54.8609],[69.109,54.8609],[69.1091,54.8609],[69.1092,54.861],[69.1093,54.861],[69.1093,54.861],[69.1094,54.861],[69.1095,54.861],[69.1096,54.8611],[69.1096,54.8611],[69.1097,54.8611],[69.1098,54.8611],[69.1098,54.8612],[69.1103,54.8614],[69.1136,54.8593]]],"type":"MultiLineString"},"geometry_name":"shape","id":"gp_red_lines.fid--7752831e_19fad8546bb_5781","properties":{"area":22.133058349032,"creation_doc_id":3586,"deactivation_doc_id":null,"id":2529754},"type":"Feature"},{"bbox":[69.1286,54.8647,69.139,54.8707],"geometry":{"coordinates":[[[69.139,54.8675],[69.1338,54.8647],[69.1286,54.8679],[69.1338,54.8707],[69.139,54.8675]]],"type":"MultiLineString"},"geometry_name":"shape","id":"gp_red_lines.fid--7752831e_19fad8546bb_5782","properties":{"area":22.2412266004357,"creation_doc_id":3586,"deactivation_doc_id":null,"id":2529779},"type":"Feature"},{"bbox":[69.1338,54.9023,69.1435,54.9067],"geometry":{"coordinates":[[[69.1435,54.9063],[69.1435,54.9063],[69.1429,54.9023],[69.137,54.9025],[69.137,54.9026],[69.1349,54.905],[69.1338,54.9066],[69.1338,54.9066],[69.1338,54.9066],[69.1338,54.9067],[69.1435,54.9063]]],"type":"MultiLineString"},"geometry_name":"shape","id":"gp_red_lines.fid--7752831e_19fad8546bb_5783","properties":{"area":22.615461184571,"creation_doc_id":3586,"deactivation_doc_id":null,"id":2529861},"type":"Feature"},{"bbox":[69.1182,54.8737,69.1296,54.8799],"geometry":{"coordinates":[[[69.1185,54.8781],[69.122,54.8799],[69.1224,54.8799],[69.1296,54.8755],[69.1263,54.8737],[69.1244,54.8749],[69.124,54.8751],[69.1222,54.8755],[69.1193,54.8772],[69.1182,54.8779],[69.1183,54.878],[69.1185,54.8781]]],"type":"MultiLineString"},"geometry_name":"shape","id":"gp_red_lines.fid--7752831e_19fad8546bb_5784","properties":{"area":22.8928214825681,"creation_doc_id":3586,"deactivation_doc_id":null,"id":2529914},"type":"Feature"},{"bbox":[69.1925,54.8619,69.2062,54.8649],"geometry":{"coordinates":[[[69.2062,54.8629],[69.2045,54.8628],[69.2045,54.8628],[69.2044,54.8628],[69.2044,54.8628],[69.2043,54.8628],[69.2043,54.8628],[69.2043,54.8628],[69.2042,54.8628],[69.2042,54.8627],[69.2042,54.8627],[69.2041,54.8627],[69.2041,54.8627],[69.2041,54.8627],[69.2039,54.8626],[69.2038,54.8626],[69.2036,54.8625],[69.2035,54.8625],[69.2034,54.8625],[69.2033,54.8624],[69.2032,54.8624],[69.1925,54.8619],[69.1925,54.8639],[69.1925,54.8643],[69.2059,54.8649],[69.2062,54.8629]]],"type":"MultiLineString"},"geometry_name":"shape","id":"gp_red_lines.fid--7752831e_19fad8546bb_5785","properties":{"area":22.8933181713857,"creation_doc_id":3586,"deactivation_doc_id":null,"id":2529915},"type":"Feature"},{"bbox":[69.1925,54.8647,69.2058,54.8676],"geometry":{"coordinates":[[[69.2056,54.8676],[69.2056,54.8675],[69.2056,54.8666],[69.2056,54.8666],[69.2058,54.8652],[69.1925,54.8647],[69.1927,54.8672],[69.1951,54.8673],[69.2056,54.8676],[69.2056,54.8676]]],"type":"MultiLineString"},"geometry_name":"shape","id":"gp_red_lines.fid--7752831e_19fad8546bb_5786","properties":{"area":23.1752551568782,"creation_doc_id":3586,"deactivation_doc_id":null,"id":2529975},"type":"Feature"},{"bbox":[69.1925,54.8484,69.2014,54.8537],"geometry":{"coordinates":[[[69.1976,54.8537],[69.1977,54.8537],[69.1977,54.8537],[69.1978,54.8537],[69.198,54.8537],[69.198,54.8537],[69.1981,54.8536],[69.1983,54.8536],[69.1984,54.8536],[69.1984,54.8535],[69.1986,54.8534],[69.1986,54.8534],[69.1986,54.8534],[69.1986,54.8534],[69.1987,54.8532],[69.1987,54.8532],[69.1988,54.8531],[69.1988,54.8531],[69.1988,54.8531],[69.1993,54.8498],[69.1993,54.8498],[69.1993,54.8497],[69.1993,54.8497],[69.1994,54.8497],[69.1994,54.8496],[69.1994,54.8496],[69.1994,54.8496],[69.1994,54.8496],[69.1995,54.8495],[69.1995,54.8495],[69.1995,54.8495],[69.1996,54.8494],[69.1996,54.8494],[69.1996,54.8494],[69.1997,54.8494],[69.1997,54.8493],[69.1998,54.8493],[69.1999,54.8493],[69.1999,54.8492],[69.2002,54.8492],[69.2002,54.8491],[69.2002,54.8491],[69.2002,54.8491],[69.2002,54.8491],[69.2014,54.8488],[69.1931,54.8484],[69.1925,54.8534],[69.1974,54.8537],[69.1975,54.8537],[69.1976,54.8537]]],"type":"MultiLineString"},"geometry_name":"shape","id":"gp_red_lines.fid--7752831e_19fad8546bb_5787","properties":{"area":23.3316165896432,"creation_doc_id":3586,"deactivation_doc_id":null,"id":2530006},"type":"Feature"},{"bbox":[69.1493,54.8709,69.1563,54.8805],"geometry":{"coordinates":[[[69.1543,54.8804],[69.1537,54.8747],[69.1563,54.8733],[69.1517,54.8709],[69.1493,54.8724],[69.1507,54.8731],[69.1507,54.8732],[69.1508,54.8732],[69.1508,54.8733],[69.1509,54.8733],[69.1509,54.8733],[69.1509,54.8733],[69.151,54.8735],[69.151,54.8736],[69.151,54.8736],[69.151,54.8736],[69.151,54.8736],[69.151,54.8736],[69.151,54.8736],[69.151,54.8738],[69.151,54.8739],[69.1505,54.8768],[69.151,54.8805],[69.1543,54.8804]]],"type":"MultiLineString"},"geometry_name":"shape","id":"gp_red_lines.fid--7752831e_19fad8546bb_5788","properties":{"area":23.8944077737702,"creation_doc_id":3586,"deactivation_doc_id":null,"id":2530078},"type":"Feature"},{"bbox":[69.1814,54.8675,69.1923,54.8719],"geometry":{"coordinates":[[[69.192,54.8675],[69.1824,54.8676],[69.1823,54.8676],[69.1814,54.8682],[69.1881,54.8719],[69.1923,54.8719],[69.192,54.8675]]],"type":"MultiLineString"},"geometry_name":"shape","id":"gp_red_lines.fid--7752831e_19fad8546bb_5789","properties":{"area":24.1214170133293,"creation_doc_id":3586,"deactivation_doc_id":null,"id":2530117},"type":"Feature"},{"bbox":[69.1545,54.8591,69.1754,54.8625],"geometry":{"coordinates":[[[69.1612,54.8605],[69.1612,54.8605],[69.1612,54.8605],[69.1612,54.8605],[69.1612,54.8605],[69.1613,54.8605],[69.1613,54.8605],[69.1613,54.8605],[69.1614,54.8605],[69.1614,54.8605],[69.1614,54.8605],[69.1614,54.8605],[69.1665,54.8607],[69.1753,54.861],[69.1754,54.8596],[69.167,54.8593],[69.1607,54.8592],[69.1571,54.8591],[69.1545,54.8606],[69.1545,54.8607],[69.1578,54.8625],[69.1612,54.8605]]],"type":"MultiLineString"},"geometry_name":"shape","id":"gp_red_lines.fid--7752831e_19fad8546bb_578a","properties":{"area":24.1813883818296,"creation_doc_id":3586,"deactivation_doc_id":null,"id":2530128},"type":"Feature"},{"bbox":[69.1408,54.9654,69.1486,54.9735],"geometry":{"coordinates":[[[69.1408,54.969],[69.1416,54.9701],[69.142,54.9708],[69.143,54.9722],[69.1485,54.9735],[69.1485,54.9735],[69.1486,54.9729],[69.1486,54.9724],[69.1486,54.9718],[69.1484,54.9712],[69.1483,54.9707],[69.148,54.9702],[69.1477,54.9696],[69.1473,54.9691],[69.147,54.9686],[69.1468,54.9683],[69.1465,54.9681],[69.1465,54.9681],[69.1465,54.9681],[69.1463,54.9679],[69.1463,54.9679],[69.146,54.9676],[69.146,54.9676],[69.1457,54.9674],[69.1455,54.9672],[69.1455,54.9672],[69.1453,54.9671],[69.1453,54.9671],[69.145,54.9669],[69.1449,54.9668],[69.1448,54.9667],[69.1448,54.9667],[69.1446,54.9666],[69.1442,54.9664],[69.1442,54.9664],[69.144,54.9662],[69.1435,54.9659],[69.1431,54.9658],[69.143,54.9657],[69.1428,54.9656],[69.1428,54.9656],[69.1425,54.9655],[69.1425,54.9655],[69.1425,54.9654],[69.1421,54.9662],[69.1408,54.969],[69.1408,54.969],[69.1408,54.969]]],"type":"MultiLineString"},"geometry_name":"shape","id":"gp_red_lines.fid--7752831e_19fad8546bb_578b","properties":{"area":26.2022339976928,"creation_doc_id":3586,"deactivation_doc_id":null,"id":2530438},"type":"Feature"},{"bbox":[69.1085,54.8669,69.1184,54.8738],"geometry":{"coordinates":[[[69.1184,54.8694],[69.1141,54.8671],[69.114,54.867],[69.114,54.867],[69.114,54.867],[69.114,54.867],[69.114,54.867],[69.114,54.867],[69.114,54.867],[69.114,54.867],[69.114,54.867],[69.114,54.867],[69.114,54.867],[69.1139,54.867],[69.1139,54.867],[69.1139,54.867],[69.1139,54.867],[69.1139,54.867],[69.1139,54.867],[69.1139,54.867],[69.1139,54.867],[69.1139,54.867],[69.1139,54.867],[69.1138,54.867],[69.1138,54.867],[69.1138,54.867],[69.1138,54.867],[69.1138,54.867],[69.1138,54.867],[69.1138,54.867],[69.1138,54.867],[69.1138,54.8669],[69.1138,54.8669],[69.1138,54.8669],[69.1138,54.8669],[69.1137,54.8669],[69.1137,54.8669],[69.1137,54.8669],[69.1137,54.8669],[69.1137,54.8669],[69.1137,54.8669],[69.1137,54.8669],[69.1137,54.8669],[69.1136,54.8669],[69.1136,54.8669],[69.1136,54.8669],[69.1136,54.8669],[69.1136,54.8669],[69.1136,54.8669],[69.1136,54.8669],[69.1136,54.8669],[69.1136,54.8669],[69.1135,54.8669],[69.1135,54.8669],[69.1135,54.8669],[69.1135,54.8669],[69.1135,54.8669],[69.1135,54.8669],[69.1135,54.8669],[69.1135,54.8669],[69.1135,54.8669],[69.1135,54.8669],[69.1134,54.8669],[69.1134,54.8669],[69.1134,54.8669],[69.1134,54.8669],[69.1134,54.8669],[69.1109,54.8669],[69.1109,54.8676],[69.1109,54.8676],[69.1109,54.8676],[69.1109,54.8676],[69.1109,54.8676],[69.1109,54.8677],[69.1109,54.8677],[69.1109,54.8677],[69.1108,54.8681],[69.1108,54.8681],[69.1108,54.8681],[69.1108,54.8681],[69.1108,54.8681],[69.1108,54.8681],[69.1108,54.8682],[69.1108,54.8682],[69.1108,54.8682],[69.1107,54.8685],[69.1107,54.8685],[69.1107,54.8685],[69.1107,54.8685],[69.1107,54.8685],[69.1107,54.8685],[69.1107,54.8685],[69.1107,54.8685],[69.1106,54.8688],[69.1106,54.8688],[69.1106,54.8688],[69.1106,54.8688],[69.1105,54.8688],[69.1105,54.8689],[69.1105,54.8689],[69.1105,54.8689],[69.1105,54.869],[69.1105,54.869],[69.1105,54.869],[69.1105,54.869],[69.1105,54.869],[69.1105,54.869],[69.1105,54.869],[69.1105,54.869],[69.1103,54.8693],[69.1103,54.8693],[69.1103,54.8693],[69.1103,54.8693],[69.1103,54.8693],[69.1103,54.8694],[69.1103,54.8694],[69.1103,54.8694],[69.1101,54.8697],[69.1101,54.8697],[69.1101,54.8697],[69.1101,54.8697],[69.1101,54.8697],[69.1101,54.8697],[69.1101,54.8697],[69.1101,54.8697],[69.1101,54.8697],[69.1085,54.8724],[69.1112,54.8738],[69.1184,54.8694]]],"type":"MultiLineString"},"geometry_name":"shape","id":"gp_red_lines.fid--7752831e_19fad8546bb_578c","properties":{"area":26.2146867221245,"creation_doc_id":3586,"deactivation_doc_id":null,"id":2530440},"type":"Feature"},{"bbox":[69.146,54.8902,69.1524,54.8969],"geometry":{"coordinates":[[[69.1519,54.8967],[69.1524,54.8964],[69.1516,54.8902],[69.146,54.8904],[69.1468,54.8969],[69.1519,54.8967]]],"type":"MultiLineString"},"geometry_name":"shape","id":"gp_red_lines.fid--7752831e_19fad8546bb_578d","properties":{"area":26.3133422435348,"creation_doc_id":3586,"deactivation_doc_id":null,"id":2530455},"type":"Feature"},{"bbox":[69.1685,54.8473,69.1769,54.8526],"geometry":{"coordinates":[[[69.1769,54.8476],[69.1693,54.8473],[69.1685,54.8522],[69.1762,54.8526],[69.1769,54.8476]]],"type":"MultiLineString"},"geometry_name":"shape","id":"gp_red_lines.fid--7752831e_19fad8546bb_578e","properties":{"area":27.150531649694,"creation_doc_id":3586,"deactivation_doc_id":null,"id":2530578},"type":"Feature"},{"bbox":[69.1039,54.8728,69.1143,54.8805],"geometry":{"coordinates":[[[69.1143,54.8762],[69.1082,54.8728],[69.1081,54.8731],[69.1081,54.8731],[69.1081,54.8731],[69.1081,54.8731],[69.1081,54.8731],[69.1081,54.8731],[69.1081,54.8731],[69.1076,54.8738],[69.1076,54.8738],[69.1076,54.8738],[69.1076,54.8738],[69.1076,54.8739],[69.1076,54.8739],[69.1076,54.8739],[69.1076,54.8739],[69.1073,54.8742],[69.1073,54.8742],[69.1069,54.8749],[69.1069,54.8749],[69.106,54.8761],[69.106,54.8761],[69.106,54.8761],[69.106,54.8761],[69.106,54.8761],[69.106,54.8761],[69.106,54.8761],[69.106,54.8761],[69.1052,54.8772],[69.1052,54.8772],[69.1052,54.8772],[69.1052,54.8772],[69.1052,54.8772],[69.1052,54.8773],[69.1052,54.8773],[69.1052,54.8773],[69.1043,54.8785],[69.1043,54.8785],[69.1039,54.8789],[69.1043,54.8791],[69.1057,54.8796],[69.1058,54.8797],[69.1074,54.8805],[69.1143,54.8762]]],"type":"MultiLineString"},"geometry_name":"shape","id":"gp_red_lines.fid--7752831e_19fad8546bb_578f","properties":{"area":27.3106701097493,"creation_doc_id":3586,"deactivation_doc_id":null,"id":2530603},"type":"Feature"},{"bbox":[69.108,54.8765,69.1212,54.883],"geometry":{"coordinates":[[[69.1163,54.881],[69.1165,54.8809],[69.1166,54.8808],[69.1167,54.8808],[69.1168,54.8808],[69.117,54.8807],[69.1171,54.8807],[69.1172,54.8807],[69.1172,54.8807],[69.1173,54.8806],[69.1175,54.8806],[69.1177,54.8806],[69.1212,54.8801],[69.1179,54.8784],[69.1179,54.8784],[69.1179,54.8784],[69.1179,54.8784],[69.1179,54.8784],[69.1179,54.8784],[69.1178,54.8784],[69.1178,54.8783],[69.1177,54.8783],[69.1177,54.8782],[69.1176,54.8782],[69.1176,54.8782],[69.1176,54.8782],[69.1176,54.8781],[69.1175,54.878],[69.1173,54.8778],[69.1172,54.8778],[69.1172,54.8778],[69.1172,54.8777],[69.1171,54.8777],[69.1171,54.8777],[69.1149,54.8765],[69.108,54.8808],[69.1122,54.883],[69.1163,54.881]]],"type":"MultiLineString"},"geometry_name":"shape","id":"gp_red_lines.fid--7752831e_19fad8546bb_5790","properties":{"area":27.4283685854724,"creation_doc_id":3586,"deactivation_doc_id":null,"id":2530631},"type":"Feature"},{"bbox":[69.1399,54.8707,69.1502,54.8769],"geometry":{"coordinates":[[[69.1441,54.8769],[69.1443,54.8769],[69.1498,54.8765],[69.1502,54.8738],[69.1502,54.8736],[69.1502,54.8735],[69.1502,54.8735],[69.1501,54.8734],[69.1501,54.8734],[69.1451,54.8707],[69.1399,54.8739],[69.1429,54.8755],[69.1431,54.8756],[69.1431,54.8757],[69.1432,54.8757],[69.1433,54.8758],[69.1433,54.8758],[69.1434,54.876],[69.1435,54.8761],[69.144,54.8769],[69.1441,54.8769]]],"type":"MultiLineString"},"geometry_name":"shape","id":"gp_red_lines.fid--7752831e_19fad8546bb_5791","properties":{"area":27.9372237847235,"creation_doc_id":3586,"deactivation_doc_id":null,"id":2530693},"type":"Feature"},{"bbox":[69.1533,54.8967,69.1611,54.9022],"geometry":{"coordinates":[[[69.1607,54.9022],[69.1611,54.9013],[69.1611,54.9013],[69.1608,54.8967],[69.1538,54.897],[69.1533,54.8973],[69.154,54.9022],[69.1607,54.9022]]],"type":"MultiLineString"},"geometry_name":"shape","id":"gp_red_lines.fid--7752831e_19fad8546bb_5792","properties":{"area":28.031478284464,"creation_doc_id":3586,"deactivation_doc_id":null,"id":2530702},"type":"Feature"},{"bbox":[69.1925,54.8602,69.2139,54.8631],"geometry":{"coordinates":[[[69.2139,54.8625],[69.2138,54.8623],[69.2137,54.8621],[69.2136,54.8619],[69.2134,54.8617],[69.2133,54.8615],[69.2131,54.8614],[69.2127,54.8612],[69.2127,54.8611],[69.2127,54.8611],[69.212,54.8608],[69.2114,54.8605],[69.2111,54.8605],[69.2109,54.8604],[69.2098,54.8604],[69.2091,54.8603],[69.209,54.8603],[69.2079,54.8603],[69.2079,54.8603],[69.207,54.8602],[69.207,54.8602],[69.2052,54.8602],[69.2044,54.8602],[69.2042,54.8602],[69.204,54.8602],[69.204,54.8602],[69.2035,54.8602],[69.2027,54.8602],[69.2022,54.8603],[69.2022,54.8603],[69.2002,54.8605],[69.2002,54.8605],[69.2,54.8605],[69.1999,54.8605],[69.1999,54.8605],[69.1997,54.8605],[69.1996,54.8605],[69.1995,54.8605],[69.1925,54.8602],[69.1925,54.8616],[69.1925,54.8616],[69.2032,54.8621],[69.2033,54.8621],[69.2034,54.8621],[69.2035,54.8621],[69.2036,54.8622],[69.2038,54.8622],[69.2038,54.8622],[69.204,54.8623],[69.2041,54.8623],[69.2043,54.8624],[69.2043,54.8624],[69.2044,54.8624],[69.2044,54.8624],[69.2044,54.8625],[69.2045,54.8625],[69.2045,54.8625],[69.2046,54.8625],[69.2046,54.8625],[69.2047,54.8625],[69.2067,54.8626],[69.2139,54.8631],[69.2139,54.8625]]],"type":"MultiLineString"},"geometry_name":"shape","id":"gp_red_lines.fid--7752831e_19fad8546bb_5793","properties":{"area":28.3892796619412,"creation_doc_id":3586,"deactivation_doc_id":null,"id":2530749},"type":"Feature"},{"bbox":[69.121,54.8607,69.1332,54.8676],"geometry":{"coordinates":[[[69.1332,54.8644],[69.1262,54.8607],[69.121,54.8639],[69.1243,54.8657],[69.1285,54.863],[69.1289,54.8633],[69.1247,54.8659],[69.128,54.8676],[69.1332,54.8644]]],"type":"MultiLineString"},"geometry_name":"shape","id":"gp_red_lines.fid--7752831e_19fad8546bb_5794","properties":{"area":28.6708115415194,"creation_doc_id":3586,"deactivation_doc_id":null,"id":2530779},"type":"Feature"},{"bbox":[69.1333,54.9066,69.1438,54.911],"geometry":{"coordinates":[[[69.1351,54.911],[69.1434,54.9107],[69.1438,54.9097],[69.1435,54.9066],[69.1337,54.907],[69.1337,54.907],[69.1337,54.9071],[69.1337,54.9071],[69.1336,54.9072],[69.1336,54.9075],[69.1335,54.908],[69.1335,54.908],[69.1335,54.908],[69.1334,54.9094],[69.1334,54.9095],[69.1333,54.9098],[69.1333,54.9098],[69.1333,54.9098],[69.1334,54.9098],[69.1334,54.9099],[69.1334,54.9099],[69.1335,54.9099],[69.1335,54.9099],[69.1335,54.91],[69.1335,54.91],[69.1335,54.91],[69.1336,54.91],[69.1336,54.9101],[69.1336,54.9101],[69.1336,54.9101],[69.1336,54.9101],[69.1336,54.9102],[69.1336,54.9102],[69.1336,54.9102],[69.1336,54.9103],[69.1335,54.9103],[69.1335,54.9103],[69.1335,54.9103],[69.1335,54.9103],[69.1335,54.9103],[69.1335,54.9103],[69.1335,54.9103],[69.1345,54.9109],[69.1345,54.9109],[69.1345,54.9109],[69.1346,54.9109],[69.1347,54.911],[69.1348,54.911],[69.1348,54.911],[69.1351,54.911]]],"type":"MultiLineString"},"geometry_name":"shape","id":"gp_red_lines.fid--7752831e_19fad8546bb_5795","properties":{"area":29.2906639035572,"creation_doc_id":3586,"deactivation_doc_id":null,"id":2530856},"type":"Feature"},{"bbox":[69.1586,54.9099,69.1722,54.9163],"geometry":{"coordinates":[[[69.1714,54.9099],[69.1586,54.9104],[69.1586,54.9104],[69.1722,54.9163],[69.1714,54.9099]]],"type":"MultiLineString"},"geometry_name":"shape","id":"gp_red_lines.fid--7752831e_19fad8546bb_5796","properties":{"area":29.4987181889761,"creation_doc_id":3586,"deactivation_doc_id":null,"id":2530880},"type":"Feature"},{"bbox":[69.1143,54.8567,69.1257,54.8636],"geometry":{"coordinates":[[[69.1257,54.8604],[69.1187,54.8567],[69.1143,54.8594],[69.1151,54.8607],[69.1206,54.8636],[69.1257,54.8604]]],"type":"MultiLineString"},"geometry_name":"shape","id":"gp_red_lines.fid--7752831e_19fad8546bb_5797","properties":{"area":29.5414792801871,"creation_doc_id":3586,"deactivation_doc_id":null,"id":2530888},"type":"Feature"},{"bbox":[69.1329,54.8905,69.1421,54.8973],"geometry":{"coordinates":[[[69.1421,54.8971],[69.1412,54.8905],[69.1363,54.8907],[69.1362,54.8907],[69.1362,54.8907],[69.1361,54.8907],[69.1361,54.8907],[69.136,54.8907],[69.1359,54.8907],[69.1359,54.8907],[69.1358,54.8907],[69.1358,54.8907],[69.1357,54.8907],[69.1357,54.8907],[69.1357,54.8907],[69.1356,54.8907],[69.1356,54.8908],[69.1355,54.8908],[69.1355,54.8908],[69.1355,54.8908],[69.1354,54.8908],[69.1354,54.8908],[69.1353,54.8908],[69.1353,54.8909],[69.1353,54.8909],[69.1352,54.8909],[69.1352,54.8909],[69.1352,54.8909],[69.1351,54.891],[69.1329,54.8925],[69.1353,54.8937],[69.1356,54.8939],[69.1357,54.8939],[69.1357,54.8939],[69.1358,54.894],[69.1359,54.8941],[69.1359,54.8941],[69.136,54.8942],[69.1361,54.8943],[69.1361,54.8943],[69.1362,54.8944],[69.1362,54.8945],[69.1362,54.8946],[69.1362,54.8946],[69.1363,54.8948],[69.1365,54.8964],[69.1366,54.8973],[69.1421,54.8971]]],"type":"MultiLineString"},"geometry_name":"shape","id":"gp_red_lines.fid--7752831e_19fad8546bb_5798","properties":{"area":30.0151397005843,"creation_doc_id":3586,"deactivation_doc_id":null,"id":2530947},"type":"Feature"},{"bbox":[69.1329,54.8814,69.1412,54.8903],"geometry":{"coordinates":[[[69.1412,54.8902],[69.1401,54.8814],[69.1365,54.8816],[69.1367,54.8838],[69.1367,54.8838],[69.1367,54.8838],[69.1367,54.8839],[69.1367,54.8839],[69.1367,54.8839],[69.1367,54.8839],[69.1367,54.8839],[69.1367,54.884],[69.1367,54.884],[69.1367,54.884],[69.1367,54.884],[69.1367,54.8841],[69.1367,54.8841],[69.1367,54.8841],[69.1367,54.8841],[69.1366,54.8841],[69.1366,54.8842],[69.1366,54.8842],[69.1366,54.8842],[69.1366,54.8842],[69.1366,54.8842],[69.1365,54.8843],[69.1329,54.8866],[69.1369,54.8886],[69.137,54.8886],[69.137,54.8886],[69.137,54.8886],[69.137,54.8887],[69.137,54.8887],[69.137,54.8887],[69.137,54.8887],[69.1371,54.8887],[69.1371,54.8887],[69.1371,54.8887],[69.1371,54.8887],[69.1371,54.8887],[69.1372,54.8903],[69.1412,54.8902]]],"type":"MultiLineString"},"geometry_name":"shape","id":"gp_red_lines.fid--7752831e_19fad8546bb_5799","properties":{"area":30.0638597318437,"creation_doc_id":3586,"deactivation_doc_id":null,"id":2530959},"type":"Feature"},{"bbox":[69.1268,54.9138,69.1419,54.9202],"geometry":{"coordinates":[[[69.1296,54.9202],[69.1296,54.9202],[69.1297,54.9201],[69.1297,54.9201],[69.1297,54.9201],[69.1297,54.9201],[69.1297,54.9201],[69.1297,54.9201],[69.1298,54.9201],[69.1298,54.9201],[69.1301,54.9199],[69.1301,54.9199],[69.1304,54.9197],[69.1305,54.9197],[69.1305,54.9197],[69.1307,54.9196],[69.1309,54.9196],[69.1309,54.9196],[69.1383,54.9183],[69.1384,54.9183],[69.1384,54.9183],[69.1397,54.9185],[69.1419,54.9138],[69.1377,54.9147],[69.1344,54.9155],[69.1344,54.9155],[69.1337,54.9156],[69.1324,54.9159],[69.1324,54.9159],[69.1324,54.9159],[69.1324,54.9159],[69.1324,54.9159],[69.1324,54.9159],[69.1324,54.9159],[69.1324,54.9159],[69.1324,54.9159],[69.1324,54.9159],[69.1324,54.9159],[69.1324,54.9159],[69.1324,54.9159],[69.1324,54.9159],[69.1324,54.9159],[69.1324,54.9159],[69.1323,54.9159],[69.1323,54.9159],[69.1323,54.9159],[69.1323,54.9159],[69.1323,54.9159],[69.1323,54.9159],[69.1323,54.9159],[69.1323,54.9159],[69.1323,54.9159],[69.1323,54.9159],[69.1323,54.9159],[69.1323,54.9159],[69.1323,54.9159],[69.1323,54.9159],[69.1323,54.9159],[69.1323,54.9159],[69.1323,54.9159],[69.1323,54.9159],[69.1323,54.9159],[69.1323,54.9159],[69.1323,54.9159],[69.1323,54.916],[69.1323,54.916],[69.1323,54.916],[69.1323,54.916],[69.1323,54.916],[69.1323,54.916],[69.1323,54.916],[69.1323,54.916],[69.1323,54.916],[69.1323,54.916],[69.1323,54.916],[69.1323,54.916],[69.1323,54.916],[69.1323,54.916],[69.132,54.9169],[69.132,54.9171],[69.1319,54.9172],[69.1319,54.9172],[69.1318,54.9172],[69.1293,54.9179],[69.1292,54.9179],[69.1292,54.9179],[69.127,54.9179],[69.127,54.918],[69.127,54.918],[69.1268,54.9191],[69.1268,54.9201],[69.1296,54.9202],[69.1296,54.9202]]],"type":"MultiLineString"},"geometry_name":"shape","id":"gp_red_lines.fid--7752831e_19fad8546bb_579a","properties":{"area":31.2887333869385,"creation_doc_id":3586,"deactivation_doc_id":null,"id":2531083},"type":"Feature"},{"bbox":[69.1385,54.9725,69.1484,54.9801],"geometry":{"coordinates":[[[69.1418,54.98],[69.1426,54.9796],[69.1434,54.9793],[69.1441,54.9789],[69.1447,54.9785],[69.1453,54.9781],[69.1459,54.9776],[69.1464,54.9771],[69.1469,54.9767],[69.1473,54.9762],[69.1477,54.9756],[69.148,54.9751],[69.1482,54.9746],[69.1484,54.974],[69.1484,54.9739],[69.1427,54.9725],[69.1385,54.9735],[69.1389,54.9741],[69.1389,54.9741],[69.1389,54.9741],[69.1395,54.9756],[69.1415,54.9801],[69.1415,54.9801],[69.1418,54.98]]],"type":"MultiLineString"},"geometry_name":"shape","id":"gp_red_lines.fid--7752831e_19fad8546bb_579b","properties":{"area":31.8017860380404,"creation_doc_id":3586,"deactivation_doc_id":null,"id":2531143},"type":"Feature"},{"bbox":[69.1693,54.8403,69.1777,54.8473],"geometry":{"coordinates":[[[69.1777,54.842],[69.1776,54.842],[69.1775,54.8419],[69.1773,54.8419],[69.177,54.8418],[69.1768,54.8418],[69.1767,54.8418],[69.1765,54.8417],[69.1717,54.8403],[69.1698,54.8433],[69.1693,54.8469],[69.1769,54.8473],[69.1777,54.842]]],"type":"MultiLineString"},"geometry_name":"shape","id":"gp_red_lines.fid--7752831e_19fad8546bb_579c","properties":{"area":31.8530112123454,"creation_doc_id":3586,"deactivation_doc_id":null,"id":2531148},"type":"Feature"},{"bbox":[69.154,54.9024,69.1606,54.9102],"geometry":{"coordinates":[[[69.1606,54.91],[69.1599,54.9043],[69.1599,54.9043],[69.1599,54.9043],[69.1599,54.9043],[69.1599,54.9043],[69.1599,54.9043],[69.16,54.9041],[69.1606,54.9024],[69.154,54.9024],[69.1549,54.9102],[69.1606,54.91]]],"type":"MultiLineString"},"geometry_name":"shape","id":"gp_red_lines.fid--7752831e_19fad8546bb_579d","properties":{"area":31.9515013965195,"creation_doc_id":3586,"deactivation_doc_id":null,"id":2531164},"type":"Feature"},{"bbox":[69.1475,54.9025,69.1541,54.9105],"geometry":{"coordinates":[[[69.1541,54.9102],[69.1532,54.9025],[69.1475,54.9025],[69.1485,54.9105],[69.1541,54.9102]]],"type":"MultiLineString"},"geometry_name":"shape","id":"gp_red_lines.fid--7752831e_19fad8546bb_579e","properties":{"area":32.0385674620382,"creation_doc_id":3586,"deactivation_doc_id":null,"id":2531176},"type":"Feature"},{"bbox":[69.1312,54.9806,69.1429,54.9871],"geometry":{"coordinates":[[[69.1429,54.9852],[69.1409,54.9806],[69.1404,54.9808],[69.1404,54.9808],[69.1395,54.981],[69.1395,54.981],[69.1386,54.9812],[69.1386,54.9812],[69.1376,54.9814],[69.1376,54.9814],[69.1367,54.9816],[69.1366,54.9816],[69.1357,54.9817],[69.1357,54.9817],[69.1347,54.9818],[69.1347,54.9818],[69.1337,54.9818],[69.1337,54.9818],[69.1327,54.9818],[69.1327,54.9818],[69.1327,54.9818],[69.1317,54.9818],[69.1317,54.9818],[69.1312,54.9817],[69.1321,54.9833],[69.1326,54.984],[69.1347,54.9871],[69.1429,54.9852]]],"type":"MultiLineString"},"geometry_name":"shape","id":"gp_red_lines.fid--7752831e_19fad8546bb_579f","properties":{"area":32.6977686535824,"creation_doc_id":3586,"deactivation_doc_id":null,"id":2531245},"type":"Feature"},{"bbox":[69.1543,54.8735,69.164,54.8804],"geometry":{"coordinates":[[[69.164,54.8802],[69.1639,54.8786],[69.1639,54.8786],[69.1639,54.8785],[69.1638,54.8784],[69.1638,54.8783],[69.1638,54.8783],[69.1638,54.8782],[69.1637,54.8781],[69.1628,54.8775],[69.1628,54.8775],[69.1626,54.8774],[69.1626,54.8774],[69.1625,54.8773],[69.1624,54.8773],[69.1624,54.8773],[69.1623,54.8772],[69.1623,54.8772],[69.1622,54.8771],[69.1622,54.877],[69.1622,54.877],[69.1622,54.8769],[69.1621,54.8768],[69.1621,54.8767],[69.162,54.8765],[69.1618,54.8763],[69.1616,54.8762],[69.1567,54.8735],[69.1543,54.8748],[69.1543,54.8749],[69.1543,54.8749],[69.1543,54.8749],[69.1543,54.8749],[69.1543,54.8749],[69.1543,54.8749],[69.1543,54.8749],[69.1543,54.8749],[69.1548,54.8804],[69.164,54.8802]]],"type":"MultiLineString"},"geometry_name":"shape","id":"gp_red_lines.fid--7752831e_19fad8546bb_57a0","properties":{"area":33.4098557543151,"creation_doc_id":3586,"deactivation_doc_id":null,"id":2531324},"type":"Feature"},{"bbox":[69.1353,54.9573,69.1469,54.9649],"geometry":{"coordinates":[[[69.1428,54.9634],[69.1435,54.9618],[69.1438,54.9611],[69.1439,54.961],[69.1439,54.9609],[69.1439,54.9609],[69.1439,54.9608],[69.144,54.9608],[69.144,54.9607],[69.144,54.9607],[69.144,54.9607],[69.1441,54.9607],[69.1441,54.9606],[69.1441,54.9606],[69.1441,54.9606],[69.1441,54.9606],[69.1442,54.9606],[69.1442,54.9605],[69.1443,54.9605],[69.1443,54.9605],[69.1443,54.9605],[69.1444,54.9604],[69.1444,54.9604],[69.1444,54.9604],[69.1445,54.9604],[69.1445,54.9604],[69.1445,54.9603],[69.1446,54.9603],[69.1446,54.9603],[69.1447,54.9603],[69.1448,54.9602],[69.1448,54.9602],[69.1449,54.9602],[69.145,54.9602],[69.1451,54.9602],[69.1457,54.96],[69.1469,54.9597],[69.1452,54.9573],[69.1447,54.9574],[69.1447,54.9574],[69.1427,54.9576],[69.1427,54.9576],[69.1415,54.9576],[69.1415,54.9576],[69.1393,54.9579],[69.1393,54.9579],[69.1353,54.9582],[69.1353,54.9582],[69.1362,54.9595],[69.1375,54.9614],[69.1393,54.9641],[69.1395,54.9643],[69.1395,54.9643],[69.1395,54.9643],[69.1396,54.9643],[69.1396,54.9643],[69.1397,54.9643],[69.1397,54.9643],[69.1398,54.9643],[69.1398,54.9643],[69.1399,54.9643],[69.1399,54.9643],[69.14,54.9643],[69.1401,54.9643],[69.1401,54.9644],[69.1403,54.9644],[69.1403,54.9644],[69.1403,54.9644],[69.1404,54.9644],[69.1404,54.9644],[69.1405,54.9644],[69.1406,54.9644],[69.1406,54.9644],[69.1406,54.9644],[69.1406,54.9644],[69.1413,54.9647],[69.1414,54.9647],[69.1414,54.9647],[69.1414,54.9647],[69.1418,54.9649],[69.1418,54.9649],[69.142,54.9649],[69.1428,54.9634]]],"type":"MultiLineString"},"geometry_name":"shape","id":"gp_red_lines.fid--7752831e_19fad8546bb_57a1","properties":{"area":34.0173448448254,"creation_doc_id":3586,"deactivation_doc_id":null,"id":2531392},"type":"Feature"},{"bbox":[69.1582,54.8608,69.1752,54.8661],"geometry":{"coordinates":[[[69.1691,54.8633],[69.1692,54.8633],[69.1692,54.8633],[69.1695,54.8632],[69.1696,54.8632],[69.17,54.8632],[69.1706,54.8631],[69.1751,54.8633],[69.1752,54.8613],[69.1664,54.861],[69.1615,54.8608],[69.1615,54.8608],[69.1582,54.8627],[69.1621,54.8648],[69.1622,54.8649],[69.1623,54.865],[69.1624,54.865],[69.1624,54.865],[69.1625,54.8651],[69.1625,54.8651],[69.1625,54.8651],[69.1626,54.8652],[69.1626,54.8652],[69.1627,54.8653],[69.1627,54.8653],[69.1627,54.8654],[69.1627,54.8654],[69.1628,54.8655],[69.1628,54.8655],[69.1628,54.8655],[69.1628,54.8656],[69.1628,54.8656],[69.1628,54.8656],[69.1628,54.8656],[69.1628,54.8657],[69.1629,54.8657],[69.1629,54.8657],[69.1629,54.8657],[69.1629,54.8658],[69.1629,54.8658],[69.1629,54.866],[69.1629,54.866],[69.1629,54.866],[69.1629,54.866],[69.1629,54.866],[69.1629,54.866],[69.1629,54.866],[69.1629,54.866],[69.1629,54.866],[69.1629,54.866],[69.1629,54.866],[69.1629,54.866],[69.1629,54.866],[69.1629,54.866],[69.163,54.866],[69.163,54.866],[69.163,54.866],[69.163,54.866],[69.163,54.866],[69.163,54.866],[69.163,54.866],[69.163,54.866],[69.163,54.866],[69.163,54.866],[69.163,54.866],[69.163,54.866],[69.163,54.866],[69.163,54.866],[69.163,54.866],[69.1631,54.8661],[69.1691,54.8633]]],"type":"MultiLineString"},"geometry_name":"shape","id":"gp_red_lines.fid--7752831e_19fad8546bb_57a2","properties":{"area":34.1177146784432,"creation_doc_id":3586,"deactivation_doc_id":null,"id":2531404},"type":"Feature"},{"bbox":[69.1224,54.8758,69.1359,54.8816],"geometry":{"coordinates":[[[69.1359,54.8812],[69.1356,54.8788],[69.1356,54.8788],[69.1356,54.8788],[69.1356,54.8788],[69.1356,54.8788],[69.1356,54.8787],[69.1356,54.8787],[69.1356,54.8787],[69.1355,54.8787],[69.1355,54.8787],[69.1355,54.8786],[69.1355,54.8786],[69.1302,54.8758],[69.1229,54.8802],[69.1228,54.8803],[69.1228,54.8803],[69.1228,54.8803],[69.1228,54.8803],[69.1227,54.8803],[69.1224,54.8804],[69.1231,54.8813],[69.1232,54.8813],[69.1232,54.8813],[69.1232,54.8814],[69.1232,54.8814],[69.1233,54.8814],[69.1233,54.8814],[69.1233,54.8814],[69.1233,54.8814],[69.1233,54.8814],[69.1234,54.8814],[69.1234,54.8814],[69.1234,54.8815],[69.1235,54.8815],[69.1235,54.8815],[69.1236,54.8815],[69.1236,54.8815],[69.1237,54.8816],[69.1238,54.8816],[69.1239,54.8816],[69.1239,54.8816],[69.124,54.8816],[69.1241,54.8816],[69.1359,54.8812]]],"type":"MultiLineString"},"geometry_name":"shape","id":"gp_red_lines.fid--7752831e_19fad8546bb_57a3","properties":{"area":34.2750741049592,"creation_doc_id":3586,"deactivation_doc_id":null,"id":2531425},"type":"Feature"},{"bbox":[69.1277,54.9582,69.139,54.9658],"geometry":{"coordinates":[[[69.1361,54.965],[69.1362,54.965],[69.1389,54.9644],[69.139,54.9644],[69.1389,54.9642],[69.1371,54.9615],[69.1358,54.9596],[69.1349,54.9583],[69.1348,54.9582],[69.1327,54.9584],[69.1327,54.9584],[69.1277,54.9589],[69.1328,54.9658],[69.1361,54.965]]],"type":"MultiLineString"},"geometry_name":"shape","id":"gp_red_lines.fid--7752831e_19fad8546bb_57a4","properties":{"area":34.8646446482079,"creation_doc_id":3586,"deactivation_doc_id":null,"id":2531478},"type":"Feature"},{"bbox":[69.1449,54.881,69.1516,54.89],"geometry":{"coordinates":[[[69.1516,54.8898],[69.1516,54.8898],[69.1516,54.8892],[69.1515,54.8885],[69.1503,54.881],[69.1503,54.881],[69.1449,54.8812],[69.146,54.89],[69.1516,54.8898]]],"type":"MultiLineString"},"geometry_name":"shape","id":"gp_red_lines.fid--7752831e_19fad8546bb_57a5","properties":{"area":35.6291541723572,"creation_doc_id":3586,"deactivation_doc_id":null,"id":2531541},"type":"Feature"},{"bbox":[69.1494,54.9724,69.1614,54.9822],"geometry":{"coordinates":[[[69.1614,54.9811],[69.1555,54.9724],[69.1494,54.9738],[69.15,54.9739],[69.15,54.9739],[69.1501,54.9739],[69.1501,54.974],[69.1502,54.974],[69.1502,54.974],[69.1502,54.974],[69.1503,54.974],[69.1503,54.974],[69.1504,54.9741],[69.1504,54.9741],[69.1505,54.9741],[69.1505,54.9741],[69.1506,54.9741],[69.1506,54.9741],[69.1507,54.9742],[69.1507,54.9742],[69.1507,54.9742],[69.1507,54.9742],[69.1508,54.9743],[69.1508,54.9743],[69.1509,54.9743],[69.1509,54.9743],[69.1509,54.9744],[69.1509,54.9744],[69.151,54.9745],[69.151,54.9745],[69.151,54.9745],[69.151,54.9745],[69.1563,54.9822],[69.1614,54.9811]]],"type":"MultiLineString"},"geometry_name":"shape","id":"gp_red_lines.fid--7752831e_19fad8546bb_57a6","properties":{"area":37.1079061060679,"creation_doc_id":3586,"deactivation_doc_id":null,"id":2531675},"type":"Feature"},{"bbox":[69.1193,54.8528,69.1329,54.8601],"geometry":{"coordinates":[[[69.1329,54.8559],[69.1329,54.8559],[69.127,54.8528],[69.127,54.8528],[69.127,54.8528],[69.1269,54.8529],[69.1268,54.8529],[69.1268,54.8529],[69.1267,54.8529],[69.1267,54.8529],[69.1266,54.8529],[69.1266,54.8529],[69.1265,54.8529],[69.1265,54.8529],[69.1264,54.853],[69.1264,54.853],[69.1263,54.853],[69.1263,54.853],[69.1262,54.853],[69.1262,54.853],[69.1261,54.853],[69.1261,54.853],[69.126,54.853],[69.126,54.853],[69.1249,54.8532],[69.1249,54.8532],[69.1249,54.8532],[69.1249,54.8532],[69.1249,54.8532],[69.1248,54.8533],[69.1248,54.8533],[69.1248,54.8533],[69.1247,54.8533],[69.1247,54.8533],[69.1247,54.8533],[69.1246,54.8533],[69.1246,54.8533],[69.1246,54.8533],[69.1246,54.8533],[69.1245,54.8533],[69.1245,54.8533],[69.1245,54.8533],[69.1244,54.8534],[69.1244,54.8534],[69.1244,54.8534],[69.1244,54.8534],[69.1243,54.8534],[69.1243,54.8534],[69.1243,54.8534],[69.1243,54.8534],[69.1242,54.8534],[69.1242,54.8534],[69.1242,54.8534],[69.1241,54.8535],[69.1241,54.8535],[69.1241,54.8535],[69.1241,54.8535],[69.124,54.8535],[69.124,54.8535],[69.124,54.8535],[69.124,54.8535],[69.1239,54.8535],[69.1239,54.8536],[69.1239,54.8536],[69.1239,54.8536],[69.1238,54.8536],[69.1238,54.8536],[69.1238,54.8536],[69.1238,54.8536],[69.1237,54.8536],[69.1237,54.8536],[69.1237,54.8537],[69.1237,54.8537],[69.1237,54.8537],[69.1236,54.8537],[69.1193,54.8564],[69.1262,54.8601],[69.1329,54.8559]]],"type":"MultiLineString"},"geometry_name":"shape","id":"gp_red_lines.fid--7752831e_19fad8546bb_57a7","properties":{"area":37.4003250329299,"creation_doc_id":3586,"deactivation_doc_id":null,"id":2531700},"type":"Feature"},{"bbox":[69.1271,54.9107,69.1432,54.9177],"geometry":{"coordinates":[[[69.1315,54.917],[69.1316,54.9169],[69.1316,54.9169],[69.1316,54.9169],[69.1318,54.9159],[69.1318,54.9159],[69.1318,54.9159],[69.1318,54.9159],[69.1318,54.9159],[69.1318,54.9159],[69.1318,54.9159],[69.1318,54.9159],[69.1318,54.9159],[69.1318,54.9159],[69.1318,54.9159],[69.1318,54.9159],[69.1318,54.9159],[69.1318,54.9159],[69.1318,54.9159],[69.1318,54.9159],[69.1318,54.9159],[69.1318,54.9159],[69.1318,54.9159],[69.1318,54.9159],[69.1318,54.9159],[69.1318,54.9159],[69.1318,54.9159],[69.1318,54.9159],[69.1318,54.9158],[69.1319,54.9158],[69.1319,54.9158],[69.1319,54.9158],[69.1319,54.9158],[69.1319,54.9158],[69.1319,54.9158],[69.1319,54.9158],[69.1319,54.9158],[69.1319,54.9158],[69.1319,54.9158],[69.1319,54.9158],[69.1319,54.9158],[69.1319,54.9158],[69.1319,54.9158],[69.1319,54.9158],[69.1319,54.9158],[69.1319,54.9158],[69.1319,54.9158],[69.1319,54.9158],[69.1319,54.9158],[69.1319,54.9158],[69.1319,54.9158],[69.1319,54.9158],[69.1319,54.9158],[69.1319,54.9158],[69.1319,54.9158],[69.132,54.9157],[69.132,54.9157],[69.132,54.9157],[69.132,54.9157],[69.132,54.9157],[69.132,54.9157],[69.132,54.9157],[69.132,54.9157],[69.132,54.9157],[69.132,54.9157],[69.132,54.9157],[69.132,54.9157],[69.132,54.9157],[69.132,54.9157],[69.132,54.9157],[69.132,54.9157],[69.132,54.9157],[69.132,54.9157],[69.1321,54.9157],[69.1321,54.9157],[69.1321,54.9157],[69.1321,54.9157],[69.1321,54.9157],[69.1321,54.9157],[69.1321,54.9157],[69.1321,54.9157],[69.1321,54.9157],[69.1321,54.9157],[69.1321,54.9157],[69.1321,54.9157],[69.1321,54.9157],[69.1321,54.9157],[69.1321,54.9157],[69.1321,54.9157],[69.1321,54.9157],[69.1322,54.9157],[69.1322,54.9157],[69.1322,54.9156],[69.1322,54.9156],[69.1322,54.9156],[69.1322,54.9156],[69.1322,54.9156],[69.1322,54.9156],[69.1322,54.9156],[69.1322,54.9156],[69.1322,54.9156],[69.1322,54.9156],[69.1322,54.9156],[69.1322,54.9156],[69.1323,54.9156],[69.1323,54.9156],[69.1323,54.9156],[69.1323,54.9156],[69.1336,54.9154],[69.1336,54.9154],[69.1342,54.9153],[69.1375,54.9145],[69.1375,54.9145],[69.1421,54.9135],[69.1428,54.9118],[69.143,54.9115],[69.1432,54.911],[69.1348,54.9113],[69.1348,54.9113],[69.1347,54.9113],[69.1346,54.9113],[69.1345,54.9113],[69.1345,54.9113],[69.1344,54.9113],[69.1343,54.9113],[69.1342,54.9112],[69.1342,54.9112],[69.1341,54.9112],[69.1341,54.9112],[69.134,54.9112],[69.1339,54.9111],[69.1337,54.911],[69.1333,54.9107],[69.1332,54.9107],[69.1332,54.9107],[69.1332,54.9107],[69.1332,54.9107],[69.1332,54.9107],[69.1331,54.9107],[69.1331,54.9108],[69.1331,54.9108],[69.1331,54.9108],[69.1331,54.9108],[69.1331,54.9108],[69.133,54.9108],[69.133,54.9108],[69.133,54.9108],[69.133,54.9108],[69.1329,54.9108],[69.1328,54.9108],[69.1328,54.9108],[69.1322,54.911],[69.1322,54.911],[69.1321,54.911],[69.1321,54.911],[69.1321,54.911],[69.1309,54.912],[69.1308,54.912],[69.1302,54.9125],[69.1299,54.9128],[69.1295,54.9132],[69.1294,54.9133],[69.1292,54.9135],[69.129,54.9138],[69.1289,54.9139],[69.1286,54.9143],[69.1286,54.9144],[69.1279,54.9154],[69.1279,54.9155],[69.1278,54.9155],[69.1276,54.916],[69.1274,54.9165],[69.1271,54.9176],[69.1291,54.9177],[69.1315,54.917]]],"type":"MultiLineString"},"geometry_name":"shape","id":"gp_red_lines.fid--7752831e_19fad8546bb_57a8","properties":{"area":39.3874161268336,"creation_doc_id":3586,"deactivation_doc_id":null,"id":2531846},"type":"Feature"},{"bbox":[69.1735,54.8684,69.1924,54.8749],"geometry":{"coordinates":[[[69.1787,54.8738],[69.1924,54.8737],[69.1923,54.8721],[69.188,54.8722],[69.188,54.8722],[69.1879,54.8721],[69.1879,54.8721],[69.1811,54.8684],[69.1735,54.8729],[69.1767,54.8749],[69.1787,54.8738]]],"type":"MultiLineString"},"geometry_name":"shape","id":"gp_red_lines.fid--7752831e_19fad8546bb_57a9","properties":{"area":40.0762427148819,"creation_doc_id":3586,"deactivation_doc_id":null,"id":2531901},"type":"Feature"},{"bbox":[69.177,54.8477,69.1924,54.8533],"geometry":{"coordinates":[[[69.1924,54.8483],[69.1777,54.8477],[69.177,54.8526],[69.1919,54.8533],[69.1924,54.8483]]],"type":"MultiLineString"},"geometry_name":"shape","id":"gp_red_lines.fid--7752831e_19fad8546bb_57aa","properties":{"area":53.2355446596758,"creation_doc_id":3586,"deactivation_doc_id":null,"id":2532560},"type":"Feature"},{"bbox":[69.1255,54.9736,69.1408,54.9815],"geometry":{"coordinates":[[[69.1337,54.9815],[69.1346,54.9815],[69.1356,54.9814],[69.1365,54.9813],[69.1375,54.9812],[69.1384,54.981],[69.1393,54.9808],[69.1402,54.9805],[69.1408,54.9803],[69.1382,54.9743],[69.1377,54.9736],[69.1255,54.9764],[69.126,54.977],[69.1269,54.9775],[69.1269,54.9775],[69.1272,54.9776],[69.1282,54.9783],[69.1283,54.9783],[69.1283,54.9783],[69.1297,54.9796],[69.1298,54.9796],[69.1298,54.9796],[69.13,54.9799],[69.13,54.9799],[69.131,54.9815],[69.1317,54.9815],[69.1327,54.9815],[69.1337,54.9815]]],"type":"MultiLineString"},"geometry_name":"shape","id":"gp_red_lines.fid--7752831e_19fad8546bb_57ab","properties":{"area":53.3689852348531,"creation_doc_id":3586,"deactivation_doc_id":null,"id":2532566},"type":"Feature"},{"bbox":[69.1931,54.8422,69.2071,54.8484],"geometry":{"coordinates":[[[69.2025,54.8484],[69.2059,54.8473],[69.2061,54.8473],[69.2062,54.8472],[69.2062,54.8472],[69.2062,54.8472],[69.2063,54.8471],[69.2064,54.8471],[69.2064,54.8471],[69.2064,54.8469],[69.2065,54.8468],[69.2065,54.8468],[69.2065,54.8466],[69.2071,54.8429],[69.1994,54.8424],[69.1937,54.8422],[69.1931,54.848],[69.2024,54.8484],[69.2025,54.8484]]],"type":"MultiLineString"},"geometry_name":"shape","id":"gp_red_lines.fid--7752831e_19fad8546bb_57ac","properties":{"area":53.4697830458676,"creation_doc_id":3586,"deactivation_doc_id":null,"id":2532574},"type":"Feature"},{"bbox":[69.1927,54.8675,69.2064,54.8737],"geometry":{"coordinates":[[[69.2064,54.8734],[69.2057,54.8731],[69.2057,54.8731],[69.2057,54.873],[69.2056,54.873],[69.2056,54.873],[69.2056,54.873],[69.2056,54.873],[69.2056,54.873],[69.2056,54.873],[69.2056,54.8679],[69.2056,54.8678],[69.1951,54.8676],[69.1927,54.8675],[69.193,54.8737],[69.2064,54.8734]]],"type":"MultiLineString"},"geometry_name":"shape","id":"gp_red_lines.fid--7752831e_19fad8546bb_57ad","properties":{"area":54.1156710561829,"creation_doc_id":3586,"deactivation_doc_id":null,"id":2532602},"type":"Feature"},{"bbox":[69.1521,54.846,69.1686,54.8522],"geometry":{"coordinates":[[[69.1686,54.8473],[69.1639,54.847],[69.1638,54.847],[69.154,54.846],[69.1521,54.8508],[69.158,54.8516],[69.1583,54.8517],[69.1679,54.8522],[69.1686,54.8473]]],"type":"MultiLineString"},"geometry_name":"shape","id":"gp_red_lines.fid--7752831e_19fad8546bb_57ae","properties":{"area":55.3848171558552,"creation_doc_id":3586,"deactivation_doc_id":null,"id":2532654},"type":"Feature"},{"bbox":[69.1416,54.974,69.1557,54.9851],"geometry":{"coordinates":[[[69.1436,54.9851],[69.1557,54.9823],[69.1507,54.975],[69.1507,54.975],[69.1504,54.9747],[69.1504,54.9746],[69.1504,54.9746],[69.1503,54.9745],[69.1503,54.9745],[69.1503,54.9745],[69.1502,54.9744],[69.1502,54.9744],[69.1501,54.9744],[69.15,54.9743],[69.15,54.9743],[69.1499,54.9743],[69.1498,54.9743],[69.1498,54.9743],[69.1489,54.974],[69.1489,54.9741],[69.1489,54.9741],[69.1487,54.9746],[69.1487,54.9746],[69.1484,54.9752],[69.1484,54.9752],[69.1481,54.9757],[69.1481,54.9757],[69.1477,54.9763],[69.1477,54.9763],[69.1473,54.9768],[69.1473,54.9768],[69.1468,54.9773],[69.1468,54.9773],[69.1468,54.9773],[69.1463,54.9778],[69.1463,54.9778],[69.1457,54.9782],[69.1457,54.9782],[69.1451,54.9787],[69.1451,54.9787],[69.1444,54.9791],[69.1444,54.9791],[69.1437,54.9795],[69.1437,54.9795],[69.1429,54.9799],[69.1429,54.9799],[69.1421,54.9802],[69.1421,54.9802],[69.1416,54.9804],[69.1436,54.9851]]],"type":"MultiLineString"},"geometry_name":"shape","id":"gp_red_lines.fid--7752831e_19fad8546bb_57af","properties":{"area":57.2135907533994,"creation_doc_id":3586,"deactivation_doc_id":null,"id":2532732},"type":"Feature"},{"bbox":[69.184,54.8339,69.209,54.8396],"geometry":{"coordinates":[[[69.209,54.8364],[69.1855,54.8339],[69.184,54.8371],[69.208,54.8396],[69.209,54.8364]]],"type":"MultiLineString"},"geometry_name":"shape","id":"gp_red_lines.fid--7752831e_19fad8546bb_57b0","properties":{"area":57.5370066369672,"creation_doc_id":3586,"deactivation_doc_id":null,"id":2532749},"type":"Feature"},{"bbox":[69.1777,54.8419,69.1931,54.848],"geometry":{"coordinates":[[[69.1931,54.8422],[69.1896,54.842],[69.1876,54.842],[69.1856,54.8419],[69.1853,54.842],[69.1845,54.842],[69.1844,54.842],[69.1835,54.842],[69.1835,54.842],[69.1833,54.842],[69.183,54.8421],[69.183,54.8421],[69.182,54.8421],[69.181,54.8422],[69.1801,54.8422],[69.1801,54.8422],[69.18,54.8422],[69.1797,54.8422],[69.1796,54.8422],[69.1796,54.8422],[69.1792,54.8421],[69.1792,54.8421],[69.1791,54.8421],[69.179,54.8421],[69.179,54.8421],[69.1789,54.8421],[69.1788,54.8421],[69.1788,54.8421],[69.1786,54.8421],[69.1784,54.8421],[69.1777,54.8473],[69.1925,54.848],[69.1931,54.8422]]],"type":"MultiLineString"},"geometry_name":"shape","id":"gp_red_lines.fid--7752831e_19fad8546bb_57b1","properties":{"area":59.2145321989703,"creation_doc_id":3586,"deactivation_doc_id":null,"id":2532818},"type":"Feature"},{"bbox":[69.1633,54.8634,69.1808,54.8727],"geometry":{"coordinates":[[[69.1808,54.8682],[69.1755,54.8652],[69.1754,54.8652],[69.1752,54.8651],[69.1752,54.865],[69.1751,54.8649],[69.175,54.8648],[69.175,54.8647],[69.175,54.8646],[69.175,54.8646],[69.175,54.8646],[69.175,54.8645],[69.175,54.8645],[69.175,54.8645],[69.175,54.8645],[69.175,54.8645],[69.175,54.8635],[69.175,54.8635],[69.1706,54.8634],[69.1699,54.8635],[69.1699,54.8635],[69.1697,54.8635],[69.1694,54.8636],[69.1633,54.8663],[69.1633,54.8663],[69.1655,54.8681],[69.1732,54.8727],[69.1808,54.8682]]],"type":"MultiLineString"},"geometry_name":"shape","id":"gp_red_lines.fid--7752831e_19fad8546bb_57b2","properties":{"area":62.6485658230488,"creation_doc_id":3586,"deactivation_doc_id":null,"id":2532943},"type":"Feature"},{"bbox":[69.1755,54.8613,69.192,54.868],"geometry":{"coordinates":[[[69.1821,54.8674],[69.1822,54.8673],[69.1823,54.8673],[69.192,54.8672],[69.1918,54.8639],[69.1918,54.8638],[69.1918,54.8638],[69.1919,54.8619],[69.1757,54.8613],[69.1755,54.8636],[69.1755,54.8645],[69.1755,54.8645],[69.1755,54.8645],[69.1755,54.8645],[69.1755,54.8645],[69.1755,54.8645],[69.1755,54.8646],[69.1755,54.8646],[69.1755,54.8646],[69.1755,54.8646],[69.1755,54.8646],[69.1755,54.8646],[69.1755,54.8646],[69.1755,54.8646],[69.1755,54.8646],[69.1755,54.8647],[69.1755,54.8647],[69.1755,54.8647],[69.1755,54.8647],[69.1755,54.8647],[69.1755,54.8647],[69.1755,54.8647],[69.1755,54.8647],[69.1755,54.8648],[69.1755,54.8648],[69.1755,54.8648],[69.1756,54.8648],[69.1756,54.8648],[69.1756,54.8648],[69.1756,54.8648],[69.1756,54.8648],[69.1756,54.8648],[69.1756,54.8649],[69.1756,54.8649],[69.1756,54.8649],[69.1756,54.8649],[69.1756,54.8649],[69.1757,54.8649],[69.1757,54.8649],[69.1757,54.8649],[69.1757,54.8649],[69.1757,54.865],[69.1757,54.865],[69.1757,54.865],[69.1757,54.865],[69.1758,54.865],[69.1758,54.865],[69.1758,54.865],[69.1811,54.868],[69.1821,54.8674]]],"type":"MultiLineString"},"geometry_name":"shape","id":"gp_red_lines.fid--7752831e_19fad8546bb_57b3","properties":{"area":63.3811585521846,"creation_doc_id":3586,"deactivation_doc_id":null,"id":2532963},"type":"Feature"},{"bbox":[69.1785,54.8375,69.2079,54.8425],"geometry":{"coordinates":[[[69.2075,54.8412],[69.2075,54.8412],[69.2079,54.84],[69.1837,54.8375],[69.1801,54.8381],[69.1785,54.8416],[69.1789,54.8417],[69.1792,54.8417],[69.1799,54.8417],[69.1801,54.8417],[69.1811,54.8417],[69.182,54.8417],[69.1826,54.8416],[69.1826,54.8416],[69.1833,54.8416],[69.1842,54.8415],[69.1842,54.8415],[69.1844,54.8415],[69.1851,54.8415],[69.1851,54.8415],[69.1852,54.8415],[69.1856,54.8415],[69.1856,54.8415],[69.1856,54.8415],[69.1877,54.8415],[69.1878,54.8415],[69.1896,54.8416],[69.1994,54.842],[69.2072,54.8425],[69.2075,54.8412]]],"type":"MultiLineString"},"geometry_name":"shape","id":"gp_red_lines.fid--7752831e_19fad8546bb_57b4","properties":{"area":65.8024995815272,"creation_doc_id":3586,"deactivation_doc_id":null,"id":2533041},"type":"Feature"},{"bbox":[69.1735,54.874,69.1924,54.88],"geometry":{"coordinates":[[[69.1923,54.8796],[69.1923,54.8796],[69.192,54.8755],[69.192,54.8755],[69.192,54.8755],[69.1921,54.8752],[69.1922,54.875],[69.1924,54.8743],[69.1924,54.8743],[69.1924,54.874],[69.1789,54.8742],[69.1767,54.8753],[69.1735,54.877],[69.1737,54.88],[69.1923,54.8796]]],"type":"MultiLineString"},"geometry_name":"shape","id":"gp_red_lines.fid--7752831e_19fad8546bb_57b5","properties":{"area":70.110280476619,"creation_doc_id":3586,"deactivation_doc_id":null,"id":2533149},"type":"Feature"},{"bbox":[69.1524,54.8897,69.1696,54.8966],"geometry":{"coordinates":[[[69.1532,54.8964],[69.1536,54.8966],[69.1696,54.896],[69.169,54.8897],[69.1524,54.8902],[69.1532,54.8964]]],"type":"MultiLineString"},"geometry_name":"shape","id":"gp_red_lines.fid--7752831e_19fad8546bb_57b6","properties":{"area":75.3081490248301,"creation_doc_id":3586,"deactivation_doc_id":null,"id":2533268},"type":"Feature"},{"bbox":[69.1856,54.8285,69.2122,54.836],"geometry":{"coordinates":[[[69.2122,54.8322],[69.211,54.832],[69.2104,54.8318],[69.1938,54.8297],[69.1937,54.8297],[69.1879,54.8285],[69.1856,54.8336],[69.2093,54.836],[69.2122,54.8322]]],"type":"MultiLineString"},"geometry_name":"shape","id":"gp_red_lines.fid--7752831e_19fad8546bb_57b7","properties":{"area":80.747048107385,"creation_doc_id":3586,"deactivation_doc_id":null,"id":2533371},"type":"Feature"},{"bbox":[69.1572,54.8684,69.1762,54.8802],"geometry":{"coordinates":[[[69.1731,54.88],[69.1729,54.8769],[69.173,54.8768],[69.1762,54.8751],[69.1652,54.8684],[69.1572,54.8733],[69.1621,54.876],[69.1621,54.876],[69.1621,54.876],[69.1621,54.876],[69.1623,54.8761],[69.1623,54.8761],[69.1623,54.8761],[69.1623,54.8761],[69.1623,54.8761],[69.1623,54.8761],[69.1623,54.8761],[69.1625,54.8763],[69.1625,54.8763],[69.1625,54.8763],[69.1625,54.8764],[69.1627,54.8765],[69.1627,54.8765],[69.1627,54.8766],[69.1627,54.8766],[69.1627,54.8767],[69.1628,54.8767],[69.1628,54.8767],[69.1628,54.8769],[69.1628,54.877],[69.1629,54.8771],[69.163,54.8771],[69.163,54.8772],[69.1633,54.8773],[69.1633,54.8773],[69.1642,54.8779],[69.1642,54.8779],[69.1642,54.8779],[69.1642,54.8779],[69.1642,54.8779],[69.1642,54.8779],[69.1642,54.8779],[69.1643,54.878],[69.1643,54.8781],[69.1643,54.8781],[69.1644,54.8781],[69.1644,54.8782],[69.1644,54.8782],[69.1644,54.8782],[69.1645,54.8783],[69.1645,54.8783],[69.1645,54.8783],[69.1645,54.8783],[69.1645,54.8785],[69.1645,54.8785],[69.1645,54.8785],[69.1645,54.8785],[69.1645,54.8786],[69.1646,54.8802],[69.1731,54.88]]],"type":"MultiLineString"},"geometry_name":"shape","id":"gp_red_lines.fid--7752831e_19fad8546bb_57b8","properties":{"area":85.1223197912028,"creation_doc_id":3586,"deactivation_doc_id":null,"id":2533447},"type":"Feature"},{"bbox":[69.1541,54.837,69.1711,54.8469],"geometry":{"coordinates":[[[69.1692,54.8432],[69.1692,54.8432],[69.1692,54.8432],[69.1711,54.8401],[69.1607,54.8371],[69.1604,54.837],[69.1602,54.837],[69.16,54.837],[69.1599,54.837],[69.1596,54.837],[69.1588,54.837],[69.1586,54.837],[69.1585,54.837],[69.1584,54.837],[69.1582,54.837],[69.1579,54.8371],[69.1577,54.8371],[69.1576,54.8371],[69.1575,54.8372],[69.1573,54.8372],[69.1572,54.8373],[69.157,54.8374],[69.157,54.8374],[69.1568,54.8375],[69.1568,54.8376],[69.1567,54.8377],[69.1567,54.8378],[69.1566,54.8379],[69.1566,54.8383],[69.1565,54.8386],[69.1565,54.8391],[69.1565,54.8391],[69.1564,54.8394],[69.1564,54.8394],[69.1541,54.8456],[69.164,54.8467],[69.164,54.8467],[69.1687,54.8469],[69.1692,54.8432]]],"type":"MultiLineString"},"geometry_name":"shape","id":"gp_red_lines.fid--7752831e_19fad8546bb_57b9","properties":{"area":85.3676850660185,"creation_doc_id":3586,"deactivation_doc_id":null,"id":2533453},"type":"Feature"},{"bbox":[69.1605,54.8963,69.1713,54.9099],"geometry":{"coordinates":[[[69.1713,54.9095],[69.1697,54.8963],[69.1615,54.8967],[69.1617,54.9013],[69.1617,54.9013],[69.1617,54.9013],[69.1617,54.9013],[69.1617,54.9013],[69.1605,54.9043],[69.1612,54.9099],[69.1713,54.9095]]],"type":"MultiLineString"},"geometry_name":"shape","id":"gp_red_lines.fid--7752831e_19fad8546bb_57ba","properties":{"area":88.6397795082444,"creation_doc_id":3586,"deactivation_doc_id":null,"id":2533504},"type":"Feature"},{"bbox":[69.1926,54.8736,69.2158,54.8796],"geometry":{"coordinates":[[[69.2158,54.8791],[69.2157,54.8743],[69.2151,54.8736],[69.193,54.874],[69.193,54.8743],[69.193,54.8743],[69.193,54.8743],[69.1926,54.8755],[69.193,54.8796],[69.2158,54.8791]]],"type":"MultiLineString"},"geometry_name":"shape","id":"gp_red_lines.fid--7752831e_19fad8546bb_57bb","properties":{"area":90.943399947929,"creation_doc_id":3586,"deactivation_doc_id":null,"id":2533547},"type":"Feature"},{"bbox":[69.1198,54.959,69.1363,54.975],"geometry":{"coordinates":[[[69.1269,54.959],[69.1224,54.9594],[69.1223,54.9594],[69.1223,54.9594],[69.1223,54.9594],[69.1223,54.9594],[69.1223,54.9594],[69.1222,54.9594],[69.1222,54.9594],[69.1222,54.9594],[69.1222,54.9594],[69.1222,54.9594],[69.1222,54.9594],[69.1221,54.9595],[69.1221,54.9595],[69.1221,54.9595],[69.1221,54.9595],[69.1221,54.9595],[69.1221,54.9595],[69.1221,54.9595],[69.1221,54.9595],[69.1221,54.9595],[69.1221,54.9596],[69.1221,54.9596],[69.1221,54.9596],[69.1221,54.9596],[69.1221,54.9596],[69.1221,54.9596],[69.1221,54.9596],[69.1226,54.9605],[69.1231,54.9611],[69.1231,54.9611],[69.1231,54.9611],[69.1231,54.9611],[69.1231,54.9611],[69.1231,54.9611],[69.1231,54.9611],[69.1231,54.9612],[69.1231,54.9612],[69.1231,54.9612],[69.1232,54.9612],[69.1232,54.9612],[69.1232,54.9612],[69.1232,54.9612],[69.1232,54.9612],[69.1232,54.9612],[69.1232,54.9612],[69.1232,54.9612],[69.1232,54.9612],[69.1233,54.9612],[69.1233,54.9612],[69.1233,54.9612],[69.1233,54.9612],[69.1233,54.9612],[69.1233,54.9612],[69.1233,54.9612],[69.1236,54.9612],[69.1254,54.9632],[69.1247,54.9643],[69.1247,54.9643],[69.1247,54.9643],[69.1247,54.9643],[69.1247,54.9643],[69.1247,54.9644],[69.1247,54.9644],[69.1247,54.9644],[69.1247,54.9644],[69.1247,54.9644],[69.1247,54.9644],[69.1247,54.9644],[69.125,54.9649],[69.125,54.9649],[69.125,54.9649],[69.125,54.9649],[69.1264,54.9664],[69.1264,54.9664],[69.1264,54.9665],[69.1265,54.9666],[69.1265,54.9666],[69.1266,54.9668],[69.1264,54.967],[69.1262,54.967],[69.1262,54.967],[69.1261,54.967],[69.126,54.967],[69.126,54.967],[69.1259,54.967],[69.1259,54.967],[69.1258,54.967],[69.1258,54.967],[69.1256,54.967],[69.1254,54.967],[69.1253,54.967],[69.1251,54.967],[69.1249,54.967],[69.1248,54.9671],[69.1246,54.9671],[69.1245,54.9671],[69.1243,54.9672],[69.1242,54.9672],[69.124,54.9673],[69.1239,54.9673],[69.1237,54.9674],[69.1236,54.9674],[69.1235,54.9675],[69.1234,54.9676],[69.123,54.9678],[69.1228,54.9679],[69.1227,54.968],[69.1227,54.968],[69.1226,54.9681],[69.1225,54.9681],[69.1224,54.9681],[69.1223,54.9681],[69.1222,54.9682],[69.1221,54.9682],[69.122,54.9682],[69.1219,54.9682],[69.1218,54.9682],[69.1211,54.9683],[69.121,54.9683],[69.1209,54.9683],[69.1208,54.9683],[69.1208,54.9683],[69.1207,54.9683],[69.1206,54.9683],[69.1205,54.9684],[69.1204,54.9684],[69.1204,54.9684],[69.1203,54.9685],[69.1202,54.9685],[69.1202,54.9685],[69.1201,54.9686],[69.1201,54.9686],[69.12,54.9687],[69.12,54.9687],[69.1199,54.9688],[69.1199,54.9688],[69.1199,54.9689],[69.1198,54.9689],[69.1198,54.969],[69.1198,54.969],[69.1198,54.9691],[69.1198,54.9691],[69.1198,54.9692],[69.1208,54.9745],[69.1208,54.9746],[69.1208,54.9746],[69.1208,54.9746],[69.1208,54.9747],[69.1208,54.9747],[69.1209,54.9747],[69.1209,54.9748],[69.1209,54.9748],[69.121,54.9748],[69.121,54.9748],[69.121,54.9749],[69.1211,54.9749],[69.1211,54.9749],[69.1212,54.9749],[69.1212,54.975],[69.1213,54.975],[69.1213,54.975],[69.1214,54.975],[69.1214,54.975],[69.1215,54.975],[69.1216,54.975],[69.1216,54.975],[69.1217,54.975],[69.1217,54.975],[69.1218,54.975],[69.1219,54.975],[69.1219,54.975],[69.122,54.975],[69.122,54.975],[69.123,54.9748],[69.123,54.9748],[69.1363,54.9717],[69.1269,54.959]]],"type":"MultiLineString"},"geometry_name":"shape","id":"gp_red_lines.fid--7752831e_19fad8546bb_57bc","properties":{"area":96.6338571745351,"creation_doc_id":3586,"deactivation_doc_id":null,"id":2533615},"type":"Feature"},{"bbox":[69.1696,54.8891,69.1933,54.8959],"geometry":{"coordinates":[[[69.1772,54.8956],[69.1926,54.895],[69.1922,54.8914],[69.1922,54.8914],[69.1922,54.8914],[69.1922,54.8914],[69.1922,54.8914],[69.1922,54.8914],[69.1922,54.8913],[69.1922,54.8913],[69.1922,54.8913],[69.1923,54.8912],[69.1923,54.8912],[69.1923,54.8912],[69.1923,54.8912],[69.1923,54.8912],[69.1924,54.8912],[69.1924,54.8911],[69.1924,54.8911],[69.1925,54.8911],[69.1925,54.8911],[69.1925,54.8911],[69.1925,54.8911],[69.1926,54.8911],[69.1927,54.891],[69.1928,54.891],[69.1928,54.891],[69.1928,54.891],[69.1933,54.891],[69.1931,54.8891],[69.1769,54.8895],[69.1696,54.8897],[69.1703,54.8959],[69.1772,54.8956]]],"type":"MultiLineString"},"geometry_name":"shape","id":"gp_red_lines.fid--7752831e_19fad8546bb_57bd","properties":{"area":98.3153243723317,"creation_doc_id":3586,"deactivation_doc_id":null,"id":2533635},"type":"Feature"},{"bbox":[69.1305,54.8538,69.1517,54.8672],"geometry":{"coordinates":[[[69.1395,54.8672],[69.1419,54.8657],[69.1386,54.8639],[69.1389,54.8637],[69.1422,54.8655],[69.1475,54.8622],[69.1442,54.8604],[69.1445,54.8602],[69.1478,54.862],[69.1517,54.8596],[69.1488,54.8581],[69.1485,54.8579],[69.1485,54.8579],[69.1485,54.8579],[69.1485,54.8579],[69.1485,54.8579],[69.1484,54.8579],[69.1484,54.8579],[69.1484,54.8579],[69.1484,54.8579],[69.1484,54.8579],[69.1484,54.8579],[69.1484,54.8579],[69.1484,54.8579],[69.1484,54.8579],[69.1483,54.8579],[69.1483,54.8579],[69.1483,54.8579],[69.1483,54.8579],[69.1483,54.8579],[69.1483,54.8579],[69.1483,54.8579],[69.1483,54.8579],[69.1483,54.8579],[69.1483,54.8579],[69.1483,54.8579],[69.1483,54.8579],[69.1482,54.8579],[69.1482,54.8579],[69.1482,54.8579],[69.1482,54.8579],[69.1482,54.8579],[69.1482,54.8579],[69.1482,54.8579],[69.1482,54.8579],[69.1482,54.8579],[69.1482,54.8579],[69.1481,54.8579],[69.1481,54.8579],[69.1481,54.8579],[69.1481,54.8579],[69.1481,54.8579],[69.1481,54.8579],[69.1481,54.8579],[69.1481,54.8579],[69.1481,54.8579],[69.1481,54.8579],[69.1481,54.8578],[69.1481,54.8578],[69.1481,54.8578],[69.1481,54.8578],[69.1481,54.8578],[69.148,54.8578],[69.148,54.8578],[69.148,54.8578],[69.148,54.8578],[69.148,54.8578],[69.148,54.8578],[69.148,54.8578],[69.148,54.8578],[69.148,54.8578],[69.148,54.8578],[69.148,54.8578],[69.148,54.8578],[69.148,54.8578],[69.148,54.8578],[69.1479,54.8578],[69.1479,54.8578],[69.1479,54.8578],[69.1479,54.8578],[69.1479,54.8578],[69.1479,54.8578],[69.1479,54.8577],[69.1479,54.8577],[69.1479,54.8577],[69.1479,54.8577],[69.1479,54.8577],[69.1479,54.8577],[69.1479,54.8577],[69.1479,54.8577],[69.1479,54.8577],[69.1479,54.8577],[69.1479,54.8577],[69.1479,54.8577],[69.1479,54.8577],[69.1479,54.8577],[69.1479,54.8577],[69.1479,54.8577],[69.1479,54.8577],[69.1478,54.8577],[69.1478,54.8577],[69.1478,54.8577],[69.1478,54.8577],[69.1478,54.8577],[69.1478,54.8576],[69.1478,54.8576],[69.1478,54.8576],[69.1478,54.8576],[69.1478,54.8576],[69.1478,54.8576],[69.1478,54.8576],[69.1478,54.8576],[69.1478,54.8576],[69.1478,54.8576],[69.1478,54.8576],[69.1478,54.8576],[69.1478,54.8576],[69.1478,54.8576],[69.1478,54.8576],[69.1478,54.8576],[69.1478,54.8576],[69.1478,54.8576],[69.1478,54.8576],[69.1478,54.8575],[69.1478,54.8575],[69.1478,54.8575],[69.1478,54.8575],[69.1456,54.8564],[69.1456,54.8564],[69.1456,54.8564],[69.1456,54.8563],[69.1456,54.8563],[69.1456,54.8563],[69.1456,54.8563],[69.1456,54.8563],[69.1456,54.8563],[69.1455,54.8563],[69.1455,54.8563],[69.1455,54.8563],[69.1455,54.8563],[69.1453,54.8562],[69.1453,54.8562],[69.1449,54.856],[69.1445,54.8559],[69.1444,54.8559],[69.1388,54.8542],[69.1388,54.8542],[69.1388,54.8542],[69.1388,54.8542],[69.1388,54.8542],[69.1388,54.8542],[69.1388,54.8542],[69.1388,54.8542],[69.1387,54.8542],[69.1387,54.8542],[69.1387,54.8542],[69.1387,54.8542],[69.1387,54.8542],[69.1387,54.8542],[69.1387,54.8542],[69.1387,54.8542],[69.1386,54.8542],[69.1386,54.8541],[69.1386,54.8541],[69.1386,54.8541],[69.1386,54.8541],[69.1386,54.8541],[69.1386,54.8541],[69.1386,54.8541],[69.1386,54.8541],[69.1385,54.8541],[69.1385,54.8541],[69.1377,54.854],[69.1377,54.854],[69.1377,54.854],[69.1376,54.854],[69.1376,54.854],[69.1376,54.854],[69.1376,54.854],[69.1376,54.854],[69.1376,54.854],[69.1376,54.854],[69.1375,54.854],[69.1375,54.854],[69.1375,54.854],[69.1375,54.854],[69.1375,54.854],[69.1375,54.854],[69.1375,54.854],[69.1374,54.854],[69.1374,54.854],[69.1374,54.854],[69.1374,54.854],[69.1374,54.854],[69.1374,54.854],[69.1374,54.854],[69.1373,54.854],[69.1373,54.854],[69.1373,54.854],[69.1373,54.8539],[69.1373,54.8539],[69.1373,54.8539],[69.1373,54.8539],[69.1372,54.8539],[69.1372,54.8539],[69.1372,54.8539],[69.1372,54.8539],[69.1372,54.8539],[69.1372,54.8539],[69.1372,54.8539],[69.1372,54.8539],[69.1371,54.8539],[69.1371,54.8539],[69.1371,54.8539],[69.1371,54.8539],[69.1371,54.8539],[69.1371,54.8539],[69.1371,54.8539],[69.1371,54.8539],[69.137,54.8539],[69.137,54.8538],[69.137,54.8538],[69.1335,54.8561],[69.1324,54.8567],[69.1362,54.8588],[69.1362,54.8588],[69.1305,54.8624],[69.1362,54.8654],[69.1395,54.8672]]],"type":"MultiLineString"},"geometry_name":"shape","id":"gp_red_lines.fid--7752831e_19fad8546bb_57be","properties":{"area":105.18488961793,"creation_doc_id":3586,"deactivation_doc_id":null,"id":2533714},"type":"Feature"},{"bbox":[69.1511,54.8806,69.169,54.8898],"geometry":{"coordinates":[[[69.169,54.8894],[69.1681,54.8806],[69.1511,54.8809],[69.1511,54.8809],[69.1523,54.8885],[69.1523,54.8885],[69.1523,54.8885],[69.1523,54.8885],[69.1523,54.8885],[69.1523,54.8885],[69.1524,54.8898],[69.169,54.8894]]],"type":"MultiLineString"},"geometry_name":"shape","id":"gp_red_lines.fid--7752831e_19fad8546bb_57bf","properties":{"area":106.43042764081,"creation_doc_id":3586,"deactivation_doc_id":null,"id":2533729},"type":"Feature"},{"bbox":[69.1492,54.8513,69.1761,54.8591],"geometry":{"coordinates":[[[69.1756,54.8572],[69.1757,54.8571],[69.1759,54.8557],[69.1758,54.8556],[69.1761,54.853],[69.1685,54.8527],[69.1682,54.8545],[69.169,54.8545],[69.1689,54.8555],[69.1685,54.8555],[69.1675,54.8553],[69.1678,54.8526],[69.1585,54.8521],[69.1583,54.8521],[69.1582,54.8521],[69.1582,54.8521],[69.1577,54.8521],[69.1519,54.8513],[69.1507,54.8546],[69.1505,54.8546],[69.1499,54.8562],[69.15,54.8563],[69.1499,54.8566],[69.1499,54.8567],[69.1498,54.8568],[69.1498,54.8568],[69.1498,54.8568],[69.1497,54.857],[69.1497,54.857],[69.1497,54.857],[69.1497,54.857],[69.1496,54.8571],[69.1496,54.8571],[69.1496,54.8572],[69.1495,54.8572],[69.1495,54.8572],[69.1494,54.8573],[69.1493,54.8574],[69.1493,54.8574],[69.1493,54.8574],[69.1492,54.8574],[69.1492,54.8575],[69.1492,54.8575],[69.1492,54.8575],[69.1492,54.8575],[69.1492,54.8576],[69.1492,54.8576],[69.1492,54.8576],[69.1492,54.8576],[69.1501,54.8582],[69.1502,54.8582],[69.1503,54.8582],[69.1504,54.8583],[69.1504,54.8583],[69.1505,54.8583],[69.1506,54.8583],[69.1507,54.8584],[69.1507,54.8584],[69.1508,54.8584],[69.1509,54.8584],[69.1608,54.8587],[69.1673,54.8589],[69.1673,54.8589],[69.1673,54.8588],[69.1673,54.8588],[69.1673,54.8588],[69.1683,54.8578],[69.1683,54.8578],[69.1683,54.8578],[69.1683,54.8577],[69.1683,54.8577],[69.1683,54.8577],[69.1684,54.8577],[69.1685,54.8577],[69.1685,54.8576],[69.1686,54.8576],[69.1687,54.8576],[69.1688,54.8576],[69.1688,54.8576],[69.1688,54.8576],[69.1688,54.8576],[69.1689,54.8576],[69.1689,54.8576],[69.1711,54.8577],[69.1712,54.8577],[69.1713,54.8577],[69.1714,54.8577],[69.1715,54.8577],[69.1715,54.8577],[69.1716,54.8578],[69.1717,54.8578],[69.1717,54.8579],[69.1717,54.8579],[69.1717,54.858],[69.1717,54.858],[69.1716,54.859],[69.1753,54.8591],[69.1756,54.8572]]],"type":"MultiLineString"},"geometry_name":"shape","id":"gp_red_lines.fid--7752831e_19fad8546bb_57c0","properties":{"area":111.320804633261,"creation_doc_id":3586,"deactivation_doc_id":null,"id":2533779},"type":"Feature"},{"bbox":[69.1363,54.8371,69.1557,54.8572],"geometry":{"coordinates":[[[69.1503,54.8535],[69.1535,54.8449],[69.1535,54.8449],[69.1557,54.8391],[69.1557,54.8389],[69.1557,54.8388],[69.1556,54.8387],[69.1555,54.8386],[69.1555,54.8385],[69.1554,54.8385],[69.1554,54.8385],[69.1553,54.8384],[69.1553,54.8384],[69.1552,54.8383],[69.1552,54.8383],[69.1551,54.8383],[69.1516,54.8371],[69.1508,54.8378],[69.1484,54.8413],[69.1484,54.8413],[69.1483,54.8414],[69.1479,54.8416],[69.1477,54.8416],[69.1465,54.8422],[69.1465,54.8423],[69.1462,54.8425],[69.1417,54.8476],[69.1422,54.8486],[69.1422,54.8487],[69.1422,54.8487],[69.1419,54.8491],[69.1419,54.8491],[69.1418,54.8491],[69.1363,54.8528],[69.1374,54.8534],[69.1374,54.8534],[69.1374,54.8534],[69.1374,54.8534],[69.1374,54.8534],[69.1374,54.8534],[69.1374,54.8534],[69.1375,54.8534],[69.1375,54.8534],[69.1375,54.8534],[69.1375,54.8535],[69.1375,54.8535],[69.1375,54.8535],[69.1375,54.8535],[69.1376,54.8535],[69.1376,54.8535],[69.1376,54.8535],[69.1376,54.8535],[69.1376,54.8535],[69.1376,54.8535],[69.1376,54.8535],[69.1377,54.8535],[69.1377,54.8535],[69.1377,54.8535],[69.1377,54.8535],[69.1377,54.8535],[69.1377,54.8535],[69.1378,54.8535],[69.1378,54.8536],[69.1378,54.8536],[69.1378,54.8536],[69.1378,54.8536],[69.1378,54.8536],[69.1379,54.8536],[69.1379,54.8536],[69.1379,54.8536],[69.1379,54.8536],[69.1379,54.8536],[69.1379,54.8536],[69.138,54.8536],[69.138,54.8536],[69.138,54.8536],[69.138,54.8536],[69.138,54.8536],[69.138,54.8536],[69.1381,54.8536],[69.1381,54.8536],[69.1381,54.8536],[69.1381,54.8536],[69.1381,54.8536],[69.1381,54.8536],[69.1385,54.8537],[69.139,54.8537],[69.1397,54.854],[69.1429,54.8549],[69.1456,54.8558],[69.1456,54.8558],[69.1456,54.8558],[69.1457,54.8558],[69.1457,54.8558],[69.1457,54.8558],[69.1457,54.8558],[69.1457,54.8558],[69.1457,54.8558],[69.1458,54.8558],[69.1458,54.8558],[69.1458,54.8558],[69.1458,54.8559],[69.1458,54.8559],[69.1458,54.8559],[69.1459,54.8559],[69.1459,54.8559],[69.1459,54.8559],[69.1459,54.8559],[69.1459,54.8559],[69.1459,54.8559],[69.1459,54.8559],[69.146,54.8559],[69.146,54.8559],[69.146,54.8559],[69.146,54.8559],[69.146,54.856],[69.146,54.856],[69.146,54.856],[69.1461,54.856],[69.1482,54.8571],[69.1483,54.8571],[69.1483,54.8572],[69.1483,54.8572],[69.1483,54.8572],[69.1484,54.8572],[69.1484,54.8572],[69.1484,54.8572],[69.1485,54.8572],[69.1485,54.8572],[69.1485,54.8571],[69.1486,54.8571],[69.1486,54.8571],[69.1486,54.8571],[69.1486,54.8571],[69.1487,54.8571],[69.1487,54.8571],[69.1488,54.857],[69.1489,54.8569],[69.149,54.8568],[69.149,54.8568],[69.149,54.8567],[69.149,54.8567],[69.1491,54.8566],[69.1492,54.8562],[69.1494,54.8561],[69.15,54.8546],[69.1499,54.8545],[69.15,54.8542],[69.1503,54.8535]]],"type":"MultiLineString"},"geometry_name":"shape","id":"gp_red_lines.fid--7752831e_19fad8546bb_57c1","properties":{"area":120.703934525186,"creation_doc_id":3586,"deactivation_doc_id":null,"id":2533856},"type":"Feature"},{"bbox":[69.2147,54.8634,69.2343,54.8733],"geometry":{"coordinates":[[[69.2306,54.873],[69.2313,54.873],[69.2316,54.873],[69.2318,54.8729],[69.2319,54.8729],[69.2321,54.8728],[69.2323,54.8728],[69.2324,54.8727],[69.2325,54.8727],[69.2326,54.8726],[69.2328,54.8724],[69.233,54.8722],[69.2332,54.872],[69.2334,54.8718],[69.2335,54.8715],[69.2336,54.8713],[69.2337,54.8711],[69.2338,54.8708],[69.2338,54.8708],[69.2343,54.8651],[69.2343,54.8651],[69.2343,54.8647],[69.2147,54.8634],[69.2149,54.8699],[69.215,54.8719],[69.215,54.8721],[69.2158,54.8733],[69.2306,54.873]]],"type":"MultiLineString"},"geometry_name":"shape","id":"gp_red_lines.fid--7752831e_19fad8546bb_57c2","properties":{"area":122.698983264558,"creation_doc_id":3586,"deactivation_doc_id":null,"id":2533863},"type":"Feature"},{"bbox":[69.193,54.8795,69.2159,54.8887],"geometry":{"coordinates":[[[69.2159,54.8882],[69.2158,54.8795],[69.193,54.88],[69.193,54.88],[69.1937,54.8887],[69.2159,54.8882]]],"type":"MultiLineString"},"geometry_name":"shape","id":"gp_red_lines.fid--7752831e_19fad8546bb_57c3","properties":{"area":140.026487235048,"creation_doc_id":3586,"deactivation_doc_id":null,"id":2533984},"type":"Feature"},{"bbox":[69.1687,54.88,69.1931,54.8894],"geometry":{"coordinates":[[[69.1719,54.8893],[69.1931,54.8888],[69.1924,54.88],[69.1737,54.8804],[69.1732,54.8805],[69.1687,54.8805],[69.1696,54.8894],[69.1719,54.8893]]],"type":"MultiLineString"},"geometry_name":"shape","id":"gp_red_lines.fid--7752831e_19fad8546bb_57c4","properties":{"area":148.554236379124,"creation_doc_id":3586,"deactivation_doc_id":null,"id":2534030},"type":"Feature"},{"bbox":[69.1373,54.9105,69.1738,54.9262],"geometry":{"coordinates":[[[69.1373,54.9262],[69.1376,54.9262],[69.1379,54.9262],[69.1462,54.9242],[69.1738,54.9177],[69.1738,54.9175],[69.1576,54.9105],[69.1548,54.9106],[69.1553,54.9148],[69.1553,54.9152],[69.1553,54.9152],[69.1553,54.9152],[69.1553,54.9152],[69.1553,54.9152],[69.1553,54.9152],[69.1553,54.9152],[69.1553,54.9152],[69.1553,54.9152],[69.1553,54.9152],[69.1553,54.9152],[69.1553,54.9152],[69.1553,54.9152],[69.1553,54.9152],[69.1553,54.9152],[69.1553,54.9152],[69.1553,54.9152],[69.1553,54.9152],[69.1553,54.9152],[69.1553,54.9152],[69.1553,54.9153],[69.1553,54.9153],[69.1553,54.9153],[69.1553,54.9153],[69.1553,54.9153],[69.1553,54.9153],[69.1553,54.9153],[69.1553,54.9153],[69.1553,54.9153],[69.1553,54.9153],[69.1553,54.9153],[69.1553,54.9153],[69.1553,54.9153],[69.1553,54.9153],[69.1553,54.9153],[69.1553,54.9153],[69.1553,54.9153],[69.1553,54.9154],[69.1553,54.9154],[69.1553,54.9154],[69.1553,54.9154],[69.1553,54.9154],[69.1553,54.9154],[69.1553,54.9154],[69.1553,54.9154],[69.1553,54.9154],[69.1553,54.9154],[69.1553,54.9154],[69.1553,54.9154],[69.1553,54.9154],[69.1553,54.9154],[69.1552,54.9154],[69.1552,54.9154],[69.1552,54.9154],[69.1552,54.9154],[69.1552,54.9155],[69.1552,54.9155],[69.1552,54.9155],[69.1552,54.9155],[69.1552,54.9155],[69.1552,54.9155],[69.1552,54.9155],[69.1552,54.9155],[69.1552,54.9155],[69.1552,54.9155],[69.1552,54.9155],[69.1552,54.9155],[69.1552,54.9155],[69.1552,54.9155],[69.1552,54.9155],[69.1552,54.9155],[69.1552,54.9155],[69.1552,54.9155],[69.1551,54.9156],[69.1551,54.9156],[69.1551,54.9156],[69.1551,54.9156],[69.1551,54.9156],[69.1551,54.9156],[69.1551,54.9156],[69.1551,54.9156],[69.1551,54.9156],[69.1551,54.9156],[69.1551,54.9156],[69.1551,54.9156],[69.1551,54.9156],[69.1551,54.9156],[69.1551,54.9156],[69.1551,54.9156],[69.1551,54.9156],[69.1551,54.9156],[69.1551,54.9156],[69.155,54.9156],[69.155,54.9157],[69.155,54.9157],[69.155,54.9157],[69.155,54.9157],[69.155,54.9157],[69.155,54.9157],[69.155,54.9157],[69.155,54.9157],[69.155,54.9157],[69.155,54.9157],[69.155,54.9157],[69.155,54.9157],[69.1549,54.9157],[69.1549,54.9157],[69.1549,54.9157],[69.1549,54.9157],[69.1549,54.9157],[69.1549,54.9157],[69.1549,54.9157],[69.1549,54.9157],[69.1549,54.9157],[69.1549,54.9157],[69.1524,54.917],[69.1524,54.917],[69.1524,54.917],[69.1524,54.917],[69.1524,54.917],[69.1524,54.917],[69.1524,54.917],[69.1524,54.917],[69.1524,54.917],[69.1524,54.917],[69.1524,54.917],[69.1524,54.917],[69.1523,54.9171],[69.1523,54.9171],[69.1523,54.9171],[69.1523,54.9171],[69.1523,54.9171],[69.1523,54.9171],[69.1523,54.9171],[69.1523,54.9171],[69.1523,54.9171],[69.1523,54.9171],[69.1523,54.9171],[69.1523,54.9171],[69.1523,54.9171],[69.1523,54.9171],[69.1523,54.9171],[69.1522,54.9171],[69.1522,54.9171],[69.1522,54.9171],[69.1522,54.9171],[69.1522,54.9171],[69.1522,54.9171],[69.1522,54.9171],[69.1522,54.9171],[69.1522,54.9171],[69.1522,54.9171],[69.1522,54.9171],[69.1522,54.9171],[69.1522,54.9171],[69.1522,54.9171],[69.1522,54.9171],[69.1522,54.9171],[69.1522,54.9171],[69.1522,54.9171],[69.1522,54.9171],[69.1521,54.9171],[69.1521,54.9171],[69.1521,54.9171],[69.1521,54.9171],[69.1521,54.9171],[69.1521,54.9171],[69.1521,54.9171],[69.1521,54.9171],[69.1521,54.9171],[69.1521,54.9171],[69.1521,54.9171],[69.1521,54.9171],[69.1521,54.9172],[69.1521,54.9172],[69.152,54.9172],[69.152,54.9172],[69.152,54.9172],[69.152,54.9172],[69.152,54.9172],[69.152,54.9172],[69.152,54.9172],[69.152,54.9172],[69.152,54.9172],[69.152,54.9172],[69.152,54.9172],[69.152,54.9172],[69.1519,54.9172],[69.1519,54.9172],[69.1519,54.9172],[69.1519,54.9172],[69.1519,54.9172],[69.1519,54.9172],[69.1519,54.9172],[69.1519,54.9172],[69.1519,54.9172],[69.1519,54.9172],[69.1519,54.9172],[69.1519,54.9172],[69.1519,54.9172],[69.1519,54.9172],[69.1519,54.9172],[69.1518,54.9172],[69.1518,54.9172],[69.1518,54.9172],[69.1518,54.9172],[69.1518,54.9172],[69.1518,54.9172],[69.1518,54.9172],[69.1518,54.9172],[69.1518,54.9172],[69.1518,54.9172],[69.1518,54.9172],[69.1518,54.9172],[69.1517,54.9172],[69.1517,54.9172],[69.1517,54.9172],[69.1517,54.9172],[69.1517,54.9172],[69.1517,54.9172],[69.1517,54.9172],[69.1517,54.9172],[69.1517,54.9172],[69.1517,54.9172],[69.1517,54.9172],[69.1517,54.9172],[69.1517,54.9172],[69.1517,54.9172],[69.1432,54.9175],[69.1432,54.9175],[69.1416,54.9175],[69.1416,54.9175],[69.1416,54.9175],[69.1416,54.9175],[69.1415,54.9175],[69.1415,54.9175],[69.141,54.9174],[69.1386,54.9228],[69.138,54.924],[69.138,54.9241],[69.1381,54.9244],[69.1377,54.9253],[69.1373,54.9262]]],"type":"MultiLineString"},"geometry_name":"shape","id":"gp_red_lines.fid--7752831e_19fad8546bb_57c5","properties":{"area":162.489945419917,"creation_doc_id":3586,"deactivation_doc_id":null,"id":2534099},"type":"Feature"},{"bbox":[69.0674,54.8854,69.0908,54.9046],"geometry":{"coordinates":[[[69.0708,54.9046],[69.0724,54.9039],[69.0727,54.9037],[69.0727,54.9037],[69.0734,54.9034],[69.0734,54.9034],[69.0743,54.9028],[69.0743,54.9028],[69.0752,54.9021],[69.0752,54.9021],[69.0752,54.9021],[69.0752,54.9021],[69.0754,54.902],[69.076,54.9016],[69.076,54.9016],[69.0765,54.9013],[69.0765,54.9013],[69.0771,54.9008],[69.0771,54.9008],[69.0779,54.9001],[69.0779,54.9001],[69.0819,54.8968],[69.0819,54.8968],[69.0829,54.8959],[69.0829,54.8959],[69.0829,54.8959],[69.0829,54.8959],[69.0842,54.8948],[69.0843,54.8948],[69.0857,54.8938],[69.0857,54.8938],[69.0858,54.8938],[69.0858,54.8938],[69.088,54.8924],[69.088,54.8924],[69.0908,54.8906],[69.0842,54.8871],[69.0794,54.8864],[69.0754,54.8858],[69.0754,54.8858],[69.0749,54.8858],[69.0749,54.8858],[69.0748,54.8857],[69.0747,54.8857],[69.0745,54.8857],[69.0745,54.8857],[69.0739,54.8854],[69.0738,54.8854],[69.0738,54.8854],[69.0736,54.8854],[69.0735,54.8855],[69.0734,54.8856],[69.0731,54.886],[69.0731,54.886],[69.073,54.886],[69.073,54.886],[69.0729,54.8861],[69.0729,54.8861],[69.0727,54.8861],[69.0726,54.8861],[69.0725,54.8861],[69.0725,54.8861],[69.071,54.8859],[69.071,54.8859],[69.071,54.8859],[69.071,54.8859],[69.071,54.886],[69.0707,54.8885],[69.0704,54.8925],[69.0703,54.8944],[69.0702,54.8954],[69.0702,54.8954],[69.0701,54.8959],[69.0701,54.8959],[69.0696,54.8971],[69.0696,54.8971],[69.0691,54.898],[69.0691,54.898],[69.068,54.8992],[69.0677,54.8998],[69.0676,54.9],[69.0675,54.9004],[69.0675,54.901],[69.0675,54.9014],[69.0674,54.9018],[69.0675,54.902],[69.0676,54.9021],[69.0677,54.9023],[69.068,54.9026],[69.0708,54.9046],[69.0708,54.9046]]],"type":"MultiLineString"},"geometry_name":"shape","id":"gp_red_lines.fid--7752831e_19fad8546bb_57c6","properties":{"area":167.473945055837,"creation_doc_id":3586,"deactivation_doc_id":null,"id":2534127},"type":"Feature"},{"bbox":[69.2164,54.8789,69.2458,54.8881],"geometry":{"coordinates":[[[69.2454,54.8874],[69.2454,54.8874],[69.2458,54.8874],[69.2448,54.8823],[69.2448,54.8823],[69.2447,54.8818],[69.2445,54.8812],[69.2445,54.8807],[69.2445,54.8806],[69.2445,54.8802],[69.2445,54.8801],[69.2445,54.8797],[69.2446,54.8793],[69.2446,54.8793],[69.2447,54.8791],[69.2447,54.879],[69.2447,54.879],[69.2447,54.879],[69.2447,54.879],[69.2446,54.879],[69.2446,54.879],[69.2446,54.879],[69.2445,54.879],[69.2445,54.8789],[69.2445,54.8789],[69.2444,54.8789],[69.2444,54.8789],[69.2444,54.8789],[69.2442,54.8789],[69.2164,54.8795],[69.2166,54.8881],[69.2454,54.8874]]],"type":"MultiLineString"},"geometry_name":"shape","id":"gp_red_lines.fid--7752831e_19fad8546bb_57c7","properties":{"area":175.050231273031,"creation_doc_id":3586,"deactivation_doc_id":null,"id":2534164},"type":"Feature"},{"bbox":[69.0998,54.9103,69.1396,54.926],"geometry":{"coordinates":[[[69.0998,54.9155],[69.1146,54.9222],[69.1208,54.9232],[69.1209,54.9234],[69.1226,54.9236],[69.1228,54.9235],[69.1301,54.9247],[69.132,54.9252],[69.132,54.9252],[69.132,54.9252],[69.136,54.926],[69.136,54.926],[69.1369,54.924],[69.1373,54.9237],[69.1396,54.9189],[69.1396,54.9189],[69.1384,54.9187],[69.1311,54.9199],[69.1308,54.92],[69.1305,54.9201],[69.1301,54.9204],[69.13,54.9205],[69.1299,54.9205],[69.1298,54.9205],[69.1262,54.9204],[69.1262,54.9192],[69.1262,54.9192],[69.1264,54.918],[69.1264,54.918],[69.1264,54.9176],[69.1264,54.9176],[69.1268,54.9165],[69.127,54.9159],[69.127,54.9159],[69.1273,54.9154],[69.1273,54.9153],[69.1273,54.9153],[69.1273,54.9153],[69.1273,54.9153],[69.128,54.9141],[69.128,54.9141],[69.128,54.9141],[69.128,54.9141],[69.128,54.9141],[69.1285,54.9136],[69.1285,54.9136],[69.1285,54.9136],[69.129,54.9131],[69.129,54.913],[69.1294,54.9126],[69.1294,54.9126],[69.1297,54.9123],[69.1297,54.9123],[69.13,54.9121],[69.13,54.9121],[69.1303,54.9118],[69.1303,54.9118],[69.1315,54.9109],[69.1316,54.9108],[69.1318,54.9107],[69.1318,54.9107],[69.1318,54.9106],[69.1318,54.9106],[69.1318,54.9106],[69.1318,54.9106],[69.1318,54.9106],[69.1318,54.9106],[69.1318,54.9106],[69.1318,54.9106],[69.1318,54.9105],[69.1318,54.9105],[69.1318,54.9105],[69.1318,54.9105],[69.1318,54.9105],[69.1318,54.9105],[69.1318,54.9105],[69.1318,54.9105],[69.1318,54.9104],[69.1318,54.9104],[69.1318,54.9104],[69.1317,54.9104],[69.1317,54.9104],[69.1317,54.9104],[69.1317,54.9104],[69.1317,54.9104],[69.1317,54.9104],[69.1317,54.9104],[69.1316,54.9104],[69.1316,54.9104],[69.1316,54.9104],[69.1316,54.9104],[69.1316,54.9103],[69.1315,54.9103],[69.1315,54.9103],[69.1315,54.9103],[69.1315,54.9103],[69.1315,54.9103],[69.1312,54.9104],[69.1309,54.9104],[69.1307,54.9105],[69.13,54.9108],[69.1293,54.911],[69.1289,54.9112],[69.1286,54.9114],[69.1283,54.9116],[69.1281,54.9118],[69.128,54.912],[69.1279,54.9122],[69.1278,54.9126],[69.1278,54.9127],[69.1277,54.9127],[69.1277,54.9128],[69.1276,54.9128],[69.1275,54.9129],[69.1275,54.9129],[69.1274,54.9129],[69.1272,54.9129],[69.1272,54.9129],[69.1271,54.9129],[69.1271,54.9129],[69.1271,54.9129],[69.1249,54.9128],[69.1227,54.9126],[69.1227,54.9126],[69.1215,54.9126],[69.1214,54.9126],[69.121,54.9126],[69.121,54.9126],[69.1205,54.9126],[69.12,54.9126],[69.1196,54.9126],[69.1191,54.9127],[69.1183,54.9129],[69.1172,54.9132],[69.1172,54.9132],[69.1172,54.9132],[69.1172,54.9132],[69.1159,54.9135],[69.1158,54.9135],[69.1158,54.9135],[69.1158,54.9135],[69.1152,54.9136],[69.1151,54.9136],[69.1151,54.9136],[69.1151,54.9136],[69.1136,54.9139],[69.1136,54.9139],[69.1136,54.9139],[69.1136,54.9139],[69.1086,54.9145],[69.1086,54.9145],[69.1022,54.9154],[69.1018,54.9155],[69.1018,54.9155],[69.1014,54.9155],[69.1014,54.9155],[69.101,54.9155],[69.101,54.9155],[69.1009,54.9155],[69.0998,54.9155]]],"type":"MultiLineString"},"geometry_name":"shape","id":"gp_red_lines.fid--7752831e_19fad8546bb_57c8","properties":{"area":181.513987750033,"creation_doc_id":3586,"deactivation_doc_id":null,"id":2534194},"type":"Feature"},{"bbox":[69.1924,54.8885,69.2162,54.9006],"geometry":{"coordinates":[[[69.2162,54.9],[69.2159,54.8885],[69.1938,54.8891],[69.1938,54.8891],[69.1938,54.8891],[69.1939,54.8911],[69.1939,54.8911],[69.1939,54.8911],[69.1939,54.8911],[69.1938,54.8912],[69.1938,54.8912],[69.1938,54.8913],[69.1937,54.8913],[69.1937,54.8913],[69.1936,54.8914],[69.1935,54.8914],[69.1934,54.8914],[69.1934,54.8914],[69.1928,54.8914],[69.1932,54.895],[69.1932,54.895],[69.1932,54.895],[69.1932,54.8951],[69.1932,54.8951],[69.1932,54.8951],[69.1932,54.8951],[69.1932,54.8951],[69.1932,54.8951],[69.1932,54.8951],[69.1932,54.8952],[69.1932,54.8952],[69.1931,54.8952],[69.1931,54.8952],[69.1931,54.8952],[69.1931,54.8952],[69.1931,54.8952],[69.1931,54.8953],[69.193,54.8953],[69.193,54.8953],[69.193,54.8953],[69.193,54.8953],[69.193,54.8953],[69.1929,54.8953],[69.1929,54.8953],[69.1929,54.8953],[69.1929,54.8953],[69.1928,54.8953],[69.1928,54.8953],[69.1928,54.8953],[69.1924,54.8954],[69.1928,54.8983],[69.1951,54.8988],[69.1951,54.8988],[69.1952,54.8988],[69.1981,54.9006],[69.2162,54.9]]],"type":"MultiLineString"},"geometry_name":"shape","id":"gp_red_lines.fid--7752831e_19fad8546bb_57c9","properties":{"area":185.083043674095,"creation_doc_id":3586,"deactivation_doc_id":null,"id":2534208},"type":"Feature"},{"bbox":[69.216,54.8647,69.2518,54.879],"geometry":{"coordinates":[[[69.2447,54.8785],[69.2449,54.8784],[69.2449,54.8784],[69.245,54.8784],[69.245,54.8784],[69.2451,54.8784],[69.2451,54.8784],[69.2451,54.8784],[69.2455,54.878],[69.2455,54.878],[69.2461,54.8774],[69.2469,54.8767],[69.2518,54.8727],[69.2508,54.8715],[69.2505,54.8713],[69.2501,54.871],[69.2452,54.8687],[69.2452,54.8687],[69.2416,54.867],[69.2404,54.8664],[69.2404,54.8664],[69.2404,54.8664],[69.2404,54.8664],[69.2401,54.8663],[69.2401,54.8663],[69.2401,54.8663],[69.24,54.8663],[69.2396,54.866],[69.2396,54.866],[69.2396,54.866],[69.2396,54.866],[69.2395,54.8659],[69.2395,54.8659],[69.2395,54.8659],[69.2395,54.8659],[69.2392,54.8657],[69.2392,54.8657],[69.2392,54.8657],[69.2392,54.8657],[69.2392,54.8657],[69.2389,54.8652],[69.2389,54.8652],[69.2389,54.8652],[69.2389,54.8652],[69.2388,54.865],[69.2348,54.8647],[69.2343,54.8706],[69.2343,54.8706],[69.2342,54.8708],[69.2342,54.871],[69.2342,54.871],[69.2341,54.8713],[69.2341,54.8713],[69.234,54.8716],[69.234,54.8716],[69.2339,54.8718],[69.2339,54.8718],[69.2338,54.872],[69.2338,54.872],[69.2336,54.8722],[69.2336,54.8722],[69.2336,54.8722],[69.2332,54.8725],[69.2332,54.8725],[69.2332,54.8726],[69.2331,54.8726],[69.2331,54.8726],[69.2329,54.8728],[69.2329,54.8728],[69.2329,54.8728],[69.2327,54.873],[69.2326,54.873],[69.2324,54.8731],[69.2324,54.8731],[69.2324,54.8731],[69.2321,54.8732],[69.232,54.8732],[69.2317,54.8732],[69.2317,54.8732],[69.2316,54.8732],[69.2314,54.8732],[69.2313,54.8732],[69.2311,54.8732],[69.2311,54.8732],[69.2306,54.8733],[69.2306,54.8733],[69.216,54.8735],[69.2164,54.8742],[69.2164,54.8742],[69.2165,54.8742],[69.2165,54.8742],[69.2165,54.879],[69.2447,54.8785]]],"type":"MultiLineString"},"geometry_name":"shape","id":"gp_red_lines.fid--7752831e_19fad8546bb_57ca","properties":{"area":190.929930204697,"creation_doc_id":3586,"deactivation_doc_id":null,"id":2534228},"type":"Feature"},{"bbox":[69.2166,54.8877,69.2462,54.9051],"geometry":{"coordinates":[[[69.2271,54.9008],[69.2362,54.8967],[69.2396,54.8951],[69.2421,54.8939],[69.2421,54.8939],[69.243,54.8935],[69.2438,54.8931],[69.2442,54.8929],[69.2445,54.8926],[69.2448,54.8924],[69.245,54.8922],[69.2453,54.892],[69.2455,54.8917],[69.2457,54.8914],[69.2459,54.8912],[69.246,54.8909],[69.2461,54.8907],[69.2462,54.8904],[69.2462,54.8901],[69.2462,54.8898],[69.2462,54.8895],[69.2461,54.889],[69.2459,54.8877],[69.2455,54.8877],[69.2455,54.8877],[69.2166,54.8885],[69.2169,54.9045],[69.2169,54.9047],[69.2169,54.9047],[69.217,54.9048],[69.2171,54.9048],[69.2176,54.9051],[69.2271,54.9008]]],"type":"MultiLineString"},"geometry_name":"shape","id":"gp_red_lines.fid--7752831e_19fad8546bb_57cb","properties":{"area":224.726173568344,"creation_doc_id":3586,"deactivation_doc_id":null,"id":2534322},"type":"Feature"},{"bbox":[69.1407,54.8258,69.1872,54.8397],"geometry":{"coordinates":[[[69.1714,54.8396],[69.1714,54.8396],[69.1714,54.8395],[69.1715,54.8394],[69.1715,54.8394],[69.1716,54.8394],[69.1716,54.8393],[69.1716,54.8393],[69.1717,54.8392],[69.1718,54.8392],[69.1718,54.8391],[69.1719,54.8391],[69.172,54.839],[69.1721,54.839],[69.1724,54.8389],[69.1724,54.8389],[69.1725,54.8388],[69.1728,54.8388],[69.1729,54.8388],[69.183,54.8371],[69.1831,54.8371],[69.1831,54.8371],[69.1832,54.8371],[69.1832,54.837],[69.1833,54.837],[69.1833,54.8369],[69.1872,54.8283],[69.1729,54.826],[69.1727,54.826],[69.1726,54.826],[69.1724,54.826],[69.1722,54.826],[69.1721,54.8259],[69.1719,54.8259],[69.1717,54.8259],[69.1716,54.8259],[69.1715,54.8259],[69.1713,54.8259],[69.1711,54.8259],[69.171,54.8259],[69.1708,54.8259],[69.1706,54.8259],[69.1704,54.8258],[69.1703,54.8258],[69.1701,54.8258],[69.1699,54.8258],[69.1698,54.8258],[69.1696,54.8258],[69.1695,54.8258],[69.1693,54.8258],[69.1692,54.8258],[69.169,54.8258],[69.1688,54.8258],[69.1687,54.8259],[69.1685,54.8259],[69.1683,54.8259],[69.1682,54.8259],[69.168,54.8259],[69.1678,54.8259],[69.1677,54.8259],[69.1676,54.8259],[69.1674,54.8259],[69.1672,54.826],[69.1671,54.826],[69.1669,54.826],[69.1667,54.826],[69.1666,54.826],[69.1664,54.826],[69.1662,54.8261],[69.1661,54.8261],[69.1659,54.8261],[69.1658,54.8261],[69.1656,54.8262],[69.1655,54.8262],[69.1653,54.8262],[69.1652,54.8262],[69.165,54.8263],[69.1648,54.8263],[69.1648,54.8263],[69.1445,54.8303],[69.1444,54.8303],[69.1441,54.8304],[69.1441,54.8304],[69.1438,54.8304],[69.1438,54.8304],[69.1435,54.8304],[69.1435,54.8304],[69.1432,54.8305],[69.1432,54.8305],[69.143,54.8305],[69.1429,54.8305],[69.1427,54.8305],[69.1426,54.8305],[69.1424,54.8305],[69.1424,54.8305],[69.1423,54.8305],[69.142,54.8306],[69.1417,54.8307],[69.1415,54.8308],[69.1414,54.8309],[69.1412,54.831],[69.1411,54.831],[69.141,54.8311],[69.141,54.8312],[69.1409,54.8312],[69.1408,54.8313],[69.1408,54.8314],[69.1407,54.8315],[69.1407,54.8316],[69.1407,54.8316],[69.1407,54.8318],[69.1407,54.8319],[69.1407,54.8319],[69.1407,54.832],[69.1407,54.8321],[69.1408,54.8322],[69.1408,54.8323],[69.1409,54.8323],[69.1409,54.8324],[69.141,54.8324],[69.141,54.8325],[69.1412,54.8326],[69.1412,54.8326],[69.1415,54.8328],[69.1439,54.8338],[69.1451,54.8342],[69.1451,54.8342],[69.1554,54.8379],[69.1556,54.8377],[69.156,54.8375],[69.1561,54.8373],[69.1562,54.8373],[69.1562,54.8373],[69.1564,54.8371],[69.1565,54.8371],[69.1567,54.8369],[69.1568,54.8369],[69.1571,54.8368],[69.1571,54.8368],[69.1571,54.8368],[69.1573,54.8367],[69.1574,54.8367],[69.1576,54.8366],[69.1577,54.8366],[69.1581,54.8366],[69.1581,54.8366],[69.1584,54.8366],[69.1584,54.8366],[69.1599,54.8365],[69.16,54.8365],[69.16,54.8365],[69.1603,54.8365],[69.1603,54.8365],[69.1607,54.8366],[69.1607,54.8366],[69.1612,54.8367],[69.1612,54.8367],[69.1713,54.8397],[69.1713,54.8397],[69.1714,54.8396]]],"type":"MultiLineString"},"geometry_name":"shape","id":"gp_red_lines.fid--7752831e_19fad8546bb_57cc","properties":{"area":294.818989502141,"creation_doc_id":3586,"deactivation_doc_id":null,"id":2534448},"type":"Feature"},{"bbox":[69.1061,54.8258,69.1512,54.8535],"geometry":{"coordinates":[[[69.1231,54.8534],[69.1231,54.8534],[69.1231,54.8534],[69.1231,54.8533],[69.1232,54.8533],[69.1232,54.8533],[69.1232,54.8533],[69.1232,54.8533],[69.1232,54.8533],[69.1232,54.8533],[69.1233,54.8533],[69.1233,54.8533],[69.1233,54.8532],[69.1233,54.8532],[69.1234,54.8532],[69.1234,54.8532],[69.1234,54.8532],[69.1234,54.8532],[69.1234,54.8532],[69.1235,54.8532],[69.1235,54.8532],[69.1235,54.8532],[69.1235,54.8532],[69.1235,54.8532],[69.1235,54.8532],[69.1235,54.8532],[69.1235,54.8531],[69.1236,54.8531],[69.1236,54.8531],[69.1236,54.8531],[69.1236,54.8531],[69.1236,54.8531],[69.1236,54.8531],[69.1237,54.8531],[69.1237,54.8531],[69.1237,54.8531],[69.1237,54.8531],[69.1237,54.8531],[69.1237,54.8531],[69.1238,54.853],[69.1238,54.853],[69.1238,54.853],[69.1238,54.853],[69.1238,54.853],[69.1239,54.853],[69.1239,54.853],[69.1239,54.853],[69.1239,54.853],[69.1239,54.853],[69.1239,54.853],[69.1239,54.853],[69.1239,54.853],[69.1239,54.853],[69.124,54.853],[69.124,54.853],[69.124,54.853],[69.124,54.853],[69.1241,54.853],[69.1241,54.853],[69.1241,54.8529],[69.1241,54.8529],[69.1241,54.8529],[69.1242,54.8529],[69.1242,54.8529],[69.1242,54.8529],[69.1242,54.8529],[69.1242,54.8529],[69.1242,54.8529],[69.1243,54.8529],[69.1243,54.8529],[69.1243,54.8529],[69.1243,54.8529],[69.1243,54.8529],[69.1244,54.8529],[69.1244,54.8529],[69.1244,54.8529],[69.1244,54.8529],[69.1244,54.8529],[69.1244,54.8529],[69.1244,54.8529],[69.1244,54.8529],[69.1245,54.8529],[69.1245,54.8528],[69.1245,54.8528],[69.1245,54.8528],[69.1245,54.8528],[69.1245,54.8528],[69.1246,54.8528],[69.1246,54.8528],[69.1246,54.8528],[69.1246,54.8528],[69.1246,54.8528],[69.1257,54.8526],[69.1257,54.8526],[69.1258,54.8526],[69.1259,54.8526],[69.126,54.8526],[69.1261,54.8525],[69.1262,54.8525],[69.1263,54.8525],[69.1264,54.8525],[69.1265,54.8525],[69.1266,54.8524],[69.1267,54.8524],[69.1268,54.8524],[69.1268,54.8524],[69.1269,54.8524],[69.127,54.8523],[69.1271,54.8523],[69.1272,54.8523],[69.1273,54.8523],[69.1274,54.8522],[69.1275,54.8522],[69.1276,54.8522],[69.1277,54.8522],[69.1277,54.8521],[69.1278,54.8521],[69.1279,54.8521],[69.128,54.8521],[69.1281,54.852],[69.1282,54.852],[69.1283,54.852],[69.1283,54.8519],[69.1284,54.8519],[69.1285,54.8519],[69.1286,54.8518],[69.1287,54.8518],[69.1288,54.8518],[69.1288,54.8518],[69.1289,54.8517],[69.129,54.8517],[69.1291,54.8517],[69.1292,54.8516],[69.1292,54.8516],[69.1293,54.8516],[69.1294,54.8515],[69.1295,54.8515],[69.1296,54.8514],[69.1296,54.8514],[69.1297,54.8514],[69.1298,54.8513],[69.1299,54.8513],[69.1299,54.8513],[69.13,54.8512],[69.1303,54.8511],[69.1304,54.851],[69.1304,54.851],[69.1304,54.851],[69.1305,54.851],[69.1305,54.851],[69.1305,54.851],[69.1305,54.851],[69.1306,54.851],[69.1306,54.8509],[69.1307,54.8509],[69.1307,54.8509],[69.1307,54.8509],[69.1308,54.8509],[69.1308,54.8509],[69.1308,54.8509],[69.1308,54.8509],[69.1309,54.8509],[69.1309,54.8509],[69.131,54.8508],[69.131,54.8508],[69.131,54.8508],[69.1311,54.8508],[69.1311,54.8508],[69.1311,54.8508],[69.1312,54.8508],[69.1312,54.8508],[69.1313,54.8508],[69.1313,54.8508],[69.1314,54.8507],[69.1314,54.8507],[69.1314,54.8507],[69.1315,54.8507],[69.1315,54.8507],[69.1315,54.8507],[69.1316,54.8507],[69.1316,54.8507],[69.1317,54.8507],[69.1317,54.8507],[69.1318,54.8507],[69.1318,54.8507],[69.1319,54.8507],[69.1319,54.8507],[69.1319,54.8507],[69.1319,54.8507],[69.132,54.8507],[69.132,54.8507],[69.1321,54.8507],[69.1321,54.8507],[69.1322,54.8507],[69.1322,54.8507],[69.1323,54.8507],[69.1323,54.8507],[69.1324,54.8507],[69.1324,54.8507],[69.1324,54.8507],[69.1325,54.8507],[69.1325,54.8507],[69.1325,54.8507],[69.1326,54.8507],[69.1326,54.8507],[69.1327,54.8507],[69.1327,54.8507],[69.1328,54.8507],[69.1328,54.8507],[69.1328,54.8507],[69.1329,54.8507],[69.1329,54.8507],[69.1329,54.8508],[69.133,54.8508],[69.133,54.8508],[69.1331,54.8508],[69.1331,54.8508],[69.1332,54.8508],[69.1332,54.8508],[69.1332,54.8508],[69.1333,54.8508],[69.1333,54.8508],[69.1333,54.8508],[69.1334,54.8509],[69.1334,54.8509],[69.1335,54.8509],[69.1335,54.8509],[69.1335,54.8509],[69.1335,54.8509],[69.1336,54.8509],[69.1336,54.8509],[69.1336,54.8509],[69.1337,54.851],[69.1337,54.851],[69.1337,54.851],[69.1338,54.851],[69.1338,54.851],[69.1338,54.851],[69.1339,54.851],[69.1339,54.8511],[69.1339,54.8511],[69.134,54.8511],[69.134,54.8511],[69.134,54.8511],[69.1341,54.8511],[69.1341,54.8511],[69.1341,54.8512],[69.1341,54.8512],[69.1354,54.852],[69.1354,54.852],[69.1354,54.852],[69.1355,54.852],[69.1355,54.852],[69.136,54.8525],[69.1414,54.849],[69.1417,54.8487],[69.1412,54.8476],[69.1412,54.8476],[69.1458,54.8424],[69.1458,54.8424],[69.1458,54.8423],[69.1461,54.8421],[69.1463,54.8421],[69.1475,54.8415],[69.1475,54.8414],[69.1479,54.8412],[69.1503,54.8377],[69.1503,54.8376],[69.1503,54.8376],[69.1512,54.8369],[69.1447,54.8346],[69.1437,54.8343],[69.1437,54.8343],[69.1435,54.8342],[69.1435,54.8342],[69.141,54.8331],[69.138,54.8318],[69.1366,54.8312],[69.1361,54.831],[69.1308,54.8286],[69.1248,54.8258],[69.1248,54.8258],[69.1247,54.8258],[69.1246,54.8258],[69.1245,54.8258],[69.1244,54.8258],[69.1243,54.8258],[69.1243,54.8259],[69.1242,54.8259],[69.1241,54.826],[69.1241,54.826],[69.124,54.8261],[69.124,54.8261],[69.124,54.8261],[69.1239,54.8262],[69.1239,54.8262],[69.1239,54.8263],[69.1239,54.8263],[69.1227,54.8351],[69.1227,54.8351],[69.1227,54.8352],[69.1227,54.8352],[69.1226,54.8354],[69.1226,54.8355],[69.1226,54.8355],[69.1226,54.8355],[69.1225,54.8358],[69.1225,54.8358],[69.1225,54.8358],[69.1225,54.8358],[69.1206,54.8407],[69.1206,54.8408],[69.1206,54.8408],[69.1206,54.8408],[69.1204,54.8411],[69.1204,54.8411],[69.1204,54.8411],[69.1204,54.8411],[69.1203,54.8413],[69.1203,54.8413],[69.1203,54.8413],[69.1202,54.8413],[69.12,54.8415],[69.12,54.8415],[69.12,54.8415],[69.12,54.8415],[69.12,54.8416],[69.12,54.8416],[69.12,54.8416],[69.1197,54.8418],[69.1197,54.8418],[69.1197,54.8418],[69.1196,54.8419],[69.1193,54.8421],[69.1193,54.8421],[69.1192,54.8421],[69.1192,54.8421],[69.1189,54.8423],[69.1188,54.8423],[69.1188,54.8423],[69.1188,54.8423],[69.1183,54.8426],[69.1182,54.8426],[69.1182,54.8426],[69.1182,54.8426],[69.1175,54.8428],[69.1175,54.8428],[69.1175,54.8428],[69.1093,54.8458],[69.1086,54.8461],[69.1083,54.8462],[69.108,54.8464],[69.1078,54.8466],[69.1074,54.847],[69.1072,54.8472],[69.1067,54.8472],[69.1061,54.8479],[69.1064,54.8481],[69.1063,54.8484],[69.1063,54.8485],[69.1063,54.8485],[69.1063,54.8485],[69.1064,54.8485],[69.1064,54.8485],[69.1064,54.8485],[69.1064,54.8485],[69.1065,54.8485],[69.1065,54.8485],[69.1065,54.8485],[69.1066,54.8484],[69.1067,54.8484],[69.1069,54.8483],[69.107,54.8483],[69.107,54.8482],[69.1071,54.8482],[69.1071,54.8482],[69.1072,54.8482],[69.1072,54.8482],[69.1073,54.8482],[69.1074,54.8482],[69.1074,54.8482],[69.1075,54.8482],[69.1076,54.8482],[69.108,54.8482],[69.1086,54.8483],[69.1091,54.8483],[69.1095,54.8483],[69.1101,54.8484],[69.1116,54.8484],[69.1116,54.8484],[69.1116,54.8484],[69.1116,54.8484],[69.1116,54.8484],[69.1121,54.8485],[69.1126,54.8485],[69.1127,54.8485],[69.1128,54.8485],[69.1129,54.8486],[69.113,54.8486],[69.1131,54.8486],[69.1131,54.8486],[69.1131,54.8486],[69.1131,54.8486],[69.1132,54.8486],[69.1132,54.8486],[69.1132,54.8486],[69.1133,54.8487],[69.1177,54.8508],[69.1195,54.8516],[69.1195,54.8516],[69.1195,54.8516],[69.1229,54.8535],[69.1231,54.8534]]],"type":"MultiLineString"},"geometry_name":"shape","id":"gp_red_lines.fid--7752831e_19fad8546bb_57cd","properties":{"area":419.482405971145,"creation_doc_id":3586,"deactivation_doc_id":null,"id":2534574},"type":"Feature"},{"bbox":[69.1703,54.8954,69.2171,54.9173],"geometry":{"coordinates":[[[69.1753,54.9173],[69.1757,54.9173],[69.1757,54.9172],[69.2094,54.909],[69.2094,54.909],[69.2095,54.909],[69.2101,54.9088],[69.2114,54.9086],[69.2115,54.9086],[69.2127,54.9084],[69.2139,54.9082],[69.214,54.9082],[69.2147,54.9081],[69.2148,54.9081],[69.2152,54.908],[69.2153,54.9079],[69.2154,54.9079],[69.2154,54.9078],[69.2154,54.9074],[69.2154,54.9074],[69.2153,54.9068],[69.2153,54.9067],[69.2153,54.9067],[69.2153,54.9066],[69.2154,54.9065],[69.2154,54.9065],[69.2154,54.9064],[69.2155,54.9063],[69.2155,54.9063],[69.2156,54.9062],[69.2156,54.9062],[69.2157,54.9061],[69.2157,54.9061],[69.2159,54.906],[69.2159,54.906],[69.2165,54.9056],[69.2171,54.9054],[69.2166,54.9051],[69.2166,54.9051],[69.2164,54.905],[69.2164,54.9049],[69.2164,54.9049],[69.2163,54.9049],[69.2163,54.9048],[69.2163,54.9047],[69.2163,54.9047],[69.2162,54.9045],[69.2162,54.9045],[69.2162,54.9004],[69.198,54.9009],[69.198,54.9009],[69.198,54.9009],[69.198,54.9009],[69.1979,54.9009],[69.1978,54.9009],[69.1978,54.9009],[69.1977,54.9009],[69.1977,54.9009],[69.1977,54.9009],[69.1948,54.8991],[69.1925,54.8987],[69.1925,54.8986],[69.1924,54.8986],[69.1924,54.8986],[69.1924,54.8986],[69.1923,54.8986],[69.1923,54.8985],[69.1922,54.8985],[69.1922,54.8985],[69.1922,54.8984],[69.1918,54.8954],[69.1703,54.8963],[69.1728,54.9166],[69.1747,54.9173],[69.1747,54.9173],[69.1747,54.9173],[69.1748,54.9173],[69.1749,54.9173],[69.175,54.9173],[69.1751,54.9173],[69.1753,54.9173],[69.1753,54.9173]]],"type":"MultiLineString"},"geometry_name":"shape","id":"gp_red_lines.fid--7752831e_19fad8546bb_57ce","properties":{"area":461.636693021057,"creation_doc_id":3586,"deactivation_doc_id":null,"id":2534611},"type":"Feature"},{"bbox":[69.092,54.8723,69.1366,54.9126],"geometry":{"coordinates":[[[69.1271,54.9126],[69.1271,54.9126],[69.1272,54.9126],[69.1273,54.9121],[69.1273,54.9121],[69.1273,54.9121],[69.1273,54.9121],[69.1274,54.9119],[69.1274,54.9119],[69.1274,54.9119],[69.1274,54.9119],[69.1275,54.9117],[69.1275,54.9117],[69.1275,54.9117],[69.1276,54.9117],[69.1278,54.9114],[69.1278,54.9114],[69.1278,54.9114],[69.1278,54.9114],[69.1278,54.9114],[69.1281,54.9112],[69.1281,54.9112],[69.1282,54.9111],[69.1282,54.9111],[69.1285,54.9109],[69.1285,54.9109],[69.1285,54.9109],[69.1286,54.9109],[69.129,54.9107],[69.129,54.9107],[69.129,54.9107],[69.129,54.9107],[69.13,54.9103],[69.13,54.9103],[69.13,54.9103],[69.13,54.9103],[69.1304,54.9102],[69.1304,54.9102],[69.1304,54.9102],[69.1304,54.9102],[69.1304,54.9102],[69.1308,54.9101],[69.1308,54.9101],[69.1308,54.9101],[69.1309,54.9101],[69.1311,54.91],[69.1311,54.91],[69.1312,54.91],[69.1312,54.91],[69.1315,54.91],[69.1315,54.91],[69.1315,54.91],[69.1315,54.91],[69.1318,54.91],[69.1318,54.91],[69.1318,54.91],[69.1318,54.91],[69.132,54.91],[69.1321,54.91],[69.1321,54.91],[69.1321,54.9099],[69.1321,54.9099],[69.1322,54.9099],[69.1322,54.9099],[69.1322,54.9099],[69.1322,54.9098],[69.1323,54.9098],[69.1323,54.9098],[69.1324,54.9098],[69.1324,54.9098],[69.1324,54.9098],[69.1325,54.9097],[69.1325,54.9097],[69.1326,54.9097],[69.1326,54.9097],[69.1327,54.9097],[69.1327,54.9097],[69.1327,54.9096],[69.1327,54.9096],[69.1327,54.9094],[69.1328,54.9093],[69.1328,54.9092],[69.1329,54.908],[69.133,54.9074],[69.133,54.9072],[69.133,54.9071],[69.1331,54.9069],[69.1332,54.9065],[69.1344,54.9049],[69.1364,54.9024],[69.1364,54.9024],[69.1365,54.9022],[69.1366,54.902],[69.136,54.8977],[69.136,54.8974],[69.1356,54.8947],[69.1356,54.8945],[69.1356,54.8945],[69.1355,54.8945],[69.1355,54.8945],[69.1355,54.8944],[69.1355,54.8943],[69.1354,54.8943],[69.1353,54.8942],[69.1352,54.8941],[69.1349,54.894],[69.1326,54.8928],[69.1325,54.8928],[69.132,54.8925],[69.1316,54.8923],[69.1316,54.8923],[69.1315,54.8922],[69.1315,54.8922],[69.1313,54.8921],[69.1313,54.8921],[69.1313,54.8921],[69.1313,54.8921],[69.1313,54.8921],[69.1312,54.892],[69.1312,54.892],[69.1312,54.8919],[69.1312,54.8919],[69.1311,54.8919],[69.1311,54.8919],[69.1311,54.8918],[69.1311,54.8918],[69.1311,54.8918],[69.1311,54.8917],[69.1311,54.8917],[69.131,54.8912],[69.131,54.8909],[69.1306,54.889],[69.1305,54.888],[69.1305,54.888],[69.1305,54.8878],[69.1276,54.8863],[69.1275,54.8863],[69.1275,54.8863],[69.1274,54.8862],[69.1274,54.8862],[69.1274,54.8862],[69.1274,54.8862],[69.1273,54.8862],[69.1273,54.8862],[69.1273,54.8862],[69.1273,54.8862],[69.1273,54.8861],[69.1273,54.8861],[69.1273,54.8861],[69.1273,54.8861],[69.1272,54.8861],[69.1272,54.8861],[69.1272,54.8861],[69.1272,54.8861],[69.1272,54.8861],[69.1272,54.886],[69.1271,54.886],[69.1271,54.886],[69.1271,54.886],[69.1271,54.8859],[69.1271,54.8859],[69.1271,54.8859],[69.1271,54.8859],[69.1271,54.8859],[69.127,54.8858],[69.127,54.8858],[69.127,54.8858],[69.127,54.8858],[69.127,54.8857],[69.127,54.8857],[69.127,54.8857],[69.127,54.8857],[69.127,54.8856],[69.127,54.8856],[69.1268,54.8819],[69.1241,54.882],[69.1241,54.882],[69.1241,54.882],[69.1241,54.882],[69.1241,54.882],[69.124,54.882],[69.1239,54.882],[69.1239,54.882],[69.1238,54.882],[69.1238,54.882],[69.1237,54.882],[69.1237,54.882],[69.1236,54.882],[69.1235,54.882],[69.1235,54.882],[69.1234,54.882],[69.1234,54.882],[69.1233,54.882],[69.1233,54.8819],[69.1232,54.8819],[69.1232,54.8819],[69.1231,54.8819],[69.1231,54.8819],[69.1231,54.8819],[69.1231,54.8819],[69.1231,54.8819],[69.1231,54.8819],[69.123,54.8819],[69.123,54.8818],[69.1229,54.8818],[69.1229,54.8818],[69.1229,54.8818],[69.1229,54.8818],[69.1228,54.8818],[69.1228,54.8818],[69.1228,54.8817],[69.1227,54.8817],[69.1227,54.8817],[69.1227,54.8817],[69.1227,54.8817],[69.1227,54.8817],[69.1226,54.8817],[69.1226,54.8816],[69.1226,54.8816],[69.1225,54.8816],[69.1225,54.8816],[69.1225,54.8816],[69.1225,54.8816],[69.1225,54.8816],[69.1225,54.8815],[69.1225,54.8815],[69.1224,54.8815],[69.1224,54.8815],[69.1224,54.8815],[69.1224,54.8815],[69.1224,54.8815],[69.1224,54.8815],[69.1224,54.8815],[69.1224,54.8815],[69.1224,54.8814],[69.1224,54.8814],[69.1216,54.8804],[69.1177,54.8809],[69.1177,54.8809],[69.1174,54.881],[69.1174,54.881],[69.1172,54.881],[69.1171,54.881],[69.1169,54.8811],[69.1168,54.8811],[69.1167,54.8812],[69.1122,54.8834],[69.1054,54.8799],[69.1041,54.8793],[69.1032,54.8791],[69.1038,54.8783],[69.1038,54.8783],[69.1047,54.8771],[69.1047,54.8771],[69.1047,54.8771],[69.1047,54.8771],[69.1047,54.8771],[69.1047,54.8771],[69.1047,54.8771],[69.1047,54.8771],[69.1055,54.8759],[69.1055,54.8759],[69.1055,54.8759],[69.1055,54.8759],[69.1055,54.8759],[69.1055,54.8759],[69.1055,54.8759],[69.1055,54.8759],[69.1064,54.8747],[69.1068,54.8741],[69.1068,54.8741],[69.1071,54.8737],[69.1071,54.8737],[69.1071,54.8737],[69.1071,54.8737],[69.1071,54.8737],[69.1071,54.8737],[69.1071,54.8737],[69.1076,54.873],[69.1076,54.873],[69.1076,54.873],[69.1076,54.873],[69.1076,54.873],[69.1076,54.873],[69.1076,54.873],[69.1078,54.8726],[69.1073,54.8723],[69.107,54.8729],[69.1065,54.8736],[69.1063,54.8739],[69.1063,54.874],[69.1058,54.8746],[69.1058,54.8746],[69.105,54.8758],[69.105,54.8758],[69.105,54.8758],[69.105,54.8758],[69.1041,54.877],[69.1041,54.877],[69.1041,54.877],[69.1041,54.877],[69.1032,54.8782],[69.1019,54.88],[69.1019,54.88],[69.1017,54.8802],[69.1009,54.8813],[69.1005,54.8819],[69.1005,54.8819],[69.1005,54.8819],[69.1005,54.8819],[69.1005,54.8819],[69.0996,54.8831],[69.0996,54.8831],[69.0996,54.8831],[69.0982,54.8849],[69.098,54.8849],[69.0979,54.885],[69.0963,54.8869],[69.096,54.8874],[69.096,54.8877],[69.0959,54.8878],[69.0959,54.8878],[69.0956,54.8882],[69.095,54.8889],[69.0949,54.8891],[69.0948,54.8891],[69.092,54.8909],[69.0927,54.8912],[69.0927,54.8913],[69.1131,54.8977],[69.1178,54.8992],[69.1203,54.8994],[69.1224,54.8996],[69.1241,54.899],[69.124,54.8989],[69.124,54.8989],[69.124,54.8989],[69.124,54.8989],[69.124,54.8989],[69.124,54.8988],[69.1241,54.8988],[69.1241,54.8988],[69.1241,54.8988],[69.1241,54.8987],[69.1241,54.8987],[69.1241,54.8987],[69.1241,54.8987],[69.1242,54.8987],[69.1242,54.8987],[69.1242,54.8986],[69.1242,54.8986],[69.1243,54.8986],[69.1243,54.8986],[69.1243,54.8986],[69.1244,54.8986],[69.1244,54.8986],[69.1244,54.8986],[69.1245,54.8985],[69.1245,54.8985],[69.1245,54.8985],[69.1246,54.8985],[69.1246,54.8985],[69.1247,54.8985],[69.1247,54.8985],[69.1247,54.8985],[69.1248,54.8985],[69.1248,54.8985],[69.1249,54.8985],[69.1249,54.8986],[69.1249,54.8986],[69.125,54.8986],[69.125,54.8986],[69.125,54.8986],[69.1251,54.8986],[69.1251,54.8986],[69.1251,54.8986],[69.1251,54.8987],[69.1252,54.8987],[69.1252,54.8987],[69.1252,54.8987],[69.1252,54.8987],[69.1252,54.8988],[69.1252,54.8988],[69.1253,54.8988],[69.1253,54.8988],[69.1253,54.8988],[69.1253,54.8989],[69.1253,54.8989],[69.1253,54.8989],[69.1253,54.8989],[69.1253,54.899],[69.1253,54.899],[69.1252,54.899],[69.1252,54.899],[69.1252,54.899],[69.1252,54.8991],[69.1252,54.8991],[69.1252,54.8991],[69.1251,54.8991],[69.1251,54.8991],[69.1251,54.8991],[69.1251,54.8992],[69.125,54.8992],[69.125,54.8992],[69.125,54.8992],[69.1249,54.8992],[69.1249,54.8992],[69.1249,54.8992],[69.1248,54.8992],[69.1248,54.8992],[69.1247,54.8992],[69.1247,54.8992],[69.1247,54.8992],[69.1246,54.8992],[69.1246,54.8992],[69.1246,54.8992],[69.1245,54.8992],[69.1245,54.8992],[69.1244,54.8992],[69.1244,54.8992],[69.1244,54.8992],[69.1243,54.8992],[69.1243,54.8992],[69.1226,54.8998],[69.1226,54.8998],[69.1224,54.8998],[69.1224,54.8998],[69.1204,54.8997],[69.1202,54.8996],[69.1208,54.9048],[69.122,54.9048],[69.1221,54.9048],[69.1223,54.9048],[69.1223,54.9048],[69.1223,54.9048],[69.1224,54.9048],[69.1224,54.9049],[69.1225,54.905],[69.1225,54.905],[69.1225,54.9051],[69.1225,54.9051],[69.1225,54.9051],[69.1225,54.9051],[69.1219,54.9101],[69.1219,54.9102],[69.1219,54.9102],[69.1219,54.9102],[69.1219,54.9102],[69.1219,54.9102],[69.1219,54.9102],[69.1217,54.9108],[69.1215,54.9122],[69.1215,54.9122],[69.1215,54.9122],[69.1216,54.9122],[69.1216,54.9122],[69.1227,54.9123],[69.1227,54.9123],[69.1227,54.9123],[69.1227,54.9123],[69.125,54.9124],[69.125,54.9124],[69.1271,54.9126],[69.1271,54.9126]]],"type":"MultiLineString"},"geometry_name":"shape","id":"gp_red_lines.fid--7752831e_19fad8546bb_57cf","properties":{"area":510.60120432924,"creation_doc_id":3586,"deactivation_doc_id":null,"id":2534643},"type":"Feature"},{"bbox":[69.0732,54.8911,69.122,54.9152],"geometry":{"coordinates":[[[69.101,54.9152],[69.1013,54.9151],[69.1017,54.9151],[69.1021,54.9151],[69.1021,54.9151],[69.1021,54.9151],[69.1134,54.9135],[69.1134,54.9135],[69.1149,54.9133],[69.115,54.9133],[69.1156,54.9131],[69.1156,54.9131],[69.117,54.9128],[69.117,54.9128],[69.1181,54.9126],[69.1181,54.9126],[69.1181,54.9126],[69.1181,54.9126],[69.1189,54.9124],[69.1189,54.9124],[69.1189,54.9124],[69.1189,54.9124],[69.1195,54.9123],[69.1195,54.9123],[69.1195,54.9123],[69.1195,54.9123],[69.1199,54.9122],[69.1199,54.9122],[69.1199,54.9122],[69.12,54.9122],[69.1204,54.9122],[69.1204,54.9122],[69.1204,54.9122],[69.1204,54.9122],[69.121,54.9122],[69.121,54.9122],[69.121,54.9122],[69.121,54.9122],[69.121,54.9122],[69.1211,54.9112],[69.1211,54.9112],[69.1212,54.9109],[69.1212,54.9108],[69.1212,54.9107],[69.1212,54.9107],[69.1213,54.9106],[69.1214,54.9102],[69.1215,54.9102],[69.1215,54.9101],[69.122,54.9051],[69.122,54.9051],[69.122,54.9051],[69.1206,54.905],[69.1206,54.905],[69.1206,54.905],[69.1205,54.905],[69.1205,54.905],[69.1204,54.905],[69.1204,54.905],[69.1204,54.905],[69.1204,54.9049],[69.1204,54.9049],[69.1204,54.9049],[69.1204,54.9049],[69.1204,54.9049],[69.1198,54.8996],[69.1178,54.8994],[69.1177,54.8994],[69.1177,54.8994],[69.1176,54.8994],[69.1129,54.898],[69.1129,54.898],[69.1129,54.898],[69.1129,54.898],[69.0924,54.8915],[69.0924,54.8915],[69.0924,54.8915],[69.0917,54.8911],[69.0889,54.8929],[69.0889,54.8929],[69.0889,54.8929],[69.0867,54.8942],[69.0852,54.8953],[69.0852,54.8953],[69.084,54.8963],[69.0829,54.8972],[69.0829,54.8972],[69.0829,54.8972],[69.0829,54.8972],[69.0789,54.9005],[69.0789,54.9005],[69.0781,54.9012],[69.0781,54.9012],[69.0781,54.9012],[69.0781,54.9012],[69.0775,54.9017],[69.0775,54.9017],[69.0774,54.9017],[69.0774,54.9017],[69.077,54.9021],[69.077,54.9021],[69.0769,54.9021],[69.0769,54.9021],[69.0763,54.9025],[69.0763,54.9025],[69.0763,54.9025],[69.0762,54.9026],[69.0753,54.9032],[69.0753,54.9032],[69.0753,54.9032],[69.0752,54.9032],[69.0743,54.9039],[69.0743,54.9039],[69.0743,54.9039],[69.0742,54.9039],[69.0737,54.9042],[69.0737,54.9042],[69.0736,54.9042],[69.0736,54.9043],[69.0735,54.9043],[69.0735,54.9043],[69.0734,54.9044],[69.0734,54.9044],[69.0733,54.9045],[69.0733,54.9045],[69.0733,54.9046],[69.0732,54.9046],[69.0732,54.9047],[69.0732,54.9047],[69.0732,54.9047],[69.0732,54.9048],[69.0732,54.9048],[69.0732,54.9049],[69.0732,54.9049],[69.0732,54.905],[69.0732,54.905],[69.0733,54.9051],[69.0733,54.9051],[69.0733,54.9052],[69.0734,54.9052],[69.0734,54.9053],[69.0735,54.9053],[69.0735,54.9053],[69.0736,54.9054],[69.0736,54.9054],[69.0737,54.9054],[69.0738,54.9055],[69.0738,54.9055],[69.0742,54.9056],[69.0801,54.908],[69.0804,54.9082],[69.0812,54.9085],[69.0822,54.9089],[69.0837,54.9095],[69.0842,54.9097],[69.0848,54.9099],[69.0849,54.91],[69.0849,54.91],[69.0849,54.91],[69.0849,54.91],[69.0856,54.9102],[69.0857,54.9103],[69.0861,54.9104],[69.0893,54.9113],[69.0906,54.9118],[69.0915,54.9121],[69.0916,54.9121],[69.0916,54.9121],[69.0916,54.9121],[69.0923,54.9123],[69.0923,54.9123],[69.0923,54.9123],[69.0923,54.9123],[69.0923,54.9123],[69.0923,54.9123],[69.0923,54.9123],[69.0928,54.9125],[69.0928,54.9125],[69.0929,54.9125],[69.0929,54.9125],[69.0933,54.9127],[69.0939,54.9129],[69.0939,54.9129],[69.0939,54.9129],[69.0939,54.9129],[69.0943,54.913],[69.0943,54.913],[69.0943,54.9131],[69.0943,54.9131],[69.095,54.9133],[69.095,54.9133],[69.0951,54.9133],[69.0951,54.9133],[69.0957,54.9136],[69.0957,54.9136],[69.0957,54.9136],[69.0957,54.9136],[69.0964,54.914],[69.0964,54.914],[69.0964,54.914],[69.0964,54.914],[69.0969,54.9142],[69.0976,54.9145],[69.0976,54.9145],[69.0976,54.9145],[69.0976,54.9145],[69.0982,54.9147],[69.0988,54.915],[69.0988,54.915],[69.0991,54.9151],[69.0995,54.9151],[69.0999,54.9152],[69.1002,54.9152],[69.1006,54.9152],[69.101,54.9152]]],"type":"MultiLineString"},"geometry_name":"shape","id":"gp_red_lines.fid--7752831e_19fad8546bb_57d0","properties":{"area":524.129902468221,"creation_doc_id":3586,"deactivation_doc_id":null,"id":2534653},"type":"Feature"},{"bbox":[69.1761,54.8324,69.2582,54.8725],"geometry":{"coordinates":[[[69.2303,54.8414],[69.2298,54.8412],[69.2187,54.8351],[69.2186,54.8349],[69.2169,54.8339],[69.2166,54.8339],[69.2162,54.8337],[69.2151,54.8332],[69.214,54.8328],[69.2129,54.8324],[69.2097,54.8366],[69.2097,54.8366],[69.2097,54.8366],[69.2097,54.8366],[69.2097,54.8366],[69.2097,54.8366],[69.2097,54.8366],[69.2097,54.8366],[69.2097,54.8366],[69.2097,54.8366],[69.2097,54.8366],[69.2083,54.8413],[69.2073,54.8467],[69.2073,54.8467],[69.2073,54.8467],[69.2073,54.8467],[69.2073,54.8468],[69.2073,54.8468],[69.2073,54.8468],[69.2073,54.8468],[69.2073,54.8468],[69.2072,54.847],[69.2072,54.847],[69.2072,54.847],[69.2072,54.847],[69.2071,54.8472],[69.2071,54.8472],[69.2071,54.8472],[69.2071,54.8472],[69.2071,54.8472],[69.2071,54.8472],[69.2071,54.8472],[69.2071,54.8472],[69.2071,54.8472],[69.2071,54.8472],[69.207,54.8473],[69.207,54.8474],[69.207,54.8474],[69.207,54.8474],[69.2069,54.8474],[69.2069,54.8474],[69.2069,54.8474],[69.2069,54.8474],[69.2069,54.8474],[69.2067,54.8475],[69.2067,54.8475],[69.2067,54.8476],[69.2067,54.8476],[69.2067,54.8476],[69.2066,54.8476],[69.2066,54.8476],[69.2066,54.8476],[69.2063,54.8477],[69.2063,54.8477],[69.2063,54.8477],[69.2063,54.8477],[69.2063,54.8477],[69.2051,54.8481],[69.2051,54.8481],[69.2006,54.8495],[69.2006,54.8495],[69.2002,54.8497],[69.2002,54.8497],[69.2002,54.8497],[69.2002,54.8497],[69.2001,54.8498],[69.2001,54.8498],[69.2001,54.8498],[69.1995,54.8531],[69.1995,54.8531],[69.1995,54.8533],[69.1995,54.8533],[69.1995,54.8533],[69.1995,54.8533],[69.1995,54.8533],[69.1995,54.8533],[69.1995,54.8533],[69.1995,54.8533],[69.1994,54.8535],[69.1994,54.8535],[69.1994,54.8535],[69.1994,54.8535],[69.1994,54.8535],[69.1994,54.8536],[69.1993,54.8536],[69.1993,54.8536],[69.1993,54.8536],[69.1993,54.8536],[69.1993,54.8536],[69.1992,54.8537],[69.1992,54.8537],[69.1992,54.8537],[69.1992,54.8537],[69.199,54.8538],[69.199,54.8538],[69.199,54.8538],[69.199,54.8538],[69.199,54.8539],[69.1989,54.8539],[69.1989,54.8539],[69.1989,54.8539],[69.1989,54.8539],[69.1989,54.8539],[69.1989,54.8539],[69.1989,54.8539],[69.1987,54.854],[69.1987,54.854],[69.1987,54.854],[69.1987,54.854],[69.1986,54.854],[69.1986,54.854],[69.1986,54.854],[69.1986,54.854],[69.1986,54.854],[69.1986,54.854],[69.1983,54.8541],[69.1983,54.8541],[69.1983,54.8541],[69.1983,54.8541],[69.1983,54.8541],[69.1982,54.8541],[69.1982,54.8541],[69.1982,54.8541],[69.1982,54.8541],[69.1982,54.8541],[69.1979,54.8541],[69.1978,54.8541],[69.1978,54.8541],[69.1978,54.8541],[69.1975,54.8541],[69.1975,54.8541],[69.1974,54.8541],[69.1974,54.8541],[69.1974,54.8541],[69.1974,54.8541],[69.1974,54.8541],[69.1769,54.8531],[69.1766,54.8557],[69.1764,54.8557],[69.1762,54.8571],[69.1764,54.8572],[69.1761,54.8592],[69.1979,54.86],[69.1979,54.86],[69.1996,54.86],[69.1996,54.86],[69.1997,54.86],[69.1997,54.86],[69.1998,54.86],[69.1999,54.86],[69.2,54.86],[69.2003,54.86],[69.2018,54.8599],[69.2018,54.8599],[69.2034,54.8597],[69.2034,54.8597],[69.2034,54.8597],[69.2034,54.8597],[69.2034,54.8597],[69.2039,54.8597],[69.204,54.8597],[69.204,54.8597],[69.2041,54.8597],[69.2041,54.8597],[69.2042,54.8597],[69.2051,54.8597],[69.2064,54.8597],[69.2064,54.8597],[69.207,54.8598],[69.207,54.8598],[69.207,54.8598],[69.207,54.8598],[69.208,54.8598],[69.2094,54.8599],[69.2094,54.8599],[69.21,54.8599],[69.2108,54.86],[69.2113,54.86],[69.2114,54.8601],[69.2118,54.8601],[69.2118,54.8602],[69.2118,54.8602],[69.2125,54.8604],[69.2125,54.8604],[69.2125,54.8604],[69.2125,54.8604],[69.2126,54.8605],[69.213,54.8607],[69.2131,54.8607],[69.2132,54.8608],[69.2133,54.8608],[69.2134,54.8609],[69.2134,54.8609],[69.2135,54.861],[69.2135,54.861],[69.2137,54.8611],[69.2139,54.8613],[69.2139,54.8613],[69.214,54.8613],[69.2143,54.8617],[69.2144,54.8618],[69.2146,54.8622],[69.2146,54.8622],[69.2147,54.8625],[69.2147,54.8631],[69.2376,54.8647],[69.2392,54.8648],[69.2393,54.865],[69.2393,54.8651],[69.2397,54.8656],[69.2399,54.8658],[69.24,54.8659],[69.2404,54.8661],[69.2407,54.8662],[69.2419,54.8668],[69.2419,54.8668],[69.2419,54.8668],[69.2455,54.8685],[69.2504,54.8708],[69.2504,54.8708],[69.2504,54.8708],[69.2504,54.8708],[69.2509,54.8711],[69.2509,54.8711],[69.2509,54.8711],[69.2509,54.8711],[69.2512,54.8714],[69.2512,54.8714],[69.2512,54.8714],[69.2512,54.8714],[69.2512,54.8714],[69.2512,54.8714],[69.2512,54.8714],[69.2521,54.8725],[69.2566,54.8687],[69.2569,54.8685],[69.2571,54.8682],[69.2573,54.868],[69.2574,54.8677],[69.2575,54.8674],[69.2577,54.8672],[69.2578,54.8664],[69.2579,54.8653],[69.2582,54.8615],[69.258,54.8576],[69.2579,54.8562],[69.2579,54.8552],[69.2578,54.8552],[69.2578,54.8548],[69.2578,54.8548],[69.2578,54.8546],[69.2578,54.8546],[69.2577,54.8544],[69.2576,54.8543],[69.2576,54.8543],[69.2576,54.8541],[69.2576,54.8541],[69.2574,54.8539],[69.2574,54.8539],[69.2573,54.8537],[69.2573,54.8537],[69.2573,54.8537],[69.257,54.8534],[69.2567,54.8532],[69.256,54.8528],[69.2555,54.8526],[69.2555,54.8526],[69.2545,54.8521],[69.2545,54.8521],[69.2545,54.8521],[69.2545,54.8521],[69.2532,54.8515],[69.2532,54.8515],[69.249,54.8497],[69.248,54.8493],[69.2421,54.8466],[69.242,54.8466],[69.2303,54.8414]]],"type":"MultiLineString"},"geometry_name":"shape","id":"gp_red_lines.fid--7752831e_19fad8546bb_57d1","properties":{"area":981.783773881686,"creation_doc_id":3586,"deactivation_doc_id":null,"id":2534759},"type":"Feature"},{"bbox":[69.1021,54.7676,69.1763,54.809],"geometry":{"coordinates":[[[69.1289,54.8081],[69.1289,54.8081],[69.1291,54.8081],[69.1293,54.808],[69.1293,54.808],[69.1294,54.808],[69.1296,54.808],[69.1297,54.808],[69.13,54.8079],[69.13,54.8079],[69.13,54.8079],[69.1303,54.8078],[69.1303,54.8078],[69.1305,54.8077],[69.1306,54.8076],[69.1307,54.8075],[69.131,54.8074],[69.1313,54.8071],[69.1317,54.8068],[69.1339,54.8049],[69.1339,54.8049],[69.1449,54.7958],[69.145,54.7958],[69.148,54.7939],[69.1524,54.7912],[69.1524,54.7912],[69.156,54.789],[69.156,54.789],[69.156,54.789],[69.1561,54.789],[69.1579,54.7881],[69.158,54.7881],[69.158,54.788],[69.158,54.788],[69.158,54.788],[69.1749,54.7831],[69.1761,54.7827],[69.1762,54.7826],[69.1762,54.7826],[69.1763,54.7826],[69.174,54.782],[69.174,54.782],[69.1625,54.7793],[69.1356,54.773],[69.1356,54.773],[69.1353,54.7729],[69.1352,54.7729],[69.1352,54.7729],[69.134,54.7724],[69.1219,54.7678],[69.1219,54.7678],[69.1219,54.7678],[69.118,54.7678],[69.1147,54.7679],[69.1147,54.7679],[69.1147,54.7679],[69.1147,54.7679],[69.1146,54.7679],[69.1145,54.7679],[69.1103,54.7676],[69.1102,54.7676],[69.1058,54.7681],[69.1021,54.7693],[69.1049,54.7754],[69.1088,54.7836],[69.1142,54.7951],[69.1205,54.8082],[69.1208,54.8089],[69.1208,54.8089],[69.1208,54.809],[69.1289,54.8081]]],"type":"MultiLineString"},"geometry_name":"shape","id":"gp_red_lines.fid--7752831e_19fad8546bb_57d2","properties":{"area":1058.43205760559,"creation_doc_id":3586,"deactivation_doc_id":null,"id":2534772},"type":"Feature"},{"bbox":[69.121,54.7827,69.1925,54.8299],"geometry":{"coordinates":[[[69.1411,54.8299],[69.1414,54.8299],[69.1417,54.8298],[69.142,54.8298],[69.1422,54.8298],[69.1425,54.8298],[69.1428,54.8298],[69.143,54.8298],[69.1433,54.8297],[69.1436,54.8297],[69.1439,54.8297],[69.1441,54.8296],[69.1618,54.8261],[69.1624,54.826],[69.1644,54.8256],[69.1644,54.8256],[69.1644,54.8256],[69.1646,54.8256],[69.1648,54.8256],[69.1649,54.8255],[69.1651,54.8255],[69.1653,54.8255],[69.1654,54.8254],[69.1656,54.8254],[69.1657,54.8254],[69.1658,54.8254],[69.166,54.8254],[69.1662,54.8253],[69.1663,54.8253],[69.1665,54.8253],[69.1667,54.8253],[69.1668,54.8253],[69.167,54.8252],[69.1672,54.8252],[69.1673,54.8252],[69.1675,54.8252],[69.1677,54.8252],[69.1677,54.8252],[69.1679,54.8252],[69.1681,54.8252],[69.1682,54.8252],[69.1684,54.8251],[69.1686,54.8251],[69.1687,54.8251],[69.1689,54.8251],[69.1691,54.8251],[69.1693,54.8251],[69.1694,54.8251],[69.1696,54.8251],[69.1697,54.8251],[69.1698,54.8251],[69.17,54.8251],[69.1702,54.8251],[69.1704,54.8251],[69.1705,54.8251],[69.1707,54.8251],[69.1709,54.8251],[69.171,54.8251],[69.1712,54.8252],[69.1714,54.8252],[69.1715,54.8252],[69.1717,54.8252],[69.1718,54.8252],[69.172,54.8252],[69.1721,54.8252],[69.1723,54.8252],[69.1725,54.8253],[69.1726,54.8253],[69.1728,54.8253],[69.173,54.8253],[69.1731,54.8253],[69.1732,54.8253],[69.1875,54.8276],[69.1876,54.8274],[69.1925,54.8099],[69.1911,54.802],[69.1889,54.7891],[69.1888,54.7885],[69.1886,54.7878],[69.1883,54.7871],[69.1878,54.7861],[69.1878,54.786],[69.1877,54.7859],[69.1876,54.7858],[69.1875,54.7857],[69.1874,54.7856],[69.1874,54.7856],[69.187,54.7853],[69.187,54.7853],[69.1868,54.7852],[69.1867,54.7851],[69.1858,54.7848],[69.1856,54.7847],[69.1773,54.7828],[69.1769,54.7827],[69.1766,54.7829],[69.1752,54.7834],[69.1751,54.7834],[69.1602,54.7878],[69.1583,54.7884],[69.1583,54.7884],[69.1565,54.7893],[69.1564,54.7893],[69.1529,54.7914],[69.1485,54.7941],[69.1485,54.7941],[69.1454,54.796],[69.1344,54.8051],[69.1322,54.807],[69.1322,54.807],[69.1318,54.8073],[69.1318,54.8073],[69.1315,54.8076],[69.1314,54.8076],[69.1312,54.8078],[69.1312,54.8078],[69.1311,54.8078],[69.131,54.8079],[69.1309,54.8079],[69.1307,54.808],[69.1307,54.808],[69.1306,54.8081],[69.1306,54.8081],[69.1303,54.8082],[69.1303,54.8082],[69.1303,54.8082],[69.1302,54.8082],[69.13,54.8083],[69.13,54.8083],[69.1299,54.8083],[69.1299,54.8083],[69.1296,54.8084],[69.1296,54.8084],[69.1295,54.8084],[69.1293,54.8084],[69.1292,54.8084],[69.129,54.8085],[69.129,54.8085],[69.121,54.8093],[69.1211,54.8097],[69.1241,54.8188],[69.1242,54.8191],[69.1243,54.8193],[69.1243,54.8193],[69.1244,54.8197],[69.1244,54.8197],[69.1245,54.82],[69.1245,54.82],[69.1245,54.8205],[69.1245,54.8205],[69.1245,54.8208],[69.1245,54.8209],[69.1245,54.8209],[69.1245,54.8213],[69.1245,54.8213],[69.1245,54.8216],[69.1245,54.8216],[69.1242,54.8236],[69.1242,54.8239],[69.1242,54.824],[69.1243,54.8242],[69.1243,54.8243],[69.1244,54.8245],[69.1245,54.8246],[69.1246,54.8247],[69.1309,54.8277],[69.1317,54.8281],[69.1329,54.8286],[69.1335,54.8288],[69.1342,54.829],[69.1347,54.8291],[69.135,54.8292],[69.1353,54.8293],[69.1355,54.8293],[69.1358,54.8294],[69.136,54.8294],[69.1363,54.8295],[69.1365,54.8295],[69.1368,54.8296],[69.1371,54.8296],[69.1373,54.8296],[69.1376,54.8297],[69.1379,54.8297],[69.1381,54.8297],[69.1384,54.8298],[69.1387,54.8298],[69.139,54.8298],[69.1392,54.8298],[69.1395,54.8298],[69.1398,54.8298],[69.14,54.8299],[69.1403,54.8299],[69.1406,54.8299],[69.1409,54.8299],[69.1411,54.8299]]],"type":"MultiLineString"},"geometry_name":"shape","id":"gp_red_lines.fid--7752831e_19fad8546bb_57d3","properties":{"area":1654.70162851775,"creation_doc_id":3586,"deactivation_doc_id":null,"id":2534825},"type":"Feature"},{"bbox":[69.125,54.9182,69.243,54.9904],"geometry":{"coordinates":[[[69.166,54.9804],[69.1438,54.9854],[69.1449,54.9882],[69.1455,54.9894],[69.1455,54.9894],[69.1455,54.9894],[69.1455,54.9895],[69.1456,54.9895],[69.1457,54.9896],[69.1457,54.9896],[69.1457,54.9896],[69.1457,54.9896],[69.1457,54.9896],[69.1457,54.9896],[69.1457,54.9896],[69.1457,54.9896],[69.1457,54.9896],[69.1457,54.9896],[69.1457,54.9896],[69.1457,54.9896],[69.1457,54.9896],[69.1457,54.9896],[69.1457,54.9896],[69.1457,54.9896],[69.1457,54.9896],[69.1457,54.9896],[69.1457,54.9896],[69.1457,54.9896],[69.1457,54.9896],[69.1457,54.9896],[69.1457,54.9896],[69.1457,54.9896],[69.1457,54.9896],[69.1457,54.9896],[69.1457,54.9896],[69.1457,54.9896],[69.1457,54.9896],[69.1458,54.9897],[69.1458,54.9897],[69.1458,54.9897],[69.1458,54.9897],[69.1458,54.9897],[69.1458,54.9897],[69.1458,54.9897],[69.1458,54.9897],[69.1458,54.9897],[69.1458,54.9897],[69.1458,54.9897],[69.1458,54.9897],[69.1458,54.9897],[69.1458,54.9897],[69.1458,54.9897],[69.1458,54.9897],[69.1458,54.9897],[69.1458,54.9897],[69.1458,54.9897],[69.1458,54.9897],[69.1458,54.9897],[69.1458,54.9897],[69.1458,54.9897],[69.1458,54.9897],[69.1458,54.9897],[69.1458,54.9897],[69.1458,54.9897],[69.1458,54.9897],[69.1458,54.9897],[69.1458,54.9897],[69.1458,54.9897],[69.1458,54.9897],[69.1458,54.9897],[69.1458,54.9897],[69.1459,54.9897],[69.1459,54.9897],[69.1459,54.9897],[69.1459,54.9897],[69.1459,54.9897],[69.1459,54.9897],[69.1459,54.9897],[69.1459,54.9897],[69.1459,54.9897],[69.1459,54.9898],[69.1459,54.9898],[69.1459,54.9898],[69.1459,54.9898],[69.1459,54.9898],[69.1459,54.9898],[69.1459,54.9898],[69.1459,54.9898],[69.1459,54.9898],[69.1459,54.9898],[69.1459,54.9898],[69.1459,54.9898],[69.146,54.9898],[69.146,54.9898],[69.146,54.9898],[69.146,54.9898],[69.146,54.9898],[69.146,54.9898],[69.146,54.9899],[69.146,54.9899],[69.146,54.9899],[69.146,54.9899],[69.146,54.9899],[69.146,54.9899],[69.146,54.9899],[69.146,54.9899],[69.146,54.9899],[69.146,54.9899],[69.1461,54.9899],[69.1461,54.9899],[69.1461,54.9899],[69.1461,54.9899],[69.1461,54.9899],[69.1461,54.9899],[69.1461,54.9899],[69.1461,54.9899],[69.1461,54.9899],[69.1461,54.9899],[69.1461,54.9899],[69.1461,54.9899],[69.1461,54.9899],[69.1461,54.9899],[69.1461,54.9899],[69.1461,54.9899],[69.1461,54.9899],[69.1461,54.9899],[69.1461,54.9899],[69.1461,54.9899],[69.1461,54.9899],[69.1461,54.9899],[69.1461,54.9899],[69.1461,54.9899],[69.1461,54.9899],[69.1461,54.9899],[69.1461,54.9899],[69.1461,54.9899],[69.1461,54.9899],[69.1461,54.9899],[69.1461,54.9899],[69.1461,54.9899],[69.1461,54.9899],[69.1461,54.9899],[69.1461,54.9899],[69.1461,54.9899],[69.1461,54.9899],[69.1461,54.9899],[69.1461,54.9899],[69.1462,54.9899],[69.1462,54.9899],[69.1462,54.9899],[69.1462,54.9899],[69.1462,54.9899],[69.1462,54.9899],[69.1462,54.9899],[69.1462,54.9899],[69.1462,54.9899],[69.1462,54.9899],[69.1462,54.9899],[69.1462,54.9899],[69.1462,54.9899],[69.1462,54.9899],[69.1462,54.9899],[69.1462,54.9899],[69.1462,54.9899],[69.1462,54.9899],[69.1462,54.99],[69.1462,54.99],[69.1462,54.99],[69.1462,54.99],[69.1462,54.99],[69.1462,54.99],[69.1462,54.99],[69.1462,54.99],[69.1462,54.99],[69.1462,54.99],[69.1462,54.99],[69.1462,54.99],[69.1462,54.99],[69.1462,54.99],[69.1462,54.99],[69.1462,54.99],[69.1463,54.99],[69.1463,54.99],[69.1463,54.99],[69.1463,54.99],[69.1463,54.99],[69.1463,54.99],[69.1463,54.99],[69.1463,54.99],[69.1463,54.99],[69.1463,54.99],[69.1464,54.99],[69.1464,54.99],[69.1464,54.99],[69.1464,54.99],[69.1464,54.99],[69.1464,54.99],[69.1464,54.99],[69.1464,54.99],[69.1464,54.99],[69.1464,54.99],[69.1464,54.99],[69.1464,54.99],[69.1464,54.99],[69.1464,54.99],[69.1464,54.99],[69.1464,54.99],[69.1464,54.9901],[69.1464,54.9901],[69.1464,54.9901],[69.1464,54.9901],[69.1464,54.9901],[69.1464,54.9901],[69.1464,54.9901],[69.1464,54.9901],[69.1465,54.9901],[69.1465,54.9901],[69.1465,54.9901],[69.1465,54.9901],[69.1465,54.9901],[69.1465,54.9901],[69.1465,54.9901],[69.1465,54.9901],[69.1465,54.9901],[69.1465,54.9901],[69.1465,54.9901],[69.1465,54.9901],[69.1465,54.9901],[69.1465,54.9901],[69.1465,54.9901],[69.1465,54.9901],[69.1465,54.9901],[69.1465,54.9901],[69.1465,54.9901],[69.1465,54.9901],[69.1466,54.9901],[69.1466,54.9901],[69.1466,54.9901],[69.1466,54.9901],[69.1466,54.9901],[69.1466,54.9901],[69.1466,54.9901],[69.1466,54.9901],[69.1466,54.9901],[69.1466,54.9901],[69.1466,54.9901],[69.1466,54.9901],[69.1466,54.9901],[69.1466,54.9901],[69.1467,54.9901],[69.1467,54.9901],[69.1467,54.9901],[69.1467,54.9901],[69.1467,54.9901],[69.1467,54.9901],[69.1467,54.9901],[69.1467,54.9901],[69.1467,54.9901],[69.1467,54.9901],[69.1467,54.9901],[69.1467,54.9901],[69.1467,54.9901],[69.1467,54.9901],[69.1467,54.9901],[69.1467,54.9901],[69.1467,54.9901],[69.1468,54.9902],[69.1468,54.9902],[69.1468,54.9902],[69.1468,54.9902],[69.1468,54.9902],[69.1468,54.9902],[69.1468,54.9902],[69.1468,54.9902],[69.1468,54.9902],[69.1468,54.9902],[69.1468,54.9902],[69.1468,54.9902],[69.1468,54.9902],[69.1468,54.9902],[69.1468,54.9902],[69.1468,54.9902],[69.1468,54.9902],[69.1468,54.9902],[69.1469,54.9902],[69.1469,54.9902],[69.1469,54.9902],[69.1469,54.9902],[69.1469,54.9902],[69.1469,54.9902],[69.1469,54.9902],[69.1469,54.9902],[69.1469,54.9902],[69.1469,54.9902],[69.1469,54.9902],[69.1469,54.9902],[69.1469,54.9902],[69.1469,54.9902],[69.1469,54.9902],[69.1469,54.9902],[69.1469,54.9902],[69.1469,54.9902],[69.1469,54.9902],[69.1469,54.9902],[69.1469,54.9902],[69.1469,54.9902],[69.1469,54.9902],[69.1469,54.9902],[69.1469,54.9902],[69.147,54.9902],[69.147,54.9902],[69.147,54.9902],[69.147,54.9902],[69.147,54.9902],[69.1471,54.9902],[69.1471,54.9902],[69.1471,54.9902],[69.1471,54.9902],[69.1471,54.9902],[69.1471,54.9902],[69.1471,54.9902],[69.1471,54.9902],[69.1471,54.9902],[69.1471,54.9902],[69.1471,54.9902],[69.1471,54.9902],[69.1471,54.9902],[69.1471,54.9902],[69.1471,54.9902],[69.1471,54.9902],[69.1471,54.9902],[69.1471,54.9902],[69.1471,54.9902],[69.1471,54.9902],[69.1471,54.9902],[69.1471,54.9902],[69.1471,54.9903],[69.1471,54.9903],[69.1472,54.9903],[69.1472,54.9903],[69.1472,54.9903],[69.1472,54.9903],[69.1472,54.9903],[69.1472,54.9903],[69.1472,54.9903],[69.1472,54.9903],[69.1472,54.9903],[69.1473,54.9903],[69.1473,54.9903],[69.1473,54.9903],[69.1473,54.9903],[69.1473,54.9903],[69.1473,54.9903],[69.1473,54.9903],[69.1473,54.9903],[69.1474,54.9903],[69.1474,54.9903],[69.1474,54.9903],[69.1474,54.9903],[69.1474,54.9903],[69.1474,54.9903],[69.1474,54.9903],[69.1474,54.9903],[69.1474,54.9903],[69.1474,54.9903],[69.1474,54.9903],[69.1474,54.9903],[69.1474,54.9903],[69.1474,54.9903],[69.1474,54.9903],[69.1474,54.9903],[69.1474,54.9903],[69.1474,54.9903],[69.1474,54.9903],[69.1474,54.9903],[69.1474,54.9903],[69.1474,54.9903],[69.1474,54.9903],[69.1475,54.9903],[69.1475,54.9903],[69.1475,54.9903],[69.1475,54.9903],[69.1475,54.9903],[69.1475,54.9903],[69.1475,54.9903],[69.1475,54.9903],[69.1475,54.9903],[69.1475,54.9903],[69.1475,54.9903],[69.1475,54.9903],[69.1475,54.9903],[69.1475,54.9903],[69.1475,54.9903],[69.1475,54.9903],[69.1475,54.9903],[69.1475,54.9903],[69.1475,54.9903],[69.1476,54.9903],[69.1476,54.9903],[69.1476,54.9903],[69.1476,54.9903],[69.1476,54.9903],[69.1476,54.9903],[69.1476,54.9903],[69.1476,54.9903],[69.1476,54.9903],[69.1476,54.9903],[69.1476,54.9903],[69.1476,54.9903],[69.1476,54.9903],[69.1476,54.9903],[69.1476,54.9903],[69.1476,54.9903],[69.1477,54.9903],[69.1477,54.9903],[69.1477,54.9903],[69.1477,54.9903],[69.1477,54.9903],[69.1477,54.9903],[69.1477,54.9903],[69.1477,54.9903],[69.1477,54.9903],[69.1477,54.9903],[69.1477,54.9903],[69.1477,54.9903],[69.1477,54.9903],[69.1477,54.9903],[69.1477,54.9903],[69.1477,54.9903],[69.1477,54.9903],[69.1477,54.9903],[69.1477,54.9904],[69.1478,54.9904],[69.1478,54.9904],[69.1478,54.9904],[69.1478,54.9904],[69.1478,54.9904],[69.1478,54.9904],[69.1478,54.9904],[69.1478,54.9904],[69.1478,54.9904],[69.1478,54.9904],[69.1478,54.9904],[69.1478,54.9904],[69.1478,54.9904],[69.1478,54.9904],[69.1478,54.9904],[69.1479,54.9904],[69.1479,54.9904],[69.1479,54.9904],[69.1479,54.9904],[69.1479,54.9904],[69.1479,54.9904],[69.1479,54.9904],[69.1479,54.9904],[69.1479,54.9904],[69.1479,54.9904],[69.1479,54.9904],[69.1479,54.9904],[69.1479,54.9904],[69.1479,54.9904],[69.1479,54.9904],[69.1479,54.9904],[69.1479,54.9904],[69.1479,54.9904],[69.1479,54.9904],[69.1479,54.9904],[69.1479,54.9904],[69.148,54.9904],[69.148,54.9904],[69.148,54.9904],[69.148,54.9904],[69.148,54.9904],[69.148,54.9904],[69.148,54.9904],[69.148,54.9904],[69.148,54.9904],[69.148,54.9904],[69.148,54.9904],[69.148,54.9904],[69.148,54.9904],[69.148,54.9904],[69.148,54.9904],[69.148,54.9904],[69.148,54.9904],[69.1481,54.9904],[69.1481,54.9904],[69.1481,54.9904],[69.1481,54.9904],[69.1481,54.9904],[69.1481,54.9904],[69.1481,54.9904],[69.1481,54.9904],[69.1481,54.9904],[69.1481,54.9904],[69.1481,54.9904],[69.1481,54.9904],[69.1481,54.9904],[69.1481,54.9904],[69.1481,54.9904],[69.1481,54.9904],[69.1481,54.9904],[69.1481,54.9904],[69.1481,54.9904],[69.1481,54.9904],[69.1481,54.9904],[69.1481,54.9904],[69.1481,54.9904],[69.1481,54.9904],[69.1482,54.9904],[69.1482,54.9904],[69.1482,54.9904],[69.1482,54.9904],[69.1482,54.9904],[69.1482,54.9904],[69.1482,54.9904],[69.1482,54.9904],[69.1482,54.9904],[69.1482,54.9904],[69.1483,54.9904],[69.1483,54.9904],[69.1483,54.9904],[69.1483,54.9904],[69.1483,54.9904],[69.1483,54.9904],[69.1483,54.9904],[69.1483,54.9904],[69.1483,54.9904],[69.1483,54.9904],[69.1483,54.9904],[69.1483,54.9904],[69.1483,54.9904],[69.1483,54.9904],[69.1483,54.9904],[69.1483,54.9904],[69.1483,54.9904],[69.1483,54.9904],[69.1483,54.9904],[69.1484,54.9904],[69.1484,54.9904],[69.1484,54.9904],[69.1484,54.9904],[69.1484,54.9904],[69.1485,54.9904],[69.1485,54.9904],[69.1485,54.9904],[69.1485,54.9904],[69.1485,54.9904],[69.1485,54.9904],[69.1485,54.9904],[69.1485,54.9904],[69.1485,54.9904],[69.1485,54.9904],[69.1485,54.9904],[69.1485,54.9904],[69.1485,54.9904],[69.1485,54.9904],[69.1485,54.9904],[69.1485,54.9904],[69.1486,54.9904],[69.1486,54.9904],[69.1486,54.9904],[69.1486,54.9904],[69.1486,54.9904],[69.1486,54.9904],[69.1486,54.9904],[69.1486,54.9904],[69.1486,54.9904],[69.1486,54.9904],[69.1486,54.9904],[69.1486,54.9904],[69.1486,54.9904],[69.1486,54.9904],[69.1486,54.9904],[69.1486,54.9904],[69.1486,54.9904],[69.1487,54.9904],[69.1487,54.9904],[69.1487,54.9904],[69.1487,54.9904],[69.1487,54.9904],[69.1487,54.9904],[69.1488,54.9904],[69.1488,54.9904],[69.1488,54.9904],[69.1488,54.9904],[69.1488,54.9904],[69.1488,54.9904],[69.1488,54.9904],[69.1488,54.9904],[69.1488,54.9904],[69.1488,54.9904],[69.1488,54.9904],[69.1488,54.9904],[69.1488,54.9904],[69.1488,54.9904],[69.1488,54.9904],[69.1488,54.9904],[69.1488,54.9904],[69.1488,54.9904],[69.1489,54.9904],[69.1489,54.9904],[69.1489,54.9904],[69.1489,54.9904],[69.1489,54.9904],[69.1489,54.9904],[69.1489,54.9904],[69.1489,54.9904],[69.1489,54.9904],[69.1489,54.9904],[69.1489,54.9904],[69.1489,54.9904],[69.1489,54.9904],[69.1489,54.9904],[69.1489,54.9904],[69.1489,54.9904],[69.1489,54.9904],[69.1489,54.9904],[69.1489,54.9904],[69.1489,54.9904],[69.149,54.9904],[69.149,54.9904],[69.149,54.9904],[69.149,54.9904],[69.149,54.9904],[69.149,54.9904],[69.149,54.9904],[69.1491,54.9904],[69.1491,54.9904],[69.1491,54.9904],[69.1491,54.9904],[69.1491,54.9904],[69.1491,54.9904],[69.1491,54.9904],[69.1491,54.9904],[69.1491,54.9904],[69.1491,54.9904],[69.1491,54.9904],[69.1491,54.9904],[69.1491,54.9904],[69.1491,54.9904],[69.1491,54.9904],[69.1491,54.9904],[69.1492,54.9904],[69.1496,54.9903],[69.1674,54.9821],[69.1693,54.9812],[69.1693,54.9812],[69.1987,54.9695],[69.1994,54.9692],[69.1994,54.9691],[69.1994,54.9691],[69.2003,54.9689],[69.2004,54.9688],[69.2004,54.9688],[69.2009,54.9687],[69.2009,54.9687],[69.2016,54.9685],[69.2016,54.9685],[69.2021,54.9684],[69.2022,54.9684],[69.2035,54.9682],[69.2036,54.9682],[69.2051,54.968],[69.2051,54.968],[69.2207,54.9666],[69.222,54.9664],[69.2226,54.9663],[69.2232,54.9661],[69.224,54.9658],[69.2249,54.9655],[69.2252,54.9654],[69.2259,54.965],[69.2268,54.9645],[69.228,54.9638],[69.2282,54.9636],[69.2284,54.9633],[69.2285,54.9631],[69.2285,54.9629],[69.2283,54.962],[69.2283,54.9619],[69.2283,54.9618],[69.2283,54.9616],[69.2284,54.9615],[69.2284,54.9613],[69.2285,54.9611],[69.2286,54.961],[69.2287,54.9609],[69.2288,54.9608],[69.229,54.9607],[69.2291,54.9606],[69.2293,54.9604],[69.233,54.9584],[69.2336,54.9581],[69.2341,54.9579],[69.2345,54.9578],[69.2407,54.9559],[69.2428,54.9539],[69.2428,54.9539],[69.2428,54.9539],[69.2428,54.9539],[69.2428,54.9539],[69.2428,54.9539],[69.2429,54.9538],[69.2429,54.9538],[69.2429,54.9537],[69.243,54.9537],[69.243,54.9537],[69.243,54.9536],[69.243,54.9536],[69.243,54.9535],[69.243,54.9535],[69.243,54.9535],[69.243,54.9534],[69.243,54.9534],[69.243,54.9533],[69.243,54.9533],[69.2429,54.9532],[69.2429,54.9532],[69.2429,54.9532],[69.2428,54.9531],[69.2428,54.9531],[69.2428,54.9531],[69.2316,54.9495],[69.2316,54.9495],[69.2316,54.9495],[69.2316,54.9495],[69.23,54.949],[69.23,54.949],[69.23,54.949],[69.23,54.949],[69.229,54.9485],[69.2289,54.9485],[69.2289,54.9485],[69.2289,54.9485],[69.2282,54.9482],[69.2282,54.9482],[69.2281,54.9481],[69.2281,54.9481],[69.2273,54.9477],[69.2273,54.9477],[69.2273,54.9476],[69.2272,54.9476],[69.2266,54.9471],[69.2266,54.9471],[69.2266,54.9471],[69.2266,54.9471],[69.2266,54.9471],[69.2266,54.9471],[69.2266,54.9471],[69.2258,54.9462],[69.2258,54.9462],[69.2258,54.9462],[69.2258,54.9461],[69.2247,54.944],[69.2247,54.944],[69.2247,54.944],[69.2247,54.9439],[69.2239,54.9419],[69.2239,54.9419],[69.2234,54.9406],[69.2234,54.9406],[69.2225,54.9385],[69.2225,54.9385],[69.2224,54.9382],[69.2224,54.9382],[69.2223,54.9379],[69.2223,54.9379],[69.2222,54.9377],[69.2222,54.9377],[69.2221,54.9376],[69.2221,54.9376],[69.222,54.9374],[69.222,54.9374],[69.2219,54.9373],[69.2219,54.9373],[69.2217,54.9371],[69.2217,54.9371],[69.2216,54.9369],[69.2216,54.9369],[69.2214,54.9368],[69.2214,54.9368],[69.2213,54.9366],[69.2212,54.9366],[69.2211,54.9364],[69.2211,54.9364],[69.2208,54.9362],[69.2208,54.9362],[69.2202,54.9359],[69.2202,54.9359],[69.2197,54.9356],[69.2197,54.9356],[69.2193,54.9354],[69.2193,54.9354],[69.2189,54.9352],[69.2189,54.9352],[69.2182,54.9349],[69.2182,54.9349],[69.1754,54.9183],[69.1752,54.9182],[69.1752,54.9182],[69.1751,54.9182],[69.175,54.9182],[69.1749,54.9182],[69.1748,54.9182],[69.1745,54.9183],[69.1745,54.9183],[69.1384,54.9268],[69.1383,54.9268],[69.1383,54.9268],[69.1382,54.9268],[69.1381,54.9269],[69.1381,54.9269],[69.1378,54.9269],[69.1378,54.9269],[69.1377,54.9269],[69.1376,54.9269],[69.1376,54.9269],[69.1371,54.9269],[69.1371,54.9269],[69.1371,54.9269],[69.1371,54.9269],[69.1371,54.9269],[69.137,54.9269],[69.137,54.9269],[69.137,54.9269],[69.1361,54.9288],[69.1358,54.9291],[69.1345,54.9323],[69.1391,54.9328],[69.1394,54.9329],[69.1396,54.9329],[69.1396,54.9329],[69.1397,54.9329],[69.1398,54.9329],[69.1399,54.933],[69.14,54.933],[69.1401,54.9331],[69.1402,54.9331],[69.1403,54.9331],[69.1429,54.9346],[69.143,54.9346],[69.1431,54.9345],[69.1431,54.9345],[69.1431,54.9345],[69.1432,54.9345],[69.1432,54.9345],[69.1432,54.9345],[69.1432,54.9345],[69.1432,54.9345],[69.1452,54.9341],[69.1453,54.934],[69.1453,54.934],[69.1453,54.934],[69.1454,54.934],[69.1454,54.934],[69.1454,54.934],[69.1454,54.934],[69.1454,54.934],[69.1454,54.934],[69.1455,54.9339],[69.1455,54.9339],[69.1456,54.9339],[69.1456,54.9339],[69.1464,54.9333],[69.1464,54.9333],[69.1466,54.9331],[69.1466,54.9331],[69.1467,54.9331],[69.1467,54.9331],[69.1467,54.9331],[69.1467,54.9331],[69.1471,54.9329],[69.1471,54.9329],[69.1471,54.9329],[69.1471,54.9329],[69.1472,54.9329],[69.1473,54.9329],[69.1473,54.9329],[69.1474,54.9329],[69.1474,54.9329],[69.1475,54.9328],[69.1475,54.9328],[69.1475,54.9328],[69.1475,54.9328],[69.1476,54.9328],[69.1476,54.9328],[69.1476,54.9328],[69.1476,54.9328],[69.1477,54.9328],[69.1477,54.9328],[69.1478,54.9328],[69.1478,54.9328],[69.1478,54.9328],[69.1479,54.9328],[69.1479,54.9328],[69.1479,54.9328],[69.148,54.9328],[69.148,54.9328],[69.148,54.9328],[69.1481,54.9328],[69.1481,54.9328],[69.1482,54.9328],[69.1482,54.9328],[69.1494,54.933],[69.1494,54.933],[69.1495,54.933],[69.1495,54.933],[69.1496,54.9331],[69.1497,54.9331],[69.1498,54.9332],[69.1498,54.9332],[69.1498,54.9333],[69.1499,54.9334],[69.1499,54.9334],[69.1498,54.9334],[69.1498,54.9335],[69.1498,54.9335],[69.1485,54.9361],[69.1484,54.9362],[69.1484,54.9362],[69.1484,54.9362],[69.1484,54.9365],[69.1483,54.9367],[69.1483,54.9367],[69.1483,54.9368],[69.1484,54.9369],[69.1484,54.937],[69.1484,54.9371],[69.1485,54.9372],[69.1486,54.9374],[69.1503,54.9405],[69.1504,54.9405],[69.1504,54.9406],[69.1504,54.9406],[69.1504,54.9406],[69.1503,54.9407],[69.1503,54.9408],[69.1502,54.9408],[69.1502,54.9408],[69.1502,54.9408],[69.1502,54.9408],[69.1502,54.9408],[69.1502,54.9409],[69.1501,54.9409],[69.1501,54.9409],[69.1501,54.9409],[69.15,54.9409],[69.15,54.9409],[69.1499,54.9409],[69.1499,54.9409],[69.1499,54.9409],[69.1498,54.941],[69.1498,54.941],[69.1497,54.941],[69.1497,54.941],[69.1497,54.941],[69.1496,54.941],[69.1314,54.9396],[69.1313,54.9398],[69.1306,54.9415],[69.1278,54.948],[69.1278,54.9481],[69.1251,54.9545],[69.1251,54.9546],[69.125,54.9547],[69.125,54.9549],[69.125,54.955],[69.125,54.9551],[69.125,54.9552],[69.1251,54.9553],[69.1251,54.9554],[69.1252,54.9555],[69.1253,54.9556],[69.1253,54.9557],[69.1253,54.9557],[69.1272,54.9582],[69.1274,54.9586],[69.1326,54.958],[69.1326,54.958],[69.1349,54.9578],[69.1392,54.9575],[69.1392,54.9575],[69.1415,54.9573],[69.1415,54.9573],[69.1427,54.9572],[69.1427,54.9572],[69.1446,54.957],[69.1446,54.957],[69.1457,54.9569],[69.1457,54.9569],[69.1511,54.9563],[69.1511,54.9563],[69.1512,54.9563],[69.1513,54.9564],[69.1513,54.9564],[69.1514,54.9564],[69.1514,54.9564],[69.1514,54.9565],[69.1523,54.9588],[69.1539,54.9632],[69.1539,54.9632],[69.1555,54.9676],[69.1555,54.9676],[69.1604,54.9736],[69.1604,54.9736],[69.1659,54.9802],[69.1659,54.9802],[69.166,54.9804]]],"type":"MultiLineString"},"geometry_name":"shape","id":"gp_red_lines.fid--7752831e_19fad8546bb_57d4","properties":{"area":2996.50321928662,"creation_doc_id":3586,"deactivation_doc_id":null,"id":2534857},"type":"Feature"},{"bbox":[69.0167,54.9055,69.1447,54.9946],"geometry":{"coordinates":[[[69.0168,54.9602],[69.0186,54.9701],[69.0191,54.9703],[69.0325,54.9704],[69.0326,54.9704],[69.0328,54.9704],[69.0328,54.9704],[69.0331,54.9704],[69.0331,54.9704],[69.0334,54.9704],[69.0334,54.9704],[69.0337,54.9704],[69.0337,54.9704],[69.034,54.9704],[69.034,54.9704],[69.0342,54.9704],[69.0343,54.9704],[69.0345,54.9704],[69.0345,54.9704],[69.0348,54.9705],[69.0348,54.9705],[69.0351,54.9705],[69.0351,54.9705],[69.0354,54.9705],[69.0354,54.9705],[69.0357,54.9705],[69.0357,54.9705],[69.0359,54.9706],[69.0359,54.9706],[69.0362,54.9706],[69.0362,54.9706],[69.0365,54.9706],[69.0365,54.9706],[69.0368,54.9707],[69.0368,54.9707],[69.037,54.9707],[69.037,54.9707],[69.0373,54.9708],[69.0373,54.9708],[69.0376,54.9708],[69.0376,54.9708],[69.0378,54.9709],[69.0379,54.9709],[69.0381,54.9709],[69.0381,54.9709],[69.0384,54.971],[69.0384,54.971],[69.0386,54.9711],[69.0387,54.9711],[69.0389,54.9711],[69.0389,54.9711],[69.0392,54.9712],[69.0392,54.9712],[69.0394,54.9713],[69.0394,54.9713],[69.0397,54.9713],[69.0397,54.9713],[69.0399,54.9714],[69.0399,54.9714],[69.0402,54.9715],[69.0402,54.9715],[69.0404,54.9716],[69.0404,54.9716],[69.0404,54.9716],[69.0407,54.9716],[69.0407,54.9716],[69.0409,54.9717],[69.0409,54.9717],[69.0412,54.9718],[69.0412,54.9718],[69.0414,54.9719],[69.0414,54.9719],[69.0416,54.972],[69.0416,54.972],[69.0419,54.9721],[69.0419,54.9721],[69.0421,54.9722],[69.0421,54.9722],[69.0423,54.9723],[69.0423,54.9723],[69.0425,54.9724],[69.0426,54.9724],[69.0428,54.9725],[69.0428,54.9725],[69.043,54.9726],[69.043,54.9726],[69.0432,54.9727],[69.0432,54.9727],[69.0434,54.9728],[69.0434,54.9728],[69.0436,54.9729],[69.0436,54.9729],[69.0438,54.973],[69.0438,54.973],[69.044,54.9732],[69.044,54.9732],[69.0442,54.9733],[69.0442,54.9733],[69.0444,54.9734],[69.0444,54.9734],[69.0446,54.9735],[69.0446,54.9735],[69.0506,54.9777],[69.0506,54.9778],[69.0506,54.9778],[69.0507,54.9778],[69.0508,54.9779],[69.0509,54.978],[69.051,54.9781],[69.0511,54.9781],[69.0513,54.9782],[69.0514,54.9783],[69.0515,54.9784],[69.0517,54.9784],[69.0518,54.9785],[69.0519,54.9786],[69.0521,54.9787],[69.0522,54.9787],[69.0524,54.9788],[69.0525,54.9789],[69.0526,54.979],[69.0528,54.979],[69.0529,54.9791],[69.0531,54.9792],[69.0532,54.9792],[69.0534,54.9793],[69.0535,54.9793],[69.0537,54.9794],[69.0538,54.9795],[69.054,54.9795],[69.0542,54.9796],[69.0543,54.9796],[69.0545,54.9797],[69.0546,54.9798],[69.0548,54.9798],[69.055,54.9799],[69.0551,54.9799],[69.0553,54.98],[69.0555,54.98],[69.0556,54.9801],[69.0558,54.9801],[69.056,54.9802],[69.0561,54.9802],[69.0563,54.9802],[69.0565,54.9803],[69.0567,54.9803],[69.0568,54.9804],[69.057,54.9804],[69.0572,54.9804],[69.0574,54.9805],[69.0575,54.9805],[69.0577,54.9805],[69.0579,54.9806],[69.058,54.9806],[69.058,54.9806],[69.0581,54.9806],[69.0583,54.9806],[69.0584,54.9807],[69.0584,54.9807],[69.1013,54.9891],[69.1015,54.9891],[69.123,54.9934],[69.1231,54.9935],[69.1253,54.9939],[69.1253,54.9939],[69.1258,54.994],[69.1261,54.994],[69.1274,54.9943],[69.1279,54.9943],[69.1281,54.9944],[69.1283,54.9944],[69.1285,54.9944],[69.1287,54.9944],[69.1288,54.9945],[69.129,54.9945],[69.1292,54.9945],[69.1294,54.9945],[69.1296,54.9945],[69.1298,54.9945],[69.13,54.9946],[69.1302,54.9946],[69.1304,54.9946],[69.1306,54.9946],[69.1308,54.9946],[69.1311,54.9946],[69.1313,54.9946],[69.1315,54.9946],[69.1317,54.9946],[69.1319,54.9946],[69.1321,54.9946],[69.1323,54.9946],[69.1325,54.9946],[69.1327,54.9946],[69.1329,54.9946],[69.1331,54.9946],[69.1333,54.9946],[69.1335,54.9946],[69.1337,54.9945],[69.1339,54.9945],[69.1341,54.9945],[69.1343,54.9945],[69.1345,54.9945],[69.1347,54.9944],[69.1349,54.9944],[69.1351,54.9944],[69.1352,54.9944],[69.1354,54.9943],[69.1356,54.9943],[69.1358,54.9943],[69.136,54.9942],[69.1362,54.9942],[69.1364,54.9942],[69.142,54.9928],[69.1422,54.9927],[69.1422,54.9927],[69.1422,54.9927],[69.1422,54.9927],[69.1423,54.9927],[69.1423,54.9927],[69.1423,54.9927],[69.1423,54.9927],[69.1423,54.9927],[69.1423,54.9927],[69.1423,54.9927],[69.1423,54.9927],[69.1423,54.9927],[69.1423,54.9927],[69.1423,54.9927],[69.1423,54.9927],[69.1423,54.9927],[69.1423,54.9927],[69.1423,54.9927],[69.1423,54.9927],[69.1423,54.9927],[69.1424,54.9926],[69.1424,54.9926],[69.1424,54.9926],[69.1424,54.9926],[69.1424,54.9926],[69.1424,54.9926],[69.1424,54.9926],[69.1424,54.9926],[69.1424,54.9926],[69.1424,54.9926],[69.1424,54.9926],[69.1424,54.9926],[69.1424,54.9926],[69.1424,54.9926],[69.1424,54.9926],[69.1424,54.9926],[69.1424,54.9926],[69.1424,54.9926],[69.1424,54.9926],[69.1424,54.9926],[69.1424,54.9926],[69.1424,54.9926],[69.1424,54.9926],[69.1425,54.9926],[69.1425,54.9926],[69.1425,54.9926],[69.1425,54.9926],[69.1425,54.9926],[69.1425,54.9926],[69.1425,54.9926],[69.1425,54.9926],[69.1425,54.9926],[69.1425,54.9926],[69.1425,54.9926],[69.1425,54.9926],[69.1425,54.9926],[69.1425,54.9925],[69.1425,54.9925],[69.1425,54.9925],[69.1425,54.9925],[69.1425,54.9925],[69.1425,54.9925],[69.1425,54.9925],[69.1425,54.9925],[69.1425,54.9925],[69.1425,54.9925],[69.1426,54.9925],[69.1426,54.9925],[69.1426,54.9925],[69.1426,54.9925],[69.1426,54.9925],[69.1426,54.9925],[69.1426,54.9925],[69.1426,54.9925],[69.1426,54.9925],[69.1426,54.9925],[69.1426,54.9925],[69.1426,54.9925],[69.1426,54.9925],[69.1426,54.9925],[69.1426,54.9925],[69.1426,54.9925],[69.1426,54.9925],[69.1426,54.9925],[69.1426,54.9925],[69.1426,54.9925],[69.1427,54.9925],[69.1427,54.9925],[69.1427,54.9925],[69.1427,54.9924],[69.1427,54.9924],[69.1427,54.9924],[69.1427,54.9924],[69.1427,54.9924],[69.1427,54.9924],[69.1427,54.9924],[69.1427,54.9924],[69.1427,54.9924],[69.1427,54.9924],[69.1427,54.9924],[69.1427,54.9924],[69.1427,54.9924],[69.1427,54.9924],[69.1427,54.9924],[69.1427,54.9924],[69.1428,54.9924],[69.1428,54.9924],[69.1428,54.9924],[69.1428,54.9924],[69.1428,54.9924],[69.1428,54.9924],[69.1428,54.9924],[69.1428,54.9924],[69.1428,54.9924],[69.1428,54.9924],[69.1428,54.9924],[69.1428,54.9924],[69.1428,54.9924],[69.1428,54.9923],[69.1428,54.9923],[69.1428,54.9923],[69.1428,54.9923],[69.1428,54.9923],[69.1428,54.9923],[69.1428,54.9923],[69.1428,54.9923],[69.1428,54.9923],[69.1428,54.9923],[69.1428,54.9923],[69.1428,54.9923],[69.1428,54.9923],[69.1428,54.9923],[69.1428,54.9923],[69.1428,54.9923],[69.1428,54.9923],[69.1429,54.9923],[69.1429,54.9923],[69.1429,54.9923],[69.1429,54.9923],[69.1429,54.9923],[69.1429,54.9923],[69.1429,54.9923],[69.1429,54.9923],[69.1429,54.9923],[69.1429,54.9923],[69.1429,54.9923],[69.1429,54.9922],[69.1429,54.9922],[69.1429,54.9922],[69.1429,54.9922],[69.1429,54.9922],[69.1429,54.9922],[69.1429,54.9922],[69.1429,54.9922],[69.1429,54.9922],[69.1429,54.9922],[69.1429,54.9922],[69.1429,54.9922],[69.1429,54.9922],[69.1429,54.9922],[69.1429,54.9922],[69.143,54.9922],[69.143,54.9922],[69.143,54.9922],[69.143,54.9922],[69.143,54.9922],[69.143,54.9922],[69.143,54.9922],[69.143,54.9922],[69.143,54.9922],[69.143,54.9922],[69.143,54.9922],[69.143,54.9922],[69.143,54.9922],[69.143,54.9922],[69.143,54.9922],[69.143,54.9922],[69.143,54.9922],[69.143,54.9922],[69.143,54.9922],[69.143,54.9922],[69.143,54.9922],[69.143,54.9922],[69.143,54.9922],[69.143,54.9922],[69.143,54.9922],[69.143,54.9922],[69.143,54.9922],[69.143,54.9922],[69.143,54.9921],[69.143,54.9921],[69.143,54.9921],[69.143,54.9921],[69.143,54.9921],[69.143,54.9921],[69.143,54.9921],[69.143,54.9921],[69.143,54.9921],[69.143,54.9921],[69.143,54.9921],[69.143,54.9921],[69.143,54.9921],[69.143,54.9921],[69.1431,54.9921],[69.1431,54.9921],[69.1431,54.9921],[69.1431,54.9921],[69.1431,54.9921],[69.1431,54.9921],[69.1431,54.9921],[69.1431,54.9921],[69.1431,54.9921],[69.1431,54.9921],[69.1431,54.9921],[69.1431,54.9921],[69.1431,54.9921],[69.1431,54.9921],[69.1431,54.9921],[69.1431,54.9921],[69.1431,54.9921],[69.1431,54.9921],[69.1431,54.9921],[69.1431,54.9921],[69.1431,54.9921],[69.1431,54.9921],[69.1431,54.9921],[69.1431,54.9921],[69.1431,54.9921],[69.1431,54.9921],[69.1431,54.9921],[69.1431,54.9921],[69.1431,54.9921],[69.1431,54.992],[69.1431,54.992],[69.1431,54.992],[69.1431,54.992],[69.1431,54.992],[69.1431,54.992],[69.1431,54.992],[69.1431,54.992],[69.1431,54.992],[69.1431,54.992],[69.1431,54.992],[69.1431,54.992],[69.1431,54.992],[69.1431,54.992],[69.1432,54.992],[69.1432,54.992],[69.1432,54.992],[69.1432,54.992],[69.1432,54.992],[69.1432,54.992],[69.1432,54.992],[69.1432,54.992],[69.1432,54.992],[69.1432,54.992],[69.1432,54.992],[69.1432,54.992],[69.1432,54.992],[69.1432,54.992],[69.1432,54.992],[69.1432,54.992],[69.1432,54.992],[69.1432,54.992],[69.1432,54.9919],[69.1432,54.9919],[69.1432,54.9919],[69.1432,54.9919],[69.1432,54.9919],[69.1432,54.9919],[69.1433,54.9919],[69.1433,54.9919],[69.1433,54.9919],[69.1433,54.9919],[69.1433,54.9919],[69.1433,54.9919],[69.1433,54.9919],[69.1433,54.9919],[69.1433,54.9919],[69.1433,54.9919],[69.1433,54.9919],[69.1433,54.9919],[69.1433,54.9918],[69.1433,54.9918],[69.1433,54.9918],[69.1433,54.9918],[69.1433,54.9918],[69.1433,54.9918],[69.1433,54.9918],[69.1433,54.9918],[69.1433,54.9918],[69.1433,54.9918],[69.1433,54.9918],[69.1433,54.9918],[69.1434,54.9918],[69.1434,54.9918],[69.1434,54.9918],[69.1434,54.9918],[69.1434,54.9918],[69.1434,54.9918],[69.1434,54.9917],[69.1434,54.9917],[69.1434,54.9917],[69.1434,54.9917],[69.1434,54.9917],[69.1434,54.9917],[69.1434,54.9917],[69.1434,54.9917],[69.1434,54.9917],[69.1434,54.9917],[69.1434,54.9917],[69.1434,54.9917],[69.1434,54.9917],[69.1434,54.9917],[69.1434,54.9917],[69.1434,54.9917],[69.1434,54.9917],[69.1434,54.9917],[69.1434,54.9917],[69.1434,54.9917],[69.1434,54.9917],[69.1434,54.9917],[69.1434,54.9917],[69.1435,54.9917],[69.1435,54.9917],[69.1435,54.9917],[69.1435,54.9917],[69.1435,54.9917],[69.1435,54.9916],[69.1435,54.9916],[69.1435,54.9916],[69.1435,54.9916],[69.1435,54.9916],[69.1435,54.9916],[69.1435,54.9916],[69.1435,54.9916],[69.1435,54.9916],[69.1435,54.9916],[69.1435,54.9916],[69.1435,54.9916],[69.1435,54.9916],[69.1435,54.9916],[69.1435,54.9916],[69.1435,54.9916],[69.1435,54.9916],[69.1435,54.9916],[69.1435,54.9916],[69.1435,54.9916],[69.1435,54.9916],[69.1435,54.9916],[69.1435,54.9916],[69.1435,54.9916],[69.1435,54.9915],[69.1435,54.9915],[69.1436,54.9915],[69.1436,54.9915],[69.1436,54.9915],[69.1436,54.9915],[69.1436,54.9915],[69.1436,54.9915],[69.1436,54.9915],[69.1436,54.9915],[69.1436,54.9915],[69.1436,54.9915],[69.1436,54.9915],[69.1436,54.9915],[69.1436,54.9915],[69.1436,54.9915],[69.1436,54.9915],[69.1436,54.9915],[69.1436,54.9915],[69.1436,54.9915],[69.1436,54.9915],[69.1436,54.9915],[69.1436,54.9915],[69.1436,54.9915],[69.1436,54.9915],[69.1436,54.9915],[69.1436,54.9915],[69.1436,54.9914],[69.1437,54.9914],[69.1437,54.9914],[69.1437,54.9914],[69.1437,54.9914],[69.1437,54.9914],[69.1437,54.9914],[69.1437,54.9914],[69.1437,54.9914],[69.1437,54.9914],[69.1437,54.9914],[69.1437,54.9914],[69.1437,54.9914],[69.1437,54.9914],[69.1437,54.9914],[69.1437,54.9914],[69.1437,54.9914],[69.1437,54.9914],[69.1437,54.9914],[69.1437,54.9913],[69.1437,54.9913],[69.1437,54.9913],[69.1437,54.9913],[69.1437,54.9913],[69.1438,54.9913],[69.1438,54.9913],[69.1438,54.9913],[69.1438,54.9913],[69.1438,54.9913],[69.1438,54.9913],[69.1438,54.9913],[69.1438,54.9913],[69.1438,54.9913],[69.1438,54.9913],[69.1438,54.9913],[69.1438,54.9913],[69.1438,54.9913],[69.1438,54.9913],[69.1438,54.9912],[69.1438,54.9912],[69.1438,54.9912],[69.1438,54.9912],[69.1438,54.9912],[69.1438,54.9912],[69.1438,54.9912],[69.1438,54.9912],[69.1438,54.9912],[69.1438,54.9912],[69.1438,54.9912],[69.1438,54.9912],[69.1438,54.9912],[69.1438,54.9912],[69.1438,54.9912],[69.1438,54.9912],[69.1438,54.9912],[69.1439,54.9912],[69.1439,54.9912],[69.1439,54.9912],[69.1439,54.9911],[69.1439,54.9911],[69.1439,54.9911],[69.1439,54.9911],[69.1439,54.9911],[69.1439,54.9911],[69.1439,54.9911],[69.1439,54.9911],[69.1439,54.9911],[69.1439,54.9911],[69.1439,54.9911],[69.1439,54.9911],[69.1439,54.9911],[69.1439,54.9911],[69.1439,54.9911],[69.1439,54.9911],[69.1439,54.9911],[69.1439,54.9911],[69.1439,54.9911],[69.1439,54.9911],[69.1439,54.9911],[69.1439,54.9911],[69.1439,54.9911],[69.1439,54.9911],[69.1439,54.9911],[69.1439,54.9911],[69.1439,54.9911],[69.144,54.9911],[69.144,54.991],[69.144,54.991],[69.144,54.991],[69.144,54.991],[69.144,54.991],[69.144,54.991],[69.144,54.991],[69.144,54.991],[69.144,54.991],[69.144,54.991],[69.144,54.991],[69.144,54.991],[69.144,54.991],[69.144,54.991],[69.144,54.991],[69.144,54.991],[69.144,54.991],[69.144,54.991],[69.144,54.991],[69.144,54.991],[69.144,54.991],[69.144,54.991],[69.144,54.991],[69.144,54.991],[69.144,54.991],[69.144,54.991],[69.144,54.991],[69.144,54.991],[69.144,54.9909],[69.144,54.9909],[69.1441,54.9909],[69.1441,54.9909],[69.1441,54.9909],[69.1441,54.9909],[69.1441,54.9909],[69.1441,54.9909],[69.1441,54.9909],[69.1441,54.9909],[69.1441,54.9909],[69.1441,54.9909],[69.1441,54.9909],[69.1441,54.9909],[69.1441,54.9909],[69.1441,54.9909],[69.1441,54.9909],[69.1441,54.9909],[69.1441,54.9909],[69.1441,54.9909],[69.1441,54.9909],[69.1441,54.9909],[69.1441,54.9909],[69.1441,54.9909],[69.1441,54.9909],[69.1441,54.9909],[69.1441,54.9909],[69.1441,54.9909],[69.1441,54.9909],[69.1441,54.9909],[69.1441,54.9909],[69.1441,54.9909],[69.1441,54.9909],[69.1441,54.9909],[69.1441,54.9909],[69.1441,54.9909],[69.1441,54.9909],[69.1441,54.9909],[69.1441,54.9909],[69.1441,54.9909],[69.1441,54.9909],[69.1441,54.9908],[69.1441,54.9908],[69.1441,54.9908],[69.1441,54.9908],[69.1441,54.9908],[69.1441,54.9908],[69.1441,54.9908],[69.1441,54.9908],[69.1441,54.9908],[69.1441,54.9908],[69.1442,54.9908],[69.1442,54.9908],[69.1442,54.9908],[69.1442,54.9908],[69.1442,54.9908],[69.1442,54.9908],[69.1442,54.9908],[69.1442,54.9908],[69.1442,54.9908],[69.1442,54.9908],[69.1442,54.9908],[69.1442,54.9908],[69.1442,54.9908],[69.1442,54.9908],[69.1442,54.9908],[69.1442,54.9908],[69.1442,54.9908],[69.1442,54.9908],[69.1442,54.9908],[69.1442,54.9908],[69.1442,54.9908],[69.1442,54.9908],[69.1442,54.9908],[69.1442,54.9908],[69.1442,54.9908],[69.1442,54.9908],[69.1442,54.9907],[69.1442,54.9907],[69.1442,54.9907],[69.1442,54.9907],[69.1442,54.9907],[69.1442,54.9907],[69.1442,54.9907],[69.1442,54.9907],[69.1442,54.9907],[69.1443,54.9907],[69.1443,54.9907],[69.1443,54.9907],[69.1443,54.9907],[69.1443,54.9907],[69.1443,54.9907],[69.1443,54.9907],[69.1443,54.9906],[69.1443,54.9906],[69.1443,54.9906],[69.1443,54.9906],[69.1443,54.9906],[69.1443,54.9906],[69.1443,54.9906],[69.1443,54.9906],[69.1443,54.9906],[69.1443,54.9906],[69.1443,54.9906],[69.1443,54.9906],[69.1443,54.9906],[69.1443,54.9906],[69.1443,54.9906],[69.1443,54.9906],[69.1443,54.9906],[69.1443,54.9906],[69.1443,54.9906],[69.1443,54.9906],[69.1443,54.9906],[69.1443,54.9906],[69.1443,54.9906],[69.1443,54.9906],[69.1443,54.9906],[69.1443,54.9906],[69.1443,54.9906],[69.1444,54.9906],[69.1444,54.9906],[69.1444,54.9906],[69.1444,54.9905],[69.1444,54.9905],[69.1444,54.9905],[69.1444,54.9905],[69.1444,54.9905],[69.1444,54.9905],[69.1444,54.9905],[69.1444,54.9905],[69.1444,54.9905],[69.1444,54.9905],[69.1444,54.9905],[69.1444,54.9905],[69.1444,54.9905],[69.1444,54.9905],[69.1444,54.9905],[69.1444,54.9905],[69.1444,54.9905],[69.1444,54.9905],[69.1444,54.9905],[69.1444,54.9905],[69.1444,54.9905],[69.1444,54.9904],[69.1444,54.9904],[69.1445,54.9904],[69.1445,54.9904],[69.1445,54.9904],[69.1445,54.9904],[69.1445,54.9904],[69.1445,54.9904],[69.1445,54.9904],[69.1445,54.9904],[69.1445,54.9904],[69.1445,54.9904],[69.1445,54.9904],[69.1445,54.9904],[69.1445,54.9904],[69.1445,54.9904],[69.1445,54.9903],[69.1445,54.9903],[69.1445,54.9903],[69.1445,54.9903],[69.1445,54.9903],[69.1445,54.9903],[69.1445,54.9903],[69.1445,54.9903],[69.1445,54.9903],[69.1445,54.9903],[69.1445,54.9903],[69.1445,54.9903],[69.1445,54.9903],[69.1445,54.9903],[69.1445,54.9903],[69.1446,54.9903],[69.1446,54.9903],[69.1446,54.9902],[69.1446,54.9902],[69.1446,54.9902],[69.1446,54.9902],[69.1446,54.9902],[69.1446,54.9902],[69.1446,54.9902],[69.1446,54.9902],[69.1446,54.9902],[69.1446,54.9902],[69.1446,54.9902],[69.1446,54.9902],[69.1446,54.9902],[69.1446,54.9902],[69.1446,54.9902],[69.1446,54.9902],[69.1446,54.9902],[69.1446,54.9902],[69.1446,54.9902],[69.1446,54.9902],[69.1446,54.9902],[69.1446,54.9902],[69.1446,54.9902],[69.1446,54.9902],[69.1446,54.9902],[69.1446,54.9902],[69.1446,54.9902],[69.1446,54.9901],[69.1446,54.9901],[69.1446,54.9901],[69.1446,54.9901],[69.1446,54.9901],[69.1446,54.9901],[69.1446,54.9901],[69.1446,54.9901],[69.1446,54.9901],[69.1447,54.9901],[69.1447,54.9901],[69.1447,54.9901],[69.1447,54.9901],[69.1447,54.9901],[69.1447,54.9901],[69.1447,54.9901],[69.1447,54.9901],[69.1447,54.9901],[69.1447,54.9901],[69.1447,54.9901],[69.1447,54.99],[69.1447,54.99],[69.1447,54.99],[69.1447,54.99],[69.1447,54.99],[69.1447,54.99],[69.1447,54.99],[69.1447,54.99],[69.1447,54.99],[69.1447,54.99],[69.1447,54.99],[69.1447,54.99],[69.1447,54.9899],[69.1447,54.9899],[69.1447,54.9899],[69.1447,54.9899],[69.1447,54.9899],[69.1447,54.9899],[69.1447,54.9899],[69.1447,54.9899],[69.1447,54.9899],[69.1447,54.9899],[69.1447,54.9899],[69.1447,54.9899],[69.1447,54.9899],[69.1447,54.9899],[69.1447,54.9898],[69.1447,54.9898],[69.1447,54.9898],[69.1447,54.9898],[69.1447,54.9896],[69.1437,54.9872],[69.1437,54.9872],[69.143,54.9856],[69.1343,54.9875],[69.1342,54.9874],[69.1321,54.9842],[69.1315,54.9834],[69.1315,54.9834],[69.1304,54.9816],[69.1295,54.9801],[69.1292,54.9798],[69.1278,54.9785],[69.1278,54.9785],[69.1267,54.9779],[69.1265,54.9778],[69.1255,54.9773],[69.1254,54.9772],[69.1254,54.9772],[69.1248,54.9763],[69.1248,54.9763],[69.1248,54.9762],[69.125,54.9761],[69.125,54.9761],[69.1375,54.9733],[69.1375,54.9733],[69.1365,54.972],[69.1223,54.9753],[69.1222,54.9753],[69.1222,54.9753],[69.1221,54.9753],[69.1221,54.9754],[69.122,54.9754],[69.122,54.9754],[69.1219,54.9754],[69.1219,54.9754],[69.1219,54.9754],[69.1218,54.9754],[69.1217,54.9754],[69.1217,54.9754],[69.1217,54.9754],[69.1217,54.9754],[69.1216,54.9754],[69.1216,54.9754],[69.1215,54.9754],[69.1215,54.9754],[69.1214,54.9754],[69.1214,54.9754],[69.1213,54.9754],[69.1213,54.9754],[69.1212,54.9753],[69.1212,54.9753],[69.1211,54.9753],[69.1211,54.9753],[69.121,54.9753],[69.121,54.9753],[69.1209,54.9753],[69.1209,54.9753],[69.1209,54.9753],[69.1208,54.9752],[69.1208,54.9752],[69.1208,54.9752],[69.1207,54.9752],[69.1207,54.9752],[69.1207,54.9752],[69.1206,54.9751],[69.1206,54.9751],[69.1205,54.9751],[69.1205,54.9751],[69.1205,54.9751],[69.1205,54.975],[69.1204,54.975],[69.1204,54.975],[69.1204,54.975],[69.1203,54.9749],[69.1203,54.9749],[69.1203,54.9749],[69.1203,54.9749],[69.1203,54.9749],[69.1203,54.9748],[69.1202,54.9748],[69.1202,54.9748],[69.1202,54.9748],[69.1202,54.9747],[69.1202,54.9747],[69.1202,54.9747],[69.1201,54.9746],[69.1201,54.9746],[69.1201,54.9746],[69.1201,54.9746],[69.1196,54.9714],[69.1196,54.9714],[69.1192,54.9692],[69.1192,54.9692],[69.1192,54.9691],[69.1192,54.9691],[69.1192,54.9691],[69.1192,54.9691],[69.1192,54.969],[69.1192,54.969],[69.1192,54.969],[69.1192,54.9689],[69.1192,54.9689],[69.1192,54.9688],[69.1192,54.9688],[69.1193,54.9688],[69.1193,54.9687],[69.1193,54.9687],[69.1193,54.9687],[69.1193,54.9686],[69.1194,54.9686],[69.1194,54.9686],[69.1194,54.9685],[69.1195,54.9685],[69.1195,54.9685],[69.1195,54.9685],[69.1195,54.9684],[69.1196,54.9684],[69.1196,54.9684],[69.1196,54.9684],[69.1197,54.9683],[69.1197,54.9683],[69.1198,54.9683],[69.1198,54.9682],[69.1199,54.9682],[69.1199,54.9682],[69.12,54.9682],[69.12,54.9681],[69.1201,54.9681],[69.1201,54.9681],[69.1202,54.9681],[69.1202,54.9681],[69.1202,54.9681],[69.1203,54.968],[69.1203,54.968],[69.1204,54.968],[69.1204,54.968],[69.1205,54.968],[69.1206,54.968],[69.1207,54.9679],[69.1207,54.9679],[69.1208,54.9679],[69.1208,54.9679],[69.1209,54.9679],[69.1209,54.9679],[69.121,54.9679],[69.1211,54.9679],[69.1217,54.9679],[69.1218,54.9679],[69.1219,54.9678],[69.1219,54.9678],[69.122,54.9678],[69.1221,54.9678],[69.1221,54.9678],[69.1222,54.9678],[69.1222,54.9678],[69.1223,54.9677],[69.1223,54.9677],[69.1224,54.9677],[69.1225,54.9676],[69.1229,54.9673],[69.1229,54.9673],[69.123,54.9673],[69.123,54.9672],[69.1232,54.9672],[69.1232,54.9672],[69.1233,54.9671],[69.1234,54.9671],[69.1235,54.967],[69.1235,54.967],[69.1237,54.967],[69.1237,54.9669],[69.1238,54.9669],[69.1239,54.9669],[69.124,54.9668],[69.1241,54.9668],[69.1242,54.9668],[69.1243,54.9668],[69.1244,54.9668],[69.1244,54.9667],[69.1246,54.9667],[69.1247,54.9667],[69.1248,54.9667],[69.1249,54.9667],[69.125,54.9667],[69.1251,54.9667],[69.1252,54.9667],[69.1253,54.9667],[69.1254,54.9667],[69.1254,54.9667],[69.1255,54.9667],[69.1256,54.9667],[69.1257,54.9667],[69.1259,54.9667],[69.1259,54.9667],[69.1259,54.9667],[69.1259,54.9667],[69.1259,54.9666],[69.1258,54.9666],[69.1258,54.9666],[69.1244,54.9651],[69.1244,54.9651],[69.1244,54.9651],[69.1244,54.9651],[69.1244,54.9651],[69.1244,54.965],[69.1244,54.965],[69.1244,54.965],[69.1241,54.9645],[69.1241,54.9645],[69.1241,54.9645],[69.1241,54.9645],[69.124,54.9644],[69.124,54.9644],[69.124,54.9644],[69.124,54.9644],[69.124,54.9644],[69.124,54.9644],[69.124,54.9643],[69.124,54.9643],[69.124,54.9643],[69.124,54.9643],[69.124,54.9643],[69.1241,54.9643],[69.1241,54.9643],[69.1241,54.9642],[69.1241,54.9642],[69.1241,54.9642],[69.1241,54.9642],[69.1241,54.9642],[69.1247,54.9633],[69.1232,54.9615],[69.1231,54.9615],[69.1231,54.9615],[69.1231,54.9615],[69.1231,54.9615],[69.123,54.9615],[69.123,54.9615],[69.123,54.9615],[69.123,54.9615],[69.1229,54.9615],[69.1229,54.9615],[69.1229,54.9615],[69.1229,54.9615],[69.1229,54.9615],[69.1228,54.9615],[69.1228,54.9615],[69.1228,54.9615],[69.1228,54.9615],[69.1228,54.9615],[69.1227,54.9614],[69.1227,54.9614],[69.1227,54.9614],[69.1227,54.9614],[69.1226,54.9614],[69.1226,54.9614],[69.1226,54.9614],[69.1226,54.9614],[69.1226,54.9613],[69.1226,54.9613],[69.1225,54.9613],[69.1225,54.9613],[69.1225,54.9613],[69.1225,54.9613],[69.1225,54.9613],[69.122,54.9607],[69.122,54.9607],[69.1215,54.9597],[69.1215,54.9597],[69.1215,54.9597],[69.1215,54.9597],[69.1215,54.9597],[69.1215,54.9597],[69.1215,54.9597],[69.1215,54.9596],[69.1215,54.9596],[69.1215,54.9596],[69.1215,54.9596],[69.1214,54.9596],[69.1214,54.9596],[69.1215,54.9595],[69.1215,54.9595],[69.1215,54.9595],[69.1215,54.9595],[69.1215,54.9595],[69.1215,54.9595],[69.1215,54.9594],[69.1215,54.9594],[69.1215,54.9594],[69.1215,54.9594],[69.1215,54.9594],[69.1215,54.9594],[69.1215,54.9593],[69.1216,54.9593],[69.1216,54.9593],[69.1216,54.9593],[69.1216,54.9593],[69.1216,54.9593],[69.1216,54.9593],[69.1216,54.9593],[69.1216,54.9592],[69.1217,54.9592],[69.1217,54.9592],[69.1217,54.9592],[69.1217,54.9592],[69.1217,54.9592],[69.1218,54.9592],[69.1218,54.9591],[69.1218,54.9591],[69.1218,54.9591],[69.1219,54.9591],[69.1219,54.9591],[69.1219,54.9591],[69.1219,54.9591],[69.1219,54.9591],[69.122,54.9591],[69.122,54.9591],[69.122,54.9591],[69.1221,54.9591],[69.1221,54.959],[69.1221,54.959],[69.1222,54.959],[69.1222,54.959],[69.1249,54.9588],[69.1266,54.9586],[69.1263,54.9582],[69.1246,54.9558],[69.1245,54.9558],[69.1245,54.9558],[69.1244,54.9557],[69.1244,54.9557],[69.1243,54.9555],[69.1243,54.9555],[69.1243,54.9554],[69.1243,54.9554],[69.1242,54.9553],[69.1242,54.9553],[69.1242,54.9552],[69.1242,54.9551],[69.1242,54.955],[69.1242,54.955],[69.1242,54.955],[69.1242,54.9549],[69.1242,54.9548],[69.1242,54.9548],[69.1242,54.9548],[69.1242,54.9547],[69.1242,54.9547],[69.1243,54.9546],[69.1243,54.9546],[69.1243,54.9544],[69.1243,54.9544],[69.126,54.9503],[69.1287,54.944],[69.1304,54.9401],[69.1306,54.9395],[69.1283,54.9392],[69.1283,54.9392],[69.1282,54.9392],[69.1282,54.9392],[69.1282,54.9392],[69.1281,54.9392],[69.128,54.9392],[69.128,54.9392],[69.128,54.9392],[69.1279,54.9391],[69.1279,54.9391],[69.1279,54.9391],[69.1278,54.9391],[69.1278,54.9391],[69.1278,54.9391],[69.1276,54.939],[69.1276,54.939],[69.1276,54.9389],[69.1275,54.9388],[69.1274,54.9388],[69.1274,54.9386],[69.1274,54.9386],[69.1274,54.9386],[69.1279,54.9363],[69.1255,54.9363],[69.1255,54.9363],[69.1238,54.9364],[69.1237,54.9364],[69.1237,54.9364],[69.121,54.9361],[69.121,54.936],[69.1198,54.9359],[69.1198,54.9359],[69.1198,54.9359],[69.1195,54.9359],[69.1194,54.9359],[69.1185,54.936],[69.1184,54.9358],[69.1193,54.9356],[69.1194,54.9356],[69.1199,54.9356],[69.1199,54.9356],[69.1211,54.9358],[69.1211,54.9358],[69.1237,54.9361],[69.1238,54.9361],[69.1238,54.9361],[69.1254,54.9361],[69.1255,54.9361],[69.1279,54.936],[69.1279,54.936],[69.1279,54.936],[69.128,54.9354],[69.128,54.9353],[69.128,54.9353],[69.128,54.9353],[69.1278,54.9334],[69.1278,54.9334],[69.1279,54.9333],[69.128,54.9333],[69.1281,54.9333],[69.1305,54.9333],[69.1307,54.9332],[69.1307,54.9332],[69.1307,54.9332],[69.1308,54.9332],[69.1308,54.9332],[69.1309,54.9332],[69.1309,54.9332],[69.131,54.9332],[69.131,54.9331],[69.1311,54.9331],[69.1311,54.9331],[69.1312,54.9331],[69.1313,54.933],[69.1321,54.9324],[69.1321,54.9323],[69.1321,54.9323],[69.1321,54.9323],[69.1328,54.9318],[69.1328,54.9318],[69.1328,54.9318],[69.1328,54.9318],[69.1329,54.9317],[69.1329,54.9317],[69.1329,54.9317],[69.1329,54.9317],[69.133,54.9317],[69.133,54.9317],[69.133,54.9317],[69.133,54.9317],[69.133,54.9317],[69.133,54.9317],[69.133,54.9317],[69.1331,54.9317],[69.1331,54.9316],[69.1331,54.9316],[69.1331,54.9316],[69.1331,54.9316],[69.1332,54.9316],[69.1332,54.9316],[69.1332,54.9316],[69.1332,54.9316],[69.1333,54.9316],[69.1333,54.9316],[69.1333,54.9316],[69.1334,54.9316],[69.134,54.9315],[69.135,54.929],[69.135,54.929],[69.1349,54.9286],[69.1357,54.9267],[69.1316,54.9258],[69.1316,54.9258],[69.1316,54.9258],[69.1297,54.9254],[69.1225,54.9243],[69.1225,54.9243],[69.1224,54.9241],[69.1207,54.9238],[69.1205,54.9239],[69.1205,54.9239],[69.1141,54.9229],[69.1141,54.9229],[69.1141,54.9229],[69.114,54.9228],[69.1139,54.9228],[69.1139,54.9228],[69.1139,54.9228],[69.1137,54.9227],[69.0985,54.9158],[69.0984,54.9158],[69.0969,54.9151],[69.0966,54.915],[69.0961,54.9147],[69.0959,54.9147],[69.0956,54.9145],[69.0956,54.9145],[69.0949,54.9142],[69.0949,54.9142],[69.0943,54.9139],[69.0943,54.9139],[69.0936,54.9136],[69.0936,54.9136],[69.0932,54.9135],[69.0932,54.9135],[69.0927,54.9133],[69.0927,54.9133],[69.0922,54.9131],[69.0922,54.9131],[69.0917,54.9129],[69.0917,54.9129],[69.091,54.9127],[69.091,54.9127],[69.09,54.9124],[69.09,54.9124],[69.0866,54.9113],[69.0866,54.9113],[69.0854,54.9109],[69.0854,54.9109],[69.085,54.9108],[69.085,54.9108],[69.0849,54.9108],[69.0843,54.9106],[69.084,54.9105],[69.084,54.9105],[69.0836,54.9103],[69.0835,54.9103],[69.083,54.9101],[69.0816,54.9095],[69.0816,54.9095],[69.0806,54.9091],[69.0778,54.9079],[69.0778,54.9079],[69.0732,54.9061],[69.071,54.9055],[69.071,54.9055],[69.071,54.9055],[69.071,54.9055],[69.071,54.9055],[69.0707,54.9056],[69.0707,54.9056],[69.0706,54.9056],[69.0706,54.9056],[69.0697,54.9059],[69.0696,54.9059],[69.0696,54.9059],[69.0696,54.9059],[69.0696,54.9059],[69.0696,54.9059],[69.0696,54.9059],[69.069,54.9061],[69.069,54.9062],[69.0689,54.9062],[69.0689,54.9062],[69.0682,54.9064],[69.0682,54.9064],[69.0682,54.9064],[69.0682,54.9064],[69.0671,54.9066],[69.0671,54.9066],[69.0671,54.9066],[69.0671,54.9066],[69.0666,54.9068],[69.0666,54.9068],[69.0665,54.9068],[69.0665,54.9068],[69.0661,54.9069],[69.0661,54.9069],[69.0661,54.9069],[69.0661,54.9069],[69.0661,54.9069],[69.0658,54.9069],[69.0656,54.907],[69.0656,54.907],[69.0656,54.907],[69.0656,54.907],[69.0651,54.907],[69.0651,54.907],[69.0651,54.907],[69.0651,54.907],[69.0651,54.907],[69.0644,54.9072],[69.0644,54.9072],[69.064,54.9072],[69.064,54.9072],[69.0639,54.9073],[69.0639,54.9073],[69.0637,54.9073],[69.0635,54.9073],[69.0634,54.9073],[69.0634,54.9073],[69.0634,54.9073],[69.0631,54.9073],[69.0631,54.9073],[69.0631,54.9073],[69.0631,54.9073],[69.0631,54.9073],[69.063,54.9073],[69.0626,54.9074],[69.0625,54.9074],[69.0625,54.9074],[69.0625,54.9074],[69.0625,54.9074],[69.0625,54.9074],[69.0173,54.9105],[69.017,54.9107],[69.0168,54.945],[69.0168,54.9451],[69.0167,54.9586],[69.0168,54.9602]]],"type":"MultiLineString"},"geometry_name":"shape","id":"gp_red_lines.fid--7752831e_19fad8546bb_57d5","properties":{"area":5583.18747702258,"creation_doc_id":3586,"deactivation_doc_id":null,"id":2534878},"type":"Feature"},{"bbox":[69.1076,54.8614,69.1105,54.8721],"geometry":{"coordinates":[[[69.1105,54.8658],[69.1105,54.8658],[69.1105,54.8658],[69.1105,54.8658],[69.1105,54.8655],[69.1105,54.8655],[69.1105,54.8655],[69.1105,54.8655],[69.1105,54.8655],[69.1105,54.8655],[69.1105,54.8655],[69.1105,54.8655],[69.1105,54.8653],[69.1105,54.8652],[69.1105,54.8652],[69.1105,54.8652],[69.1105,54.8652],[69.1105,54.8652],[69.1105,54.8652],[69.1105,54.8652],[69.1104,54.8651],[69.1104,54.8651],[69.1104,54.865],[69.1104,54.865],[69.1104,54.865],[69.1104,54.865],[69.1104,54.8648],[69.1104,54.8648],[69.1104,54.8646],[69.1104,54.8646],[69.1104,54.8646],[69.1104,54.8646],[69.1104,54.8646],[69.1104,54.8646],[69.1104,54.8646],[69.1103,54.8646],[69.1103,54.8645],[69.1103,54.8645],[69.1103,54.8645],[69.1103,54.8645],[69.1103,54.8645],[69.1103,54.8645],[69.1103,54.8645],[69.1103,54.8644],[69.1103,54.8643],[69.1102,54.8643],[69.1102,54.8643],[69.1102,54.8643],[69.1102,54.8643],[69.1102,54.8642],[69.1102,54.8642],[69.1102,54.8642],[69.1101,54.864],[69.1101,54.864],[69.1101,54.864],[69.1101,54.864],[69.1101,54.864],[69.1101,54.8639],[69.1101,54.8639],[69.1101,54.8639],[69.11,54.8637],[69.11,54.8637],[69.11,54.8637],[69.11,54.8637],[69.11,54.8636],[69.11,54.8636],[69.11,54.8636],[69.11,54.8636],[69.1098,54.8634],[69.1098,54.8634],[69.1098,54.8634],[69.1098,54.8634],[69.1098,54.8633],[69.1098,54.8633],[69.1096,54.863],[69.1096,54.8629],[69.1096,54.8629],[69.1095,54.8628],[69.1095,54.8627],[69.1095,54.8627],[69.1095,54.8626],[69.1095,54.8625],[69.1095,54.8625],[69.1095,54.8624],[69.1095,54.8623],[69.1095,54.8623],[69.1095,54.8622],[69.1096,54.8621],[69.1096,54.862],[69.1096,54.862],[69.1097,54.8619],[69.1097,54.8618],[69.1098,54.8618],[69.1093,54.8615],[69.1093,54.8615],[69.1092,54.8615],[69.1092,54.8615],[69.1091,54.8614],[69.109,54.8614],[69.109,54.8614],[69.1089,54.8614],[69.1089,54.8614],[69.1088,54.8614],[69.1088,54.8614],[69.1087,54.8614],[69.1086,54.8614],[69.1086,54.8614],[69.1085,54.8614],[69.1082,54.8614],[69.1082,54.8615],[69.1084,54.862],[69.1084,54.862],[69.1085,54.8621],[69.1086,54.8624],[69.1086,54.8624],[69.1086,54.8624],[69.1086,54.8624],[69.109,54.863],[69.109,54.863],[69.109,54.863],[69.109,54.863],[69.1093,54.8634],[69.1093,54.8634],[69.1093,54.8635],[69.1093,54.8635],[69.1094,54.8637],[69.1094,54.8637],[69.1094,54.8638],[69.1094,54.8638],[69.1095,54.864],[69.1095,54.864],[69.1095,54.864],[69.1096,54.864],[69.1097,54.8643],[69.1097,54.8643],[69.1097,54.8643],[69.1097,54.8643],[69.1097,54.8645],[69.1097,54.8645],[69.1097,54.8645],[69.1097,54.8645],[69.1098,54.8646],[69.1098,54.8646],[69.1098,54.8647],[69.1098,54.8647],[69.1098,54.8648],[69.1099,54.8651],[69.1099,54.8651],[69.1099,54.8651],[69.1099,54.8651],[69.1099,54.8652],[69.1099,54.8652],[69.1099,54.8653],[69.1099,54.8653],[69.1099,54.8655],[69.1099,54.8655],[69.1099,54.8655],[69.1099,54.8655],[69.1099,54.8658],[69.1099,54.8658],[69.1099,54.8658],[69.1099,54.8658],[69.1098,54.8663],[69.1098,54.8663],[69.1098,54.8665],[69.1098,54.8669],[69.1097,54.8676],[69.1097,54.8676],[69.1097,54.8676],[69.1097,54.8676],[69.1097,54.868],[69.1097,54.868],[69.1097,54.868],[69.1097,54.8681],[69.1096,54.8683],[69.1096,54.8683],[69.1096,54.8683],[69.1096,54.8684],[69.1094,54.8687],[69.1094,54.8687],[69.1094,54.8687],[69.1094,54.8687],[69.1094,54.8688],[69.1094,54.8688],[69.1094,54.8688],[69.1094,54.8688],[69.1092,54.8692],[69.1092,54.8692],[69.1092,54.8692],[69.1092,54.8692],[69.109,54.8695],[69.109,54.8695],[69.109,54.8695],[69.109,54.8695],[69.1076,54.8719],[69.1081,54.8721],[69.1096,54.8696],[69.1096,54.8696],[69.1096,54.8696],[69.1096,54.8696],[69.1096,54.8696],[69.1098,54.8693],[69.1098,54.8693],[69.1098,54.8693],[69.1098,54.8693],[69.1098,54.8693],[69.1098,54.8693],[69.1098,54.8693],[69.1098,54.8693],[69.1099,54.8689],[69.1099,54.8689],[69.1099,54.8689],[69.1099,54.8689],[69.1099,54.8689],[69.1099,54.8689],[69.1099,54.8689],[69.1099,54.8689],[69.11,54.8688],[69.11,54.8688],[69.11,54.8688],[69.11,54.8688],[69.11,54.8688],[69.11,54.8687],[69.11,54.8687],[69.11,54.8687],[69.1101,54.8684],[69.1101,54.8684],[69.1101,54.8684],[69.1101,54.8684],[69.1101,54.8684],[69.1102,54.8684],[69.1102,54.8684],[69.1102,54.8684],[69.1102,54.8681],[69.1102,54.8681],[69.1102,54.8681],[69.1102,54.8681],[69.1103,54.8681],[69.1103,54.868],[69.1103,54.868],[69.1103,54.8677],[69.1103,54.8677],[69.1103,54.8677],[69.1103,54.8676],[69.1103,54.8676],[69.1103,54.8676],[69.1103,54.8676],[69.1103,54.8676],[69.1104,54.8669],[69.1104,54.8669],[69.1104,54.8669],[69.1104,54.8665],[69.1104,54.8663],[69.1104,54.8663],[69.1104,54.8663],[69.1105,54.8659],[69.1105,54.8659],[69.1105,54.8659],[69.1105,54.8659],[69.1105,54.8658]]],"type":"MultiLineString"},"geometry_name":"shape","id":"gp_red_lines.fid--7752831e_19fad8546bb_57d6","properties":{"area":null,"creation_doc_id":3586,"deactivation_doc_id":null,"id":2574751},"type":"Feature"},{"bbox":[69.1085,54.8669,69.1184,54.8738],"geometry":{"coordinates":[[[69.1184,54.8694],[69.1141,54.8671],[69.114,54.867],[69.114,54.867],[69.114,54.867],[69.114,54.867],[69.114,54.867],[69.114,54.867],[69.114,54.867],[69.114,54.867],[69.114,54.867],[69.114,54.867],[69.114,54.867],[69.1139,54.867],[69.1139,54.867],[69.1139,54.867],[69.1139,54.867],[69.1139,54.867],[69.1139,54.867],[69.1139,54.867],[69.1139,54.867],[69.1139,54.867],[69.1139,54.867],[69.1138,54.867],[69.1138,54.867],[69.1138,54.867],[69.1138,54.867],[69.1138,54.867],[69.1138,54.867],[69.1138,54.867],[69.1138,54.867],[69.1138,54.8669],[69.1138,54.8669],[69.1138,54.8669],[69.1138,54.8669],[69.1137,54.8669],[69.1137,54.8669],[69.1137,54.8669],[69.1137,54.8669],[69.1137,54.8669],[69.1137,54.8669],[69.1137,54.8669],[69.1137,54.8669],[69.1136,54.8669],[69.1136,54.8669],[69.1136,54.8669],[69.1136,54.8669],[69.1136,54.8669],[69.1136,54.8669],[69.1136,54.8669],[69.1136,54.8669],[69.1136,54.8669],[69.1135,54.8669],[69.1135,54.8669],[69.1135,54.8669],[69.1135,54.8669],[69.1135,54.8669],[69.1135,54.8669],[69.1135,54.8669],[69.1135,54.8669],[69.1135,54.8669],[69.1135,54.8669],[69.1134,54.8669],[69.1134,54.8669],[69.1134,54.8669],[69.1134,54.8669],[69.1134,54.8669],[69.1109,54.8669],[69.1109,54.8676],[69.1109,54.8676],[69.1109,54.8676],[69.1109,54.8676],[69.1109,54.8676],[69.1109,54.8677],[69.1109,54.8677],[69.1109,54.8677],[69.1108,54.8681],[69.1108,54.8681],[69.1108,54.8681],[69.1108,54.8681],[69.1108,54.8681],[69.1108,54.8681],[69.1108,54.8682],[69.1108,54.8682],[69.1108,54.8682],[69.1107,54.8685],[69.1107,54.8685],[69.1107,54.8685],[69.1107,54.8685],[69.1107,54.8685],[69.1107,54.8685],[69.1107,54.8685],[69.1107,54.8685],[69.1106,54.8688],[69.1106,54.8688],[69.1106,54.8688],[69.1106,54.8688],[69.1105,54.8688],[69.1105,54.8689],[69.1105,54.8689],[69.1105,54.8689],[69.1105,54.869],[69.1105,54.869],[69.1105,54.869],[69.1105,54.869],[69.1105,54.869],[69.1105,54.869],[69.1105,54.869],[69.1105,54.869],[69.1103,54.8693],[69.1103,54.8693],[69.1103,54.8693],[69.1103,54.8693],[69.1103,54.8693],[69.1103,54.8694],[69.1103,54.8694],[69.1103,54.8694],[69.1101,54.8697],[69.1101,54.8697],[69.1101,54.8697],[69.1101,54.8697],[69.1101,54.8697],[69.1101,54.8697],[69.1101,54.8697],[69.1101,54.8697],[69.1101,54.8697],[69.1085,54.8724],[69.1112,54.8738],[69.1184,54.8694]]],"type":"MultiLineString"},"geometry_name":"shape","id":"gp_red_lines.fid--7752831e_19fad8546bb_57d7","properties":{"area":null,"creation_doc_id":3586,"deactivation_doc_id":null,"id":2574752},"type":"Feature"},{"bbox":[69.1116,54.8696,69.122,54.8758],"geometry":{"coordinates":[[[69.122,54.8714],[69.1188,54.8696],[69.1116,54.8741],[69.1149,54.8758],[69.122,54.8714]]],"type":"MultiLineString"},"geometry_name":"shape","id":"gp_red_lines.fid--7752831e_19fad8546bb_57d8","properties":{"area":null,"creation_doc_id":3586,"deactivation_doc_id":null,"id":2574753},"type":"Feature"},{"bbox":[69.1154,54.8717,69.1259,54.8776],"geometry":{"coordinates":[[[69.1259,54.8735],[69.1226,54.8717],[69.1226,54.8717],[69.1154,54.8761],[69.1175,54.8773],[69.1176,54.8773],[69.1176,54.8774],[69.1177,54.8774],[69.1177,54.8774],[69.1177,54.8774],[69.1177,54.8774],[69.1177,54.8774],[69.1177,54.8774],[69.1177,54.8774],[69.1178,54.8774],[69.1178,54.8775],[69.1178,54.8775],[69.1179,54.8775],[69.1179,54.8775],[69.1179,54.8775],[69.1179,54.8775],[69.1179,54.8775],[69.1179,54.8775],[69.118,54.8776],[69.1218,54.8752],[69.1219,54.8752],[69.1219,54.8752],[69.1238,54.8748],[69.1238,54.8748],[69.1259,54.8735]]],"type":"MultiLineString"},"geometry_name":"shape","id":"gp_red_lines.fid--7752831e_19fad8546bb_57d9","properties":{"area":null,"creation_doc_id":3586,"deactivation_doc_id":null,"id":2574754},"type":"Feature"},{"bbox":[69.1192,54.8679,69.1248,54.8711],"geometry":{"coordinates":[[[69.1248,54.8697],[69.1215,54.8679],[69.1192,54.8693],[69.1225,54.8711],[69.1248,54.8697]]],"type":"MultiLineString"},"geometry_name":"shape","id":"gp_red_lines.fid--7752831e_19fad8546bb_57da","properties":{"area":null,"creation_doc_id":3586,"deactivation_doc_id":null,"id":2574755},"type":"Feature"},{"bbox":[69.1155,54.866,69.1211,54.8691],"geometry":{"coordinates":[[[69.1211,54.8677],[69.1178,54.866],[69.1155,54.8674],[69.1188,54.8691],[69.1211,54.8677]]],"type":"MultiLineString"},"geometry_name":"shape","id":"gp_red_lines.fid--7752831e_19fad8546bb_57db","properties":{"area":null,"creation_doc_id":3586,"deactivation_doc_id":null,"id":2574756},"type":"Feature"},{"bbox":[69.122,54.8661,69.1276,54.8693],"geometry":{"coordinates":[[[69.1276,54.8679],[69.1243,54.8661],[69.122,54.8676],[69.1253,54.8693],[69.1276,54.8679]]],"type":"MultiLineString"},"geometry_name":"shape","id":"gp_red_lines.fid--7752831e_19fad8546bb_57dc","properties":{"area":null,"creation_doc_id":3586,"deactivation_doc_id":null,"id":2574757},"type":"Feature"},{"bbox":[69.1183,54.8642,69.1239,54.8674],"geometry":{"coordinates":[[[69.1239,54.8659],[69.1206,54.8642],[69.1183,54.8656],[69.1216,54.8674],[69.1239,54.8659]]],"type":"MultiLineString"},"geometry_name":"shape","id":"gp_red_lines.fid--7752831e_19fad8546bb_57dd","properties":{"area":null,"creation_doc_id":3586,"deactivation_doc_id":null,"id":2574758},"type":"Feature"},{"bbox":[69.11,54.862,69.1173,54.8671],"geometry":{"coordinates":[[[69.1173,54.8657],[69.1102,54.862],[69.1102,54.862],[69.1101,54.8621],[69.1101,54.8622],[69.1101,54.8622],[69.11,54.8623],[69.11,54.8624],[69.11,54.8625],[69.11,54.8625],[69.11,54.8626],[69.11,54.8627],[69.1101,54.8628],[69.1101,54.8628],[69.1101,54.8629],[69.1103,54.8632],[69.1103,54.8632],[69.1103,54.8632],[69.1104,54.8633],[69.1104,54.8633],[69.1104,54.8633],[69.1104,54.8633],[69.1104,54.8633],[69.1104,54.8633],[69.1105,54.8636],[69.1105,54.8636],[69.1105,54.8636],[69.1105,54.8636],[69.1105,54.8636],[69.1105,54.8636],[69.1105,54.8636],[69.1105,54.8636],[69.1106,54.8639],[69.1106,54.8639],[69.1106,54.8639],[69.1107,54.8639],[69.1107,54.8639],[69.1107,54.8639],[69.1107,54.8639],[69.1107,54.8639],[69.1108,54.8642],[69.1108,54.8642],[69.1108,54.8642],[69.1108,54.8642],[69.1108,54.8642],[69.1108,54.8642],[69.1108,54.8642],[69.1108,54.8642],[69.1108,54.8644],[69.1108,54.8644],[69.1108,54.8644],[69.1108,54.8644],[69.1109,54.8644],[69.1109,54.8644],[69.1109,54.8644],[69.1109,54.8644],[69.1109,54.8645],[69.1109,54.8645],[69.1109,54.8645],[69.1109,54.8646],[69.1109,54.8646],[69.1109,54.8646],[69.1109,54.8646],[69.1109,54.8646],[69.1109,54.8647],[69.1109,54.8647],[69.111,54.865],[69.111,54.865],[69.111,54.865],[69.111,54.865],[69.111,54.865],[69.111,54.865],[69.111,54.865],[69.111,54.865],[69.111,54.8651],[69.111,54.8652],[69.111,54.8652],[69.111,54.8652],[69.111,54.8652],[69.111,54.8652],[69.111,54.8652],[69.111,54.8652],[69.111,54.8653],[69.111,54.8655],[69.111,54.8655],[69.111,54.8655],[69.111,54.8655],[69.111,54.8655],[69.111,54.8655],[69.111,54.8655],[69.111,54.8655],[69.111,54.8658],[69.111,54.8658],[69.111,54.8658],[69.111,54.8658],[69.111,54.8659],[69.111,54.8659],[69.111,54.8659],[69.111,54.8659],[69.111,54.8663],[69.111,54.8663],[69.111,54.8663],[69.111,54.8665],[69.1134,54.8665],[69.1134,54.8665],[69.1134,54.8665],[69.1134,54.8665],[69.1135,54.8665],[69.1135,54.8665],[69.1135,54.8665],[69.1135,54.8665],[69.1135,54.8665],[69.1135,54.8665],[69.1136,54.8665],[69.1136,54.8665],[69.1136,54.8665],[69.1136,54.8666],[69.1136,54.8666],[69.1136,54.8666],[69.1137,54.8666],[69.1137,54.8666],[69.1137,54.8666],[69.1137,54.8666],[69.1137,54.8666],[69.1137,54.8666],[69.1137,54.8666],[69.1138,54.8666],[69.1138,54.8666],[69.1138,54.8666],[69.1138,54.8666],[69.1138,54.8666],[69.1138,54.8666],[69.1139,54.8666],[69.1139,54.8666],[69.1139,54.8666],[69.1139,54.8666],[69.1139,54.8666],[69.1139,54.8666],[69.1139,54.8666],[69.114,54.8666],[69.114,54.8666],[69.114,54.8666],[69.114,54.8666],[69.114,54.8666],[69.114,54.8666],[69.114,54.8666],[69.114,54.8666],[69.1141,54.8666],[69.1141,54.8666],[69.1141,54.8666],[69.1141,54.8666],[69.1141,54.8666],[69.1141,54.8666],[69.1141,54.8666],[69.1141,54.8666],[69.1142,54.8667],[69.1142,54.8667],[69.1142,54.8667],[69.1142,54.8667],[69.1142,54.8667],[69.1142,54.8667],[69.1142,54.8667],[69.1143,54.8667],[69.1143,54.8667],[69.1143,54.8667],[69.1143,54.8667],[69.1143,54.8667],[69.1143,54.8667],[69.1143,54.8667],[69.1143,54.8667],[69.1143,54.8667],[69.1144,54.8667],[69.1144,54.8667],[69.1144,54.8667],[69.1144,54.8667],[69.1144,54.8668],[69.1144,54.8668],[69.1144,54.8668],[69.1144,54.8668],[69.1144,54.8668],[69.1144,54.8668],[69.1144,54.8668],[69.1145,54.8668],[69.1145,54.8668],[69.1145,54.8668],[69.1145,54.8668],[69.1151,54.8671],[69.1173,54.8657]]],"type":"MultiLineString"},"geometry_name":"shape","id":"gp_red_lines.fid--7752831e_19fad8546bb_57de","properties":{"area":null,"creation_doc_id":3586,"deactivation_doc_id":null,"id":2574759},"type":"Feature"},{"bbox":[69.1107,54.8597,69.1202,54.8654],"geometry":{"coordinates":[[[69.1202,54.8639],[69.1146,54.8609],[69.1139,54.8597],[69.1107,54.8617],[69.1107,54.8617],[69.1178,54.8654],[69.1202,54.8639]]],"type":"MultiLineString"},"geometry_name":"shape","id":"gp_red_lines.fid--7752831e_19fad8546bb_57df","properties":{"area":null,"creation_doc_id":3586,"deactivation_doc_id":null,"id":2574760},"type":"Feature"},{"bbox":[69.1143,54.8567,69.1257,54.8636],"geometry":{"coordinates":[[[69.1257,54.8604],[69.1187,54.8567],[69.1143,54.8594],[69.1151,54.8607],[69.1206,54.8636],[69.1257,54.8604]]],"type":"MultiLineString"},"geometry_name":"shape","id":"gp_red_lines.fid--7752831e_19fad8546bb_57e0","properties":{"area":null,"creation_doc_id":3586,"deactivation_doc_id":null,"id":2574761},"type":"Feature"},{"bbox":[69.1136,54.8511,69.1225,54.8561],"geometry":{"coordinates":[[[69.1225,54.8537],[69.1191,54.8519],[69.1173,54.8511],[69.1136,54.8534],[69.1187,54.8561],[69.1225,54.8537]]],"type":"MultiLineString"},"geometry_name":"shape","id":"gp_red_lines.fid--7752831e_19fad8546bb_57e1","properties":{"area":null,"creation_doc_id":3586,"deactivation_doc_id":null,"id":2574762},"type":"Feature"},{"bbox":[69.1098,54.8537,69.1182,54.859],"geometry":{"coordinates":[[[69.1182,54.8564],[69.1131,54.8537],[69.1098,54.8558],[69.113,54.8575],[69.1133,54.8577],[69.1133,54.8577],[69.1134,54.8577],[69.1134,54.8578],[69.1141,54.859],[69.1182,54.8564]]],"type":"MultiLineString"},"geometry_name":"shape","id":"gp_red_lines.fid--7752831e_19fad8546bb_57e2","properties":{"area":null,"creation_doc_id":3586,"deactivation_doc_id":null,"id":2574763},"type":"Feature"},{"bbox":[69.1027,54.8526,69.1136,54.8614],"geometry":{"coordinates":[[[69.1029,54.8526],[69.1028,54.8528],[69.1028,54.8528],[69.1027,54.8528],[69.1027,54.8528],[69.1027,54.8528],[69.1027,54.8528],[69.1027,54.8528],[69.1027,54.8528],[69.1027,54.8528],[69.1027,54.8529],[69.1027,54.8529],[69.1027,54.8529],[69.1027,54.8529],[69.1027,54.8529],[69.1027,54.8529],[69.1027,54.8529],[69.1027,54.8529],[69.1027,54.8529],[69.1027,54.853],[69.1027,54.853],[69.1027,54.853],[69.1027,54.853],[69.1027,54.853],[69.1027,54.853],[69.1027,54.853],[69.1027,54.8531],[69.1027,54.8531],[69.1027,54.8531],[69.1027,54.8531],[69.1027,54.8531],[69.1027,54.8531],[69.1027,54.8531],[69.1027,54.8531],[69.1027,54.8532],[69.1027,54.8532],[69.1027,54.8532],[69.1027,54.8532],[69.1027,54.8532],[69.1027,54.8532],[69.1027,54.8532],[69.1027,54.8532],[69.1027,54.8532],[69.1028,54.8533],[69.1028,54.8533],[69.1028,54.8533],[69.1031,54.8536],[69.1046,54.855],[69.1046,54.855],[69.1046,54.855],[69.1054,54.8557],[69.1054,54.8557],[69.1054,54.8557],[69.1054,54.8557],[69.1054,54.8557],[69.1054,54.8557],[69.1054,54.8557],[69.1057,54.856],[69.1057,54.856],[69.1057,54.856],[69.1057,54.856],[69.1061,54.8565],[69.1062,54.8565],[69.1062,54.8565],[69.1062,54.8565],[69.1064,54.8568],[69.1064,54.8568],[69.1064,54.8568],[69.1064,54.8568],[69.1067,54.8572],[69.1067,54.8572],[69.1067,54.8572],[69.1067,54.8572],[69.1069,54.8576],[69.1069,54.8576],[69.1072,54.858],[69.1072,54.858],[69.1072,54.858],[69.1072,54.858],[69.1077,54.8587],[69.1077,54.8587],[69.1077,54.8587],[69.1077,54.8587],[69.1078,54.859],[69.1078,54.859],[69.1078,54.859],[69.1078,54.859],[69.1079,54.8592],[69.1079,54.8592],[69.1079,54.8592],[69.1079,54.8592],[69.1079,54.8593],[69.1079,54.8593],[69.1079,54.8594],[69.1079,54.8594],[69.108,54.8596],[69.108,54.8596],[69.108,54.8596],[69.108,54.8596],[69.1081,54.86],[69.1081,54.86],[69.1081,54.86],[69.1081,54.8601],[69.1081,54.8604],[69.1081,54.8604],[69.1081,54.8604],[69.1081,54.8604],[69.1081,54.8606],[69.1081,54.8606],[69.1081,54.8609],[69.1084,54.8609],[69.1085,54.8609],[69.1086,54.8609],[69.1087,54.8609],[69.1088,54.8609],[69.1089,54.8609],[69.1089,54.8609],[69.109,54.8609],[69.1091,54.8609],[69.1092,54.861],[69.1093,54.861],[69.1093,54.861],[69.1094,54.861],[69.1095,54.861],[69.1096,54.8611],[69.1096,54.8611],[69.1097,54.8611],[69.1098,54.8611],[69.1098,54.8612],[69.1103,54.8614],[69.1136,54.8593],[69.1128,54.8579],[69.1029,54.8526]]],"type":"MultiLineString"},"geometry_name":"shape","id":"gp_red_lines.fid--7752831e_19fad8546bb_57e3","properties":{"area":null,"creation_doc_id":3586,"deactivation_doc_id":null,"id":2574764},"type":"Feature"},{"bbox":[69.1033,54.8499,69.1126,54.8556],"geometry":{"coordinates":[[[69.1033,54.8524],[69.1093,54.8556],[69.1126,54.8535],[69.1126,54.8535],[69.106,54.8499],[69.106,54.8499],[69.106,54.8499],[69.106,54.8499],[69.106,54.85],[69.1055,54.8506],[69.1055,54.8506],[69.1055,54.8506],[69.1055,54.8506],[69.1053,54.8508],[69.1053,54.8508],[69.1053,54.8508],[69.1053,54.8508],[69.1053,54.8508],[69.1053,54.8508],[69.1053,54.8509],[69.1053,54.8509],[69.1051,54.851],[69.1051,54.851],[69.1051,54.851],[69.1051,54.851],[69.1051,54.851],[69.1049,54.8512],[69.1049,54.8512],[69.1049,54.8512],[69.1048,54.8512],[69.1044,54.8515],[69.1044,54.8515],[69.1044,54.8515],[69.1044,54.8515],[69.1036,54.8521],[69.1036,54.8521],[69.1036,54.8521],[69.1033,54.8524]]],"type":"MultiLineString"},"geometry_name":"shape","id":"gp_red_lines.fid--7752831e_19fad8546bb_57e4","properties":{"area":null,"creation_doc_id":3586,"deactivation_doc_id":null,"id":2574765},"type":"Feature"},{"bbox":[69.1065,54.8485,69.1169,54.8531],"geometry":{"coordinates":[[[69.1169,54.8509],[69.1169,54.8509],[69.113,54.849],[69.1129,54.8489],[69.1129,54.8489],[69.1127,54.8489],[69.1124,54.8489],[69.1115,54.8488],[69.1115,54.8488],[69.11,54.8487],[69.1094,54.8487],[69.1091,54.8486],[69.1086,54.8486],[69.1074,54.8485],[69.1073,54.8485],[69.1073,54.8485],[69.1068,54.8488],[69.1067,54.8491],[69.1065,54.8496],[69.1131,54.8531],[69.1169,54.8509]]],"type":"MultiLineString"},"geometry_name":"shape","id":"gp_red_lines.fid--7752831e_19fad8546bb_57e5","properties":{"area":null,"creation_doc_id":3586,"deactivation_doc_id":null,"id":2574766},"type":"Feature"},{"bbox":[69.1198,54.8095,69.1233,54.8248],"geometry":{"coordinates":[[[69.1198,54.8095],[69.1199,54.8098],[69.1199,54.8098],[69.1229,54.8189],[69.123,54.8192],[69.123,54.8192],[69.123,54.8194],[69.1231,54.8198],[69.1232,54.8201],[69.1233,54.8206],[69.1233,54.8209],[69.1233,54.8213],[69.1233,54.8216],[69.123,54.8239],[69.123,54.8239],[69.1229,54.8239],[69.1229,54.8239],[69.1229,54.8239],[69.1229,54.8239],[69.1229,54.8239],[69.1228,54.8239],[69.1228,54.8239],[69.1228,54.8239],[69.1228,54.824],[69.1227,54.824],[69.1227,54.824],[69.1227,54.824],[69.1226,54.824],[69.1226,54.824],[69.1226,54.824],[69.1226,54.824],[69.1225,54.8239],[69.1225,54.8239],[69.1225,54.8239],[69.1225,54.8239],[69.1224,54.8239],[69.1224,54.8239],[69.1223,54.8239],[69.1223,54.8239],[69.122,54.8238],[69.122,54.8242],[69.122,54.8242],[69.122,54.8242],[69.1222,54.8243],[69.1223,54.8244],[69.1224,54.8244],[69.1225,54.8245],[69.1225,54.8245],[69.1226,54.8246],[69.1227,54.8246],[69.1227,54.8247],[69.1228,54.8247],[69.1228,54.8248],[69.1228,54.8248]]],"type":"MultiLineString"},"geometry_name":"shape","id":"gp_red_lines.fid--7752831e_19fad8546bb_57e6","properties":{"area":null,"creation_doc_id":3586,"deactivation_doc_id":null,"id":2574767},"type":"Feature"},{"bbox":[69.1407,54.8258,69.1872,54.8397],"geometry":{"coordinates":[[[69.1872,54.8283],[69.1729,54.826],[69.1727,54.826],[69.1726,54.826],[69.1724,54.826],[69.1722,54.826],[69.1721,54.8259],[69.1719,54.8259],[69.1717,54.8259],[69.1716,54.8259],[69.1715,54.8259],[69.1713,54.8259],[69.1711,54.8259],[69.171,54.8259],[69.1708,54.8259],[69.1706,54.8259],[69.1704,54.8258],[69.1703,54.8258],[69.1701,54.8258],[69.1699,54.8258],[69.1698,54.8258],[69.1696,54.8258],[69.1695,54.8258],[69.1693,54.8258],[69.1692,54.8258],[69.169,54.8258],[69.1688,54.8258],[69.1687,54.8259],[69.1685,54.8259],[69.1683,54.8259],[69.1682,54.8259],[69.168,54.8259],[69.1678,54.8259],[69.1677,54.8259],[69.1676,54.8259],[69.1674,54.8259],[69.1672,54.826],[69.1671,54.826],[69.1669,54.826],[69.1667,54.826],[69.1666,54.826],[69.1664,54.826],[69.1662,54.8261],[69.1661,54.8261],[69.1659,54.8261],[69.1658,54.8261],[69.1656,54.8262],[69.1655,54.8262],[69.1653,54.8262],[69.1652,54.8262],[69.165,54.8263],[69.1648,54.8263],[69.1648,54.8263],[69.1445,54.8303],[69.1444,54.8303],[69.1441,54.8304],[69.1441,54.8304],[69.1438,54.8304],[69.1438,54.8304],[69.1435,54.8304],[69.1435,54.8304],[69.1432,54.8305],[69.1432,54.8305],[69.143,54.8305],[69.1429,54.8305],[69.1427,54.8305],[69.1426,54.8305],[69.1424,54.8305],[69.1424,54.8305],[69.1423,54.8305],[69.142,54.8306],[69.1417,54.8307],[69.1415,54.8308],[69.1414,54.8309],[69.1412,54.831],[69.1411,54.831],[69.141,54.8311],[69.141,54.8312],[69.1409,54.8312],[69.1408,54.8313],[69.1408,54.8314],[69.1407,54.8315],[69.1407,54.8316],[69.1407,54.8316],[69.1407,54.8318],[69.1407,54.8319],[69.1407,54.8319],[69.1407,54.832],[69.1407,54.8321],[69.1408,54.8322],[69.1408,54.8323],[69.1409,54.8323],[69.1409,54.8324],[69.141,54.8324],[69.141,54.8325],[69.1412,54.8326],[69.1412,54.8326],[69.1415,54.8328],[69.1439,54.8338],[69.1451,54.8342],[69.1451,54.8342],[69.1554,54.8379],[69.1556,54.8377],[69.156,54.8375],[69.1561,54.8373],[69.1562,54.8373],[69.1562,54.8373],[69.1564,54.8371],[69.1565,54.8371],[69.1567,54.8369],[69.1568,54.8369],[69.1571,54.8368],[69.1571,54.8368],[69.1571,54.8368],[69.1573,54.8367],[69.1574,54.8367],[69.1576,54.8366],[69.1577,54.8366],[69.1581,54.8366],[69.1581,54.8366],[69.1584,54.8366],[69.1584,54.8366],[69.1599,54.8365],[69.16,54.8365],[69.16,54.8365],[69.1603,54.8365],[69.1603,54.8365],[69.1607,54.8366],[69.1607,54.8366],[69.1612,54.8367],[69.1612,54.8367],[69.1713,54.8397],[69.1713,54.8397],[69.1714,54.8396],[69.1714,54.8396],[69.1714,54.8395],[69.1715,54.8394],[69.1715,54.8394],[69.1716,54.8394],[69.1716,54.8393],[69.1716,54.8393],[69.1717,54.8392],[69.1718,54.8392],[69.1718,54.8391],[69.1719,54.8391],[69.172,54.839],[69.1721,54.839],[69.1724,54.8389],[69.1724,54.8389],[69.1725,54.8388],[69.1728,54.8388],[69.1729,54.8388],[69.183,54.8371],[69.1831,54.8371],[69.1831,54.8371],[69.1832,54.8371],[69.1832,54.837],[69.1833,54.837],[69.1833,54.8369],[69.1872,54.8283]]],"type":"MultiLineString"},"geometry_name":"shape","id":"gp_red_lines.fid--7752831e_19fad8546bb_57e7","properties":{"area":null,"creation_doc_id":3586,"deactivation_doc_id":null,"id":2574768},"type":"Feature"},{"bbox":[69.172,54.8382,69.1792,54.8415],"geometry":{"coordinates":[[[69.1792,54.8382],[69.173,54.8392],[69.1728,54.8393],[69.1727,54.8393],[69.1726,54.8394],[69.1725,54.8394],[69.1725,54.8394],[69.1725,54.8394],[69.1724,54.8395],[69.1723,54.8396],[69.1722,54.8396],[69.1722,54.8396],[69.1722,54.8397],[69.1721,54.8398],[69.172,54.8399],[69.172,54.8399],[69.177,54.8413],[69.1776,54.8415],[69.1777,54.8415],[69.1792,54.8382]]],"type":"MultiLineString"},"geometry_name":"shape","id":"gp_red_lines.fid--7752831e_19fad8546bb_57e8","properties":{"area":null,"creation_doc_id":3586,"deactivation_doc_id":null,"id":2574769},"type":"Feature"},{"bbox":[69.1541,54.837,69.1711,54.8469],"geometry":{"coordinates":[[[69.1711,54.8401],[69.1607,54.8371],[69.1604,54.837],[69.1602,54.837],[69.16,54.837],[69.1599,54.837],[69.1596,54.837],[69.1588,54.837],[69.1586,54.837],[69.1585,54.837],[69.1584,54.837],[69.1582,54.837],[69.1579,54.8371],[69.1577,54.8371],[69.1576,54.8371],[69.1575,54.8372],[69.1573,54.8372],[69.1572,54.8373],[69.157,54.8374],[69.157,54.8374],[69.1568,54.8375],[69.1568,54.8376],[69.1567,54.8377],[69.1567,54.8378],[69.1566,54.8379],[69.1566,54.8383],[69.1565,54.8386],[69.1565,54.8391],[69.1565,54.8391],[69.1564,54.8394],[69.1564,54.8394],[69.1541,54.8456],[69.164,54.8467],[69.164,54.8467],[69.1687,54.8469],[69.1692,54.8432],[69.1692,54.8432],[69.1692,54.8432],[69.1711,54.8401]]],"type":"MultiLineString"},"geometry_name":"shape","id":"gp_red_lines.fid--7752831e_19fad8546bb_57e9","properties":{"area":null,"creation_doc_id":3586,"deactivation_doc_id":null,"id":2574770},"type":"Feature"},{"bbox":[69.1356,54.8301,69.1407,54.8321],"geometry":{"coordinates":[[[69.1407,54.8306],[69.1406,54.8306],[69.1406,54.8306],[69.1403,54.8306],[69.1403,54.8306],[69.14,54.8306],[69.14,54.8306],[69.1397,54.8306],[69.1397,54.8306],[69.1394,54.8306],[69.1394,54.8306],[69.1391,54.8305],[69.1391,54.8305],[69.1388,54.8305],[69.1388,54.8305],[69.1385,54.8305],[69.1385,54.8305],[69.1382,54.8305],[69.1382,54.8305],[69.1379,54.8304],[69.1379,54.8304],[69.1376,54.8304],[69.1376,54.8304],[69.1374,54.8304],[69.1373,54.8304],[69.1371,54.8303],[69.137,54.8303],[69.1368,54.8303],[69.1368,54.8303],[69.1365,54.8303],[69.1365,54.8303],[69.1362,54.8302],[69.1362,54.8302],[69.1359,54.8302],[69.1359,54.8302],[69.1356,54.8301],[69.1356,54.8301],[69.1358,54.8302],[69.1366,54.8306],[69.1371,54.8308],[69.1384,54.8314],[69.1399,54.8321],[69.1399,54.8321],[69.1399,54.832],[69.1399,54.832],[69.1399,54.8319],[69.1399,54.8319],[69.1399,54.8317],[69.1399,54.8317],[69.1399,54.8317],[69.1399,54.8317],[69.1399,54.8316],[69.1399,54.8316],[69.1399,54.8315],[69.1399,54.8315],[69.14,54.8314],[69.14,54.8313],[69.14,54.8312],[69.14,54.8312],[69.1401,54.8311],[69.1401,54.8311],[69.1402,54.8311],[69.1402,54.831],[69.1403,54.8309],[69.1403,54.8309],[69.1403,54.8309],[69.1404,54.8309],[69.1404,54.8309],[69.1405,54.8308],[69.1405,54.8308],[69.1406,54.8307],[69.1406,54.8307],[69.1407,54.8306]]],"type":"MultiLineString"},"geometry_name":"shape","id":"gp_red_lines.fid--7752831e_19fad8546bb_57ea","properties":{"area":null,"creation_doc_id":3586,"deactivation_doc_id":null,"id":2574771},"type":"Feature"},{"bbox":[69.1061,54.8258,69.1512,54.8535],"geometry":{"coordinates":[[[69.136,54.8525],[69.1355,54.852],[69.1355,54.852],[69.1354,54.852],[69.1354,54.852],[69.1354,54.852],[69.1341,54.8512],[69.1341,54.8512],[69.1341,54.8511],[69.1341,54.8511],[69.134,54.8511],[69.134,54.8511],[69.134,54.8511],[69.1339,54.8511],[69.1339,54.8511],[69.1339,54.851],[69.1338,54.851],[69.1338,54.851],[69.1338,54.851],[69.1337,54.851],[69.1337,54.851],[69.1337,54.851],[69.1336,54.8509],[69.1336,54.8509],[69.1336,54.8509],[69.1335,54.8509],[69.1335,54.8509],[69.1335,54.8509],[69.1335,54.8509],[69.1334,54.8509],[69.1334,54.8509],[69.1333,54.8508],[69.1333,54.8508],[69.1333,54.8508],[69.1332,54.8508],[69.1332,54.8508],[69.1332,54.8508],[69.1331,54.8508],[69.1331,54.8508],[69.133,54.8508],[69.133,54.8508],[69.1329,54.8508],[69.1329,54.8507],[69.1329,54.8507],[69.1328,54.8507],[69.1328,54.8507],[69.1328,54.8507],[69.1327,54.8507],[69.1327,54.8507],[69.1326,54.8507],[69.1326,54.8507],[69.1325,54.8507],[69.1325,54.8507],[69.1325,54.8507],[69.1324,54.8507],[69.1324,54.8507],[69.1324,54.8507],[69.1323,54.8507],[69.1323,54.8507],[69.1322,54.8507],[69.1322,54.8507],[69.1321,54.8507],[69.1321,54.8507],[69.132,54.8507],[69.132,54.8507],[69.1319,54.8507],[69.1319,54.8507],[69.1319,54.8507],[69.1319,54.8507],[69.1318,54.8507],[69.1318,54.8507],[69.1317,54.8507],[69.1317,54.8507],[69.1316,54.8507],[69.1316,54.8507],[69.1315,54.8507],[69.1315,54.8507],[69.1315,54.8507],[69.1314,54.8507],[69.1314,54.8507],[69.1314,54.8507],[69.1313,54.8508],[69.1313,54.8508],[69.1312,54.8508],[69.1312,54.8508],[69.1311,54.8508],[69.1311,54.8508],[69.1311,54.8508],[69.131,54.8508],[69.131,54.8508],[69.131,54.8508],[69.1309,54.8509],[69.1309,54.8509],[69.1308,54.8509],[69.1308,54.8509],[69.1308,54.8509],[69.1308,54.8509],[69.1307,54.8509],[69.1307,54.8509],[69.1307,54.8509],[69.1306,54.8509],[69.1306,54.851],[69.1305,54.851],[69.1305,54.851],[69.1305,54.851],[69.1305,54.851],[69.1304,54.851],[69.1304,54.851],[69.1304,54.851],[69.1303,54.8511],[69.13,54.8512],[69.1299,54.8513],[69.1299,54.8513],[69.1298,54.8513],[69.1297,54.8514],[69.1296,54.8514],[69.1296,54.8514],[69.1295,54.8515],[69.1294,54.8515],[69.1293,54.8516],[69.1292,54.8516],[69.1292,54.8516],[69.1291,54.8517],[69.129,54.8517],[69.1289,54.8517],[69.1288,54.8518],[69.1288,54.8518],[69.1287,54.8518],[69.1286,54.8518],[69.1285,54.8519],[69.1284,54.8519],[69.1283,54.8519],[69.1283,54.852],[69.1282,54.852],[69.1281,54.852],[69.128,54.8521],[69.1279,54.8521],[69.1278,54.8521],[69.1277,54.8521],[69.1277,54.8522],[69.1276,54.8522],[69.1275,54.8522],[69.1274,54.8522],[69.1273,54.8523],[69.1272,54.8523],[69.1271,54.8523],[69.127,54.8523],[69.1269,54.8524],[69.1268,54.8524],[69.1268,54.8524],[69.1267,54.8524],[69.1266,54.8524],[69.1265,54.8525],[69.1264,54.8525],[69.1263,54.8525],[69.1262,54.8525],[69.1261,54.8525],[69.126,54.8526],[69.1259,54.8526],[69.1258,54.8526],[69.1257,54.8526],[69.1257,54.8526],[69.1246,54.8528],[69.1246,54.8528],[69.1246,54.8528],[69.1246,54.8528],[69.1246,54.8528],[69.1245,54.8528],[69.1245,54.8528],[69.1245,54.8528],[69.1245,54.8528],[69.1245,54.8528],[69.1245,54.8529],[69.1244,54.8529],[69.1244,54.8529],[69.1244,54.8529],[69.1244,54.8529],[69.1244,54.8529],[69.1244,54.8529],[69.1244,54.8529],[69.1244,54.8529],[69.1243,54.8529],[69.1243,54.8529],[69.1243,54.8529],[69.1243,54.8529],[69.1243,54.8529],[69.1242,54.8529],[69.1242,54.8529],[69.1242,54.8529],[69.1242,54.8529],[69.1242,54.8529],[69.1242,54.8529],[69.1241,54.8529],[69.1241,54.8529],[69.1241,54.8529],[69.1241,54.853],[69.1241,54.853],[69.124,54.853],[69.124,54.853],[69.124,54.853],[69.124,54.853],[69.1239,54.853],[69.1239,54.853],[69.1239,54.853],[69.1239,54.853],[69.1239,54.853],[69.1239,54.853],[69.1239,54.853],[69.1239,54.853],[69.1239,54.853],[69.1238,54.853],[69.1238,54.853],[69.1238,54.853],[69.1238,54.853],[69.1238,54.853],[69.1237,54.8531],[69.1237,54.8531],[69.1237,54.8531],[69.1237,54.8531],[69.1237,54.8531],[69.1237,54.8531],[69.1236,54.8531],[69.1236,54.8531],[69.1236,54.8531],[69.1236,54.8531],[69.1236,54.8531],[69.1236,54.8531],[69.1235,54.8531],[69.1235,54.8532],[69.1235,54.8532],[69.1235,54.8532],[69.1235,54.8532],[69.1235,54.8532],[69.1235,54.8532],[69.1235,54.8532],[69.1234,54.8532],[69.1234,54.8532],[69.1234,54.8532],[69.1234,54.8532],[69.1234,54.8532],[69.1233,54.8532],[69.1233,54.8532],[69.1233,54.8533],[69.1233,54.8533],[69.1232,54.8533],[69.1232,54.8533],[69.1232,54.8533],[69.1232,54.8533],[69.1232,54.8533],[69.1232,54.8533],[69.1231,54.8533],[69.1231,54.8534],[69.1231,54.8534],[69.1231,54.8534],[69.1229,54.8535],[69.1195,54.8516],[69.1195,54.8516],[69.1195,54.8516],[69.1177,54.8508],[69.1133,54.8487],[69.1132,54.8486],[69.1132,54.8486],[69.1132,54.8486],[69.1131,54.8486],[69.1131,54.8486],[69.1131,54.8486],[69.1131,54.8486],[69.113,54.8486],[69.1129,54.8486],[69.1128,54.8485],[69.1127,54.8485],[69.1126,54.8485],[69.1121,54.8485],[69.1116,54.8484],[69.1116,54.8484],[69.1116,54.8484],[69.1116,54.8484],[69.1116,54.8484],[69.1101,54.8484],[69.1095,54.8483],[69.1091,54.8483],[69.1086,54.8483],[69.108,54.8482],[69.1076,54.8482],[69.1075,54.8482],[69.1074,54.8482],[69.1074,54.8482],[69.1073,54.8482],[69.1072,54.8482],[69.1072,54.8482],[69.1071,54.8482],[69.1071,54.8482],[69.107,54.8482],[69.107,54.8483],[69.1069,54.8483],[69.1067,54.8484],[69.1066,54.8484],[69.1065,54.8485],[69.1065,54.8485],[69.1065,54.8485],[69.1064,54.8485],[69.1064,54.8485],[69.1064,54.8485],[69.1064,54.8485],[69.1063,54.8485],[69.1063,54.8485],[69.1063,54.8485],[69.1063,54.8484],[69.1064,54.8481],[69.1061,54.8479],[69.1067,54.8472],[69.1072,54.8472],[69.1074,54.847],[69.1078,54.8466],[69.108,54.8464],[69.1083,54.8462],[69.1086,54.8461],[69.1093,54.8458],[69.1175,54.8428],[69.1175,54.8428],[69.1175,54.8428],[69.1182,54.8426],[69.1182,54.8426],[69.1182,54.8426],[69.1183,54.8426],[69.1188,54.8423],[69.1188,54.8423],[69.1188,54.8423],[69.1189,54.8423],[69.1192,54.8421],[69.1192,54.8421],[69.1193,54.8421],[69.1193,54.8421],[69.1196,54.8419],[69.1197,54.8418],[69.1197,54.8418],[69.1197,54.8418],[69.12,54.8416],[69.12,54.8416],[69.12,54.8416],[69.12,54.8415],[69.12,54.8415],[69.12,54.8415],[69.12,54.8415],[69.1202,54.8413],[69.1203,54.8413],[69.1203,54.8413],[69.1203,54.8413],[69.1204,54.8411],[69.1204,54.8411],[69.1204,54.8411],[69.1204,54.8411],[69.1206,54.8408],[69.1206,54.8408],[69.1206,54.8408],[69.1206,54.8407],[69.1225,54.8358],[69.1225,54.8358],[69.1225,54.8358],[69.1225,54.8358],[69.1226,54.8355],[69.1226,54.8355],[69.1226,54.8355],[69.1226,54.8354],[69.1227,54.8352],[69.1227,54.8352],[69.1227,54.8351],[69.1227,54.8351],[69.1239,54.8263],[69.1239,54.8263],[69.1239,54.8262],[69.1239,54.8262],[69.124,54.8261],[69.124,54.8261],[69.124,54.8261],[69.1241,54.826],[69.1241,54.826],[69.1242,54.8259],[69.1243,54.8259],[69.1243,54.8258],[69.1244,54.8258],[69.1245,54.8258],[69.1246,54.8258],[69.1247,54.8258],[69.1248,54.8258],[69.1248,54.8258],[69.1308,54.8286],[69.1361,54.831],[69.1366,54.8312],[69.138,54.8318],[69.141,54.8331],[69.1435,54.8342],[69.1435,54.8342],[69.1437,54.8343],[69.1437,54.8343],[69.1447,54.8346],[69.1512,54.8369],[69.1503,54.8376],[69.1503,54.8376],[69.1503,54.8377],[69.1479,54.8412],[69.1475,54.8414],[69.1475,54.8415],[69.1463,54.8421],[69.1461,54.8421],[69.1458,54.8423],[69.1458,54.8424],[69.1458,54.8424],[69.1412,54.8476],[69.1412,54.8476],[69.1417,54.8487],[69.1414,54.849],[69.136,54.8525]]],"type":"MultiLineString"},"geometry_name":"shape","id":"gp_red_lines.fid--7752831e_19fad8546bb_57eb","properties":{"area":null,"creation_doc_id":3586,"deactivation_doc_id":null,"id":2574772},"type":"Feature"},{"bbox":[69.1363,54.8371,69.1557,54.8572],"geometry":{"coordinates":[[[69.1381,54.8536],[69.1381,54.8536],[69.1381,54.8536],[69.1381,54.8536],[69.1381,54.8536],[69.1381,54.8536],[69.138,54.8536],[69.138,54.8536],[69.138,54.8536],[69.138,54.8536],[69.138,54.8536],[69.138,54.8536],[69.1379,54.8536],[69.1379,54.8536],[69.1379,54.8536],[69.1379,54.8536],[69.1379,54.8536],[69.1379,54.8536],[69.1378,54.8536],[69.1378,54.8536],[69.1378,54.8536],[69.1378,54.8536],[69.1378,54.8536],[69.1378,54.8535],[69.1377,54.8535],[69.1377,54.8535],[69.1377,54.8535],[69.1377,54.8535],[69.1377,54.8535],[69.1377,54.8535],[69.1376,54.8535],[69.1376,54.8535],[69.1376,54.8535],[69.1376,54.8535],[69.1376,54.8535],[69.1376,54.8535],[69.1376,54.8535],[69.1375,54.8535],[69.1375,54.8535],[69.1375,54.8535],[69.1375,54.8535],[69.1375,54.8534],[69.1375,54.8534],[69.1375,54.8534],[69.1374,54.8534],[69.1374,54.8534],[69.1374,54.8534],[69.1374,54.8534],[69.1374,54.8534],[69.1374,54.8534],[69.1374,54.8534],[69.1363,54.8528],[69.1418,54.8491],[69.1419,54.8491],[69.1419,54.8491],[69.1422,54.8487],[69.1422,54.8487],[69.1422,54.8486],[69.1417,54.8476],[69.1462,54.8425],[69.1465,54.8423],[69.1465,54.8422],[69.1477,54.8416],[69.1479,54.8416],[69.1483,54.8414],[69.1484,54.8413],[69.1484,54.8413],[69.1508,54.8378],[69.1516,54.8371],[69.1551,54.8383],[69.1552,54.8383],[69.1552,54.8383],[69.1553,54.8384],[69.1553,54.8384],[69.1554,54.8385],[69.1554,54.8385],[69.1555,54.8385],[69.1555,54.8386],[69.1556,54.8387],[69.1557,54.8388],[69.1557,54.8389],[69.1557,54.8391],[69.1499,54.8545],[69.15,54.8546],[69.1494,54.8561],[69.1492,54.8562],[69.1491,54.8566],[69.149,54.8567],[69.149,54.8567],[69.149,54.8568],[69.149,54.8568],[69.1489,54.8569],[69.1488,54.857],[69.1487,54.8571],[69.1487,54.8571],[69.1486,54.8571],[69.1486,54.8571],[69.1486,54.8571],[69.1486,54.8571],[69.1485,54.8571],[69.1485,54.8572],[69.1485,54.8572],[69.1484,54.8572],[69.1484,54.8572],[69.1484,54.8572],[69.1483,54.8572],[69.1483,54.8572],[69.1483,54.8572],[69.1483,54.8571],[69.1482,54.8571],[69.1461,54.856],[69.146,54.856],[69.146,54.856],[69.146,54.856],[69.146,54.8559],[69.146,54.8559],[69.146,54.8559],[69.146,54.8559],[69.1459,54.8559],[69.1459,54.8559],[69.1459,54.8559],[69.1459,54.8559],[69.1459,54.8559],[69.1459,54.8559],[69.1459,54.8559],[69.1458,54.8559],[69.1458,54.8559],[69.1458,54.8559],[69.1458,54.8558],[69.1458,54.8558],[69.1458,54.8558],[69.1457,54.8558],[69.1457,54.8558],[69.1457,54.8558],[69.1457,54.8558],[69.1457,54.8558],[69.1457,54.8558],[69.1456,54.8558],[69.1456,54.8558],[69.1456,54.8558],[69.1456,54.8558],[69.1456,54.8557],[69.1456,54.8557],[69.1455,54.8557],[69.1455,54.8557],[69.1455,54.8557],[69.1455,54.8557],[69.1455,54.8557],[69.1455,54.8557],[69.1454,54.8557],[69.1454,54.8557],[69.1454,54.8557],[69.1454,54.8557],[69.1454,54.8557],[69.1454,54.8557],[69.1453,54.8557],[69.1453,54.8556],[69.1453,54.8556],[69.1453,54.8556],[69.1453,54.8556],[69.1452,54.8556],[69.1452,54.8556],[69.1452,54.8556],[69.1452,54.8556],[69.1452,54.8556],[69.1452,54.8556],[69.1451,54.8556],[69.1451,54.8556],[69.1451,54.8556],[69.1451,54.8556],[69.1451,54.8556],[69.1451,54.8556],[69.145,54.8556],[69.145,54.8556],[69.145,54.8555],[69.145,54.8555],[69.145,54.8555],[69.145,54.8555],[69.145,54.8555],[69.145,54.8555],[69.145,54.8555],[69.1449,54.8555],[69.1449,54.8555],[69.1449,54.8555],[69.1449,54.8555],[69.1449,54.8555],[69.1449,54.8555],[69.1448,54.8555],[69.1391,54.8538],[69.1391,54.8538],[69.1391,54.8538],[69.1391,54.8538],[69.1391,54.8538],[69.1391,54.8538],[69.1391,54.8538],[69.1391,54.8538],[69.1391,54.8538],[69.1391,54.8538],[69.1391,54.8538],[69.1391,54.8538],[69.1391,54.8538],[69.139,54.8538],[69.139,54.8538],[69.139,54.8538],[69.139,54.8538],[69.139,54.8538],[69.139,54.8537],[69.139,54.8537],[69.139,54.8537],[69.139,54.8537],[69.139,54.8537],[69.139,54.8537],[69.139,54.8537],[69.139,54.8537],[69.139,54.8537],[69.1389,54.8537],[69.1389,54.8537],[69.1389,54.8537],[69.1389,54.8537],[69.1389,54.8537],[69.1389,54.8537],[69.1389,54.8537],[69.1389,54.8537],[69.1389,54.8537],[69.1389,54.8537],[69.1389,54.8537],[69.1389,54.8537],[69.1389,54.8537],[69.1389,54.8537],[69.1389,54.8537],[69.1389,54.8537],[69.1389,54.8537],[69.1388,54.8537],[69.1388,54.8537],[69.1388,54.8537],[69.1388,54.8537],[69.1388,54.8537],[69.1388,54.8537],[69.1388,54.8537],[69.1388,54.8537],[69.1388,54.8537],[69.1388,54.8537],[69.1388,54.8537],[69.1381,54.8536]]],"type":"MultiLineString"},"geometry_name":"shape","id":"gp_red_lines.fid--7752831e_19fad8546bb_57ec","properties":{"area":null,"creation_doc_id":3586,"deactivation_doc_id":null,"id":2574773},"type":"Feature"},{"bbox":[69.1276,54.8511,69.1366,54.8557],"geometry":{"coordinates":[[[69.1366,54.8536],[69.1357,54.853],[69.1357,54.853],[69.1356,54.853],[69.1356,54.853],[69.1356,54.853],[69.1356,54.853],[69.1348,54.8523],[69.1335,54.8515],[69.1335,54.8515],[69.1335,54.8514],[69.1334,54.8514],[69.1334,54.8514],[69.1333,54.8514],[69.1333,54.8513],[69.1332,54.8513],[69.1332,54.8513],[69.1331,54.8513],[69.1331,54.8513],[69.133,54.8513],[69.133,54.8512],[69.1329,54.8512],[69.1329,54.8512],[69.1328,54.8512],[69.1328,54.8512],[69.1327,54.8512],[69.1326,54.8512],[69.1326,54.8512],[69.1325,54.8512],[69.1325,54.8511],[69.1324,54.8511],[69.1324,54.8511],[69.1323,54.8511],[69.1322,54.8511],[69.1322,54.8511],[69.1321,54.8511],[69.1321,54.8511],[69.132,54.8511],[69.1319,54.8511],[69.1319,54.8511],[69.1318,54.8511],[69.1318,54.8512],[69.1317,54.8512],[69.1316,54.8512],[69.1316,54.8512],[69.1315,54.8512],[69.1315,54.8512],[69.1314,54.8512],[69.1314,54.8512],[69.1313,54.8512],[69.1313,54.8513],[69.1312,54.8513],[69.1311,54.8513],[69.1311,54.8513],[69.131,54.8513],[69.131,54.8513],[69.1309,54.8514],[69.1309,54.8514],[69.1309,54.8514],[69.1305,54.8516],[69.1305,54.8516],[69.1305,54.8516],[69.1305,54.8516],[69.1304,54.8516],[69.1304,54.8516],[69.1303,54.8517],[69.1303,54.8517],[69.1302,54.8517],[69.1302,54.8517],[69.1301,54.8518],[69.1301,54.8518],[69.13,54.8518],[69.13,54.8518],[69.13,54.8518],[69.1299,54.8519],[69.1299,54.8519],[69.1298,54.8519],[69.1298,54.8519],[69.1297,54.8519],[69.1297,54.8519],[69.1296,54.852],[69.1296,54.852],[69.1295,54.852],[69.1295,54.8521],[69.1294,54.8521],[69.1294,54.8521],[69.1294,54.8521],[69.1293,54.8521],[69.1293,54.8521],[69.1292,54.8522],[69.1292,54.8522],[69.1291,54.8522],[69.1291,54.8522],[69.129,54.8522],[69.129,54.8522],[69.1289,54.8523],[69.1289,54.8523],[69.1288,54.8523],[69.1287,54.8523],[69.1287,54.8523],[69.1287,54.8524],[69.1287,54.8524],[69.1286,54.8524],[69.1285,54.8524],[69.1285,54.8524],[69.1285,54.8524],[69.1284,54.8524],[69.1284,54.8524],[69.1283,54.8525],[69.1283,54.8525],[69.1282,54.8525],[69.1282,54.8525],[69.1281,54.8525],[69.1281,54.8525],[69.128,54.8526],[69.1279,54.8526],[69.1279,54.8526],[69.1278,54.8526],[69.1278,54.8526],[69.1277,54.8526],[69.1277,54.8526],[69.1276,54.8527],[69.1333,54.8557],[69.1365,54.8537],[69.1366,54.8536]]],"type":"MultiLineString"},"geometry_name":"shape","id":"gp_red_lines.fid--7752831e_19fad8546bb_57ed","properties":{"area":null,"creation_doc_id":3586,"deactivation_doc_id":null,"id":2574774},"type":"Feature"},{"bbox":[69.1193,54.8528,69.1329,54.8601],"geometry":{"coordinates":[[[69.1329,54.8559],[69.1329,54.8559],[69.127,54.8528],[69.127,54.8528],[69.127,54.8528],[69.1269,54.8529],[69.1268,54.8529],[69.1268,54.8529],[69.1267,54.8529],[69.1267,54.8529],[69.1266,54.8529],[69.1266,54.8529],[69.1265,54.8529],[69.1265,54.8529],[69.1264,54.853],[69.1264,54.853],[69.1263,54.853],[69.1263,54.853],[69.1262,54.853],[69.1262,54.853],[69.1261,54.853],[69.1261,54.853],[69.126,54.853],[69.126,54.853],[69.1249,54.8532],[69.1249,54.8532],[69.1249,54.8532],[69.1249,54.8532],[69.1249,54.8532],[69.1248,54.8533],[69.1248,54.8533],[69.1248,54.8533],[69.1247,54.8533],[69.1247,54.8533],[69.1247,54.8533],[69.1246,54.8533],[69.1246,54.8533],[69.1246,54.8533],[69.1246,54.8533],[69.1245,54.8533],[69.1245,54.8533],[69.1245,54.8533],[69.1244,54.8534],[69.1244,54.8534],[69.1244,54.8534],[69.1244,54.8534],[69.1243,54.8534],[69.1243,54.8534],[69.1243,54.8534],[69.1243,54.8534],[69.1242,54.8534],[69.1242,54.8534],[69.1242,54.8534],[69.1241,54.8535],[69.1241,54.8535],[69.1241,54.8535],[69.1241,54.8535],[69.124,54.8535],[69.124,54.8535],[69.124,54.8535],[69.124,54.8535],[69.1239,54.8535],[69.1239,54.8536],[69.1239,54.8536],[69.1239,54.8536],[69.1238,54.8536],[69.1238,54.8536],[69.1238,54.8536],[69.1238,54.8536],[69.1237,54.8536],[69.1237,54.8536],[69.1237,54.8537],[69.1237,54.8537],[69.1237,54.8537],[69.1236,54.8537],[69.1193,54.8564],[69.1262,54.8601],[69.1329,54.8559]]],"type":"MultiLineString"},"geometry_name":"shape","id":"gp_red_lines.fid--7752831e_19fad8546bb_57ee","properties":{"area":null,"creation_doc_id":3586,"deactivation_doc_id":null,"id":2574775},"type":"Feature"},{"bbox":[69.1267,54.857,69.1354,54.8621],"geometry":{"coordinates":[[[69.1354,54.8588],[69.1354,54.8588],[69.1354,54.8587],[69.1354,54.8587],[69.1353,54.8587],[69.1353,54.8587],[69.1321,54.857],[69.1267,54.8603],[69.1301,54.8621],[69.1301,54.8621],[69.1301,54.8621],[69.1354,54.8589],[69.1354,54.8589],[69.1354,54.8588],[69.1354,54.8588],[69.1354,54.8588],[69.1354,54.8588]]],"type":"MultiLineString"},"geometry_name":"shape","id":"gp_red_lines.fid--7752831e_19fad8546bb_57ef","properties":{"area":null,"creation_doc_id":3586,"deactivation_doc_id":null,"id":2574776},"type":"Feature"},{"bbox":[69.121,54.8607,69.1332,54.8676],"geometry":{"coordinates":[[[69.1332,54.8644],[69.1262,54.8607],[69.121,54.8639],[69.1243,54.8657],[69.1285,54.863],[69.1289,54.8633],[69.1247,54.8659],[69.128,54.8676],[69.1332,54.8644]]],"type":"MultiLineString"},"geometry_name":"shape","id":"gp_red_lines.fid--7752831e_19fad8546bb_57f0","properties":{"area":null,"creation_doc_id":3586,"deactivation_doc_id":null,"id":2574777},"type":"Feature"},{"bbox":[69.1259,54.8682,69.1334,54.8724],"geometry":{"coordinates":[[[69.1334,54.871],[69.1282,54.8682],[69.1259,54.8696],[69.1311,54.8724],[69.1334,54.871]]],"type":"MultiLineString"},"geometry_name":"shape","id":"gp_red_lines.fid--7752831e_19fad8546bb_57f1","properties":{"area":null,"creation_doc_id":3586,"deactivation_doc_id":null,"id":2574778},"type":"Feature"},{"bbox":[69.123,54.87,69.1306,54.8742],"geometry":{"coordinates":[[[69.1306,54.8728],[69.1254,54.87],[69.123,54.8714],[69.1283,54.8742],[69.1306,54.8728]]],"type":"MultiLineString"},"geometry_name":"shape","id":"gp_red_lines.fid--7752831e_19fad8546bb_57f2","properties":{"area":null,"creation_doc_id":3586,"deactivation_doc_id":null,"id":2574779},"type":"Feature"},{"bbox":[69.1287,54.873,69.1324,54.8752],"geometry":{"coordinates":[[[69.1324,54.8737],[69.131,54.873],[69.1287,54.8744],[69.13,54.8752],[69.1324,54.8737]]],"type":"MultiLineString"},"geometry_name":"shape","id":"gp_red_lines.fid--7752831e_19fad8546bb_57f3","properties":{"area":null,"creation_doc_id":3586,"deactivation_doc_id":null,"id":2574780},"type":"Feature"},{"bbox":[69.1315,54.8712,69.1352,54.8734],"geometry":{"coordinates":[[[69.1352,54.872],[69.1338,54.8712],[69.1315,54.8726],[69.1329,54.8734],[69.1352,54.872]]],"type":"MultiLineString"},"geometry_name":"shape","id":"gp_red_lines.fid--7752831e_19fad8546bb_57f4","properties":{"area":null,"creation_doc_id":3586,"deactivation_doc_id":null,"id":2574781},"type":"Feature"},{"bbox":[69.1335,54.8723,69.1391,54.8755],"geometry":{"coordinates":[[[69.1391,54.874],[69.1358,54.8723],[69.1335,54.8737],[69.1367,54.8755],[69.1391,54.874]]],"type":"MultiLineString"},"geometry_name":"shape","id":"gp_red_lines.fid--7752831e_19fad8546bb_57f5","properties":{"area":null,"creation_doc_id":3586,"deactivation_doc_id":null,"id":2574782},"type":"Feature"},{"bbox":[69.1362,54.8688,69.1447,54.8737],"geometry":{"coordinates":[[[69.1447,54.8705],[69.1414,54.8688],[69.1362,54.872],[69.1395,54.8737],[69.1447,54.8705]]],"type":"MultiLineString"},"geometry_name":"shape","id":"gp_red_lines.fid--7752831e_19fad8546bb_57f6","properties":{"area":null,"creation_doc_id":3586,"deactivation_doc_id":null,"id":2574783},"type":"Feature"},{"bbox":[69.1342,54.8677,69.1408,54.8717],"geometry":{"coordinates":[[[69.1408,54.8685],[69.1394,54.8677],[69.1342,54.8709],[69.1357,54.8717],[69.1408,54.8685]]],"type":"MultiLineString"},"geometry_name":"shape","id":"gp_red_lines.fid--7752831e_19fad8546bb_57f7","properties":{"area":null,"creation_doc_id":3586,"deactivation_doc_id":null,"id":2574784},"type":"Feature"},{"bbox":[69.1286,54.8647,69.139,54.8707],"geometry":{"coordinates":[[[69.139,54.8675],[69.1338,54.8647],[69.1286,54.8679],[69.1338,54.8707],[69.139,54.8675]]],"type":"MultiLineString"},"geometry_name":"shape","id":"gp_red_lines.fid--7752831e_19fad8546bb_57f8","properties":{"area":null,"creation_doc_id":3586,"deactivation_doc_id":null,"id":2574785},"type":"Feature"},{"bbox":[69.1419,54.867,69.1476,54.8702],"geometry":{"coordinates":[[[69.1476,54.8687],[69.1444,54.867],[69.1419,54.8685],[69.1452,54.8702],[69.1476,54.8687]]],"type":"MultiLineString"},"geometry_name":"shape","id":"gp_red_lines.fid--7752831e_19fad8546bb_57f9","properties":{"area":null,"creation_doc_id":3586,"deactivation_doc_id":null,"id":2574786},"type":"Feature"},{"bbox":[69.1399,54.8707,69.1502,54.8769],"geometry":{"coordinates":[[[69.1502,54.8736],[69.1502,54.8735],[69.1502,54.8735],[69.1501,54.8734],[69.1501,54.8734],[69.1451,54.8707],[69.1399,54.8739],[69.1429,54.8755],[69.1431,54.8756],[69.1431,54.8757],[69.1432,54.8757],[69.1433,54.8758],[69.1433,54.8758],[69.1434,54.876],[69.1435,54.8761],[69.144,54.8769],[69.1441,54.8769],[69.1443,54.8769],[69.1498,54.8765],[69.1502,54.8738],[69.1502,54.8736]]],"type":"MultiLineString"},"geometry_name":"shape","id":"gp_red_lines.fid--7752831e_19fad8546bb_57fa","properties":{"area":null,"creation_doc_id":3586,"deactivation_doc_id":null,"id":2574787},"type":"Feature"},{"bbox":[69.1456,54.8689,69.1514,54.8722],"geometry":{"coordinates":[[[69.1514,54.8707],[69.148,54.8689],[69.1456,54.8704],[69.149,54.8722],[69.1514,54.8707]]],"type":"MultiLineString"},"geometry_name":"shape","id":"gp_red_lines.fid--7752831e_19fad8546bb_57fb","properties":{"area":null,"creation_doc_id":3586,"deactivation_doc_id":null,"id":2574788},"type":"Feature"},{"bbox":[69.1484,54.8654,69.157,54.8705],"geometry":{"coordinates":[[[69.157,54.8672],[69.1537,54.8654],[69.1484,54.8687],[69.1517,54.8705],[69.157,54.8672]]],"type":"MultiLineString"},"geometry_name":"shape","id":"gp_red_lines.fid--7752831e_19fad8546bb_57fc","properties":{"area":null,"creation_doc_id":3586,"deactivation_doc_id":null,"id":2574789},"type":"Feature"},{"bbox":[69.1447,54.8635,69.1533,54.8685],"geometry":{"coordinates":[[[69.1533,54.8652],[69.15,54.8635],[69.1447,54.8668],[69.148,54.8685],[69.1533,54.8652]]],"type":"MultiLineString"},"geometry_name":"shape","id":"gp_red_lines.fid--7752831e_19fad8546bb_57fd","properties":{"area":null,"creation_doc_id":3586,"deactivation_doc_id":null,"id":2574790},"type":"Feature"},{"bbox":[69.1399,54.8659,69.1438,54.8682],"geometry":{"coordinates":[[[69.1438,54.8666],[69.1423,54.8659],[69.1399,54.8674],[69.1413,54.8682],[69.1438,54.8666]]],"type":"MultiLineString"},"geometry_name":"shape","id":"gp_red_lines.fid--7752831e_19fad8546bb_57fe","properties":{"area":null,"creation_doc_id":3586,"deactivation_doc_id":null,"id":2574791},"type":"Feature"},{"bbox":[69.1427,54.8624,69.1494,54.8664],"geometry":{"coordinates":[[[69.1494,54.8632],[69.1479,54.8624],[69.1427,54.8657],[69.1441,54.8664],[69.1494,54.8632]]],"type":"MultiLineString"},"geometry_name":"shape","id":"gp_red_lines.fid--7752831e_19fad8546bb_57ff","properties":{"area":null,"creation_doc_id":3586,"deactivation_doc_id":null,"id":2574792},"type":"Feature"},{"bbox":[69.1305,54.8538,69.1517,54.8672],"geometry":{"coordinates":[[[69.1485,54.8579],[69.1485,54.8579],[69.1485,54.8579],[69.1485,54.8579],[69.1485,54.8579],[69.1485,54.8579],[69.1485,54.8579],[69.1485,54.8579],[69.1485,54.8579],[69.1485,54.8579],[69.1485,54.8579],[69.1484,54.8579],[69.1484,54.8579],[69.1484,54.8579],[69.1484,54.8579],[69.1484,54.8579],[69.1484,54.8579],[69.1484,54.8579],[69.1484,54.8579],[69.1484,54.8579],[69.1483,54.8579],[69.1483,54.8579],[69.1483,54.8579],[69.1483,54.8579],[69.1483,54.8579],[69.1483,54.8579],[69.1483,54.8579],[69.1483,54.8579],[69.1483,54.8579],[69.1483,54.8579],[69.1483,54.8579],[69.1483,54.8579],[69.1482,54.8579],[69.1482,54.8579],[69.1482,54.8579],[69.1482,54.8579],[69.1482,54.8579],[69.1482,54.8579],[69.1482,54.8579],[69.1482,54.8579],[69.1482,54.8579],[69.1482,54.8579],[69.1481,54.8579],[69.1481,54.8579],[69.1481,54.8579],[69.1481,54.8579],[69.1481,54.8579],[69.1481,54.8579],[69.1481,54.8579],[69.1481,54.8579],[69.1481,54.8579],[69.1481,54.8579],[69.1481,54.8578],[69.1481,54.8578],[69.1481,54.8578],[69.1481,54.8578],[69.1481,54.8578],[69.148,54.8578],[69.148,54.8578],[69.148,54.8578],[69.148,54.8578],[69.148,54.8578],[69.148,54.8578],[69.148,54.8578],[69.148,54.8578],[69.148,54.8578],[69.148,54.8578],[69.148,54.8578],[69.148,54.8578],[69.148,54.8578],[69.148,54.8578],[69.1479,54.8578],[69.1479,54.8578],[69.1479,54.8578],[69.1479,54.8578],[69.1479,54.8578],[69.1479,54.8578],[69.1479,54.8577],[69.1479,54.8577],[69.1479,54.8577],[69.1479,54.8577],[69.1479,54.8577],[69.1479,54.8577],[69.1479,54.8577],[69.1479,54.8577],[69.1479,54.8577],[69.1479,54.8577],[69.1479,54.8577],[69.1479,54.8577],[69.1479,54.8577],[69.1479,54.8577],[69.1479,54.8577],[69.1479,54.8577],[69.1479,54.8577],[69.1478,54.8577],[69.1478,54.8577],[69.1478,54.8577],[69.1478,54.8577],[69.1478,54.8577],[69.1478,54.8576],[69.1478,54.8576],[69.1478,54.8576],[69.1478,54.8576],[69.1478,54.8576],[69.1478,54.8576],[69.1478,54.8576],[69.1478,54.8576],[69.1478,54.8576],[69.1478,54.8576],[69.1478,54.8576],[69.1478,54.8576],[69.1478,54.8576],[69.1478,54.8576],[69.1478,54.8576],[69.1478,54.8576],[69.1478,54.8576],[69.1478,54.8576],[69.1478,54.8576],[69.1478,54.8575],[69.1478,54.8575],[69.1478,54.8575],[69.1478,54.8575],[69.1456,54.8564],[69.1456,54.8564],[69.1456,54.8564],[69.1456,54.8563],[69.1456,54.8563],[69.1456,54.8563],[69.1456,54.8563],[69.1456,54.8563],[69.1456,54.8563],[69.1455,54.8563],[69.1455,54.8563],[69.1455,54.8563],[69.1455,54.8563],[69.1453,54.8562],[69.1453,54.8562],[69.1449,54.856],[69.1445,54.8559],[69.1444,54.8559],[69.1388,54.8542],[69.1388,54.8542],[69.1388,54.8542],[69.1388,54.8542],[69.1388,54.8542],[69.1388,54.8542],[69.1388,54.8542],[69.1388,54.8542],[69.1387,54.8542],[69.1387,54.8542],[69.1387,54.8542],[69.1387,54.8542],[69.1387,54.8542],[69.1387,54.8542],[69.1387,54.8542],[69.1387,54.8542],[69.1386,54.8542],[69.1386,54.8541],[69.1386,54.8541],[69.1386,54.8541],[69.1386,54.8541],[69.1386,54.8541],[69.1386,54.8541],[69.1386,54.8541],[69.1386,54.8541],[69.1385,54.8541],[69.1385,54.8541],[69.1377,54.854],[69.1377,54.854],[69.1377,54.854],[69.1376,54.854],[69.1376,54.854],[69.1376,54.854],[69.1376,54.854],[69.1376,54.854],[69.1376,54.854],[69.1376,54.854],[69.1375,54.854],[69.1375,54.854],[69.1375,54.854],[69.1375,54.854],[69.1375,54.854],[69.1375,54.854],[69.1375,54.854],[69.1374,54.854],[69.1374,54.854],[69.1374,54.854],[69.1374,54.854],[69.1374,54.854],[69.1374,54.854],[69.1374,54.854],[69.1373,54.854],[69.1373,54.854],[69.1373,54.854],[69.1373,54.8539],[69.1373,54.8539],[69.1373,54.8539],[69.1373,54.8539],[69.1372,54.8539],[69.1372,54.8539],[69.1372,54.8539],[69.1372,54.8539],[69.1372,54.8539],[69.1372,54.8539],[69.1372,54.8539],[69.1372,54.8539],[69.1371,54.8539],[69.1371,54.8539],[69.1371,54.8539],[69.1371,54.8539],[69.1371,54.8539],[69.1371,54.8539],[69.1371,54.8539],[69.1371,54.8539],[69.137,54.8539],[69.137,54.8538],[69.137,54.8538],[69.1335,54.8561],[69.1324,54.8567],[69.1362,54.8588],[69.1362,54.8588],[69.1305,54.8624],[69.1362,54.8654],[69.1395,54.8672],[69.1419,54.8657],[69.1386,54.8639],[69.1389,54.8637],[69.1422,54.8655],[69.1475,54.8622],[69.1442,54.8604],[69.1445,54.8602],[69.1478,54.862],[69.1517,54.8596],[69.1485,54.8579]]],"type":"MultiLineString"},"geometry_name":"shape","id":"gp_red_lines.fid--7752831e_19fad8546bb_5800","properties":{"area":null,"creation_doc_id":3586,"deactivation_doc_id":null,"id":2574793},"type":"Feature"},{"bbox":[69.1482,54.8598,69.1535,54.863],"geometry":{"coordinates":[[[69.1535,54.8606],[69.1521,54.8598],[69.1482,54.8622],[69.1497,54.863],[69.1535,54.8606],[69.1535,54.8606]]],"type":"MultiLineString"},"geometry_name":"shape","id":"gp_red_lines.fid--7752831e_19fad8546bb_5801","properties":{"area":null,"creation_doc_id":3586,"deactivation_doc_id":null,"id":2574794},"type":"Feature"},{"bbox":[69.1503,54.8609,69.1574,54.865],"geometry":{"coordinates":[[[69.1574,54.8627],[69.1541,54.8609],[69.1503,54.8633],[69.1536,54.865],[69.1574,54.8627]]],"type":"MultiLineString"},"geometry_name":"shape","id":"gp_red_lines.fid--7752831e_19fad8546bb_5802","properties":{"area":null,"creation_doc_id":3586,"deactivation_doc_id":null,"id":2574795},"type":"Feature"},{"bbox":[69.1512,54.8588,69.1561,54.8603],"geometry":{"coordinates":[[[69.1539,54.8603],[69.1561,54.859],[69.1512,54.8588],[69.1539,54.8603]]],"type":"MultiLineString"},"geometry_name":"shape","id":"gp_red_lines.fid--7752831e_19fad8546bb_5803","properties":{"area":null,"creation_doc_id":3586,"deactivation_doc_id":null,"id":2574796},"type":"Feature"},{"bbox":[69.1545,54.8591,69.1754,54.8625],"geometry":{"coordinates":[[[69.1754,54.8596],[69.167,54.8593],[69.1607,54.8592],[69.1571,54.8591],[69.1545,54.8606],[69.1545,54.8607],[69.1578,54.8625],[69.1612,54.8605],[69.1612,54.8605],[69.1612,54.8605],[69.1612,54.8605],[69.1612,54.8605],[69.1613,54.8605],[69.1613,54.8605],[69.1613,54.8605],[69.1614,54.8605],[69.1614,54.8605],[69.1614,54.8605],[69.1614,54.8605],[69.1665,54.8607],[69.1753,54.861],[69.1754,54.8596]]],"type":"MultiLineString"},"geometry_name":"shape","id":"gp_red_lines.fid--7752831e_19fad8546bb_5804","properties":{"area":null,"creation_doc_id":3586,"deactivation_doc_id":null,"id":2574797},"type":"Feature"},{"bbox":[69.1582,54.8608,69.1752,54.8661],"geometry":{"coordinates":[[[69.1752,54.8613],[69.1664,54.861],[69.1615,54.8608],[69.1615,54.8608],[69.1582,54.8627],[69.1621,54.8648],[69.1622,54.8649],[69.1623,54.865],[69.1624,54.865],[69.1624,54.865],[69.1625,54.8651],[69.1625,54.8651],[69.1625,54.8651],[69.1626,54.8652],[69.1626,54.8652],[69.1627,54.8653],[69.1627,54.8653],[69.1627,54.8654],[69.1627,54.8654],[69.1628,54.8655],[69.1628,54.8655],[69.1628,54.8655],[69.1628,54.8656],[69.1628,54.8656],[69.1628,54.8656],[69.1628,54.8656],[69.1628,54.8657],[69.1629,54.8657],[69.1629,54.8657],[69.1629,54.8657],[69.1629,54.8658],[69.1629,54.8658],[69.1629,54.866],[69.1629,54.866],[69.1629,54.866],[69.1629,54.866],[69.1629,54.866],[69.1629,54.866],[69.1629,54.866],[69.1629,54.866],[69.1629,54.866],[69.1629,54.866],[69.1629,54.866],[69.1629,54.866],[69.1629,54.866],[69.1629,54.866],[69.163,54.866],[69.163,54.866],[69.163,54.866],[69.163,54.866],[69.163,54.866],[69.163,54.866],[69.163,54.866],[69.163,54.866],[69.163,54.866],[69.163,54.866],[69.163,54.866],[69.163,54.866],[69.163,54.866],[69.163,54.866],[69.163,54.866],[69.1631,54.8661],[69.1691,54.8633],[69.1692,54.8633],[69.1692,54.8633],[69.1695,54.8632],[69.1696,54.8632],[69.17,54.8632],[69.1706,54.8631],[69.1751,54.8633],[69.1752,54.8613]]],"type":"MultiLineString"},"geometry_name":"shape","id":"gp_red_lines.fid--7752831e_19fad8546bb_5805","properties":{"area":null,"creation_doc_id":3586,"deactivation_doc_id":null,"id":2574798},"type":"Feature"},{"bbox":[69.154,54.8629,69.1609,54.867],"geometry":{"coordinates":[[[69.1609,54.8647],[69.1578,54.8629],[69.154,54.8652],[69.1573,54.867],[69.1609,54.8647]]],"type":"MultiLineString"},"geometry_name":"shape","id":"gp_red_lines.fid--7752831e_19fad8546bb_5806","properties":{"area":null,"creation_doc_id":3586,"deactivation_doc_id":null,"id":2574799},"type":"Feature"},{"bbox":[69.1577,54.8649,69.1648,54.8697],"geometry":{"coordinates":[[[69.1648,54.8681],[69.1626,54.8663],[69.1626,54.8663],[69.1625,54.8663],[69.1625,54.8663],[69.1625,54.8663],[69.1625,54.8663],[69.1625,54.8663],[69.1625,54.8662],[69.1625,54.8662],[69.1625,54.8662],[69.1625,54.8662],[69.1625,54.8662],[69.1624,54.8662],[69.1624,54.8662],[69.1624,54.8662],[69.1624,54.8662],[69.1624,54.8662],[69.1624,54.8662],[69.1624,54.8662],[69.1624,54.8662],[69.1624,54.8662],[69.1624,54.8662],[69.1624,54.8662],[69.1624,54.8662],[69.1624,54.8662],[69.1624,54.8662],[69.1624,54.8662],[69.1624,54.8662],[69.1624,54.8662],[69.1624,54.8662],[69.1624,54.8662],[69.1624,54.8662],[69.1624,54.8662],[69.1624,54.8661],[69.1624,54.8661],[69.1624,54.8661],[69.1624,54.8661],[69.1624,54.8661],[69.1624,54.8661],[69.1624,54.8661],[69.1624,54.8661],[69.1624,54.8661],[69.1624,54.8661],[69.1624,54.8661],[69.1624,54.8661],[69.1624,54.8661],[69.1624,54.8661],[69.1624,54.8661],[69.1624,54.8661],[69.1624,54.8661],[69.1623,54.8661],[69.1623,54.8661],[69.1623,54.8661],[69.1623,54.8661],[69.1623,54.8661],[69.1623,54.8661],[69.1623,54.8661],[69.1623,54.8661],[69.1623,54.8661],[69.1623,54.8661],[69.1623,54.8661],[69.1623,54.8661],[69.1623,54.8661],[69.1623,54.866],[69.1623,54.866],[69.1623,54.866],[69.1623,54.866],[69.1623,54.866],[69.1623,54.866],[69.1623,54.866],[69.1623,54.866],[69.1623,54.866],[69.1623,54.866],[69.1623,54.866],[69.1623,54.8659],[69.1623,54.8658],[69.1623,54.8658],[69.1622,54.8657],[69.1622,54.8657],[69.1622,54.8657],[69.1622,54.8656],[69.1622,54.8656],[69.1621,54.8655],[69.1621,54.8655],[69.1621,54.8654],[69.162,54.8654],[69.162,54.8653],[69.1619,54.8652],[69.1618,54.8652],[69.1618,54.8652],[69.1618,54.8652],[69.1617,54.8651],[69.1614,54.8649],[69.1613,54.8649],[69.1577,54.8672],[69.1623,54.8697],[69.1648,54.8681]]],"type":"MultiLineString"},"geometry_name":"shape","id":"gp_red_lines.fid--7752831e_19fad8546bb_5807","properties":{"area":null,"creation_doc_id":3586,"deactivation_doc_id":null,"id":2574800},"type":"Feature"},{"bbox":[69.1521,54.8674,69.1619,54.8731],"geometry":{"coordinates":[[[69.1619,54.8699],[69.1574,54.8674],[69.1521,54.8707],[69.1566,54.8731],[69.1619,54.8699]]],"type":"MultiLineString"},"geometry_name":"shape","id":"gp_red_lines.fid--7752831e_19fad8546bb_5808","properties":{"area":null,"creation_doc_id":3586,"deactivation_doc_id":null,"id":2574801},"type":"Feature"},{"bbox":[69.1572,54.8684,69.1762,54.8802],"geometry":{"coordinates":[[[69.1762,54.8751],[69.1652,54.8684],[69.1572,54.8733],[69.1621,54.876],[69.1621,54.876],[69.1621,54.876],[69.1621,54.876],[69.1623,54.8761],[69.1623,54.8761],[69.1623,54.8761],[69.1623,54.8761],[69.1623,54.8761],[69.1623,54.8761],[69.1623,54.8761],[69.1625,54.8763],[69.1625,54.8763],[69.1625,54.8763],[69.1625,54.8764],[69.1627,54.8765],[69.1627,54.8765],[69.1627,54.8766],[69.1627,54.8766],[69.1627,54.8767],[69.1628,54.8767],[69.1628,54.8767],[69.1628,54.8769],[69.1628,54.877],[69.1629,54.8771],[69.163,54.8771],[69.163,54.8772],[69.1633,54.8773],[69.1633,54.8773],[69.1642,54.8779],[69.1642,54.8779],[69.1642,54.8779],[69.1642,54.8779],[69.1642,54.8779],[69.1642,54.8779],[69.1642,54.8779],[69.1643,54.878],[69.1643,54.8781],[69.1643,54.8781],[69.1644,54.8781],[69.1644,54.8782],[69.1644,54.8782],[69.1644,54.8782],[69.1645,54.8783],[69.1645,54.8783],[69.1645,54.8783],[69.1645,54.8783],[69.1645,54.8785],[69.1645,54.8785],[69.1645,54.8785],[69.1645,54.8785],[69.1645,54.8786],[69.1646,54.8802],[69.1731,54.88],[69.1729,54.8769],[69.173,54.8768],[69.1762,54.8751]]],"type":"MultiLineString"},"geometry_name":"shape","id":"gp_red_lines.fid--7752831e_19fad8546bb_5809","properties":{"area":null,"creation_doc_id":3586,"deactivation_doc_id":null,"id":2574802},"type":"Feature"},{"bbox":[69.1633,54.8634,69.1808,54.8727],"geometry":{"coordinates":[[[69.1808,54.8682],[69.1755,54.8652],[69.1754,54.8652],[69.1752,54.8651],[69.1752,54.865],[69.1751,54.8649],[69.175,54.8648],[69.175,54.8647],[69.175,54.8646],[69.175,54.8646],[69.175,54.8646],[69.175,54.8645],[69.175,54.8645],[69.175,54.8645],[69.175,54.8645],[69.175,54.8645],[69.175,54.8635],[69.175,54.8635],[69.1706,54.8634],[69.1699,54.8635],[69.1699,54.8635],[69.1697,54.8635],[69.1694,54.8636],[69.1633,54.8663],[69.1633,54.8663],[69.1655,54.8681],[69.1732,54.8727],[69.1808,54.8682]]],"type":"MultiLineString"},"geometry_name":"shape","id":"gp_red_lines.fid--7752831e_19fad8546bb_580a","properties":{"area":null,"creation_doc_id":3586,"deactivation_doc_id":null,"id":2574803},"type":"Feature"},{"bbox":[69.1735,54.8684,69.1924,54.8749],"geometry":{"coordinates":[[[69.1924,54.8737],[69.1923,54.8721],[69.188,54.8722],[69.188,54.8722],[69.1879,54.8721],[69.1879,54.8721],[69.1811,54.8684],[69.1735,54.8729],[69.1767,54.8749],[69.1787,54.8738],[69.1924,54.8737]]],"type":"MultiLineString"},"geometry_name":"shape","id":"gp_red_lines.fid--7752831e_19fad8546bb_580b","properties":{"area":null,"creation_doc_id":3586,"deactivation_doc_id":null,"id":2574804},"type":"Feature"},{"bbox":[69.1814,54.8675,69.1923,54.8719],"geometry":{"coordinates":[[[69.192,54.8675],[69.1923,54.8719],[69.1881,54.8719],[69.1814,54.8682],[69.1824,54.8676],[69.192,54.8675]]],"type":"MultiLineString"},"geometry_name":"shape","id":"gp_red_lines.fid--7752831e_19fad8546bb_580c","properties":{"area":null,"creation_doc_id":3586,"deactivation_doc_id":null,"id":2574805},"type":"Feature"},{"bbox":[69.1755,54.8613,69.192,54.868],"geometry":{"coordinates":[[[69.192,54.8672],[69.1823,54.8673],[69.1822,54.8673],[69.1821,54.8674],[69.1811,54.868],[69.1758,54.865],[69.1758,54.865],[69.1758,54.865],[69.1757,54.865],[69.1757,54.865],[69.1757,54.865],[69.1757,54.865],[69.1757,54.8649],[69.1757,54.8649],[69.1757,54.8649],[69.1757,54.8649],[69.1756,54.8649],[69.1756,54.8649],[69.1756,54.8649],[69.1756,54.8649],[69.1756,54.8649],[69.1756,54.8648],[69.1756,54.8648],[69.1756,54.8648],[69.1756,54.8648],[69.1756,54.8648],[69.1756,54.8648],[69.1755,54.8648],[69.1755,54.8648],[69.1755,54.8648],[69.1755,54.8647],[69.1755,54.8647],[69.1755,54.8647],[69.1755,54.8647],[69.1755,54.8647],[69.1755,54.8647],[69.1755,54.8647],[69.1755,54.8647],[69.1755,54.8646],[69.1755,54.8646],[69.1755,54.8646],[69.1755,54.8646],[69.1755,54.8646],[69.1755,54.8646],[69.1755,54.8646],[69.1755,54.8646],[69.1755,54.8646],[69.1755,54.8645],[69.1755,54.8645],[69.1755,54.8645],[69.1755,54.8645],[69.1755,54.8645],[69.1755,54.8645],[69.1755,54.8636],[69.1757,54.8613],[69.1919,54.8619],[69.1918,54.8638],[69.1918,54.8638],[69.1918,54.8639],[69.192,54.8672]]],"type":"MultiLineString"},"geometry_name":"shape","id":"gp_red_lines.fid--7752831e_19fad8546bb_580d","properties":{"area":null,"creation_doc_id":3586,"deactivation_doc_id":null,"id":2574806},"type":"Feature"},{"bbox":[69.1758,54.8596,69.1919,54.8616],"geometry":{"coordinates":[[[69.1919,54.8602],[69.1759,54.8596],[69.1758,54.861],[69.1919,54.8616],[69.1919,54.8602]]],"type":"MultiLineString"},"geometry_name":"shape","id":"gp_red_lines.fid--7752831e_19fad8546bb_580e","properties":{"area":null,"creation_doc_id":3586,"deactivation_doc_id":null,"id":2574807},"type":"Feature"},{"bbox":[69.1679,54.8579,69.1712,54.859],"geometry":{"coordinates":[[[69.1712,54.858],[69.1712,54.858],[69.1712,54.858],[69.1712,54.858],[69.1712,54.858],[69.1712,54.858],[69.1712,54.858],[69.1712,54.858],[69.1712,54.858],[69.1712,54.858],[69.1712,54.858],[69.1712,54.858],[69.1712,54.858],[69.1712,54.858],[69.1712,54.858],[69.1712,54.858],[69.1689,54.8579],[69.1689,54.8579],[69.1689,54.8579],[69.1688,54.8579],[69.1688,54.8579],[69.1688,54.8579],[69.1688,54.8579],[69.1688,54.8579],[69.1688,54.8579],[69.1688,54.8579],[69.1688,54.8579],[69.1679,54.8589],[69.1711,54.859],[69.1712,54.858]]],"type":"MultiLineString"},"geometry_name":"shape","id":"gp_red_lines.fid--7752831e_19fad8546bb_580f","properties":{"area":null,"creation_doc_id":3586,"deactivation_doc_id":null,"id":2574808},"type":"Feature"},{"bbox":[69.1492,54.8513,69.1761,54.8591],"geometry":{"coordinates":[[[69.1761,54.853],[69.1685,54.8527],[69.1682,54.8545],[69.169,54.8545],[69.1689,54.8555],[69.1685,54.8555],[69.1675,54.8553],[69.1678,54.8526],[69.1585,54.8521],[69.1583,54.8521],[69.1582,54.8521],[69.1582,54.8521],[69.1577,54.8521],[69.1519,54.8513],[69.1507,54.8546],[69.1505,54.8546],[69.1499,54.8562],[69.15,54.8563],[69.1499,54.8566],[69.1499,54.8567],[69.1498,54.8568],[69.1498,54.8568],[69.1498,54.8568],[69.1497,54.857],[69.1497,54.857],[69.1497,54.857],[69.1497,54.857],[69.1496,54.8571],[69.1496,54.8571],[69.1496,54.8572],[69.1495,54.8572],[69.1495,54.8572],[69.1494,54.8573],[69.1493,54.8574],[69.1493,54.8574],[69.1493,54.8574],[69.1492,54.8574],[69.1492,54.8575],[69.1492,54.8575],[69.1492,54.8575],[69.1492,54.8575],[69.1492,54.8576],[69.1492,54.8576],[69.1492,54.8576],[69.1492,54.8576],[69.1501,54.8582],[69.1502,54.8582],[69.1503,54.8582],[69.1504,54.8583],[69.1504,54.8583],[69.1505,54.8583],[69.1506,54.8583],[69.1507,54.8584],[69.1507,54.8584],[69.1508,54.8584],[69.1509,54.8584],[69.1608,54.8587],[69.1673,54.8589],[69.1673,54.8589],[69.1673,54.8588],[69.1673,54.8588],[69.1673,54.8588],[69.1683,54.8578],[69.1683,54.8578],[69.1683,54.8578],[69.1683,54.8577],[69.1683,54.8577],[69.1683,54.8577],[69.1684,54.8577],[69.1685,54.8577],[69.1685,54.8576],[69.1686,54.8576],[69.1687,54.8576],[69.1688,54.8576],[69.1688,54.8576],[69.1688,54.8576],[69.1688,54.8576],[69.1689,54.8576],[69.1689,54.8576],[69.1711,54.8577],[69.1712,54.8577],[69.1713,54.8577],[69.1714,54.8577],[69.1715,54.8577],[69.1715,54.8577],[69.1716,54.8578],[69.1717,54.8578],[69.1717,54.8579],[69.1717,54.8579],[69.1717,54.858],[69.1717,54.858],[69.1716,54.859],[69.1753,54.8591],[69.1756,54.8572],[69.1757,54.8571],[69.1759,54.8557],[69.1758,54.8556],[69.1761,54.853]]],"type":"MultiLineString"},"geometry_name":"shape","id":"gp_red_lines.fid--7752831e_19fad8546bb_5810","properties":{"area":null,"creation_doc_id":3586,"deactivation_doc_id":null,"id":2574809},"type":"Feature"},{"bbox":[69.1521,54.846,69.1686,54.8522],"geometry":{"coordinates":[[[69.1686,54.8473],[69.1639,54.847],[69.1638,54.847],[69.154,54.846],[69.1521,54.8508],[69.158,54.8516],[69.1583,54.8517],[69.1679,54.8522],[69.1686,54.8473]]],"type":"MultiLineString"},"geometry_name":"shape","id":"gp_red_lines.fid--7752831e_19fad8546bb_5811","properties":{"area":null,"creation_doc_id":3586,"deactivation_doc_id":null,"id":2574810},"type":"Feature"},{"bbox":[69.1693,54.8403,69.1777,54.8473],"geometry":{"coordinates":[[[69.1777,54.842],[69.1776,54.842],[69.1775,54.8419],[69.1773,54.8419],[69.177,54.8418],[69.1768,54.8418],[69.1767,54.8418],[69.1765,54.8417],[69.1717,54.8403],[69.1698,54.8433],[69.1693,54.8469],[69.1769,54.8473],[69.1777,54.842]]],"type":"MultiLineString"},"geometry_name":"shape","id":"gp_red_lines.fid--7752831e_19fad8546bb_5812","properties":{"area":null,"creation_doc_id":3586,"deactivation_doc_id":null,"id":2574811},"type":"Feature"},{"bbox":[69.1685,54.8473,69.1769,54.8526],"geometry":{"coordinates":[[[69.1769,54.8476],[69.1693,54.8473],[69.1685,54.8522],[69.1762,54.8526],[69.1769,54.8476]]],"type":"MultiLineString"},"geometry_name":"shape","id":"gp_red_lines.fid--7752831e_19fad8546bb_5813","properties":{"area":null,"creation_doc_id":3586,"deactivation_doc_id":null,"id":2574812},"type":"Feature"},{"bbox":[69.177,54.8477,69.1924,54.8533],"geometry":{"coordinates":[[[69.1924,54.8483],[69.1777,54.8477],[69.177,54.8526],[69.1919,54.8533],[69.1924,54.8483]]],"type":"MultiLineString"},"geometry_name":"shape","id":"gp_red_lines.fid--7752831e_19fad8546bb_5814","properties":{"area":null,"creation_doc_id":3586,"deactivation_doc_id":null,"id":2574813},"type":"Feature"},{"bbox":[69.1777,54.8419,69.1931,54.848],"geometry":{"coordinates":[[[69.1931,54.8422],[69.1896,54.842],[69.1876,54.842],[69.1856,54.8419],[69.1853,54.842],[69.1845,54.842],[69.1844,54.842],[69.1835,54.842],[69.1835,54.842],[69.1833,54.842],[69.183,54.8421],[69.183,54.8421],[69.182,54.8421],[69.181,54.8422],[69.1801,54.8422],[69.1801,54.8422],[69.18,54.8422],[69.1797,54.8422],[69.1796,54.8422],[69.1796,54.8422],[69.1792,54.8421],[69.1792,54.8421],[69.1791,54.8421],[69.179,54.8421],[69.179,54.8421],[69.1789,54.8421],[69.1788,54.8421],[69.1788,54.8421],[69.1786,54.8421],[69.1784,54.8421],[69.1777,54.8473],[69.1925,54.848],[69.1931,54.8422]]],"type":"MultiLineString"},"geometry_name":"shape","id":"gp_red_lines.fid--7752831e_19fad8546bb_5815","properties":{"area":null,"creation_doc_id":3586,"deactivation_doc_id":null,"id":2574814},"type":"Feature"},{"bbox":[69.1925,54.8484,69.2014,54.8537],"geometry":{"coordinates":[[[69.2014,54.8488],[69.1931,54.8484],[69.1925,54.8534],[69.1974,54.8537],[69.1975,54.8537],[69.1976,54.8537],[69.1977,54.8537],[69.1977,54.8537],[69.1978,54.8537],[69.198,54.8537],[69.198,54.8537],[69.1981,54.8536],[69.1983,54.8536],[69.1984,54.8536],[69.1984,54.8535],[69.1986,54.8534],[69.1986,54.8534],[69.1986,54.8534],[69.1986,54.8534],[69.1987,54.8532],[69.1987,54.8532],[69.1988,54.8531],[69.1988,54.8531],[69.1988,54.8531],[69.1993,54.8498],[69.1993,54.8498],[69.1993,54.8497],[69.1993,54.8497],[69.1994,54.8497],[69.1994,54.8496],[69.1994,54.8496],[69.1994,54.8496],[69.1994,54.8496],[69.1995,54.8495],[69.1995,54.8495],[69.1995,54.8495],[69.1996,54.8494],[69.1996,54.8494],[69.1996,54.8494],[69.1997,54.8494],[69.1997,54.8493],[69.1998,54.8493],[69.1999,54.8493],[69.1999,54.8492],[69.2002,54.8492],[69.2002,54.8491],[69.2002,54.8491],[69.2002,54.8491],[69.2002,54.8491],[69.2014,54.8488]]],"type":"MultiLineString"},"geometry_name":"shape","id":"gp_red_lines.fid--7752831e_19fad8546bb_5816","properties":{"area":null,"creation_doc_id":3586,"deactivation_doc_id":null,"id":2574815},"type":"Feature"},{"bbox":[69.1931,54.8422,69.2071,54.8484],"geometry":{"coordinates":[[[69.2071,54.8429],[69.1994,54.8424],[69.1937,54.8422],[69.1931,54.848],[69.2024,54.8484],[69.2025,54.8484],[69.2059,54.8473],[69.2061,54.8473],[69.2062,54.8472],[69.2062,54.8472],[69.2062,54.8472],[69.2063,54.8471],[69.2064,54.8471],[69.2064,54.8471],[69.2064,54.8469],[69.2065,54.8468],[69.2065,54.8468],[69.2065,54.8466],[69.2071,54.8429]]],"type":"MultiLineString"},"geometry_name":"shape","id":"gp_red_lines.fid--7752831e_19fad8546bb_5817","properties":{"area":null,"creation_doc_id":3586,"deactivation_doc_id":null,"id":2574816},"type":"Feature"},{"bbox":[69.1761,54.8324,69.2582,54.8653],"geometry":{"coordinates":[[[69.2579,54.8653],[69.2582,54.8615],[69.258,54.8576],[69.2579,54.8562],[69.2579,54.8552],[69.2578,54.8552],[69.2578,54.8548],[69.2578,54.8548],[69.2578,54.8546],[69.2578,54.8546],[69.2577,54.8544],[69.2576,54.8543],[69.2576,54.8543],[69.2576,54.8541],[69.2576,54.8541],[69.2574,54.8539],[69.2574,54.8539],[69.2573,54.8537],[69.2573,54.8537],[69.2573,54.8537],[69.257,54.8534],[69.2567,54.8532],[69.256,54.8528],[69.2555,54.8526],[69.2555,54.8526],[69.2545,54.8521],[69.2545,54.8521],[69.2545,54.8521],[69.2545,54.8521],[69.2532,54.8515],[69.2532,54.8515],[69.249,54.8497],[69.248,54.8493],[69.2378,54.8447],[69.2377,54.8447],[69.234,54.8431],[69.2309,54.8417],[69.2309,54.8417],[69.2304,54.8415],[69.2303,54.8415],[69.2303,54.8414],[69.2187,54.8351],[69.2186,54.8349],[69.2169,54.8339],[69.2166,54.8339],[69.2162,54.8337],[69.2151,54.8332],[69.214,54.8328],[69.2129,54.8324],[69.2097,54.8366],[69.2097,54.8366],[69.2097,54.8366],[69.2097,54.8366],[69.2097,54.8366],[69.2097,54.8366],[69.2097,54.8366],[69.2097,54.8366],[69.2097,54.8366],[69.2097,54.8366],[69.2097,54.8366],[69.2083,54.8413],[69.2073,54.8467],[69.2073,54.8467],[69.2073,54.8467],[69.2073,54.8467],[69.2073,54.8468],[69.2073,54.8468],[69.2073,54.8468],[69.2073,54.8468],[69.2073,54.8468],[69.2072,54.847],[69.2072,54.847],[69.2072,54.847],[69.2072,54.847],[69.2071,54.8472],[69.2071,54.8472],[69.2071,54.8472],[69.2071,54.8472],[69.2071,54.8472],[69.2071,54.8472],[69.2071,54.8472],[69.2071,54.8472],[69.2071,54.8472],[69.2071,54.8472],[69.207,54.8473],[69.207,54.8474],[69.207,54.8474],[69.207,54.8474],[69.2069,54.8474],[69.2069,54.8474],[69.2069,54.8474],[69.2069,54.8474],[69.2069,54.8474],[69.2067,54.8475],[69.2067,54.8475],[69.2067,54.8476],[69.2067,54.8476],[69.2067,54.8476],[69.2066,54.8476],[69.2066,54.8476],[69.2066,54.8476],[69.2063,54.8477],[69.2063,54.8477],[69.2063,54.8477],[69.2063,54.8477],[69.2063,54.8477],[69.2006,54.8495],[69.2006,54.8495],[69.2002,54.8497],[69.2002,54.8497],[69.2002,54.8497],[69.2002,54.8497],[69.2001,54.8498],[69.2001,54.8498],[69.2001,54.8498],[69.1995,54.8531],[69.1995,54.8531],[69.1995,54.8533],[69.1995,54.8533],[69.1995,54.8533],[69.1995,54.8533],[69.1995,54.8533],[69.1995,54.8533],[69.1995,54.8533],[69.1995,54.8533],[69.1994,54.8535],[69.1994,54.8535],[69.1994,54.8535],[69.1994,54.8535],[69.1994,54.8535],[69.1994,54.8536],[69.1993,54.8536],[69.1993,54.8536],[69.1993,54.8536],[69.1993,54.8536],[69.1993,54.8536],[69.1992,54.8537],[69.1992,54.8537],[69.1992,54.8537],[69.1992,54.8537],[69.199,54.8538],[69.199,54.8538],[69.199,54.8538],[69.199,54.8538],[69.199,54.8539],[69.1989,54.8539],[69.1989,54.8539],[69.1989,54.8539],[69.1989,54.8539],[69.1989,54.8539],[69.1989,54.8539],[69.1989,54.8539],[69.1987,54.854],[69.1987,54.854],[69.1987,54.854],[69.1987,54.854],[69.1986,54.854],[69.1986,54.854],[69.1986,54.854],[69.1986,54.854],[69.1986,54.854],[69.1986,54.854],[69.1983,54.8541],[69.1983,54.8541],[69.1983,54.8541],[69.1983,54.8541],[69.1983,54.8541],[69.1982,54.8541],[69.1982,54.8541],[69.1982,54.8541],[69.1982,54.8541],[69.1982,54.8541],[69.1979,54.8541],[69.1978,54.8541],[69.1978,54.8541],[69.1978,54.8541],[69.1975,54.8541],[69.1975,54.8541],[69.1974,54.8541],[69.1974,54.8541],[69.1974,54.8541],[69.1974,54.8541],[69.1974,54.8541],[69.1769,54.8531],[69.1766,54.8557],[69.1764,54.8557],[69.1762,54.8571],[69.1764,54.8572],[69.1761,54.8592],[69.1996,54.86],[69.1996,54.86],[69.1997,54.86],[69.1997,54.86],[69.1998,54.86],[69.1999,54.86],[69.2,54.86],[69.2003,54.86],[69.2018,54.8599],[69.2018,54.8599],[69.2034,54.8597],[69.2034,54.8597],[69.2034,54.8597],[69.2034,54.8597],[69.2034,54.8597],[69.2039,54.8597],[69.204,54.8597],[69.204,54.8597],[69.2041,54.8597],[69.2041,54.8597],[69.2042,54.8597],[69.2051,54.8597],[69.2064,54.8597],[69.2064,54.8597],[69.207,54.8598],[69.207,54.8598],[69.207,54.8598],[69.207,54.8598],[69.208,54.8598],[69.2094,54.8599],[69.2094,54.8599],[69.21,54.8599],[69.2108,54.86],[69.2113,54.86],[69.2114,54.8601],[69.2118,54.8601],[69.2118,54.8602],[69.2118,54.8602],[69.2125,54.8604],[69.2125,54.8604],[69.2125,54.8604],[69.2125,54.8604],[69.2126,54.8605],[69.213,54.8607],[69.2131,54.8607],[69.2132,54.8608],[69.2133,54.8608],[69.2134,54.8609],[69.2134,54.8609],[69.2135,54.861],[69.2135,54.861],[69.2137,54.8611],[69.2139,54.8613],[69.2139,54.8613],[69.214,54.8613],[69.2143,54.8617],[69.2144,54.8618],[69.2146,54.8622],[69.2146,54.8622],[69.2147,54.8625],[69.2147,54.8631],[69.2344,54.8644],[69.2392,54.8648]]],"type":"MultiLineString"},"geometry_name":"shape","id":"gp_red_lines.fid--7752831e_19fad8546bb_5818","properties":{"area":null,"creation_doc_id":3586,"deactivation_doc_id":null,"id":2574817},"type":"Feature"},{"bbox":[69.1925,54.8619,69.2062,54.8649],"geometry":{"coordinates":[[[69.2062,54.8629],[69.2045,54.8628],[69.2045,54.8628],[69.2044,54.8628],[69.2044,54.8628],[69.2043,54.8628],[69.2043,54.8628],[69.2043,54.8628],[69.2042,54.8628],[69.2042,54.8627],[69.2042,54.8627],[69.2041,54.8627],[69.2041,54.8627],[69.2041,54.8627],[69.2039,54.8626],[69.2038,54.8626],[69.2036,54.8625],[69.2035,54.8625],[69.2034,54.8625],[69.2033,54.8624],[69.2032,54.8624],[69.1925,54.8619],[69.1925,54.8639],[69.1925,54.8643],[69.2059,54.8649],[69.2062,54.8629]]],"type":"MultiLineString"},"geometry_name":"shape","id":"gp_red_lines.fid--7752831e_19fad8546bb_5819","properties":{"area":null,"creation_doc_id":3586,"deactivation_doc_id":null,"id":2574818},"type":"Feature"},{"bbox":[69.1925,54.8647,69.2058,54.8676],"geometry":{"coordinates":[[[69.2058,54.8652],[69.1925,54.8647],[69.1927,54.8672],[69.1951,54.8673],[69.2056,54.8676],[69.2056,54.8676],[69.2056,54.8675],[69.2056,54.8666],[69.2056,54.8666],[69.2058,54.8652]]],"type":"MultiLineString"},"geometry_name":"shape","id":"gp_red_lines.fid--7752831e_19fad8546bb_581a","properties":{"area":null,"creation_doc_id":3586,"deactivation_doc_id":null,"id":2574819},"type":"Feature"},{"bbox":[69.1927,54.8675,69.2064,54.8737],"geometry":{"coordinates":[[[69.2064,54.8734],[69.2057,54.8731],[69.2057,54.8731],[69.2057,54.873],[69.2056,54.873],[69.2056,54.873],[69.2056,54.873],[69.2056,54.873],[69.2056,54.873],[69.2056,54.873],[69.2056,54.8679],[69.2056,54.8678],[69.1951,54.8676],[69.1927,54.8675],[69.193,54.8737],[69.2064,54.8734]]],"type":"MultiLineString"},"geometry_name":"shape","id":"gp_red_lines.fid--7752831e_19fad8546bb_581b","properties":{"area":null,"creation_doc_id":3586,"deactivation_doc_id":null,"id":2574820},"type":"Feature"},{"bbox":[69.2061,54.8678,69.2109,54.8734],"geometry":{"coordinates":[[[69.2109,54.8678],[69.2061,54.8678],[69.2061,54.8729],[69.207,54.8734],[69.2109,54.8734],[69.2109,54.8678]]],"type":"MultiLineString"},"geometry_name":"shape","id":"gp_red_lines.fid--7752831e_19fad8546bb_581c","properties":{"area":null,"creation_doc_id":3586,"deactivation_doc_id":null,"id":2574821},"type":"Feature"},{"bbox":[69.2113,54.8663,69.2149,54.8734],"geometry":{"coordinates":[[[69.2149,54.8733],[69.2142,54.8723],[69.2142,54.8722],[69.2142,54.8722],[69.2142,54.8722],[69.2142,54.8721],[69.2142,54.8719],[69.2141,54.8699],[69.214,54.8663],[69.2113,54.8663],[69.2113,54.8734],[69.2149,54.8733]]],"type":"MultiLineString"},"geometry_name":"shape","id":"gp_red_lines.fid--7752831e_19fad8546bb_581d","properties":{"area":null,"creation_doc_id":3586,"deactivation_doc_id":null,"id":2574822},"type":"Feature"},{"bbox":[69.2061,54.8629,69.214,54.8676],"geometry":{"coordinates":[[[69.214,54.866],[69.2139,54.8634],[69.2067,54.8629],[69.2061,54.8666],[69.2061,54.8675],[69.2061,54.8676],[69.2109,54.8676],[69.2109,54.866],[69.214,54.866]]],"type":"MultiLineString"},"geometry_name":"shape","id":"gp_red_lines.fid--7752831e_19fad8546bb_581e","properties":{"area":null,"creation_doc_id":3586,"deactivation_doc_id":null,"id":2574823},"type":"Feature"},{"bbox":[69.1925,54.8602,69.2139,54.8631],"geometry":{"coordinates":[[[69.2139,54.8631],[69.2139,54.8625],[69.2138,54.8623],[69.2137,54.8621],[69.2136,54.8619],[69.2134,54.8617],[69.2133,54.8615],[69.2131,54.8614],[69.2127,54.8612],[69.2127,54.8611],[69.2127,54.8611],[69.212,54.8608],[69.2114,54.8605],[69.2111,54.8605],[69.2109,54.8604],[69.2098,54.8604],[69.2091,54.8603],[69.209,54.8603],[69.2079,54.8603],[69.2079,54.8603],[69.207,54.8602],[69.207,54.8602],[69.2052,54.8602],[69.2044,54.8602],[69.2042,54.8602],[69.204,54.8602],[69.204,54.8602],[69.2035,54.8602],[69.2027,54.8602],[69.2022,54.8603],[69.2022,54.8603],[69.2002,54.8605],[69.2002,54.8605],[69.2,54.8605],[69.1999,54.8605],[69.1999,54.8605],[69.1997,54.8605],[69.1996,54.8605],[69.1995,54.8605],[69.1925,54.8602],[69.1925,54.8616],[69.1925,54.8616],[69.2032,54.8621],[69.2033,54.8621],[69.2034,54.8621],[69.2035,54.8621],[69.2036,54.8622],[69.2038,54.8622],[69.2038,54.8622],[69.204,54.8623],[69.2041,54.8623],[69.2043,54.8624],[69.2043,54.8624],[69.2044,54.8624],[69.2044,54.8624],[69.2044,54.8625],[69.2045,54.8625],[69.2045,54.8625],[69.2046,54.8625],[69.2046,54.8625],[69.2047,54.8625],[69.2067,54.8626],[69.2139,54.8631]]],"type":"MultiLineString"},"geometry_name":"shape","id":"gp_red_lines.fid--7752831e_19fad8546bb_581f","properties":{"area":null,"creation_doc_id":3586,"deactivation_doc_id":null,"id":2574824},"type":"Feature"},{"bbox":[69.2147,54.8634,69.2343,54.8733],"geometry":{"coordinates":[[[69.2343,54.8647],[69.2147,54.8634],[69.2149,54.8699],[69.215,54.8719],[69.215,54.8721],[69.2158,54.8733],[69.2306,54.873],[69.2313,54.873],[69.2316,54.873],[69.2318,54.8729],[69.2319,54.8729],[69.2321,54.8728],[69.2323,54.8728],[69.2324,54.8727],[69.2325,54.8727],[69.2326,54.8726],[69.2328,54.8724],[69.233,54.8722],[69.2332,54.872],[69.2334,54.8718],[69.2335,54.8715],[69.2336,54.8713],[69.2337,54.8711],[69.2338,54.8708],[69.2338,54.8708],[69.2343,54.8651],[69.2343,54.8651],[69.2343,54.8647]]],"type":"MultiLineString"},"geometry_name":"shape","id":"gp_red_lines.fid--7752831e_19fad8546bb_5820","properties":{"area":null,"creation_doc_id":3586,"deactivation_doc_id":null,"id":2574825},"type":"Feature"},{"bbox":[69.216,54.8647,69.2518,54.879],"geometry":{"coordinates":[[[69.2388,54.865],[69.2348,54.8647],[69.2343,54.8706],[69.2343,54.8706],[69.2342,54.8708],[69.2342,54.871],[69.2342,54.871],[69.2341,54.8713],[69.2341,54.8713],[69.234,54.8716],[69.234,54.8716],[69.2339,54.8718],[69.2339,54.8718],[69.2338,54.872],[69.2338,54.872],[69.2336,54.8722],[69.2336,54.8722],[69.2336,54.8722],[69.2332,54.8725],[69.2332,54.8725],[69.2332,54.8726],[69.2331,54.8726],[69.2331,54.8726],[69.2329,54.8728],[69.2329,54.8728],[69.2329,54.8728],[69.2327,54.873],[69.2326,54.873],[69.2324,54.8731],[69.2324,54.8731],[69.2324,54.8731],[69.2321,54.8732],[69.232,54.8732],[69.2317,54.8732],[69.2317,54.8732],[69.2316,54.8732],[69.2314,54.8732],[69.2313,54.8732],[69.2311,54.8732],[69.2311,54.8732],[69.2306,54.8733],[69.2306,54.8733],[69.216,54.8735],[69.2164,54.8742],[69.2164,54.8742],[69.2165,54.8742],[69.2165,54.8742],[69.2165,54.879],[69.2447,54.8785],[69.2449,54.8784],[69.2449,54.8784],[69.245,54.8784],[69.245,54.8784],[69.2451,54.8784],[69.2451,54.8784],[69.2451,54.8784],[69.2455,54.878],[69.2455,54.878],[69.2461,54.8774],[69.2469,54.8767],[69.2518,54.8727],[69.2508,54.8715],[69.2505,54.8713],[69.2501,54.871],[69.2452,54.8687],[69.2452,54.8687],[69.2416,54.867],[69.2404,54.8664],[69.2404,54.8664],[69.2404,54.8664],[69.2404,54.8664],[69.2401,54.8663],[69.2401,54.8663],[69.2401,54.8663],[69.24,54.8663],[69.2396,54.866],[69.2396,54.866],[69.2396,54.866],[69.2396,54.866],[69.2395,54.8659],[69.2395,54.8659],[69.2395,54.8659],[69.2395,54.8659],[69.2392,54.8657],[69.2392,54.8657],[69.2392,54.8657],[69.2392,54.8657],[69.2392,54.8657],[69.2389,54.8652],[69.2389,54.8652],[69.2389,54.8652],[69.2389,54.8652],[69.2388,54.865]]],"type":"MultiLineString"},"geometry_name":"shape","id":"gp_red_lines.fid--7752831e_19fad8546bb_5821","properties":{"area":null,"creation_doc_id":3586,"deactivation_doc_id":null,"id":2574826},"type":"Feature"},{"bbox":[69.2392,54.8648,69.2521,54.8725],"geometry":{"coordinates":[[[69.2521,54.8725],[69.2512,54.8714],[69.2512,54.8714],[69.2512,54.8714],[69.2512,54.8714],[69.2512,54.8714],[69.2512,54.8714],[69.2512,54.8714],[69.2509,54.8711],[69.2509,54.8711],[69.2509,54.8711],[69.2509,54.8711],[69.2504,54.8708],[69.2504,54.8708],[69.2504,54.8708],[69.2504,54.8708],[69.2455,54.8685],[69.2419,54.8668],[69.2419,54.8668],[69.2419,54.8668],[69.2407,54.8662],[69.2404,54.8661],[69.24,54.8659],[69.2399,54.8658],[69.2397,54.8656],[69.2393,54.8651],[69.2392,54.8648]]],"type":"MultiLineString"},"geometry_name":"shape","id":"gp_red_lines.fid--7752831e_19fad8546bb_5822","properties":{"area":null,"creation_doc_id":3586,"deactivation_doc_id":null,"id":2574827},"type":"Feature"},{"bbox":[69.1785,54.8375,69.2079,54.8425],"geometry":{"coordinates":[[[69.2079,54.84],[69.1837,54.8375],[69.1801,54.8381],[69.1785,54.8416],[69.1789,54.8417],[69.1792,54.8417],[69.1799,54.8417],[69.1801,54.8417],[69.1811,54.8417],[69.182,54.8417],[69.1826,54.8416],[69.1826,54.8416],[69.1833,54.8416],[69.1842,54.8415],[69.1842,54.8415],[69.1844,54.8415],[69.1851,54.8415],[69.1851,54.8415],[69.1852,54.8415],[69.1856,54.8415],[69.1856,54.8415],[69.1856,54.8415],[69.1877,54.8415],[69.1878,54.8415],[69.1896,54.8416],[69.1994,54.842],[69.2072,54.8425],[69.2075,54.8412],[69.2075,54.8412],[69.2079,54.84]]],"type":"MultiLineString"},"geometry_name":"shape","id":"gp_red_lines.fid--7752831e_19fad8546bb_5823","properties":{"area":null,"creation_doc_id":3586,"deactivation_doc_id":null,"id":2574828},"type":"Feature"},{"bbox":[69.184,54.8339,69.209,54.8396],"geometry":{"coordinates":[[[69.209,54.8364],[69.1855,54.8339],[69.184,54.8371],[69.208,54.8396],[69.209,54.8364]]],"type":"MultiLineString"},"geometry_name":"shape","id":"gp_red_lines.fid--7752831e_19fad8546bb_5824","properties":{"area":null,"creation_doc_id":3586,"deactivation_doc_id":null,"id":2574829},"type":"Feature"},{"bbox":[69.1856,54.8285,69.2122,54.836],"geometry":{"coordinates":[[[69.2122,54.8322],[69.211,54.832],[69.2104,54.8318],[69.1938,54.8297],[69.1937,54.8297],[69.1879,54.8285],[69.1856,54.8336],[69.2093,54.836],[69.2122,54.8322]]],"type":"MultiLineString"},"geometry_name":"shape","id":"gp_red_lines.fid--7752831e_19fad8546bb_5825","properties":{"area":null,"creation_doc_id":3586,"deactivation_doc_id":null,"id":2574830},"type":"Feature"},{"bbox":[69.0995,54.7662,69.2134,54.8318],"geometry":{"coordinates":[[[69.2134,54.8318],[69.2127,54.8315],[69.2114,54.8313],[69.2108,54.8312],[69.2107,54.8311],[69.1941,54.829],[69.1882,54.8278],[69.1884,54.8275],[69.1932,54.81],[69.1932,54.8099],[69.1932,54.8099],[69.1932,54.8099],[69.1932,54.8099],[69.1932,54.8099],[69.1932,54.8097],[69.1901,54.7916],[69.1897,54.7891],[69.1897,54.789],[69.1897,54.789],[69.1895,54.7883],[69.1894,54.7877],[69.1894,54.7877],[69.1894,54.7877],[69.1894,54.7877],[69.1894,54.7877],[69.1892,54.7873],[69.189,54.787],[69.189,54.7868],[69.1887,54.7862],[69.1887,54.7862],[69.1885,54.7858],[69.1885,54.7858],[69.1885,54.7858],[69.1883,54.7855],[69.1883,54.7855],[69.1882,54.7855],[69.188,54.7853],[69.1879,54.7852],[69.1878,54.7851],[69.1877,54.7851],[69.1876,54.785],[69.1875,54.7849],[69.1874,54.7849],[69.1874,54.7849],[69.1874,54.7848],[69.1873,54.7848],[69.1873,54.7848],[69.1871,54.7847],[69.1869,54.7846],[69.1869,54.7846],[69.1867,54.7845],[69.1865,54.7845],[69.1864,54.7845],[69.1862,54.7844],[69.1861,54.7844],[69.1861,54.7844],[69.1861,54.7844],[69.1861,54.7844],[69.186,54.7843],[69.186,54.7843],[69.1774,54.7823],[69.1793,54.78],[69.1787,54.7799],[69.1768,54.7822],[69.1628,54.7789],[69.1359,54.7726],[69.1356,54.7725],[69.1344,54.7721],[69.1223,54.7674],[69.1223,54.7674],[69.1222,54.7674],[69.1221,54.7673],[69.122,54.7673],[69.122,54.7673],[69.1219,54.7673],[69.1219,54.7673],[69.118,54.7674],[69.1147,54.7674],[69.1146,54.7674],[69.1146,54.7674],[69.1103,54.7671],[69.1103,54.7671],[69.1103,54.7671],[69.1102,54.7671],[69.1102,54.7671],[69.1101,54.7671],[69.11,54.7671],[69.1056,54.7677],[69.1055,54.7677],[69.1019,54.7688],[69.1006,54.7662],[69.0995,54.7663],[69.1037,54.7756],[69.1076,54.7838],[69.113,54.7953],[69.113,54.7953],[69.1193,54.8084],[69.1193,54.8084],[69.1198,54.8095]]],"type":"MultiLineString"},"geometry_name":"shape","id":"gp_red_lines.fid--7752831e_19fad8546bb_5826","properties":{"area":null,"creation_doc_id":3586,"deactivation_doc_id":null,"id":2574831},"type":"Feature"},{"bbox":[69.121,54.7827,69.1925,54.8299],"geometry":{"coordinates":[[[69.1925,54.8099],[69.1911,54.802],[69.1889,54.7891],[69.1888,54.7885],[69.1886,54.7878],[69.1883,54.7871],[69.1878,54.7861],[69.1878,54.786],[69.1877,54.7859],[69.1876,54.7858],[69.1875,54.7857],[69.1874,54.7856],[69.1874,54.7856],[69.187,54.7853],[69.187,54.7853],[69.1868,54.7852],[69.1867,54.7851],[69.1858,54.7848],[69.1856,54.7847],[69.1773,54.7828],[69.1769,54.7827],[69.1766,54.7829],[69.1752,54.7834],[69.1751,54.7834],[69.1602,54.7878],[69.1583,54.7884],[69.1583,54.7884],[69.1565,54.7893],[69.1564,54.7893],[69.1529,54.7914],[69.1485,54.7941],[69.1485,54.7941],[69.1454,54.796],[69.1344,54.8051],[69.1322,54.807],[69.1322,54.807],[69.1318,54.8073],[69.1318,54.8073],[69.1315,54.8076],[69.1314,54.8076],[69.1312,54.8078],[69.1312,54.8078],[69.1311,54.8078],[69.131,54.8079],[69.1309,54.8079],[69.1307,54.808],[69.1307,54.808],[69.1306,54.8081],[69.1306,54.8081],[69.1303,54.8082],[69.1303,54.8082],[69.1303,54.8082],[69.1302,54.8082],[69.13,54.8083],[69.13,54.8083],[69.1299,54.8083],[69.1299,54.8083],[69.1296,54.8084],[69.1296,54.8084],[69.1295,54.8084],[69.1293,54.8084],[69.1292,54.8084],[69.129,54.8085],[69.129,54.8085],[69.121,54.8093],[69.1211,54.8097],[69.1241,54.8188],[69.1242,54.8191],[69.1243,54.8193],[69.1243,54.8193],[69.1244,54.8197],[69.1244,54.8197],[69.1245,54.82],[69.1245,54.82],[69.1245,54.8205],[69.1245,54.8205],[69.1245,54.8208],[69.1245,54.8209],[69.1245,54.8209],[69.1245,54.8213],[69.1245,54.8213],[69.1245,54.8216],[69.1245,54.8216],[69.1242,54.8236],[69.1242,54.8239],[69.1242,54.824],[69.1243,54.8242],[69.1243,54.8243],[69.1244,54.8245],[69.1245,54.8246],[69.1246,54.8247],[69.1309,54.8277],[69.1317,54.8281],[69.1329,54.8286],[69.1335,54.8288],[69.1342,54.829],[69.1347,54.8291],[69.135,54.8292],[69.1353,54.8293],[69.1355,54.8293],[69.1358,54.8294],[69.136,54.8294],[69.1363,54.8295],[69.1365,54.8295],[69.1368,54.8296],[69.1371,54.8296],[69.1373,54.8296],[69.1376,54.8297],[69.1379,54.8297],[69.1381,54.8297],[69.1384,54.8298],[69.1387,54.8298],[69.139,54.8298],[69.1392,54.8298],[69.1395,54.8298],[69.1398,54.8298],[69.14,54.8299],[69.1403,54.8299],[69.1406,54.8299],[69.1409,54.8299],[69.1411,54.8299],[69.1414,54.8299],[69.1417,54.8298],[69.142,54.8298],[69.1422,54.8298],[69.1425,54.8298],[69.1428,54.8298],[69.143,54.8298],[69.1433,54.8297],[69.1436,54.8297],[69.1439,54.8297],[69.1441,54.8296],[69.1618,54.8261],[69.1624,54.826],[69.1644,54.8256],[69.1644,54.8256],[69.1644,54.8256],[69.1646,54.8256],[69.1648,54.8256],[69.1649,54.8255],[69.1651,54.8255],[69.1653,54.8255],[69.1654,54.8254],[69.1656,54.8254],[69.1657,54.8254],[69.1658,54.8254],[69.166,54.8254],[69.1662,54.8253],[69.1663,54.8253],[69.1665,54.8253],[69.1667,54.8253],[69.1668,54.8253],[69.167,54.8252],[69.1672,54.8252],[69.1673,54.8252],[69.1675,54.8252],[69.1677,54.8252],[69.1677,54.8252],[69.1679,54.8252],[69.1681,54.8252],[69.1682,54.8252],[69.1684,54.8251],[69.1686,54.8251],[69.1687,54.8251],[69.1689,54.8251],[69.1691,54.8251],[69.1693,54.8251],[69.1694,54.8251],[69.1696,54.8251],[69.1697,54.8251],[69.1698,54.8251],[69.17,54.8251],[69.1702,54.8251],[69.1704,54.8251],[69.1705,54.8251],[69.1707,54.8251],[69.1709,54.8251],[69.171,54.8251],[69.1712,54.8252],[69.1714,54.8252],[69.1715,54.8252],[69.1717,54.8252],[69.1718,54.8252],[69.172,54.8252],[69.1721,54.8252],[69.1723,54.8252],[69.1725,54.8253],[69.1726,54.8253],[69.1728,54.8253],[69.173,54.8253],[69.1731,54.8253],[69.1732,54.8253],[69.1875,54.8276],[69.1876,54.8274],[69.1925,54.8099]]],"type":"MultiLineString"},"geometry_name":"shape","id":"gp_red_lines.fid--7752831e_19fad8546bb_5827","properties":{"area":null,"creation_doc_id":3586,"deactivation_doc_id":null,"id":2574832},"type":"Feature"},{"bbox":[69.1021,54.7676,69.1763,54.809],"geometry":{"coordinates":[[[69.1763,54.7826],[69.174,54.782],[69.174,54.782],[69.1625,54.7793],[69.1356,54.773],[69.1356,54.773],[69.1353,54.7729],[69.1352,54.7729],[69.1352,54.7729],[69.134,54.7724],[69.1219,54.7678],[69.1219,54.7678],[69.1219,54.7678],[69.118,54.7678],[69.1147,54.7679],[69.1147,54.7679],[69.1147,54.7679],[69.1147,54.7679],[69.1146,54.7679],[69.1145,54.7679],[69.1103,54.7676],[69.1102,54.7676],[69.1058,54.7681],[69.1021,54.7693],[69.1049,54.7754],[69.1088,54.7836],[69.1142,54.7951],[69.1205,54.8082],[69.1208,54.8089],[69.1208,54.8089],[69.1208,54.809],[69.1289,54.8081],[69.1289,54.8081],[69.1291,54.8081],[69.1293,54.808],[69.1293,54.808],[69.1294,54.808],[69.1296,54.808],[69.1297,54.808],[69.13,54.8079],[69.13,54.8079],[69.13,54.8079],[69.1303,54.8078],[69.1303,54.8078],[69.1305,54.8077],[69.1306,54.8076],[69.1307,54.8075],[69.131,54.8074],[69.1313,54.8071],[69.1317,54.8068],[69.1339,54.8049],[69.1339,54.8049],[69.1449,54.7958],[69.145,54.7958],[69.148,54.7939],[69.1524,54.7912],[69.1524,54.7912],[69.156,54.789],[69.156,54.789],[69.156,54.789],[69.1561,54.789],[69.1579,54.7881],[69.158,54.7881],[69.158,54.788],[69.158,54.788],[69.158,54.788],[69.1749,54.7831],[69.1761,54.7827],[69.1762,54.7826],[69.1762,54.7826],[69.1763,54.7826]]],"type":"MultiLineString"},"geometry_name":"shape","id":"gp_red_lines.fid--7752831e_19fad8546bb_5828","properties":{"area":null,"creation_doc_id":3586,"deactivation_doc_id":null,"id":2574833},"type":"Feature"},{"bbox":[69.2521,54.8653,69.2579,54.8725],"geometry":{"coordinates":[[[69.2579,54.8653],[69.2578,54.8666],[69.2577,54.8669],[69.2577,54.8672],[69.2575,54.8674],[69.2574,54.8677],[69.2573,54.868],[69.2571,54.8682],[69.2569,54.8685],[69.2566,54.8687],[69.2521,54.8725]]],"type":"MultiLineString"},"geometry_name":"shape","id":"gp_red_lines.fid--7752831e_19fad8546bb_5829","properties":{"area":null,"creation_doc_id":3586,"deactivation_doc_id":null,"id":2574834},"type":"Feature"},{"bbox":[69.1438,54.9804,69.166,54.9854],"geometry":{"coordinates":[[[69.166,54.9804],[69.1565,54.9825],[69.1438,54.9854]]],"type":"MultiLineString"},"geometry_name":"shape","id":"gp_red_lines.fid--7752831e_19fad8546bb_582a","properties":{"area":null,"creation_doc_id":3586,"deactivation_doc_id":null,"id":2574835},"type":"Feature"},{"bbox":[69.1494,54.9724,69.1614,54.9822],"geometry":{"coordinates":[[[69.1614,54.9811],[69.1555,54.9724],[69.1494,54.9738],[69.15,54.9739],[69.15,54.9739],[69.1501,54.9739],[69.1501,54.974],[69.1502,54.974],[69.1502,54.974],[69.1502,54.974],[69.1503,54.974],[69.1503,54.974],[69.1504,54.9741],[69.1504,54.9741],[69.1505,54.9741],[69.1505,54.9741],[69.1506,54.9741],[69.1506,54.9741],[69.1507,54.9742],[69.1507,54.9742],[69.1507,54.9742],[69.1507,54.9742],[69.1508,54.9743],[69.1508,54.9743],[69.1509,54.9743],[69.1509,54.9743],[69.1509,54.9744],[69.1509,54.9744],[69.151,54.9745],[69.151,54.9745],[69.151,54.9745],[69.151,54.9745],[69.1563,54.9822],[69.1614,54.9811]]],"type":"MultiLineString"},"geometry_name":"shape","id":"gp_red_lines.fid--7752831e_19fad8546bb_582b","properties":{"area":null,"creation_doc_id":3586,"deactivation_doc_id":null,"id":2574836},"type":"Feature"},{"bbox":[69.1416,54.974,69.1557,54.9851],"geometry":{"coordinates":[[[69.1416,54.9804],[69.1421,54.9802],[69.1421,54.9802],[69.1429,54.9799],[69.1429,54.9799],[69.1437,54.9795],[69.1437,54.9795],[69.1444,54.9791],[69.1444,54.9791],[69.1451,54.9787],[69.1451,54.9787],[69.1457,54.9782],[69.1457,54.9782],[69.1463,54.9778],[69.1463,54.9778],[69.1468,54.9773],[69.1468,54.9773],[69.1468,54.9773],[69.1473,54.9768],[69.1473,54.9768],[69.1477,54.9763],[69.1477,54.9763],[69.1481,54.9757],[69.1481,54.9757],[69.1484,54.9752],[69.1484,54.9752],[69.1487,54.9746],[69.1487,54.9746],[69.1489,54.9741],[69.1489,54.9741],[69.1489,54.974],[69.1498,54.9743],[69.1498,54.9743],[69.1499,54.9743],[69.15,54.9743],[69.15,54.9743],[69.1501,54.9744],[69.1502,54.9744],[69.1502,54.9744],[69.1503,54.9745],[69.1503,54.9745],[69.1503,54.9745],[69.1504,54.9746],[69.1504,54.9746],[69.1504,54.9747],[69.1557,54.9823],[69.1436,54.9851]],[[69.1436,54.9851],[69.1434,54.9846],[69.1416,54.9804]]],"type":"MultiLineString"},"geometry_name":"shape","id":"gp_red_lines.fid--7752831e_19fad8546bb_582c","properties":{"area":null,"creation_doc_id":3586,"deactivation_doc_id":null,"id":2574837},"type":"Feature"},{"bbox":[69.1312,54.9806,69.1429,54.9871],"geometry":{"coordinates":[[[69.1429,54.9852],[69.1347,54.9871],[69.1326,54.984],[69.1321,54.9833],[69.1312,54.9817],[69.1317,54.9818],[69.1317,54.9818],[69.1327,54.9818],[69.1327,54.9818],[69.1327,54.9818],[69.1337,54.9818],[69.1337,54.9818],[69.1347,54.9818],[69.1347,54.9818],[69.1357,54.9817],[69.1357,54.9817],[69.1366,54.9816],[69.1367,54.9816],[69.1376,54.9814],[69.1376,54.9814],[69.1386,54.9812],[69.1386,54.9812],[69.1395,54.981],[69.1395,54.981],[69.1404,54.9808],[69.1404,54.9808],[69.1409,54.9806],[69.1429,54.9852]]],"type":"MultiLineString"},"geometry_name":"shape","id":"gp_red_lines.fid--7752831e_19fad8546bb_582d","properties":{"area":null,"creation_doc_id":3586,"deactivation_doc_id":null,"id":2574838},"type":"Feature"},{"bbox":[69.1255,54.9736,69.1408,54.9815],"geometry":{"coordinates":[[[69.1408,54.9803],[69.1382,54.9743],[69.1377,54.9736],[69.1255,54.9764],[69.126,54.977],[69.1269,54.9775],[69.1269,54.9775],[69.1272,54.9776],[69.1282,54.9783],[69.1283,54.9783],[69.1283,54.9783],[69.1297,54.9796],[69.1298,54.9796],[69.1298,54.9796],[69.13,54.9799],[69.13,54.9799],[69.131,54.9815],[69.1317,54.9815],[69.1327,54.9815],[69.1337,54.9815],[69.1346,54.9815],[69.1356,54.9814],[69.1365,54.9813],[69.1375,54.9812],[69.1384,54.981],[69.1393,54.9808],[69.1402,54.9805],[69.1408,54.9803]]],"type":"MultiLineString"},"geometry_name":"shape","id":"gp_red_lines.fid--7752831e_19fad8546bb_582e","properties":{"area":null,"creation_doc_id":3586,"deactivation_doc_id":null,"id":2574839},"type":"Feature"},{"bbox":[69.1192,54.9586,69.143,54.9875],"geometry":{"coordinates":[[[69.143,54.9856],[69.1343,54.9875],[69.1342,54.9874],[69.1321,54.9842],[69.1315,54.9834],[69.1315,54.9834],[69.1304,54.9816],[69.1295,54.9801],[69.1292,54.9798],[69.1278,54.9785],[69.1278,54.9785],[69.1267,54.9779],[69.1265,54.9778],[69.1255,54.9773],[69.1254,54.9772],[69.1254,54.9772],[69.1248,54.9763],[69.1248,54.9763],[69.1248,54.9762],[69.125,54.9761],[69.125,54.9761],[69.1375,54.9733],[69.1375,54.9733],[69.1365,54.972],[69.1223,54.9753],[69.1222,54.9753],[69.1222,54.9753],[69.1221,54.9753],[69.1221,54.9754],[69.122,54.9754],[69.122,54.9754],[69.1219,54.9754],[69.1219,54.9754],[69.1219,54.9754],[69.1218,54.9754],[69.1217,54.9754],[69.1217,54.9754],[69.1217,54.9754],[69.1217,54.9754],[69.1216,54.9754],[69.1216,54.9754],[69.1215,54.9754],[69.1215,54.9754],[69.1214,54.9754],[69.1214,54.9754],[69.1213,54.9754],[69.1213,54.9754],[69.1212,54.9753],[69.1212,54.9753],[69.1211,54.9753],[69.1211,54.9753],[69.121,54.9753],[69.121,54.9753],[69.1209,54.9753],[69.1209,54.9753],[69.1209,54.9753],[69.1208,54.9752],[69.1208,54.9752],[69.1208,54.9752],[69.1207,54.9752],[69.1207,54.9752],[69.1207,54.9752],[69.1206,54.9751],[69.1206,54.9751],[69.1205,54.9751],[69.1205,54.9751],[69.1205,54.9751],[69.1205,54.975],[69.1204,54.975],[69.1204,54.975],[69.1204,54.975],[69.1203,54.9749],[69.1203,54.9749],[69.1203,54.9749],[69.1203,54.9749],[69.1203,54.9749],[69.1203,54.9748],[69.1202,54.9748],[69.1202,54.9748],[69.1202,54.9748],[69.1202,54.9747],[69.1202,54.9747],[69.1202,54.9747],[69.1201,54.9746],[69.1201,54.9746],[69.1201,54.9746],[69.1201,54.9746],[69.1192,54.9692],[69.1192,54.9692],[69.1192,54.9691],[69.1192,54.9691],[69.1192,54.9691],[69.1192,54.9691],[69.1192,54.969],[69.1192,54.969],[69.1192,54.969],[69.1192,54.9689],[69.1192,54.9689],[69.1192,54.9688],[69.1192,54.9688],[69.1193,54.9688],[69.1193,54.9687],[69.1193,54.9687],[69.1193,54.9687],[69.1193,54.9686],[69.1194,54.9686],[69.1194,54.9686],[69.1194,54.9685],[69.1195,54.9685],[69.1195,54.9685],[69.1195,54.9685],[69.1195,54.9684],[69.1196,54.9684],[69.1196,54.9684],[69.1196,54.9684],[69.1197,54.9683],[69.1197,54.9683],[69.1198,54.9683],[69.1198,54.9682],[69.1199,54.9682],[69.1199,54.9682],[69.12,54.9682],[69.12,54.9681],[69.1201,54.9681],[69.1201,54.9681],[69.1202,54.9681],[69.1202,54.9681],[69.1202,54.9681],[69.1203,54.968],[69.1203,54.968],[69.1204,54.968],[69.1204,54.968],[69.1205,54.968],[69.1206,54.968],[69.1207,54.9679],[69.1207,54.9679],[69.1208,54.9679],[69.1208,54.9679],[69.1209,54.9679],[69.1209,54.9679],[69.121,54.9679],[69.1211,54.9679],[69.1217,54.9679],[69.1218,54.9679],[69.1219,54.9678],[69.1219,54.9678],[69.122,54.9678],[69.1221,54.9678],[69.1221,54.9678],[69.1222,54.9678],[69.1222,54.9678],[69.1223,54.9677],[69.1223,54.9677],[69.1224,54.9677],[69.1225,54.9676],[69.1229,54.9673],[69.1229,54.9673],[69.123,54.9673],[69.123,54.9672],[69.1232,54.9672],[69.1232,54.9672],[69.1233,54.9671],[69.1234,54.9671],[69.1235,54.967],[69.1235,54.967],[69.1237,54.967],[69.1237,54.9669],[69.1238,54.9669],[69.1239,54.9669],[69.124,54.9668],[69.1241,54.9668],[69.1242,54.9668],[69.1243,54.9668],[69.1244,54.9668],[69.1244,54.9667],[69.1246,54.9667],[69.1247,54.9667],[69.1248,54.9667],[69.1249,54.9667],[69.125,54.9667],[69.1251,54.9667],[69.1252,54.9667],[69.1253,54.9667],[69.1254,54.9667],[69.1254,54.9667],[69.1255,54.9667],[69.1256,54.9667],[69.1257,54.9667],[69.1259,54.9667],[69.1259,54.9667],[69.1259,54.9667],[69.1259,54.9667],[69.1259,54.9666],[69.1258,54.9666],[69.1258,54.9666],[69.1244,54.9651],[69.1244,54.9651],[69.1244,54.9651],[69.1244,54.9651],[69.1244,54.9651],[69.1244,54.965],[69.1244,54.965],[69.1244,54.965],[69.1241,54.9645],[69.1241,54.9645],[69.1241,54.9645],[69.1241,54.9645],[69.124,54.9644],[69.124,54.9644],[69.124,54.9644],[69.124,54.9644],[69.124,54.9644],[69.124,54.9644],[69.124,54.9643],[69.124,54.9643],[69.124,54.9643],[69.124,54.9643],[69.124,54.9643],[69.1241,54.9643],[69.1241,54.9643],[69.1241,54.9642],[69.1241,54.9642],[69.1241,54.9642],[69.1241,54.9642],[69.1241,54.9642],[69.1247,54.9633],[69.1232,54.9615],[69.1231,54.9615],[69.1231,54.9615],[69.1231,54.9615],[69.1231,54.9615],[69.123,54.9615],[69.123,54.9615],[69.123,54.9615],[69.123,54.9615],[69.1229,54.9615],[69.1229,54.9615],[69.1229,54.9615],[69.1229,54.9615],[69.1229,54.9615],[69.1228,54.9615],[69.1228,54.9615],[69.1228,54.9615],[69.1228,54.9615],[69.1228,54.9615],[69.1227,54.9614],[69.1227,54.9614],[69.1227,54.9614],[69.1227,54.9614],[69.1226,54.9614],[69.1226,54.9614],[69.1226,54.9614],[69.1226,54.9614],[69.1226,54.9613],[69.1226,54.9613],[69.1225,54.9613],[69.1225,54.9613],[69.1225,54.9613],[69.1225,54.9613],[69.1225,54.9613],[69.122,54.9607],[69.122,54.9607],[69.1215,54.9597],[69.1215,54.9597],[69.1215,54.9597],[69.1215,54.9597],[69.1215,54.9597],[69.1215,54.9597],[69.1215,54.9597],[69.1215,54.9596],[69.1215,54.9596],[69.1215,54.9596],[69.1215,54.9596],[69.1214,54.9596],[69.1214,54.9596],[69.1215,54.9595],[69.1215,54.9595],[69.1215,54.9595],[69.1215,54.9595],[69.1215,54.9595],[69.1215,54.9595],[69.1215,54.9594],[69.1215,54.9594],[69.1215,54.9594],[69.1215,54.9594],[69.1215,54.9594],[69.1215,54.9594],[69.1215,54.9593],[69.1216,54.9593],[69.1216,54.9593],[69.1216,54.9593],[69.1216,54.9593],[69.1216,54.9593],[69.1216,54.9593],[69.1216,54.9593],[69.1216,54.9592],[69.1217,54.9592],[69.1217,54.9592],[69.1217,54.9592],[69.1217,54.9592],[69.1217,54.9592],[69.1218,54.9592],[69.1218,54.9591],[69.1218,54.9591],[69.1218,54.9591],[69.1219,54.9591],[69.1219,54.9591],[69.1219,54.9591],[69.1219,54.9591],[69.1219,54.9591],[69.122,54.9591],[69.122,54.9591],[69.122,54.9591],[69.1221,54.9591],[69.1221,54.959],[69.1221,54.959],[69.1222,54.959],[69.1222,54.959],[69.1222,54.959],[69.1222,54.959],[69.1222,54.959],[69.1266,54.9586]]],"type":"MultiLineString"},"geometry_name":"shape","id":"gp_red_lines.fid--7752831e_19fad8546bb_582f","properties":{"area":null,"creation_doc_id":3586,"deactivation_doc_id":null,"id":2574840},"type":"Feature"},{"bbox":[69.136,54.9692,69.1423,54.9731],"geometry":{"coordinates":[[[69.1403,54.9692],[69.136,54.9702],[69.137,54.9715],[69.1382,54.9731],[69.1423,54.9722],[69.1415,54.9709],[69.1412,54.9706],[69.1403,54.9692]]],"type":"MultiLineString"},"geometry_name":"shape","id":"gp_red_lines.fid--7752831e_19fad8546bb_5830","properties":{"area":null,"creation_doc_id":3586,"deactivation_doc_id":null,"id":2574841},"type":"Feature"},{"bbox":[69.1408,54.9654,69.1486,54.9735],"geometry":{"coordinates":[[[69.1408,54.969],[69.142,54.9708],[69.143,54.9722],[69.1485,54.9735],[69.1485,54.9735],[69.1486,54.9729],[69.1486,54.9724],[69.1486,54.9718],[69.1484,54.9712],[69.1483,54.9707],[69.148,54.9702],[69.1477,54.9696],[69.1473,54.9691],[69.147,54.9686],[69.1468,54.9683],[69.1465,54.9681],[69.1465,54.9681],[69.1465,54.9681],[69.1463,54.9679],[69.1463,54.9679],[69.146,54.9676],[69.146,54.9676],[69.1457,54.9674],[69.1455,54.9672],[69.1455,54.9672],[69.1453,54.9671],[69.1453,54.9671],[69.145,54.9669],[69.1449,54.9668],[69.1448,54.9667],[69.1448,54.9667],[69.1446,54.9666],[69.1442,54.9664],[69.1442,54.9664],[69.144,54.9662],[69.1435,54.9659],[69.1431,54.9658],[69.143,54.9657],[69.1428,54.9656],[69.1428,54.9656],[69.1425,54.9655],[69.1425,54.9655],[69.1425,54.9654],[69.1421,54.9662],[69.1408,54.969],[69.1408,54.969],[69.1408,54.969]]],"type":"MultiLineString"},"geometry_name":"shape","id":"gp_red_lines.fid--7752831e_19fad8546bb_5831","properties":{"area":null,"creation_doc_id":3586,"deactivation_doc_id":null,"id":2574842},"type":"Feature"},{"bbox":[69.1385,54.9725,69.1484,54.9801],"geometry":{"coordinates":[[[69.1484,54.9739],[69.1427,54.9725],[69.1385,54.9735],[69.1389,54.9741],[69.1389,54.9741],[69.1389,54.9741],[69.1395,54.9756],[69.1415,54.9801],[69.1415,54.9801],[69.1418,54.98],[69.1426,54.9796],[69.1434,54.9793],[69.1441,54.9789],[69.1447,54.9785],[69.1453,54.9781],[69.1459,54.9776],[69.1464,54.9771],[69.1469,54.9767],[69.1473,54.9762],[69.1477,54.9756],[69.148,54.9751],[69.1482,54.9746],[69.1484,54.974],[69.1484,54.9739]]],"type":"MultiLineString"},"geometry_name":"shape","id":"gp_red_lines.fid--7752831e_19fad8546bb_5832","properties":{"area":null,"creation_doc_id":3586,"deactivation_doc_id":null,"id":2574843},"type":"Feature"},{"bbox":[69.1481,54.9684,69.1554,54.9736],"geometry":{"coordinates":[[[69.1528,54.9684],[69.1522,54.9685],[69.1482,54.9694],[69.1481,54.9694],[69.1482,54.9695],[69.1482,54.9695],[69.1485,54.9701],[69.1485,54.9701],[69.1487,54.9706],[69.1487,54.9706],[69.1489,54.9712],[69.1489,54.9712],[69.149,54.9718],[69.149,54.9718],[69.1491,54.9723],[69.1491,54.9724],[69.1491,54.9724],[69.1491,54.9729],[69.1491,54.9729],[69.149,54.9735],[69.149,54.9735],[69.149,54.9736],[69.1554,54.9721],[69.1528,54.9684]]],"type":"MultiLineString"},"geometry_name":"shape","id":"gp_red_lines.fid--7752831e_19fad8546bb_5833","properties":{"area":null,"creation_doc_id":3586,"deactivation_doc_id":null,"id":2574844},"type":"Feature"},{"bbox":[69.1532,54.9678,69.1581,54.972],"geometry":{"coordinates":[[[69.1532,54.9683],[69.1558,54.972],[69.1581,54.9715],[69.1551,54.9678],[69.155,54.9678],[69.1532,54.9683]]],"type":"MultiLineString"},"geometry_name":"shape","id":"gp_red_lines.fid--7752831e_19fad8546bb_5834","properties":{"area":null,"creation_doc_id":3586,"deactivation_doc_id":null,"id":2574845},"type":"Feature"},{"bbox":[69.156,54.9718,69.1651,54.981],"geometry":{"coordinates":[[[69.1583,54.9718],[69.156,54.9723],[69.1619,54.981],[69.1651,54.9802],[69.1648,54.9797],[69.1616,54.9759],[69.1599,54.9737],[69.1599,54.9737],[69.1583,54.9718]]],"type":"MultiLineString"},"geometry_name":"shape","id":"gp_red_lines.fid--7752831e_19fad8546bb_5835","properties":{"area":null,"creation_doc_id":3586,"deactivation_doc_id":null,"id":2574846},"type":"Feature"},{"bbox":[69.125,54.9182,69.243,54.9904],"geometry":{"coordinates":[[[69.1438,54.9854],[69.1449,54.9882],[69.1455,54.9894],[69.1455,54.9894],[69.1455,54.9894],[69.1455,54.9895],[69.1456,54.9895],[69.1457,54.9896],[69.1457,54.9896],[69.1457,54.9896],[69.1457,54.9896],[69.1457,54.9896],[69.1457,54.9896],[69.1457,54.9896],[69.1457,54.9896],[69.1457,54.9896],[69.1457,54.9896],[69.1457,54.9896],[69.1457,54.9896],[69.1457,54.9896],[69.1457,54.9896],[69.1457,54.9896],[69.1457,54.9896],[69.1457,54.9896],[69.1457,54.9896],[69.1457,54.9896],[69.1457,54.9896],[69.1457,54.9896],[69.1457,54.9896],[69.1457,54.9896],[69.1457,54.9896],[69.1457,54.9896],[69.1457,54.9896],[69.1457,54.9896],[69.1457,54.9896],[69.1457,54.9896],[69.1458,54.9897],[69.1458,54.9897],[69.1458,54.9897],[69.1458,54.9897],[69.1458,54.9897],[69.1458,54.9897],[69.1458,54.9897],[69.1458,54.9897],[69.1458,54.9897],[69.1458,54.9897],[69.1458,54.9897],[69.1458,54.9897],[69.1458,54.9897],[69.1458,54.9897],[69.1458,54.9897],[69.1458,54.9897],[69.1458,54.9897],[69.1458,54.9897],[69.1458,54.9897],[69.1458,54.9897],[69.1458,54.9897],[69.1458,54.9897],[69.1458,54.9897],[69.1458,54.9897],[69.1458,54.9897],[69.1458,54.9897],[69.1458,54.9897],[69.1458,54.9897],[69.1458,54.9897],[69.1458,54.9897],[69.1458,54.9897],[69.1458,54.9897],[69.1458,54.9897],[69.1458,54.9897],[69.1459,54.9897],[69.1459,54.9897],[69.1459,54.9897],[69.1459,54.9897],[69.1459,54.9897],[69.1459,54.9897],[69.1459,54.9897],[69.1459,54.9897],[69.1459,54.9897],[69.1459,54.9898],[69.1459,54.9898],[69.1459,54.9898],[69.1459,54.9898],[69.1459,54.9898],[69.1459,54.9898],[69.1459,54.9898],[69.1459,54.9898],[69.1459,54.9898],[69.1459,54.9898],[69.1459,54.9898],[69.1459,54.9898],[69.146,54.9898],[69.146,54.9898],[69.146,54.9898],[69.146,54.9898],[69.146,54.9898],[69.146,54.9898],[69.146,54.9899],[69.146,54.9899],[69.146,54.9899],[69.146,54.9899],[69.146,54.9899],[69.146,54.9899],[69.146,54.9899],[69.146,54.9899],[69.146,54.9899],[69.146,54.9899],[69.1461,54.9899],[69.1461,54.9899],[69.1461,54.9899],[69.1461,54.9899],[69.1461,54.9899],[69.1461,54.9899],[69.1461,54.9899],[69.1461,54.9899],[69.1461,54.9899],[69.1461,54.9899],[69.1461,54.9899],[69.1461,54.9899],[69.1461,54.9899],[69.1461,54.9899],[69.1461,54.9899],[69.1461,54.9899],[69.1461,54.9899],[69.1461,54.9899],[69.1461,54.9899],[69.1461,54.9899],[69.1461,54.9899],[69.1461,54.9899],[69.1461,54.9899],[69.1461,54.9899],[69.1461,54.9899],[69.1461,54.9899],[69.1461,54.9899],[69.1461,54.9899],[69.1461,54.9899],[69.1461,54.9899],[69.1461,54.9899],[69.1461,54.9899],[69.1461,54.9899],[69.1461,54.9899],[69.1461,54.9899],[69.1461,54.9899],[69.1461,54.9899],[69.1461,54.9899],[69.1461,54.9899],[69.1462,54.9899],[69.1462,54.9899],[69.1462,54.9899],[69.1462,54.9899],[69.1462,54.9899],[69.1462,54.9899],[69.1462,54.9899],[69.1462,54.9899],[69.1462,54.9899],[69.1462,54.9899],[69.1462,54.9899],[69.1462,54.9899],[69.1462,54.9899],[69.1462,54.9899],[69.1462,54.9899],[69.1462,54.9899],[69.1462,54.9899],[69.1462,54.9899],[69.1462,54.99],[69.1462,54.99],[69.1462,54.99],[69.1462,54.99],[69.1462,54.99],[69.1462,54.99],[69.1462,54.99],[69.1462,54.99],[69.1462,54.99],[69.1462,54.99],[69.1462,54.99],[69.1462,54.99],[69.1462,54.99],[69.1462,54.99],[69.1462,54.99],[69.1462,54.99],[69.1463,54.99],[69.1463,54.99],[69.1463,54.99],[69.1463,54.99],[69.1463,54.99],[69.1463,54.99],[69.1463,54.99],[69.1463,54.99],[69.1463,54.99],[69.1463,54.99],[69.1464,54.99],[69.1464,54.99],[69.1464,54.99],[69.1464,54.99],[69.1464,54.99],[69.1464,54.99],[69.1464,54.99],[69.1464,54.99],[69.1464,54.99],[69.1464,54.99],[69.1464,54.99],[69.1464,54.99],[69.1464,54.99],[69.1464,54.99],[69.1464,54.99],[69.1464,54.99],[69.1464,54.9901],[69.1464,54.9901],[69.1464,54.9901],[69.1464,54.9901],[69.1464,54.9901],[69.1464,54.9901],[69.1464,54.9901],[69.1464,54.9901],[69.1465,54.9901],[69.1465,54.9901],[69.1465,54.9901],[69.1465,54.9901],[69.1465,54.9901],[69.1465,54.9901],[69.1465,54.9901],[69.1465,54.9901],[69.1465,54.9901],[69.1465,54.9901],[69.1465,54.9901],[69.1465,54.9901],[69.1465,54.9901],[69.1465,54.9901],[69.1465,54.9901],[69.1465,54.9901],[69.1465,54.9901],[69.1465,54.9901],[69.1465,54.9901],[69.1465,54.9901],[69.1466,54.9901],[69.1466,54.9901],[69.1466,54.9901],[69.1466,54.9901],[69.1466,54.9901],[69.1466,54.9901],[69.1466,54.9901],[69.1466,54.9901],[69.1466,54.9901],[69.1466,54.9901],[69.1466,54.9901],[69.1466,54.9901],[69.1466,54.9901],[69.1466,54.9901],[69.1467,54.9901],[69.1467,54.9901],[69.1467,54.9901],[69.1467,54.9901],[69.1467,54.9901],[69.1467,54.9901],[69.1467,54.9901],[69.1467,54.9901],[69.1467,54.9901],[69.1467,54.9901],[69.1467,54.9901],[69.1467,54.9901],[69.1467,54.9901],[69.1467,54.9901],[69.1467,54.9901],[69.1467,54.9901],[69.1467,54.9901],[69.1468,54.9902],[69.1468,54.9902],[69.1468,54.9902],[69.1468,54.9902],[69.1468,54.9902],[69.1468,54.9902],[69.1468,54.9902],[69.1468,54.9902],[69.1468,54.9902],[69.1468,54.9902],[69.1468,54.9902],[69.1468,54.9902],[69.1468,54.9902],[69.1468,54.9902],[69.1468,54.9902],[69.1468,54.9902],[69.1468,54.9902],[69.1468,54.9902],[69.1469,54.9902],[69.1469,54.9902],[69.1469,54.9902],[69.1469,54.9902],[69.1469,54.9902],[69.1469,54.9902],[69.1469,54.9902],[69.1469,54.9902],[69.1469,54.9902],[69.1469,54.9902],[69.1469,54.9902],[69.1469,54.9902],[69.1469,54.9902],[69.1469,54.9902],[69.1469,54.9902],[69.1469,54.9902],[69.1469,54.9902],[69.1469,54.9902],[69.1469,54.9902],[69.1469,54.9902],[69.1469,54.9902],[69.1469,54.9902],[69.1469,54.9902],[69.1469,54.9902],[69.1469,54.9902],[69.147,54.9902],[69.147,54.9902],[69.147,54.9902],[69.147,54.9902],[69.147,54.9902],[69.1471,54.9902],[69.1471,54.9902],[69.1471,54.9902],[69.1471,54.9902],[69.1471,54.9902],[69.1471,54.9902],[69.1471,54.9902],[69.1471,54.9902],[69.1471,54.9902],[69.1471,54.9902],[69.1471,54.9902],[69.1471,54.9902],[69.1471,54.9902],[69.1471,54.9902],[69.1471,54.9902],[69.1471,54.9902],[69.1471,54.9902],[69.1471,54.9902],[69.1471,54.9902],[69.1471,54.9902],[69.1471,54.9902],[69.1471,54.9902],[69.1471,54.9903],[69.1471,54.9903],[69.1472,54.9903],[69.1472,54.9903],[69.1472,54.9903],[69.1472,54.9903],[69.1472,54.9903],[69.1472,54.9903],[69.1472,54.9903],[69.1472,54.9903],[69.1472,54.9903],[69.1473,54.9903],[69.1473,54.9903],[69.1473,54.9903],[69.1473,54.9903],[69.1473,54.9903],[69.1473,54.9903],[69.1473,54.9903],[69.1473,54.9903],[69.1474,54.9903],[69.1474,54.9903],[69.1474,54.9903],[69.1474,54.9903],[69.1474,54.9903],[69.1474,54.9903],[69.1474,54.9903],[69.1474,54.9903],[69.1474,54.9903],[69.1474,54.9903],[69.1474,54.9903],[69.1474,54.9903],[69.1474,54.9903],[69.1474,54.9903],[69.1474,54.9903],[69.1474,54.9903],[69.1474,54.9903],[69.1474,54.9903],[69.1474,54.9903],[69.1474,54.9903],[69.1474,54.9903],[69.1474,54.9903],[69.1474,54.9903],[69.1475,54.9903],[69.1475,54.9903],[69.1475,54.9903],[69.1475,54.9903],[69.1475,54.9903],[69.1475,54.9903],[69.1475,54.9903],[69.1475,54.9903],[69.1475,54.9903],[69.1475,54.9903],[69.1475,54.9903],[69.1475,54.9903],[69.1475,54.9903],[69.1475,54.9903],[69.1475,54.9903],[69.1475,54.9903],[69.1475,54.9903],[69.1475,54.9903],[69.1475,54.9903],[69.1476,54.9903],[69.1476,54.9903],[69.1476,54.9903],[69.1476,54.9903],[69.1476,54.9903],[69.1476,54.9903],[69.1476,54.9903],[69.1476,54.9903],[69.1476,54.9903],[69.1476,54.9903],[69.1476,54.9903],[69.1476,54.9903],[69.1476,54.9903],[69.1476,54.9903],[69.1476,54.9903],[69.1476,54.9903],[69.1477,54.9903],[69.1477,54.9903],[69.1477,54.9903],[69.1477,54.9903],[69.1477,54.9903],[69.1477,54.9903],[69.1477,54.9903],[69.1477,54.9903],[69.1477,54.9903],[69.1477,54.9903],[69.1477,54.9903],[69.1477,54.9903],[69.1477,54.9903],[69.1477,54.9903],[69.1477,54.9903],[69.1477,54.9903],[69.1477,54.9903],[69.1477,54.9903],[69.1477,54.9904],[69.1478,54.9904],[69.1478,54.9904],[69.1478,54.9904],[69.1478,54.9904],[69.1478,54.9904],[69.1478,54.9904],[69.1478,54.9904],[69.1478,54.9904],[69.1478,54.9904],[69.1478,54.9904],[69.1478,54.9904],[69.1478,54.9904],[69.1478,54.9904],[69.1478,54.9904],[69.1478,54.9904],[69.1479,54.9904],[69.1479,54.9904],[69.1479,54.9904],[69.1479,54.9904],[69.1479,54.9904],[69.1479,54.9904],[69.1479,54.9904],[69.1479,54.9904],[69.1479,54.9904],[69.1479,54.9904],[69.1479,54.9904],[69.1479,54.9904],[69.1479,54.9904],[69.1479,54.9904],[69.1479,54.9904],[69.1479,54.9904],[69.1479,54.9904],[69.1479,54.9904],[69.1479,54.9904],[69.1479,54.9904],[69.1479,54.9904],[69.148,54.9904],[69.148,54.9904],[69.148,54.9904],[69.148,54.9904],[69.148,54.9904],[69.148,54.9904],[69.148,54.9904],[69.148,54.9904],[69.148,54.9904],[69.148,54.9904],[69.148,54.9904],[69.148,54.9904],[69.148,54.9904],[69.148,54.9904],[69.148,54.9904],[69.148,54.9904],[69.148,54.9904],[69.1481,54.9904],[69.1481,54.9904],[69.1481,54.9904],[69.1481,54.9904],[69.1481,54.9904],[69.1481,54.9904],[69.1481,54.9904],[69.1481,54.9904],[69.1481,54.9904],[69.1481,54.9904],[69.1481,54.9904],[69.1481,54.9904],[69.1481,54.9904],[69.1481,54.9904],[69.1481,54.9904],[69.1481,54.9904],[69.1481,54.9904],[69.1481,54.9904],[69.1481,54.9904],[69.1481,54.9904],[69.1481,54.9904],[69.1481,54.9904],[69.1481,54.9904],[69.1481,54.9904],[69.1482,54.9904],[69.1482,54.9904],[69.1482,54.9904],[69.1482,54.9904],[69.1482,54.9904],[69.1482,54.9904],[69.1482,54.9904],[69.1482,54.9904],[69.1482,54.9904],[69.1482,54.9904],[69.1483,54.9904],[69.1483,54.9904],[69.1483,54.9904],[69.1483,54.9904],[69.1483,54.9904],[69.1483,54.9904],[69.1483,54.9904],[69.1483,54.9904],[69.1483,54.9904],[69.1483,54.9904],[69.1483,54.9904],[69.1483,54.9904],[69.1483,54.9904],[69.1483,54.9904],[69.1483,54.9904],[69.1483,54.9904],[69.1483,54.9904],[69.1483,54.9904],[69.1483,54.9904],[69.1484,54.9904],[69.1484,54.9904],[69.1484,54.9904],[69.1484,54.9904],[69.1484,54.9904],[69.1485,54.9904],[69.1485,54.9904],[69.1485,54.9904],[69.1485,54.9904],[69.1485,54.9904],[69.1485,54.9904],[69.1485,54.9904],[69.1485,54.9904],[69.1485,54.9904],[69.1485,54.9904],[69.1485,54.9904],[69.1485,54.9904],[69.1485,54.9904],[69.1485,54.9904],[69.1485,54.9904],[69.1485,54.9904],[69.1486,54.9904],[69.1486,54.9904],[69.1486,54.9904],[69.1486,54.9904],[69.1486,54.9904],[69.1486,54.9904],[69.1486,54.9904],[69.1486,54.9904],[69.1486,54.9904],[69.1486,54.9904],[69.1486,54.9904],[69.1486,54.9904],[69.1486,54.9904],[69.1486,54.9904],[69.1486,54.9904],[69.1486,54.9904],[69.1486,54.9904],[69.1487,54.9904],[69.1487,54.9904],[69.1487,54.9904],[69.1487,54.9904],[69.1487,54.9904],[69.1487,54.9904],[69.1488,54.9904],[69.1488,54.9904],[69.1488,54.9904],[69.1488,54.9904],[69.1488,54.9904],[69.1488,54.9904],[69.1488,54.9904],[69.1488,54.9904],[69.1488,54.9904],[69.1488,54.9904],[69.1488,54.9904],[69.1488,54.9904],[69.1488,54.9904],[69.1488,54.9904],[69.1488,54.9904],[69.1488,54.9904],[69.1488,54.9904],[69.1488,54.9904],[69.1489,54.9904],[69.1489,54.9904],[69.1489,54.9904],[69.1489,54.9904],[69.1489,54.9904],[69.1489,54.9904],[69.1489,54.9904],[69.1489,54.9904],[69.1489,54.9904],[69.1489,54.9904],[69.1489,54.9904],[69.1489,54.9904],[69.1489,54.9904],[69.1489,54.9904],[69.1489,54.9904],[69.1489,54.9904],[69.1489,54.9904],[69.1489,54.9904],[69.1489,54.9904],[69.1489,54.9904],[69.149,54.9904],[69.149,54.9904],[69.149,54.9904],[69.149,54.9904],[69.149,54.9904],[69.149,54.9904],[69.149,54.9904],[69.1491,54.9904],[69.1491,54.9904],[69.1491,54.9904],[69.1491,54.9904],[69.1491,54.9904],[69.1491,54.9904],[69.1491,54.9904],[69.1491,54.9904],[69.1491,54.9904],[69.1491,54.9904],[69.1491,54.9904],[69.1491,54.9904],[69.1491,54.9904],[69.1491,54.9904],[69.1491,54.9904],[69.1491,54.9904],[69.1492,54.9904],[69.1496,54.9903],[69.1674,54.9821],[69.1693,54.9812],[69.1693,54.9812],[69.1987,54.9695],[69.1994,54.9692],[69.1994,54.9691],[69.1994,54.9691],[69.2004,54.9688],[69.2004,54.9688],[69.2009,54.9687],[69.2009,54.9687],[69.2016,54.9685],[69.2016,54.9685],[69.2021,54.9684],[69.2022,54.9684],[69.2035,54.9682],[69.2036,54.9682],[69.2051,54.968],[69.2051,54.968],[69.2207,54.9666],[69.222,54.9664],[69.2226,54.9663],[69.2232,54.9661],[69.224,54.9658],[69.2249,54.9655],[69.2252,54.9654],[69.2259,54.965],[69.2268,54.9645],[69.228,54.9638],[69.2282,54.9636],[69.2284,54.9633],[69.2285,54.9631],[69.2285,54.9629],[69.2283,54.962],[69.2283,54.9619],[69.2283,54.9618],[69.2283,54.9616],[69.2284,54.9615],[69.2284,54.9613],[69.2285,54.9611],[69.2286,54.961],[69.2287,54.9609],[69.2288,54.9608],[69.229,54.9607],[69.2291,54.9606],[69.2293,54.9604],[69.233,54.9584],[69.2336,54.9581],[69.2341,54.9579],[69.2345,54.9578],[69.2407,54.9559],[69.2428,54.9539],[69.2428,54.9539],[69.2428,54.9539],[69.2428,54.9539],[69.2428,54.9539],[69.2428,54.9539],[69.2429,54.9538],[69.2429,54.9538],[69.2429,54.9537],[69.243,54.9537],[69.243,54.9537],[69.243,54.9536],[69.243,54.9536],[69.243,54.9535],[69.243,54.9535],[69.243,54.9535],[69.243,54.9534],[69.243,54.9534],[69.243,54.9533],[69.243,54.9533],[69.2429,54.9532],[69.2429,54.9532],[69.2429,54.9532],[69.2428,54.9531],[69.2428,54.9531],[69.2428,54.9531],[69.2316,54.9495],[69.2316,54.9495],[69.2316,54.9495],[69.2316,54.9495],[69.23,54.949],[69.23,54.949],[69.23,54.949],[69.23,54.949],[69.229,54.9485],[69.2289,54.9485],[69.2289,54.9485],[69.2289,54.9485],[69.2282,54.9482],[69.2282,54.9482],[69.2281,54.9481],[69.2281,54.9481],[69.2273,54.9477],[69.2273,54.9477],[69.2273,54.9476],[69.2272,54.9476],[69.2266,54.9471],[69.2266,54.9471],[69.2266,54.9471],[69.2266,54.9471],[69.2266,54.9471],[69.2266,54.9471],[69.2266,54.9471],[69.2258,54.9462],[69.2258,54.9462],[69.2258,54.9462],[69.2258,54.9461],[69.2247,54.944],[69.2247,54.944],[69.2247,54.944],[69.2247,54.9439],[69.2234,54.9406],[69.2234,54.9406],[69.2225,54.9385],[69.2225,54.9385],[69.2224,54.9382],[69.2224,54.9382],[69.2223,54.9379],[69.2223,54.9379],[69.2222,54.9377],[69.2222,54.9377],[69.2221,54.9376],[69.2221,54.9376],[69.222,54.9374],[69.222,54.9374],[69.2219,54.9373],[69.2219,54.9373],[69.2217,54.9371],[69.2217,54.9371],[69.2216,54.9369],[69.2216,54.9369],[69.2214,54.9368],[69.2214,54.9368],[69.2213,54.9366],[69.2212,54.9366],[69.2211,54.9364],[69.2211,54.9364],[69.2208,54.9362],[69.2208,54.9362],[69.2202,54.9359],[69.2202,54.9359],[69.2197,54.9356],[69.2197,54.9356],[69.2193,54.9354],[69.2193,54.9354],[69.2189,54.9352],[69.2189,54.9352],[69.2182,54.9349],[69.2182,54.9349],[69.1754,54.9183],[69.1752,54.9182],[69.1752,54.9182],[69.1751,54.9182],[69.175,54.9182],[69.1749,54.9182],[69.1748,54.9182],[69.1745,54.9183],[69.1745,54.9183],[69.1384,54.9268],[69.1383,54.9268],[69.1383,54.9268],[69.1382,54.9268],[69.1381,54.9269],[69.1381,54.9269],[69.1378,54.9269],[69.1378,54.9269],[69.1377,54.9269],[69.1376,54.9269],[69.1376,54.9269],[69.1371,54.9269],[69.1371,54.9269],[69.1371,54.9269],[69.1371,54.9269],[69.1371,54.9269],[69.137,54.9269],[69.137,54.9269],[69.137,54.9269],[69.1361,54.9288],[69.1358,54.9291],[69.1345,54.9323],[69.1391,54.9328],[69.1394,54.9329],[69.1396,54.9329],[69.1396,54.9329],[69.1397,54.9329],[69.1398,54.9329],[69.1399,54.933],[69.14,54.933],[69.1401,54.9331],[69.1402,54.9331],[69.1403,54.9331],[69.1429,54.9346],[69.143,54.9346],[69.1431,54.9345],[69.1431,54.9345],[69.1431,54.9345],[69.1432,54.9345],[69.1432,54.9345],[69.1432,54.9345],[69.1432,54.9345],[69.1432,54.9345],[69.1452,54.9341],[69.1453,54.934],[69.1453,54.934],[69.1453,54.934],[69.1454,54.934],[69.1454,54.934],[69.1454,54.934],[69.1454,54.934],[69.1454,54.934],[69.1454,54.934],[69.1455,54.9339],[69.1455,54.9339],[69.1456,54.9339],[69.1456,54.9339],[69.1464,54.9333],[69.1464,54.9333],[69.1466,54.9331],[69.1466,54.9331],[69.1467,54.9331],[69.1467,54.9331],[69.1467,54.9331],[69.1467,54.9331],[69.1471,54.9329],[69.1471,54.9329],[69.1471,54.9329],[69.1471,54.9329],[69.1472,54.9329],[69.1473,54.9329],[69.1473,54.9329],[69.1474,54.9329],[69.1474,54.9329],[69.1475,54.9328],[69.1475,54.9328],[69.1475,54.9328],[69.1475,54.9328],[69.1476,54.9328],[69.1476,54.9328],[69.1476,54.9328],[69.1476,54.9328],[69.1477,54.9328],[69.1477,54.9328],[69.1478,54.9328],[69.1478,54.9328],[69.1478,54.9328],[69.1479,54.9328],[69.1479,54.9328],[69.1479,54.9328],[69.148,54.9328],[69.148,54.9328],[69.148,54.9328],[69.1481,54.9328],[69.1481,54.9328],[69.1482,54.9328],[69.1482,54.9328],[69.1494,54.933],[69.1494,54.933],[69.1495,54.933],[69.1495,54.933],[69.1496,54.9331],[69.1497,54.9331],[69.1498,54.9332],[69.1498,54.9332],[69.1498,54.9333],[69.1499,54.9334],[69.1499,54.9334],[69.1498,54.9334],[69.1498,54.9335],[69.1498,54.9335],[69.1485,54.9361],[69.1484,54.9362],[69.1484,54.9362],[69.1484,54.9362],[69.1484,54.9365],[69.1483,54.9367],[69.1483,54.9367],[69.1483,54.9368],[69.1484,54.9369],[69.1484,54.937],[69.1484,54.9371],[69.1485,54.9372],[69.1486,54.9374],[69.1503,54.9405],[69.1504,54.9405],[69.1504,54.9406],[69.1504,54.9406],[69.1504,54.9406],[69.1503,54.9407],[69.1503,54.9408],[69.1502,54.9408],[69.1502,54.9408],[69.1502,54.9408],[69.1502,54.9408],[69.1502,54.9408],[69.1502,54.9409],[69.1501,54.9409],[69.1501,54.9409],[69.1501,54.9409],[69.15,54.9409],[69.15,54.9409],[69.1499,54.9409],[69.1499,54.9409],[69.1499,54.9409],[69.1498,54.941],[69.1498,54.941],[69.1497,54.941],[69.1497,54.941],[69.1497,54.941],[69.1496,54.941],[69.1314,54.9396],[69.1313,54.9398],[69.1306,54.9415],[69.1251,54.9545],[69.1251,54.9546],[69.125,54.9547],[69.125,54.9549],[69.125,54.955],[69.125,54.9551],[69.125,54.9552],[69.1251,54.9553],[69.1251,54.9554],[69.1252,54.9555],[69.1253,54.9556],[69.1253,54.9557],[69.1253,54.9557],[69.1272,54.9582],[69.1274,54.9586],[69.1326,54.958],[69.1326,54.958],[69.1349,54.9578],[69.1392,54.9575],[69.1392,54.9575],[69.1415,54.9573],[69.1415,54.9573],[69.1427,54.9572],[69.1427,54.9572],[69.1446,54.957],[69.1446,54.957],[69.1457,54.9569],[69.1457,54.9569],[69.1511,54.9563],[69.1511,54.9563],[69.1512,54.9563],[69.1513,54.9564],[69.1513,54.9564],[69.1514,54.9564],[69.1514,54.9564],[69.1514,54.9565],[69.1523,54.9588],[69.1539,54.9632],[69.1539,54.9632],[69.1555,54.9676],[69.1555,54.9676],[69.1604,54.9736],[69.1604,54.9736],[69.1659,54.9802],[69.1659,54.9802],[69.166,54.9804]]],"type":"MultiLineString"},"geometry_name":"shape","id":"gp_red_lines.fid--7752831e_19fad8546bb_5836","properties":{"area":null,"creation_doc_id":3586,"deactivation_doc_id":null,"id":2574847},"type":"Feature"},{"bbox":[69.1504,54.9635,69.1549,54.9679],"geometry":{"coordinates":[[[69.1549,54.9675],[69.1534,54.9635],[69.1533,54.9635],[69.1504,54.9641],[69.1505,54.9643],[69.1514,54.9656],[69.1524,54.9671],[69.153,54.9679],[69.1548,54.9675],[69.1549,54.9675]]],"type":"MultiLineString"},"geometry_name":"shape","id":"gp_red_lines.fid--7752831e_19fad8546bb_5837","properties":{"area":null,"creation_doc_id":3586,"deactivation_doc_id":null,"id":2574848},"type":"Feature"},{"bbox":[69.1476,54.9591,69.1533,54.9639],"geometry":{"coordinates":[[[69.1533,54.9632],[69.1517,54.9591],[69.1476,54.96],[69.1477,54.9601],[69.1483,54.961],[69.1501,54.9637],[69.1502,54.9639],[69.1532,54.9632],[69.1533,54.9632]]],"type":"MultiLineString"},"geometry_name":"shape","id":"gp_red_lines.fid--7752831e_19fad8546bb_5838","properties":{"area":null,"creation_doc_id":3586,"deactivation_doc_id":null,"id":2574849},"type":"Feature"},{"bbox":[69.1426,54.9601,69.1498,54.9654],"geometry":{"coordinates":[[[69.1498,54.964],[69.1496,54.9638],[69.1479,54.9611],[69.1472,54.9602],[69.1471,54.9601],[69.1459,54.9604],[69.1453,54.9605],[69.1452,54.9605],[69.1451,54.9605],[69.1451,54.9606],[69.145,54.9606],[69.1449,54.9606],[69.1449,54.9606],[69.1448,54.9607],[69.1448,54.9607],[69.1448,54.9607],[69.1448,54.9607],[69.1447,54.9607],[69.1447,54.9608],[69.1447,54.9608],[69.1446,54.9608],[69.1446,54.9608],[69.1446,54.9609],[69.1446,54.9609],[69.1446,54.9609],[69.1445,54.961],[69.1445,54.961],[69.1445,54.9611],[69.1444,54.9612],[69.1441,54.9619],[69.1434,54.9634],[69.1426,54.9652],[69.1428,54.9652],[69.1428,54.9652],[69.1431,54.9654],[69.1431,54.9654],[69.1432,54.9654],[69.1434,54.9654],[69.1434,54.9654],[69.1498,54.964],[69.1498,54.964]]],"type":"MultiLineString"},"geometry_name":"shape","id":"gp_red_lines.fid--7752831e_19fad8546bb_5839","properties":{"area":null,"creation_doc_id":3586,"deactivation_doc_id":null,"id":2574850},"type":"Feature"},{"bbox":[69.1353,54.9573,69.1469,54.9649],"geometry":{"coordinates":[[[69.1469,54.9597],[69.1452,54.9573],[69.1447,54.9574],[69.1447,54.9574],[69.1427,54.9576],[69.1427,54.9576],[69.1415,54.9576],[69.1415,54.9576],[69.1393,54.9579],[69.1393,54.9579],[69.1353,54.9582],[69.1353,54.9582],[69.1362,54.9595],[69.1375,54.9614],[69.1393,54.9641],[69.1395,54.9643],[69.1395,54.9643],[69.1395,54.9643],[69.1396,54.9643],[69.1396,54.9643],[69.1397,54.9643],[69.1397,54.9643],[69.1398,54.9643],[69.1398,54.9643],[69.1399,54.9643],[69.1399,54.9643],[69.14,54.9643],[69.1401,54.9643],[69.1401,54.9644],[69.1403,54.9644],[69.1403,54.9644],[69.1403,54.9644],[69.1404,54.9644],[69.1404,54.9644],[69.1405,54.9644],[69.1406,54.9644],[69.1406,54.9644],[69.1406,54.9644],[69.1406,54.9644],[69.1413,54.9647],[69.1414,54.9647],[69.1414,54.9647],[69.1414,54.9647],[69.1418,54.9649],[69.1418,54.9649],[69.142,54.9649],[69.1428,54.9634],[69.1435,54.9618],[69.1438,54.9611],[69.1439,54.961],[69.1439,54.9609],[69.1439,54.9609],[69.1439,54.9608],[69.144,54.9608],[69.144,54.9607],[69.144,54.9607],[69.144,54.9607],[69.1441,54.9607],[69.1441,54.9606],[69.1441,54.9606],[69.1441,54.9606],[69.1441,54.9606],[69.1442,54.9606],[69.1442,54.9605],[69.1443,54.9605],[69.1443,54.9605],[69.1443,54.9605],[69.1444,54.9604],[69.1444,54.9604],[69.1444,54.9604],[69.1445,54.9604],[69.1445,54.9604],[69.1445,54.9603],[69.1446,54.9603],[69.1446,54.9603],[69.1447,54.9603],[69.1448,54.9602],[69.1448,54.9602],[69.1449,54.9602],[69.145,54.9602],[69.1451,54.9602],[69.1457,54.96],[69.1469,54.9597]]],"type":"MultiLineString"},"geometry_name":"shape","id":"gp_red_lines.fid--7752831e_19fad8546bb_583a","properties":{"area":null,"creation_doc_id":3586,"deactivation_doc_id":null,"id":2574851},"type":"Feature"},{"bbox":[69.1436,54.9642,69.1525,54.9691],"geometry":{"coordinates":[[[69.1525,54.968],[69.152,54.9672],[69.151,54.9657],[69.1501,54.9644],[69.15,54.9642],[69.1499,54.9642],[69.1436,54.9656],[69.1438,54.9657],[69.1438,54.9657],[69.1438,54.9658],[69.1443,54.966],[69.1446,54.9662],[69.1446,54.9662],[69.1449,54.9664],[69.1451,54.9665],[69.1451,54.9665],[69.1452,54.9666],[69.1452,54.9666],[69.1453,54.9666],[69.1454,54.9667],[69.1457,54.9669],[69.1457,54.9669],[69.1459,54.967],[69.1459,54.9671],[69.1461,54.9672],[69.1464,54.9675],[69.1464,54.9675],[69.1464,54.9675],[69.1467,54.9678],[69.1467,54.9678],[69.1469,54.968],[69.1469,54.968],[69.1469,54.968],[69.1472,54.9682],[69.1474,54.9685],[69.1474,54.9685],[69.1474,54.9685],[69.1477,54.9688],[69.1478,54.9689],[69.1479,54.9691],[69.152,54.9681],[69.1525,54.968]]],"type":"MultiLineString"},"geometry_name":"shape","id":"gp_red_lines.fid--7752831e_19fad8546bb_583b","properties":{"area":null,"creation_doc_id":3586,"deactivation_doc_id":null,"id":2574852},"type":"Feature"},{"bbox":[69.133,54.9646,69.1419,54.9699],"geometry":{"coordinates":[[[69.1419,54.9652],[69.1416,54.9651],[69.1416,54.9651],[69.1412,54.9649],[69.1412,54.9649],[69.1412,54.9649],[69.141,54.9649],[69.1404,54.9647],[69.1404,54.9647],[69.1403,54.9647],[69.1403,54.9647],[69.1402,54.9646],[69.1402,54.9646],[69.14,54.9646],[69.14,54.9646],[69.1399,54.9646],[69.1399,54.9646],[69.1398,54.9646],[69.1398,54.9646],[69.1397,54.9646],[69.1397,54.9646],[69.1395,54.9646],[69.1395,54.9646],[69.1394,54.9646],[69.1394,54.9646],[69.1393,54.9646],[69.1392,54.9646],[69.1392,54.9646],[69.139,54.9647],[69.1363,54.9653],[69.1363,54.9653],[69.133,54.966],[69.1358,54.9699],[69.1402,54.9689],[69.1402,54.9689],[69.1415,54.9661],[69.1419,54.9652]]],"type":"MultiLineString"},"geometry_name":"shape","id":"gp_red_lines.fid--7752831e_19fad8546bb_583c","properties":{"area":null,"creation_doc_id":3586,"deactivation_doc_id":null,"id":2574853},"type":"Feature"},{"bbox":[69.1198,54.959,69.1363,54.975],"geometry":{"coordinates":[[[69.1269,54.959],[69.1363,54.9717],[69.122,54.975],[69.122,54.975],[69.1219,54.975],[69.1219,54.975],[69.1218,54.975],[69.1217,54.975],[69.1217,54.975],[69.1216,54.975],[69.1216,54.975],[69.1215,54.975],[69.1214,54.975],[69.1214,54.975],[69.1213,54.975],[69.1213,54.975],[69.1212,54.975],[69.1212,54.9749],[69.1211,54.9749],[69.1211,54.9749],[69.121,54.9749],[69.121,54.9748],[69.121,54.9748],[69.1209,54.9748],[69.1209,54.9748],[69.1209,54.9747],[69.1208,54.9747],[69.1208,54.9747],[69.1208,54.9746],[69.1208,54.9746],[69.1208,54.9746],[69.1208,54.9745],[69.1198,54.9692],[69.1198,54.9691],[69.1198,54.9691],[69.1198,54.969],[69.1198,54.969],[69.1198,54.9689],[69.1199,54.9689],[69.1199,54.9688],[69.1199,54.9688],[69.12,54.9687],[69.12,54.9687],[69.1201,54.9686],[69.1201,54.9686],[69.1202,54.9685],[69.1202,54.9685],[69.1203,54.9685],[69.1204,54.9684],[69.1204,54.9684],[69.1205,54.9684],[69.1206,54.9683],[69.1207,54.9683],[69.1208,54.9683],[69.1208,54.9683],[69.1209,54.9683],[69.121,54.9683],[69.1211,54.9683],[69.1218,54.9682],[69.1219,54.9682],[69.122,54.9682],[69.1221,54.9682],[69.1222,54.9682],[69.1223,54.9681],[69.1224,54.9681],[69.1225,54.9681],[69.1226,54.9681],[69.1227,54.968],[69.1227,54.968],[69.1228,54.9679],[69.123,54.9678],[69.1234,54.9676],[69.1235,54.9675],[69.1236,54.9674],[69.1237,54.9674],[69.1239,54.9673],[69.124,54.9673],[69.1242,54.9672],[69.1243,54.9672],[69.1245,54.9671],[69.1246,54.9671],[69.1248,54.9671],[69.1249,54.967],[69.1251,54.967],[69.1253,54.967],[69.1254,54.967],[69.1256,54.967],[69.1258,54.967],[69.1258,54.967],[69.1259,54.967],[69.1259,54.967],[69.126,54.967],[69.126,54.967],[69.1261,54.967],[69.1262,54.967],[69.1262,54.967],[69.1264,54.967],[69.1266,54.9668],[69.1265,54.9666],[69.1265,54.9666],[69.1264,54.9665],[69.1264,54.9664],[69.1264,54.9664],[69.125,54.9649],[69.125,54.9649],[69.125,54.9649],[69.125,54.9649],[69.1247,54.9644],[69.1247,54.9644],[69.1247,54.9644],[69.1247,54.9644],[69.1247,54.9644],[69.1247,54.9644],[69.1247,54.9644],[69.1247,54.9643],[69.1247,54.9643],[69.1247,54.9643],[69.1247,54.9643],[69.1247,54.9643],[69.1254,54.9632],[69.1236,54.9612],[69.1233,54.9612],[69.1233,54.9612],[69.1233,54.9612],[69.1233,54.9612],[69.1233,54.9612],[69.1233,54.9612],[69.1233,54.9612],[69.1232,54.9612],[69.1232,54.9612],[69.1232,54.9612],[69.1232,54.9612],[69.1232,54.9612],[69.1232,54.9612],[69.1232,54.9612],[69.1232,54.9612],[69.1232,54.9612],[69.1231,54.9612],[69.1231,54.9612],[69.1231,54.9612],[69.1231,54.9611],[69.1231,54.9611],[69.1231,54.9611],[69.1231,54.9611],[69.1231,54.9611],[69.1231,54.9611],[69.1231,54.9611],[69.1226,54.9605],[69.1221,54.9596],[69.1221,54.9596],[69.1221,54.9596],[69.1221,54.9596],[69.1221,54.9596],[69.1221,54.9596],[69.1221,54.9596],[69.1221,54.9595],[69.1221,54.9595],[69.1221,54.9595],[69.1221,54.9595],[69.1221,54.9595],[69.1221,54.9595],[69.1221,54.9595],[69.1221,54.9595],[69.1221,54.9595],[69.1222,54.9594],[69.1222,54.9594],[69.1222,54.9594],[69.1222,54.9594],[69.1222,54.9594],[69.1222,54.9594],[69.1223,54.9594],[69.1223,54.9594],[69.1223,54.9594],[69.1223,54.9594],[69.1223,54.9594],[69.1224,54.9594],[69.1269,54.959]]],"type":"MultiLineString"},"geometry_name":"shape","id":"gp_red_lines.fid--7752831e_19fad8546bb_583d","properties":{"area":null,"creation_doc_id":3586,"deactivation_doc_id":null,"id":2574854},"type":"Feature"},{"bbox":[69.1277,54.9582,69.139,54.9658],"geometry":{"coordinates":[[[69.139,54.9644],[69.1389,54.9642],[69.1371,54.9615],[69.1358,54.9596],[69.1349,54.9583],[69.1348,54.9582],[69.1327,54.9584],[69.1327,54.9584],[69.1277,54.9589],[69.1328,54.9658],[69.1361,54.965],[69.1362,54.965],[69.1389,54.9644],[69.139,54.9644]]],"type":"MultiLineString"},"geometry_name":"shape","id":"gp_red_lines.fid--7752831e_19fad8546bb_583e","properties":{"area":null,"creation_doc_id":3586,"deactivation_doc_id":null,"id":2574855},"type":"Feature"},{"bbox":[69.1457,54.9567,69.1516,54.9597],"geometry":{"coordinates":[[[69.1516,54.9587],[69.1509,54.9567],[69.1458,54.9572],[69.1458,54.9572],[69.1457,54.9572],[69.1474,54.9597],[69.1516,54.9587],[69.1516,54.9587]]],"type":"MultiLineString"},"geometry_name":"shape","id":"gp_red_lines.fid--7752831e_19fad8546bb_583f","properties":{"area":null,"creation_doc_id":3586,"deactivation_doc_id":null,"id":2574856},"type":"Feature"},{"bbox":[69.1315,54.9359,69.141,54.9399],"geometry":{"coordinates":[[[69.141,54.937],[69.133,54.9359],[69.1321,54.938],[69.1315,54.9393],[69.1401,54.9399],[69.1406,54.9379],[69.1406,54.9379],[69.1406,54.9379],[69.1406,54.9379],[69.1406,54.9379],[69.1406,54.9379],[69.1406,54.9379],[69.1406,54.9379],[69.141,54.937]]],"type":"MultiLineString"},"geometry_name":"shape","id":"gp_red_lines.fid--7752831e_19fad8546bb_5840","properties":{"area":null,"creation_doc_id":3586,"deactivation_doc_id":null,"id":2574857},"type":"Feature"},{"bbox":[69.1408,54.9371,69.1497,54.9406],"geometry":{"coordinates":[[[69.1497,54.9406],[69.1497,54.9406],[69.1482,54.9379],[69.1417,54.9371],[69.1417,54.9371],[69.1412,54.938],[69.1412,54.938],[69.1412,54.938],[69.1408,54.9399],[69.1497,54.9406],[69.1497,54.9406],[69.1497,54.9406],[69.1497,54.9406],[69.1497,54.9406],[69.1497,54.9406],[69.1497,54.9406],[69.1497,54.9406]]],"type":"MultiLineString"},"geometry_name":"shape","id":"gp_red_lines.fid--7752831e_19fad8546bb_5841","properties":{"area":null,"creation_doc_id":3586,"deactivation_doc_id":null,"id":2574858},"type":"Feature"},{"bbox":[69.1703,54.8954,69.2171,54.9173],"geometry":{"coordinates":[[[69.2171,54.9054],[69.2166,54.9051],[69.2166,54.9051],[69.2164,54.905],[69.2164,54.9049],[69.2164,54.9049],[69.2163,54.9049],[69.2163,54.9048],[69.2163,54.9047],[69.2163,54.9047],[69.2162,54.9045],[69.2162,54.9045],[69.2162,54.9004],[69.198,54.9009],[69.198,54.9009],[69.198,54.9009],[69.198,54.9009],[69.1979,54.9009],[69.1978,54.9009],[69.1978,54.9009],[69.1977,54.9009],[69.1977,54.9009],[69.1977,54.9009],[69.1948,54.8991],[69.1925,54.8987],[69.1925,54.8986],[69.1924,54.8986],[69.1924,54.8986],[69.1924,54.8986],[69.1923,54.8986],[69.1923,54.8985],[69.1922,54.8985],[69.1922,54.8985],[69.1922,54.8984],[69.1918,54.8954],[69.1703,54.8963],[69.1728,54.9166],[69.1747,54.9173],[69.1747,54.9173],[69.1747,54.9173],[69.1748,54.9173],[69.1749,54.9173],[69.175,54.9173],[69.1751,54.9173],[69.1753,54.9173],[69.1753,54.9173],[69.1757,54.9173],[69.1757,54.9172],[69.2094,54.909],[69.2094,54.909],[69.2095,54.909],[69.2101,54.9088],[69.2114,54.9086],[69.2115,54.9086],[69.2127,54.9084],[69.2139,54.9082],[69.214,54.9082],[69.2147,54.9081],[69.2148,54.9081],[69.2152,54.908],[69.2153,54.9079],[69.2154,54.9079],[69.2154,54.9078],[69.2154,54.9074],[69.2154,54.9074],[69.2153,54.9068],[69.2153,54.9067],[69.2153,54.9067],[69.2153,54.9066],[69.2154,54.9065],[69.2154,54.9065],[69.2154,54.9064],[69.2155,54.9063],[69.2155,54.9063],[69.2156,54.9062],[69.2156,54.9062],[69.2157,54.9061],[69.2157,54.9061],[69.2159,54.906],[69.2159,54.906],[69.2165,54.9056],[69.2171,54.9054]]],"type":"MultiLineString"},"geometry_name":"shape","id":"gp_red_lines.fid--7752831e_19fad8546bb_5842","properties":{"area":null,"creation_doc_id":3586,"deactivation_doc_id":null,"id":2574859},"type":"Feature"},{"bbox":[69.2166,54.8877,69.2462,54.9051],"geometry":{"coordinates":[[[69.2462,54.8898],[69.2462,54.8895],[69.2461,54.889],[69.2459,54.8877],[69.2455,54.8877],[69.2455,54.8877],[69.2166,54.8885],[69.2169,54.9045],[69.2169,54.9047],[69.2169,54.9047],[69.217,54.9048],[69.2171,54.9048],[69.2176,54.9051],[69.2271,54.9008],[69.2362,54.8967],[69.2396,54.8951],[69.2421,54.8939],[69.2421,54.8939],[69.243,54.8935],[69.2438,54.8931],[69.2442,54.8929],[69.2445,54.8926],[69.2448,54.8924],[69.245,54.8922],[69.2453,54.892],[69.2455,54.8917],[69.2457,54.8914],[69.2459,54.8912],[69.246,54.8909],[69.2461,54.8907],[69.2462,54.8904],[69.2462,54.8901],[69.2462,54.8898]]],"type":"MultiLineString"},"geometry_name":"shape","id":"gp_red_lines.fid--7752831e_19fad8546bb_5843","properties":{"area":null,"creation_doc_id":3586,"deactivation_doc_id":null,"id":2574860},"type":"Feature"},{"bbox":[69.2164,54.8789,69.2458,54.8881],"geometry":{"coordinates":[[[69.2458,54.8874],[69.2448,54.8823],[69.2448,54.8823],[69.2447,54.8818],[69.2445,54.8812],[69.2445,54.8807],[69.2445,54.8806],[69.2445,54.8802],[69.2445,54.8801],[69.2445,54.8797],[69.2446,54.8793],[69.2446,54.8793],[69.2447,54.8791],[69.2447,54.879],[69.2447,54.879],[69.2447,54.879],[69.2447,54.879],[69.2446,54.879],[69.2446,54.879],[69.2446,54.879],[69.2445,54.879],[69.2445,54.8789],[69.2445,54.8789],[69.2444,54.8789],[69.2444,54.8789],[69.2444,54.8789],[69.2442,54.8789],[69.2164,54.8795],[69.2166,54.8881],[69.2454,54.8874],[69.2454,54.8874],[69.2458,54.8874]]],"type":"MultiLineString"},"geometry_name":"shape","id":"gp_red_lines.fid--7752831e_19fad8546bb_5844","properties":{"area":null,"creation_doc_id":3586,"deactivation_doc_id":null,"id":2574861},"type":"Feature"},{"bbox":[69.193,54.8795,69.2159,54.8887],"geometry":{"coordinates":[[[69.2159,54.8882],[69.2158,54.8795],[69.193,54.88],[69.193,54.88],[69.1937,54.8887],[69.2159,54.8882]]],"type":"MultiLineString"},"geometry_name":"shape","id":"gp_red_lines.fid--7752831e_19fad8546bb_5845","properties":{"area":null,"creation_doc_id":3586,"deactivation_doc_id":null,"id":2574862},"type":"Feature"},{"bbox":[69.1926,54.8736,69.2158,54.8796],"geometry":{"coordinates":[[[69.2158,54.8791],[69.2157,54.8743],[69.2151,54.8736],[69.193,54.874],[69.193,54.8743],[69.193,54.8743],[69.193,54.8743],[69.1926,54.8755],[69.193,54.8796],[69.2158,54.8791]]],"type":"MultiLineString"},"geometry_name":"shape","id":"gp_red_lines.fid--7752831e_19fad8546bb_5846","properties":{"area":null,"creation_doc_id":3586,"deactivation_doc_id":null,"id":2574863},"type":"Feature"},{"bbox":[69.1924,54.8885,69.2162,54.9006],"geometry":{"coordinates":[[[69.2162,54.9],[69.2159,54.8885],[69.1938,54.8891],[69.1938,54.8891],[69.1938,54.8891],[69.1939,54.8911],[69.1939,54.8911],[69.1939,54.8911],[69.1939,54.8911],[69.1938,54.8912],[69.1938,54.8912],[69.1938,54.8913],[69.1937,54.8913],[69.1937,54.8913],[69.1936,54.8914],[69.1935,54.8914],[69.1934,54.8914],[69.1934,54.8914],[69.1928,54.8914],[69.1932,54.895],[69.1932,54.895],[69.1932,54.895],[69.1932,54.8951],[69.1932,54.8951],[69.1932,54.8951],[69.1932,54.8951],[69.1932,54.8951],[69.1932,54.8951],[69.1932,54.8951],[69.1932,54.8952],[69.1932,54.8952],[69.1931,54.8952],[69.1931,54.8952],[69.1931,54.8952],[69.1931,54.8952],[69.1931,54.8952],[69.1931,54.8953],[69.193,54.8953],[69.193,54.8953],[69.193,54.8953],[69.193,54.8953],[69.193,54.8953],[69.1929,54.8953],[69.1929,54.8953],[69.1929,54.8953],[69.1929,54.8953],[69.1928,54.8953],[69.1928,54.8953],[69.1928,54.8953],[69.1924,54.8954],[69.1928,54.8983],[69.1951,54.8988],[69.1951,54.8988],[69.1952,54.8988],[69.1981,54.9006],[69.2162,54.9]]],"type":"MultiLineString"},"geometry_name":"shape","id":"gp_red_lines.fid--7752831e_19fad8546bb_5847","properties":{"area":null,"creation_doc_id":3586,"deactivation_doc_id":null,"id":2574864},"type":"Feature"},{"bbox":[69.1605,54.8963,69.1713,54.9099],"geometry":{"coordinates":[[[69.1713,54.9095],[69.1697,54.8963],[69.1615,54.8967],[69.1617,54.9013],[69.1617,54.9013],[69.1617,54.9013],[69.1617,54.9013],[69.1617,54.9013],[69.1605,54.9043],[69.1612,54.9099],[69.1713,54.9095]]],"type":"MultiLineString"},"geometry_name":"shape","id":"gp_red_lines.fid--7752831e_19fad8546bb_5848","properties":{"area":null,"creation_doc_id":3586,"deactivation_doc_id":null,"id":2574865},"type":"Feature"},{"bbox":[69.0153,54.8001,69.311,55.0024],"geometry":{"coordinates":[[[69.0171,54.969],[69.0171,54.969],[69.0171,54.969],[69.0171,54.969],[69.017,54.969],[69.017,54.969],[69.0169,54.9691],[69.0169,54.9691],[69.0168,54.9691],[69.0168,54.9691],[69.0167,54.9692],[69.0167,54.9692],[69.0166,54.9692],[69.0166,54.9692],[69.0165,54.9692],[69.0165,54.9692],[69.0165,54.9692],[69.0165,54.9692],[69.0165,54.9692],[69.0164,54.9692],[69.0164,54.9692],[69.0164,54.9692],[69.0164,54.9692],[69.0164,54.9692],[69.0163,54.9692],[69.0163,54.9693],[69.0163,54.9693],[69.0163,54.9693],[69.0162,54.9693],[69.0162,54.9693],[69.0162,54.9693],[69.0162,54.9693],[69.0161,54.9693],[69.0161,54.9693],[69.0161,54.9693],[69.0161,54.9693],[69.0161,54.9693],[69.016,54.9693],[69.016,54.9693],[69.016,54.9693],[69.016,54.9693],[69.016,54.9694],[69.016,54.9694],[69.0159,54.9694],[69.0159,54.9694],[69.0159,54.9694],[69.0159,54.9694],[69.0159,54.9694],[69.0159,54.9694],[69.0158,54.9694],[69.0158,54.9694],[69.0158,54.9694],[69.0158,54.9694],[69.0157,54.9695],[69.0157,54.9695],[69.0157,54.9695],[69.0157,54.9695],[69.0157,54.9695],[69.0157,54.9695],[69.0157,54.9695],[69.0157,54.9695],[69.0156,54.9695],[69.0156,54.9695],[69.0156,54.9695],[69.0156,54.9696],[69.0156,54.9696],[69.0156,54.9696],[69.0156,54.9696],[69.0156,54.9696],[69.0155,54.9696],[69.0155,54.9696],[69.0155,54.9696],[69.0155,54.9696],[69.0155,54.9696],[69.0155,54.9697],[69.0155,54.9697],[69.0155,54.9697],[69.0155,54.9697],[69.0155,54.9697],[69.0155,54.9697],[69.0154,54.9697],[69.0154,54.9697],[69.0154,54.9697],[69.0154,54.9697],[69.0154,54.9698],[69.0154,54.9698],[69.0154,54.9698],[69.0154,54.9698],[69.0154,54.9698],[69.0154,54.9698],[69.0154,54.9698],[69.0154,54.9699],[69.0154,54.9699],[69.0154,54.9699],[69.0154,54.9699],[69.0154,54.9699],[69.0153,54.9699],[69.0153,54.9699],[69.0153,54.9699],[69.0153,54.97],[69.0153,54.97],[69.0153,54.97],[69.0153,54.97],[69.0153,54.97],[69.0153,54.97],[69.0153,54.9701],[69.0153,54.9701],[69.0153,54.9701],[69.0153,54.9701],[69.0153,54.9701],[69.0153,54.9701],[69.0153,54.9701],[69.0153,54.9701],[69.0153,54.9701],[69.0153,54.9701],[69.0153,54.9702],[69.0153,54.9702],[69.0153,54.9702],[69.0153,54.9702],[69.0153,54.9702],[69.0154,54.9702],[69.0154,54.9702],[69.0154,54.9702],[69.0154,54.9703],[69.0154,54.9703],[69.0154,54.9703],[69.0154,54.9703],[69.0154,54.9703],[69.0154,54.9703],[69.0154,54.9703],[69.0154,54.9703],[69.0154,54.9704],[69.0154,54.9704],[69.0154,54.9704],[69.0154,54.9704],[69.0155,54.9704],[69.0155,54.9704],[69.0155,54.9704],[69.0155,54.9704],[69.0155,54.9705],[69.0155,54.9705],[69.0155,54.9705],[69.0155,54.9705],[69.0155,54.9705],[69.0155,54.9705],[69.0156,54.9705],[69.0156,54.9705],[69.0156,54.9705],[69.0156,54.9706],[69.0156,54.9706],[69.0156,54.9706],[69.0156,54.9706],[69.0156,54.9706],[69.0157,54.9706],[69.0157,54.9706],[69.0157,54.9706],[69.0157,54.9706],[69.0157,54.9706],[69.0157,54.9707],[69.0157,54.9707],[69.0158,54.9707],[69.0158,54.9707],[69.0158,54.9707],[69.0158,54.9707],[69.0158,54.9707],[69.0159,54.9707],[69.0159,54.9707],[69.0159,54.9707],[69.0159,54.9708],[69.0159,54.9708],[69.0159,54.9708],[69.0159,54.9708],[69.016,54.9708],[69.016,54.9708],[69.016,54.9708],[69.016,54.9708],[69.0161,54.9708],[69.0161,54.9708],[69.0161,54.9708],[69.0161,54.9708],[69.0161,54.9708],[69.0162,54.9708],[69.0162,54.9708],[69.0162,54.9708],[69.0162,54.9708],[69.0162,54.9708],[69.0162,54.9708],[69.0162,54.9709],[69.0163,54.9709],[69.0163,54.9709],[69.0163,54.9709],[69.0163,54.9709],[69.0163,54.9709],[69.0163,54.9709],[69.0164,54.9709],[69.0164,54.9709],[69.0164,54.9709],[69.0164,54.9709],[69.0164,54.9709],[69.0165,54.9709],[69.0165,54.9709],[69.0165,54.9709],[69.0165,54.9709],[69.0166,54.9709],[69.0166,54.9709],[69.0166,54.9709],[69.0166,54.9709],[69.0167,54.9709],[69.0167,54.9709],[69.0167,54.9709],[69.0167,54.9709],[69.0168,54.9709],[69.0168,54.9709],[69.0168,54.9709],[69.0168,54.9709],[69.0175,54.9709],[69.0214,54.9932],[69.0214,54.9932],[69.0238,55.0023],[69.025,55.0022],[69.0227,54.9931],[69.0188,54.9712],[69.0192,54.9709],[69.0325,54.9709],[69.0328,54.9709],[69.0331,54.9709],[69.0333,54.9709],[69.0336,54.9709],[69.0339,54.9709],[69.0341,54.9709],[69.0344,54.971],[69.0347,54.971],[69.0349,54.971],[69.0352,54.971],[69.0355,54.9711],[69.0357,54.9711],[69.036,54.9711],[69.0363,54.9712],[69.0365,54.9712],[69.0368,54.9713],[69.037,54.9713],[69.0373,54.9713],[69.0375,54.9714],[69.0378,54.9714],[69.038,54.9715],[69.0383,54.9716],[69.0385,54.9716],[69.0388,54.9717],[69.039,54.9717],[69.0393,54.9718],[69.0395,54.9719],[69.0397,54.972],[69.04,54.972],[69.0402,54.9721],[69.0404,54.9722],[69.0407,54.9723],[69.0409,54.9724],[69.0411,54.9724],[69.0413,54.9725],[69.0415,54.9726],[69.0418,54.9727],[69.042,54.9728],[69.0422,54.9729],[69.0424,54.973],[69.0426,54.9731],[69.0428,54.9732],[69.043,54.9733],[69.0432,54.9734],[69.0434,54.9735],[69.0435,54.9736],[69.0437,54.9738],[69.0439,54.9739],[69.0441,54.974],[69.0442,54.9741],[69.0442,54.9741],[69.0497,54.978],[69.0498,54.978],[69.0498,54.9781],[69.0499,54.9782],[69.0499,54.9782],[69.0501,54.9782],[69.0501,54.9782],[69.0502,54.9783],[69.0502,54.9783],[69.0503,54.9784],[69.0503,54.9784],[69.0505,54.9785],[69.0505,54.9785],[69.0506,54.9786],[69.0506,54.9786],[69.0507,54.9787],[69.0507,54.9787],[69.0509,54.9788],[69.0509,54.9788],[69.051,54.9788],[69.051,54.9788],[69.0512,54.9789],[69.0512,54.9789],[69.0513,54.979],[69.0513,54.979],[69.0514,54.9791],[69.0514,54.9791],[69.0516,54.9791],[69.0516,54.9791],[69.0517,54.9792],[69.0517,54.9792],[69.0519,54.9793],[69.0519,54.9793],[69.052,54.9794],[69.0521,54.9794],[69.0522,54.9794],[69.0522,54.9794],[69.0524,54.9795],[69.0524,54.9795],[69.0525,54.9796],[69.0525,54.9796],[69.0527,54.9797],[69.0527,54.9797],[69.0528,54.9797],[69.0528,54.9797],[69.053,54.9798],[69.053,54.9798],[69.0532,54.9799],[69.0532,54.9799],[69.0533,54.9799],[69.0533,54.9799],[69.0535,54.98],[69.0535,54.98],[69.0537,54.98],[69.0537,54.98],[69.0538,54.9801],[69.0538,54.9801],[69.054,54.9802],[69.054,54.9802],[69.0542,54.9802],[69.0542,54.9802],[69.0543,54.9803],[69.0543,54.9803],[69.0543,54.9803],[69.0545,54.9803],[69.0545,54.9803],[69.0547,54.9804],[69.0547,54.9804],[69.0549,54.9804],[69.0549,54.9804],[69.055,54.9805],[69.055,54.9805],[69.0552,54.9805],[69.0552,54.9805],[69.0554,54.9806],[69.0554,54.9806],[69.0556,54.9806],[69.0556,54.9806],[69.0558,54.9807],[69.0558,54.9807],[69.0559,54.9807],[69.056,54.9807],[69.0561,54.9808],[69.0561,54.9808],[69.0563,54.9808],[69.0563,54.9808],[69.0565,54.9809],[69.0565,54.9809],[69.0567,54.9809],[69.0567,54.9809],[69.0569,54.9809],[69.0569,54.9809],[69.0571,54.981],[69.0571,54.981],[69.0573,54.981],[69.0573,54.981],[69.0574,54.9811],[69.0574,54.9811],[69.0576,54.9811],[69.0576,54.9811],[69.0578,54.9811],[69.1225,54.9939],[69.1228,54.9938],[69.1255,54.9944],[69.1255,54.9945],[69.1271,54.9948],[69.1272,54.9948],[69.1276,54.9949],[69.1276,54.9949],[69.1278,54.9949],[69.1278,54.9949],[69.128,54.9949],[69.128,54.9949],[69.1283,54.9949],[69.1283,54.9949],[69.1285,54.995],[69.1285,54.995],[69.1287,54.995],[69.1287,54.995],[69.1289,54.995],[69.1289,54.995],[69.1291,54.995],[69.1291,54.995],[69.1293,54.9951],[69.1293,54.9951],[69.1295,54.9951],[69.1295,54.9951],[69.1297,54.9951],[69.1297,54.9951],[69.1299,54.9951],[69.1299,54.9951],[69.1302,54.9951],[69.1302,54.9951],[69.1304,54.9951],[69.1304,54.9951],[69.1306,54.9951],[69.1306,54.9951],[69.1308,54.9951],[69.1308,54.9951],[69.131,54.9951],[69.131,54.9951],[69.1312,54.9951],[69.1312,54.9951],[69.1314,54.9952],[69.1314,54.9952],[69.1316,54.9952],[69.1317,54.9952],[69.1317,54.9952],[69.1319,54.9952],[69.1319,54.9952],[69.1321,54.9951],[69.1321,54.9951],[69.1323,54.9951],[69.1323,54.9951],[69.1325,54.9951],[69.1325,54.9951],[69.1327,54.9951],[69.1327,54.9951],[69.1329,54.9951],[69.1329,54.9951],[69.1331,54.9951],[69.1332,54.9951],[69.1334,54.9951],[69.1334,54.9951],[69.1336,54.9951],[69.1336,54.9951],[69.1338,54.9951],[69.1338,54.9951],[69.134,54.9951],[69.134,54.9951],[69.1342,54.995],[69.1342,54.995],[69.1344,54.995],[69.1344,54.995],[69.1346,54.995],[69.1346,54.995],[69.1348,54.995],[69.1348,54.995],[69.1351,54.9949],[69.1351,54.9949],[69.1353,54.9949],[69.1353,54.9949],[69.1355,54.9949],[69.1355,54.9949],[69.1357,54.9949],[69.1357,54.9949],[69.1359,54.9948],[69.1359,54.9948],[69.1361,54.9948],[69.1361,54.9948],[69.1363,54.9948],[69.1363,54.9948],[69.1367,54.9947],[69.1418,54.9935],[69.1424,54.9934],[69.1424,54.9934],[69.1424,54.9934],[69.1424,54.9934],[69.1424,54.9934],[69.1424,54.9934],[69.1424,54.9934],[69.1424,54.9934],[69.1424,54.9934],[69.1425,54.9934],[69.1425,54.9934],[69.1425,54.9934],[69.1425,54.9934],[69.1425,54.9934],[69.1425,54.9934],[69.1425,54.9934],[69.1425,54.9934],[69.1425,54.9934],[69.1425,54.9934],[69.1425,54.9934],[69.1425,54.9934],[69.1425,54.9934],[69.1425,54.9934],[69.1425,54.9934],[69.1425,54.9934],[69.1426,54.9934],[69.1426,54.9934],[69.1426,54.9934],[69.1426,54.9934],[69.1426,54.9934],[69.1426,54.9934],[69.1427,54.9934],[69.1427,54.9934],[69.1427,54.9934],[69.1427,54.9934],[69.1427,54.9934],[69.1428,54.9934],[69.1428,54.9934],[69.1428,54.9934],[69.1428,54.9934],[69.1428,54.9934],[69.1428,54.9934],[69.1428,54.9934],[69.1428,54.9934],[69.1429,54.9934],[69.1429,54.9934],[69.1429,54.9934],[69.1429,54.9934],[69.1429,54.9934],[69.1429,54.9934],[69.1429,54.9934],[69.1429,54.9934],[69.1429,54.9934],[69.1429,54.9934],[69.1429,54.9934],[69.1429,54.9934],[69.143,54.9934],[69.143,54.9934],[69.143,54.9934],[69.143,54.9934],[69.143,54.9934],[69.143,54.9934],[69.143,54.9934],[69.143,54.9934],[69.143,54.9934],[69.143,54.9934],[69.143,54.9934],[69.143,54.9934],[69.143,54.9934],[69.143,54.9934],[69.143,54.9934],[69.1431,54.9934],[69.1431,54.9934],[69.1431,54.9934],[69.1431,54.9934],[69.1431,54.9934],[69.1431,54.9934],[69.1431,54.9934],[69.1432,54.9934],[69.1432,54.9934],[69.1432,54.9934],[69.1432,54.9934],[69.1432,54.9934],[69.1432,54.9934],[69.1432,54.9934],[69.1432,54.9934],[69.1433,54.9934],[69.1433,54.9934],[69.1433,54.9934],[69.1433,54.9934],[69.1433,54.9934],[69.1433,54.9934],[69.1433,54.9934],[69.1433,54.9934],[69.1433,54.9934],[69.1433,54.9934],[69.1433,54.9934],[69.1433,54.9934],[69.1433,54.9934],[69.1433,54.9934],[69.1433,54.9934],[69.1433,54.9934],[69.1434,54.9934],[69.1434,54.9934],[69.1434,54.9934],[69.1434,54.9934],[69.1434,54.9934],[69.1434,54.9934],[69.1434,54.9934],[69.1434,54.9934],[69.1434,54.9934],[69.1434,54.9935],[69.1434,54.9935],[69.1434,54.9935],[69.1434,54.9935],[69.1434,54.9935],[69.1434,54.9935],[69.1434,54.9935],[69.1434,54.9935],[69.1434,54.9935],[69.1434,54.9935],[69.1434,54.9935],[69.1434,54.9935],[69.1434,54.9935],[69.1434,54.9935],[69.1435,54.9935],[69.1435,54.9935],[69.1435,54.9935],[69.1435,54.9935],[69.1435,54.9935],[69.1435,54.9935],[69.1435,54.9935],[69.1435,54.9935],[69.1435,54.9935],[69.1435,54.9935],[69.1435,54.9935],[69.1435,54.9935],[69.1435,54.9935],[69.1436,54.9935],[69.1436,54.9935],[69.1436,54.9935],[69.1436,54.9935],[69.1436,54.9935],[69.1436,54.9935],[69.1436,54.9935],[69.1436,54.9935],[69.1436,54.9935],[69.1437,54.9935],[69.1437,54.9935],[69.1437,54.9935],[69.1437,54.9935],[69.1437,54.9935],[69.1437,54.9935],[69.1437,54.9935],[69.1438,54.9935],[69.1438,54.9935],[69.1438,54.9935],[69.1438,54.9935],[69.1438,54.9935],[69.1438,54.9935],[69.1438,54.9935],[69.1438,54.9935],[69.1438,54.9935],[69.1438,54.9935],[69.1438,54.9935],[69.1438,54.9935],[69.1438,54.9935],[69.1438,54.9935],[69.1438,54.9935],[69.1438,54.9935],[69.1438,54.9935],[69.1439,54.9935],[69.1439,54.9935],[69.1439,54.9935],[69.1439,54.9935],[69.1439,54.9935],[69.1439,54.9935],[69.1439,54.9935],[69.1439,54.9935],[69.1439,54.9935],[69.1439,54.9935],[69.1439,54.9935],[69.1439,54.9935],[69.1439,54.9935],[69.1439,54.9935],[69.1439,54.9935],[69.144,54.9936],[69.144,54.9936],[69.144,54.9936],[69.144,54.9936],[69.144,54.9936],[69.144,54.9936],[69.144,54.9936],[69.144,54.9936],[69.144,54.9936],[69.144,54.9936],[69.144,54.9936],[69.144,54.9936],[69.144,54.9936],[69.144,54.9936],[69.144,54.9936],[69.144,54.9936],[69.144,54.9936],[69.1441,54.9936],[69.1441,54.9936],[69.1441,54.9936],[69.1441,54.9936],[69.1441,54.9936],[69.1441,54.9936],[69.1441,54.9936],[69.1441,54.9936],[69.1441,54.9936],[69.1441,54.9936],[69.1441,54.9936],[69.1441,54.9936],[69.1441,54.9936],[69.1441,54.9936],[69.1441,54.9936],[69.1441,54.9936],[69.1442,54.9936],[69.1442,54.9936],[69.1442,54.9936],[69.1442,54.9936],[69.1442,54.9936],[69.1442,54.9936],[69.1442,54.9936],[69.1442,54.9936],[69.1442,54.9936],[69.1442,54.9936],[69.1442,54.9936],[69.1443,54.9936],[69.1443,54.9936],[69.1443,54.9936],[69.1443,54.9936],[69.1443,54.9936],[69.1443,54.9936],[69.1443,54.9936],[69.1443,54.9936],[69.1443,54.9936],[69.1443,54.9936],[69.1443,54.9936],[69.1443,54.9936],[69.1444,54.9936],[69.1444,54.9936],[69.1444,54.9936],[69.1444,54.9936],[69.1444,54.9936],[69.1444,54.9936],[69.1444,54.9936],[69.1444,54.9936],[69.1444,54.9936],[69.1444,54.9936],[69.1444,54.9936],[69.1444,54.9936],[69.1444,54.9936],[69.1444,54.9936],[69.1444,54.9936],[69.1444,54.9936],[69.1444,54.9937],[69.1444,54.9937],[69.1444,54.9937],[69.1444,54.9937],[69.1445,54.9937],[69.1445,54.9937],[69.1445,54.9937],[69.1445,54.9937],[69.1445,54.9937],[69.1445,54.9937],[69.1445,54.9937],[69.1445,54.9937],[69.1445,54.9937],[69.1446,54.9937],[69.1446,54.9937],[69.1446,54.9937],[69.1446,54.9937],[69.1446,54.9937],[69.1446,54.9937],[69.1446,54.9937],[69.1446,54.9937],[69.1446,54.9937],[69.1446,54.9937],[69.1446,54.9937],[69.1447,54.9937],[69.1447,54.9937],[69.1447,54.9937],[69.1447,54.9937],[69.1447,54.9937],[69.1447,54.9937],[69.1447,54.9937],[69.1447,54.9937],[69.1447,54.9937],[69.1447,54.9937],[69.1447,54.9937],[69.1447,54.9937],[69.1448,54.9937],[69.1448,54.9937],[69.1448,54.9937],[69.1448,54.9937],[69.1448,54.9937],[69.1448,54.9937],[69.1448,54.9937],[69.1448,54.9937],[69.1448,54.9937],[69.1448,54.9937],[69.1448,54.9937],[69.1448,54.9937],[69.1448,54.9937],[69.1448,54.9937],[69.1448,54.9937],[69.1448,54.9937],[69.1448,54.9937],[69.1448,54.9938],[69.1448,54.9938],[69.1449,54.9938],[69.1449,54.9938],[69.1449,54.9938],[69.1449,54.9938],[69.1449,54.9938],[69.1449,54.9938],[69.1449,54.9938],[69.1449,54.9938],[69.1449,54.9938],[69.1449,54.9938],[69.1449,54.9938],[69.1449,54.9938],[69.1449,54.9938],[69.145,54.9938],[69.145,54.9938],[69.145,54.9938],[69.145,54.9938],[69.145,54.9938],[69.145,54.9938],[69.145,54.9938],[69.145,54.9938],[69.145,54.9938],[69.145,54.9938],[69.145,54.9938],[69.145,54.9938],[69.145,54.9938],[69.145,54.9938],[69.145,54.9938],[69.145,54.9938],[69.145,54.9938],[69.145,54.9938],[69.145,54.9938],[69.145,54.9938],[69.1451,54.9938],[69.1451,54.9938],[69.1451,54.9938],[69.1451,54.9938],[69.1451,54.9938],[69.1451,54.9938],[69.1451,54.9938],[69.1451,54.9938],[69.1451,54.9938],[69.1451,54.9938],[69.1451,54.9938],[69.1451,54.9938],[69.1451,54.9938],[69.1451,54.9938],[69.1451,54.9938],[69.1451,54.9938],[69.1451,54.9938],[69.1451,54.9938],[69.1451,54.9938],[69.1451,54.9938],[69.1451,54.9938],[69.1452,54.9938],[69.1452,54.9938],[69.1452,54.9938],[69.1452,54.9938],[69.1452,54.9938],[69.1452,54.9938],[69.1452,54.9938],[69.1452,54.9938],[69.1452,54.9938],[69.1452,54.9938],[69.1452,54.9938],[69.1452,54.9938],[69.1452,54.9938],[69.1452,54.9938],[69.1453,54.9938],[69.1453,54.9938],[69.1453,54.9939],[69.1453,54.9939],[69.1453,54.9939],[69.1453,54.9939],[69.1453,54.9939],[69.1454,54.9939],[69.1454,54.9939],[69.1454,54.9939],[69.1454,54.9939],[69.1454,54.9939],[69.1454,54.9939],[69.1454,54.9939],[69.1454,54.9939],[69.1454,54.9939],[69.1454,54.9939],[69.1454,54.9939],[69.1454,54.9939],[69.1454,54.9939],[69.1454,54.9939],[69.1455,54.9939],[69.1455,54.9939],[69.1455,54.9939],[69.1455,54.9939],[69.1455,54.9939],[69.1455,54.9939],[69.1455,54.9939],[69.1455,54.9939],[69.1455,54.9939],[69.1455,54.9939],[69.1455,54.9939],[69.1455,54.9939],[69.1455,54.9939],[69.1455,54.9939],[69.1455,54.9939],[69.1455,54.9939],[69.1455,54.9939],[69.1455,54.9939],[69.1455,54.9939],[69.1456,54.9939],[69.1456,54.9939],[69.1456,54.9939],[69.1456,54.9939],[69.1456,54.9939],[69.1457,54.994],[69.1457,54.994],[69.1457,54.994],[69.1457,54.994],[69.1457,54.994],[69.1457,54.994],[69.1457,54.994],[69.1457,54.994],[69.1457,54.994],[69.1457,54.994],[69.1457,54.994],[69.1457,54.994],[69.1457,54.994],[69.1457,54.994],[69.1457,54.994],[69.1457,54.994],[69.1457,54.994],[69.1457,54.994],[69.1457,54.994],[69.1457,54.994],[69.1457,54.994],[69.1457,54.994],[69.1458,54.994],[69.1458,54.994],[69.1458,54.994],[69.1458,54.994],[69.1458,54.994],[69.1458,54.994],[69.1458,54.994],[69.1459,54.994],[69.1459,54.994],[69.1459,54.994],[69.1459,54.994],[69.1459,54.994],[69.1459,54.994],[69.1459,54.994],[69.1459,54.994],[69.1459,54.994],[69.1459,54.994],[69.1459,54.994],[69.1459,54.994],[69.1459,54.994],[69.146,54.9941],[69.146,54.9941],[69.146,54.9941],[69.146,54.9941],[69.146,54.9941],[69.146,54.9941],[69.146,54.9941],[69.146,54.9941],[69.146,54.9941],[69.146,54.9941],[69.146,54.9941],[69.146,54.9941],[69.146,54.9941],[69.146,54.9941],[69.146,54.9941],[69.146,54.9941],[69.146,54.9941],[69.146,54.9941],[69.146,54.9941],[69.146,54.9941],[69.146,54.9941],[69.146,54.9941],[69.146,54.9941],[69.1461,54.9941],[69.1461,54.9941],[69.1461,54.9941],[69.1461,54.9941],[69.1461,54.9941],[69.1461,54.9941],[69.1461,54.9941],[69.1461,54.9941],[69.1461,54.9941],[69.1461,54.9941],[69.1461,54.9941],[69.1461,54.9941],[69.1461,54.9941],[69.1461,54.9941],[69.1461,54.9941],[69.1461,54.9941],[69.1461,54.9941],[69.1461,54.9941],[69.1461,54.9941],[69.1461,54.9941],[69.1461,54.9941],[69.1461,54.9941],[69.1461,54.9941],[69.1461,54.9941],[69.1461,54.9941],[69.1461,54.9941],[69.1461,54.9941],[69.1461,54.9941],[69.1462,54.9941],[69.1462,54.9941],[69.1462,54.9942],[69.1462,54.9942],[69.1462,54.9942],[69.1462,54.9942],[69.1463,54.9942],[69.1463,54.9942],[69.1463,54.9942],[69.1463,54.9942],[69.1463,54.9942],[69.1463,54.9942],[69.1463,54.9942],[69.1463,54.9942],[69.1463,54.9942],[69.1463,54.9942],[69.1463,54.9942],[69.1463,54.9942],[69.1463,54.9942],[69.1463,54.9942],[69.1463,54.9942],[69.1463,54.9943],[69.1463,54.9943],[69.1463,54.9943],[69.1463,54.9943],[69.1464,54.9943],[69.1464,54.9943],[69.1464,54.9943],[69.1464,54.9943],[69.1464,54.9943],[69.1464,54.9943],[69.1464,54.9943],[69.1464,54.9943],[69.1464,54.9943],[69.1464,54.9943],[69.1464,54.9943],[69.1464,54.9943],[69.1464,54.9943],[69.1464,54.9943],[69.1464,54.9943],[69.1465,54.9943],[69.1465,54.9943],[69.1465,54.9943],[69.1465,54.9943],[69.1465,54.9943],[69.1465,54.9943],[69.1465,54.9943],[69.1465,54.9944],[69.1465,54.9944],[69.1465,54.9944],[69.1465,54.9944],[69.1465,54.9944],[69.1465,54.9944],[69.1465,54.9944],[69.1465,54.9944],[69.1465,54.9944],[69.1465,54.9944],[69.1465,54.9944],[69.1466,54.9944],[69.1466,54.9944],[69.1466,54.9944],[69.1466,54.9944],[69.1466,54.9944],[69.1466,54.9944],[69.1466,54.9944],[69.1466,54.9944],[69.1466,54.9944],[69.1466,54.9944],[69.1466,54.9944],[69.1466,54.9944],[69.1466,54.9945],[69.1466,54.9945],[69.1466,54.9945],[69.1466,54.9945],[69.1466,54.9945],[69.1466,54.9945],[69.1466,54.9945],[69.1466,54.9945],[69.1466,54.9945],[69.1466,54.9945],[69.1466,54.9945],[69.1466,54.9945],[69.1466,54.9945],[69.1466,54.9945],[69.1466,54.9945],[69.1466,54.9945],[69.1466,54.9945],[69.1466,54.9945],[69.1466,54.9945],[69.1466,54.9945],[69.1466,54.9945],[69.1466,54.9945],[69.1467,54.9945],[69.1467,54.9945],[69.1467,54.9945],[69.1467,54.9945],[69.1467,54.9945],[69.1467,54.9945],[69.1467,54.9945],[69.1467,54.9945],[69.1467,54.9946],[69.1467,54.9946],[69.1469,54.9947],[69.1501,55.0024],[69.1509,55.0023],[69.1478,54.9948],[69.1478,54.9948],[69.1478,54.9946],[69.1479,54.9945],[69.1479,54.9945],[69.1479,54.9945],[69.1479,54.9945],[69.1479,54.9945],[69.1479,54.9944],[69.1479,54.9943],[69.1479,54.9942],[69.1479,54.9942],[69.148,54.9941],[69.148,54.9941],[69.1481,54.994],[69.1481,54.994],[69.1499,54.9912],[69.1499,54.9912],[69.1501,54.991],[69.1501,54.991],[69.1501,54.9909],[69.1506,54.9906],[69.1506,54.9906],[69.1506,54.9906],[69.1506,54.9906],[69.1506,54.9906],[69.1699,54.9817],[69.1992,54.9699],[69.1992,54.9699],[69.1999,54.9696],[69.2008,54.9693],[69.2013,54.9692],[69.2019,54.969],[69.2024,54.9689],[69.2037,54.9687],[69.2053,54.9686],[69.2208,54.9672],[69.2209,54.9672],[69.2222,54.967],[69.2223,54.967],[69.223,54.9668],[69.223,54.9668],[69.2236,54.9666],[69.2237,54.9666],[69.2237,54.9666],[69.2245,54.9663],[69.2245,54.9663],[69.2254,54.966],[69.2254,54.966],[69.2257,54.9658],[69.2258,54.9658],[69.2265,54.9654],[69.2265,54.9654],[69.2274,54.9649],[69.2275,54.9649],[69.2286,54.9642],[69.2287,54.9641],[69.2288,54.964],[69.2289,54.9639],[69.2291,54.9638],[69.2292,54.9637],[69.2293,54.9635],[69.2293,54.9634],[69.2293,54.9633],[69.2294,54.9632],[69.2294,54.9631],[69.2294,54.9631],[69.2294,54.963],[69.2294,54.9629],[69.2294,54.9629],[69.2294,54.9627],[69.2294,54.9626],[69.2293,54.9624],[69.2293,54.9622],[69.2293,54.962],[69.2292,54.9619],[69.2292,54.9618],[69.2293,54.9617],[69.2293,54.9616],[69.2293,54.9615],[69.2293,54.9614],[69.2294,54.9614],[69.2295,54.9612],[69.2295,54.9611],[69.2296,54.9611],[69.2296,54.961],[69.2297,54.9609],[69.2299,54.9609],[69.23,54.9608],[69.2338,54.9587],[69.2341,54.9586],[69.2343,54.9585],[69.2346,54.9584],[69.2348,54.9583],[69.2352,54.9582],[69.2413,54.9563],[69.2413,54.9563],[69.2414,54.9563],[69.2438,54.954],[69.2438,54.954],[69.2439,54.9539],[69.244,54.9539],[69.244,54.9539],[69.2441,54.9539],[69.2441,54.9538],[69.2442,54.9538],[69.2443,54.9538],[69.2443,54.9538],[69.2444,54.9538],[69.2445,54.9538],[69.2445,54.9538],[69.2446,54.9537],[69.2447,54.9537],[69.2447,54.9537],[69.2448,54.9537],[69.2449,54.9537],[69.2475,54.9546],[69.2475,54.9546],[69.249,54.955],[69.249,54.9551],[69.2502,54.9553],[69.2503,54.9554],[69.2512,54.9555],[69.2514,54.9555],[69.2521,54.9555],[69.2521,54.9555],[69.2527,54.9556],[69.2527,54.9556],[69.2528,54.9556],[69.2537,54.9556],[69.2538,54.9555],[69.2564,54.9554],[69.2785,54.953],[69.2785,54.953],[69.2787,54.953],[69.2797,54.9528],[69.2797,54.9528],[69.2803,54.9527],[69.2803,54.9527],[69.2818,54.9525],[69.2818,54.9525],[69.2834,54.9522],[69.2834,54.9522],[69.2851,54.9519],[69.2851,54.9519],[69.2868,54.9515],[69.2876,54.9513],[69.2876,54.9513],[69.2894,54.9509],[69.2894,54.9509],[69.2907,54.9505],[69.2907,54.9505],[69.2923,54.9501],[69.2923,54.9501],[69.311,54.9453],[69.3105,54.9447],[69.2918,54.9495],[69.2902,54.9499],[69.2889,54.9502],[69.2872,54.9506],[69.2863,54.9508],[69.2863,54.9508],[69.2847,54.9512],[69.283,54.9515],[69.2815,54.9518],[69.28,54.9521],[69.2794,54.9521],[69.2784,54.9523],[69.2784,54.9523],[69.2782,54.9523],[69.2564,54.9547],[69.2564,54.9547],[69.2559,54.9547],[69.2537,54.9548],[69.2528,54.9549],[69.2522,54.9548],[69.2515,54.9548],[69.2507,54.9547],[69.2495,54.9544],[69.2481,54.954],[69.247,54.9536],[69.2469,54.9536],[69.2469,54.9536],[69.2469,54.9535],[69.2469,54.9535],[69.2468,54.9534],[69.2468,54.9534],[69.2468,54.9534],[69.2468,54.9533],[69.2468,54.9533],[69.2468,54.9532],[69.2468,54.9532],[69.2468,54.9531],[69.2469,54.9531],[69.2469,54.9531],[69.2469,54.953],[69.2469,54.953],[69.2469,54.953],[69.2469,54.953],[69.2469,54.953],[69.2469,54.953],[69.2469,54.953],[69.2469,54.953],[69.2469,54.953],[69.2469,54.9529],[69.2469,54.9529],[69.2469,54.9529],[69.247,54.9529],[69.247,54.9529],[69.247,54.9529],[69.247,54.9529],[69.247,54.9529],[69.247,54.9529],[69.247,54.9529],[69.247,54.9528],[69.247,54.9528],[69.247,54.9528],[69.247,54.9528],[69.247,54.9528],[69.247,54.9528],[69.247,54.9528],[69.247,54.9528],[69.247,54.9528],[69.247,54.9527],[69.247,54.9527],[69.247,54.9527],[69.247,54.9527],[69.247,54.9527],[69.247,54.9527],[69.247,54.9527],[69.247,54.9527],[69.247,54.9527],[69.2469,54.9526],[69.2469,54.9526],[69.2469,54.9526],[69.2469,54.9526],[69.2469,54.9526],[69.2469,54.9526],[69.2469,54.9526],[69.2469,54.9526],[69.2469,54.9525],[69.2469,54.9525],[69.2469,54.9525],[69.2469,54.9525],[69.2469,54.9525],[69.2469,54.9525],[69.2469,54.9525],[69.2469,54.9525],[69.2468,54.9524],[69.2468,54.9524],[69.2468,54.9524],[69.2468,54.9524],[69.2468,54.9524],[69.2468,54.9524],[69.2468,54.9524],[69.2468,54.9524],[69.2468,54.9524],[69.2468,54.9524],[69.2468,54.9524],[69.2467,54.9524],[69.2467,54.9523],[69.2467,54.9523],[69.2467,54.9523],[69.2467,54.9523],[69.2467,54.9523],[69.2467,54.9523],[69.2467,54.9523],[69.2466,54.9523],[69.2466,54.9523],[69.2466,54.9523],[69.2466,54.9523],[69.2466,54.9522],[69.2466,54.9522],[69.2466,54.9522],[69.2466,54.9522],[69.2465,54.9522],[69.2465,54.9522],[69.2465,54.9522],[69.2465,54.9522],[69.2465,54.9522],[69.2464,54.9522],[69.2464,54.9522],[69.2464,54.9522],[69.2464,54.9521],[69.2464,54.9521],[69.2464,54.9521],[69.2464,54.9521],[69.2463,54.9521],[69.2463,54.9521],[69.2463,54.9521],[69.2463,54.9521],[69.2463,54.9521],[69.2463,54.9521],[69.2462,54.9521],[69.2462,54.9521],[69.2462,54.9521],[69.2462,54.9521],[69.2462,54.9521],[69.2462,54.9521],[69.2462,54.9521],[69.2461,54.9521],[69.2461,54.9521],[69.2461,54.9521],[69.2461,54.9521],[69.2461,54.952],[69.246,54.952],[69.246,54.952],[69.246,54.952],[69.246,54.952],[69.2459,54.952],[69.2459,54.952],[69.2459,54.952],[69.2459,54.952],[69.2458,54.952],[69.2458,54.952],[69.2458,54.952],[69.2458,54.952],[69.2458,54.952],[69.2458,54.952],[69.2458,54.952],[69.2457,54.952],[69.2457,54.952],[69.2457,54.952],[69.2457,54.952],[69.2457,54.952],[69.2456,54.952],[69.2456,54.952],[69.2456,54.952],[69.2456,54.952],[69.2456,54.952],[69.2456,54.952],[69.2455,54.952],[69.2455,54.952],[69.2455,54.952],[69.2455,54.952],[69.2454,54.952],[69.2454,54.952],[69.2454,54.952],[69.2454,54.952],[69.2453,54.952],[69.2453,54.952],[69.2453,54.952],[69.2453,54.952],[69.2453,54.952],[69.2453,54.952],[69.2452,54.952],[69.2452,54.952],[69.2452,54.952],[69.2452,54.952],[69.2452,54.952],[69.2452,54.952],[69.2451,54.9521],[69.2451,54.9521],[69.2451,54.9521],[69.2451,54.9521],[69.245,54.9521],[69.245,54.9521],[69.245,54.9521],[69.245,54.9521],[69.2449,54.9521],[69.2449,54.9521],[69.2449,54.9521],[69.2449,54.9521],[69.2449,54.9521],[69.2449,54.9521],[69.2449,54.9521],[69.2449,54.9521],[69.2449,54.9521],[69.2449,54.9521],[69.2449,54.9521],[69.2448,54.9522],[69.2448,54.9522],[69.2448,54.9522],[69.2448,54.9522],[69.2447,54.9522],[69.2447,54.9522],[69.2447,54.9522],[69.2447,54.9522],[69.2447,54.9522],[69.2447,54.9522],[69.2447,54.9522],[69.2447,54.9522],[69.2446,54.9523],[69.2446,54.9523],[69.2446,54.9523],[69.2446,54.9523],[69.2446,54.9523],[69.2446,54.9523],[69.2446,54.9523],[69.2445,54.9523],[69.2445,54.9523],[69.2445,54.9523],[69.2445,54.9523],[69.2445,54.9523],[69.2441,54.9527],[69.2322,54.9489],[69.2307,54.9484],[69.2297,54.948],[69.229,54.9476],[69.2282,54.9472],[69.2277,54.9467],[69.227,54.9459],[69.2259,54.9438],[69.2246,54.9405],[69.2246,54.9405],[69.2238,54.9383],[69.2238,54.9383],[69.2238,54.9383],[69.2238,54.9383],[69.2236,54.938],[69.2236,54.938],[69.2236,54.938],[69.2236,54.938],[69.2235,54.9377],[69.2235,54.9377],[69.2235,54.9377],[69.2235,54.9377],[69.2234,54.9375],[69.2234,54.9375],[69.2234,54.9375],[69.2234,54.9375],[69.2233,54.9373],[69.2233,54.9373],[69.2232,54.9373],[69.2232,54.9373],[69.2232,54.9372],[69.2231,54.9372],[69.2231,54.9371],[69.2231,54.9371],[69.223,54.937],[69.223,54.937],[69.223,54.937],[69.223,54.937],[69.2228,54.9368],[69.2228,54.9368],[69.2228,54.9368],[69.2228,54.9368],[69.2227,54.9366],[69.2227,54.9366],[69.2227,54.9366],[69.2227,54.9366],[69.2225,54.9364],[69.2225,54.9364],[69.2225,54.9364],[69.2225,54.9364],[69.2225,54.9364],[69.2225,54.9364],[69.2225,54.9364],[69.2223,54.9362],[69.2223,54.9362],[69.2223,54.9362],[69.2223,54.9362],[69.2221,54.936],[69.2221,54.936],[69.2221,54.936],[69.222,54.936],[69.2218,54.9358],[69.2217,54.9358],[69.2217,54.9357],[69.2217,54.9357],[69.2212,54.9354],[69.2211,54.9354],[69.2211,54.9354],[69.2211,54.9354],[69.2206,54.9351],[69.2206,54.9351],[69.2206,54.9351],[69.2206,54.9351],[69.2201,54.9348],[69.2201,54.9348],[69.2201,54.9348],[69.22,54.9348],[69.2196,54.9346],[69.2196,54.9346],[69.2196,54.9346],[69.2196,54.9346],[69.2189,54.9343],[69.2189,54.9343],[69.2189,54.9343],[69.2189,54.9343],[69.1766,54.9179],[69.1766,54.9179],[69.1766,54.9179],[69.1766,54.9179],[69.1766,54.9179],[69.1766,54.9178],[69.1766,54.9178],[69.1766,54.9178],[69.1766,54.9178],[69.2099,54.9097],[69.2105,54.9095],[69.2118,54.9093],[69.213,54.9091],[69.213,54.9091],[69.213,54.9091],[69.2143,54.9089],[69.2151,54.9088],[69.2151,54.9088],[69.2152,54.9088],[69.2153,54.9088],[69.2158,54.9086],[69.2158,54.9086],[69.2159,54.9086],[69.2159,54.9086],[69.2159,54.9086],[69.2161,54.9085],[69.2162,54.9084],[69.2163,54.9084],[69.2163,54.9084],[69.2163,54.9083],[69.2164,54.9083],[69.2164,54.9083],[69.2165,54.9082],[69.2165,54.9082],[69.2165,54.9082],[69.2165,54.9081],[69.2165,54.9081],[69.2166,54.9081],[69.2166,54.9079],[69.2166,54.9079],[69.2166,54.9079],[69.2166,54.9078],[69.2167,54.9078],[69.2166,54.9074],[69.2166,54.9074],[69.2166,54.9068],[69.2166,54.9067],[69.2166,54.9067],[69.2166,54.9066],[69.2166,54.9066],[69.2167,54.9066],[69.2167,54.9065],[69.2168,54.9065],[69.2173,54.9062],[69.2279,54.9013],[69.237,54.8972],[69.2404,54.8956],[69.2429,54.8945],[69.2429,54.8945],[69.2438,54.894],[69.2439,54.894],[69.2447,54.8936],[69.2451,54.8933],[69.2454,54.8931],[69.2455,54.8931],[69.2458,54.8928],[69.2461,54.8926],[69.2461,54.8926],[69.2464,54.8923],[69.2466,54.892],[69.2467,54.892],[69.2469,54.8917],[69.247,54.8914],[69.2471,54.8914],[69.2472,54.8911],[69.2473,54.8908],[69.2473,54.8908],[69.2474,54.8905],[69.2474,54.8902],[69.2474,54.8901],[69.2475,54.8898],[69.2474,54.8895],[69.2474,54.889],[69.2474,54.8889],[69.246,54.8822],[69.246,54.8822],[69.2459,54.8817],[69.2458,54.8811],[69.2457,54.8806],[69.2457,54.8802],[69.2458,54.8797],[69.2459,54.8794],[69.246,54.8791],[69.2462,54.8788],[69.2466,54.8784],[69.2471,54.8779],[69.248,54.8772],[69.2577,54.8691],[69.2577,54.8691],[69.258,54.8688],[69.2582,54.8686],[69.2582,54.8685],[69.2584,54.8682],[69.2586,54.8679],[69.2586,54.8679],[69.2588,54.8676],[69.2589,54.8673],[69.2589,54.8673],[69.259,54.867],[69.259,54.8667],[69.259,54.8666],[69.2592,54.865],[69.2594,54.8615],[69.2592,54.8576],[69.2591,54.8562],[69.2591,54.8552],[69.2591,54.8552],[69.2591,54.8548],[69.2591,54.8547],[69.2591,54.8547],[69.259,54.8545],[69.259,54.8545],[69.2589,54.8543],[69.2589,54.8543],[69.2589,54.8543],[69.2589,54.8541],[69.2588,54.8541],[69.2588,54.854],[69.2587,54.8539],[69.2587,54.8539],[69.2586,54.8537],[69.2586,54.8537],[69.2584,54.8534],[69.2584,54.8534],[69.2584,54.8534],[69.2584,54.8534],[69.258,54.8531],[69.258,54.853],[69.258,54.853],[69.2577,54.8528],[69.2576,54.8528],[69.2576,54.8527],[69.2569,54.8523],[69.2568,54.8523],[69.2568,54.8523],[69.2563,54.852],[69.2563,54.852],[69.2553,54.8516],[69.2553,54.8516],[69.2553,54.8515],[69.2553,54.8515],[69.254,54.851],[69.254,54.851],[69.2527,54.8504],[69.2527,54.8504],[69.2561,54.849],[69.2593,54.8477],[69.2594,54.8477],[69.2607,54.8471],[69.2607,54.8471],[69.2609,54.8469],[69.261,54.8469],[69.2612,54.8468],[69.2612,54.8467],[69.2613,54.8466],[69.2614,54.8465],[69.2616,54.8462],[69.2648,54.8422],[69.266,54.8406],[69.2682,54.8378],[69.2709,54.8343],[69.273,54.8316],[69.2754,54.8284],[69.2769,54.8265],[69.2786,54.8242],[69.2812,54.8205],[69.2824,54.8187],[69.2845,54.8157],[69.2852,54.8149],[69.2852,54.8149],[69.2887,54.8125],[69.2969,54.807],[69.2999,54.8049],[69.3045,54.8018],[69.3075,54.8003],[69.307,54.8001],[69.3041,54.8016],[69.304,54.8016],[69.2995,54.8047],[69.2964,54.8067],[69.2883,54.8122],[69.2847,54.8147],[69.2847,54.8147],[69.2846,54.8147],[69.2846,54.8147],[69.2846,54.8147],[69.2846,54.8148],[69.2839,54.8155],[69.2839,54.8155],[69.2818,54.8185],[69.2806,54.8203],[69.278,54.8241],[69.2763,54.8264],[69.2748,54.8283],[69.2724,54.8314],[69.2703,54.8341],[69.2676,54.8377],[69.2654,54.8405],[69.2642,54.842],[69.2611,54.8461],[69.2608,54.8464],[69.2606,54.8466],[69.2605,54.8467],[69.2603,54.8468],[69.259,54.8474],[69.2558,54.8487],[69.2524,54.8501],[69.2522,54.8502],[69.2498,54.8492],[69.2488,54.8487],[69.2385,54.8442],[69.2385,54.8442],[69.2348,54.8425],[69.2317,54.8412],[69.2317,54.8412],[69.2312,54.841],[69.2195,54.8345],[69.2192,54.8345],[69.2176,54.8336],[69.2175,54.8334],[69.2169,54.8331],[69.2159,54.8326],[69.2158,54.8326],[69.2146,54.8322],[69.2134,54.8318]]],"type":"MultiLineString"},"geometry_name":"shape","id":"gp_red_lines.fid--7752831e_19fad8546bb_5849","properties":{"area":null,"creation_doc_id":3586,"deactivation_doc_id":null,"id":2574866},"type":"Feature"},{"bbox":[69.1533,54.8967,69.1611,54.9022],"geometry":{"coordinates":[[[69.1611,54.9013],[69.1608,54.8967],[69.1538,54.897],[69.1533,54.8973],[69.154,54.9022],[69.1607,54.9022],[69.1611,54.9013],[69.1611,54.9013]]],"type":"MultiLineString"},"geometry_name":"shape","id":"gp_red_lines.fid--7752831e_19fad8546bb_584a","properties":{"area":null,"creation_doc_id":3586,"deactivation_doc_id":null,"id":2574867},"type":"Feature"},{"bbox":[69.1524,54.8897,69.1696,54.8966],"geometry":{"coordinates":[[[69.1696,54.896],[69.1536,54.8966],[69.1532,54.8964],[69.1524,54.8902],[69.169,54.8897]],[[69.1696,54.896],[69.169,54.8897]]],"type":"MultiLineString"},"geometry_name":"shape","id":"gp_red_lines.fid--7752831e_19fad8546bb_584b","properties":{"area":null,"creation_doc_id":3586,"deactivation_doc_id":null,"id":2574868},"type":"Feature"},{"bbox":[69.1696,54.8891,69.1933,54.8959],"geometry":{"coordinates":[[[69.1933,54.891],[69.1931,54.8891],[69.1769,54.8895],[69.1696,54.8897],[69.1703,54.8959],[69.1772,54.8956],[69.1926,54.895],[69.1922,54.8914],[69.1922,54.8914],[69.1922,54.8914],[69.1922,54.8914],[69.1922,54.8914],[69.1922,54.8914],[69.1922,54.8913],[69.1922,54.8913],[69.1922,54.8913],[69.1923,54.8912],[69.1923,54.8912],[69.1923,54.8912],[69.1923,54.8912],[69.1923,54.8912],[69.1924,54.8912],[69.1924,54.8911],[69.1924,54.8911],[69.1925,54.8911],[69.1925,54.8911],[69.1925,54.8911],[69.1925,54.8911],[69.1926,54.8911],[69.1927,54.891],[69.1928,54.891],[69.1928,54.891],[69.1928,54.891],[69.1933,54.891]]],"type":"MultiLineString"},"geometry_name":"shape","id":"gp_red_lines.fid--7752831e_19fad8546bb_584c","properties":{"area":null,"creation_doc_id":3586,"deactivation_doc_id":null,"id":2574869},"type":"Feature"},{"bbox":[69.1687,54.88,69.1931,54.8894],"geometry":{"coordinates":[[[69.1719,54.8893],[69.1931,54.8888],[69.1924,54.88],[69.1737,54.8804],[69.1732,54.8805],[69.1687,54.8805],[69.1696,54.8894],[69.1719,54.8893]]],"type":"MultiLineString"},"geometry_name":"shape","id":"gp_red_lines.fid--7752831e_19fad8546bb_584d","properties":{"area":null,"creation_doc_id":3586,"deactivation_doc_id":null,"id":2574870},"type":"Feature"},{"bbox":[69.1735,54.874,69.1924,54.88],"geometry":{"coordinates":[[[69.1924,54.8743],[69.1924,54.874],[69.1789,54.8742],[69.1767,54.8753],[69.1735,54.877],[69.1737,54.88],[69.1923,54.8796],[69.1923,54.8796],[69.192,54.8755],[69.192,54.8755],[69.192,54.8755],[69.1921,54.8752],[69.1922,54.875],[69.1924,54.8743],[69.1924,54.8743]]],"type":"MultiLineString"},"geometry_name":"shape","id":"gp_red_lines.fid--7752831e_19fad8546bb_584e","properties":{"area":null,"creation_doc_id":3586,"deactivation_doc_id":null,"id":2574871},"type":"Feature"},{"bbox":[69.1543,54.8735,69.164,54.8804],"geometry":{"coordinates":[[[69.164,54.8802],[69.1639,54.8786],[69.1639,54.8786],[69.1639,54.8785],[69.1638,54.8784],[69.1638,54.8783],[69.1638,54.8783],[69.1638,54.8782],[69.1637,54.8781],[69.1628,54.8775],[69.1628,54.8775],[69.1626,54.8774],[69.1626,54.8774],[69.1625,54.8773],[69.1624,54.8773],[69.1624,54.8773],[69.1623,54.8772],[69.1623,54.8772],[69.1622,54.8771],[69.1622,54.877],[69.1622,54.877],[69.1622,54.8769],[69.1621,54.8768],[69.1621,54.8767],[69.162,54.8765],[69.1618,54.8763],[69.1616,54.8762],[69.1567,54.8735],[69.1543,54.8748],[69.1543,54.8749],[69.1543,54.8749],[69.1543,54.8749],[69.1543,54.8749],[69.1543,54.8749],[69.1543,54.8749],[69.1543,54.8749],[69.1543,54.8749],[69.1548,54.8804],[69.164,54.8802]]],"type":"MultiLineString"},"geometry_name":"shape","id":"gp_red_lines.fid--7752831e_19fad8546bb_584f","properties":{"area":null,"creation_doc_id":3586,"deactivation_doc_id":null,"id":2574872},"type":"Feature"},{"bbox":[69.1511,54.8806,69.169,54.8898],"geometry":{"coordinates":[[[69.169,54.8894],[69.1681,54.8806],[69.1511,54.8809],[69.1511,54.8809],[69.1523,54.8885],[69.1523,54.8885],[69.1523,54.8885],[69.1523,54.8885],[69.1523,54.8885],[69.1523,54.8885],[69.1524,54.8898],[69.169,54.8894]]],"type":"MultiLineString"},"geometry_name":"shape","id":"gp_red_lines.fid--7752831e_19fad8546bb_5850","properties":{"area":null,"creation_doc_id":3586,"deactivation_doc_id":null,"id":2574873},"type":"Feature"},{"bbox":[69.1449,54.881,69.1516,54.89],"geometry":{"coordinates":[[[69.1516,54.8898],[69.1516,54.8898],[69.1516,54.8892],[69.1515,54.8885],[69.1503,54.881],[69.1503,54.881],[69.1449,54.8812],[69.146,54.89],[69.1516,54.8898]]],"type":"MultiLineString"},"geometry_name":"shape","id":"gp_red_lines.fid--7752831e_19fad8546bb_5851","properties":{"area":null,"creation_doc_id":3586,"deactivation_doc_id":null,"id":2574874},"type":"Feature"},{"bbox":[69.1408,54.8812,69.1453,54.8901],"geometry":{"coordinates":[[[69.1453,54.89],[69.1443,54.8812],[69.1408,54.8814],[69.142,54.8901],[69.1453,54.89]]],"type":"MultiLineString"},"geometry_name":"shape","id":"gp_red_lines.fid--7752831e_19fad8546bb_5852","properties":{"area":null,"creation_doc_id":3586,"deactivation_doc_id":null,"id":2574875},"type":"Feature"},{"bbox":[69.1493,54.8709,69.1563,54.8805],"geometry":{"coordinates":[[[69.1563,54.8733],[69.1517,54.8709],[69.1493,54.8724],[69.1507,54.8731],[69.1507,54.8732],[69.1508,54.8732],[69.1508,54.8733],[69.1509,54.8733],[69.1509,54.8733],[69.1509,54.8733],[69.151,54.8735],[69.151,54.8736],[69.151,54.8736],[69.151,54.8736],[69.151,54.8736],[69.151,54.8736],[69.151,54.8736],[69.151,54.8738],[69.151,54.8739],[69.1505,54.8768],[69.151,54.8805],[69.1543,54.8804],[69.1537,54.8747],[69.1563,54.8733]]],"type":"MultiLineString"},"geometry_name":"shape","id":"gp_red_lines.fid--7752831e_19fad8546bb_5853","properties":{"area":null,"creation_doc_id":3586,"deactivation_doc_id":null,"id":2574876},"type":"Feature"},{"bbox":[69.1442,54.8768,69.1502,54.8807],"geometry":{"coordinates":[[[69.1502,54.8805],[69.1497,54.8768],[69.1445,54.8772],[69.1442,54.8772],[69.1442,54.8773],[69.1442,54.8774],[69.1443,54.8774],[69.1446,54.879],[69.1448,54.8807],[69.1502,54.8805]]],"type":"MultiLineString"},"geometry_name":"shape","id":"gp_red_lines.fid--7752831e_19fad8546bb_5854","properties":{"area":null,"creation_doc_id":3586,"deactivation_doc_id":null,"id":2574877},"type":"Feature"},{"bbox":[69.1371,54.8742,69.1442,54.8809],"geometry":{"coordinates":[[[69.1442,54.8808],[69.144,54.879],[69.1436,54.8774],[69.1436,54.8772],[69.1434,54.877],[69.1433,54.8768],[69.1428,54.8761],[69.1428,54.876],[69.1427,54.8759],[69.1425,54.8758],[69.1395,54.8742],[69.1371,54.8757],[69.1397,54.8771],[69.1398,54.8772],[69.1399,54.8772],[69.1399,54.8773],[69.14,54.8774],[69.14,54.8774],[69.14,54.8774],[69.1405,54.8793],[69.1406,54.8794],[69.1406,54.8794],[69.1406,54.8794],[69.1406,54.8795],[69.1406,54.8796],[69.1408,54.8809],[69.1408,54.8809],[69.1442,54.8808]]],"type":"MultiLineString"},"geometry_name":"shape","id":"gp_red_lines.fid--7752831e_19fad8546bb_5855","properties":{"area":null,"creation_doc_id":3586,"deactivation_doc_id":null,"id":2574878},"type":"Feature"},{"bbox":[69.1342,54.876,69.14,54.8811],"geometry":{"coordinates":[[[69.14,54.881],[69.1398,54.8795],[69.1397,54.8793],[69.1392,54.8775],[69.1392,54.8775],[69.1391,54.8774],[69.1365,54.876],[69.1342,54.8774],[69.1342,54.8774],[69.1359,54.8784],[69.1359,54.8784],[69.136,54.8784],[69.136,54.8784],[69.136,54.8784],[69.136,54.8785],[69.1361,54.8785],[69.1361,54.8785],[69.1361,54.8785],[69.1361,54.8785],[69.1361,54.8785],[69.1361,54.8785],[69.1361,54.8785],[69.1362,54.8786],[69.1362,54.8786],[69.1362,54.8786],[69.1362,54.8787],[69.1362,54.8787],[69.1362,54.8787],[69.1362,54.8787],[69.1362,54.8788],[69.1362,54.8788],[69.1362,54.8788],[69.1365,54.8811],[69.14,54.881]]],"type":"MultiLineString"},"geometry_name":"shape","id":"gp_red_lines.fid--7752831e_19fad8546bb_5856","properties":{"area":null,"creation_doc_id":3586,"deactivation_doc_id":null,"id":2574879},"type":"Feature"},{"bbox":[69.1306,54.874,69.1361,54.8772],"geometry":{"coordinates":[[[69.1361,54.8758],[69.1329,54.874],[69.1306,54.8755],[69.1338,54.8772],[69.1361,54.8758]]],"type":"MultiLineString"},"geometry_name":"shape","id":"gp_red_lines.fid--7752831e_19fad8546bb_5857","properties":{"area":null,"creation_doc_id":3586,"deactivation_doc_id":null,"id":2574880},"type":"Feature"},{"bbox":[69.1224,54.8758,69.1359,54.8816],"geometry":{"coordinates":[[[69.1359,54.8812],[69.1356,54.8788],[69.1356,54.8788],[69.1356,54.8788],[69.1356,54.8788],[69.1356,54.8788],[69.1356,54.8787],[69.1356,54.8787],[69.1356,54.8787],[69.1355,54.8787],[69.1355,54.8787],[69.1355,54.8786],[69.1355,54.8786],[69.1302,54.8758],[69.1229,54.8802],[69.1228,54.8803],[69.1228,54.8803],[69.1228,54.8803],[69.1228,54.8803],[69.1227,54.8803],[69.1224,54.8804],[69.1231,54.8813],[69.1232,54.8813],[69.1232,54.8813],[69.1232,54.8814],[69.1232,54.8814],[69.1233,54.8814],[69.1233,54.8814],[69.1233,54.8814],[69.1233,54.8814],[69.1233,54.8814],[69.1234,54.8814],[69.1234,54.8814],[69.1234,54.8815],[69.1235,54.8815],[69.1235,54.8815],[69.1236,54.8815],[69.1236,54.8815],[69.1237,54.8816],[69.1238,54.8816],[69.1239,54.8816],[69.1239,54.8816],[69.124,54.8816],[69.1241,54.8816],[69.1359,54.8812]]],"type":"MultiLineString"},"geometry_name":"shape","id":"gp_red_lines.fid--7752831e_19fad8546bb_5858","properties":{"area":null,"creation_doc_id":3586,"deactivation_doc_id":null,"id":2574881},"type":"Feature"},{"bbox":[69.1274,54.8843,69.1321,54.8875],"geometry":{"coordinates":[[[69.1321,54.8866],[69.1274,54.8843],[69.1274,54.8856],[69.1275,54.8856],[69.1275,54.8856],[69.1275,54.8857],[69.1275,54.8857],[69.1275,54.8857],[69.1275,54.8857],[69.1275,54.8857],[69.1275,54.8857],[69.1275,54.8857],[69.1275,54.8857],[69.1275,54.8857],[69.1275,54.8857],[69.1275,54.8858],[69.1275,54.8858],[69.1275,54.8858],[69.1275,54.8858],[69.1275,54.8858],[69.1275,54.8858],[69.1275,54.8858],[69.1275,54.8858],[69.1276,54.8859],[69.1276,54.8859],[69.1276,54.8859],[69.1276,54.8859],[69.1276,54.8859],[69.1276,54.886],[69.1277,54.886],[69.1277,54.886],[69.1277,54.886],[69.1277,54.886],[69.1277,54.886],[69.1277,54.886],[69.1277,54.886],[69.1278,54.8861],[69.1278,54.8861],[69.1278,54.8861],[69.1278,54.8861],[69.1307,54.8875],[69.1321,54.8866]]],"type":"MultiLineString"},"geometry_name":"shape","id":"gp_red_lines.fid--7752831e_19fad8546bb_5859","properties":{"area":null,"creation_doc_id":3586,"deactivation_doc_id":null,"id":2574882},"type":"Feature"},{"bbox":[69.1273,54.8816,69.1361,54.8864],"geometry":{"coordinates":[[[69.1361,54.8839],[69.1361,54.8838],[69.1361,54.8837],[69.1359,54.8816],[69.1273,54.8819],[69.1274,54.8838],[69.1325,54.8864],[69.136,54.8841],[69.136,54.884],[69.136,54.884],[69.1361,54.884],[69.1361,54.884],[69.1361,54.884],[69.1361,54.884],[69.1361,54.8839],[69.1361,54.8839]]],"type":"MultiLineString"},"geometry_name":"shape","id":"gp_red_lines.fid--7752831e_19fad8546bb_585a","properties":{"area":null,"creation_doc_id":3586,"deactivation_doc_id":null,"id":2574883},"type":"Feature"},{"bbox":[69.1329,54.8814,69.1412,54.8903],"geometry":{"coordinates":[[[69.1412,54.8902],[69.1401,54.8814],[69.1365,54.8816],[69.1367,54.8838],[69.1367,54.8838],[69.1367,54.8838],[69.1367,54.8839],[69.1367,54.8839],[69.1367,54.8839],[69.1367,54.8839],[69.1367,54.8839],[69.1367,54.884],[69.1367,54.884],[69.1367,54.884],[69.1367,54.884],[69.1367,54.8841],[69.1367,54.8841],[69.1367,54.8841],[69.1367,54.8841],[69.1366,54.8841],[69.1366,54.8842],[69.1366,54.8842],[69.1366,54.8842],[69.1366,54.8842],[69.1366,54.8842],[69.1365,54.8843],[69.1329,54.8866],[69.1369,54.8886],[69.137,54.8886],[69.137,54.8886],[69.137,54.8886],[69.137,54.8887],[69.137,54.8887],[69.137,54.8887],[69.137,54.8887],[69.1371,54.8887],[69.1371,54.8887],[69.1371,54.8887],[69.1371,54.8887],[69.1371,54.8887],[69.1372,54.8903],[69.1412,54.8902]]],"type":"MultiLineString"},"geometry_name":"shape","id":"gp_red_lines.fid--7752831e_19fad8546bb_585b","properties":{"area":null,"creation_doc_id":3586,"deactivation_doc_id":null,"id":2574884},"type":"Feature"},{"bbox":[69.1311,54.8869,69.1366,54.8922],"geometry":{"coordinates":[[[69.1366,54.8903],[69.1364,54.8888],[69.1325,54.8869],[69.1316,54.8875],[69.1315,54.8875],[69.1313,54.8877],[69.1313,54.8877],[69.1312,54.8877],[69.1312,54.8878],[69.1312,54.8878],[69.1312,54.8878],[69.1311,54.8879],[69.1311,54.8879],[69.1311,54.8879],[69.1311,54.888],[69.1313,54.8889],[69.1316,54.8909],[69.1316,54.8912],[69.1317,54.8916],[69.1317,54.8917],[69.1317,54.8917],[69.1317,54.8917],[69.1317,54.8917],[69.1317,54.8918],[69.1318,54.8918],[69.1318,54.8919],[69.1319,54.8919],[69.1319,54.892],[69.1323,54.8922],[69.1324,54.8922],[69.1346,54.8907],[69.1347,54.8907],[69.1347,54.8907],[69.1347,54.8907],[69.1347,54.8907],[69.1348,54.8906],[69.1348,54.8906],[69.1348,54.8906],[69.1348,54.8906],[69.1348,54.8906],[69.1348,54.8906],[69.1349,54.8906],[69.135,54.8906],[69.135,54.8905],[69.135,54.8905],[69.135,54.8905],[69.135,54.8905],[69.135,54.8905],[69.1351,54.8905],[69.1351,54.8905],[69.1352,54.8905],[69.1352,54.8905],[69.1352,54.8905],[69.1352,54.8905],[69.1352,54.8905],[69.1352,54.8905],[69.1353,54.8904],[69.1353,54.8904],[69.1353,54.8904],[69.1354,54.8904],[69.1354,54.8904],[69.1354,54.8904],[69.1354,54.8904],[69.1355,54.8904],[69.1355,54.8904],[69.1355,54.8904],[69.1356,54.8904],[69.1356,54.8904],[69.1356,54.8904],[69.1357,54.8904],[69.1358,54.8903],[69.1358,54.8903],[69.1358,54.8903],[69.1359,54.8903],[69.1359,54.8903],[69.1359,54.8903],[69.1359,54.8903],[69.136,54.8903],[69.136,54.8903],[69.1361,54.8903],[69.1361,54.8903],[69.1361,54.8903],[69.1361,54.8903],[69.1366,54.8903]]],"type":"MultiLineString"},"geometry_name":"shape","id":"gp_red_lines.fid--7752831e_19fad8546bb_585c","properties":{"area":null,"creation_doc_id":3586,"deactivation_doc_id":null,"id":2574885},"type":"Feature"},{"bbox":[69.1329,54.8905,69.1421,54.8973],"geometry":{"coordinates":[[[69.1421,54.8971],[69.1412,54.8905],[69.1363,54.8907],[69.1362,54.8907],[69.1362,54.8907],[69.1361,54.8907],[69.1361,54.8907],[69.136,54.8907],[69.1359,54.8907],[69.1359,54.8907],[69.1358,54.8907],[69.1358,54.8907],[69.1357,54.8907],[69.1357,54.8907],[69.1357,54.8907],[69.1356,54.8907],[69.1356,54.8908],[69.1355,54.8908],[69.1355,54.8908],[69.1355,54.8908],[69.1354,54.8908],[69.1354,54.8908],[69.1353,54.8908],[69.1353,54.8909],[69.1353,54.8909],[69.1352,54.8909],[69.1352,54.8909],[69.1352,54.8909],[69.1351,54.891],[69.1329,54.8925],[69.1353,54.8937],[69.1356,54.8939],[69.1357,54.8939],[69.1357,54.8939],[69.1358,54.894],[69.1359,54.8941],[69.1359,54.8941],[69.136,54.8942],[69.1361,54.8943],[69.1361,54.8943],[69.1362,54.8944],[69.1362,54.8945],[69.1362,54.8946],[69.1362,54.8946],[69.1363,54.8948],[69.1365,54.8964],[69.1366,54.8973],[69.1421,54.8971]]],"type":"MultiLineString"},"geometry_name":"shape","id":"gp_red_lines.fid--7752831e_19fad8546bb_585d","properties":{"area":null,"creation_doc_id":3586,"deactivation_doc_id":null,"id":2574886},"type":"Feature"},{"bbox":[69.142,54.8904,69.1462,54.8971],"geometry":{"coordinates":[[[69.1462,54.8969],[69.1454,54.8904],[69.142,54.8905],[69.1428,54.8971],[69.1462,54.8969]]],"type":"MultiLineString"},"geometry_name":"shape","id":"gp_red_lines.fid--7752831e_19fad8546bb_585e","properties":{"area":null,"creation_doc_id":3586,"deactivation_doc_id":null,"id":2574887},"type":"Feature"},{"bbox":[69.146,54.8902,69.1524,54.8969],"geometry":{"coordinates":[[[69.1524,54.8964],[69.1516,54.8902],[69.146,54.8904],[69.1468,54.8969],[69.1519,54.8967],[69.1524,54.8964]]],"type":"MultiLineString"},"geometry_name":"shape","id":"gp_red_lines.fid--7752831e_19fad8546bb_585f","properties":{"area":null,"creation_doc_id":3586,"deactivation_doc_id":null,"id":2574888},"type":"Feature"},{"bbox":[69.1469,54.8971,69.1532,54.9022],"geometry":{"coordinates":[[[69.1532,54.9022],[69.1525,54.8973],[69.152,54.8971],[69.1469,54.8973],[69.1474,54.9022],[69.1532,54.9022]]],"type":"MultiLineString"},"geometry_name":"shape","id":"gp_red_lines.fid--7752831e_19fad8546bb_5860","properties":{"area":null,"creation_doc_id":3586,"deactivation_doc_id":null,"id":2574889},"type":"Feature"},{"bbox":[69.1429,54.8973,69.1469,54.9084],"geometry":{"coordinates":[[[69.1469,54.9031],[69.1462,54.8973],[69.1429,54.8974],[69.1435,54.902],[69.1435,54.902],[69.1436,54.9021],[69.1436,54.9021],[69.1437,54.9022],[69.1437,54.9023],[69.1437,54.9023],[69.1437,54.9023],[69.1445,54.9084],[69.1469,54.9031]]],"type":"MultiLineString"},"geometry_name":"shape","id":"gp_red_lines.fid--7752831e_19fad8546bb_5861","properties":{"area":null,"creation_doc_id":3586,"deactivation_doc_id":null,"id":2574890},"type":"Feature"},{"bbox":[69.1338,54.9023,69.1435,54.9067],"geometry":{"coordinates":[[[69.1435,54.9063],[69.1435,54.9063],[69.1429,54.9023],[69.137,54.9025],[69.137,54.9026],[69.1349,54.905],[69.1338,54.9066],[69.1338,54.9066],[69.1338,54.9066],[69.1338,54.9067],[69.1435,54.9063]]],"type":"MultiLineString"},"geometry_name":"shape","id":"gp_red_lines.fid--7752831e_19fad8546bb_5862","properties":{"area":null,"creation_doc_id":3586,"deactivation_doc_id":null,"id":2574891},"type":"Feature"},{"bbox":[69.1367,54.8975,69.1427,54.9023],"geometry":{"coordinates":[[[69.1427,54.9021],[69.1421,54.8975],[69.1367,54.8977],[69.1367,54.8978],[69.1372,54.902],[69.1372,54.902],[69.1372,54.9021],[69.1371,54.9023],[69.1427,54.9021]]],"type":"MultiLineString"},"geometry_name":"shape","id":"gp_red_lines.fid--7752831e_19fad8546bb_5863","properties":{"area":null,"creation_doc_id":3586,"deactivation_doc_id":null,"id":2574892},"type":"Feature"},{"bbox":[69.1333,54.9066,69.1438,54.911],"geometry":{"coordinates":[[[69.1438,54.9097],[69.1435,54.9066],[69.1337,54.907],[69.1337,54.907],[69.1337,54.9071],[69.1337,54.9071],[69.1336,54.9072],[69.1336,54.9075],[69.1335,54.908],[69.1335,54.908],[69.1335,54.908],[69.1334,54.9094],[69.1334,54.9095],[69.1333,54.9098],[69.1333,54.9098],[69.1333,54.9098],[69.1334,54.9098],[69.1334,54.9099],[69.1334,54.9099],[69.1335,54.9099],[69.1335,54.9099],[69.1335,54.91],[69.1335,54.91],[69.1335,54.91],[69.1336,54.91],[69.1336,54.9101],[69.1336,54.9101],[69.1336,54.9101],[69.1336,54.9101],[69.1336,54.9102],[69.1336,54.9102],[69.1336,54.9102],[69.1336,54.9103],[69.1335,54.9103],[69.1335,54.9103],[69.1335,54.9103],[69.1335,54.9103],[69.1335,54.9103],[69.1335,54.9103],[69.1335,54.9103],[69.1345,54.9109],[69.1345,54.9109],[69.1345,54.9109],[69.1346,54.9109],[69.1347,54.911],[69.1348,54.911],[69.1348,54.911],[69.1351,54.911],[69.1434,54.9107],[69.1438,54.9097]]],"type":"MultiLineString"},"geometry_name":"shape","id":"gp_red_lines.fid--7752831e_19fad8546bb_5864","properties":{"area":null,"creation_doc_id":3586,"deactivation_doc_id":null,"id":2574893},"type":"Feature"},{"bbox":[69.1268,54.9138,69.1419,54.9202],"geometry":{"coordinates":[[[69.1397,54.9185],[69.1419,54.9138],[69.1377,54.9147],[69.1344,54.9155],[69.1344,54.9155],[69.1337,54.9156],[69.1324,54.9159],[69.1324,54.9159],[69.1324,54.9159],[69.1324,54.9159],[69.1324,54.9159],[69.1324,54.9159],[69.1324,54.9159],[69.1324,54.9159],[69.1324,54.9159],[69.1324,54.9159],[69.1324,54.9159],[69.1324,54.9159],[69.1324,54.9159],[69.1324,54.9159],[69.1324,54.9159],[69.1324,54.9159],[69.1323,54.9159],[69.1323,54.9159],[69.1323,54.9159],[69.1323,54.9159],[69.1323,54.9159],[69.1323,54.9159],[69.1323,54.9159],[69.1323,54.9159],[69.1323,54.9159],[69.1323,54.9159],[69.1323,54.9159],[69.1323,54.9159],[69.1323,54.9159],[69.1323,54.9159],[69.1323,54.9159],[69.1323,54.9159],[69.1323,54.9159],[69.1323,54.9159],[69.1323,54.9159],[69.1323,54.9159],[69.1323,54.9159],[69.1323,54.916],[69.1323,54.916],[69.1323,54.916],[69.1323,54.916],[69.1323,54.916],[69.1323,54.916],[69.1323,54.916],[69.1323,54.916],[69.1323,54.916],[69.1323,54.916],[69.1323,54.916],[69.1323,54.916],[69.1323,54.916],[69.1323,54.916],[69.132,54.9169],[69.132,54.9171],[69.1319,54.9172],[69.1319,54.9172],[69.1318,54.9172],[69.1293,54.9179],[69.1292,54.9179],[69.1292,54.9179],[69.127,54.9179],[69.127,54.918],[69.127,54.918],[69.1268,54.9191],[69.1268,54.9201],[69.1296,54.9202],[69.1296,54.9202],[69.1296,54.9202],[69.1297,54.9201],[69.1297,54.9201],[69.1297,54.9201],[69.1297,54.9201],[69.1297,54.9201],[69.1297,54.9201],[69.1298,54.9201],[69.1298,54.9201],[69.1301,54.9199],[69.1301,54.9199],[69.1304,54.9197],[69.1305,54.9197],[69.1305,54.9197],[69.1307,54.9196],[69.1309,54.9196],[69.1309,54.9196],[69.1383,54.9183],[69.1384,54.9183],[69.1384,54.9183],[69.1397,54.9185]]],"type":"MultiLineString"},"geometry_name":"shape","id":"gp_red_lines.fid--7752831e_19fad8546bb_5865","properties":{"area":null,"creation_doc_id":3586,"deactivation_doc_id":null,"id":2574894},"type":"Feature"},{"bbox":[69.1271,54.9107,69.1432,54.9177],"geometry":{"coordinates":[[[69.1432,54.911],[69.1348,54.9113],[69.1348,54.9113],[69.1347,54.9113],[69.1346,54.9113],[69.1345,54.9113],[69.1345,54.9113],[69.1344,54.9113],[69.1343,54.9113],[69.1342,54.9112],[69.1342,54.9112],[69.1341,54.9112],[69.1341,54.9112],[69.134,54.9112],[69.1339,54.9111],[69.1337,54.911],[69.1333,54.9107],[69.1332,54.9107],[69.1332,54.9107],[69.1332,54.9107],[69.1332,54.9107],[69.1332,54.9107],[69.1331,54.9107],[69.1331,54.9108],[69.1331,54.9108],[69.1331,54.9108],[69.1331,54.9108],[69.1331,54.9108],[69.133,54.9108],[69.133,54.9108],[69.133,54.9108],[69.133,54.9108],[69.1329,54.9108],[69.1328,54.9108],[69.1328,54.9108],[69.1322,54.911],[69.1322,54.911],[69.1321,54.911],[69.1321,54.911],[69.1321,54.911],[69.1309,54.912],[69.1308,54.912],[69.1302,54.9125],[69.1299,54.9128],[69.1295,54.9132],[69.1294,54.9133],[69.1292,54.9135],[69.129,54.9138],[69.1289,54.9139],[69.1286,54.9143],[69.1286,54.9144],[69.1279,54.9154],[69.1279,54.9155],[69.1278,54.9155],[69.1276,54.916],[69.1274,54.9165],[69.1271,54.9176],[69.1291,54.9177],[69.1315,54.917],[69.1316,54.9169],[69.1316,54.9169],[69.1316,54.9169],[69.1318,54.9159],[69.1318,54.9159],[69.1318,54.9159],[69.1318,54.9159],[69.1318,54.9159],[69.1318,54.9159],[69.1318,54.9159],[69.1318,54.9159],[69.1318,54.9159],[69.1318,54.9159],[69.1318,54.9159],[69.1318,54.9159],[69.1318,54.9159],[69.1318,54.9159],[69.1318,54.9159],[69.1318,54.9159],[69.1318,54.9159],[69.1318,54.9159],[69.1318,54.9159],[69.1318,54.9159],[69.1318,54.9159],[69.1318,54.9159],[69.1318,54.9159],[69.1318,54.9159],[69.1318,54.9158],[69.1319,54.9158],[69.1319,54.9158],[69.1319,54.9158],[69.1319,54.9158],[69.1319,54.9158],[69.1319,54.9158],[69.1319,54.9158],[69.1319,54.9158],[69.1319,54.9158],[69.1319,54.9158],[69.1319,54.9158],[69.1319,54.9158],[69.1319,54.9158],[69.1319,54.9158],[69.1319,54.9158],[69.1319,54.9158],[69.1319,54.9158],[69.1319,54.9158],[69.1319,54.9158],[69.1319,54.9158],[69.1319,54.9158],[69.1319,54.9158],[69.1319,54.9158],[69.1319,54.9158],[69.1319,54.9158],[69.1319,54.9158],[69.132,54.9157],[69.132,54.9157],[69.132,54.9157],[69.132,54.9157],[69.132,54.9157],[69.132,54.9157],[69.132,54.9157],[69.132,54.9157],[69.132,54.9157],[69.132,54.9157],[69.132,54.9157],[69.132,54.9157],[69.132,54.9157],[69.132,54.9157],[69.132,54.9157],[69.132,54.9157],[69.132,54.9157],[69.132,54.9157],[69.1321,54.9157],[69.1321,54.9157],[69.1321,54.9157],[69.1321,54.9157],[69.1321,54.9157],[69.1321,54.9157],[69.1321,54.9157],[69.1321,54.9157],[69.1321,54.9157],[69.1321,54.9157],[69.1321,54.9157],[69.1321,54.9157],[69.1321,54.9157],[69.1321,54.9157],[69.1321,54.9157],[69.1321,54.9157],[69.1321,54.9157],[69.1322,54.9157],[69.1322,54.9157],[69.1322,54.9156],[69.1322,54.9156],[69.1322,54.9156],[69.1322,54.9156],[69.1322,54.9156],[69.1322,54.9156],[69.1322,54.9156],[69.1322,54.9156],[69.1322,54.9156],[69.1322,54.9156],[69.1322,54.9156],[69.1322,54.9156],[69.1323,54.9156],[69.1323,54.9156],[69.1323,54.9156],[69.1323,54.9156],[69.1336,54.9154],[69.1336,54.9154],[69.1342,54.9153],[69.1375,54.9145],[69.1375,54.9145],[69.1421,54.9135],[69.1428,54.9118],[69.143,54.9115],[69.1432,54.911]]],"type":"MultiLineString"},"geometry_name":"shape","id":"gp_red_lines.fid--7752831e_19fad8546bb_5866","properties":{"area":null,"creation_doc_id":3586,"deactivation_doc_id":null,"id":2574895},"type":"Feature"},{"bbox":[69.1412,54.9149,69.1487,54.9172],"geometry":{"coordinates":[[[69.1487,54.9169],[69.1484,54.9149],[69.1421,54.9152],[69.1412,54.9171],[69.1416,54.9172],[69.1487,54.9169],[69.1487,54.9169]]],"type":"MultiLineString"},"geometry_name":"shape","id":"gp_red_lines.fid--7752831e_19fad8546bb_5867","properties":{"area":null,"creation_doc_id":3586,"deactivation_doc_id":null,"id":2574896},"type":"Feature"},{"bbox":[69.1373,54.9105,69.1739,54.9262],"geometry":{"coordinates":[[[69.1432,54.9175],[69.1517,54.9172],[69.1517,54.9172],[69.1517,54.9172],[69.1517,54.9172],[69.1517,54.9172],[69.1517,54.9172],[69.1517,54.9172],[69.1517,54.9172],[69.1517,54.9172],[69.1517,54.9172],[69.1517,54.9172],[69.1517,54.9172],[69.1517,54.9172],[69.1517,54.9172],[69.1518,54.9172],[69.1518,54.9172],[69.1518,54.9172],[69.1518,54.9172],[69.1518,54.9172],[69.1518,54.9172],[69.1518,54.9172],[69.1518,54.9172],[69.1518,54.9172],[69.1518,54.9172],[69.1518,54.9172],[69.1518,54.9172],[69.1519,54.9172],[69.1519,54.9172],[69.1519,54.9172],[69.1519,54.9172],[69.1519,54.9172],[69.1519,54.9172],[69.1519,54.9172],[69.1519,54.9172],[69.1519,54.9172],[69.1519,54.9172],[69.1519,54.9172],[69.1519,54.9172],[69.1519,54.9172],[69.1519,54.9172],[69.1519,54.9172],[69.152,54.9172],[69.152,54.9172],[69.152,54.9172],[69.152,54.9172],[69.152,54.9172],[69.152,54.9172],[69.152,54.9172],[69.152,54.9172],[69.152,54.9172],[69.152,54.9172],[69.152,54.9172],[69.152,54.9172],[69.1521,54.9172],[69.1521,54.9172],[69.1521,54.9171],[69.1521,54.9171],[69.1521,54.9171],[69.1521,54.9171],[69.1521,54.9171],[69.1521,54.9171],[69.1521,54.9171],[69.1521,54.9171],[69.1521,54.9171],[69.1521,54.9171],[69.1521,54.9171],[69.1521,54.9171],[69.1522,54.9171],[69.1522,54.9171],[69.1522,54.9171],[69.1522,54.9171],[69.1522,54.9171],[69.1522,54.9171],[69.1522,54.9171],[69.1522,54.9171],[69.1522,54.9171],[69.1522,54.9171],[69.1522,54.9171],[69.1522,54.9171],[69.1522,54.9171],[69.1522,54.9171],[69.1522,54.9171],[69.1522,54.9171],[69.1522,54.9171],[69.1522,54.9171],[69.1522,54.9171],[69.1523,54.9171],[69.1523,54.9171],[69.1523,54.9171],[69.1523,54.9171],[69.1523,54.9171],[69.1523,54.9171],[69.1523,54.9171],[69.1523,54.9171],[69.1523,54.9171],[69.1523,54.9171],[69.1523,54.9171],[69.1523,54.9171],[69.1523,54.9171],[69.1523,54.9171],[69.1523,54.9171],[69.1524,54.917],[69.1524,54.917],[69.1524,54.917],[69.1524,54.917],[69.1524,54.917],[69.1524,54.917],[69.1524,54.917],[69.1524,54.917],[69.1524,54.917],[69.1524,54.917],[69.1524,54.917],[69.1524,54.917],[69.1549,54.9157],[69.1549,54.9157],[69.1549,54.9157],[69.1549,54.9157],[69.1549,54.9157],[69.1549,54.9157],[69.1549,54.9157],[69.1549,54.9157],[69.1549,54.9157],[69.1549,54.9157],[69.155,54.9157],[69.155,54.9157],[69.155,54.9157],[69.155,54.9157],[69.155,54.9157],[69.155,54.9157],[69.155,54.9157],[69.155,54.9157],[69.155,54.9157],[69.155,54.9157],[69.155,54.9157],[69.155,54.9157],[69.155,54.9156],[69.1551,54.9156],[69.1551,54.9156],[69.1551,54.9156],[69.1551,54.9156],[69.1551,54.9156],[69.1551,54.9156],[69.1551,54.9156],[69.1551,54.9156],[69.1551,54.9156],[69.1551,54.9156],[69.1551,54.9156],[69.1551,54.9156],[69.1551,54.9156],[69.1551,54.9156],[69.1551,54.9156],[69.1551,54.9156],[69.1551,54.9156],[69.1551,54.9156],[69.1551,54.9156],[69.1552,54.9155],[69.1552,54.9155],[69.1552,54.9155],[69.1552,54.9155],[69.1552,54.9155],[69.1552,54.9155],[69.1552,54.9155],[69.1552,54.9155],[69.1552,54.9155],[69.1552,54.9155],[69.1552,54.9155],[69.1552,54.9155],[69.1552,54.9155],[69.1552,54.9155],[69.1552,54.9155],[69.1552,54.9155],[69.1552,54.9155],[69.1552,54.9155],[69.1552,54.9154],[69.1552,54.9154],[69.1552,54.9154],[69.1552,54.9154],[69.1553,54.9154],[69.1553,54.9154],[69.1553,54.9154],[69.1553,54.9154],[69.1553,54.9154],[69.1553,54.9154],[69.1553,54.9154],[69.1553,54.9154],[69.1553,54.9154],[69.1553,54.9154],[69.1553,54.9154],[69.1553,54.9154],[69.1553,54.9154],[69.1553,54.9154],[69.1553,54.9153],[69.1553,54.9153],[69.1553,54.9153],[69.1553,54.9153],[69.1553,54.9153],[69.1553,54.9153],[69.1553,54.9153],[69.1553,54.9153],[69.1553,54.9153],[69.1553,54.9153],[69.1553,54.9153],[69.1553,54.9153],[69.1553,54.9153],[69.1553,54.9153],[69.1553,54.9153],[69.1553,54.9153],[69.1553,54.9153],[69.1553,54.9152],[69.1553,54.9152],[69.1553,54.9152],[69.1553,54.9152],[69.1553,54.9152],[69.1553,54.9152],[69.1553,54.9152],[69.1553,54.9152],[69.1553,54.9152],[69.1553,54.9152],[69.1553,54.9152],[69.1553,54.9152],[69.1553,54.9152],[69.1553,54.9152],[69.1553,54.9152],[69.1553,54.9152],[69.1553,54.9152],[69.1553,54.9152],[69.1553,54.9152],[69.1553,54.9152],[69.1548,54.9106],[69.1576,54.9105],[69.1724,54.917],[69.1738,54.9175],[69.1739,54.9177],[69.1739,54.9177],[69.1738,54.9177],[69.1379,54.9262],[69.1379,54.9262],[69.1379,54.9262],[69.1378,54.9262],[69.1378,54.9262],[69.1376,54.9262],[69.1376,54.9262],[69.1375,54.9262],[69.1373,54.9262],[69.1381,54.9244],[69.138,54.9241],[69.138,54.924],[69.1386,54.9228],[69.141,54.9174],[69.1415,54.9175],[69.1415,54.9175],[69.1416,54.9175],[69.1416,54.9175],[69.1416,54.9175],[69.1416,54.9175],[69.1432,54.9175]]],"type":"MultiLineString"},"geometry_name":"shape","id":"gp_red_lines.fid--7752831e_19fad8546bb_5868","properties":{"area":null,"creation_doc_id":3586,"deactivation_doc_id":null,"id":2574897},"type":"Feature"},{"bbox":[69.1491,54.9147,69.1537,54.9169],"geometry":{"coordinates":[[[69.1537,54.9159],[69.1518,54.9147],[69.1491,54.9149],[69.1493,54.9169],[69.1516,54.9168],[69.1516,54.9168],[69.1516,54.9168],[69.1516,54.9168],[69.1516,54.9168],[69.1516,54.9168],[69.1516,54.9168],[69.1516,54.9168],[69.1516,54.9168],[69.1516,54.9168],[69.1517,54.9168],[69.1517,54.9168],[69.1517,54.9168],[69.1517,54.9168],[69.1517,54.9168],[69.1517,54.9168],[69.1517,54.9168],[69.1517,54.9168],[69.1517,54.9168],[69.1517,54.9168],[69.1517,54.9168],[69.1517,54.9168],[69.1517,54.9168],[69.1517,54.9168],[69.1517,54.9168],[69.1517,54.9168],[69.1518,54.9168],[69.1518,54.9168],[69.1518,54.9168],[69.1518,54.9168],[69.1518,54.9168],[69.1518,54.9168],[69.1518,54.9168],[69.1518,54.9168],[69.1518,54.9168],[69.1518,54.9168],[69.1518,54.9168],[69.1518,54.9168],[69.1518,54.9168],[69.1518,54.9168],[69.1518,54.9168],[69.1518,54.9168],[69.1518,54.9168],[69.1518,54.9168],[69.1518,54.9168],[69.1518,54.9168],[69.1519,54.9168],[69.1519,54.9168],[69.1519,54.9168],[69.1519,54.9168],[69.1519,54.9168],[69.1519,54.9168],[69.1519,54.9168],[69.1519,54.9168],[69.1519,54.9168],[69.1519,54.9168],[69.1519,54.9168],[69.1519,54.9168],[69.1519,54.9168],[69.1519,54.9168],[69.1519,54.9168],[69.1519,54.9168],[69.1519,54.9168],[69.1519,54.9168],[69.1519,54.9168],[69.1519,54.9168],[69.1519,54.9168],[69.1519,54.9168],[69.152,54.9168],[69.152,54.9168],[69.152,54.9168],[69.152,54.9168],[69.152,54.9168],[69.152,54.9168],[69.152,54.9168],[69.152,54.9168],[69.152,54.9168],[69.152,54.9168],[69.152,54.9168],[69.152,54.9168],[69.152,54.9168],[69.1537,54.9159]]],"type":"MultiLineString"},"geometry_name":"shape","id":"gp_red_lines.fid--7752831e_19fad8546bb_5869","properties":{"area":null,"creation_doc_id":3586,"deactivation_doc_id":null,"id":2574898},"type":"Feature"},{"bbox":[69.1485,54.9106,69.1547,54.9157],"geometry":{"coordinates":[[[69.1547,54.9152],[69.1547,54.9152],[69.1547,54.9152],[69.1547,54.9152],[69.1547,54.9152],[69.1547,54.9152],[69.1547,54.9152],[69.1547,54.9152],[69.1547,54.9152],[69.1542,54.9106],[69.1485,54.9108],[69.149,54.9146],[69.1519,54.9145],[69.1519,54.9145],[69.1519,54.9145],[69.1519,54.9145],[69.1519,54.9145],[69.1519,54.9145],[69.152,54.9145],[69.152,54.9145],[69.152,54.9145],[69.152,54.9145],[69.154,54.9157],[69.1545,54.9155],[69.1545,54.9155],[69.1545,54.9155],[69.1545,54.9155],[69.1545,54.9155],[69.1545,54.9155],[69.1545,54.9155],[69.1545,54.9154],[69.1545,54.9154],[69.1545,54.9154],[69.1545,54.9154],[69.1545,54.9154],[69.1545,54.9154],[69.1546,54.9154],[69.1546,54.9154],[69.1546,54.9154],[69.1546,54.9154],[69.1546,54.9154],[69.1546,54.9154],[69.1546,54.9154],[69.1546,54.9154],[69.1546,54.9154],[69.1546,54.9154],[69.1546,54.9154],[69.1546,54.9154],[69.1546,54.9154],[69.1546,54.9154],[69.1546,54.9154],[69.1546,54.9154],[69.1546,54.9154],[69.1546,54.9154],[69.1546,54.9154],[69.1546,54.9154],[69.1546,54.9154],[69.1546,54.9153],[69.1546,54.9153],[69.1546,54.9153],[69.1546,54.9153],[69.1546,54.9153],[69.1546,54.9153],[69.1547,54.9153],[69.1547,54.9153],[69.1547,54.9153],[69.1547,54.9153],[69.1547,54.9153],[69.1547,54.9153],[69.1547,54.9153],[69.1547,54.9153],[69.1547,54.9153],[69.1547,54.9153],[69.1547,54.9153],[69.1547,54.9153],[69.1547,54.9153],[69.1547,54.9153],[69.1547,54.9153],[69.1547,54.9153],[69.1547,54.9153],[69.1547,54.9153],[69.1547,54.9152],[69.1547,54.9152],[69.1547,54.9152],[69.1547,54.9152],[69.1547,54.9152],[69.1547,54.9152],[69.1547,54.9152],[69.1547,54.9152],[69.1547,54.9152]]],"type":"MultiLineString"},"geometry_name":"shape","id":"gp_red_lines.fid--7752831e_19fad8546bb_586a","properties":{"area":null,"creation_doc_id":3586,"deactivation_doc_id":null,"id":2574899},"type":"Feature"},{"bbox":[69.1422,54.9108,69.1484,54.915],"geometry":{"coordinates":[[[69.1484,54.9147],[69.1479,54.9108],[69.144,54.911],[69.1422,54.915],[69.1484,54.9147]]],"type":"MultiLineString"},"geometry_name":"shape","id":"gp_red_lines.fid--7752831e_19fad8546bb_586b","properties":{"area":null,"creation_doc_id":3586,"deactivation_doc_id":null,"id":2574900},"type":"Feature"},{"bbox":[69.1442,54.9043,69.1479,54.9106],"geometry":{"coordinates":[[[69.1471,54.9043],[69.1446,54.9097],[69.1442,54.9106],[69.1442,54.9106],[69.1479,54.9105],[69.1471,54.9043]]],"type":"MultiLineString"},"geometry_name":"shape","id":"gp_red_lines.fid--7752831e_19fad8546bb_586c","properties":{"area":null,"creation_doc_id":3586,"deactivation_doc_id":null,"id":2574901},"type":"Feature"},{"bbox":[69.1475,54.9025,69.1541,54.9105],"geometry":{"coordinates":[[[69.1541,54.9102],[69.1532,54.9025],[69.1475,54.9025],[69.1485,54.9105],[69.1541,54.9102]]],"type":"MultiLineString"},"geometry_name":"shape","id":"gp_red_lines.fid--7752831e_19fad8546bb_586d","properties":{"area":null,"creation_doc_id":3586,"deactivation_doc_id":null,"id":2574902},"type":"Feature"},{"bbox":[69.154,54.9024,69.1606,54.9102],"geometry":{"coordinates":[[[69.1606,54.9024],[69.154,54.9024],[69.1549,54.9102],[69.1606,54.91],[69.1599,54.9043],[69.1599,54.9043],[69.1599,54.9043],[69.1599,54.9043],[69.1599,54.9043],[69.1599,54.9043],[69.16,54.9041],[69.1606,54.9024]]],"type":"MultiLineString"},"geometry_name":"shape","id":"gp_red_lines.fid--7752831e_19fad8546bb_586e","properties":{"area":null,"creation_doc_id":3586,"deactivation_doc_id":null,"id":2574903},"type":"Feature"},{"bbox":[69.1586,54.9099,69.1722,54.9163],"geometry":{"coordinates":[[[69.1722,54.9163],[69.1714,54.9099],[69.1586,54.9104],[69.1586,54.9104],[69.1722,54.9163]]],"type":"MultiLineString"},"geometry_name":"shape","id":"gp_red_lines.fid--7752831e_19fad8546bb_586f","properties":{"area":null,"creation_doc_id":3586,"deactivation_doc_id":null,"id":2574904},"type":"Feature"},{"bbox":[69.1418,54.9351,69.148,54.9376],"geometry":{"coordinates":[[[69.148,54.9376],[69.1479,54.9374],[69.1478,54.937],[69.1478,54.937],[69.1477,54.937],[69.1477,54.937],[69.1477,54.9369],[69.1477,54.9369],[69.1477,54.9369],[69.1477,54.9369],[69.1477,54.9368],[69.1477,54.9368],[69.1477,54.9367],[69.1477,54.9367],[69.1477,54.9367],[69.1477,54.9367],[69.1477,54.9367],[69.1477,54.9366],[69.1477,54.9364],[69.1477,54.9364],[69.1477,54.9363],[69.1478,54.9363],[69.1478,54.9362],[69.1478,54.9362],[69.1478,54.9361],[69.1478,54.9361],[69.1479,54.936],[69.1441,54.9355],[69.1441,54.9355],[69.1439,54.9354],[69.1439,54.9354],[69.1439,54.9354],[69.1439,54.9354],[69.1438,54.9354],[69.1436,54.9354],[69.1435,54.9353],[69.1434,54.9353],[69.1433,54.9353],[69.1431,54.9352],[69.1431,54.9352],[69.1431,54.9352],[69.1431,54.9352],[69.1431,54.9352],[69.1431,54.9352],[69.1431,54.9352],[69.143,54.9352],[69.143,54.9351],[69.143,54.9351],[69.143,54.9351],[69.1427,54.9353],[69.1426,54.9353],[69.1426,54.9354],[69.1425,54.9354],[69.1425,54.9354],[69.1425,54.9354],[69.1425,54.9355],[69.1425,54.9355],[69.1424,54.9355],[69.1424,54.9355],[69.1418,54.9368],[69.148,54.9376]]],"type":"MultiLineString"},"geometry_name":"shape","id":"gp_red_lines.fid--7752831e_19fad8546bb_5870","properties":{"area":null,"creation_doc_id":3586,"deactivation_doc_id":null,"id":2574905},"type":"Feature"},{"bbox":[69.1434,54.9332,69.1492,54.9356],"geometry":{"coordinates":[[[69.1492,54.9334],[69.1492,54.9334],[69.1492,54.9334],[69.1492,54.9334],[69.1492,54.9334],[69.1482,54.9332],[69.1481,54.9332],[69.1481,54.9332],[69.148,54.9332],[69.1479,54.9332],[69.1478,54.9332],[69.1478,54.9332],[69.1477,54.9332],[69.1476,54.9332],[69.1475,54.9332],[69.1475,54.9332],[69.1474,54.9333],[69.1473,54.9333],[69.1473,54.9333],[69.1472,54.9333],[69.1471,54.9333],[69.1471,54.9334],[69.147,54.9334],[69.147,54.9334],[69.1469,54.9335],[69.1469,54.9335],[69.1462,54.934],[69.1461,54.9341],[69.1461,54.9341],[69.1461,54.9341],[69.1461,54.9341],[69.146,54.9342],[69.146,54.9342],[69.146,54.9342],[69.1459,54.9342],[69.1459,54.9342],[69.1459,54.9342],[69.1458,54.9343],[69.1458,54.9343],[69.1457,54.9343],[69.1456,54.9343],[69.1456,54.9344],[69.1455,54.9344],[69.1454,54.9344],[69.1454,54.9344],[69.1453,54.9344],[69.1435,54.9348],[69.1435,54.9348],[69.1435,54.9348],[69.1434,54.9348],[69.1434,54.9348],[69.1434,54.9349],[69.1434,54.9349],[69.1434,54.9349],[69.1435,54.9349],[69.1435,54.9349],[69.1436,54.9349],[69.1436,54.9349],[69.1436,54.9349],[69.1436,54.9349],[69.1437,54.935],[69.1438,54.935],[69.1438,54.935],[69.1438,54.935],[69.144,54.9351],[69.1441,54.9351],[69.1442,54.9351],[69.1444,54.9351],[69.148,54.9356],[69.1492,54.9334],[69.1492,54.9334]]],"type":"MultiLineString"},"geometry_name":"shape","id":"gp_red_lines.fid--7752831e_19fad8546bb_5871","properties":{"area":null,"creation_doc_id":3586,"deactivation_doc_id":null,"id":2574906},"type":"Feature"},{"bbox":[69.1331,54.9326,69.1425,54.9367],"geometry":{"coordinates":[[[69.1425,54.9349],[69.1398,54.9334],[69.1398,54.9334],[69.1397,54.9333],[69.1397,54.9333],[69.1396,54.9333],[69.1395,54.9333],[69.1395,54.9333],[69.1394,54.9332],[69.1393,54.9332],[69.1392,54.9332],[69.1392,54.9332],[69.1391,54.9332],[69.1343,54.9326],[69.1331,54.9356],[69.1331,54.9356],[69.1331,54.9356],[69.1332,54.9356],[69.1332,54.9356],[69.1411,54.9367],[69.1412,54.9367],[69.1418,54.9355],[69.1418,54.9354],[69.1418,54.9354],[69.1418,54.9354],[69.1419,54.9353],[69.1419,54.9353],[69.1419,54.9352],[69.142,54.9352],[69.142,54.9352],[69.142,54.9352],[69.142,54.9352],[69.1421,54.9351],[69.1421,54.9351],[69.1421,54.9351],[69.1421,54.9351],[69.1421,54.9351],[69.1421,54.9351],[69.1424,54.9349],[69.1424,54.9349],[69.1425,54.9349]]],"type":"MultiLineString"},"geometry_name":"shape","id":"gp_red_lines.fid--7752831e_19fad8546bb_5872","properties":{"area":null,"creation_doc_id":3586,"deactivation_doc_id":null,"id":2574907},"type":"Feature"},{"bbox":[69.1279,54.9356,69.1322,54.9392],"geometry":{"coordinates":[[[69.1322,54.9358],[69.1312,54.9356],[69.1312,54.9356],[69.1312,54.9356],[69.1306,54.9357],[69.1306,54.9357],[69.1305,54.9357],[69.1305,54.9357],[69.1305,54.9357],[69.1304,54.9357],[69.1304,54.9357],[69.1304,54.9357],[69.1303,54.9357],[69.1303,54.9357],[69.1302,54.9357],[69.1302,54.9357],[69.1302,54.9357],[69.1302,54.9357],[69.1301,54.9357],[69.1301,54.9357],[69.1301,54.9357],[69.1294,54.936],[69.1294,54.936],[69.1293,54.936],[69.1293,54.936],[69.1293,54.936],[69.1292,54.9361],[69.1292,54.9361],[69.1292,54.9361],[69.1291,54.9361],[69.1291,54.9361],[69.1291,54.9361],[69.129,54.9362],[69.129,54.9362],[69.129,54.9362],[69.1289,54.9362],[69.1289,54.9362],[69.1287,54.9362],[69.1287,54.9362],[69.1286,54.9362],[69.1286,54.9363],[69.1285,54.9363],[69.1285,54.9363],[69.1283,54.9363],[69.1279,54.9385],[69.1279,54.9386],[69.1279,54.9386],[69.1279,54.9386],[69.1279,54.9387],[69.1279,54.9387],[69.1279,54.9387],[69.1279,54.9387],[69.1279,54.9388],[69.128,54.9388],[69.128,54.9388],[69.128,54.9388],[69.128,54.9388],[69.1281,54.9389],[69.1281,54.9389],[69.1281,54.9389],[69.1283,54.9389],[69.1284,54.939],[69.1286,54.939],[69.1308,54.9392],[69.1308,54.9392],[69.1322,54.9358]]],"type":"MultiLineString"},"geometry_name":"shape","id":"gp_red_lines.fid--7752831e_19fad8546bb_5873","properties":{"area":null,"creation_doc_id":3586,"deactivation_doc_id":null,"id":2574908},"type":"Feature"},{"bbox":[69.1283,54.9318,69.1339,54.936],"geometry":{"coordinates":[[[69.1339,54.9318],[69.1334,54.9318],[69.1334,54.9319],[69.1334,54.9319],[69.1334,54.9319],[69.1334,54.9319],[69.1333,54.9319],[69.1333,54.9319],[69.1333,54.9319],[69.1333,54.9319],[69.1332,54.9319],[69.1332,54.9319],[69.1332,54.9319],[69.1332,54.9319],[69.1331,54.932],[69.1331,54.932],[69.1329,54.9321],[69.1325,54.9325],[69.1325,54.9325],[69.1325,54.9325],[69.1318,54.933],[69.1317,54.9331],[69.1315,54.9333],[69.1315,54.9333],[69.1313,54.9334],[69.1313,54.9334],[69.1312,54.9334],[69.1311,54.9334],[69.1311,54.9334],[69.131,54.9335],[69.131,54.9335],[69.1308,54.9335],[69.1308,54.9335],[69.1308,54.9335],[69.1308,54.9335],[69.1307,54.9335],[69.1306,54.9335],[69.1306,54.9335],[69.1305,54.9335],[69.1305,54.9335],[69.1305,54.9335],[69.1284,54.9335],[69.1284,54.9335],[69.1284,54.9335],[69.1283,54.9335],[69.1283,54.9335],[69.1283,54.9335],[69.1283,54.9336],[69.1283,54.9336],[69.1283,54.9336],[69.1283,54.9336],[69.1283,54.9336],[69.1283,54.9336],[69.1283,54.9336],[69.1283,54.9336],[69.1285,54.9353],[69.1285,54.9353],[69.1285,54.9353],[69.1285,54.9353],[69.1285,54.9353],[69.1285,54.9354],[69.1285,54.9354],[69.1285,54.9354],[69.1285,54.9354],[69.1285,54.9355],[69.1285,54.9355],[69.1284,54.936],[69.1284,54.936],[69.1284,54.936],[69.1285,54.936],[69.1285,54.936],[69.1286,54.936],[69.1286,54.936],[69.1287,54.936],[69.1287,54.9359],[69.1288,54.9359],[69.1288,54.9359],[69.1288,54.9359],[69.1289,54.9359],[69.1289,54.9359],[69.1289,54.9359],[69.129,54.9359],[69.129,54.9358],[69.129,54.9358],[69.1291,54.9358],[69.1291,54.9358],[69.1298,54.9355],[69.1299,54.9355],[69.1299,54.9355],[69.13,54.9355],[69.13,54.9355],[69.1301,54.9354],[69.1301,54.9354],[69.1302,54.9354],[69.1302,54.9354],[69.1303,54.9354],[69.1303,54.9354],[69.1304,54.9354],[69.1304,54.9354],[69.1305,54.9354],[69.1305,54.9354],[69.1306,54.9354],[69.1306,54.9354],[69.1306,54.9354],[69.1312,54.9354],[69.1312,54.9354],[69.1312,54.9354],[69.1323,54.9355],[69.1327,54.9347],[69.1327,54.9345],[69.1327,54.9345],[69.1336,54.9323],[69.1339,54.9318]]],"type":"MultiLineString"},"geometry_name":"shape","id":"gp_red_lines.fid--7752831e_19fad8546bb_5874","properties":{"area":null,"creation_doc_id":3586,"deactivation_doc_id":null,"id":2574909},"type":"Feature"},{"bbox":[69.0998,54.9103,69.1396,54.926],"geometry":{"coordinates":[[[69.1396,54.9189],[69.1384,54.9187],[69.1311,54.9199],[69.1308,54.92],[69.1305,54.9201],[69.1301,54.9204],[69.13,54.9205],[69.1299,54.9205],[69.1298,54.9205],[69.1262,54.9204],[69.1262,54.9192],[69.1262,54.9192],[69.1264,54.918],[69.1264,54.918],[69.1264,54.9176],[69.1264,54.9176],[69.1268,54.9165],[69.127,54.9159],[69.127,54.9159],[69.1273,54.9154],[69.1273,54.9153],[69.1273,54.9153],[69.1273,54.9153],[69.1273,54.9153],[69.128,54.9141],[69.128,54.9141],[69.128,54.9141],[69.128,54.9141],[69.128,54.9141],[69.1285,54.9136],[69.1285,54.9136],[69.1285,54.9136],[69.129,54.9131],[69.129,54.913],[69.1294,54.9126],[69.1294,54.9126],[69.1297,54.9123],[69.1297,54.9123],[69.13,54.9121],[69.13,54.9121],[69.1303,54.9118],[69.1303,54.9118],[69.1315,54.9109],[69.1316,54.9108],[69.1318,54.9107],[69.1318,54.9107],[69.1318,54.9106],[69.1318,54.9106],[69.1318,54.9106],[69.1318,54.9106],[69.1318,54.9106],[69.1318,54.9106],[69.1318,54.9106],[69.1318,54.9106],[69.1318,54.9105],[69.1318,54.9105],[69.1318,54.9105],[69.1318,54.9105],[69.1318,54.9105],[69.1318,54.9105],[69.1318,54.9105],[69.1318,54.9105],[69.1318,54.9104],[69.1318,54.9104],[69.1318,54.9104],[69.1317,54.9104],[69.1317,54.9104],[69.1317,54.9104],[69.1317,54.9104],[69.1317,54.9104],[69.1317,54.9104],[69.1317,54.9104],[69.1316,54.9104],[69.1316,54.9104],[69.1316,54.9104],[69.1316,54.9104],[69.1316,54.9103],[69.1315,54.9103],[69.1315,54.9103],[69.1315,54.9103],[69.1315,54.9103],[69.1315,54.9103],[69.1315,54.9103],[69.1313,54.9104],[69.131,54.9104],[69.1307,54.9105],[69.1303,54.9106],[69.1293,54.911],[69.1289,54.9112],[69.1286,54.9114],[69.1283,54.9116],[69.1281,54.9118],[69.128,54.912],[69.1279,54.9122],[69.1278,54.9126],[69.1278,54.9127],[69.1277,54.9127],[69.1277,54.9128],[69.1276,54.9128],[69.1275,54.9129],[69.1275,54.9129],[69.1274,54.9129],[69.1272,54.9129],[69.1272,54.9129],[69.1271,54.9129],[69.1271,54.9129],[69.1271,54.9129],[69.1249,54.9128],[69.1227,54.9126],[69.1227,54.9126],[69.1215,54.9126],[69.1214,54.9126],[69.121,54.9126],[69.121,54.9126],[69.1205,54.9126],[69.12,54.9126],[69.1196,54.9126],[69.1191,54.9127],[69.1183,54.9129],[69.1172,54.9132],[69.1172,54.9132],[69.1172,54.9132],[69.1172,54.9132],[69.1159,54.9135],[69.1158,54.9135],[69.1158,54.9135],[69.1158,54.9135],[69.1152,54.9136],[69.1151,54.9136],[69.1151,54.9136],[69.1151,54.9136],[69.1136,54.9139],[69.1136,54.9139],[69.1136,54.9139],[69.1136,54.9139],[69.1022,54.9154],[69.1018,54.9155],[69.1018,54.9155],[69.1014,54.9155],[69.1014,54.9155],[69.101,54.9155],[69.101,54.9155],[69.1006,54.9155],[69.1006,54.9155],[69.1006,54.9155],[69.1002,54.9155],[69.1002,54.9155],[69.0998,54.9155],[69.1144,54.9221],[69.1145,54.9222],[69.1146,54.9222],[69.1147,54.9222],[69.1148,54.9222],[69.1149,54.9223],[69.1208,54.9232],[69.1209,54.9234],[69.1226,54.9236],[69.1228,54.9235],[69.1301,54.9247],[69.132,54.9252],[69.132,54.9252],[69.132,54.9252],[69.136,54.926],[69.136,54.926],[69.1369,54.924],[69.1373,54.9237],[69.1396,54.9189]]],"type":"MultiLineString"},"geometry_name":"shape","id":"gp_red_lines.fid--7752831e_19fad8546bb_5875","properties":{"area":null,"creation_doc_id":3586,"deactivation_doc_id":null,"id":2574910},"type":"Feature"},{"bbox":[69.0732,54.8911,69.122,54.9152],"geometry":{"coordinates":[[[69.122,54.9051],[69.122,54.9051],[69.122,54.9051],[69.1206,54.905],[69.1206,54.905],[69.1206,54.905],[69.1205,54.905],[69.1205,54.905],[69.1204,54.905],[69.1204,54.905],[69.1204,54.905],[69.1204,54.9049],[69.1204,54.9049],[69.1204,54.9049],[69.1204,54.9049],[69.1204,54.9049],[69.1198,54.8996],[69.1178,54.8994],[69.1177,54.8994],[69.1177,54.8994],[69.1176,54.8994],[69.1129,54.898],[69.1129,54.898],[69.1129,54.898],[69.1129,54.898],[69.0924,54.8915],[69.0924,54.8915],[69.0924,54.8915],[69.0917,54.8911],[69.0889,54.8929],[69.0889,54.8929],[69.0889,54.8929],[69.0867,54.8942],[69.0852,54.8953],[69.0852,54.8953],[69.084,54.8963],[69.0829,54.8972],[69.0829,54.8972],[69.0829,54.8972],[69.0829,54.8972],[69.0789,54.9005],[69.0789,54.9005],[69.0781,54.9012],[69.0781,54.9012],[69.0781,54.9012],[69.0781,54.9012],[69.0775,54.9017],[69.0775,54.9017],[69.0774,54.9017],[69.0774,54.9017],[69.077,54.9021],[69.077,54.9021],[69.0769,54.9021],[69.0769,54.9021],[69.0763,54.9025],[69.0763,54.9025],[69.0763,54.9025],[69.0762,54.9026],[69.0753,54.9032],[69.0753,54.9032],[69.0753,54.9032],[69.0752,54.9032],[69.0743,54.9039],[69.0743,54.9039],[69.0743,54.9039],[69.0742,54.9039],[69.0737,54.9042],[69.0737,54.9042],[69.0736,54.9042],[69.0736,54.9043],[69.0735,54.9043],[69.0735,54.9043],[69.0734,54.9044],[69.0734,54.9044],[69.0733,54.9045],[69.0733,54.9045],[69.0733,54.9046],[69.0732,54.9046],[69.0732,54.9047],[69.0732,54.9047],[69.0732,54.9047],[69.0732,54.9048],[69.0732,54.9048],[69.0732,54.9049],[69.0732,54.9049],[69.0732,54.905],[69.0732,54.905],[69.0733,54.9051],[69.0733,54.9051],[69.0733,54.9052],[69.0734,54.9052],[69.0734,54.9053],[69.0735,54.9053],[69.0735,54.9053],[69.0736,54.9054],[69.0736,54.9054],[69.0737,54.9054],[69.0738,54.9055],[69.0738,54.9055],[69.0742,54.9056],[69.0801,54.908],[69.0804,54.9082],[69.0812,54.9085],[69.0822,54.9089],[69.0837,54.9095],[69.0842,54.9097],[69.0848,54.9099],[69.0849,54.91],[69.0849,54.91],[69.0849,54.91],[69.0849,54.91],[69.0856,54.9102],[69.0857,54.9103],[69.0861,54.9104],[69.0893,54.9113],[69.0906,54.9118],[69.0915,54.9121],[69.0916,54.9121],[69.0916,54.9121],[69.0916,54.9121],[69.0923,54.9123],[69.0923,54.9123],[69.0923,54.9123],[69.0923,54.9123],[69.0923,54.9123],[69.0923,54.9123],[69.0923,54.9123],[69.0928,54.9125],[69.0928,54.9125],[69.0929,54.9125],[69.0929,54.9125],[69.0933,54.9127],[69.0939,54.9129],[69.0939,54.9129],[69.0939,54.9129],[69.0939,54.9129],[69.0943,54.913],[69.0943,54.913],[69.0943,54.9131],[69.0943,54.9131],[69.095,54.9133],[69.095,54.9133],[69.0951,54.9133],[69.0951,54.9133],[69.0957,54.9136],[69.0957,54.9136],[69.0957,54.9136],[69.0957,54.9136],[69.0964,54.914],[69.0964,54.914],[69.0964,54.914],[69.0964,54.914],[69.0969,54.9142],[69.0976,54.9145],[69.0976,54.9145],[69.0976,54.9145],[69.0976,54.9145],[69.0982,54.9147],[69.0988,54.915],[69.0988,54.915],[69.0991,54.9151],[69.0995,54.9151],[69.0999,54.9152],[69.1002,54.9152],[69.1006,54.9152],[69.101,54.9152],[69.1013,54.9151],[69.1017,54.9151],[69.1021,54.9151],[69.1021,54.9151],[69.1021,54.9151],[69.1134,54.9135],[69.1134,54.9135],[69.1149,54.9133],[69.115,54.9133],[69.1156,54.9131],[69.1156,54.9131],[69.117,54.9128],[69.117,54.9128],[69.1181,54.9126],[69.1181,54.9126],[69.1181,54.9126],[69.1181,54.9126],[69.1189,54.9124],[69.1189,54.9124],[69.1189,54.9124],[69.1189,54.9124],[69.1195,54.9123],[69.1195,54.9123],[69.1195,54.9123],[69.1195,54.9123],[69.1199,54.9122],[69.1199,54.9122],[69.1199,54.9122],[69.12,54.9122],[69.1204,54.9122],[69.1204,54.9122],[69.1204,54.9122],[69.1204,54.9122],[69.121,54.9122],[69.121,54.9122],[69.121,54.9122],[69.121,54.9122],[69.121,54.9122],[69.1211,54.9112],[69.1211,54.9112],[69.1212,54.9109],[69.1212,54.9108],[69.1212,54.9107],[69.1212,54.9107],[69.1213,54.9106],[69.1214,54.9102],[69.1215,54.9102],[69.1215,54.9101],[69.122,54.9051]]],"type":"MultiLineString"},"geometry_name":"shape","id":"gp_red_lines.fid--7752831e_19fad8546bb_5876","properties":{"area":null,"creation_doc_id":3586,"deactivation_doc_id":null,"id":2574911},"type":"Feature"},{"bbox":[69.092,54.8723,69.1366,54.9126],"geometry":{"coordinates":[[[69.1366,54.902],[69.136,54.8977],[69.136,54.8974],[69.1356,54.8947],[69.1356,54.8945],[69.1356,54.8945],[69.1355,54.8945],[69.1355,54.8945],[69.1355,54.8944],[69.1355,54.8943],[69.1354,54.8943],[69.1353,54.8942],[69.1352,54.8941],[69.1349,54.894],[69.1326,54.8928],[69.1325,54.8928],[69.132,54.8925],[69.1316,54.8923],[69.1316,54.8923],[69.1315,54.8922],[69.1315,54.8922],[69.1313,54.8921],[69.1313,54.8921],[69.1313,54.8921],[69.1313,54.8921],[69.1313,54.8921],[69.1312,54.892],[69.1312,54.892],[69.1312,54.8919],[69.1312,54.8919],[69.1311,54.8919],[69.1311,54.8919],[69.1311,54.8918],[69.1311,54.8918],[69.1311,54.8918],[69.1311,54.8917],[69.1311,54.8917],[69.131,54.8912],[69.131,54.8909],[69.1306,54.889],[69.1305,54.888],[69.1305,54.888],[69.1305,54.8878],[69.1276,54.8863],[69.1275,54.8863],[69.1275,54.8863],[69.1274,54.8862],[69.1274,54.8862],[69.1274,54.8862],[69.1274,54.8862],[69.1273,54.8862],[69.1273,54.8862],[69.1273,54.8862],[69.1273,54.8862],[69.1273,54.8861],[69.1273,54.8861],[69.1273,54.8861],[69.1273,54.8861],[69.1272,54.8861],[69.1272,54.8861],[69.1272,54.8861],[69.1272,54.8861],[69.1272,54.8861],[69.1272,54.886],[69.1271,54.886],[69.1271,54.886],[69.1271,54.886],[69.1271,54.8859],[69.1271,54.8859],[69.1271,54.8859],[69.1271,54.8859],[69.1271,54.8859],[69.127,54.8858],[69.127,54.8858],[69.127,54.8858],[69.127,54.8858],[69.127,54.8857],[69.127,54.8857],[69.127,54.8857],[69.127,54.8857],[69.127,54.8856],[69.127,54.8856],[69.1268,54.8819],[69.1241,54.882],[69.1241,54.882],[69.1241,54.882],[69.1241,54.882],[69.1241,54.882],[69.124,54.882],[69.1239,54.882],[69.1239,54.882],[69.1238,54.882],[69.1238,54.882],[69.1237,54.882],[69.1237,54.882],[69.1236,54.882],[69.1235,54.882],[69.1235,54.882],[69.1234,54.882],[69.1234,54.882],[69.1233,54.882],[69.1233,54.8819],[69.1232,54.8819],[69.1232,54.8819],[69.1231,54.8819],[69.1231,54.8819],[69.1231,54.8819],[69.1231,54.8819],[69.1231,54.8819],[69.1231,54.8819],[69.123,54.8819],[69.123,54.8818],[69.1229,54.8818],[69.1229,54.8818],[69.1229,54.8818],[69.1229,54.8818],[69.1228,54.8818],[69.1228,54.8818],[69.1228,54.8817],[69.1227,54.8817],[69.1227,54.8817],[69.1227,54.8817],[69.1227,54.8817],[69.1227,54.8817],[69.1226,54.8817],[69.1226,54.8816],[69.1226,54.8816],[69.1225,54.8816],[69.1225,54.8816],[69.1225,54.8816],[69.1225,54.8816],[69.1225,54.8816],[69.1225,54.8815],[69.1225,54.8815],[69.1224,54.8815],[69.1224,54.8815],[69.1224,54.8815],[69.1224,54.8815],[69.1224,54.8815],[69.1224,54.8815],[69.1224,54.8815],[69.1224,54.8815],[69.1224,54.8814],[69.1224,54.8814],[69.1216,54.8804],[69.1177,54.8809],[69.1177,54.8809],[69.1174,54.881],[69.1174,54.881],[69.1172,54.881],[69.1171,54.881],[69.1169,54.8811],[69.1168,54.8811],[69.1167,54.8812],[69.1122,54.8834],[69.1054,54.8799],[69.1041,54.8793],[69.1032,54.8791],[69.1038,54.8783],[69.1038,54.8783],[69.1047,54.8771],[69.1047,54.8771],[69.1047,54.8771],[69.1047,54.8771],[69.1047,54.8771],[69.1047,54.8771],[69.1047,54.8771],[69.1047,54.8771],[69.1055,54.8759],[69.1055,54.8759],[69.1055,54.8759],[69.1055,54.8759],[69.1055,54.8759],[69.1055,54.8759],[69.1055,54.8759],[69.1055,54.8759],[69.1064,54.8747],[69.1068,54.8741],[69.1068,54.8741],[69.1071,54.8737],[69.1071,54.8737],[69.1071,54.8737],[69.1071,54.8737],[69.1071,54.8737],[69.1071,54.8737],[69.1071,54.8737],[69.1076,54.873],[69.1076,54.873],[69.1076,54.873],[69.1076,54.873],[69.1076,54.873],[69.1076,54.873],[69.1076,54.873],[69.1078,54.8726],[69.1073,54.8723],[69.107,54.8729],[69.1065,54.8736],[69.1063,54.8739],[69.1063,54.874],[69.1058,54.8746],[69.1058,54.8746],[69.105,54.8758],[69.105,54.8758],[69.105,54.8758],[69.105,54.8758],[69.1041,54.877],[69.1041,54.877],[69.1041,54.877],[69.1041,54.877],[69.1032,54.8782],[69.1019,54.88],[69.1019,54.88],[69.1017,54.8802],[69.1009,54.8813],[69.1005,54.8819],[69.1005,54.8819],[69.1005,54.8819],[69.1005,54.8819],[69.1005,54.8819],[69.0996,54.8831],[69.0996,54.8831],[69.0996,54.8831],[69.0982,54.8849],[69.098,54.8849],[69.0979,54.885],[69.0963,54.8869],[69.096,54.8874],[69.096,54.8877],[69.0959,54.8878],[69.0959,54.8878],[69.0956,54.8882],[69.095,54.8889],[69.0949,54.8891],[69.0948,54.8891],[69.092,54.8909],[69.0927,54.8912],[69.0927,54.8913],[69.1131,54.8977],[69.1178,54.8992],[69.1203,54.8994],[69.1224,54.8996],[69.1241,54.899],[69.124,54.8989],[69.124,54.8989],[69.124,54.8989],[69.124,54.8989],[69.124,54.8989],[69.124,54.8988],[69.1241,54.8988],[69.1241,54.8988],[69.1241,54.8988],[69.1241,54.8987],[69.1241,54.8987],[69.1241,54.8987],[69.1241,54.8987],[69.1242,54.8987],[69.1242,54.8987],[69.1242,54.8986],[69.1242,54.8986],[69.1243,54.8986],[69.1243,54.8986],[69.1243,54.8986],[69.1244,54.8986],[69.1244,54.8986],[69.1244,54.8986],[69.1245,54.8985],[69.1245,54.8985],[69.1245,54.8985],[69.1246,54.8985],[69.1246,54.8985],[69.1247,54.8985],[69.1247,54.8985],[69.1247,54.8985],[69.1248,54.8985],[69.1248,54.8985],[69.1249,54.8985],[69.1249,54.8986],[69.1249,54.8986],[69.125,54.8986],[69.125,54.8986],[69.125,54.8986],[69.1251,54.8986],[69.1251,54.8986],[69.1251,54.8986],[69.1251,54.8987],[69.1252,54.8987],[69.1252,54.8987],[69.1252,54.8987],[69.1252,54.8987],[69.1252,54.8988],[69.1252,54.8988],[69.1253,54.8988],[69.1253,54.8988],[69.1253,54.8988],[69.1253,54.8989],[69.1253,54.8989],[69.1253,54.8989],[69.1253,54.8989],[69.1253,54.899],[69.1253,54.899],[69.1252,54.899],[69.1252,54.899],[69.1252,54.899],[69.1252,54.8991],[69.1252,54.8991],[69.1252,54.8991],[69.1251,54.8991],[69.1251,54.8991],[69.1251,54.8991],[69.1251,54.8992],[69.125,54.8992],[69.125,54.8992],[69.125,54.8992],[69.1249,54.8992],[69.1249,54.8992],[69.1249,54.8992],[69.1248,54.8992],[69.1248,54.8992],[69.1247,54.8992],[69.1247,54.8992],[69.1247,54.8992],[69.1246,54.8992],[69.1246,54.8992],[69.1246,54.8992],[69.1245,54.8992],[69.1245,54.8992],[69.1244,54.8992],[69.1244,54.8992],[69.1244,54.8992],[69.1243,54.8992],[69.1243,54.8992],[69.1226,54.8998],[69.1226,54.8998],[69.1224,54.8998],[69.1224,54.8998],[69.1204,54.8997],[69.1202,54.8996],[69.1208,54.9048],[69.122,54.9048],[69.1221,54.9048],[69.1223,54.9048],[69.1223,54.9048],[69.1223,54.9048],[69.1224,54.9048],[69.1224,54.9049],[69.1225,54.905],[69.1225,54.905],[69.1225,54.9051],[69.1225,54.9051],[69.1225,54.9051],[69.1225,54.9051],[69.1219,54.9101],[69.1219,54.9102],[69.1219,54.9102],[69.1219,54.9102],[69.1219,54.9102],[69.1219,54.9102],[69.1219,54.9102],[69.1217,54.9108],[69.1215,54.9122],[69.1215,54.9122],[69.1215,54.9122],[69.1216,54.9122],[69.1216,54.9122],[69.1227,54.9123],[69.1227,54.9123],[69.1227,54.9123],[69.1227,54.9123],[69.125,54.9124],[69.125,54.9124],[69.1271,54.9126],[69.1271,54.9126],[69.1271,54.9126],[69.1272,54.9126],[69.1273,54.9121],[69.1273,54.9121],[69.1273,54.9121],[69.1273,54.9121],[69.1274,54.9119],[69.1274,54.9119],[69.1274,54.9119],[69.1274,54.9119],[69.1275,54.9117],[69.1275,54.9117],[69.1275,54.9117],[69.1276,54.9117],[69.1278,54.9114],[69.1278,54.9114],[69.1278,54.9114],[69.1278,54.9114],[69.1278,54.9114],[69.1281,54.9112],[69.1281,54.9112],[69.1282,54.9111],[69.1282,54.9111],[69.1285,54.9109],[69.1285,54.9109],[69.1285,54.9109],[69.1286,54.9109],[69.129,54.9107],[69.129,54.9107],[69.129,54.9107],[69.129,54.9107],[69.13,54.9103],[69.13,54.9103],[69.13,54.9103],[69.13,54.9103],[69.1304,54.9102],[69.1304,54.9102],[69.1304,54.9102],[69.1304,54.9102],[69.1304,54.9102],[69.1308,54.9101],[69.1308,54.9101],[69.1308,54.9101],[69.1309,54.9101],[69.1311,54.91],[69.1311,54.91],[69.1312,54.91],[69.1312,54.91],[69.1315,54.91],[69.1315,54.91],[69.1315,54.91],[69.1315,54.91],[69.1318,54.91],[69.1318,54.91],[69.1318,54.91],[69.1318,54.91],[69.132,54.91],[69.1321,54.91],[69.1321,54.91],[69.1321,54.9099],[69.1321,54.9099],[69.1322,54.9099],[69.1322,54.9099],[69.1322,54.9099],[69.1322,54.9098],[69.1323,54.9098],[69.1323,54.9098],[69.1324,54.9098],[69.1324,54.9098],[69.1324,54.9098],[69.1325,54.9097],[69.1325,54.9097],[69.1326,54.9097],[69.1326,54.9097],[69.1327,54.9097],[69.1327,54.9097],[69.1327,54.9096],[69.1327,54.9096],[69.1327,54.9094],[69.1328,54.9093],[69.1328,54.9092],[69.1329,54.908],[69.133,54.9074],[69.133,54.9072],[69.133,54.9071],[69.1331,54.9069],[69.1332,54.9065],[69.1344,54.9049],[69.1364,54.9024],[69.1364,54.9024],[69.1365,54.9022],[69.1366,54.902]]],"type":"MultiLineString"},"geometry_name":"shape","id":"gp_red_lines.fid--7752831e_19fad8546bb_5877","properties":{"area":null,"creation_doc_id":3586,"deactivation_doc_id":null,"id":2574912},"type":"Feature"},{"bbox":[69.1182,54.8737,69.1296,54.8799],"geometry":{"coordinates":[[[69.1263,54.8737],[69.1296,54.8755],[69.1224,54.8799],[69.122,54.8799],[69.1185,54.8781],[69.1184,54.8781],[69.1183,54.878],[69.1182,54.8779],[69.1222,54.8755],[69.124,54.8751],[69.1241,54.875],[69.1241,54.875],[69.1263,54.8737]]],"type":"MultiLineString"},"geometry_name":"shape","id":"gp_red_lines.fid--7752831e_19fad8546bb_5878","properties":{"area":null,"creation_doc_id":3586,"deactivation_doc_id":null,"id":2574913},"type":"Feature"},{"bbox":[69.108,54.8765,69.1212,54.883],"geometry":{"coordinates":[[[69.1212,54.8801],[69.1179,54.8784],[69.1179,54.8784],[69.1179,54.8784],[69.1179,54.8784],[69.1179,54.8784],[69.1179,54.8784],[69.1178,54.8784],[69.1178,54.8783],[69.1177,54.8783],[69.1177,54.8782],[69.1176,54.8782],[69.1176,54.8782],[69.1176,54.8782],[69.1176,54.8781],[69.1175,54.878],[69.1173,54.8778],[69.1172,54.8778],[69.1172,54.8778],[69.1172,54.8777],[69.1171,54.8777],[69.1171,54.8777],[69.1149,54.8765],[69.108,54.8808],[69.1122,54.883],[69.1163,54.881],[69.1165,54.8809],[69.1166,54.8808],[69.1167,54.8808],[69.1168,54.8808],[69.117,54.8807],[69.1171,54.8807],[69.1172,54.8807],[69.1172,54.8807],[69.1173,54.8806],[69.1175,54.8806],[69.1177,54.8806],[69.1212,54.8801]]],"type":"MultiLineString"},"geometry_name":"shape","id":"gp_red_lines.fid--7752831e_19fad8546bb_5879","properties":{"area":null,"creation_doc_id":3586,"deactivation_doc_id":null,"id":2574914},"type":"Feature"},{"bbox":[69.1039,54.8728,69.1143,54.8805],"geometry":{"coordinates":[[[69.1143,54.8762],[69.1082,54.8728],[69.1081,54.8731],[69.1081,54.8731],[69.1081,54.8731],[69.1081,54.8731],[69.1081,54.8731],[69.1081,54.8731],[69.1081,54.8731],[69.1076,54.8738],[69.1076,54.8738],[69.1076,54.8738],[69.1076,54.8738],[69.1076,54.8739],[69.1076,54.8739],[69.1076,54.8739],[69.1076,54.8739],[69.1073,54.8742],[69.1073,54.8742],[69.1069,54.8749],[69.1069,54.8749],[69.106,54.8761],[69.106,54.8761],[69.106,54.8761],[69.106,54.8761],[69.106,54.8761],[69.106,54.8761],[69.106,54.8761],[69.106,54.8761],[69.1052,54.8772],[69.1052,54.8772],[69.1052,54.8772],[69.1052,54.8772],[69.1052,54.8772],[69.1052,54.8773],[69.1052,54.8773],[69.1052,54.8773],[69.1043,54.8785],[69.1043,54.8785],[69.1039,54.8789],[69.1043,54.8791],[69.1057,54.8796],[69.1058,54.8797],[69.1074,54.8805],[69.1143,54.8762]]],"type":"MultiLineString"},"geometry_name":"shape","id":"gp_red_lines.fid--7752831e_19fad8546bb_587a","properties":{"area":null,"creation_doc_id":3586,"deactivation_doc_id":null,"id":2574915},"type":"Feature"},{"bbox":[69.0674,54.8854,69.0908,54.9046],"geometry":{"coordinates":[[[69.0908,54.8906],[69.0842,54.8871],[69.0794,54.8864],[69.0754,54.8858],[69.0754,54.8858],[69.0749,54.8858],[69.0749,54.8858],[69.0748,54.8857],[69.0747,54.8857],[69.0745,54.8857],[69.0745,54.8857],[69.0739,54.8854],[69.0738,54.8854],[69.0738,54.8854],[69.0736,54.8854],[69.0735,54.8855],[69.0734,54.8856],[69.0731,54.886],[69.0731,54.886],[69.073,54.886],[69.073,54.886],[69.0729,54.8861],[69.0729,54.8861],[69.0727,54.8861],[69.0726,54.8861],[69.0725,54.8861],[69.0725,54.8861],[69.071,54.8859],[69.071,54.8859],[69.071,54.8859],[69.071,54.8859],[69.071,54.886],[69.0707,54.8885],[69.0704,54.8925],[69.0703,54.8944],[69.0702,54.8954],[69.0702,54.8954],[69.0701,54.8959],[69.0701,54.8959],[69.0696,54.8971],[69.0696,54.8971],[69.0691,54.898],[69.0691,54.898],[69.068,54.8992],[69.0677,54.8998],[69.0676,54.9],[69.0675,54.9004],[69.0675,54.901],[69.0675,54.9014],[69.0674,54.9018],[69.0675,54.902],[69.0676,54.9021],[69.0677,54.9023],[69.068,54.9026],[69.0708,54.9046],[69.0708,54.9046],[69.0724,54.9039],[69.0727,54.9037],[69.0727,54.9037],[69.0734,54.9034],[69.0734,54.9034],[69.0743,54.9028],[69.0743,54.9028],[69.0752,54.9021],[69.0752,54.9021],[69.0752,54.9021],[69.0752,54.9021],[69.0754,54.902],[69.076,54.9016],[69.076,54.9016],[69.0765,54.9013],[69.0765,54.9013],[69.0771,54.9008],[69.0771,54.9008],[69.0779,54.9001],[69.0779,54.9001],[69.0819,54.8968],[69.0819,54.8968],[69.0829,54.8959],[69.0829,54.8959],[69.0829,54.8959],[69.0829,54.8959],[69.0842,54.8948],[69.0843,54.8948],[69.0857,54.8938],[69.0857,54.8938],[69.0858,54.8938],[69.0858,54.8938],[69.088,54.8924],[69.088,54.8924],[69.0908,54.8906]]],"type":"MultiLineString"},"geometry_name":"shape","id":"gp_red_lines.fid--7752831e_19fad8546bb_587b","properties":{"area":null,"creation_doc_id":3586,"deactivation_doc_id":null,"id":2574916},"type":"Feature"},{"bbox":[68.9606,54.8248,69.1228,54.969],"geometry":{"coordinates":[[[69.1228,54.8248],[69.1215,54.8351],[69.1214,54.8351],[69.1214,54.8354],[69.1214,54.8354],[69.1213,54.8356],[69.1213,54.8356],[69.1194,54.8406],[69.1194,54.8406],[69.1193,54.8408],[69.1193,54.8408],[69.1192,54.841],[69.1191,54.841],[69.1189,54.8412],[69.1189,54.8412],[69.1187,54.8414],[69.1187,54.8414],[69.1184,54.8416],[69.1184,54.8416],[69.1181,54.8418],[69.118,54.8418],[69.1175,54.842],[69.1175,54.842],[69.1168,54.8422],[69.1168,54.8422],[69.1087,54.8452],[69.1087,54.8452],[69.1086,54.8452],[69.1086,54.8452],[69.1079,54.8455],[69.1079,54.8455],[69.1079,54.8455],[69.1079,54.8455],[69.1075,54.8457],[69.1075,54.8457],[69.1074,54.8457],[69.1074,54.8457],[69.1071,54.8459],[69.107,54.846],[69.1068,54.8462],[69.1067,54.8462],[69.1067,54.8462],[69.1063,54.8466],[69.1063,54.8466],[69.1061,54.8469],[69.1063,54.8471],[69.1056,54.8478],[69.1052,54.8479],[69.105,54.8482],[69.105,54.8484],[69.1049,54.8486],[69.1049,54.8488],[69.105,54.8491],[69.105,54.8492],[69.105,54.8493],[69.105,54.8493],[69.105,54.8494],[69.1049,54.8495],[69.1049,54.8496],[69.1048,54.8498],[69.1047,54.8498],[69.1047,54.8498],[69.1044,54.8502],[69.1044,54.8503],[69.1042,54.8505],[69.1042,54.8505],[69.104,54.8506],[69.104,54.8506],[69.1039,54.8508],[69.1038,54.8508],[69.1035,54.8511],[69.1035,54.8511],[69.1026,54.8517],[69.1026,54.8517],[69.1026,54.8517],[69.1026,54.8517],[69.102,54.8521],[69.102,54.8521],[69.102,54.8521],[69.102,54.8521],[69.1017,54.8524],[69.1016,54.8524],[69.1016,54.8524],[69.1016,54.8525],[69.1016,54.8525],[69.1015,54.8526],[69.1015,54.8526],[69.1015,54.8526],[69.1014,54.8526],[69.1014,54.8527],[69.1014,54.8527],[69.1014,54.8527],[69.1014,54.8527],[69.1013,54.8528],[69.1013,54.8528],[69.1013,54.8528],[69.1013,54.8528],[69.1013,54.8529],[69.1013,54.8529],[69.1013,54.8529],[69.1013,54.853],[69.1013,54.853],[69.1013,54.853],[69.1013,54.853],[69.1013,54.853],[69.1013,54.853],[69.1013,54.8531],[69.1013,54.8531],[69.1013,54.8531],[69.1013,54.8531],[69.1013,54.8532],[69.1013,54.8532],[69.1013,54.8532],[69.1014,54.8533],[69.1014,54.8533],[69.1014,54.8533],[69.1014,54.8533],[69.1014,54.8534],[69.1014,54.8534],[69.1014,54.8534],[69.1016,54.8535],[69.1016,54.8535],[69.1016,54.8535],[69.1016,54.8535],[69.1016,54.8535],[69.102,54.8539],[69.102,54.8539],[69.102,54.8539],[69.102,54.8539],[69.1036,54.8554],[69.1044,54.8561],[69.1044,54.8561],[69.1046,54.8564],[69.1046,54.8564],[69.105,54.8568],[69.105,54.8568],[69.1052,54.8571],[69.1052,54.8571],[69.1055,54.8575],[69.1055,54.8575],[69.1058,54.8579],[69.1058,54.8579],[69.1058,54.8579],[69.1061,54.8583],[69.1061,54.8583],[69.1065,54.8589],[69.1065,54.8589],[69.1066,54.8591],[69.1066,54.8592],[69.1067,54.8593],[69.1067,54.8593],[69.1067,54.8594],[69.1067,54.8595],[69.1068,54.8597],[69.1068,54.8597],[69.1068,54.8601],[69.1068,54.8601],[69.1069,54.8604],[69.1069,54.8604],[69.1069,54.8607],[69.1069,54.8607],[69.1069,54.8611],[69.1069,54.8611],[69.1069,54.8611],[69.1069,54.8611],[69.1069,54.8613],[69.1069,54.8613],[69.1069,54.8614],[69.1069,54.8614],[69.1069,54.8614],[69.1069,54.8614],[69.107,54.8617],[69.107,54.8617],[69.107,54.8617],[69.107,54.8617],[69.1071,54.862],[69.1071,54.862],[69.1071,54.862],[69.1071,54.862],[69.1072,54.8622],[69.1072,54.8622],[69.1073,54.8623],[69.1073,54.8623],[69.1073,54.8623],[69.1073,54.8623],[69.1075,54.8626],[69.1075,54.8626],[69.1078,54.8633],[69.1078,54.8633],[69.1081,54.8637],[69.1081,54.8637],[69.1082,54.8639],[69.1082,54.8639],[69.1083,54.8642],[69.1083,54.8642],[69.1084,54.8645],[69.1084,54.8645],[69.1085,54.8646],[69.1085,54.8647],[69.1086,54.8652],[69.1086,54.8652],[69.1086,54.8653],[69.1086,54.8653],[69.1086,54.8655],[69.1086,54.8655],[69.1086,54.8658],[69.1086,54.8658],[69.1086,54.8663],[69.1086,54.8663],[69.1086,54.8665],[69.1086,54.8665],[69.1085,54.8675],[69.1085,54.8675],[69.1084,54.8679],[69.1084,54.8679],[69.1083,54.8682],[69.1083,54.8682],[69.1082,54.8685],[69.1082,54.8685],[69.1082,54.8686],[69.1082,54.8686],[69.108,54.869],[69.108,54.869],[69.1078,54.8693],[69.1078,54.8693],[69.1062,54.8721],[69.1062,54.8721],[69.1058,54.8726],[69.1058,54.8726],[69.1054,54.8733],[69.1054,54.8733],[69.1051,54.8737],[69.1051,54.8737],[69.1047,54.8744],[69.1047,54.8744],[69.1047,54.8744],[69.1038,54.8755],[69.1038,54.8755],[69.103,54.8767],[69.103,54.8767],[69.1021,54.8779],[69.1021,54.8779],[69.1021,54.8779],[69.1007,54.8797],[69.1007,54.8797],[69.1007,54.8797],[69.1007,54.8797],[69.0997,54.881],[69.0997,54.881],[69.0997,54.881],[69.0997,54.881],[69.0994,54.8816],[69.0994,54.8816],[69.0994,54.8816],[69.0989,54.8823],[69.0984,54.8828],[69.0984,54.8828],[69.0979,54.8835],[69.0971,54.8845],[69.0971,54.8845],[69.0971,54.8848],[69.0955,54.8869],[69.0952,54.8872],[69.0951,54.8873],[69.0949,54.8874],[69.0948,54.8875],[69.0948,54.8875],[69.0948,54.8875],[69.0948,54.8875],[69.0948,54.8875],[69.0944,54.888],[69.094,54.8884],[69.094,54.8885],[69.0939,54.8886],[69.0939,54.8886],[69.0937,54.8887],[69.0911,54.8904],[69.0845,54.8869],[69.0844,54.8869],[69.0844,54.8869],[69.0795,54.8861],[69.0795,54.8861],[69.0755,54.8856],[69.0751,54.8855],[69.0749,54.8855],[69.0748,54.8855],[69.0741,54.8851],[69.0741,54.8851],[69.074,54.8851],[69.0739,54.8851],[69.0738,54.8851],[69.0737,54.8851],[69.0736,54.8851],[69.0736,54.8851],[69.0734,54.8852],[69.0734,54.8852],[69.0733,54.8852],[69.0732,54.8853],[69.0731,54.8853],[69.073,54.8854],[69.073,54.8854],[69.073,54.8854],[69.0727,54.8858],[69.0726,54.8858],[69.0726,54.8859],[69.0725,54.8859],[69.0711,54.8856],[69.071,54.8856],[69.071,54.8856],[69.0709,54.8856],[69.0708,54.8857],[69.0708,54.8857],[69.0707,54.8857],[69.0706,54.8858],[69.0706,54.8858],[69.0705,54.8858],[69.0705,54.8859],[69.0705,54.886],[69.0705,54.886],[69.0703,54.8885],[69.0703,54.8885],[69.0699,54.8925],[69.0699,54.8925],[69.0698,54.8944],[69.0698,54.8944],[69.0697,54.8954],[69.0697,54.8958],[69.0691,54.897],[69.0686,54.8979],[69.0676,54.8991],[69.0676,54.8991],[69.0672,54.8997],[69.0672,54.8997],[69.0671,54.8999],[69.0671,54.8999],[69.067,54.9004],[69.067,54.9004],[69.067,54.901],[69.067,54.901],[69.067,54.9014],[69.067,54.9014],[69.067,54.9018],[69.067,54.9018],[69.067,54.9018],[69.067,54.9021],[69.067,54.9021],[69.0671,54.9022],[69.0671,54.9022],[69.0671,54.9022],[69.0671,54.9023],[69.0671,54.9023],[69.0671,54.9023],[69.0673,54.9025],[69.0673,54.9025],[69.0673,54.9025],[69.0676,54.9028],[69.0677,54.9028],[69.0704,54.9048],[69.07,54.9049],[69.0696,54.9051],[69.069,54.9053],[69.0685,54.9054],[69.0677,54.9057],[69.0666,54.906],[69.0666,54.906],[69.0661,54.9061],[69.0661,54.9061],[69.0657,54.9062],[69.0657,54.9062],[69.0652,54.9063],[69.0652,54.9063],[69.0652,54.9063],[69.0648,54.9064],[69.0647,54.9064],[69.0647,54.9064],[69.0647,54.9064],[69.0644,54.9064],[69.064,54.9065],[69.064,54.9065],[69.064,54.9065],[69.064,54.9065],[69.064,54.9065],[69.064,54.9065],[69.0637,54.9065],[69.0636,54.9065],[69.0636,54.9066],[69.0632,54.9066],[69.0632,54.9066],[69.0632,54.9066],[69.0632,54.9066],[69.0629,54.9066],[69.0629,54.9066],[69.0623,54.9067],[69.0623,54.9067],[69.0191,54.9096],[69.0191,54.9096],[69.0191,54.9096],[69.019,54.9096],[69.019,54.9096],[69.0189,54.9095],[69.0189,54.9095],[69.0189,54.9095],[69.0188,54.9094],[69.0188,54.9094],[69.0188,54.9094],[69.0187,54.9093],[69.0187,54.9093],[69.0187,54.9093],[69.0187,54.9093],[69.0187,54.9093],[69.0187,54.9092],[69.0187,54.9092],[69.0187,54.9092],[69.0187,54.9092],[69.0187,54.9092],[69.0187,54.9092],[69.0186,54.9092],[69.0186,54.9092],[69.0186,54.9091],[69.0186,54.9091],[69.0186,54.9091],[69.0186,54.9091],[69.0186,54.9091],[69.0186,54.9091],[69.0186,54.9091],[69.0186,54.9091],[69.0186,54.9091],[69.0185,54.9091],[69.0185,54.909],[69.0185,54.909],[69.0185,54.909],[69.0185,54.909],[69.0185,54.909],[69.0185,54.909],[69.0185,54.909],[69.0184,54.909],[69.0184,54.909],[69.0184,54.909],[69.0184,54.9089],[69.0183,54.9089],[69.0183,54.9089],[69.0183,54.9089],[69.0183,54.9089],[69.0183,54.9089],[69.0183,54.9089],[69.0183,54.9089],[69.0183,54.9089],[69.0182,54.9089],[69.0182,54.9088],[69.0182,54.9088],[69.0182,54.9088],[69.0181,54.9088],[69.0181,54.9088],[69.0181,54.9088],[69.0181,54.9088],[69.0181,54.9088],[69.018,54.9088],[69.018,54.9088],[69.018,54.9088],[69.018,54.9088],[69.018,54.9088],[69.018,54.9088],[69.018,54.9088],[69.0179,54.9088],[69.0179,54.9087],[69.0179,54.9087],[69.0179,54.9087],[69.0179,54.9087],[69.0179,54.9087],[69.0179,54.9087],[69.0178,54.9087],[69.0178,54.9087],[69.0178,54.9087],[69.0178,54.9087],[69.0177,54.9087],[69.0177,54.9087],[69.0177,54.9087],[69.0177,54.9087],[69.0176,54.9087],[69.0176,54.9087],[69.0176,54.9087],[69.0176,54.9087],[69.0175,54.9087],[69.0175,54.9087],[69.0175,54.9087],[69.0175,54.9087],[69.0174,54.9087],[69.0174,54.9087],[69.0174,54.9087],[69.0174,54.9087],[69.0173,54.9087],[69.0173,54.9087],[69.0173,54.9087],[69.0173,54.9087],[69.0173,54.9087],[69.0172,54.9087],[69.0172,54.9087],[69.0172,54.9087],[69.0172,54.9087],[69.0172,54.9087],[69.0171,54.9087],[69.0171,54.9087],[69.0171,54.9087],[69.0171,54.9087],[69.0171,54.9087],[69.0171,54.9087],[69.0171,54.9087],[69.017,54.9087],[69.017,54.9087],[69.017,54.9087],[69.017,54.9087],[69.017,54.9087],[69.0169,54.9087],[69.0169,54.9087],[69.0169,54.9087],[69.0169,54.9087],[69.0169,54.9087],[69.0168,54.9087],[69.0168,54.9087],[69.0168,54.9087],[69.0168,54.9087],[69.0167,54.9087],[69.0167,54.9087],[69.0167,54.9087],[69.0167,54.9087],[69.0166,54.9087],[69.0166,54.9087],[69.0166,54.9087],[69.0166,54.9087],[69.0165,54.9088],[69.0165,54.9088],[69.0165,54.9088],[69.0165,54.9088],[69.0165,54.9088],[69.0165,54.9088],[69.0164,54.9088],[69.0164,54.9088],[69.0164,54.9088],[69.0164,54.9088],[69.0164,54.9088],[69.0164,54.9088],[69.0164,54.9088],[69.0164,54.9088],[69.0163,54.9088],[69.0163,54.9089],[69.0163,54.9089],[69.0163,54.9089],[69.0163,54.9089],[69.0162,54.9089],[69.0162,54.9089],[69.0162,54.9089],[69.0162,54.9089],[69.0162,54.9089],[69.0162,54.9089],[69.0161,54.9089],[69.0161,54.9089],[69.0161,54.909],[69.0161,54.909],[69.0161,54.909],[69.0161,54.909],[69.016,54.909],[69.016,54.909],[69.016,54.909],[69.016,54.909],[69.016,54.9091],[69.016,54.9091],[69.016,54.9091],[69.016,54.9091],[69.0159,54.9091],[69.0159,54.9091],[69.0159,54.9091],[69.0159,54.9091],[69.0159,54.9091],[69.0159,54.9091],[69.0159,54.9092],[69.0159,54.9092],[69.0159,54.9092],[69.0159,54.9092],[69.0159,54.9092],[69.0159,54.9092],[69.0158,54.9092],[69.0158,54.9092],[69.0158,54.9092],[69.0158,54.9092],[69.0158,54.9093],[69.0158,54.9093],[69.0158,54.9093],[69.0158,54.9093],[69.0158,54.9093],[69.0158,54.9093],[69.0158,54.9093],[69.0158,54.9094],[69.0158,54.9094],[69.0158,54.9094],[69.0158,54.9094],[69.0158,54.9094],[69.0158,54.9094],[69.0158,54.9094],[69.0158,54.9094],[69.0157,54.9095],[69.0157,54.9095],[69.0157,54.9095],[69.0157,54.9095],[69.0157,54.9095],[69.0157,54.9095],[69.0157,54.9095],[69.0157,54.9095],[69.0158,54.9099]],[[69.0171,54.969],[69.0156,54.9602],[69.0156,54.9602],[69.0155,54.9597],[69.0155,54.9597],[69.0154,54.9587],[69.0154,54.9586],[69.0157,54.9108],[69.0154,54.9106],[68.9608,54.9143],[68.9606,54.9136],[69.0158,54.9099]]],"type":"MultiLineString"},"geometry_name":"shape","id":"gp_red_lines.fid--7752831e_19fad8546bb_587c","properties":{"area":null,"creation_doc_id":3586,"deactivation_doc_id":null,"id":2574917},"type":"Feature"},{"bbox":[69.0167,54.9055,69.1447,54.9946],"geometry":{"coordinates":[[[69.1266,54.9586],[69.1263,54.9582],[69.1246,54.9558],[69.1245,54.9558],[69.1245,54.9558],[69.1244,54.9557],[69.1244,54.9557],[69.1243,54.9555],[69.1243,54.9555],[69.1243,54.9554],[69.1243,54.9554],[69.1242,54.9553],[69.1242,54.9553],[69.1242,54.9552],[69.1242,54.9551],[69.1242,54.955],[69.1242,54.955],[69.1242,54.955],[69.1242,54.9549],[69.1242,54.9548],[69.1242,54.9548],[69.1242,54.9548],[69.1242,54.9547],[69.1242,54.9547],[69.1243,54.9546],[69.1243,54.9546],[69.1243,54.9544],[69.1243,54.9544],[69.126,54.9503],[69.1287,54.944],[69.1304,54.9401],[69.1306,54.9395],[69.1283,54.9392],[69.1283,54.9392],[69.1282,54.9392],[69.1282,54.9392],[69.1282,54.9392],[69.1281,54.9392],[69.128,54.9392],[69.128,54.9392],[69.128,54.9392],[69.1279,54.9391],[69.1279,54.9391],[69.1279,54.9391],[69.1278,54.9391],[69.1278,54.9391],[69.1278,54.9391],[69.1276,54.939],[69.1276,54.939],[69.1276,54.9389],[69.1275,54.9388],[69.1274,54.9388],[69.1274,54.9386],[69.1274,54.9386],[69.1274,54.9386],[69.1279,54.9363],[69.1255,54.9363],[69.1255,54.9363],[69.1238,54.9364],[69.1237,54.9364],[69.1237,54.9364],[69.121,54.9361],[69.121,54.936],[69.1198,54.9359],[69.1198,54.9359],[69.1198,54.9359],[69.1195,54.9359],[69.1194,54.9359],[69.1185,54.936],[69.1184,54.9358],[69.1193,54.9356],[69.1194,54.9356],[69.1199,54.9356],[69.1199,54.9356],[69.1211,54.9358],[69.1211,54.9358],[69.1237,54.9361],[69.1238,54.9361],[69.1238,54.9361],[69.1254,54.9361],[69.1255,54.9361],[69.1279,54.936],[69.1279,54.936],[69.1279,54.936],[69.128,54.9354],[69.128,54.9353],[69.128,54.9353],[69.128,54.9353],[69.1278,54.9334],[69.1278,54.9334],[69.1279,54.9333],[69.128,54.9333],[69.1281,54.9333],[69.1305,54.9333],[69.1307,54.9332],[69.1307,54.9332],[69.1307,54.9332],[69.1308,54.9332],[69.1308,54.9332],[69.1309,54.9332],[69.1309,54.9332],[69.131,54.9332],[69.131,54.9331],[69.1311,54.9331],[69.1311,54.9331],[69.1312,54.9331],[69.1313,54.933],[69.1321,54.9324],[69.1321,54.9323],[69.1321,54.9323],[69.1321,54.9323],[69.1328,54.9318],[69.1328,54.9318],[69.1328,54.9318],[69.1328,54.9318],[69.1329,54.9317],[69.1329,54.9317],[69.1329,54.9317],[69.1329,54.9317],[69.133,54.9317],[69.133,54.9317],[69.133,54.9317],[69.133,54.9317],[69.133,54.9317],[69.133,54.9317],[69.133,54.9317],[69.1331,54.9317],[69.1331,54.9316],[69.1331,54.9316],[69.1331,54.9316],[69.1331,54.9316],[69.1332,54.9316],[69.1332,54.9316],[69.1332,54.9316],[69.1332,54.9316],[69.1333,54.9316],[69.1333,54.9316],[69.1333,54.9316],[69.1334,54.9316],[69.134,54.9315],[69.135,54.929],[69.135,54.929],[69.1349,54.9286],[69.1357,54.9267],[69.1316,54.9258],[69.1316,54.9258],[69.1316,54.9258],[69.1297,54.9254],[69.1225,54.9243],[69.1225,54.9243],[69.1224,54.9241],[69.1207,54.9238],[69.1205,54.9239],[69.1205,54.9239],[69.1141,54.9229],[69.1141,54.9229],[69.1141,54.9229],[69.114,54.9228],[69.1139,54.9228],[69.1139,54.9228],[69.1139,54.9228],[69.1137,54.9227],[69.0969,54.9151],[69.0966,54.915],[69.0961,54.9147],[69.0959,54.9147],[69.0956,54.9145],[69.0956,54.9145],[69.0949,54.9142],[69.0949,54.9142],[69.0943,54.9139],[69.0943,54.9139],[69.0936,54.9136],[69.0936,54.9136],[69.0932,54.9135],[69.0932,54.9135],[69.0927,54.9133],[69.0927,54.9133],[69.0922,54.9131],[69.0922,54.9131],[69.0917,54.9129],[69.0917,54.9129],[69.091,54.9127],[69.091,54.9127],[69.09,54.9124],[69.09,54.9124],[69.0866,54.9113],[69.0866,54.9113],[69.0854,54.9109],[69.0854,54.9109],[69.085,54.9108],[69.085,54.9108],[69.0849,54.9108],[69.0843,54.9106],[69.084,54.9105],[69.084,54.9105],[69.0836,54.9103],[69.0835,54.9103],[69.083,54.9101],[69.0816,54.9095],[69.0816,54.9095],[69.0806,54.9091],[69.0778,54.9079],[69.0778,54.9079],[69.0732,54.9061],[69.071,54.9055],[69.071,54.9055],[69.071,54.9055],[69.071,54.9055],[69.071,54.9055],[69.0707,54.9056],[69.0707,54.9056],[69.0706,54.9056],[69.0706,54.9056],[69.0697,54.9059],[69.0696,54.9059],[69.0696,54.9059],[69.0696,54.9059],[69.0696,54.9059],[69.0696,54.9059],[69.0696,54.9059],[69.069,54.9061],[69.069,54.9062],[69.0689,54.9062],[69.0689,54.9062],[69.0682,54.9064],[69.0682,54.9064],[69.0682,54.9064],[69.0682,54.9064],[69.0671,54.9066],[69.0671,54.9066],[69.0671,54.9066],[69.0671,54.9066],[69.0666,54.9068],[69.0666,54.9068],[69.0665,54.9068],[69.0665,54.9068],[69.0661,54.9069],[69.0661,54.9069],[69.0661,54.9069],[69.0661,54.9069],[69.0661,54.9069],[69.0658,54.9069],[69.0656,54.907],[69.0656,54.907],[69.0656,54.907],[69.0656,54.907],[69.0651,54.907],[69.0651,54.907],[69.0651,54.907],[69.0651,54.907],[69.0651,54.907],[69.0644,54.9072],[69.0644,54.9072],[69.064,54.9072],[69.064,54.9072],[69.0639,54.9073],[69.0639,54.9073],[69.0637,54.9073],[69.0635,54.9073],[69.0634,54.9073],[69.0634,54.9073],[69.0634,54.9073],[69.0631,54.9073],[69.0631,54.9073],[69.0631,54.9073],[69.0631,54.9073],[69.0631,54.9073],[69.063,54.9073],[69.0626,54.9074],[69.0625,54.9074],[69.0625,54.9074],[69.0625,54.9074],[69.0625,54.9074],[69.0625,54.9074],[69.0173,54.9105],[69.017,54.9107],[69.0167,54.9586],[69.0167,54.9597],[69.0168,54.9602],[69.0186,54.9701],[69.0191,54.9703],[69.0325,54.9704],[69.0326,54.9704],[69.0328,54.9704],[69.0328,54.9704],[69.0331,54.9704],[69.0331,54.9704],[69.0334,54.9704],[69.0334,54.9704],[69.0337,54.9704],[69.0337,54.9704],[69.034,54.9704],[69.034,54.9704],[69.0342,54.9704],[69.0343,54.9704],[69.0345,54.9704],[69.0345,54.9704],[69.0348,54.9705],[69.0348,54.9705],[69.0351,54.9705],[69.0351,54.9705],[69.0354,54.9705],[69.0354,54.9705],[69.0357,54.9705],[69.0357,54.9705],[69.0359,54.9706],[69.0359,54.9706],[69.0362,54.9706],[69.0362,54.9706],[69.0365,54.9706],[69.0365,54.9706],[69.0368,54.9707],[69.0368,54.9707],[69.037,54.9707],[69.037,54.9707],[69.0373,54.9708],[69.0373,54.9708],[69.0376,54.9708],[69.0376,54.9708],[69.0378,54.9709],[69.0379,54.9709],[69.0381,54.9709],[69.0381,54.9709],[69.0384,54.971],[69.0384,54.971],[69.0386,54.9711],[69.0387,54.9711],[69.0389,54.9711],[69.0389,54.9711],[69.0392,54.9712],[69.0392,54.9712],[69.0394,54.9713],[69.0394,54.9713],[69.0397,54.9713],[69.0397,54.9713],[69.0399,54.9714],[69.0399,54.9714],[69.0402,54.9715],[69.0402,54.9715],[69.0404,54.9716],[69.0404,54.9716],[69.0404,54.9716],[69.0407,54.9716],[69.0407,54.9716],[69.0409,54.9717],[69.0409,54.9717],[69.0412,54.9718],[69.0412,54.9718],[69.0414,54.9719],[69.0414,54.9719],[69.0416,54.972],[69.0416,54.972],[69.0419,54.9721],[69.0419,54.9721],[69.0421,54.9722],[69.0421,54.9722],[69.0423,54.9723],[69.0423,54.9723],[69.0425,54.9724],[69.0426,54.9724],[69.0428,54.9725],[69.0428,54.9725],[69.043,54.9726],[69.043,54.9726],[69.0432,54.9727],[69.0432,54.9727],[69.0434,54.9728],[69.0434,54.9728],[69.0436,54.9729],[69.0436,54.9729],[69.0438,54.973],[69.0438,54.973],[69.044,54.9732],[69.044,54.9732],[69.0442,54.9733],[69.0442,54.9733],[69.0444,54.9734],[69.0444,54.9734],[69.0446,54.9735],[69.0446,54.9735],[69.0506,54.9777],[69.0506,54.9778],[69.0506,54.9778],[69.0507,54.9778],[69.0508,54.9779],[69.0509,54.978],[69.051,54.9781],[69.0511,54.9781],[69.0513,54.9782],[69.0514,54.9783],[69.0515,54.9784],[69.0517,54.9784],[69.0518,54.9785],[69.0519,54.9786],[69.0521,54.9787],[69.0522,54.9787],[69.0524,54.9788],[69.0525,54.9789],[69.0526,54.979],[69.0528,54.979],[69.0529,54.9791],[69.0531,54.9792],[69.0532,54.9792],[69.0534,54.9793],[69.0535,54.9793],[69.0537,54.9794],[69.0538,54.9795],[69.054,54.9795],[69.0542,54.9796],[69.0543,54.9796],[69.0545,54.9797],[69.0546,54.9798],[69.0548,54.9798],[69.055,54.9799],[69.0551,54.9799],[69.0553,54.98],[69.0555,54.98],[69.0556,54.9801],[69.0558,54.9801],[69.056,54.9802],[69.0561,54.9802],[69.0563,54.9802],[69.0565,54.9803],[69.0567,54.9803],[69.0568,54.9804],[69.057,54.9804],[69.0572,54.9804],[69.0574,54.9805],[69.0575,54.9805],[69.0577,54.9805],[69.0579,54.9806],[69.058,54.9806],[69.058,54.9806],[69.0581,54.9806],[69.0583,54.9806],[69.0584,54.9807],[69.0584,54.9807],[69.123,54.9934],[69.1231,54.9935],[69.1258,54.994],[69.1261,54.994],[69.1274,54.9943],[69.1279,54.9943],[69.1281,54.9944],[69.1283,54.9944],[69.1285,54.9944],[69.1287,54.9944],[69.1288,54.9945],[69.129,54.9945],[69.1292,54.9945],[69.1294,54.9945],[69.1296,54.9945],[69.1298,54.9945],[69.13,54.9946],[69.1302,54.9946],[69.1304,54.9946],[69.1306,54.9946],[69.1308,54.9946],[69.1311,54.9946],[69.1313,54.9946],[69.1315,54.9946],[69.1317,54.9946],[69.1319,54.9946],[69.1321,54.9946],[69.1323,54.9946],[69.1325,54.9946],[69.1327,54.9946],[69.1329,54.9946],[69.1331,54.9946],[69.1333,54.9946],[69.1335,54.9946],[69.1337,54.9945],[69.1339,54.9945],[69.1341,54.9945],[69.1343,54.9945],[69.1345,54.9945],[69.1347,54.9944],[69.1349,54.9944],[69.1351,54.9944],[69.1352,54.9944],[69.1354,54.9943],[69.1356,54.9943],[69.1358,54.9943],[69.136,54.9942],[69.1362,54.9942],[69.1364,54.9942],[69.142,54.9928],[69.1422,54.9927],[69.1422,54.9927],[69.1422,54.9927],[69.1422,54.9927],[69.1423,54.9927],[69.1423,54.9927],[69.1423,54.9927],[69.1423,54.9927],[69.1423,54.9927],[69.1423,54.9927],[69.1423,54.9927],[69.1423,54.9927],[69.1423,54.9927],[69.1423,54.9927],[69.1423,54.9927],[69.1423,54.9927],[69.1423,54.9927],[69.1423,54.9927],[69.1423,54.9927],[69.1423,54.9927],[69.1423,54.9927],[69.1424,54.9926],[69.1424,54.9926],[69.1424,54.9926],[69.1424,54.9926],[69.1424,54.9926],[69.1424,54.9926],[69.1424,54.9926],[69.1424,54.9926],[69.1424,54.9926],[69.1424,54.9926],[69.1424,54.9926],[69.1424,54.9926],[69.1424,54.9926],[69.1424,54.9926],[69.1424,54.9926],[69.1424,54.9926],[69.1424,54.9926],[69.1424,54.9926],[69.1424,54.9926],[69.1424,54.9926],[69.1424,54.9926],[69.1424,54.9926],[69.1424,54.9926],[69.1425,54.9926],[69.1425,54.9926],[69.1425,54.9926],[69.1425,54.9926],[69.1425,54.9926],[69.1425,54.9926],[69.1425,54.9926],[69.1425,54.9926],[69.1425,54.9926],[69.1425,54.9926],[69.1425,54.9926],[69.1425,54.9926],[69.1425,54.9926],[69.1425,54.9925],[69.1425,54.9925],[69.1425,54.9925],[69.1425,54.9925],[69.1425,54.9925],[69.1425,54.9925],[69.1425,54.9925],[69.1425,54.9925],[69.1425,54.9925],[69.1425,54.9925],[69.1426,54.9925],[69.1426,54.9925],[69.1426,54.9925],[69.1426,54.9925],[69.1426,54.9925],[69.1426,54.9925],[69.1426,54.9925],[69.1426,54.9925],[69.1426,54.9925],[69.1426,54.9925],[69.1426,54.9925],[69.1426,54.9925],[69.1426,54.9925],[69.1426,54.9925],[69.1426,54.9925],[69.1426,54.9925],[69.1426,54.9925],[69.1426,54.9925],[69.1426,54.9925],[69.1426,54.9925],[69.1427,54.9925],[69.1427,54.9925],[69.1427,54.9925],[69.1427,54.9924],[69.1427,54.9924],[69.1427,54.9924],[69.1427,54.9924],[69.1427,54.9924],[69.1427,54.9924],[69.1427,54.9924],[69.1427,54.9924],[69.1427,54.9924],[69.1427,54.9924],[69.1427,54.9924],[69.1427,54.9924],[69.1427,54.9924],[69.1427,54.9924],[69.1427,54.9924],[69.1427,54.9924],[69.1428,54.9924],[69.1428,54.9924],[69.1428,54.9924],[69.1428,54.9924],[69.1428,54.9924],[69.1428,54.9924],[69.1428,54.9924],[69.1428,54.9924],[69.1428,54.9924],[69.1428,54.9924],[69.1428,54.9924],[69.1428,54.9924],[69.1428,54.9924],[69.1428,54.9923],[69.1428,54.9923],[69.1428,54.9923],[69.1428,54.9923],[69.1428,54.9923],[69.1428,54.9923],[69.1428,54.9923],[69.1428,54.9923],[69.1428,54.9923],[69.1428,54.9923],[69.1428,54.9923],[69.1428,54.9923],[69.1428,54.9923],[69.1428,54.9923],[69.1428,54.9923],[69.1428,54.9923],[69.1428,54.9923],[69.1429,54.9923],[69.1429,54.9923],[69.1429,54.9923],[69.1429,54.9923],[69.1429,54.9923],[69.1429,54.9923],[69.1429,54.9923],[69.1429,54.9923],[69.1429,54.9923],[69.1429,54.9923],[69.1429,54.9923],[69.1429,54.9922],[69.1429,54.9922],[69.1429,54.9922],[69.1429,54.9922],[69.1429,54.9922],[69.1429,54.9922],[69.1429,54.9922],[69.1429,54.9922],[69.1429,54.9922],[69.1429,54.9922],[69.1429,54.9922],[69.1429,54.9922],[69.1429,54.9922],[69.1429,54.9922],[69.1429,54.9922],[69.143,54.9922],[69.143,54.9922],[69.143,54.9922],[69.143,54.9922],[69.143,54.9922],[69.143,54.9922],[69.143,54.9922],[69.143,54.9922],[69.143,54.9922],[69.143,54.9922],[69.143,54.9922],[69.143,54.9922],[69.143,54.9922],[69.143,54.9922],[69.143,54.9922],[69.143,54.9922],[69.143,54.9922],[69.143,54.9922],[69.143,54.9922],[69.143,54.9922],[69.143,54.9922],[69.143,54.9922],[69.143,54.9922],[69.143,54.9922],[69.143,54.9922],[69.143,54.9922],[69.143,54.9922],[69.143,54.9922],[69.143,54.9921],[69.143,54.9921],[69.143,54.9921],[69.143,54.9921],[69.143,54.9921],[69.143,54.9921],[69.143,54.9921],[69.143,54.9921],[69.143,54.9921],[69.143,54.9921],[69.143,54.9921],[69.143,54.9921],[69.143,54.9921],[69.143,54.9921],[69.1431,54.9921],[69.1431,54.9921],[69.1431,54.9921],[69.1431,54.9921],[69.1431,54.9921],[69.1431,54.9921],[69.1431,54.9921],[69.1431,54.9921],[69.1431,54.9921],[69.1431,54.9921],[69.1431,54.9921],[69.1431,54.9921],[69.1431,54.9921],[69.1431,54.9921],[69.1431,54.9921],[69.1431,54.9921],[69.1431,54.9921],[69.1431,54.9921],[69.1431,54.9921],[69.1431,54.9921],[69.1431,54.9921],[69.1431,54.9921],[69.1431,54.9921],[69.1431,54.9921],[69.1431,54.9921],[69.1431,54.9921],[69.1431,54.9921],[69.1431,54.9921],[69.1431,54.9921],[69.1431,54.992],[69.1431,54.992],[69.1431,54.992],[69.1431,54.992],[69.1431,54.992],[69.1431,54.992],[69.1431,54.992],[69.1431,54.992],[69.1431,54.992],[69.1431,54.992],[69.1431,54.992],[69.1431,54.992],[69.1431,54.992],[69.1431,54.992],[69.1432,54.992],[69.1432,54.992],[69.1432,54.992],[69.1432,54.992],[69.1432,54.992],[69.1432,54.992],[69.1432,54.992],[69.1432,54.992],[69.1432,54.992],[69.1432,54.992],[69.1432,54.992],[69.1432,54.992],[69.1432,54.992],[69.1432,54.992],[69.1432,54.992],[69.1432,54.992],[69.1432,54.992],[69.1432,54.992],[69.1432,54.9919],[69.1432,54.9919],[69.1432,54.9919],[69.1432,54.9919],[69.1432,54.9919],[69.1432,54.9919],[69.1433,54.9919],[69.1433,54.9919],[69.1433,54.9919],[69.1433,54.9919],[69.1433,54.9919],[69.1433,54.9919],[69.1433,54.9919],[69.1433,54.9919],[69.1433,54.9919],[69.1433,54.9919],[69.1433,54.9919],[69.1433,54.9919],[69.1433,54.9918],[69.1433,54.9918],[69.1433,54.9918],[69.1433,54.9918],[69.1433,54.9918],[69.1433,54.9918],[69.1433,54.9918],[69.1433,54.9918],[69.1433,54.9918],[69.1433,54.9918],[69.1433,54.9918],[69.1433,54.9918],[69.1434,54.9918],[69.1434,54.9918],[69.1434,54.9918],[69.1434,54.9918],[69.1434,54.9918],[69.1434,54.9918],[69.1434,54.9917],[69.1434,54.9917],[69.1434,54.9917],[69.1434,54.9917],[69.1434,54.9917],[69.1434,54.9917],[69.1434,54.9917],[69.1434,54.9917],[69.1434,54.9917],[69.1434,54.9917],[69.1434,54.9917],[69.1434,54.9917],[69.1434,54.9917],[69.1434,54.9917],[69.1434,54.9917],[69.1434,54.9917],[69.1434,54.9917],[69.1434,54.9917],[69.1434,54.9917],[69.1434,54.9917],[69.1434,54.9917],[69.1434,54.9917],[69.1434,54.9917],[69.1435,54.9917],[69.1435,54.9917],[69.1435,54.9917],[69.1435,54.9917],[69.1435,54.9917],[69.1435,54.9916],[69.1435,54.9916],[69.1435,54.9916],[69.1435,54.9916],[69.1435,54.9916],[69.1435,54.9916],[69.1435,54.9916],[69.1435,54.9916],[69.1435,54.9916],[69.1435,54.9916],[69.1435,54.9916],[69.1435,54.9916],[69.1435,54.9916],[69.1435,54.9916],[69.1435,54.9916],[69.1435,54.9916],[69.1435,54.9916],[69.1435,54.9916],[69.1435,54.9916],[69.1435,54.9916],[69.1435,54.9916],[69.1435,54.9916],[69.1435,54.9916],[69.1435,54.9916],[69.1435,54.9915],[69.1435,54.9915],[69.1436,54.9915],[69.1436,54.9915],[69.1436,54.9915],[69.1436,54.9915],[69.1436,54.9915],[69.1436,54.9915],[69.1436,54.9915],[69.1436,54.9915],[69.1436,54.9915],[69.1436,54.9915],[69.1436,54.9915],[69.1436,54.9915],[69.1436,54.9915],[69.1436,54.9915],[69.1436,54.9915],[69.1436,54.9915],[69.1436,54.9915],[69.1436,54.9915],[69.1436,54.9915],[69.1436,54.9915],[69.1436,54.9915],[69.1436,54.9915],[69.1436,54.9915],[69.1436,54.9915],[69.1436,54.9915],[69.1436,54.9914],[69.1437,54.9914],[69.1437,54.9914],[69.1437,54.9914],[69.1437,54.9914],[69.1437,54.9914],[69.1437,54.9914],[69.1437,54.9914],[69.1437,54.9914],[69.1437,54.9914],[69.1437,54.9914],[69.1437,54.9914],[69.1437,54.9914],[69.1437,54.9914],[69.1437,54.9914],[69.1437,54.9914],[69.1437,54.9914],[69.1437,54.9914],[69.1437,54.9914],[69.1437,54.9913],[69.1437,54.9913],[69.1437,54.9913],[69.1437,54.9913],[69.1437,54.9913],[69.1438,54.9913],[69.1438,54.9913],[69.1438,54.9913],[69.1438,54.9913],[69.1438,54.9913],[69.1438,54.9913],[69.1438,54.9913],[69.1438,54.9913],[69.1438,54.9913],[69.1438,54.9913],[69.1438,54.9913],[69.1438,54.9913],[69.1438,54.9913],[69.1438,54.9913],[69.1438,54.9912],[69.1438,54.9912],[69.1438,54.9912],[69.1438,54.9912],[69.1438,54.9912],[69.1438,54.9912],[69.1438,54.9912],[69.1438,54.9912],[69.1438,54.9912],[69.1438,54.9912],[69.1438,54.9912],[69.1438,54.9912],[69.1438,54.9912],[69.1438,54.9912],[69.1438,54.9912],[69.1438,54.9912],[69.1438,54.9912],[69.1439,54.9912],[69.1439,54.9912],[69.1439,54.9912],[69.1439,54.9911],[69.1439,54.9911],[69.1439,54.9911],[69.1439,54.9911],[69.1439,54.9911],[69.1439,54.9911],[69.1439,54.9911],[69.1439,54.9911],[69.1439,54.9911],[69.1439,54.9911],[69.1439,54.9911],[69.1439,54.9911],[69.1439,54.9911],[69.1439,54.9911],[69.1439,54.9911],[69.1439,54.9911],[69.1439,54.9911],[69.1439,54.9911],[69.1439,54.9911],[69.1439,54.9911],[69.1439,54.9911],[69.1439,54.9911],[69.1439,54.9911],[69.1439,54.9911],[69.1439,54.9911],[69.1439,54.9911],[69.1439,54.9911],[69.144,54.9911],[69.144,54.991],[69.144,54.991],[69.144,54.991],[69.144,54.991],[69.144,54.991],[69.144,54.991],[69.144,54.991],[69.144,54.991],[69.144,54.991],[69.144,54.991],[69.144,54.991],[69.144,54.991],[69.144,54.991],[69.144,54.991],[69.144,54.991],[69.144,54.991],[69.144,54.991],[69.144,54.991],[69.144,54.991],[69.144,54.991],[69.144,54.991],[69.144,54.991],[69.144,54.991],[69.144,54.991],[69.144,54.991],[69.144,54.991],[69.144,54.991],[69.144,54.991],[69.144,54.9909],[69.144,54.9909],[69.1441,54.9909],[69.1441,54.9909],[69.1441,54.9909],[69.1441,54.9909],[69.1441,54.9909],[69.1441,54.9909],[69.1441,54.9909],[69.1441,54.9909],[69.1441,54.9909],[69.1441,54.9909],[69.1441,54.9909],[69.1441,54.9909],[69.1441,54.9909],[69.1441,54.9909],[69.1441,54.9909],[69.1441,54.9909],[69.1441,54.9909],[69.1441,54.9909],[69.1441,54.9909],[69.1441,54.9909],[69.1441,54.9909],[69.1441,54.9909],[69.1441,54.9909],[69.1441,54.9909],[69.1441,54.9909],[69.1441,54.9909],[69.1441,54.9909],[69.1441,54.9909],[69.1441,54.9909],[69.1441,54.9909],[69.1441,54.9909],[69.1441,54.9909],[69.1441,54.9909],[69.1441,54.9909],[69.1441,54.9909],[69.1441,54.9909],[69.1441,54.9909],[69.1441,54.9909],[69.1441,54.9909],[69.1441,54.9908],[69.1441,54.9908],[69.1441,54.9908],[69.1441,54.9908],[69.1441,54.9908],[69.1441,54.9908],[69.1441,54.9908],[69.1441,54.9908],[69.1441,54.9908],[69.1441,54.9908],[69.1442,54.9908],[69.1442,54.9908],[69.1442,54.9908],[69.1442,54.9908],[69.1442,54.9908],[69.1442,54.9908],[69.1442,54.9908],[69.1442,54.9908],[69.1442,54.9908],[69.1442,54.9908],[69.1442,54.9908],[69.1442,54.9908],[69.1442,54.9908],[69.1442,54.9908],[69.1442,54.9908],[69.1442,54.9908],[69.1442,54.9908],[69.1442,54.9908],[69.1442,54.9908],[69.1442,54.9908],[69.1442,54.9908],[69.1442,54.9908],[69.1442,54.9908],[69.1442,54.9908],[69.1442,54.9908],[69.1442,54.9908],[69.1442,54.9907],[69.1442,54.9907],[69.1442,54.9907],[69.1442,54.9907],[69.1442,54.9907],[69.1442,54.9907],[69.1442,54.9907],[69.1442,54.9907],[69.1442,54.9907],[69.1443,54.9907],[69.1443,54.9907],[69.1443,54.9907],[69.1443,54.9907],[69.1443,54.9907],[69.1443,54.9907],[69.1443,54.9907],[69.1443,54.9906],[69.1443,54.9906],[69.1443,54.9906],[69.1443,54.9906],[69.1443,54.9906],[69.1443,54.9906],[69.1443,54.9906],[69.1443,54.9906],[69.1443,54.9906],[69.1443,54.9906],[69.1443,54.9906],[69.1443,54.9906],[69.1443,54.9906],[69.1443,54.9906],[69.1443,54.9906],[69.1443,54.9906],[69.1443,54.9906],[69.1443,54.9906],[69.1443,54.9906],[69.1443,54.9906],[69.1443,54.9906],[69.1443,54.9906],[69.1443,54.9906],[69.1443,54.9906],[69.1443,54.9906],[69.1443,54.9906],[69.1443,54.9906],[69.1444,54.9906],[69.1444,54.9906],[69.1444,54.9906],[69.1444,54.9905],[69.1444,54.9905],[69.1444,54.9905],[69.1444,54.9905],[69.1444,54.9905],[69.1444,54.9905],[69.1444,54.9905],[69.1444,54.9905],[69.1444,54.9905],[69.1444,54.9905],[69.1444,54.9905],[69.1444,54.9905],[69.1444,54.9905],[69.1444,54.9905],[69.1444,54.9905],[69.1444,54.9905],[69.1444,54.9905],[69.1444,54.9905],[69.1444,54.9905],[69.1444,54.9905],[69.1444,54.9905],[69.1444,54.9904],[69.1444,54.9904],[69.1445,54.9904],[69.1445,54.9904],[69.1445,54.9904],[69.1445,54.9904],[69.1445,54.9904],[69.1445,54.9904],[69.1445,54.9904],[69.1445,54.9904],[69.1445,54.9904],[69.1445,54.9904],[69.1445,54.9904],[69.1445,54.9904],[69.1445,54.9904],[69.1445,54.9904],[69.1445,54.9903],[69.1445,54.9903],[69.1445,54.9903],[69.1445,54.9903],[69.1445,54.9903],[69.1445,54.9903],[69.1445,54.9903],[69.1445,54.9903],[69.1445,54.9903],[69.1445,54.9903],[69.1445,54.9903],[69.1445,54.9903],[69.1445,54.9903],[69.1445,54.9903],[69.1445,54.9903],[69.1446,54.9903],[69.1446,54.9903],[69.1446,54.9902],[69.1446,54.9902],[69.1446,54.9902],[69.1446,54.9902],[69.1446,54.9902],[69.1446,54.9902],[69.1446,54.9902],[69.1446,54.9902],[69.1446,54.9902],[69.1446,54.9902],[69.1446,54.9902],[69.1446,54.9902],[69.1446,54.9902],[69.1446,54.9902],[69.1446,54.9902],[69.1446,54.9902],[69.1446,54.9902],[69.1446,54.9902],[69.1446,54.9902],[69.1446,54.9902],[69.1446,54.9902],[69.1446,54.9902],[69.1446,54.9902],[69.1446,54.9902],[69.1446,54.9902],[69.1446,54.9902],[69.1446,54.9902],[69.1446,54.9901],[69.1446,54.9901],[69.1446,54.9901],[69.1446,54.9901],[69.1446,54.9901],[69.1446,54.9901],[69.1446,54.9901],[69.1446,54.9901],[69.1446,54.9901],[69.1447,54.9901],[69.1447,54.9901],[69.1447,54.9901],[69.1447,54.9901],[69.1447,54.9901],[69.1447,54.9901],[69.1447,54.9901],[69.1447,54.9901],[69.1447,54.9901],[69.1447,54.9901],[69.1447,54.9901],[69.1447,54.99],[69.1447,54.99],[69.1447,54.99],[69.1447,54.99],[69.1447,54.99],[69.1447,54.99],[69.1447,54.99],[69.1447,54.99],[69.1447,54.99],[69.1447,54.99],[69.1447,54.99],[69.1447,54.99],[69.1447,54.9899],[69.1447,54.9899],[69.1447,54.9899],[69.1447,54.9899],[69.1447,54.9899],[69.1447,54.9899],[69.1447,54.9899],[69.1447,54.9899],[69.1447,54.9899],[69.1447,54.9899],[69.1447,54.9899],[69.1447,54.9899],[69.1447,54.9899],[69.1447,54.9899],[69.1447,54.9898],[69.1447,54.9898],[69.1447,54.9898],[69.1447,54.9898],[69.1447,54.9896],[69.143,54.9856]]],"type":"MultiLineString"},"geometry_name":"shape","id":"gp_red_lines.fid--7752831e_19fad8546bb_587d","properties":{"area":null,"creation_doc_id":3586,"deactivation_doc_id":null,"id":2574918},"type":"Feature"}],"name":"AIS GGK red lines","type":"FeatureCollection"}