{"crs":{"properties":{"name":"urn:ogc:def:crs:OGC:1.3:CRS84"},"type":"name"},"features":[{"collection":"gpzone","geometry":{"bbox":[67.0073564506132,48.6533527767188,67.0083011710477,48.6539543799059],"coordinates":[[[[67.008185184626,48.653644945781],[67.0077209599384,48.6533527767188],[67.0073564506132,48.6535639894867],[67.0079389707309,48.6539543799059],[67.0081525765075,48.6538176344088],[67.0083011710477,48.6537225050629],[67.008185184626,48.653644945781]]]],"type":"MultiPolygon"},"id":"20633684.","properties":{"_release_layer_kind":"allowed","_source_collection":"gpzone-jil_anon","admterr_id/locality_admterr_id":"kz.62.38.30.100","admterr_id/locality_admterr_id/geometry":{"bbox":[66.9931339978782,48.6465254412769,67.014330997898,48.6633034412926]},"admterr_id/locality_admterr_id/name":"с.Улытау","admterr_id/locality_admterr_id/name_kk":"Ұлытау а.","admterr_id/oblast_admterr_id":"kz.62","admterr_id/oblast_admterr_id/geometry":{"bbox":[62.6828489938639,45.9982444388106,72.1225040026554,49.9379624424798]},"admterr_id/oblast_admterr_id/name":"область Ұлытау","admterr_id/oblast_admterr_id/name_kk":"Ұлытау облысы","admterr_id/rayon_admterr_id":"kz.62.38","admterr_id/rayon_admterr_id/geometry":{"bbox":[62.6828489938639,45.9996084388119,69.8460660005353,49.9379624424798]},"admterr_id/rayon_admterr_id/name":"Улытауский район","admterr_id/rayon_admterr_id/name_kk":"Ұлытау ауданы","functional":"Существующая территория жилой усадебной застройки","gpsubtype_id":11010000,"id":"20633684.","implementation":"Существующая","name_usl":"Территория усадебной застройки","object_id_i32":6,"usl_i32":11010000},"type":"Feature"},{"collection":"gpzone","geometry":{"bbox":[67.0017928013869,48.6585256125243,67.0034398733748,48.6596295775378],"coordinates":[[[[67.0034398733748,48.658951062071],[67.0029835107156,48.6585256125243],[67.0017928013869,48.6591574328213],[67.0023006592332,48.6596295775378],[67.0027858929972,48.6594251927947],[67.0027883750063,48.6594241467909],[67.0026858136334,48.6593156033963],[67.0034398733748,48.658951062071]]]],"type":"MultiPolygon"},"id":"20633685.","properties":{"_release_layer_kind":"allowed","_source_collection":"gpzone-jil_anon","admterr_id/locality_admterr_id":"kz.62.38.30.100","admterr_id/locality_admterr_id/geometry":{"bbox":[66.9931339978782,48.6465254412769,67.014330997898,48.6633034412926]},"admterr_id/locality_admterr_id/name":"с.Улытау","admterr_id/locality_admterr_id/name_kk":"Ұлытау а.","admterr_id/oblast_admterr_id":"kz.62","admterr_id/oblast_admterr_id/geometry":{"bbox":[62.6828489938639,45.9982444388106,72.1225040026554,49.9379624424798]},"admterr_id/oblast_admterr_id/name":"область Ұлытау","admterr_id/oblast_admterr_id/name_kk":"Ұлытау облысы","admterr_id/rayon_admterr_id":"kz.62.38","admterr_id/rayon_admterr_id/geometry":{"bbox":[62.6828489938639,45.9996084388119,69.8460660005353,49.9379624424798]},"admterr_id/rayon_admterr_id/name":"Улытауский район","admterr_id/rayon_admterr_id/name_kk":"Ұлытау ауданы","functional":"Существующая территория жилой усадебной застройки","gpsubtype_id":11010000,"id":"20633685.","implementation":"Существующая","name_usl":"Территория усадебной застройки","object_id_i32":7,"usl_i32":11010000},"type":"Feature"},{"collection":"gpzone","geometry":{"bbox":[66.997690170472,48.6572601799239,67.0014847252669,48.660019704956],"coordinates":[[[[67.0014847252669,48.6591444097739],[67.000417755388,48.6581473441492],[66.9999465246749,48.6583719479657],[67.0000363060013,48.6584499202492],[67.0000372920048,48.6584503372507],[67.0000428110249,48.6584531142608],[67.0000480110438,48.6584560572715],[67.0000528920615,48.658459219283],[67.0000575370785,48.6584625992953],[67.0000618610942,48.6584661443081],[67.0000657851085,48.6584698563216],[67.0000693901216,48.6584737343358],[67.0000726731335,48.6584777233502],[67.0000754741437,48.6584818793654],[67.0000778711524,48.6584860953807],[67.00007994916,48.6584904763966],[67.0000815401657,48.6584948634126],[67.00008272717,48.6584993104287],[67.0000835101729,48.6585038154451],[67.0000838891743,48.6585083804617],[67.0000837791738,48.6585128974781],[67.000083264172,48.6585174194946],[67.0000823421686,48.6585218925108],[67.0000810131638,48.6585263185269],[67.0000791971572,48.658530750543],[67.0000770521494,48.6585350245585],[67.0000745001401,48.6585392515739],[67.0000714571291,48.6585433765889],[67.0000680841168,48.6585472916032],[67.0000643841033,48.658551102617],[67.0000602720884,48.6585547576303],[67.0000558320722,48.658558256643],[67.0000511420552,48.658561542655],[67.000046123037,48.6585646726663],[67.0000407710175,48.6585675376768],[67.0000351699971,48.6585701906864],[67.0000293169759,48.6585725786951],[67.000023296954,48.6585748077032],[67.0000171059315,48.6585767157101],[67.000010662908,48.6585783587161],[67.0000041318843,48.6585797877213],[66.9999974318599,48.6585809507255],[66.9999907218356,48.6585817907286],[66.9999838408106,48.6585823637307],[66.9999769527855,48.6585826687318],[66.9999700557604,48.6585827047319],[66.9999631507353,48.6585824187309],[66.9999564007108,48.658581915729],[66.9999495596859,48.658581090726],[66.9999428716616,48.6585799407218],[66.9999363386378,48.6585785747169],[66.9999299626147,48.6585769917111],[66.9999236565918,48.658575030704],[66.9999175885697,48.6585729056963],[66.9999117555485,48.6585705086875],[66.9999061605282,48.6585678936781],[66.9999008015087,48.6585650606677],[66.99989568149,48.6585620096567],[66.9998908754725,48.6585586856446],[66.9998864734566,48.6585552486321],[66.9998823084414,48.658551646619],[66.9998785444278,48.6585478256051],[66.9998751004152,48.6585438925908],[66.9998720574042,48.6585397925759],[66.9998705203986,48.6585372325666],[66.9996273445145,48.6583246147936],[66.9996257005085,48.658323883791],[66.999620342489,48.6583210507807],[66.9996152214704,48.6583179997696],[66.999610416453,48.6583146757575],[66.999606013437,48.658311238745],[66.9996018474218,48.6583075837317],[66.9995980844081,48.658303815718],[66.9995946403956,48.6582998827037],[66.9995915973846,48.6582957826888],[66.9995890393753,48.6582916226737],[66.9995868013671,48.658287297658],[66.9995849673605,48.658282913642],[66.9995835373552,48.6582784696259],[66.9995825933518,48.6582740206097],[66.9995819713496,48.6582694585931],[66.9995818393491,48.6582649985769],[66.9995821903503,48.6582604245603],[66.9995828673528,48.6582559005438],[66.9995840333571,48.6582514235275],[66.9995856073628,48.6582470485117],[66.99958758637,48.6582426694957],[66.9995898963784,48.6582384454804],[66.9995926933885,48.6582342694652],[66.9995959004002,48.6582302504506],[66.9995994364131,48.6582263334363],[66.9996033834274,48.6582226264229],[66.9996075784426,48.65821907741],[66.9996121834594,48.6582156303974],[66.9996171194774,48.6582124483859],[66.9996223054962,48.6582094783751],[66.999627740516,48.658206719365],[66.9996334265366,48.6582041723558],[66.9996393635582,48.6582018913475],[66.9996455485807,48.6581997673397],[66.9996518266035,48.6581980193334],[66.999658272627,48.6581964833278],[66.999664886651,48.658195161323],[66.9996716736757,48.6581941593194],[66.9996783887001,48.6581934803169],[66.9996852717251,48.6581930143152],[66.9996921647502,48.6581928703147],[66.9996990657752,48.6581929953151],[66.9997059748003,48.6581933893166],[66.9997127298249,48.658194054319],[66.9997194948495,48.6581950413226],[66.9997261048736,48.6581962993271],[66.9997326398973,48.6581977733325],[66.9997389399202,48.6581995183388],[66.9997450869425,48.6582015883464],[66.9997510769643,48.6582038223545],[66.9997568319853,48.6582063273636],[66.9997623490053,48.6582090513735],[66.9997675500242,48.6582120473844],[66.999772432042,48.6582152093959],[66.9997770760589,48.6582185894082],[66.9997814010746,48.6582221354211],[66.9997853250889,48.6582258474346],[66.999788928102,48.6582296704485],[66.9997922131139,48.6582337134632],[66.9997950141241,48.6582378704783],[66.9997974111328,48.6582420864936],[66.9997976721338,48.6582426734957],[66.9998972614958,48.6583291628102],[67.0003708012173,48.6581034659897],[66.9994683929366,48.6572601799239],[66.9988270546051,48.6575930161339],[66.9988220105868,48.657595500143],[66.9983083167193,48.6578313580004],[66.997690170472,48.6581387251179],[66.9998633393724,48.660019704956],[67.0014847252669,48.6591444097739]]]],"type":"MultiPolygon"},"id":"20633686.","properties":{"_release_layer_kind":"allowed","_source_collection":"gpzone-jil_anon","admterr_id/locality_admterr_id":"kz.62.38.30.100","admterr_id/locality_admterr_id/geometry":{"bbox":[66.9931339978782,48.6465254412769,67.014330997898,48.6633034412926]},"admterr_id/locality_admterr_id/name":"с.Улытау","admterr_id/locality_admterr_id/name_kk":"Ұлытау а.","admterr_id/oblast_admterr_id":"kz.62","admterr_id/oblast_admterr_id/geometry":{"bbox":[62.6828489938639,45.9982444388106,72.1225040026554,49.9379624424798]},"admterr_id/oblast_admterr_id/name":"область Ұлытау","admterr_id/oblast_admterr_id/name_kk":"Ұлытау облысы","admterr_id/rayon_admterr_id":"kz.62.38","admterr_id/rayon_admterr_id/geometry":{"bbox":[62.6828489938639,45.9996084388119,69.8460660005353,49.9379624424798]},"admterr_id/rayon_admterr_id/name":"Улытауский район","admterr_id/rayon_admterr_id/name_kk":"Ұлытау ауданы","functional":"Существующая территория жилой усадебной застройки","gpsubtype_id":11010000,"id":"20633686.","implementation":"Существующая","name_usl":"Территория усадебной застройки","object_id_i32":8,"usl_i32":11010000},"type":"Feature"},{"collection":"gpzone","geometry":{"bbox":[67.0039964593982,48.6599461956888,67.0067090022595,48.6619024098005],"coordinates":[[[[67.0055083318945,48.6599461956888],[67.005036173178,48.6601639084803],[67.004972635947,48.6601931765867],[67.0052882910945,48.6604592935541],[67.0039964593982,48.6610995028816],[67.004920368757,48.6619024098005],[67.0067090022595,48.6609646443913],[67.00573266471,48.6601322773653],[67.0055083318945,48.6599461956888]]]],"type":"MultiPolygon"},"id":"20633687.","properties":{"_release_layer_kind":"allowed","_source_collection":"gpzone-jil_anon","admterr_id/locality_admterr_id":"kz.62.38.30.100","admterr_id/locality_admterr_id/geometry":{"bbox":[66.9931339978782,48.6465254412769,67.014330997898,48.6633034412926]},"admterr_id/locality_admterr_id/name":"с.Улытау","admterr_id/locality_admterr_id/name_kk":"Ұлытау а.","admterr_id/oblast_admterr_id":"kz.62","admterr_id/oblast_admterr_id/geometry":{"bbox":[62.6828489938639,45.9982444388106,72.1225040026554,49.9379624424798]},"admterr_id/oblast_admterr_id/name":"область Ұлытау","admterr_id/oblast_admterr_id/name_kk":"Ұлытау облысы","admterr_id/rayon_admterr_id":"kz.62.38","admterr_id/rayon_admterr_id/geometry":{"bbox":[62.6828489938639,45.9996084388119,69.8460660005353,49.9379624424798]},"admterr_id/rayon_admterr_id/name":"Улытауский район","admterr_id/rayon_admterr_id/name_kk":"Ұлытау ауданы","functional":"Существующая территория жилой усадебной застройки","gpsubtype_id":11010000,"id":"20633687.","implementation":"Существующая","name_usl":"Территория усадебной застройки","object_id_i32":9,"usl_i32":11010000},"type":"Feature"},{"collection":"gpzone","geometry":{"bbox":[67.0103258574083,48.65317430907,67.0126581868874,48.6545233709745],"coordinates":[[[[67.0126581868874,48.6535410734033],[67.0120543586922,48.65317430907],[67.0120528076865,48.6531749350723],[67.0119807314245,48.6532040381781],[67.0113929192876,48.6534906622201],[67.0109137135454,48.6537481711562],[67.0104875579962,48.6540429342278],[67.0103258574083,48.6541746187066],[67.0106887137275,48.654399187523],[67.0108852114418,48.6545233709745],[67.0114139593641,48.6542331719194],[67.0115644199111,48.6541242705235],[67.0121421220113,48.6539529299006],[67.0124282660515,48.6538231584288],[67.0126581868874,48.6535410734033]]]],"type":"MultiPolygon"},"id":"20633688.","properties":{"_release_layer_kind":"allowed","_source_collection":"gpzone-jil_anon","admterr_id/locality_admterr_id":"kz.62.38.30.100","admterr_id/locality_admterr_id/geometry":{"bbox":[66.9931339978782,48.6465254412769,67.014330997898,48.6633034412926]},"admterr_id/locality_admterr_id/name":"с.Улытау","admterr_id/locality_admterr_id/name_kk":"Ұлытау а.","admterr_id/oblast_admterr_id":"kz.62","admterr_id/oblast_admterr_id/geometry":{"bbox":[62.6828489938639,45.9982444388106,72.1225040026554,49.9379624424798]},"admterr_id/oblast_admterr_id/name":"область Ұлытау","admterr_id/oblast_admterr_id/name_kk":"Ұлытау облысы","admterr_id/rayon_admterr_id":"kz.62.38","admterr_id/rayon_admterr_id/geometry":{"bbox":[62.6828489938639,45.9996084388119,69.8460660005353,49.9379624424798]},"admterr_id/rayon_admterr_id/name":"Улытауский район","admterr_id/rayon_admterr_id/name_kk":"Ұлытау ауданы","functional":"Существующая территория жилой усадебной застройки","gpsubtype_id":11010000,"id":"20633688.","implementation":"Существующая","name_usl":"Территория усадебной застройки","object_id_i32":10,"usl_i32":11010000},"type":"Feature"},{"collection":"gpzone","geometry":{"bbox":[67.0046227066749,48.6490554350961,67.005496651852,48.649654241273],"coordinates":[[[[67.0054461896686,48.6494536225437],[67.005496651852,48.6492829779233],[67.0053029121477,48.6490863392085],[67.004883512623,48.6490554350961],[67.0046227066749,48.6492358167519],[67.005233107894,48.649654241273],[67.0054461896686,48.6494536225437]]]],"type":"MultiPolygon"},"id":"20633689.","properties":{"_release_layer_kind":"allowed","_source_collection":"gpzone-jil_anon","admterr_id/locality_admterr_id":"kz.62.38.30.100","admterr_id/locality_admterr_id/geometry":{"bbox":[66.9931339978782,48.6465254412769,67.014330997898,48.6633034412926]},"admterr_id/locality_admterr_id/name":"с.Улытау","admterr_id/locality_admterr_id/name_kk":"Ұлытау а.","admterr_id/oblast_admterr_id":"kz.62","admterr_id/oblast_admterr_id/geometry":{"bbox":[62.6828489938639,45.9982444388106,72.1225040026554,49.9379624424798]},"admterr_id/oblast_admterr_id/name":"область Ұлытау","admterr_id/oblast_admterr_id/name_kk":"Ұлытау облысы","admterr_id/rayon_admterr_id":"kz.62.38","admterr_id/rayon_admterr_id/geometry":{"bbox":[62.6828489938639,45.9996084388119,69.8460660005353,49.9379624424798]},"admterr_id/rayon_admterr_id/name":"Улытауский район","admterr_id/rayon_admterr_id/name_kk":"Ұлытау ауданы","functional":"Существующая территория жилой усадебной застройки","gpsubtype_id":11010000,"id":"20633689.","implementation":"Существующая","name_usl":"Территория усадебной застройки","object_id_i32":11,"usl_i32":11010000},"type":"Feature"},{"collection":"gpzone","geometry":{"bbox":[67.0117854767147,48.6478337956549,67.0123716108455,48.6482961203357],"coordinates":[[[[67.0120824017941,48.6478560507358],[67.0120373536304,48.6478337956549],[67.0120270895931,48.6478457516984],[67.0117854767147,48.6481267607199],[67.0117914087363,48.6481294237296],[67.0118728710324,48.6481730808883],[67.0119921884662,48.6482293030927],[67.0121166319186,48.6482804582787],[67.0121605880784,48.6482961103356],[67.0121606290786,48.6482961203357],[67.0121665521,48.6482921693213],[67.0123632318151,48.6480112723001],[67.0123692428369,48.6480026972689],[67.0123716108455,48.6479990642557],[67.0123701258402,48.6479982772528],[67.0120824017941,48.6478560507358]]]],"type":"MultiPolygon"},"id":"20633690.","properties":{"_release_layer_kind":"allowed","_source_collection":"gpzone-jil_anon","admterr_id/locality_admterr_id":"kz.62.38.30.100","admterr_id/locality_admterr_id/geometry":{"bbox":[66.9931339978782,48.6465254412769,67.014330997898,48.6633034412926]},"admterr_id/locality_admterr_id/name":"с.Улытау","admterr_id/locality_admterr_id/name_kk":"Ұлытау а.","admterr_id/oblast_admterr_id":"kz.62","admterr_id/oblast_admterr_id/geometry":{"bbox":[62.6828489938639,45.9982444388106,72.1225040026554,49.9379624424798]},"admterr_id/oblast_admterr_id/name":"область Ұлытау","admterr_id/oblast_admterr_id/name_kk":"Ұлытау облысы","admterr_id/rayon_admterr_id":"kz.62.38","admterr_id/rayon_admterr_id/geometry":{"bbox":[62.6828489938639,45.9996084388119,69.8460660005353,49.9379624424798]},"admterr_id/rayon_admterr_id/name":"Улытауский район","admterr_id/rayon_admterr_id/name_kk":"Ұлытау ауданы","functional":"Существующая территория жилой усадебной застройки","gpsubtype_id":11010000,"id":"20633690.","implementation":"Существующая","name_usl":"Территория усадебной застройки","object_id_i32":12,"usl_i32":11010000},"type":"Feature"},{"collection":"gpzone","geometry":{"bbox":[67.0066396120072,48.6469086872917,67.0079373687251,48.6475053414608],"coordinates":[[[[67.0079373687251,48.6469086872917],[67.0076978538544,48.6469466084296],[67.0076961518482,48.64694673843],[67.0076953468453,48.6469469644309],[67.0076548016979,48.6469530324529],[67.0075908574654,48.6469654834982],[67.007528046237,48.646980551553],[67.0074668930147,48.6469981266168],[67.0074074407986,48.64701825869],[67.0073498885894,48.6470408397722],[67.0072946383885,48.6470657008625],[67.0072419301969,48.647092787961],[67.0071916830142,48.6471220460674],[67.0071443378421,48.647153309181],[67.0071004496825,48.6471861393003],[67.0070499784991,48.6472296464585],[67.0070472264891,48.6472312954645],[67.007042803473,48.6472354934798],[67.0069996563161,48.6472686356003],[67.0069932202927,48.6472733966176],[67.0069543591515,48.6473005167162],[67.0069453581187,48.6473063867375],[67.0069040909687,48.64733181783],[67.0068945909342,48.64733731785],[67.0068509187754,48.6473610609363],[67.0068408807389,48.6473661919549],[67.0067951215726,48.6473880260343],[67.0067848635352,48.647392622051],[67.0067371013616,48.6474126011237],[67.0067336503491,48.6474139901287],[67.0067261823219,48.647416830139],[67.006676694142,48.6474347892043],[67.0066653571008,48.6474385932182],[67.0066452410277,48.6474448242408],[67.0066451750274,48.647444878241],[67.0066435090214,48.6474462402459],[67.0066396120072,48.6474494132575],[67.0071413358312,48.647488049398],[67.0078686044751,48.6475053414608],[67.0079071026151,48.6471713002464],[67.0079373687251,48.6469086872917]]]],"type":"MultiPolygon"},"id":"20633691.","properties":{"_release_layer_kind":"allowed","_source_collection":"gpzone-jil_anon","admterr_id/locality_admterr_id":"kz.62.38.30.100","admterr_id/locality_admterr_id/geometry":{"bbox":[66.9931339978782,48.6465254412769,67.014330997898,48.6633034412926]},"admterr_id/locality_admterr_id/name":"с.Улытау","admterr_id/locality_admterr_id/name_kk":"Ұлытау а.","admterr_id/oblast_admterr_id":"kz.62","admterr_id/oblast_admterr_id/geometry":{"bbox":[62.6828489938639,45.9982444388106,72.1225040026554,49.9379624424798]},"admterr_id/oblast_admterr_id/name":"область Ұлытау","admterr_id/oblast_admterr_id/name_kk":"Ұлытау облысы","admterr_id/rayon_admterr_id":"kz.62.38","admterr_id/rayon_admterr_id/geometry":{"bbox":[62.6828489938639,45.9996084388119,69.8460660005353,49.9379624424798]},"admterr_id/rayon_admterr_id/name":"Улытауский район","admterr_id/rayon_admterr_id/name_kk":"Ұлытау ауданы","functional":"Существующая территория жилой усадебной застройки","gpsubtype_id":11010000,"id":"20633691.","implementation":"Существующая","name_usl":"Территория усадебной застройки","object_id_i32":13,"usl_i32":11010000},"type":"Feature"},{"collection":"gpzone","geometry":{"bbox":[67.0018667746558,48.6601480824227,67.0047507251402,48.662426273705],"coordinates":[[[[67.003931776163,48.6624207286848],[67.0035795838826,48.6621159335767],[67.0039211991246,48.662426273705],[67.003931776163,48.6624207286848]]],[[[67.0047507251402,48.661991393124],[67.0030159438336,48.6604836636427],[67.0023241413186,48.6608452279572],[67.0025730272234,48.6610623367465],[67.0024826608948,48.6611076679113],[67.0039742083173,48.662398483604],[67.0047507251402,48.661991393124]]],[[[67.0022935922075,48.6608155438493],[67.0029831427143,48.6604551555391],[67.0026298264299,48.6601480824227],[67.0018667746558,48.66055993392],[67.0019620420022,48.6606464792346],[67.0020476633134,48.6606010110693],[67.0022935922075,48.6608155438493]]]],"type":"MultiPolygon"},"id":"20633692.","properties":{"_release_layer_kind":"allowed","_source_collection":"gpzone-jil_anon","admterr_id/locality_admterr_id":"kz.62.38.30.100","admterr_id/locality_admterr_id/geometry":{"bbox":[66.9931339978782,48.6465254412769,67.014330997898,48.6633034412926]},"admterr_id/locality_admterr_id/name":"с.Улытау","admterr_id/locality_admterr_id/name_kk":"Ұлытау а.","admterr_id/oblast_admterr_id":"kz.62","admterr_id/oblast_admterr_id/geometry":{"bbox":[62.6828489938639,45.9982444388106,72.1225040026554,49.9379624424798]},"admterr_id/oblast_admterr_id/name":"область Ұлытау","admterr_id/oblast_admterr_id/name_kk":"Ұлытау облысы","admterr_id/rayon_admterr_id":"kz.62.38","admterr_id/rayon_admterr_id/geometry":{"bbox":[62.6828489938639,45.9996084388119,69.8460660005353,49.9379624424798]},"admterr_id/rayon_admterr_id/name":"Улытауский район","admterr_id/rayon_admterr_id/name_kk":"Ұлытау ауданы","functional":"Существующая территория жилой усадебной застройки","gpsubtype_id":11010000,"id":"20633692.","implementation":"Существующая","name_usl":"Территория усадебной застройки","object_id_i32":14,"usl_i32":11010000},"type":"Feature"},{"collection":"gpzone","geometry":{"bbox":[67.0007597486313,48.6603732902415,67.0021873448213,48.6613437717696],"coordinates":[[[[67.0017994634111,48.6611101129201],[67.0018095504478,48.6611082069132],[67.0018197434849,48.6611098479192],[67.0018260175077,48.6611134759324],[67.0018284845166,48.6611156129401],[67.00217874679,48.6609320112727],[67.0021873448213,48.6609264162523],[67.0015489725005,48.6603732902415],[67.0007603396335,48.6607952647755],[67.0007597486313,48.6607955807767],[67.0013931999342,48.6613437717696],[67.0017967184011,48.6611322650007],[67.0017938813908,48.6611298069918],[67.001792546386,48.6611285879873],[67.0017896703755,48.661121905963],[67.0017921473845,48.6611151539385],[67.0017994634111,48.6611101129201]]]],"type":"MultiPolygon"},"id":"20633693.","properties":{"_release_layer_kind":"allowed","_source_collection":"gpzone-jil_anon","admterr_id/locality_admterr_id":"kz.62.38.30.100","admterr_id/locality_admterr_id/geometry":{"bbox":[66.9931339978782,48.6465254412769,67.014330997898,48.6633034412926]},"admterr_id/locality_admterr_id/name":"с.Улытау","admterr_id/locality_admterr_id/name_kk":"Ұлытау а.","admterr_id/oblast_admterr_id":"kz.62","admterr_id/oblast_admterr_id/geometry":{"bbox":[62.6828489938639,45.9982444388106,72.1225040026554,49.9379624424798]},"admterr_id/oblast_admterr_id/name":"область Ұлытау","admterr_id/oblast_admterr_id/name_kk":"Ұлытау облысы","admterr_id/rayon_admterr_id":"kz.62.38","admterr_id/rayon_admterr_id/geometry":{"bbox":[62.6828489938639,45.9996084388119,69.8460660005353,49.9379624424798]},"admterr_id/rayon_admterr_id/name":"Улытауский район","admterr_id/rayon_admterr_id/name_kk":"Ұлытау ауданы","functional":"Существующая территория жилой усадебной застройки","gpsubtype_id":11010000,"id":"20633693.","implementation":"Существующая","name_usl":"Территория усадебной застройки","object_id_i32":15,"usl_i32":11010000},"type":"Feature"},{"collection":"gpzone","geometry":{"bbox":[67.004052789603,48.6620948895002,67.0052072718,48.6628027030735],"coordinates":[[[[67.0043667777445,48.6627971540533],[67.0040633576414,48.6625345970988],[67.004052789603,48.6625401381189],[67.0043399276468,48.6627886200222],[67.004356198706,48.6628027030735],[67.0043667777445,48.6627971540533]]],[[[67.0052072718,48.6623562524504],[67.0049019746901,48.6620948895002],[67.0041057877957,48.6625123500179],[67.0044092018987,48.6627749019724],[67.0044197779371,48.6627693539522],[67.0048334154409,48.6625523721634],[67.0051735326774,48.6623739505147],[67.0052072718,48.6623562524504]]]],"type":"MultiPolygon"},"id":"20633694.","properties":{"_release_layer_kind":"allowed","_source_collection":"gpzone-jil_anon","admterr_id/locality_admterr_id":"kz.62.38.30.100","admterr_id/locality_admterr_id/geometry":{"bbox":[66.9931339978782,48.6465254412769,67.014330997898,48.6633034412926]},"admterr_id/locality_admterr_id/name":"с.Улытау","admterr_id/locality_admterr_id/name_kk":"Ұлытау а.","admterr_id/oblast_admterr_id":"kz.62","admterr_id/oblast_admterr_id/geometry":{"bbox":[62.6828489938639,45.9982444388106,72.1225040026554,49.9379624424798]},"admterr_id/oblast_admterr_id/name":"область Ұлытау","admterr_id/oblast_admterr_id/name_kk":"Ұлытау облысы","admterr_id/rayon_admterr_id":"kz.62.38","admterr_id/rayon_admterr_id/geometry":{"bbox":[62.6828489938639,45.9996084388119,69.8460660005353,49.9379624424798]},"admterr_id/rayon_admterr_id/name":"Улытауский район","admterr_id/rayon_admterr_id/name_kk":"Ұлытау ауданы","functional":"Существующая территория жилой усадебной застройки","gpsubtype_id":11010000,"id":"20633694.","implementation":"Существующая","name_usl":"Территория усадебной застройки","object_id_i32":16,"usl_i32":11010000},"type":"Feature"},{"collection":"gpzone","geometry":{"bbox":[67.005051585234,48.6612308563591,67.0070435604757,48.6624512017956],"coordinates":[[[[67.0070435164756,48.661669019952],[67.0065500546816,48.6612308563591],[67.005051585234,48.6620164912152],[67.0055518010525,48.6624512017956],[67.0070435604757,48.6616690719522],[67.0070435164756,48.661669019952]]]],"type":"MultiPolygon"},"id":"20633695.","properties":{"_release_layer_kind":"allowed","_source_collection":"gpzone-jil_anon","admterr_id/locality_admterr_id":"kz.62.38.30.100","admterr_id/locality_admterr_id/geometry":{"bbox":[66.9931339978782,48.6465254412769,67.014330997898,48.6633034412926]},"admterr_id/locality_admterr_id/name":"с.Улытау","admterr_id/locality_admterr_id/name_kk":"Ұлытау а.","admterr_id/oblast_admterr_id":"kz.62","admterr_id/oblast_admterr_id/geometry":{"bbox":[62.6828489938639,45.9982444388106,72.1225040026554,49.9379624424798]},"admterr_id/oblast_admterr_id/name":"область Ұлытау","admterr_id/oblast_admterr_id/name_kk":"Ұлытау облысы","admterr_id/rayon_admterr_id":"kz.62.38","admterr_id/rayon_admterr_id/geometry":{"bbox":[62.6828489938639,45.9996084388119,69.8460660005353,49.9379624424798]},"admterr_id/rayon_admterr_id/name":"Улытауский район","admterr_id/rayon_admterr_id/name_kk":"Ұлытау ауданы","functional":"Существующая территория жилой усадебной застройки","gpsubtype_id":11010000,"id":"20633695.","implementation":"Существующая","name_usl":"Территория усадебной застройки","object_id_i32":17,"usl_i32":11010000},"type":"Feature"},{"collection":"gpzone","geometry":{"bbox":[67.0083117950863,48.6551239081576,67.0094108560819,48.6558318167312],"coordinates":[[[[67.0094108560819,48.6554899494884],[67.0088613390841,48.6551239081576],[67.0083117950863,48.6554315722761],[67.0086706223908,48.6557124892974],[67.0087055215177,48.6557398213968],[67.0088229969448,48.6558318167312],[67.0094108560819,48.6554899494884]]]],"type":"MultiPolygon"},"id":"20633696.","properties":{"_release_layer_kind":"allowed","_source_collection":"gpzone-jil_anon","admterr_id/locality_admterr_id":"kz.62.38.30.100","admterr_id/locality_admterr_id/geometry":{"bbox":[66.9931339978782,48.6465254412769,67.014330997898,48.6633034412926]},"admterr_id/locality_admterr_id/name":"с.Улытау","admterr_id/locality_admterr_id/name_kk":"Ұлытау а.","admterr_id/oblast_admterr_id":"kz.62","admterr_id/oblast_admterr_id/geometry":{"bbox":[62.6828489938639,45.9982444388106,72.1225040026554,49.9379624424798]},"admterr_id/oblast_admterr_id/name":"область Ұлытау","admterr_id/oblast_admterr_id/name_kk":"Ұлытау облысы","admterr_id/rayon_admterr_id":"kz.62.38","admterr_id/rayon_admterr_id/geometry":{"bbox":[62.6828489938639,45.9996084388119,69.8460660005353,49.9379624424798]},"admterr_id/rayon_admterr_id/name":"Улытауский район","admterr_id/rayon_admterr_id/name_kk":"Ұлытау ауданы","functional":"Существующая территория жилой усадебной застройки","gpsubtype_id":11010000,"id":"20633696.","implementation":"Существующая","name_usl":"Территория усадебной застройки","object_id_i32":18,"usl_i32":11010000},"type":"Feature"},{"collection":"gpzone","geometry":{"bbox":[67.0122268543193,48.6558017176218,67.0144236263055,48.6571413404919],"coordinates":[[[[67.0135367270813,48.6565951095061],[67.0135994533093,48.6565548503598],[67.0135994673093,48.6565548993599],[67.0136030613224,48.6565530243531],[67.0136131473591,48.6565511173462],[67.0136233393961,48.6565527573521],[67.0136309494238,48.6565576033698],[67.0136338274343,48.656564285394],[67.0136313524253,48.6565710374186],[67.0136276334117,48.6565742044301],[67.0136161723701,48.6565815514568],[67.0139093254358,48.6570491171566],[67.014026286861,48.6569755408892],[67.014395440203,48.6567433910452],[67.0144140032705,48.6567340080111],[67.0144236263055,48.6567312470011],[67.01409477011,48.6561618049309],[67.0140586589787,48.6560992757035],[67.013886817354,48.6558017176218],[67.0138764753164,48.6558051656343],[67.0136942516539,48.6558659128552],[67.0136378334488,48.6558913299476],[67.0135789602348,48.6559216180577],[67.0135228830309,48.6559543961769],[67.0134678478308,48.6559908163093],[67.0122268543193,48.6568187273191],[67.0124481291237,48.6569688178647],[67.0126844819829,48.6571413404919],[67.0135363240798,48.6565953685071],[67.0135367270813,48.6565951095061]]]],"type":"MultiPolygon"},"id":"20633697.","properties":{"_release_layer_kind":"allowed","_source_collection":"gpzone-jil_anon","admterr_id/locality_admterr_id":"kz.62.38.30.100","admterr_id/locality_admterr_id/geometry":{"bbox":[66.9931339978782,48.6465254412769,67.014330997898,48.6633034412926]},"admterr_id/locality_admterr_id/name":"с.Улытау","admterr_id/locality_admterr_id/name_kk":"Ұлытау а.","admterr_id/oblast_admterr_id":"kz.62","admterr_id/oblast_admterr_id/geometry":{"bbox":[62.6828489938639,45.9982444388106,72.1225040026554,49.9379624424798]},"admterr_id/oblast_admterr_id/name":"область Ұлытау","admterr_id/oblast_admterr_id/name_kk":"Ұлытау облысы","admterr_id/rayon_admterr_id":"kz.62.38","admterr_id/rayon_admterr_id/geometry":{"bbox":[62.6828489938639,45.9996084388119,69.8460660005353,49.9379624424798]},"admterr_id/rayon_admterr_id/name":"Улытауский район","admterr_id/rayon_admterr_id/name_kk":"Ұлытау ауданы","functional":"Существующая территория жилой усадебной застройки","gpsubtype_id":11010000,"id":"20633697.","implementation":"Существующая","name_usl":"Территория усадебной застройки","object_id_i32":19,"usl_i32":11010000},"type":"Feature"},{"collection":"gpzone","geometry":{"bbox":[67.0085253378626,48.6470504988072,67.0102149010049,48.647632749924],"coordinates":[[[[67.009916187919,48.6470509358089],[67.0099080708895,48.6470504988072],[67.0099050378785,48.6470505228073],[67.0095236834921,48.6470535458183],[67.0090794498771,48.6470570668311],[67.0086421212872,48.6470605238437],[67.0086379882722,48.6470605568438],[67.0085253378626,48.6475209185174],[67.0093011606831,48.6475393385844],[67.0093097007141,48.6475397635859],[67.0093192647489,48.6475404985886],[67.0093261057738,48.6475411615911],[67.0101463027556,48.647632749924],[67.0102149010049,48.6470672198681],[67.009916187919,48.6470509358089]]]],"type":"MultiPolygon"},"id":"20633698.","properties":{"_release_layer_kind":"allowed","_source_collection":"gpzone-jil_anon","admterr_id/locality_admterr_id":"kz.62.38.30.100","admterr_id/locality_admterr_id/geometry":{"bbox":[66.9931339978782,48.6465254412769,67.014330997898,48.6633034412926]},"admterr_id/locality_admterr_id/name":"с.Улытау","admterr_id/locality_admterr_id/name_kk":"Ұлытау а.","admterr_id/oblast_admterr_id":"kz.62","admterr_id/oblast_admterr_id/geometry":{"bbox":[62.6828489938639,45.9982444388106,72.1225040026554,49.9379624424798]},"admterr_id/oblast_admterr_id/name":"область Ұлытау","admterr_id/oblast_admterr_id/name_kk":"Ұлытау облысы","admterr_id/rayon_admterr_id":"kz.62.38","admterr_id/rayon_admterr_id/geometry":{"bbox":[62.6828489938639,45.9996084388119,69.8460660005353,49.9379624424798]},"admterr_id/rayon_admterr_id/name":"Улытауский район","admterr_id/rayon_admterr_id/name_kk":"Ұлытау ауданы","functional":"Существующая территория жилой усадебной застройки","gpsubtype_id":11010000,"id":"20633698.","implementation":"Существующая","name_usl":"Территория усадебной застройки","object_id_i32":20,"usl_i32":11010000},"type":"Feature"},{"collection":"gpzone","geometry":{"bbox":[67.0108295862396,48.6474210141542,67.011483001615,48.6479015929013],"coordinates":[[[[67.0112843288928,48.6479015929013],[67.011483001615,48.6475891177654],[67.0114793066016,48.647593410781],[67.0114788716,48.6475932437804],[67.0114608325345,48.6475863427553],[67.0112464737552,48.6475155104978],[67.0110255899522,48.647453687273],[67.0108855494431,48.6474210141542],[67.0108295862396,48.6477668284114],[67.0110391640015,48.6478229936156],[67.0110468270294,48.647825311624],[67.011220554661,48.6478829698336],[67.0112254796788,48.6478847328401],[67.0112279426878,48.6478856148433],[67.0112843288928,48.6479015929013]]]],"type":"MultiPolygon"},"id":"20633699.","properties":{"_release_layer_kind":"allowed","_source_collection":"gpzone-jil_anon","admterr_id/locality_admterr_id":"kz.62.38.30.100","admterr_id/locality_admterr_id/geometry":{"bbox":[66.9931339978782,48.6465254412769,67.014330997898,48.6633034412926]},"admterr_id/locality_admterr_id/name":"с.Улытау","admterr_id/locality_admterr_id/name_kk":"Ұлытау а.","admterr_id/oblast_admterr_id":"kz.62","admterr_id/oblast_admterr_id/geometry":{"bbox":[62.6828489938639,45.9982444388106,72.1225040026554,49.9379624424798]},"admterr_id/oblast_admterr_id/name":"область Ұлытау","admterr_id/oblast_admterr_id/name_kk":"Ұлытау облысы","admterr_id/rayon_admterr_id":"kz.62.38","admterr_id/rayon_admterr_id/geometry":{"bbox":[62.6828489938639,45.9996084388119,69.8460660005353,49.9379624424798]},"admterr_id/rayon_admterr_id/name":"Улытауский район","admterr_id/rayon_admterr_id/name_kk":"Ұлытау ауданы","functional":"Существующая территория жилой усадебной застройки","gpsubtype_id":11010000,"id":"20633699.","implementation":"Существующая","name_usl":"Территория усадебной застройки","object_id_i32":21,"usl_i32":11010000},"type":"Feature"},{"collection":"gpzone","geometry":{"bbox":[67.004270383394,48.6472009593542,67.0049541808799,48.6476595580215],"coordinates":[[[[67.0049541808799,48.6472660175908],[67.0044126949114,48.6472009593542],[67.004270383394,48.6475813877373],[67.0045392053713,48.6476275039049],[67.0047260600506,48.6476595580215],[67.0048354094481,48.6476309789176],[67.0048650955561,48.6475397575859],[67.0049541808799,48.6472660175908]]]],"type":"MultiPolygon"},"id":"20633700.","properties":{"_release_layer_kind":"allowed","_source_collection":"gpzone-jil_anon","admterr_id/locality_admterr_id":"kz.62.38.30.100","admterr_id/locality_admterr_id/geometry":{"bbox":[66.9931339978782,48.6465254412769,67.014330997898,48.6633034412926]},"admterr_id/locality_admterr_id/name":"с.Улытау","admterr_id/locality_admterr_id/name_kk":"Ұлытау а.","admterr_id/oblast_admterr_id":"kz.62","admterr_id/oblast_admterr_id/geometry":{"bbox":[62.6828489938639,45.9982444388106,72.1225040026554,49.9379624424798]},"admterr_id/oblast_admterr_id/name":"область Ұлытау","admterr_id/oblast_admterr_id/name_kk":"Ұлытау облысы","admterr_id/rayon_admterr_id":"kz.62.38","admterr_id/rayon_admterr_id/geometry":{"bbox":[62.6828489938639,45.9996084388119,69.8460660005353,49.9379624424798]},"admterr_id/rayon_admterr_id/name":"Улытауский район","admterr_id/rayon_admterr_id/name_kk":"Ұлытау ауданы","functional":"Существующая территория жилой усадебной застройки","gpsubtype_id":11010000,"id":"20633700.","implementation":"Существующая","name_usl":"Территория усадебной застройки","object_id_i32":22,"usl_i32":11010000},"type":"Feature"},{"collection":"gpzone","geometry":{"bbox":[67.0050752963202,48.6475605746616,67.0093138737293,48.6482054740061],"coordinates":[[[[67.0054907528306,48.6482054600061],[67.005965910558,48.6480661404996],[67.0064698523901,48.6480865255737],[67.0072570312518,48.6481767369016],[67.0072570702519,48.6481767399017],[67.0080772552337,48.6482053920058],[67.0086037161476,48.6482002069869],[67.0086037481477,48.6482002049869],[67.0091133110002,48.6481572338307],[67.0091706472086,48.6480171933216],[67.0093128557256,48.6476901761328],[67.0093138737293,48.6476878151242],[67.0092315794301,48.6476811000998],[67.0071293247875,48.6476311509182],[67.0071207037562,48.6476307259167],[67.0065859688122,48.647589564767],[67.006585931812,48.647589560767],[67.0065637257313,48.6475887277639],[67.0062095584437,48.6475605746616],[67.005453712696,48.6477664764101],[67.0050752963202,48.6478570657395],[67.0054907198304,48.6482054740061],[67.0054907528306,48.6482054600061]]]],"type":"MultiPolygon"},"id":"20633701.","properties":{"_release_layer_kind":"allowed","_source_collection":"gpzone-jil_anon","admterr_id/locality_admterr_id":"kz.62.38.30.100","admterr_id/locality_admterr_id/geometry":{"bbox":[66.9931339978782,48.6465254412769,67.014330997898,48.6633034412926]},"admterr_id/locality_admterr_id/name":"с.Улытау","admterr_id/locality_admterr_id/name_kk":"Ұлытау а.","admterr_id/oblast_admterr_id":"kz.62","admterr_id/oblast_admterr_id/geometry":{"bbox":[62.6828489938639,45.9982444388106,72.1225040026554,49.9379624424798]},"admterr_id/oblast_admterr_id/name":"область Ұлытау","admterr_id/oblast_admterr_id/name_kk":"Ұлытау облысы","admterr_id/rayon_admterr_id":"kz.62.38","admterr_id/rayon_admterr_id/geometry":{"bbox":[62.6828489938639,45.9996084388119,69.8460660005353,49.9379624424798]},"admterr_id/rayon_admterr_id/name":"Улытауский район","admterr_id/rayon_admterr_id/name_kk":"Ұлытау ауданы","functional":"Существующая территория жилой усадебной застройки","gpsubtype_id":11010000,"id":"20633701.","implementation":"Существующая","name_usl":"Территория усадебной застройки","object_id_i32":23,"usl_i32":11010000},"type":"Feature"},{"collection":"gpzone","geometry":{"bbox":[67.0085893190952,48.6518002100746,67.0093722229415,48.6524157883125],"coordinates":[[[[67.0085893190952,48.6521394043077],[67.0090025325974,48.6524157883125],[67.0090416747398,48.6523897932179],[67.0091397270962,48.652318566959],[67.00926731256,48.6522245896173],[67.0092695405681,48.6522230546118],[67.0093293027854,48.6521818454619],[67.0093578988894,48.652154913364],[67.0093688869293,48.6521380503028],[67.0093722229415,48.6521273622639],[67.0093703449346,48.6521134632134],[67.0093532808726,48.6520873451184],[67.0093532388724,48.6520872921182],[67.0093428118345,48.6520713010601],[67.0093021416866,48.6520108178402],[67.0092547235143,48.6519609606589],[67.0092077693436,48.6519129794845],[67.0091098199875,48.6518164231335],[67.0090917519218,48.6518002100746],[67.0085893190952,48.6521394043077]]]],"type":"MultiPolygon"},"id":"20633702.","properties":{"_release_layer_kind":"allowed","_source_collection":"gpzone-jil_anon","admterr_id/locality_admterr_id":"kz.62.38.30.100","admterr_id/locality_admterr_id/geometry":{"bbox":[66.9931339978782,48.6465254412769,67.014330997898,48.6633034412926]},"admterr_id/locality_admterr_id/name":"с.Улытау","admterr_id/locality_admterr_id/name_kk":"Ұлытау а.","admterr_id/oblast_admterr_id":"kz.62","admterr_id/oblast_admterr_id/geometry":{"bbox":[62.6828489938639,45.9982444388106,72.1225040026554,49.9379624424798]},"admterr_id/oblast_admterr_id/name":"область Ұлытау","admterr_id/oblast_admterr_id/name_kk":"Ұлытау облысы","admterr_id/rayon_admterr_id":"kz.62.38","admterr_id/rayon_admterr_id/geometry":{"bbox":[62.6828489938639,45.9996084388119,69.8460660005353,49.9379624424798]},"admterr_id/rayon_admterr_id/name":"Улытауский район","admterr_id/rayon_admterr_id/name_kk":"Ұлытау ауданы","functional":"Существующая территория жилой усадебной застройки","gpsubtype_id":11010000,"id":"20633702.","implementation":"Существующая","name_usl":"Территория усадебной застройки","object_id_i32":24,"usl_i32":11010000},"type":"Feature"},{"collection":"gpzone","geometry":{"bbox":[67.0110259099533,48.6506965900624,67.0132077148851,48.6519900997649],"coordinates":[[[[67.0121157809155,48.6506979390673],[67.012113446907,48.6506965900624],[67.0110259099533,48.6515024759922],[67.0111492894019,48.651619881419],[67.0115558138797,48.6519900997649],[67.0128955347502,48.6515484391592],[67.0132077148851,48.6513283833593],[67.0121157809155,48.6506979390673]]]],"type":"MultiPolygon"},"id":"20633703.","properties":{"_release_layer_kind":"allowed","_source_collection":"gpzone-jil_anon","admterr_id/locality_admterr_id":"kz.62.38.30.100","admterr_id/locality_admterr_id/geometry":{"bbox":[66.9931339978782,48.6465254412769,67.014330997898,48.6633034412926]},"admterr_id/locality_admterr_id/name":"с.Улытау","admterr_id/locality_admterr_id/name_kk":"Ұлытау а.","admterr_id/oblast_admterr_id":"kz.62","admterr_id/oblast_admterr_id/geometry":{"bbox":[62.6828489938639,45.9982444388106,72.1225040026554,49.9379624424798]},"admterr_id/oblast_admterr_id/name":"область Ұлытау","admterr_id/oblast_admterr_id/name_kk":"Ұлытау облысы","admterr_id/rayon_admterr_id":"kz.62.38","admterr_id/rayon_admterr_id/geometry":{"bbox":[62.6828489938639,45.9996084388119,69.8460660005353,49.9379624424798]},"admterr_id/rayon_admterr_id/name":"Улытауский район","admterr_id/rayon_admterr_id/name_kk":"Ұлытау ауданы","functional":"Существующая территория жилой усадебной застройки","gpsubtype_id":11010000,"id":"20633703.","implementation":"Существующая","name_usl":"Территория усадебной застройки","object_id_i32":25,"usl_i32":11010000},"type":"Feature"},{"collection":"gpzone","geometry":{"bbox":[67.0101856368985,48.6530729887016,67.0113329230695,48.6538092743784],"coordinates":[[[[67.0113329230695,48.6533642007603],[67.0109856998071,48.6530729887016],[67.0105773153225,48.6532924124994],[67.0101954039341,48.6535565904597],[67.0101856368985,48.6535652724913],[67.0105631712711,48.6538092743784],[67.0107811220634,48.6536585218303],[67.010789815095,48.653653192811],[67.0112754168604,48.6533923208626],[67.0112789378732,48.6533905548562],[67.0113329230695,48.6533642007603]]]],"type":"MultiPolygon"},"id":"20633704.","properties":{"_release_layer_kind":"allowed","_source_collection":"gpzone-jil_anon","admterr_id/locality_admterr_id":"kz.62.38.30.100","admterr_id/locality_admterr_id/geometry":{"bbox":[66.9931339978782,48.6465254412769,67.014330997898,48.6633034412926]},"admterr_id/locality_admterr_id/name":"с.Улытау","admterr_id/locality_admterr_id/name_kk":"Ұлытау а.","admterr_id/oblast_admterr_id":"kz.62","admterr_id/oblast_admterr_id/geometry":{"bbox":[62.6828489938639,45.9982444388106,72.1225040026554,49.9379624424798]},"admterr_id/oblast_admterr_id/name":"область Ұлытау","admterr_id/oblast_admterr_id/name_kk":"Ұлытау облысы","admterr_id/rayon_admterr_id":"kz.62.38","admterr_id/rayon_admterr_id/geometry":{"bbox":[62.6828489938639,45.9996084388119,69.8460660005353,49.9379624424798]},"admterr_id/rayon_admterr_id/name":"Улытауский район","admterr_id/rayon_admterr_id/name_kk":"Ұлытау ауданы","functional":"Существующая территория жилой усадебной застройки","gpsubtype_id":11010000,"id":"20633704.","implementation":"Существующая","name_usl":"Территория усадебной застройки","object_id_i32":26,"usl_i32":11010000},"type":"Feature"},{"collection":"gpzone","geometry":{"bbox":[67.0104360928091,48.6524688775054,67.0112971049392,48.6530926747732],"coordinates":[[[[67.0112971049392,48.6528806820025],[67.0108555763341,48.6524688775054],[67.0107635189994,48.652510839658],[67.0106333935263,48.6525929719566],[67.0104592208932,48.6527622865721],[67.0104419398303,48.6527742416156],[67.0104360928091,48.6527782856303],[67.0108819304299,48.6530926747732],[67.0109282035981,48.6530690446873],[67.0110426450142,48.6530077234644],[67.0111739754916,48.6529435522311],[67.0112971049392,48.6528806820025]]]],"type":"MultiPolygon"},"id":"20633705.","properties":{"_release_layer_kind":"allowed","_source_collection":"gpzone-jil_anon","admterr_id/locality_admterr_id":"kz.62.38.30.100","admterr_id/locality_admterr_id/geometry":{"bbox":[66.9931339978782,48.6465254412769,67.014330997898,48.6633034412926]},"admterr_id/locality_admterr_id/name":"с.Улытау","admterr_id/locality_admterr_id/name_kk":"Ұлытау а.","admterr_id/oblast_admterr_id":"kz.62","admterr_id/oblast_admterr_id/geometry":{"bbox":[62.6828489938639,45.9982444388106,72.1225040026554,49.9379624424798]},"admterr_id/oblast_admterr_id/name":"область Ұлытау","admterr_id/oblast_admterr_id/name_kk":"Ұлытау облысы","admterr_id/rayon_admterr_id":"kz.62.38","admterr_id/rayon_admterr_id/geometry":{"bbox":[62.6828489938639,45.9996084388119,69.8460660005353,49.9379624424798]},"admterr_id/rayon_admterr_id/name":"Улытауский район","admterr_id/rayon_admterr_id/name_kk":"Ұлытау ауданы","functional":"Существующая территория жилой усадебной застройки","gpsubtype_id":11010000,"id":"20633705.","implementation":"Существующая","name_usl":"Территория усадебной застройки","object_id_i32":27,"usl_i32":11010000},"type":"Feature"},{"collection":"gpzone","geometry":{"bbox":[67.0008489829557,48.6494121143928,67.0051948707549,48.6507738403432],"coordinates":[[[[67.0037857556322,48.650363915853],[67.0038320598005,48.6503589018347],[67.0038331748046,48.6503608768419],[67.0039014680528,48.6503565428262],[67.0040779366944,48.6503426777758],[67.0042664113795,48.6503105916591],[67.004407630893,48.6502789095439],[67.0045270433271,48.6502457924236],[67.0046927449295,48.6501840061989],[67.0048263374151,48.6501198449657],[67.0050697623001,48.6499655454047],[67.0051948707549,48.649874293073],[67.0045387943698,48.6494121143928],[67.004374632773,48.6494928016861],[67.0043358796321,48.6495100277487],[67.0043137365516,48.6495182737787],[67.0041339968982,48.6495854030227],[67.0040908427413,48.6495992990733],[67.0039485062238,48.6496388992172],[67.0039211951246,48.6496456002416],[67.0037629885494,48.6496810523705],[67.0037338774436,48.6496868623916],[67.0035215746718,48.649723020523],[67.0034848855384,48.6497278545406],[67.0031576763488,48.649763149669],[67.0031042331545,48.649766751682],[67.0026149013756,48.6497767467184],[67.0023768995104,48.6497971117924],[67.0021134285525,48.6498315179175],[67.0017890793734,48.6498756960781],[67.0016394588295,48.6499024321753],[67.0014678282055,48.6499394543099],[67.0012369533662,48.6500084815608],[67.0010803107967,48.6500884218514],[67.0009163152005,48.6501857682053],[67.0009127951877,48.6501874802116],[67.0008489829557,48.650218685325],[67.0011469990391,48.6505202514213],[67.0014097099942,48.6507738403432],[67.0014217840381,48.6507647593102],[67.0014631771886,48.6507324481927],[67.0014642891926,48.6507316271898],[67.001640981835,48.6505982037047],[67.0016501388683,48.6505920636824],[67.0016826589865,48.6505727696123],[67.0016888130089,48.6505694096001],[67.0017173731127,48.6505548445471],[67.0017274291492,48.6505502515304],[67.001738924191,48.650546284516],[67.0018042084284,48.650526779445],[67.0018152504685,48.6505239474347],[67.0019063557997,48.6505043183634],[67.0019116848191,48.6505032813596],[67.002004628157,48.6504866932993],[67.0020109331799,48.6504856972957],[67.0023002992319,48.6504462221522],[67.0023011072348,48.6504461041518],[67.0025251550493,48.6504167830452],[67.0025324400758,48.6504159890423],[67.0026845746289,48.6504030889954],[67.0026949546667,48.6504025769935],[67.0031360392701,48.6503935349606],[67.0036109909968,48.6503750168933],[67.0037857556322,48.650363915853]]]],"type":"MultiPolygon"},"id":"20633706.","properties":{"_release_layer_kind":"allowed","_source_collection":"gpzone-jil_anon","admterr_id/locality_admterr_id":"kz.62.38.30.100","admterr_id/locality_admterr_id/geometry":{"bbox":[66.9931339978782,48.6465254412769,67.014330997898,48.6633034412926]},"admterr_id/locality_admterr_id/name":"с.Улытау","admterr_id/locality_admterr_id/name_kk":"Ұлытау а.","admterr_id/oblast_admterr_id":"kz.62","admterr_id/oblast_admterr_id/geometry":{"bbox":[62.6828489938639,45.9982444388106,72.1225040026554,49.9379624424798]},"admterr_id/oblast_admterr_id/name":"область Ұлытау","admterr_id/oblast_admterr_id/name_kk":"Ұлытау облысы","admterr_id/rayon_admterr_id":"kz.62.38","admterr_id/rayon_admterr_id/geometry":{"bbox":[62.6828489938639,45.9996084388119,69.8460660005353,49.9379624424798]},"admterr_id/rayon_admterr_id/name":"Улытауский район","admterr_id/rayon_admterr_id/name_kk":"Ұлытау ауданы","functional":"Существующая территория жилой усадебной застройки","gpsubtype_id":11010000,"id":"20633706.","implementation":"Существующая","name_usl":"Территория усадебной застройки","object_id_i32":28,"usl_i32":11010000},"type":"Feature"},{"collection":"gpzone","geometry":{"bbox":[66.9994408618365,48.6502997626197,67.0012175902958,48.6513897655824],"coordinates":[[[[67.0009441373016,48.6506093407452],[67.0006381731893,48.6502997626197],[67.000497240677,48.6503754358949],[67.0003644111941,48.6504467591541],[66.9999499066872,48.6506378458488],[66.9995637172832,48.6508239375254],[66.9994408618365,48.6508849947473],[66.999844247303,48.651131375643],[67.0000690231202,48.6513897655824],[67.0004332084442,48.6512142809444],[67.0004350514509,48.6512134499414],[67.0008442889387,48.6510248512558],[67.0008495799579,48.6510225242473],[67.0012175902958,48.6508732737047],[67.0009456423071,48.6506107727504],[67.0009441373016,48.6506093407452]]]],"type":"MultiPolygon"},"id":"20633707.","properties":{"_release_layer_kind":"allowed","_source_collection":"gpzone-jil_anon","admterr_id/locality_admterr_id":"kz.62.38.30.100","admterr_id/locality_admterr_id/geometry":{"bbox":[66.9931339978782,48.6465254412769,67.014330997898,48.6633034412926]},"admterr_id/locality_admterr_id/name":"с.Улытау","admterr_id/locality_admterr_id/name_kk":"Ұлытау а.","admterr_id/oblast_admterr_id":"kz.62","admterr_id/oblast_admterr_id/geometry":{"bbox":[62.6828489938639,45.9982444388106,72.1225040026554,49.9379624424798]},"admterr_id/oblast_admterr_id/name":"область Ұлытау","admterr_id/oblast_admterr_id/name_kk":"Ұлытау облысы","admterr_id/rayon_admterr_id":"kz.62.38","admterr_id/rayon_admterr_id/geometry":{"bbox":[62.6828489938639,45.9996084388119,69.8460660005353,49.9379624424798]},"admterr_id/rayon_admterr_id/name":"Улытауский район","admterr_id/rayon_admterr_id/name_kk":"Ұлытау ауданы","functional":"Существующая территория жилой усадебной застройки","gpsubtype_id":11010000,"id":"20633707.","implementation":"Существующая","name_usl":"Территория усадебной застройки","object_id_i32":29,"usl_i32":11010000},"type":"Feature"},{"collection":"gpzone","geometry":{"bbox":[66.9950350458195,48.6513594304721,66.9956010538772,48.6518811703689],"coordinates":[[[[66.9954414342969,48.6513596444729],[66.9954413462966,48.6513594304721],[66.9950350458195,48.6513872885734],[66.9951874693736,48.6518811703689],[66.9954445633082,48.6518635263047],[66.9956010538772,48.6518527862657],[66.9954414342969,48.6513596444729]]]],"type":"MultiPolygon"},"id":"20633708.","properties":{"_release_layer_kind":"allowed","_source_collection":"gpzone-jil_anon","admterr_id/locality_admterr_id":"kz.62.38.30.100","admterr_id/locality_admterr_id/geometry":{"bbox":[66.9931339978782,48.6465254412769,67.014330997898,48.6633034412926]},"admterr_id/locality_admterr_id/name":"с.Улытау","admterr_id/locality_admterr_id/name_kk":"Ұлытау а.","admterr_id/oblast_admterr_id":"kz.62","admterr_id/oblast_admterr_id/geometry":{"bbox":[62.6828489938639,45.9982444388106,72.1225040026554,49.9379624424798]},"admterr_id/oblast_admterr_id/name":"область Ұлытау","admterr_id/oblast_admterr_id/name_kk":"Ұлытау облысы","admterr_id/rayon_admterr_id":"kz.62.38","admterr_id/rayon_admterr_id/geometry":{"bbox":[62.6828489938639,45.9996084388119,69.8460660005353,49.9379624424798]},"admterr_id/rayon_admterr_id/name":"Улытауский район","admterr_id/rayon_admterr_id/name_kk":"Ұлытау ауданы","functional":"Существующая территория жилой усадебной застройки","gpsubtype_id":11010000,"id":"20633708.","implementation":"Существующая","name_usl":"Территория усадебной застройки","object_id_i32":30,"usl_i32":11010000},"type":"Feature"},{"collection":"gpzone","geometry":{"bbox":[66.9957873625545,48.6511121235731,66.9993286984288,48.6523401350374],"coordinates":[[[[66.9989868191859,48.6518120021174],[66.9993056013448,48.6517111917509],[66.9993286984288,48.6517027187201],[66.9993269114223,48.6516958616952],[66.9991813648932,48.6514780489034],[66.9988838568116,48.6511121235731],[66.9988197235784,48.6511356996588],[66.9984997364152,48.6512369010267],[66.9982374394616,48.6512954272395],[66.9979189373037,48.6513664954978],[66.9972647619255,48.6514981699765],[66.9968331473564,48.6515893163079],[66.9964598209992,48.6516596485636],[66.9962139101052,48.6516982197037],[66.9960787726139,48.6517128147568],[66.9959983033214,48.6517215057884],[66.9958105566388,48.6517435678686],[66.9957873925546,48.6517448908734],[66.9957873625545,48.6517448908734],[66.9959090289968,48.65212079724],[66.9959091179971,48.652121064241],[66.9959788322506,48.6523401350374],[66.9963011724224,48.6523180419571],[66.9964873600993,48.6522961598776],[66.9964888981049,48.6522959788769],[66.9967033938847,48.6522728677929],[66.9969484147754,48.6522343076527],[66.9973211851306,48.6521641423976],[66.9977522166976,48.6520731100667],[66.9977536697029,48.6520728220656],[66.9984070450782,48.6519413165875],[66.9989868191859,48.6518120021174]]]],"type":"MultiPolygon"},"id":"20633709.","properties":{"_release_layer_kind":"allowed","_source_collection":"gpzone-jil_anon","admterr_id/locality_admterr_id":"kz.62.38.30.100","admterr_id/locality_admterr_id/geometry":{"bbox":[66.9931339978782,48.6465254412769,67.014330997898,48.6633034412926]},"admterr_id/locality_admterr_id/name":"с.Улытау","admterr_id/locality_admterr_id/name_kk":"Ұлытау а.","admterr_id/oblast_admterr_id":"kz.62","admterr_id/oblast_admterr_id/geometry":{"bbox":[62.6828489938639,45.9982444388106,72.1225040026554,49.9379624424798]},"admterr_id/oblast_admterr_id/name":"область Ұлытау","admterr_id/oblast_admterr_id/name_kk":"Ұлытау облысы","admterr_id/rayon_admterr_id":"kz.62.38","admterr_id/rayon_admterr_id/geometry":{"bbox":[62.6828489938639,45.9996084388119,69.8460660005353,49.9379624424798]},"admterr_id/rayon_admterr_id/name":"Улытауский район","admterr_id/rayon_admterr_id/name_kk":"Ұлытау ауданы","functional":"Существующая территория жилой усадебной застройки","gpsubtype_id":11010000,"id":"20633709.","implementation":"Существующая","name_usl":"Территория усадебной застройки","object_id_i32":31,"usl_i32":11010000},"type":"Feature"},{"collection":"gpzone","geometry":{"bbox":[67.0100726394878,48.6477870284849,67.010585695353,48.6482079480151],"coordinates":[[[[67.0101640718202,48.6477871814854],[67.0101634178178,48.6477870284849],[67.0100726394878,48.6481835009262],[67.0105327301604,48.6482079480151],[67.0105357101712,48.6481943809658],[67.0105357621714,48.6481941459649],[67.0105806223345,48.6478939588736],[67.010585695353,48.6478544327299],[67.0105830783434,48.6478538217277],[67.0103952436606,48.6478186575998],[67.0102047589681,48.6477912695003],[67.0101640718202,48.6477871814854]]]],"type":"MultiPolygon"},"id":"20633710.","properties":{"_release_layer_kind":"allowed","_source_collection":"gpzone-jil_anon","admterr_id/locality_admterr_id":"kz.62.38.30.100","admterr_id/locality_admterr_id/geometry":{"bbox":[66.9931339978782,48.6465254412769,67.014330997898,48.6633034412926]},"admterr_id/locality_admterr_id/name":"с.Улытау","admterr_id/locality_admterr_id/name_kk":"Ұлытау а.","admterr_id/oblast_admterr_id":"kz.62","admterr_id/oblast_admterr_id/geometry":{"bbox":[62.6828489938639,45.9982444388106,72.1225040026554,49.9379624424798]},"admterr_id/oblast_admterr_id/name":"область Ұлытау","admterr_id/oblast_admterr_id/name_kk":"Ұлытау облысы","admterr_id/rayon_admterr_id":"kz.62.38","admterr_id/rayon_admterr_id/geometry":{"bbox":[62.6828489938639,45.9996084388119,69.8460660005353,49.9379624424798]},"admterr_id/rayon_admterr_id/name":"Улытауский район","admterr_id/rayon_admterr_id/name_kk":"Ұлытау ауданы","functional":"Существующая территория жилой усадебной застройки","gpsubtype_id":11010000,"id":"20633710.","implementation":"Существующая","name_usl":"Территория усадебной застройки","object_id_i32":32,"usl_i32":11010000},"type":"Feature"},{"collection":"gpzone","geometry":{"bbox":[66.9985580206271,48.6529293191793,66.9997093278126,48.6538690035955],"coordinates":[[[[66.9993541325213,48.6537665902232],[66.9993468114947,48.6536593838335],[66.99939228766,48.653654024814],[66.9997093278126,48.6536166526781],[66.999410996728,48.6529293191793],[66.9991660828376,48.6529620242982],[66.9989478610443,48.65299824943],[66.9989478330442,48.65299825443],[66.9990411503834,48.6533622157531],[66.9985759536922,48.6534202569641],[66.9985580206271,48.6533537767224],[66.9985584456286,48.6533580117379],[66.9985584596287,48.6533581407383],[66.9986005037815,48.6537771052614],[66.9986178958447,48.6537758042567],[66.9990328833534,48.6537444331427],[66.9990483504096,48.6538690035955],[66.9993541935215,48.6538624385717],[66.9993541695214,48.6538223174258],[66.9993541325213,48.6537665902232]]]],"type":"MultiPolygon"},"id":"20633711.","properties":{"_release_layer_kind":"allowed","_source_collection":"gpzone-jil_anon","admterr_id/locality_admterr_id":"kz.62.38.30.100","admterr_id/locality_admterr_id/geometry":{"bbox":[66.9931339978782,48.6465254412769,67.014330997898,48.6633034412926]},"admterr_id/locality_admterr_id/name":"с.Улытау","admterr_id/locality_admterr_id/name_kk":"Ұлытау а.","admterr_id/oblast_admterr_id":"kz.62","admterr_id/oblast_admterr_id/geometry":{"bbox":[62.6828489938639,45.9982444388106,72.1225040026554,49.9379624424798]},"admterr_id/oblast_admterr_id/name":"область Ұлытау","admterr_id/oblast_admterr_id/name_kk":"Ұлытау облысы","admterr_id/rayon_admterr_id":"kz.62.38","admterr_id/rayon_admterr_id/geometry":{"bbox":[62.6828489938639,45.9996084388119,69.8460660005353,49.9379624424798]},"admterr_id/rayon_admterr_id/name":"Улытауский район","admterr_id/rayon_admterr_id/name_kk":"Ұлытау ауданы","functional":"Существующая территория жилой усадебной застройки","gpsubtype_id":11010000,"id":"20633711.","implementation":"Существующая","name_usl":"Территория усадебной застройки","object_id_i32":33,"usl_i32":11010000},"type":"Feature"},{"collection":"gpzone","geometry":{"bbox":[67.0109208355713,48.6575777450784,67.0137323057922,48.659832366275],"coordinates":[[[[67.0121516990461,48.6582441645012],[67.0124829812504,48.6580583768257],[67.0128494565827,48.6583696609574],[67.0128732456692,48.6583574849132],[67.0132324149749,48.6581736352447],[67.012841544554,48.6578599181042],[67.0131728217583,48.6576741274288],[67.0135631391773,48.6580043556294],[67.0137323057922,48.6579177753146],[67.0133399023657,48.6575777450784],[67.0109208355713,48.6589344630107],[67.0113631191792,48.6592969063283],[67.0115035576898,48.6593931186781],[67.0116639302728,48.6595433662243],[67.0120165825548,48.659832366275],[67.0126273357752,48.6594945250468],[67.0126319007918,48.6594920000376],[67.0125301504219,48.6594023637117],[67.011907424158,48.6588537797174],[67.011906029153,48.6588525567129],[67.0125187353804,48.6585389385728],[67.0121516990461,48.6582441645012]]]],"type":"MultiPolygon"},"id":"20633712.","properties":{"_release_layer_kind":"allowed","_source_collection":"gpzone-jil_anon","admterr_id/locality_admterr_id":"kz.62.38.30.100","admterr_id/locality_admterr_id/geometry":{"bbox":[66.9931339978782,48.6465254412769,67.014330997898,48.6633034412926]},"admterr_id/locality_admterr_id/name":"с.Улытау","admterr_id/locality_admterr_id/name_kk":"Ұлытау а.","admterr_id/oblast_admterr_id":"kz.62","admterr_id/oblast_admterr_id/geometry":{"bbox":[62.6828489938639,45.9982444388106,72.1225040026554,49.9379624424798]},"admterr_id/oblast_admterr_id/name":"область Ұлытау","admterr_id/oblast_admterr_id/name_kk":"Ұлытау облысы","admterr_id/rayon_admterr_id":"kz.62.38","admterr_id/rayon_admterr_id/geometry":{"bbox":[62.6828489938639,45.9996084388119,69.8460660005353,49.9379624424798]},"admterr_id/rayon_admterr_id/name":"Улытауский район","admterr_id/rayon_admterr_id/name_kk":"Ұлытау ауданы","functional":"Существующая территория жилой усадебной застройки","gpsubtype_id":11010000,"id":"20633712.","implementation":"Существующая","name_usl":"Территория усадебной застройки","object_id_i32":34,"usl_i32":11010000},"type":"Feature"},{"collection":"gpzone","geometry":{"bbox":[66.9939210377696,48.6539705459647,66.9949509065136,48.6545470860606],"coordinates":[[[[66.9946337833607,48.6540049120896],[66.9946060052598,48.6539705459647],[66.9945254569669,48.6539785579938],[66.9939210377696,48.6540386812124],[66.9940065090803,48.6545092949233],[66.9940148141105,48.6545470860606],[66.9948626081926,48.6545173809527],[66.9949509065136,48.6545142869414],[66.9949156103853,48.6544783518108],[66.9949120053722,48.6544745277969],[66.9949089803612,48.6544711267845],[66.9948727572295,48.6544285906299],[66.9948670182087,48.6544213006034],[66.9948347320912,48.6543773164435],[66.9948294670721,48.6543695904154],[66.9948145420179,48.6543455393279],[66.9948136400146,48.6543424863169],[66.9948093179989,48.6543364142948],[66.9946385933782,48.6540123761167],[66.9946337833607,48.6540049120896]]]],"type":"MultiPolygon"},"id":"20633713.","properties":{"_release_layer_kind":"allowed","_source_collection":"gpzone-jil_anon","admterr_id/locality_admterr_id":"kz.62.38.30.100","admterr_id/locality_admterr_id/geometry":{"bbox":[66.9931339978782,48.6465254412769,67.014330997898,48.6633034412926]},"admterr_id/locality_admterr_id/name":"с.Улытау","admterr_id/locality_admterr_id/name_kk":"Ұлытау а.","admterr_id/oblast_admterr_id":"kz.62","admterr_id/oblast_admterr_id/geometry":{"bbox":[62.6828489938639,45.9982444388106,72.1225040026554,49.9379624424798]},"admterr_id/oblast_admterr_id/name":"область Ұлытау","admterr_id/oblast_admterr_id/name_kk":"Ұлытау облысы","admterr_id/rayon_admterr_id":"kz.62.38","admterr_id/rayon_admterr_id/geometry":{"bbox":[62.6828489938639,45.9996084388119,69.8460660005353,49.9379624424798]},"admterr_id/rayon_admterr_id/name":"Улытауский район","admterr_id/rayon_admterr_id/name_kk":"Ұлытау ауданы","functional":"Существующая территория жилой усадебной застройки","gpsubtype_id":11010000,"id":"20633713.","implementation":"Существующая","name_usl":"Территория усадебной застройки","object_id_i32":35,"usl_i32":11010000},"type":"Feature"},{"collection":"gpzone","geometry":{"bbox":[67.0065206695748,48.649066430136,67.0104294237848,48.6510338122883],"coordinates":[[[[67.0089633984552,48.6507760313512],[67.0086434152919,48.6505691555991],[67.0082432538371,48.6508255465312],[67.0085517169586,48.6510338122883],[67.0089405793722,48.6507907224046],[67.0089633984552,48.6507760313512]]],[[[67.0078670384694,48.6505715396078],[67.0083256891368,48.6502674345022],[67.0090474627608,48.6507219071544],[67.0094681872903,48.6504510331697],[67.0095924957423,48.6503562918253],[67.0100266163204,48.6499676164123],[67.0100366853571,48.6499594203825],[67.010094697568,48.6499168872278],[67.0102153190065,48.6497152134947],[67.0103468404846,48.649468023596],[67.0104233707629,48.6492843459283],[67.0104294237848,48.6492396467657],[67.0104270267761,48.6492224747033],[67.0104235837636,48.6491977916136],[67.0100030012346,48.6491318153738],[67.0086481743092,48.6490664311361],[67.0086481433091,48.649066430136],[67.0084409035557,48.6490686531441],[67.0082202947537,48.6490710201527],[67.0082202627536,48.6490710261527],[67.0076018245053,48.6492427147769],[67.0081046693333,48.6495570629197],[67.0070472934893,48.6502297883654],[67.0065206695748,48.6505728896127],[67.0066597130803,48.6506708469688],[67.0066599630812,48.6506710589696],[67.007166872924,48.6510209992418],[67.0078670384694,48.6505715396078]]]],"type":"MultiPolygon"},"id":"20633714.","properties":{"_release_layer_kind":"allowed","_source_collection":"gpzone-jil_anon","admterr_id/locality_admterr_id":"kz.62.38.30.100","admterr_id/locality_admterr_id/geometry":{"bbox":[66.9931339978782,48.6465254412769,67.014330997898,48.6633034412926]},"admterr_id/locality_admterr_id/name":"с.Улытау","admterr_id/locality_admterr_id/name_kk":"Ұлытау а.","admterr_id/oblast_admterr_id":"kz.62","admterr_id/oblast_admterr_id/geometry":{"bbox":[62.6828489938639,45.9982444388106,72.1225040026554,49.9379624424798]},"admterr_id/oblast_admterr_id/name":"область Ұлытау","admterr_id/oblast_admterr_id/name_kk":"Ұлытау облысы","admterr_id/rayon_admterr_id":"kz.62.38","admterr_id/rayon_admterr_id/geometry":{"bbox":[62.6828489938639,45.9996084388119,69.8460660005353,49.9379624424798]},"admterr_id/rayon_admterr_id/name":"Улытауский район","admterr_id/rayon_admterr_id/name_kk":"Ұлытау ауданы","functional":"Существующая территория жилой усадебной застройки","gpsubtype_id":11010000,"id":"20633714.","implementation":"Существующая","name_usl":"Территория усадебной застройки","object_id_i32":36,"usl_i32":11010000},"type":"Feature"},{"collection":"gpzone","geometry":{"bbox":[67.0077979382182,48.6508139204889,67.0085517169586,48.6513112172968],"coordinates":[[[[67.0085517169586,48.6510338122883],[67.0082613999031,48.6508139204889],[67.0077979382182,48.6511108695685],[67.0080084139834,48.651246889063],[67.0081079493452,48.6513112172968],[67.0085517169586,48.6510338122883]]]],"type":"MultiPolygon"},"id":"20633715.","properties":{"_release_layer_kind":"allowed","_source_collection":"gpzone-jil_anon","admterr_id/locality_admterr_id":"kz.62.38.30.100","admterr_id/locality_admterr_id/geometry":{"bbox":[66.9931339978782,48.6465254412769,67.014330997898,48.6633034412926]},"admterr_id/locality_admterr_id/name":"с.Улытау","admterr_id/locality_admterr_id/name_kk":"Ұлытау а.","admterr_id/oblast_admterr_id":"kz.62","admterr_id/oblast_admterr_id/geometry":{"bbox":[62.6828489938639,45.9982444388106,72.1225040026554,49.9379624424798]},"admterr_id/oblast_admterr_id/name":"область Ұлытау","admterr_id/oblast_admterr_id/name_kk":"Ұлытау облысы","admterr_id/rayon_admterr_id":"kz.62.38","admterr_id/rayon_admterr_id/geometry":{"bbox":[62.6828489938639,45.9996084388119,69.8460660005353,49.9379624424798]},"admterr_id/rayon_admterr_id/name":"Улытауский район","admterr_id/rayon_admterr_id/name_kk":"Ұлытау ауданы","functional":"Существующая территория жилой усадебной застройки","gpsubtype_id":11010000,"id":"20633715.","implementation":"Существующая","name_usl":"Территория усадебной застройки","object_id_i32":37,"usl_i32":11010000},"type":"Feature"},{"collection":"gpzone","geometry":{"bbox":[67.0113009679533,48.6494288164535,67.0129921111013,48.6503185776882],"coordinates":[[[[67.0122874225395,48.6495818140097],[67.0115556908793,48.6494288164535],[67.0114355124424,48.6496540722724],[67.0113009679533,48.6499062511892],[67.0113009969534,48.6499062631892],[67.0118688530178,48.6500800168209],[67.0122536804168,48.6501966152448],[67.0126595928925,48.6503185736881],[67.0126596288926,48.6503185776882],[67.0128248974934,48.6500446526923],[67.0129875800849,48.6497724567027],[67.0129921111013,48.6497648946753],[67.0122874225395,48.6495818140097]]]],"type":"MultiPolygon"},"id":"20633716.","properties":{"_release_layer_kind":"allowed","_source_collection":"gpzone-jil_anon","admterr_id/locality_admterr_id":"kz.62.38.30.100","admterr_id/locality_admterr_id/geometry":{"bbox":[66.9931339978782,48.6465254412769,67.014330997898,48.6633034412926]},"admterr_id/locality_admterr_id/name":"с.Улытау","admterr_id/locality_admterr_id/name_kk":"Ұлытау а.","admterr_id/oblast_admterr_id":"kz.62","admterr_id/oblast_admterr_id/geometry":{"bbox":[62.6828489938639,45.9982444388106,72.1225040026554,49.9379624424798]},"admterr_id/oblast_admterr_id/name":"область Ұлытау","admterr_id/oblast_admterr_id/name_kk":"Ұлытау облысы","admterr_id/rayon_admterr_id":"kz.62.38","admterr_id/rayon_admterr_id/geometry":{"bbox":[62.6828489938639,45.9996084388119,69.8460660005353,49.9379624424798]},"admterr_id/rayon_admterr_id/name":"Улытауский район","admterr_id/rayon_admterr_id/name_kk":"Ұлытау ауданы","functional":"Существующая территория жилой усадебной застройки","gpsubtype_id":11010000,"id":"20633716.","implementation":"Существующая","name_usl":"Территория усадебной застройки","object_id_i32":39,"usl_i32":11010000},"type":"Feature"},{"collection":"gpzone","geometry":{"bbox":[67.0116041520555,48.6516033343588,67.0131607837145,48.6525008916219],"coordinates":[[[[67.0131607837145,48.6521494843443],[67.0129112988075,48.6516033343588],[67.0116041910557,48.652034134925],[67.0116041520555,48.652034137925],[67.0118726220315,48.6522786008137],[67.0119911424624,48.6523865502061],[67.0121166949188,48.6525008916219],[67.0123550407853,48.6524030022659],[67.0127898133659,48.6522445566899],[67.0131607837145,48.6521494843443]]]],"type":"MultiPolygon"},"id":"20633717.","properties":{"_release_layer_kind":"allowed","_source_collection":"gpzone-jil_anon","admterr_id/locality_admterr_id":"kz.62.38.30.100","admterr_id/locality_admterr_id/geometry":{"bbox":[66.9931339978782,48.6465254412769,67.014330997898,48.6633034412926]},"admterr_id/locality_admterr_id/name":"с.Улытау","admterr_id/locality_admterr_id/name_kk":"Ұлытау а.","admterr_id/oblast_admterr_id":"kz.62","admterr_id/oblast_admterr_id/geometry":{"bbox":[62.6828489938639,45.9982444388106,72.1225040026554,49.9379624424798]},"admterr_id/oblast_admterr_id/name":"область Ұлытау","admterr_id/oblast_admterr_id/name_kk":"Ұлытау облысы","admterr_id/rayon_admterr_id":"kz.62.38","admterr_id/rayon_admterr_id/geometry":{"bbox":[62.6828489938639,45.9996084388119,69.8460660005353,49.9379624424798]},"admterr_id/rayon_admterr_id/name":"Улытауский район","admterr_id/rayon_admterr_id/name_kk":"Ұлытау ауданы","functional":"Существующая территория жилой усадебной застройки","gpsubtype_id":11010000,"id":"20633717.","implementation":"Существующая","name_usl":"Территория усадебной застройки","object_id_i32":40,"usl_i32":11010000},"type":"Feature"},{"collection":"gpzone","geometry":{"bbox":[66.999628297518,48.6563621686593,67.0033877131851,48.6590531654422],"coordinates":[[[[67.0032091055358,48.6579801895415],[67.0026324624395,48.6574781967165],[67.0018596976301,48.6568075952786],[67.0012819305297,48.6563694226857],[67.0012807325253,48.6563687396832],[67.0012785885175,48.6563676386792],[67.0012764505097,48.6563667526759],[67.0012739435006,48.6563657636723],[67.0012710744902,48.656364833669],[67.0012686974816,48.6563641116663],[67.0012664084732,48.6563636046645],[67.0012633864623,48.6563630526625],[67.0012606114522,48.6563626046608],[67.0012580054427,48.65636236966],[67.0012554004332,48.6563621886593],[67.0012528014238,48.6563621686593],[67.0012496344123,48.6563622106594],[67.0012466354013,48.6563624106602],[67.001244045392,48.6563627136613],[67.0012416193831,48.6563630676625],[67.0012388733732,48.6563635876644],[67.0012362923637,48.6563642126667],[67.0012336763542,48.6563649986696],[67.001230861344,48.656365949673],[67.0012290143373,48.6563666726756],[67.0012265293283,48.6563677796797],[67.0012214883099,48.6563703186889],[67.0012210123082,48.6563707016903],[66.999628297518,48.6571772446225],[67.0005354688159,48.6580249757043],[67.0010447496674,48.657782269822],[67.0010474126771,48.6577811318178],[67.0009594193572,48.6577041965381],[67.0009577753512,48.6577034655355],[67.0009524163318,48.6577006325252],[67.0009472953131,48.6576975815141],[67.0009424892957,48.657694257502],[67.0009380872796,48.6576908214895],[67.0009339212645,48.6576871664763],[67.0009301572508,48.6576833984626],[67.0009267142383,48.6576794654482],[67.0009236712272,48.6576753654333],[67.0009211132179,48.6576712054182],[67.0009188752098,48.6576668804025],[67.0009170402031,48.6576624963865],[67.0009156101979,48.6576580533704],[67.0009146661945,48.6576536033542],[67.0009140441923,48.6576490423377],[67.0009139111917,48.6576445813214],[67.000914262193,48.6576400073048],[67.0009149401955,48.6576354832883],[67.0009161051997,48.6576310062721],[67.0009176792054,48.6576266312562],[67.0009196592126,48.6576222512402],[67.000921967221,48.6576180272249],[67.0009247652312,48.6576138522097],[67.0009279722429,48.6576098321951],[67.0009315072557,48.6576059151809],[67.0009354542701,48.6576022081674],[67.0009396502853,48.6575986591545],[67.0009442543021,48.6575952121419],[67.00094919032,48.6575920301304],[67.0009543763389,48.6575890591196],[67.0009598123586,48.6575863001095],[67.0009654983793,48.6575837531003],[67.0009714344009,48.657581472092],[67.0009776194233,48.6575793490842],[67.0009838974462,48.6575776000779],[67.0009903434696,48.6575760650723],[67.0009969574937,48.6575747420675],[67.0010037435183,48.6575737400639],[67.0010104575427,48.6575730610614],[67.0010173415678,48.6575725950597],[67.0010242345928,48.6575724510592],[67.0010311356179,48.6575725760596],[67.0010380446431,48.6575729700611],[67.0010447996676,48.6575736340635],[67.0010515636922,48.6575746210671],[67.0010581737162,48.6575758790717],[67.00106470874,48.657577353077],[67.0010710087629,48.6575790980834],[67.0010771567852,48.6575811690909],[67.001083145807,48.657583402099],[67.0010889008279,48.6575859071081],[67.001094418848,48.657588631118],[67.0010996198669,48.6575916271289],[67.0011045008847,48.6575947891404],[67.0011091459015,48.6575981691527],[67.0011134699172,48.6576017151656],[67.0011173949315,48.6576054261791],[67.0011209969446,48.657609250193],[67.0011242819565,48.6576132932076],[67.0011270829667,48.6576174492228],[67.0011294809755,48.6576216652381],[67.0011297419764,48.6576222532402],[67.0013683788439,48.6578294969937],[67.0013693648475,48.6578299139952],[67.0013748838676,48.6578326910053],[67.0013800838865,48.657835634016],[67.0013849649042,48.6578387960275],[67.0013896099211,48.6578421750398],[67.0013939339369,48.6578457210526],[67.0013978589511,48.6578494330661],[67.0014014629642,48.6578533100802],[67.0014047459762,48.6578572990948],[67.0014075469863,48.6578614561099],[67.001409944995,48.6578656711252],[67.0014120220026,48.6578700521411],[67.0014136130084,48.6578744401571],[67.0014148000127,48.6578788861732],[67.0014155840155,48.6578833921896],[67.0014159630169,48.6578879562062],[67.0014158530165,48.6578924732226],[67.0014153390147,48.6578969962391],[67.0014144170113,48.6579014702553],[67.0014130880065,48.6579058952714],[67.0014112719999,48.6579103272875],[67.0014091269921,48.657914602303],[67.0014065749828,48.6579188283184],[67.0014035329717,48.6579229543334],[67.0014001599595,48.6579268683477],[67.001396458946,48.6579306803615],[67.0013923479311,48.6579343353748],[67.0013879079149,48.6579378333875],[67.0013832178979,48.6579411203995],[67.0013781988796,48.6579442504108],[67.0013728468602,48.6579471154213],[67.0013672458398,48.6579497684309],[67.0013613928185,48.6579521564396],[67.0013553737967,48.6579543854477],[67.0013491817742,48.6579562944546],[67.0013427397507,48.6579579374606],[67.001336208727,48.6579593664658],[67.0013295087026,48.65796052847],[67.0013227986782,48.6579613694731],[67.0013159176532,48.6579619424751],[67.0013090296282,48.6579622474763],[67.0013021336031,48.6579622834764],[67.001295227578,48.6579619974754],[67.0012884775535,48.6579614944735],[67.0012816365286,48.6579606694705],[67.0012749485043,48.6579595204664],[67.0012684174806,48.6579581534614],[67.0012620414574,48.6579565704556],[67.0012557344344,48.6579546094485],[67.0012496674124,48.6579524854408],[67.0012438343912,48.6579500884321],[67.0012382383708,48.6579474734226],[67.0012328803513,48.6579446404123],[67.0012277583327,48.6579415894012],[67.0012229533153,48.6579382643891],[67.0012185502993,48.6579348283766],[67.0012143862841,48.6579312263635],[67.0012106212704,48.6579274053496],[67.0012071772579,48.6579234723353],[67.0012041342468,48.6579193723204],[67.0012025972413,48.6579168123111],[67.0010956568525,48.6578233119712],[67.0010921378397,48.6578259489808],[67.0005824479867,48.6580688768639],[67.0016184827532,48.6590370303836],[67.0016182427523,48.659037141384],[67.0016202507596,48.6590391043911],[67.0016221707666,48.6590408533975],[67.0016240017732,48.6590423344028],[67.0016262407814,48.6590438644084],[67.0016286377901,48.6590452844136],[67.0016308667982,48.659046492418],[67.0016334208075,48.6590476954224],[67.0016358888165,48.6590487384261],[67.0016386798266,48.6590497234297],[67.0016416318373,48.6590506524331],[67.0016440458461,48.6590512654353],[67.0016470698571,48.6590518714376],[67.0016505798699,48.6590524704397],[67.0016532708797,48.659052812441],[67.00165612089,48.6590530434418],[67.0016591299009,48.6590531654422],[67.0016620529116,48.6590531274421],[67.0016653779236,48.6590529764416],[67.0016682949343,48.6590527234407],[67.001671531946,48.6590523054391],[67.0016741999557,48.6590518944376],[67.0016771849666,48.6590512104351],[67.0016800059768,48.6590504744324],[67.0016827019866,48.6590496324294],[67.0016823269853,48.6590493154283],[67.0030790970632,48.6582952976871],[67.0030796550652,48.6582949676858],[67.0030797760656,48.6582949126857],[67.0033877131851,48.6581287030814],[67.0032106045413,48.6579814595461],[67.0032091055358,48.6579801895415]]]],"type":"MultiPolygon"},"id":"20633718.","properties":{"_release_layer_kind":"allowed","_source_collection":"gpzone-jil_anon","admterr_id/locality_admterr_id":"kz.62.38.30.100","admterr_id/locality_admterr_id/geometry":{"bbox":[66.9931339978782,48.6465254412769,67.014330997898,48.6633034412926]},"admterr_id/locality_admterr_id/name":"с.Улытау","admterr_id/locality_admterr_id/name_kk":"Ұлытау а.","admterr_id/oblast_admterr_id":"kz.62","admterr_id/oblast_admterr_id/geometry":{"bbox":[62.6828489938639,45.9982444388106,72.1225040026554,49.9379624424798]},"admterr_id/oblast_admterr_id/name":"область Ұлытау","admterr_id/oblast_admterr_id/name_kk":"Ұлытау облысы","admterr_id/rayon_admterr_id":"kz.62.38","admterr_id/rayon_admterr_id/geometry":{"bbox":[62.6828489938639,45.9996084388119,69.8460660005353,49.9379624424798]},"admterr_id/rayon_admterr_id/name":"Улытауский район","admterr_id/rayon_admterr_id/name_kk":"Ұлытау ауданы","functional":"Существующая территория жилой усадебной застройки","gpsubtype_id":11010000,"id":"20633718.","implementation":"Существующая","name_usl":"Территория усадебной застройки","object_id_i32":41,"usl_i32":11010000},"type":"Feature"},{"collection":"gpzone","geometry":{"bbox":[66.999705048797,48.650875550713,67.0045794505176,48.6527552405465],"coordinates":[[[[67.0043148075555,48.6517554689119],[67.0045794505176,48.6516088073787],[67.0043922718371,48.6514767398986],[67.0041622360009,48.6514595898362],[67.0037543885181,48.6515692122348],[67.0037534215146,48.6515693322352],[67.0037584445329,48.651582761284],[67.0029273775116,48.6516727516112],[67.0028361001798,48.6512762821698],[67.0028359791793,48.6512757571679],[67.0027398058297,48.6512959342413],[67.0024534717887,48.6510439123251],[67.0022622000934,48.650875550713],[67.0015691815739,48.6510701704206],[67.0015157693798,48.6512926742294],[67.0015248764129,48.6515389291247],[67.0010623467314,48.651631459461],[67.0010623187313,48.6516314674611],[66.9999236575918,48.6520546059994],[66.9998067481667,48.6520835431046],[66.9998067151666,48.6520835511046],[66.9997874310965,48.6520873391184],[66.9997439599385,48.6520958781495],[66.9997114898204,48.6524477634287],[66.999705048797,48.6524987556141],[66.9997057267994,48.6525188516871],[66.9997499849604,48.6527552405465],[66.9998838524471,48.6527382294847],[66.9998845804497,48.6527381124843],[67.000026614966,48.6527199184181],[67.0000271819681,48.6527198574179],[67.0003852042697,48.6526740102512],[67.0005775119688,48.6526462361502],[67.0008083188079,48.6526103790198],[67.0010299406136,48.6525701258735],[67.0010329296244,48.6525696028716],[67.0013306467068,48.6525223897],[67.001528486426,48.6524812625505],[67.001531514437,48.6524806855484],[67.0018198424852,48.6524277343559],[67.0020466513097,48.6523735421588],[67.0022191669369,48.6523302720016],[67.0040633326413,48.6518471362451],[67.0042048971559,48.6517995900723],[67.0043018055082,48.6517620359357],[67.0043148075555,48.6517554689119]]]],"type":"MultiPolygon"},"id":"20633719.","properties":{"_release_layer_kind":"allowed","_source_collection":"gpzone-jil_anon","admterr_id/locality_admterr_id":"kz.62.38.30.100","admterr_id/locality_admterr_id/geometry":{"bbox":[66.9931339978782,48.6465254412769,67.014330997898,48.6633034412926]},"admterr_id/locality_admterr_id/name":"с.Улытау","admterr_id/locality_admterr_id/name_kk":"Ұлытау а.","admterr_id/oblast_admterr_id":"kz.62","admterr_id/oblast_admterr_id/geometry":{"bbox":[62.6828489938639,45.9982444388106,72.1225040026554,49.9379624424798]},"admterr_id/oblast_admterr_id/name":"область Ұлытау","admterr_id/oblast_admterr_id/name_kk":"Ұлытау облысы","admterr_id/rayon_admterr_id":"kz.62.38","admterr_id/rayon_admterr_id/geometry":{"bbox":[62.6828489938639,45.9996084388119,69.8460660005353,49.9379624424798]},"admterr_id/rayon_admterr_id/name":"Улытауский район","admterr_id/rayon_admterr_id/name_kk":"Ұлытау ауданы","functional":"Существующая территория жилой усадебной застройки","gpsubtype_id":11010000,"id":"20633719.","implementation":"Существующая","name_usl":"Территория усадебной застройки","object_id_i32":42,"usl_i32":11010000},"type":"Feature"},{"collection":"gpzone","geometry":{"bbox":[67.0036269590549,48.6501857892054,67.0059326774372,48.6515742742532],"coordinates":[[[[67.0046439817522,48.6515730632487],[67.0050972404,48.6512990402526],[67.005309599172,48.6511662737699],[67.0049955320303,48.6509274489017],[67.0059326774372,48.6503941029627],[67.0056370193623,48.6501857892054],[67.0056144582803,48.6502723675202],[67.0054551457011,48.6503497118014],[67.0052550759738,48.6503765208988],[67.0052550499737,48.6503765268988],[67.0048769465992,48.6504953313307],[67.0043232585862,48.6507725823387],[67.0036656541956,48.6511018665358],[67.0036269590549,48.6511148965831],[67.0036834942604,48.6513332893771],[67.0037245754098,48.651491974954],[67.0037338324434,48.651516746044],[67.0041412809247,48.6514072326459],[67.0041557479773,48.6514052696388],[67.0041611089968,48.6514054146393],[67.0044161869241,48.6514244437085],[67.0044312149787,48.6514276337201],[67.0044411880149,48.6514327707387],[67.0046417837442,48.6515742742532],[67.0046439817522,48.6515730632487]]]],"type":"MultiPolygon"},"id":"20633720.","properties":{"_release_layer_kind":"allowed","_source_collection":"gpzone-jil_anon","admterr_id/locality_admterr_id":"kz.62.38.30.100","admterr_id/locality_admterr_id/geometry":{"bbox":[66.9931339978782,48.6465254412769,67.014330997898,48.6633034412926]},"admterr_id/locality_admterr_id/name":"с.Улытау","admterr_id/locality_admterr_id/name_kk":"Ұлытау а.","admterr_id/oblast_admterr_id":"kz.62","admterr_id/oblast_admterr_id/geometry":{"bbox":[62.6828489938639,45.9982444388106,72.1225040026554,49.9379624424798]},"admterr_id/oblast_admterr_id/name":"область Ұлытау","admterr_id/oblast_admterr_id/name_kk":"Ұлытау облысы","admterr_id/rayon_admterr_id":"kz.62.38","admterr_id/rayon_admterr_id/geometry":{"bbox":[62.6828489938639,45.9996084388119,69.8460660005353,49.9379624424798]},"admterr_id/rayon_admterr_id/name":"Улытауский район","admterr_id/rayon_admterr_id/name_kk":"Ұлытау ауданы","functional":"Существующая территория жилой усадебной застройки","gpsubtype_id":11010000,"id":"20633720.","implementation":"Существующая","name_usl":"Территория усадебной застройки","object_id_i32":43,"usl_i32":11010000},"type":"Feature"},{"collection":"gpzone","geometry":{"bbox":[66.9975887251032,48.6522008095309,66.9993799926153,48.6530206715115],"coordinates":[[[[66.9993435974829,48.6522008095309],[66.9983865860038,48.6523947092358],[66.9976662143849,48.6526801362735],[66.9975887251032,48.6527758086213],[66.9976585513571,48.6529665503147],[66.9976720554062,48.6529700833275],[66.9977090795408,48.6529820733712],[66.9977111315482,48.6529827993738],[66.9977777597904,48.6530057464572],[66.9978031058826,48.6530141794879],[66.9978278109724,48.6530188025047],[66.9978451600355,48.6530204585107],[66.9978783431561,48.6530206715115],[66.9979396193789,48.6530192285062],[66.9979909315654,48.6530145834893],[66.9980710158566,48.65300375745],[66.998438899194,48.6529534872672],[66.9991222196782,48.6528400268547],[66.9991265046937,48.6528393798524],[66.9993799926153,48.6528055417294],[66.9993247934146,48.6525109686585],[66.999323787411,48.6525016816247],[66.9993239424115,48.652495980604],[66.9993435974829,48.6522008095309]]]],"type":"MultiPolygon"},"id":"20633721.","properties":{"_release_layer_kind":"allowed","_source_collection":"gpzone-jil_anon","admterr_id/locality_admterr_id":"kz.62.38.30.100","admterr_id/locality_admterr_id/geometry":{"bbox":[66.9931339978782,48.6465254412769,67.014330997898,48.6633034412926]},"admterr_id/locality_admterr_id/name":"с.Улытау","admterr_id/locality_admterr_id/name_kk":"Ұлытау а.","admterr_id/oblast_admterr_id":"kz.62","admterr_id/oblast_admterr_id/geometry":{"bbox":[62.6828489938639,45.9982444388106,72.1225040026554,49.9379624424798]},"admterr_id/oblast_admterr_id/name":"область Ұлытау","admterr_id/oblast_admterr_id/name_kk":"Ұлытау облысы","admterr_id/rayon_admterr_id":"kz.62.38","admterr_id/rayon_admterr_id/geometry":{"bbox":[62.6828489938639,45.9996084388119,69.8460660005353,49.9379624424798]},"admterr_id/rayon_admterr_id/name":"Улытауский район","admterr_id/rayon_admterr_id/name_kk":"Ұлытау ауданы","functional":"Существующая территория жилой усадебной застройки","gpsubtype_id":11010000,"id":"20633721.","implementation":"Существующая","name_usl":"Территория усадебной застройки","object_id_i32":44,"usl_i32":11010000},"type":"Feature"},{"collection":"gpzone","geometry":{"bbox":[67.0037941216626,48.6553212118749,67.0061341301695,48.6572794399939],"coordinates":[[[[67.0044409560141,48.6559928773167],[67.0046859219047,48.6561654729442],[67.004451649053,48.65630186744],[67.0039179071126,48.6566126085697],[67.0046720328542,48.6572031377166],[67.004537203364,48.657277258986],[67.0037977926759,48.6566825198239],[67.0037941216626,48.6566846588317],[67.0045348363554,48.6572794399939],[67.0049761649598,48.6570366501113],[67.0049783239677,48.6570354931071],[67.0061341301695,48.6564369879313],[67.004561395452,48.6553212118749],[67.004246739308,48.6555051465436],[67.0039726423116,48.6556629081172],[67.0044409560141,48.6559928773167]]]],"type":"MultiPolygon"},"id":"20633722.","properties":{"_release_layer_kind":"allowed","_source_collection":"gpzone-jil_anon","admterr_id/locality_admterr_id":"kz.62.38.30.100","admterr_id/locality_admterr_id/geometry":{"bbox":[66.9931339978782,48.6465254412769,67.014330997898,48.6633034412926]},"admterr_id/locality_admterr_id/name":"с.Улытау","admterr_id/locality_admterr_id/name_kk":"Ұлытау а.","admterr_id/oblast_admterr_id":"kz.62","admterr_id/oblast_admterr_id/geometry":{"bbox":[62.6828489938639,45.9982444388106,72.1225040026554,49.9379624424798]},"admterr_id/oblast_admterr_id/name":"область Ұлытау","admterr_id/oblast_admterr_id/name_kk":"Ұлытау облысы","admterr_id/rayon_admterr_id":"kz.62.38","admterr_id/rayon_admterr_id/geometry":{"bbox":[62.6828489938639,45.9996084388119,69.8460660005353,49.9379624424798]},"admterr_id/rayon_admterr_id/name":"Улытауский район","admterr_id/rayon_admterr_id/name_kk":"Ұлытау ауданы","functional":"Существующая территория жилой усадебной застройки","gpsubtype_id":11010000,"id":"20633722.","implementation":"Существующая","name_usl":"Территория усадебной застройки","object_id_i32":46,"usl_i32":11010000},"type":"Feature"},{"collection":"gpzone","geometry":{"bbox":[67.0065862648133,48.6569858369266,67.0104238807647,48.6593136553892],"coordinates":[[[[67.0104195987491,48.6576758454351],[67.0099823931597,48.6573486062454],[67.009980265152,48.6573496302491],[67.0099701791153,48.657351536256],[67.0099599870782,48.6573498962501],[67.0099523770506,48.6573450502325],[67.0099494990401,48.6573383682082],[67.0099519750491,48.6573316151836],[67.0099556900626,48.6573286191727],[67.0096015357751,48.6570635432091],[67.0095120384497,48.6569965549655],[67.0094971353956,48.6569858369266],[67.008958940439,48.6572875460234],[67.0079787538756,48.6578371170214],[67.0068962789403,48.6584614522911],[67.0067186892947,48.6585435535896],[67.0065862648133,48.6586190978642],[67.0075064151584,48.6593136553892],[67.0075105011733,48.6593113663809],[67.0104238807647,48.6576790504467],[67.0104195987491,48.6576758454351]]]],"type":"MultiPolygon"},"id":"20633723.","properties":{"_release_layer_kind":"allowed","_source_collection":"gpzone-jil_anon","admterr_id/locality_admterr_id":"kz.62.38.30.100","admterr_id/locality_admterr_id/geometry":{"bbox":[66.9931339978782,48.6465254412769,67.014330997898,48.6633034412926]},"admterr_id/locality_admterr_id/name":"с.Улытау","admterr_id/locality_admterr_id/name_kk":"Ұлытау а.","admterr_id/oblast_admterr_id":"kz.62","admterr_id/oblast_admterr_id/geometry":{"bbox":[62.6828489938639,45.9982444388106,72.1225040026554,49.9379624424798]},"admterr_id/oblast_admterr_id/name":"область Ұлытау","admterr_id/oblast_admterr_id/name_kk":"Ұлытау облысы","admterr_id/rayon_admterr_id":"kz.62.38","admterr_id/rayon_admterr_id/geometry":{"bbox":[62.6828489938639,45.9996084388119,69.8460660005353,49.9379624424798]},"admterr_id/rayon_admterr_id/name":"Улытауский район","admterr_id/rayon_admterr_id/name_kk":"Ұлытау ауданы","functional":"Существующая территория жилой усадебной застройки","gpsubtype_id":11010000,"id":"20633723.","implementation":"Существующая","name_usl":"Территория усадебной застройки","object_id_i32":47,"usl_i32":11010000},"type":"Feature"},{"collection":"gpzone","geometry":{"bbox":[66.9987100861799,48.6539082767383,67.0001946425769,48.6548647012153],"coordinates":[[[[67.0001946425769,48.6548132720284],[67.0001307773447,48.6545714401492],[67.0001307393446,48.6545714401492],[67.000089323194,48.6545703141451],[67.0000194439399,48.654242117952],[66.999988096826,48.6542057018196],[66.9999818408033,48.6541973967894],[66.9999392036482,48.6541332275561],[66.9999353566343,48.6541267735327],[66.9999107025446,48.654080111363],[66.999907756534,48.6540739133405],[66.9999075845333,48.6540734853389],[66.9997178688436,48.6540838603766],[66.9997178388435,48.6540838583766],[66.9995621452775,48.654057564281],[66.9994617199124,48.654053976268],[66.9994519378768,48.6540524372624],[66.9992682252089,48.6539972550618],[66.9992663412021,48.6539966350595],[66.9992655181991,48.6539962690582],[66.9990710844922,48.6539188097766],[66.9987537733387,48.6539082767383],[66.9987391042854,48.6540264041677],[66.998724967234,48.6541937567761],[66.9987100861799,48.6543699204166],[66.9992650921976,48.654430263636],[66.9993502685072,48.6546553124541],[66.9995497052323,48.6546319113691],[66.9996390075569,48.6548647012153],[66.9997290158842,48.6548583701923],[66.9997290548843,48.6548583671923],[67.0001946425769,48.6548132720284]]]],"type":"MultiPolygon"},"id":"20633724.","properties":{"_release_layer_kind":"allowed","_source_collection":"gpzone-jil_anon","admterr_id/locality_admterr_id":"kz.62.38.30.100","admterr_id/locality_admterr_id/geometry":{"bbox":[66.9931339978782,48.6465254412769,67.014330997898,48.6633034412926]},"admterr_id/locality_admterr_id/name":"с.Улытау","admterr_id/locality_admterr_id/name_kk":"Ұлытау а.","admterr_id/oblast_admterr_id":"kz.62","admterr_id/oblast_admterr_id/geometry":{"bbox":[62.6828489938639,45.9982444388106,72.1225040026554,49.9379624424798]},"admterr_id/oblast_admterr_id/name":"область Ұлытау","admterr_id/oblast_admterr_id/name_kk":"Ұлытау облысы","admterr_id/rayon_admterr_id":"kz.62.38","admterr_id/rayon_admterr_id/geometry":{"bbox":[62.6828489938639,45.9996084388119,69.8460660005353,49.9379624424798]},"admterr_id/rayon_admterr_id/name":"Улытауский район","admterr_id/rayon_admterr_id/name_kk":"Ұлытау ауданы","functional":"Существующая территория жилой усадебной застройки","gpsubtype_id":11010000,"id":"20633724.","implementation":"Существующая","name_usl":"Территория усадебной застройки","object_id_i32":48,"usl_i32":11010000},"type":"Feature"},{"collection":"gpzone","geometry":{"bbox":[66.9997674660239,48.6509926011385,67.0066969132155,48.6545243929781],"coordinates":[[[[67.0027399398302,48.6545243929781],[67.005367645383,48.6529012710774],[67.0051395685539,48.6527413644961],[67.0053022191452,48.6526477931559],[67.0050497092272,48.6524676715011],[67.0066969132155,48.6515284540866],[67.0058707712121,48.6509926011385],[67.0056259043219,48.6511408996777],[67.0056252663196,48.6511412846791],[67.0052266238704,48.6513906185855],[67.005225426866,48.6513913325881],[67.0047404551029,48.6516844786538],[67.0047394190992,48.6516851366562],[67.0045741114982,48.6517821290088],[67.0045686754784,48.6517850500194],[67.0044118489083,48.6518641363069],[67.0044034328777,48.6518679023206],[67.0044023088736,48.6518683473222],[67.0043668587447,48.6518820933723],[67.0046705308487,48.6521127192107],[67.0042122271826,48.6523755701662],[67.0038430188404,48.6520607490217],[67.0038246367735,48.6520624910281],[67.0038054087036,48.6520700030554],[67.0036480501316,48.6520958211492],[67.0033736041338,48.6521689174149],[67.0033727991309,48.6521691424158],[67.0026698535754,48.6523513740783],[67.0026688045716,48.6523516020791],[67.0021129235507,48.6524909985858],[67.0021115535457,48.6524913385871],[67.0018806707063,48.6525464987876],[67.0018738096814,48.6525479317929],[67.0015835436262,48.6526012319866],[67.0013842119015,48.6526427001374],[67.0013779108786,48.6526438581416],[67.0012826865324,48.6526589701965],[67.0012826465323,48.6526589711965],[67.0010784967901,48.6526913623143],[67.0008566319835,48.6527316194606],[67.0008532379712,48.6527322004628],[67.0006200051233,48.6527684645946],[67.000618550118,48.6527686985954],[67.0004244214122,48.6527967116972],[67.0004222374043,48.6527970086984],[67.0000335919914,48.6528468028794],[67.0000335509912,48.6528468038794],[67.0000326209879,48.6528469238798],[67.0000322159864,48.65284698288],[66.9999208435815,48.6528612289318],[66.9997674660239,48.6528817210063],[67.0002402007425,48.653951364895],[67.0002902259244,48.654059197287],[67.0003574001686,48.654135947566],[67.0004441114838,48.654192338771],[67.0007241005017,48.6541796187248],[67.0015431994795,48.6541310215481],[67.0021981548605,48.6544969468784],[67.0022851491768,48.6544430006822],[67.0024792148823,48.6543226562447],[67.0027399148301,48.6545243709781],[67.0027399398302,48.6545243929781]]]],"type":"MultiPolygon"},"id":"20633725.","properties":{"_release_layer_kind":"allowed","_source_collection":"gpzone-jil_anon","admterr_id/locality_admterr_id":"kz.62.38.30.100","admterr_id/locality_admterr_id/geometry":{"bbox":[66.9931339978782,48.6465254412769,67.014330997898,48.6633034412926]},"admterr_id/locality_admterr_id/name":"с.Улытау","admterr_id/locality_admterr_id/name_kk":"Ұлытау а.","admterr_id/oblast_admterr_id":"kz.62","admterr_id/oblast_admterr_id/geometry":{"bbox":[62.6828489938639,45.9982444388106,72.1225040026554,49.9379624424798]},"admterr_id/oblast_admterr_id/name":"область Ұлытау","admterr_id/oblast_admterr_id/name_kk":"Ұлытау облысы","admterr_id/rayon_admterr_id":"kz.62.38","admterr_id/rayon_admterr_id/geometry":{"bbox":[62.6828489938639,45.9996084388119,69.8460660005353,49.9379624424798]},"admterr_id/rayon_admterr_id/name":"Улытауский район","admterr_id/rayon_admterr_id/name_kk":"Ұлытау ауданы","functional":"Существующая территория жилой усадебной застройки","gpsubtype_id":11010000,"id":"20633725.","implementation":"Существующая","name_usl":"Территория усадебной застройки","object_id_i32":49,"usl_i32":11010000},"type":"Feature"},{"collection":"gpzone","geometry":{"bbox":[67.0045351753566,48.6532385813036,67.0062507675936,48.6545863862035],"coordinates":[[[[67.0054645247353,48.6538466335142],[67.0061769533252,48.6533989098865],[67.0061807113389,48.6533963838774],[67.0062507675936,48.6533492917061],[67.0061559272488,48.6532892514879],[67.0061549692453,48.6532897944899],[67.0060861529951,48.6532450593272],[67.0060758879578,48.6532385813036],[67.0058518261433,48.6533754958014],[67.0056974135819,48.6534698541444],[67.0056021562356,48.653406481914],[67.0056009952314,48.6534071459164],[67.0054834268039,48.6533279906287],[67.0045351753566,48.6539404468552],[67.004965760922,48.654233605921],[67.0049677509293,48.654234977926],[67.0054536016955,48.6545863862035],[67.0060296667898,48.654222049879],[67.0058822662539,48.654124129523],[67.0054645247353,48.6538466335142]]]],"type":"MultiPolygon"},"id":"20633726.","properties":{"_release_layer_kind":"allowed","_source_collection":"gpzone-jil_anon","admterr_id/locality_admterr_id":"kz.62.38.30.100","admterr_id/locality_admterr_id/geometry":{"bbox":[66.9931339978782,48.6465254412769,67.014330997898,48.6633034412926]},"admterr_id/locality_admterr_id/name":"с.Улытау","admterr_id/locality_admterr_id/name_kk":"Ұлытау а.","admterr_id/oblast_admterr_id":"kz.62","admterr_id/oblast_admterr_id/geometry":{"bbox":[62.6828489938639,45.9982444388106,72.1225040026554,49.9379624424798]},"admterr_id/oblast_admterr_id/name":"область Ұлытау","admterr_id/oblast_admterr_id/name_kk":"Ұлытау облысы","admterr_id/rayon_admterr_id":"kz.62.38","admterr_id/rayon_admterr_id/geometry":{"bbox":[62.6828489938639,45.9996084388119,69.8460660005353,49.9379624424798]},"admterr_id/rayon_admterr_id/name":"Улытауский район","admterr_id/rayon_admterr_id/name_kk":"Ұлытау ауданы","functional":"Существующая территория жилой усадебной застройки","gpsubtype_id":11010000,"id":"20633726.","implementation":"Существующая","name_usl":"Территория усадебной застройки","object_id_i32":51,"usl_i32":11010000},"type":"Feature"},{"collection":"gpzone","geometry":{"bbox":[67.0023603494502,48.6562751353429,67.00380993372,48.6578637811183],"coordinates":[[[[67.00380993372,48.6574372865678],[67.0032452556672,48.6569948119592],[67.0034536054247,48.6568875755694],[67.0028013230533,48.65635136962],[67.0029295315194,48.6562751353429],[67.0023603494502,48.6566078545525],[67.0028187101165,48.6569621048403],[67.0024865899092,48.6571301894514],[67.0027937050256,48.6573966914202],[67.0027937890259,48.6573967984206],[67.0033302009761,48.6578637811183],[67.0036499291384,48.6577281656253],[67.0034962265796,48.6576058841807],[67.00380993372,48.6574372865678]]]],"type":"MultiPolygon"},"id":"20633727.","properties":{"_release_layer_kind":"allowed","_source_collection":"gpzone-jil_anon","admterr_id/locality_admterr_id":"kz.62.38.30.100","admterr_id/locality_admterr_id/geometry":{"bbox":[66.9931339978782,48.6465254412769,67.014330997898,48.6633034412926]},"admterr_id/locality_admterr_id/name":"с.Улытау","admterr_id/locality_admterr_id/name_kk":"Ұлытау а.","admterr_id/oblast_admterr_id":"kz.62","admterr_id/oblast_admterr_id/geometry":{"bbox":[62.6828489938639,45.9982444388106,72.1225040026554,49.9379624424798]},"admterr_id/oblast_admterr_id/name":"область Ұлытау","admterr_id/oblast_admterr_id/name_kk":"Ұлытау облысы","admterr_id/rayon_admterr_id":"kz.62.38","admterr_id/rayon_admterr_id/geometry":{"bbox":[62.6828489938639,45.9996084388119,69.8460660005353,49.9379624424798]},"admterr_id/rayon_admterr_id/name":"Улытауский район","admterr_id/rayon_admterr_id/name_kk":"Ұлытау ауданы","functional":"Существующая территория жилой усадебной застройки","gpsubtype_id":11010000,"id":"20633727.","implementation":"Существующая","name_usl":"Территория усадебной застройки","object_id_i32":52,"usl_i32":11010000},"type":"Feature"},{"collection":"gpzone","geometry":{"bbox":[67.0029318485279,48.6562737583379,67.0036014869623,48.6568114682927],"coordinates":[[[[67.0029318485279,48.6562737593379],[67.0036014869623,48.6568114682927],[67.002931886528,48.6562737583379],[67.0029318485279,48.6562737593379]]]],"type":"MultiPolygon"},"id":"20633728.","properties":{"_release_layer_kind":"allowed","_source_collection":"gpzone-jil_anon","admterr_id/locality_admterr_id":"kz.62.38.30.100","admterr_id/locality_admterr_id/geometry":{"bbox":[66.9931339978782,48.6465254412769,67.014330997898,48.6633034412926]},"admterr_id/locality_admterr_id/name":"с.Улытау","admterr_id/locality_admterr_id/name_kk":"Ұлытау а.","admterr_id/oblast_admterr_id":"kz.62","admterr_id/oblast_admterr_id/geometry":{"bbox":[62.6828489938639,45.9982444388106,72.1225040026554,49.9379624424798]},"admterr_id/oblast_admterr_id/name":"область Ұлытау","admterr_id/oblast_admterr_id/name_kk":"Ұлытау облысы","admterr_id/rayon_admterr_id":"kz.62.38","admterr_id/rayon_admterr_id/geometry":{"bbox":[62.6828489938639,45.9996084388119,69.8460660005353,49.9379624424798]},"admterr_id/rayon_admterr_id/name":"Улытауский район","admterr_id/rayon_admterr_id/name_kk":"Ұлытау ауданы","functional":"Существующая территория жилой усадебной застройки","gpsubtype_id":11010000,"id":"20633728.","implementation":"Существующая","name_usl":"Территория усадебной застройки","object_id_i32":53,"usl_i32":11010000},"type":"Feature"},{"collection":"gpzone","geometry":{"bbox":[67.0046346307182,48.6585675626769,67.0080402350991,48.660875711068],"coordinates":[[[[67.0080402350991,48.6602495897918],[67.007625393591,48.6599509117059],[67.007345388573,48.6600900602118],[67.0071384328206,48.6601929055857],[67.0069891392779,48.660074166154],[67.0067585494396,48.6598907574872],[67.0070161643761,48.6597510179793],[67.0072052920637,48.6596484256063],[67.0061541082422,48.658891614855],[67.0059078243468,48.6590255183417],[67.0052860460864,48.6585675626769],[67.0052838400784,48.6585688906817],[67.0046346307182,48.6589582450972],[67.0047329340756,48.6590465244181],[67.0053452373016,48.6595813193623],[67.0059021363261,48.6600432410416],[67.0059030523295,48.6600439810443],[67.0068786808763,48.660875711068],[67.0076403246453,48.6604763676162],[67.0080402350991,48.6602495897918]]]],"type":"MultiPolygon"},"id":"20633729.","properties":{"_release_layer_kind":"allowed","_source_collection":"gpzone-jil_anon","admterr_id/locality_admterr_id":"kz.62.38.30.100","admterr_id/locality_admterr_id/geometry":{"bbox":[66.9931339978782,48.6465254412769,67.014330997898,48.6633034412926]},"admterr_id/locality_admterr_id/name":"с.Улытау","admterr_id/locality_admterr_id/name_kk":"Ұлытау а.","admterr_id/oblast_admterr_id":"kz.62","admterr_id/oblast_admterr_id/geometry":{"bbox":[62.6828489938639,45.9982444388106,72.1225040026554,49.9379624424798]},"admterr_id/oblast_admterr_id/name":"область Ұлытау","admterr_id/oblast_admterr_id/name_kk":"Ұлытау облысы","admterr_id/rayon_admterr_id":"kz.62.38","admterr_id/rayon_admterr_id/geometry":{"bbox":[62.6828489938639,45.9996084388119,69.8460660005353,49.9379624424798]},"admterr_id/rayon_admterr_id/name":"Улытауский район","admterr_id/rayon_admterr_id/name_kk":"Ұлытау ауданы","functional":"Существующая территория жилой усадебной застройки","gpsubtype_id":11010000,"id":"20633729.","implementation":"Существующая","name_usl":"Территория усадебной застройки","object_id_i32":54,"usl_i32":11010000},"type":"Feature"},{"collection":"gpzone","geometry":{"bbox":[67.0073915577408,48.6603643372089,67.008869257113,48.6612242453351],"coordinates":[[[[67.0078917505593,48.6612242453351],[67.008869257113,48.6607117074718],[67.008741353648,48.6607784707145],[67.0082026266895,48.6603643372089],[67.0080848982615,48.6604260344332],[67.0073915577408,48.6607895967549],[67.0076477306721,48.6610121915642],[67.0078917505593,48.6612242453351]]]],"type":"MultiPolygon"},"id":"20633730.","properties":{"_release_layer_kind":"allowed","_source_collection":"gpzone-jil_anon","admterr_id/locality_admterr_id":"kz.62.38.30.100","admterr_id/locality_admterr_id/geometry":{"bbox":[66.9931339978782,48.6465254412769,67.014330997898,48.6633034412926]},"admterr_id/locality_admterr_id/name":"с.Улытау","admterr_id/locality_admterr_id/name_kk":"Ұлытау а.","admterr_id/oblast_admterr_id":"kz.62","admterr_id/oblast_admterr_id/geometry":{"bbox":[62.6828489938639,45.9982444388106,72.1225040026554,49.9379624424798]},"admterr_id/oblast_admterr_id/name":"область Ұлытау","admterr_id/oblast_admterr_id/name_kk":"Ұлытау облысы","admterr_id/rayon_admterr_id":"kz.62.38","admterr_id/rayon_admterr_id/geometry":{"bbox":[62.6828489938639,45.9996084388119,69.8460660005353,49.9379624424798]},"admterr_id/rayon_admterr_id/name":"Улытауский район","admterr_id/rayon_admterr_id/name_kk":"Ұлытау ауданы","functional":"Существующая территория жилой усадебной застройки","gpsubtype_id":11010000,"id":"20633730.","implementation":"Существующая","name_usl":"Территория усадебной застройки","object_id_i32":55,"usl_i32":11010000},"type":"Feature"},{"collection":"gpzone","geometry":{"bbox":[67.008648663311,48.659026154344,67.011831759883,48.660999217517],"coordinates":[[[[67.0097539163291,48.660999217517],[67.0102766432294,48.6607249095198],[67.0101053846068,48.6608084418235],[67.0097575593423,48.6605174907657],[67.010084536531,48.6603580561861],[67.0104281177801,48.6606454062307],[67.0111068332475,48.6602892759361],[67.010929823604,48.66037561625],[67.0105820153396,48.6600846711922],[67.0109089865282,48.6599252356126],[67.0112527057778,48.6602127396578],[67.0112527357779,48.6602127236578],[67.011831759883,48.6599088725531],[67.0107545429668,48.659026154344],[67.008648663311,48.6601304483586],[67.0097539163291,48.660999217517]]]],"type":"MultiPolygon"},"id":"20633731.","properties":{"_release_layer_kind":"allowed","_source_collection":"gpzone-jil_anon","admterr_id/locality_admterr_id":"kz.62.38.30.100","admterr_id/locality_admterr_id/geometry":{"bbox":[66.9931339978782,48.6465254412769,67.014330997898,48.6633034412926]},"admterr_id/locality_admterr_id/name":"с.Улытау","admterr_id/locality_admterr_id/name_kk":"Ұлытау а.","admterr_id/oblast_admterr_id":"kz.62","admterr_id/oblast_admterr_id/geometry":{"bbox":[62.6828489938639,45.9982444388106,72.1225040026554,49.9379624424798]},"admterr_id/oblast_admterr_id/name":"область Ұлытау","admterr_id/oblast_admterr_id/name_kk":"Ұлытау облысы","admterr_id/rayon_admterr_id":"kz.62.38","admterr_id/rayon_admterr_id/geometry":{"bbox":[62.6828489938639,45.9996084388119,69.8460660005353,49.9379624424798]},"admterr_id/rayon_admterr_id/name":"Улытауский район","admterr_id/rayon_admterr_id/name_kk":"Ұлытау ауданы","functional":"Существующая территория жилой усадебной застройки","gpsubtype_id":11010000,"id":"20633731.","implementation":"Существующая","name_usl":"Территория усадебной застройки","object_id_i32":56,"usl_i32":11010000},"type":"Feature"},{"collection":"gpzone","geometry":{"bbox":[67.0060114257234,48.6568672234954,67.007545094299,48.6583256187973],"coordinates":[[[[67.0066028468735,48.6569714498743],[67.0065158405573,48.6568672234954],[67.0063643010063,48.6569412667645],[67.0060114257234,48.6571136933914],[67.0061763753232,48.6572427448606],[67.006748194402,48.657690127487],[67.0066393100061,48.6577570297302],[67.0067918975608,48.6578550780866],[67.0064789484231,48.6580653908512],[67.0068297836985,48.6583170667662],[67.0068417047419,48.6583256187973],[67.007545094299,48.6579352623781],[67.0068667478329,48.6572765699835],[67.0068639798229,48.6572736489729],[67.0068628048186,48.6572723739683],[67.006603520876,48.6569722468772],[67.0066028468735,48.6569714498743]]]],"type":"MultiPolygon"},"id":"20633732.","properties":{"_release_layer_kind":"allowed","_source_collection":"gpzone-jil_anon","admterr_id/locality_admterr_id":"kz.62.38.30.100","admterr_id/locality_admterr_id/geometry":{"bbox":[66.9931339978782,48.6465254412769,67.014330997898,48.6633034412926]},"admterr_id/locality_admterr_id/name":"с.Улытау","admterr_id/locality_admterr_id/name_kk":"Ұлытау а.","admterr_id/oblast_admterr_id":"kz.62","admterr_id/oblast_admterr_id/geometry":{"bbox":[62.6828489938639,45.9982444388106,72.1225040026554,49.9379624424798]},"admterr_id/oblast_admterr_id/name":"область Ұлытау","admterr_id/oblast_admterr_id/name_kk":"Ұлытау облысы","admterr_id/rayon_admterr_id":"kz.62.38","admterr_id/rayon_admterr_id/geometry":{"bbox":[62.6828489938639,45.9996084388119,69.8460660005353,49.9379624424798]},"admterr_id/rayon_admterr_id/name":"Улытауский район","admterr_id/rayon_admterr_id/name_kk":"Ұлытау ауданы","functional":"Существующая территория жилой усадебной застройки","gpsubtype_id":11010000,"id":"20633732.","implementation":"Существующая","name_usl":"Территория усадебной застройки","object_id_i32":58,"usl_i32":11010000},"type":"Feature"},{"collection":"gpzone","geometry":{"bbox":[66.9950835609959,48.6539986040667,66.9964106568204,48.6548121840244],"coordinates":[[[[66.9964015277873,48.6539991970689],[66.9964014757871,48.6539986040667],[66.9956643991075,48.6540152211271],[66.9950835609959,48.6540283141747],[66.9951909913864,48.6542453899639],[66.9952022504273,48.65426357503],[66.9952290355247,48.6543000511626],[66.9952590346338,48.6543353562909],[66.9952925297555,48.6543693804146],[66.9953291088885,48.6544019655331],[66.9953575069918,48.6544243356144],[66.9954660223863,48.6544986168844],[66.9955417536616,48.6545684321383],[66.995904670981,48.6548121840244],[66.9959273850635,48.6547975909713],[66.9959229660475,48.6547938829578],[66.9963024714272,48.6545565550951],[66.9964106568204,48.6541028304456],[66.9964015277873,48.6539991970689]]]],"type":"MultiPolygon"},"id":"20633733.","properties":{"_release_layer_kind":"allowed","_source_collection":"gpzone-jil_anon","admterr_id/locality_admterr_id":"kz.62.38.30.100","admterr_id/locality_admterr_id/geometry":{"bbox":[66.9931339978782,48.6465254412769,67.014330997898,48.6633034412926]},"admterr_id/locality_admterr_id/name":"с.Улытау","admterr_id/locality_admterr_id/name_kk":"Ұлытау а.","admterr_id/oblast_admterr_id":"kz.62","admterr_id/oblast_admterr_id/geometry":{"bbox":[62.6828489938639,45.9982444388106,72.1225040026554,49.9379624424798]},"admterr_id/oblast_admterr_id/name":"область Ұлытау","admterr_id/oblast_admterr_id/name_kk":"Ұлытау облысы","admterr_id/rayon_admterr_id":"kz.62.38","admterr_id/rayon_admterr_id/geometry":{"bbox":[62.6828489938639,45.9996084388119,69.8460660005353,49.9379624424798]},"admterr_id/rayon_admterr_id/name":"Улытауский район","admterr_id/rayon_admterr_id/name_kk":"Ұлытау ауданы","functional":"Существующая территория жилой усадебной застройки","gpsubtype_id":11010000,"id":"20633733.","implementation":"Существующая","name_usl":"Территория усадебной застройки","object_id_i32":59,"usl_i32":11010000},"type":"Feature"}],"type":"FeatureCollection"}