{"crs":{"properties":{"name":"urn:ogc:def:crs:OGC:1.3:CRS84"},"type":"name"},"features":[{"bbox":[70.938,52.0188,70.9416,52.0213],"geometry":{"coordinates":[[[[70.9411,52.0192],[70.9404,52.0188],[70.9392,52.0199],[70.9391,52.0199],[70.9391,52.02],[70.9387,52.0203],[70.9387,52.0203],[70.9387,52.0203],[70.9387,52.0203],[70.9387,52.0203],[70.9387,52.0203],[70.9387,52.0203],[70.9387,52.0204],[70.9387,52.0204],[70.9386,52.0204],[70.9386,52.0204],[70.9386,52.0204],[70.9386,52.0204],[70.9386,52.0204],[70.9386,52.0204],[70.9386,52.0204],[70.9386,52.0204],[70.9386,52.0204],[70.9386,52.0204],[70.9386,52.0204],[70.9386,52.0204],[70.9386,52.0204],[70.9386,52.0204],[70.9385,52.0204],[70.9385,52.0204],[70.9385,52.0204],[70.9385,52.0205],[70.9385,52.0205],[70.9385,52.0205],[70.9385,52.0205],[70.9385,52.0205],[70.9385,52.0205],[70.9385,52.0205],[70.9385,52.0205],[70.9385,52.0205],[70.9385,52.0205],[70.9384,52.0205],[70.9384,52.0205],[70.9384,52.0205],[70.9384,52.0205],[70.9384,52.0205],[70.9384,52.0205],[70.9384,52.0205],[70.9384,52.0205],[70.9384,52.0205],[70.9384,52.0205],[70.9384,52.0205],[70.9384,52.0206],[70.9383,52.0206],[70.9383,52.0206],[70.9383,52.0206],[70.9383,52.0206],[70.9383,52.0206],[70.9383,52.0206],[70.9383,52.0206],[70.9383,52.0206],[70.9383,52.0206],[70.9383,52.0206],[70.9383,52.0206],[70.9382,52.0206],[70.9382,52.0206],[70.9382,52.0206],[70.9382,52.0206],[70.9382,52.0206],[70.9382,52.0206],[70.9382,52.0206],[70.9382,52.0206],[70.9382,52.0206],[70.9382,52.0206],[70.9381,52.0206],[70.9381,52.0206],[70.9381,52.0207],[70.9381,52.0207],[70.9381,52.0207],[70.9381,52.0207],[70.9381,52.0207],[70.938,52.0207],[70.938,52.0207],[70.938,52.0207],[70.938,52.0207],[70.938,52.0207],[70.9385,52.0213],[70.9394,52.0209],[70.9394,52.0209],[70.9395,52.0209],[70.9395,52.0209],[70.9396,52.0209],[70.9396,52.0209],[70.9396,52.0208],[70.9397,52.0208],[70.9397,52.0208],[70.9397,52.0208],[70.9398,52.0208],[70.9398,52.0208],[70.9398,52.0207],[70.9399,52.0207],[70.9399,52.0207],[70.9399,52.0207],[70.94,52.0207],[70.94,52.0207],[70.94,52.0207],[70.94,52.0207],[70.94,52.0207],[70.94,52.0207],[70.94,52.0207],[70.94,52.0207],[70.94,52.0207],[70.9401,52.0206],[70.9401,52.0206],[70.9401,52.0206],[70.9401,52.0206],[70.9401,52.0206],[70.9401,52.0206],[70.9401,52.0206],[70.9401,52.0206],[70.9401,52.0206],[70.9401,52.0206],[70.9402,52.0206],[70.9402,52.0206],[70.9402,52.0206],[70.9402,52.0206],[70.9402,52.0206],[70.9402,52.0206],[70.9402,52.0206],[70.9402,52.0206],[70.9402,52.0205],[70.9402,52.0205],[70.9402,52.0205],[70.9402,52.0205],[70.9403,52.0205],[70.9403,52.0205],[70.9403,52.0205],[70.9403,52.0205],[70.9403,52.0205],[70.9403,52.0205],[70.9403,52.0205],[70.9403,52.0205],[70.9403,52.0205],[70.9403,52.0205],[70.9403,52.0205],[70.9403,52.0205],[70.9403,52.0205],[70.9403,52.0205],[70.9403,52.0205],[70.9403,52.0205],[70.9404,52.0204],[70.9404,52.0204],[70.9404,52.0204],[70.9404,52.0204],[70.9404,52.0204],[70.9404,52.0204],[70.9404,52.0204],[70.9404,52.0204],[70.9404,52.0204],[70.9404,52.0204],[70.9404,52.0204],[70.9404,52.0204],[70.9404,52.0204],[70.9404,52.0204],[70.9404,52.0204],[70.9404,52.0204],[70.9404,52.0204],[70.9404,52.0204],[70.9404,52.0204],[70.9405,52.0204],[70.9405,52.0204],[70.9405,52.0204],[70.9405,52.0204],[70.9405,52.0203],[70.9405,52.0203],[70.9405,52.0203],[70.9405,52.0203],[70.9405,52.0203],[70.9405,52.0203],[70.9405,52.0203],[70.9405,52.0203],[70.9405,52.0203],[70.9405,52.0203],[70.9405,52.0203],[70.9405,52.0203],[70.9405,52.0203],[70.9405,52.0203],[70.9406,52.0203],[70.9406,52.0203],[70.9406,52.0203],[70.9406,52.0203],[70.9406,52.0203],[70.9406,52.0203],[70.9406,52.0203],[70.9406,52.0203],[70.9406,52.0203],[70.9406,52.0202],[70.9406,52.0202],[70.9406,52.0202],[70.9406,52.0202],[70.9406,52.0202],[70.9406,52.0202],[70.9416,52.0195],[70.9411,52.0192]]]],"type":"MultiPolygon"},"geometry_name":"shape","id":"gp_functional_zones.fid--7752831e_19fb67eabdc_7ca9","properties":{"area":2.71027732922745,"creation_doc_id":3617,"deactivation_doc_id":null,"func_zone_status_id":2,"ggk_zone_code":"11010000","ggk_zone_name":"Территория усадебной застройки","gp_func_zone_code":"11010000","gp_func_zone_code_id":19,"id":4728558,"zone_type_id":8},"type":"Feature"},{"bbox":[70.9316,52.02,70.9337,52.0213],"geometry":{"coordinates":[[[70.9316,52.0205],[70.9317,52.0205],[70.9318,52.0205],[70.9318,52.0206],[70.9319,52.0206],[70.932,52.0206],[70.932,52.0207],[70.9321,52.0207],[70.9322,52.0207],[70.9323,52.0208],[70.9324,52.0208],[70.9324,52.0209],[70.9325,52.0209],[70.9326,52.0209],[70.9326,52.021],[70.9327,52.021],[70.9327,52.0211],[70.9328,52.0211],[70.9328,52.0212],[70.9333,52.0213],[70.9336,52.0211],[70.9336,52.021],[70.9336,52.0206],[70.9336,52.0205],[70.9335,52.0205],[70.9334,52.0205],[70.9333,52.0205],[70.9332,52.0205],[70.9332,52.0204],[70.9331,52.0204],[70.9325,52.0202],[70.9324,52.0202],[70.9323,52.0202],[70.9323,52.0201],[70.9322,52.0201],[70.9321,52.0201],[70.932,52.0201],[70.932,52.02],[70.9316,52.0205]]],"type":"Polygon"},"geometry_name":"shape","id":"gp_functional_zones.fid--7752831e_19fb67eabdc_7caa","properties":{"area":0.981786671897225,"creation_doc_id":3617,"deactivation_doc_id":null,"func_zone_status_id":2,"ggk_zone_code":"11010000","ggk_zone_name":"Территория усадебной застройки","gp_func_zone_code":"11010000","gp_func_zone_code_id":19,"id":4728559,"zone_type_id":8},"type":"Feature"},{"bbox":[70.9435,52.0194,70.946,52.021],"geometry":{"coordinates":[[[[70.946,52.0195],[70.9455,52.0194],[70.9455,52.0194],[70.9455,52.0194],[70.9455,52.0194],[70.9455,52.0194],[70.9451,52.0198],[70.9451,52.0198],[70.9451,52.0198],[70.9451,52.0198],[70.9451,52.0198],[70.9451,52.0198],[70.9451,52.0198],[70.9451,52.0198],[70.9451,52.0198],[70.9451,52.0198],[70.945,52.0198],[70.945,52.0198],[70.945,52.0198],[70.945,52.0198],[70.945,52.0198],[70.945,52.0198],[70.945,52.0199],[70.945,52.0199],[70.945,52.0199],[70.945,52.0199],[70.945,52.0199],[70.945,52.0199],[70.945,52.0199],[70.945,52.0199],[70.945,52.0199],[70.945,52.0199],[70.945,52.0199],[70.945,52.0199],[70.945,52.0199],[70.945,52.0199],[70.9449,52.0199],[70.9449,52.0199],[70.9449,52.0199],[70.9449,52.0199],[70.9449,52.0199],[70.9449,52.0199],[70.9449,52.0199],[70.9449,52.0199],[70.9449,52.0199],[70.9449,52.02],[70.9449,52.02],[70.9449,52.02],[70.9449,52.02],[70.9449,52.02],[70.9449,52.02],[70.9449,52.02],[70.9449,52.02],[70.9449,52.02],[70.9448,52.02],[70.9448,52.02],[70.9448,52.02],[70.9448,52.02],[70.9448,52.02],[70.9448,52.02],[70.9448,52.02],[70.9448,52.02],[70.9448,52.02],[70.9448,52.02],[70.9448,52.02],[70.9448,52.02],[70.9448,52.02],[70.9448,52.02],[70.9448,52.02],[70.9448,52.0201],[70.9448,52.0201],[70.9447,52.0201],[70.9447,52.0201],[70.9447,52.0201],[70.9447,52.0201],[70.9447,52.0201],[70.9447,52.0201],[70.9447,52.0201],[70.9447,52.0201],[70.9447,52.0201],[70.9447,52.0201],[70.9447,52.0201],[70.9447,52.0201],[70.9447,52.0201],[70.9447,52.0201],[70.9447,52.0201],[70.9447,52.0201],[70.9447,52.0201],[70.9446,52.0201],[70.9446,52.0201],[70.9446,52.0201],[70.9446,52.0201],[70.9446,52.0201],[70.9446,52.0201],[70.9446,52.0201],[70.9446,52.0202],[70.9446,52.0202],[70.9446,52.0202],[70.9446,52.0202],[70.9446,52.0202],[70.9446,52.0202],[70.9446,52.0202],[70.9446,52.0202],[70.9446,52.0202],[70.9445,52.0202],[70.9445,52.0202],[70.9445,52.0202],[70.9445,52.0202],[70.9445,52.0202],[70.9445,52.0202],[70.9445,52.0202],[70.9445,52.0202],[70.9445,52.0202],[70.9445,52.0202],[70.9445,52.0202],[70.9445,52.0202],[70.9445,52.0202],[70.9445,52.0202],[70.9444,52.0202],[70.9444,52.0202],[70.9444,52.0202],[70.9444,52.0202],[70.9444,52.0202],[70.9444,52.0202],[70.9444,52.0202],[70.9444,52.0202],[70.9444,52.0203],[70.9444,52.0203],[70.9444,52.0203],[70.9444,52.0203],[70.9444,52.0203],[70.9444,52.0203],[70.9443,52.0203],[70.9443,52.0203],[70.9443,52.0203],[70.9435,52.0206],[70.9439,52.021],[70.9439,52.021],[70.944,52.021],[70.944,52.021],[70.944,52.021],[70.944,52.021],[70.944,52.021],[70.944,52.021],[70.944,52.021],[70.944,52.021],[70.944,52.021],[70.944,52.021],[70.944,52.021],[70.944,52.021],[70.944,52.021],[70.944,52.021],[70.944,52.021],[70.944,52.021],[70.9441,52.021],[70.9441,52.021],[70.9441,52.0209],[70.9441,52.0209],[70.9441,52.0209],[70.9441,52.0209],[70.9441,52.0209],[70.9441,52.0209],[70.9441,52.0209],[70.9441,52.0209],[70.9441,52.0209],[70.9441,52.0209],[70.9441,52.0209],[70.9441,52.0209],[70.9441,52.0209],[70.9441,52.0209],[70.9441,52.0209],[70.9441,52.0209],[70.9441,52.0209],[70.9441,52.0209],[70.9442,52.0209],[70.9442,52.0209],[70.9442,52.0209],[70.9442,52.0209],[70.9442,52.0209],[70.9442,52.0209],[70.9442,52.0209],[70.9442,52.0209],[70.9442,52.0209],[70.9442,52.0209],[70.9442,52.0209],[70.9442,52.0209],[70.9442,52.0209],[70.9442,52.0209],[70.9442,52.0209],[70.9442,52.0209],[70.9442,52.0209],[70.9442,52.0209],[70.9442,52.0209],[70.9442,52.0209],[70.9443,52.0209],[70.9443,52.0209],[70.9443,52.0209],[70.9443,52.0209],[70.9443,52.0209],[70.9443,52.0209],[70.9443,52.0208],[70.9443,52.0208],[70.9443,52.0208],[70.9443,52.0208],[70.9443,52.0208],[70.9443,52.0208],[70.9443,52.0208],[70.9443,52.0208],[70.9443,52.0208],[70.9443,52.0208],[70.9443,52.0208],[70.9443,52.0208],[70.9443,52.0208],[70.9443,52.0208],[70.9443,52.0208],[70.9444,52.0208],[70.9444,52.0208],[70.9444,52.0208],[70.9444,52.0208],[70.9444,52.0208],[70.9444,52.0208],[70.9444,52.0208],[70.9444,52.0208],[70.9444,52.0208],[70.9444,52.0208],[70.9444,52.0208],[70.9444,52.0208],[70.9444,52.0208],[70.9444,52.0208],[70.9444,52.0208],[70.9444,52.0208],[70.9444,52.0208],[70.9444,52.0208],[70.9444,52.0208],[70.9444,52.0208],[70.9444,52.0208],[70.9445,52.0208],[70.9445,52.0208],[70.9445,52.0208],[70.9445,52.0208],[70.9445,52.0208],[70.9445,52.0207],[70.9445,52.0207],[70.9445,52.0207],[70.9445,52.0207],[70.9445,52.0207],[70.9445,52.0207],[70.9445,52.0207],[70.9445,52.0207],[70.9445,52.0207],[70.9445,52.0207],[70.9445,52.0207],[70.9445,52.0207],[70.9445,52.0207],[70.9445,52.0207],[70.9445,52.0207],[70.9445,52.0207],[70.9445,52.0207],[70.9446,52.0207],[70.9446,52.0207],[70.9446,52.0207],[70.9446,52.0207],[70.9446,52.0207],[70.9446,52.0207],[70.9446,52.0207],[70.9446,52.0207],[70.9446,52.0207],[70.9446,52.0207],[70.9446,52.0207],[70.9446,52.0207],[70.9446,52.0207],[70.9446,52.0207],[70.9446,52.0207],[70.9446,52.0207],[70.9446,52.0207],[70.9446,52.0207],[70.9446,52.0207],[70.9446,52.0207],[70.9446,52.0207],[70.9446,52.0207],[70.9447,52.0207],[70.9447,52.0206],[70.9447,52.0206],[70.9447,52.0206],[70.9447,52.0206],[70.9447,52.0206],[70.9447,52.0206],[70.9447,52.0206],[70.9447,52.0206],[70.9447,52.0206],[70.9447,52.0206],[70.9447,52.0206],[70.9447,52.0206],[70.9447,52.0206],[70.9447,52.0206],[70.9447,52.0206],[70.9447,52.0206],[70.9447,52.0206],[70.9447,52.0206],[70.9447,52.0206],[70.9447,52.0206],[70.9447,52.0206],[70.9448,52.0206],[70.9448,52.0206],[70.9448,52.0206],[70.9448,52.0206],[70.9448,52.0206],[70.9448,52.0206],[70.9448,52.0206],[70.9448,52.0206],[70.9448,52.0206],[70.9448,52.0206],[70.9448,52.0206],[70.9448,52.0206],[70.9448,52.0206],[70.9448,52.0206],[70.9448,52.0206],[70.9448,52.0206],[70.9448,52.0206],[70.9448,52.0205],[70.9448,52.0205],[70.9448,52.0205],[70.9448,52.0205],[70.9448,52.0205],[70.9448,52.0205],[70.9449,52.0205],[70.9449,52.0205],[70.9449,52.0205],[70.9449,52.0205],[70.9449,52.0205],[70.9449,52.0205],[70.9449,52.0205],[70.9449,52.0205],[70.9449,52.0205],[70.9449,52.0205],[70.9449,52.0205],[70.9449,52.0205],[70.9449,52.0205],[70.9449,52.0205],[70.9449,52.0205],[70.9449,52.0205],[70.9449,52.0205],[70.9449,52.0205],[70.9449,52.0205],[70.9449,52.0205],[70.9449,52.0205],[70.9449,52.0205],[70.9449,52.0205],[70.945,52.0205],[70.945,52.0205],[70.945,52.0205],[70.945,52.0205],[70.945,52.0205],[70.945,52.0205],[70.945,52.0205],[70.945,52.0205],[70.945,52.0204],[70.945,52.0204],[70.945,52.0204],[70.945,52.0204],[70.945,52.0204],[70.945,52.0204],[70.945,52.0204],[70.945,52.0204],[70.945,52.0204],[70.945,52.0204],[70.945,52.0204],[70.945,52.0204],[70.945,52.0204],[70.945,52.0204],[70.945,52.0204],[70.945,52.0204],[70.9451,52.0204],[70.9451,52.0204],[70.9451,52.0204],[70.9451,52.0204],[70.9451,52.0204],[70.9451,52.0204],[70.9451,52.0204],[70.9451,52.0204],[70.9451,52.0204],[70.9451,52.0204],[70.9451,52.0204],[70.9451,52.0204],[70.9451,52.0204],[70.9451,52.0204],[70.9451,52.0204],[70.9451,52.0204],[70.9451,52.0204],[70.9451,52.0204],[70.9451,52.0204],[70.9451,52.0203],[70.9451,52.0203],[70.9451,52.0203],[70.9451,52.0203],[70.9451,52.0203],[70.9451,52.0203],[70.9452,52.0203],[70.9452,52.0203],[70.9452,52.0203],[70.9452,52.0203],[70.9452,52.0203],[70.9452,52.0203],[70.9452,52.0203],[70.9452,52.0203],[70.9452,52.0203],[70.9452,52.0203],[70.9452,52.0203],[70.9452,52.0203],[70.9452,52.0203],[70.9452,52.0203],[70.9452,52.0203],[70.9452,52.0203],[70.9452,52.0203],[70.9452,52.0203],[70.9452,52.0203],[70.9452,52.0203],[70.9452,52.0203],[70.9452,52.0203],[70.9452,52.0203],[70.9452,52.0203],[70.9452,52.0203],[70.9453,52.0203],[70.9453,52.0203],[70.9453,52.0203],[70.9453,52.0203],[70.9453,52.0202],[70.9453,52.0202],[70.9453,52.0202],[70.9453,52.0202],[70.9453,52.0202],[70.9453,52.0202],[70.9453,52.0202],[70.9453,52.0202],[70.9453,52.0202],[70.9453,52.0202],[70.9453,52.0202],[70.9453,52.0202],[70.9453,52.0202],[70.9453,52.0202],[70.9453,52.0202],[70.9453,52.0202],[70.9453,52.0202],[70.9453,52.0202],[70.9453,52.0202],[70.9453,52.0202],[70.9453,52.0202],[70.9454,52.0202],[70.9454,52.0202],[70.9454,52.0202],[70.9454,52.0202],[70.9454,52.0202],[70.9454,52.0202],[70.9454,52.0202],[70.9454,52.0202],[70.9454,52.0202],[70.9454,52.0202],[70.9454,52.0202],[70.9454,52.0202],[70.9454,52.0202],[70.9454,52.0201],[70.9454,52.0201],[70.9454,52.0201],[70.9454,52.0201],[70.9454,52.0201],[70.9454,52.0201],[70.9454,52.0201],[70.9454,52.0201],[70.9454,52.0201],[70.9454,52.0201],[70.9454,52.0201],[70.9454,52.0201],[70.9454,52.0201],[70.9454,52.0201],[70.9455,52.0201],[70.9455,52.0201],[70.9455,52.0201],[70.9455,52.0201],[70.9455,52.0201],[70.9455,52.0201],[70.9455,52.0201],[70.9455,52.0201],[70.9455,52.0201],[70.9455,52.0201],[70.9455,52.0201],[70.9455,52.0201],[70.9455,52.0201],[70.9455,52.0201],[70.9455,52.0201],[70.9455,52.0201],[70.9455,52.0201],[70.9455,52.0201],[70.9455,52.0201],[70.9455,52.02],[70.9455,52.02],[70.9455,52.02],[70.9455,52.02],[70.9455,52.02],[70.9455,52.02],[70.9455,52.02],[70.9455,52.02],[70.9456,52.02],[70.9456,52.02],[70.9456,52.02],[70.9456,52.02],[70.9456,52.02],[70.9456,52.02],[70.9456,52.02],[70.9456,52.02],[70.9456,52.02],[70.9456,52.02],[70.9456,52.02],[70.9456,52.02],[70.9456,52.02],[70.9456,52.02],[70.9456,52.02],[70.9456,52.02],[70.9456,52.02],[70.9456,52.02],[70.9456,52.02],[70.9456,52.02],[70.9456,52.02],[70.9456,52.02],[70.9456,52.02],[70.9456,52.02],[70.9456,52.02],[70.9456,52.0199],[70.9456,52.0199],[70.9456,52.0199],[70.9457,52.0199],[70.9457,52.0199],[70.9457,52.0199],[70.9457,52.0199],[70.9457,52.0199],[70.9457,52.0199],[70.9457,52.0199],[70.9457,52.0199],[70.9457,52.0199],[70.9457,52.0199],[70.9457,52.0199],[70.9457,52.0199],[70.9457,52.0199],[70.9457,52.0199],[70.9457,52.0199],[70.9457,52.0199],[70.9457,52.0199],[70.9457,52.0199],[70.9457,52.0199],[70.9457,52.0199],[70.9457,52.0199],[70.9457,52.0199],[70.9457,52.0199],[70.9457,52.0199],[70.9457,52.0199],[70.9457,52.0199],[70.9457,52.0199],[70.9457,52.0199],[70.9457,52.0198],[70.9457,52.0198],[70.9458,52.0198],[70.9458,52.0198],[70.9458,52.0198],[70.9458,52.0198],[70.9458,52.0198],[70.9458,52.0198],[70.9458,52.0198],[70.9458,52.0198],[70.9458,52.0198],[70.9458,52.0198],[70.9458,52.0198],[70.9458,52.0198],[70.9458,52.0198],[70.9458,52.0198],[70.9458,52.0198],[70.9458,52.0198],[70.9458,52.0198],[70.9458,52.0198],[70.9458,52.0198],[70.9458,52.0198],[70.9458,52.0198],[70.9458,52.0198],[70.9458,52.0198],[70.9458,52.0198],[70.9458,52.0198],[70.9458,52.0198],[70.9458,52.0198],[70.9458,52.0198],[70.9458,52.0198],[70.9458,52.0197],[70.9459,52.0197],[70.9459,52.0197],[70.9459,52.0197],[70.9459,52.0197],[70.9459,52.0197],[70.9459,52.0197],[70.9459,52.0197],[70.9459,52.0197],[70.9459,52.0197],[70.9459,52.0197],[70.9459,52.0197],[70.9459,52.0197],[70.9459,52.0197],[70.9459,52.0197],[70.9459,52.0197],[70.9459,52.0197],[70.9459,52.0197],[70.9459,52.0197],[70.9459,52.0197],[70.9459,52.0197],[70.9459,52.0197],[70.9459,52.0197],[70.9459,52.0197],[70.9459,52.0197],[70.9459,52.0197],[70.9459,52.0197],[70.9459,52.0197],[70.9459,52.0197],[70.9459,52.0197],[70.9459,52.0197],[70.9459,52.0196],[70.9459,52.0196],[70.946,52.0196],[70.946,52.0196],[70.946,52.0196],[70.946,52.0196],[70.946,52.0196],[70.946,52.0196],[70.946,52.0196],[70.946,52.0196],[70.946,52.0196],[70.946,52.0196],[70.946,52.0196],[70.946,52.0196],[70.946,52.0196],[70.946,52.0196],[70.946,52.0196],[70.946,52.0196],[70.946,52.0196],[70.946,52.0196],[70.946,52.0196],[70.946,52.0196],[70.946,52.0196],[70.946,52.0196],[70.946,52.0196],[70.946,52.0196],[70.946,52.0196],[70.946,52.0196],[70.946,52.0196],[70.946,52.0196],[70.946,52.0195],[70.946,52.0195],[70.946,52.0195],[70.946,52.0195]]]],"type":"MultiPolygon"},"geometry_name":"shape","id":"gp_functional_zones.fid--7752831e_19fb67eabdc_7cab","properties":{"area":0.925826509161181,"creation_doc_id":3617,"deactivation_doc_id":null,"func_zone_status_id":2,"ggk_zone_code":"11010000","ggk_zone_name":"Территория усадебной застройки","gp_func_zone_code":"11010000","gp_func_zone_code_id":19,"id":4728560,"zone_type_id":8},"type":"Feature"},{"bbox":[70.9415,52.0201,70.9431,52.021],"geometry":{"coordinates":[[[[70.9431,52.0205],[70.9426,52.0201],[70.9426,52.0201],[70.9426,52.0201],[70.9426,52.0201],[70.9426,52.0201],[70.9426,52.0201],[70.9426,52.0201],[70.9426,52.0201],[70.9425,52.0201],[70.9425,52.0201],[70.9425,52.0201],[70.9425,52.0201],[70.9425,52.0201],[70.9425,52.0201],[70.9425,52.0201],[70.9425,52.0201],[70.9425,52.0201],[70.9425,52.0201],[70.9425,52.0201],[70.9425,52.0201],[70.9425,52.0201],[70.9425,52.0201],[70.9425,52.0201],[70.9425,52.0201],[70.9425,52.0201],[70.9425,52.0201],[70.9425,52.0201],[70.9425,52.0201],[70.9425,52.0201],[70.9424,52.0201],[70.9424,52.0201],[70.9424,52.0201],[70.9424,52.0201],[70.9424,52.0202],[70.9424,52.0202],[70.9424,52.0202],[70.9424,52.0202],[70.9424,52.0202],[70.9424,52.0202],[70.9424,52.0202],[70.9424,52.0202],[70.9424,52.0202],[70.9424,52.0202],[70.9424,52.0202],[70.9424,52.0202],[70.9424,52.0202],[70.9424,52.0202],[70.9424,52.0202],[70.9424,52.0202],[70.9424,52.0202],[70.9424,52.0202],[70.9423,52.0202],[70.9423,52.0202],[70.9423,52.0202],[70.9423,52.0202],[70.9423,52.0202],[70.9423,52.0202],[70.9423,52.0202],[70.9423,52.0202],[70.9423,52.0202],[70.9423,52.0202],[70.9423,52.0202],[70.9423,52.0202],[70.9423,52.0202],[70.9423,52.0202],[70.9423,52.0202],[70.9422,52.0202],[70.9422,52.0203],[70.9422,52.0203],[70.9422,52.0203],[70.9422,52.0203],[70.9421,52.0203],[70.9421,52.0203],[70.9421,52.0203],[70.9421,52.0203],[70.942,52.0204],[70.942,52.0204],[70.942,52.0204],[70.942,52.0204],[70.9419,52.0204],[70.9419,52.0204],[70.9419,52.0204],[70.9419,52.0205],[70.9418,52.0205],[70.9418,52.0205],[70.9418,52.0205],[70.9418,52.0205],[70.9418,52.0205],[70.9417,52.0205],[70.9417,52.0205],[70.9417,52.0206],[70.9417,52.0206],[70.9416,52.0206],[70.9416,52.0206],[70.9416,52.0206],[70.9416,52.0206],[70.9415,52.0206],[70.942,52.021],[70.9431,52.0205]]]],"type":"MultiPolygon"},"geometry_name":"shape","id":"gp_functional_zones.fid--7752831e_19fb67eabdc_7cac","properties":{"area":0.509113605042948,"creation_doc_id":3617,"deactivation_doc_id":null,"func_zone_status_id":2,"ggk_zone_code":"11010000","ggk_zone_name":"Территория усадебной застройки","gp_func_zone_code":"11010000","gp_func_zone_code_id":19,"id":4728611,"zone_type_id":8},"type":"Feature"},{"bbox":[70.93,52.0201,70.9312,52.0211],"geometry":{"coordinates":[[[[70.9306,52.0201],[70.9306,52.0201],[70.93,52.0203],[70.93,52.0203],[70.9301,52.0204],[70.9302,52.0205],[70.9302,52.0206],[70.9303,52.0207],[70.9304,52.0208],[70.9304,52.021],[70.9305,52.0211],[70.9307,52.0211],[70.9307,52.0211],[70.9307,52.0211],[70.9307,52.0211],[70.9307,52.021],[70.9307,52.021],[70.9307,52.021],[70.9307,52.021],[70.9307,52.021],[70.9312,52.0205],[70.9312,52.0205],[70.9312,52.0205],[70.9312,52.0205],[70.9312,52.0205],[70.9312,52.0205],[70.9312,52.0205],[70.9312,52.0205],[70.9312,52.0205],[70.9312,52.0205],[70.9312,52.0205],[70.9312,52.0205],[70.9312,52.0205],[70.9311,52.0205],[70.9311,52.0205],[70.9311,52.0205],[70.9311,52.0205],[70.9311,52.0205],[70.9311,52.0205],[70.9311,52.0205],[70.9311,52.0205],[70.9311,52.0205],[70.9311,52.0205],[70.9311,52.0205],[70.9311,52.0205],[70.9311,52.0205],[70.9311,52.0205],[70.9311,52.0205],[70.9311,52.0205],[70.9311,52.0205],[70.9311,52.0205],[70.9311,52.0205],[70.9311,52.0205],[70.9311,52.0205],[70.9311,52.0205],[70.9311,52.0205],[70.9311,52.0205],[70.9311,52.0205],[70.9311,52.0205],[70.931,52.0205],[70.931,52.0205],[70.931,52.0204],[70.931,52.0204],[70.931,52.0204],[70.931,52.0204],[70.931,52.0204],[70.931,52.0204],[70.931,52.0204],[70.931,52.0204],[70.931,52.0204],[70.931,52.0204],[70.931,52.0204],[70.931,52.0204],[70.931,52.0204],[70.931,52.0204],[70.931,52.0204],[70.931,52.0204],[70.931,52.0204],[70.931,52.0204],[70.931,52.0204],[70.931,52.0204],[70.931,52.0204],[70.931,52.0204],[70.931,52.0204],[70.931,52.0204],[70.931,52.0204],[70.9309,52.0204],[70.9309,52.0204],[70.9309,52.0204],[70.9309,52.0204],[70.9309,52.0204],[70.9309,52.0204],[70.9309,52.0204],[70.9309,52.0204],[70.9309,52.0204],[70.9309,52.0204],[70.9309,52.0204],[70.9309,52.0204],[70.9309,52.0204],[70.9309,52.0204],[70.9309,52.0204],[70.9309,52.0204],[70.9309,52.0204],[70.9309,52.0204],[70.9309,52.0204],[70.9309,52.0204],[70.9309,52.0204],[70.9309,52.0204],[70.9309,52.0204],[70.9309,52.0204],[70.9309,52.0204],[70.9309,52.0204],[70.9309,52.0204],[70.9309,52.0203],[70.9309,52.0203],[70.9309,52.0203],[70.9309,52.0203],[70.9309,52.0203],[70.9309,52.0203],[70.9309,52.0203],[70.9309,52.0203],[70.9309,52.0203],[70.9309,52.0203],[70.9308,52.0203],[70.9308,52.0203],[70.9308,52.0203],[70.9308,52.0203],[70.9308,52.0203],[70.9308,52.0203],[70.9308,52.0203],[70.9308,52.0203],[70.9308,52.0203],[70.9308,52.0203],[70.9308,52.0203],[70.9308,52.0203],[70.9308,52.0203],[70.9308,52.0203],[70.9308,52.0203],[70.9308,52.0203],[70.9308,52.0203],[70.9308,52.0203],[70.9308,52.0203],[70.9308,52.0203],[70.9308,52.0203],[70.9308,52.0203],[70.9308,52.0203],[70.9308,52.0203],[70.9308,52.0203],[70.9308,52.0203],[70.9308,52.0203],[70.9308,52.0203],[70.9308,52.0203],[70.9308,52.0203],[70.9308,52.0203],[70.9308,52.0203],[70.9308,52.0203],[70.9308,52.0203],[70.9308,52.0203],[70.9308,52.0202],[70.9308,52.0202],[70.9308,52.0202],[70.9308,52.0202],[70.9307,52.0202],[70.9307,52.0202],[70.9307,52.0202],[70.9307,52.0202],[70.9307,52.0202],[70.9307,52.0202],[70.9307,52.0202],[70.9307,52.0202],[70.9307,52.0202],[70.9307,52.0202],[70.9307,52.0202],[70.9307,52.0202],[70.9307,52.0202],[70.9307,52.0202],[70.9307,52.0202],[70.9307,52.0202],[70.9307,52.0202],[70.9307,52.0202],[70.9307,52.0202],[70.9307,52.0202],[70.9307,52.0202],[70.9307,52.0202],[70.9307,52.0202],[70.9307,52.0202],[70.9307,52.0202],[70.9307,52.0202],[70.9307,52.0202],[70.9307,52.0202],[70.9307,52.0202],[70.9307,52.0202],[70.9307,52.0202],[70.9307,52.0202],[70.9306,52.0202],[70.9306,52.0202],[70.9306,52.0202],[70.9306,52.0202],[70.9306,52.0202],[70.9306,52.0202],[70.9306,52.0202],[70.9306,52.0202],[70.9306,52.0202],[70.9306,52.0202],[70.9306,52.0201],[70.9306,52.0201],[70.9306,52.0201],[70.9306,52.0201],[70.9306,52.0201],[70.9306,52.0201],[70.9306,52.0201],[70.9306,52.0201]]]],"type":"MultiPolygon"},"geometry_name":"shape","id":"gp_functional_zones.fid--7752831e_19fb67eabdc_7cad","properties":{"area":0.451757718652142,"creation_doc_id":3617,"deactivation_doc_id":null,"func_zone_status_id":2,"ggk_zone_code":"11010000","ggk_zone_name":"Территория усадебной застройки","gp_func_zone_code":"11010000","gp_func_zone_code_id":19,"id":4730672,"zone_type_id":8},"type":"Feature"},{"bbox":[70.9339,52.0143,70.9371,52.0209],"geometry":{"coordinates":[[[[70.9364,52.0167],[70.9364,52.0167],[70.9364,52.0167],[70.9371,52.0144],[70.9366,52.0143],[70.9364,52.015],[70.9353,52.0149],[70.9352,52.0151],[70.935,52.0163],[70.9349,52.0166],[70.9349,52.0167],[70.9349,52.0172],[70.9346,52.0186],[70.9345,52.019],[70.9345,52.019],[70.9345,52.019],[70.9345,52.0191],[70.9345,52.0191],[70.9345,52.0191],[70.9345,52.0191],[70.9345,52.0191],[70.9345,52.0191],[70.9345,52.0192],[70.9345,52.0192],[70.9345,52.0192],[70.9345,52.0192],[70.9345,52.0192],[70.9345,52.0192],[70.9345,52.0193],[70.9345,52.0193],[70.9345,52.0193],[70.9345,52.0193],[70.9345,52.0193],[70.9345,52.0193],[70.9344,52.0194],[70.9344,52.0194],[70.9344,52.0194],[70.9344,52.0194],[70.9344,52.0194],[70.9344,52.0194],[70.9344,52.0195],[70.9344,52.0195],[70.9344,52.0195],[70.9344,52.0195],[70.9344,52.0195],[70.9344,52.0195],[70.9344,52.0196],[70.9344,52.0196],[70.9344,52.0196],[70.9344,52.0196],[70.9344,52.0196],[70.9343,52.0196],[70.9343,52.0197],[70.9343,52.0197],[70.9343,52.0197],[70.9343,52.0197],[70.9343,52.0197],[70.9343,52.0197],[70.9343,52.0198],[70.9343,52.0198],[70.9343,52.0198],[70.9343,52.0198],[70.9343,52.0198],[70.9342,52.0198],[70.9342,52.0199],[70.9342,52.0199],[70.9342,52.0199],[70.9342,52.0199],[70.9342,52.02],[70.9342,52.02],[70.9342,52.02],[70.9341,52.02],[70.9341,52.0201],[70.9341,52.0201],[70.9341,52.0201],[70.9341,52.0201],[70.9341,52.0202],[70.9341,52.0202],[70.934,52.0202],[70.934,52.0202],[70.934,52.0203],[70.934,52.0203],[70.934,52.0203],[70.934,52.0203],[70.934,52.0204],[70.9339,52.0204],[70.9339,52.0204],[70.9339,52.0204],[70.9339,52.0204],[70.9339,52.0205],[70.9339,52.0205],[70.9339,52.0205],[70.9339,52.0205],[70.9339,52.0205],[70.9339,52.0205],[70.9339,52.0205],[70.9339,52.0206],[70.9339,52.0206],[70.9339,52.0206],[70.9339,52.0206],[70.9339,52.0206],[70.9339,52.0206],[70.9339,52.0206],[70.9339,52.0209],[70.9339,52.0209],[70.9341,52.0207],[70.9344,52.0205],[70.9346,52.0203],[70.9348,52.0201],[70.9351,52.0198],[70.9353,52.0196],[70.9355,52.0193],[70.9356,52.019],[70.9358,52.0187],[70.936,52.0184],[70.9362,52.018],[70.9363,52.0177],[70.9365,52.0174],[70.9367,52.017],[70.9367,52.017],[70.9367,52.0168],[70.9367,52.0168],[70.9367,52.0168],[70.9367,52.0168],[70.9367,52.0168],[70.9367,52.0167],[70.9367,52.0167],[70.9367,52.0167],[70.9367,52.0167],[70.9366,52.0167],[70.9366,52.0167],[70.9366,52.0167],[70.9366,52.0167],[70.9366,52.0167],[70.9366,52.0167],[70.9366,52.0167],[70.9365,52.0167],[70.9365,52.0167],[70.9365,52.0167],[70.9365,52.0167],[70.9365,52.0167],[70.9365,52.0167],[70.9365,52.0167],[70.9364,52.0167],[70.9364,52.0167],[70.9364,52.0167],[70.9364,52.0167],[70.9364,52.0167]]]],"type":"MultiPolygon"},"geometry_name":"shape","id":"gp_functional_zones.fid--7752831e_19fb67eabdc_7cae","properties":{"area":6.09487370087895,"creation_doc_id":3617,"deactivation_doc_id":null,"func_zone_status_id":2,"ggk_zone_code":"11010000","ggk_zone_name":"Территория усадебной застройки","gp_func_zone_code":"11010000","gp_func_zone_code_id":19,"id":4730687,"zone_type_id":8},"type":"Feature"},{"bbox":[70.941,52.0199,70.942,52.0205],"geometry":{"coordinates":[[[[70.942,52.0201],[70.9414,52.0199],[70.941,52.0202],[70.9414,52.0205],[70.9414,52.0205],[70.9414,52.0205],[70.9415,52.0205],[70.9415,52.0205],[70.9415,52.0205],[70.9415,52.0205],[70.9415,52.0205],[70.9416,52.0204],[70.9416,52.0204],[70.9416,52.0204],[70.9416,52.0204],[70.9416,52.0204],[70.9417,52.0204],[70.9417,52.0204],[70.9417,52.0204],[70.9417,52.0204],[70.9417,52.0203],[70.9418,52.0203],[70.9418,52.0203],[70.9418,52.0203],[70.9418,52.0203],[70.9418,52.0203],[70.9419,52.0203],[70.9419,52.0203],[70.9419,52.0203],[70.9419,52.0202],[70.9419,52.0202],[70.942,52.0202],[70.942,52.0202],[70.942,52.0202],[70.942,52.0202],[70.942,52.0202],[70.942,52.0201]]]],"type":"MultiPolygon"},"geometry_name":"shape","id":"gp_functional_zones.fid--7752831e_19fb67eabdc_7caf","properties":{"area":0.261586261513251,"creation_doc_id":3617,"deactivation_doc_id":null,"func_zone_status_id":2,"ggk_zone_code":"11010000","ggk_zone_name":"Территория усадебной застройки","gp_func_zone_code":"11010000","gp_func_zone_code_id":19,"id":4730688,"zone_type_id":8},"type":"Feature"},{"bbox":[70.9377,52.0184,70.9403,52.0205],"geometry":{"coordinates":[[[[70.9403,52.0187],[70.9396,52.0184],[70.9388,52.019],[70.9387,52.019],[70.9377,52.0205],[70.9378,52.0205],[70.938,52.0205],[70.9381,52.0205],[70.9382,52.0205],[70.9383,52.0204],[70.9384,52.0203],[70.9385,52.0202],[70.939,52.0198],[70.9403,52.0187]]]],"type":"MultiPolygon"},"geometry_name":"shape","id":"gp_functional_zones.fid--7752831e_19fb67eabdc_7cb0","properties":{"area":1.34372855925035,"creation_doc_id":3617,"deactivation_doc_id":null,"func_zone_status_id":2,"ggk_zone_code":"11010000","ggk_zone_name":"Территория усадебной застройки","gp_func_zone_code":"11010000","gp_func_zone_code_id":19,"id":4730689,"zone_type_id":8},"type":"Feature"},{"bbox":[70.9608,51.9851,70.9621,51.9861],"geometry":{"coordinates":[[[[70.9621,51.9852],[70.9614,51.9851],[70.9609,51.9858],[70.9608,51.9859],[70.9609,51.986],[70.9611,51.986],[70.9615,51.9861],[70.9615,51.9861],[70.9615,51.9861],[70.9615,51.9861],[70.9615,51.9861],[70.9615,51.9861],[70.9615,51.9861],[70.9615,51.9861],[70.9615,51.9861],[70.9615,51.9861],[70.9616,51.9861],[70.9616,51.9861],[70.9616,51.9861],[70.9616,51.9861],[70.9616,51.9861],[70.9616,51.9861],[70.9616,51.9861],[70.9616,51.9861],[70.9616,51.9861],[70.9616,51.9861],[70.9616,51.9861],[70.9616,51.9861],[70.9616,51.9861],[70.9616,51.9861],[70.9616,51.9861],[70.9616,51.9861],[70.9616,51.9861],[70.9616,51.9861],[70.9616,51.9861],[70.9616,51.9861],[70.9616,51.9861],[70.9616,51.9861],[70.9616,51.9861],[70.9616,51.9861],[70.9616,51.9861],[70.9617,51.9861],[70.9617,51.9861],[70.9617,51.9861],[70.9617,51.9861],[70.9617,51.9861],[70.9617,51.9861],[70.9617,51.9861],[70.9617,51.9861],[70.9617,51.9861],[70.9617,51.9861],[70.9617,51.9861],[70.9617,51.9861],[70.9617,51.9861],[70.9617,51.9861],[70.9617,51.9861],[70.9617,51.9861],[70.9617,51.9861],[70.9617,51.9861],[70.9617,51.9861],[70.9617,51.9861],[70.9617,51.9861],[70.9617,51.9861],[70.9617,51.9861],[70.9617,51.9861],[70.9618,51.9861],[70.9618,51.9861],[70.9618,51.9861],[70.9618,51.9861],[70.9618,51.9861],[70.9618,51.9861],[70.9621,51.9861],[70.9621,51.9852],[70.9621,51.9852],[70.9621,51.9852]]]],"type":"MultiPolygon"},"geometry_name":"shape","id":"gp_functional_zones.fid--7752831e_19fb67eabdc_7cef","properties":{"area":0.724718919283827,"creation_doc_id":3617,"deactivation_doc_id":null,"func_zone_status_id":2,"ggk_zone_code":"11010000","ggk_zone_name":"Территория усадебной застройки","gp_func_zone_code":"11010000","gp_func_zone_code_id":19,"id":4731719,"zone_type_id":8},"type":"Feature"},{"bbox":[70.9478,51.9941,70.9505,51.9948],"geometry":{"coordinates":[[[[70.9496,51.9942],[70.9479,51.9941],[70.9478,51.9948],[70.9479,51.9948],[70.9484,51.9948],[70.9504,51.9948],[70.9505,51.9942],[70.9499,51.9942],[70.9496,51.9942]]]],"type":"MultiPolygon"},"geometry_name":"shape","id":"gp_functional_zones.fid--7752831e_19fb67eabdc_7cf0","properties":{"area":1.30584799759351,"creation_doc_id":3617,"deactivation_doc_id":null,"func_zone_status_id":2,"ggk_zone_code":"11010000","ggk_zone_name":"Территория усадебной застройки","gp_func_zone_code":"11010000","gp_func_zone_code_id":19,"id":4731720,"zone_type_id":8},"type":"Feature"},{"bbox":[70.926,51.9938,70.9358,51.9954],"geometry":{"coordinates":[[[[70.9358,51.9954],[70.9358,51.9938],[70.9353,51.9938],[70.9326,51.9938],[70.9325,51.9938],[70.9316,51.9938],[70.9316,51.9938],[70.9314,51.9938],[70.9297,51.9938],[70.9297,51.9938],[70.9297,51.9938],[70.9296,51.9938],[70.9296,51.9938],[70.9296,51.9938],[70.9296,51.9938],[70.9295,51.9938],[70.9295,51.9938],[70.9295,51.9938],[70.9295,51.9938],[70.9295,51.9938],[70.9294,51.9938],[70.9294,51.9938],[70.9294,51.9938],[70.9294,51.9938],[70.9294,51.9938],[70.9293,51.9938],[70.9293,51.9938],[70.9293,51.9938],[70.9293,51.9938],[70.9292,51.9938],[70.9292,51.9938],[70.9292,51.9938],[70.9292,51.9938],[70.9292,51.9938],[70.9291,51.9938],[70.9291,51.9938],[70.9291,51.9938],[70.9291,51.9938],[70.9291,51.9938],[70.929,51.9938],[70.929,51.9938],[70.9286,51.9939],[70.9286,51.9939],[70.9282,51.9939],[70.9282,51.9939],[70.9281,51.9939],[70.9281,51.994],[70.9281,51.994],[70.928,51.994],[70.928,51.994],[70.928,51.994],[70.9279,51.994],[70.9279,51.994],[70.9279,51.994],[70.9278,51.994],[70.9278,51.994],[70.9278,51.994],[70.9277,51.994],[70.9277,51.994],[70.9277,51.994],[70.9276,51.994],[70.9264,51.9941],[70.926,51.9942],[70.926,51.9942],[70.926,51.9942],[70.926,51.9942],[70.926,51.9942],[70.926,51.9943],[70.926,51.9943],[70.926,51.9943],[70.926,51.9943],[70.926,51.9943],[70.926,51.9943],[70.926,51.9944],[70.926,51.9944],[70.926,51.9944],[70.926,51.9944],[70.926,51.9944],[70.926,51.9944],[70.926,51.9945],[70.926,51.9945],[70.926,51.9946],[70.9274,51.9946],[70.9274,51.9946],[70.9274,51.9946],[70.9274,51.9946],[70.9275,51.9946],[70.9275,51.9946],[70.9275,51.9946],[70.9275,51.9946],[70.9275,51.9946],[70.9275,51.9946],[70.9275,51.9946],[70.9276,51.9946],[70.9276,51.9946],[70.9276,51.9946],[70.9276,51.9946],[70.9276,51.9946],[70.9276,51.9946],[70.9276,51.9946],[70.9276,51.9946],[70.9277,51.9946],[70.9277,51.9946],[70.9277,51.9946],[70.9277,51.9946],[70.9277,51.9946],[70.9277,51.9946],[70.9277,51.9946],[70.9278,51.9946],[70.9278,51.9946],[70.9278,51.9946],[70.9278,51.9946],[70.9278,51.9946],[70.9278,51.9946],[70.9278,51.9946],[70.9279,51.9946],[70.9283,51.9946],[70.9286,51.9946],[70.9286,51.9946],[70.9286,51.9946],[70.9286,51.9946],[70.9286,51.995],[70.9286,51.9952],[70.9286,51.9953],[70.929,51.9953],[70.929,51.9953],[70.9291,51.9953],[70.9309,51.9953],[70.9309,51.9953],[70.9309,51.9953],[70.9309,51.9953],[70.9309,51.9953],[70.931,51.9953],[70.931,51.9953],[70.9321,51.9953],[70.9324,51.9953],[70.9325,51.9953],[70.9336,51.9953],[70.9336,51.9953],[70.9336,51.9953],[70.9337,51.9953],[70.9337,51.9953],[70.9337,51.9953],[70.9338,51.9953],[70.9338,51.9953],[70.9338,51.9953],[70.9339,51.9953],[70.9339,51.9953],[70.9339,51.9953],[70.934,51.9953],[70.934,51.9953],[70.934,51.9953],[70.9341,51.9953],[70.9341,51.9953],[70.9341,51.9953],[70.9342,51.9953],[70.9342,51.9953],[70.9342,51.9953],[70.9343,51.9953],[70.9343,51.9954],[70.9343,51.9954],[70.9344,51.9954],[70.9344,51.9954],[70.9344,51.9954],[70.9345,51.9954],[70.9345,51.9954],[70.9346,51.9954],[70.9346,51.9954],[70.9346,51.9954],[70.9347,51.9954],[70.9347,51.9954],[70.9347,51.9954],[70.9347,51.9954],[70.9348,51.9954],[70.9348,51.9954],[70.9348,51.9954],[70.9348,51.9954],[70.9349,51.9954],[70.9349,51.9954],[70.9349,51.9954],[70.935,51.9954],[70.935,51.9954],[70.935,51.9954],[70.9351,51.9954],[70.9351,51.9954],[70.9351,51.9954],[70.9352,51.9954],[70.9352,51.9954],[70.9352,51.9954],[70.9353,51.9954],[70.9353,51.9954],[70.9353,51.9954],[70.9354,51.9954],[70.9354,51.9954],[70.9354,51.9954],[70.9355,51.9954],[70.9355,51.9954],[70.9355,51.9954],[70.9356,51.9954],[70.9356,51.9954],[70.9356,51.9954],[70.9357,51.9954],[70.9357,51.9954],[70.9357,51.9954],[70.9358,51.9954],[70.9358,51.9954]]]],"type":"MultiPolygon"},"geometry_name":"shape","id":"gp_functional_zones.fid--7752831e_19fb67eabdc_7cf1","properties":{"area":9.6132039740857,"creation_doc_id":3617,"deactivation_doc_id":null,"func_zone_status_id":2,"ggk_zone_code":"11010000","ggk_zone_name":"Территория усадебной застройки","gp_func_zone_code":"11010000","gp_func_zone_code_id":19,"id":4731721,"zone_type_id":8},"type":"Feature"},{"bbox":[70.936,51.9938,70.9387,51.9954],"geometry":{"coordinates":[[[[70.9367,51.9943],[70.9384,51.9944],[70.9384,51.9946],[70.9387,51.9946],[70.9387,51.9941],[70.9387,51.9939],[70.9383,51.9939],[70.936,51.9938],[70.936,51.9954],[70.9364,51.9954],[70.9364,51.9952],[70.937,51.9951],[70.9367,51.9951],[70.9367,51.9943]]],[[[70.9384,51.9949],[70.9383,51.9951],[70.937,51.9951],[70.937,51.9954],[70.9371,51.9954],[70.9386,51.9954],[70.9387,51.995],[70.9384,51.9949]]]],"type":"MultiPolygon"},"geometry_name":"shape","id":"gp_functional_zones.fid--7752831e_19fb67eabdc_7cf2","properties":{"area":2.00445365809703,"creation_doc_id":3617,"deactivation_doc_id":null,"func_zone_status_id":2,"ggk_zone_code":"11010000","ggk_zone_name":"Территория усадебной застройки","gp_func_zone_code":"11010000","gp_func_zone_code_id":19,"id":4731722,"zone_type_id":8},"type":"Feature"},{"bbox":[70.9388,51.9939,70.9416,51.9955],"geometry":{"coordinates":[[[[70.9416,51.994],[70.939,51.9939],[70.9389,51.9941],[70.9389,51.995],[70.9389,51.995],[70.9388,51.9954],[70.9389,51.9954],[70.939,51.9954],[70.9392,51.9954],[70.9392,51.9954],[70.9393,51.9954],[70.9393,51.9954],[70.9393,51.9954],[70.9394,51.9954],[70.9394,51.9954],[70.9394,51.9954],[70.9395,51.9954],[70.9395,51.9954],[70.9395,51.9954],[70.9395,51.9954],[70.9396,51.9954],[70.9396,51.9955],[70.9396,51.9955],[70.9396,51.9955],[70.9396,51.9955],[70.9397,51.9955],[70.9397,51.9955],[70.9397,51.9955],[70.9397,51.9955],[70.9397,51.9955],[70.9398,51.9955],[70.9398,51.9955],[70.9398,51.9955],[70.9398,51.9955],[70.9398,51.9955],[70.9398,51.9955],[70.9399,51.9955],[70.9399,51.9955],[70.9399,51.9955],[70.9399,51.9955],[70.9399,51.9955],[70.9399,51.9955],[70.9399,51.9955],[70.9399,51.9955],[70.9399,51.9955],[70.9399,51.9955],[70.94,51.9955],[70.94,51.9955],[70.94,51.9955],[70.94,51.9955],[70.94,51.9955],[70.94,51.9955],[70.94,51.9955],[70.94,51.9955],[70.94,51.9955],[70.94,51.9955],[70.9401,51.9955],[70.9401,51.9955],[70.9401,51.9955],[70.9401,51.9955],[70.9401,51.9955],[70.9401,51.9955],[70.9401,51.9955],[70.9401,51.9955],[70.9401,51.9955],[70.9402,51.9955],[70.9402,51.9955],[70.9402,51.9955],[70.9402,51.9955],[70.9402,51.9955],[70.9402,51.9955],[70.9402,51.9955],[70.9402,51.9955],[70.9402,51.9955],[70.9402,51.9955],[70.9403,51.9955],[70.9403,51.9955],[70.9403,51.9955],[70.9403,51.9955],[70.9403,51.9955],[70.9403,51.9955],[70.9403,51.9955],[70.9403,51.9955],[70.9403,51.9955],[70.9403,51.9955],[70.9404,51.9955],[70.9404,51.9955],[70.9404,51.9955],[70.9404,51.9955],[70.9404,51.9955],[70.9404,51.9955],[70.9404,51.9955],[70.9404,51.9955],[70.9404,51.9955],[70.9405,51.9955],[70.9405,51.9955],[70.9405,51.9955],[70.9405,51.9955],[70.9405,51.9955],[70.9405,51.9955],[70.9405,51.9955],[70.9405,51.9955],[70.9405,51.9955],[70.9405,51.9955],[70.9406,51.9955],[70.9406,51.9955],[70.9406,51.9955],[70.9406,51.9955],[70.9406,51.9955],[70.9406,51.9955],[70.9406,51.9955],[70.9406,51.9955],[70.9406,51.9955],[70.9407,51.9955],[70.9407,51.9955],[70.9407,51.9955],[70.9407,51.9955],[70.9407,51.9955],[70.9407,51.9955],[70.9407,51.9955],[70.9407,51.9955],[70.9407,51.9955],[70.9407,51.9955],[70.9408,51.9955],[70.9408,51.9955],[70.9408,51.9955],[70.9408,51.9955],[70.9408,51.9955],[70.9408,51.9955],[70.9408,51.9955],[70.9408,51.9955],[70.9408,51.9955],[70.9408,51.9955],[70.9409,51.9955],[70.9409,51.9955],[70.9409,51.9955],[70.9409,51.9955],[70.9409,51.9955],[70.9409,51.9955],[70.9409,51.9955],[70.9409,51.9955],[70.9409,51.9955],[70.941,51.9955],[70.941,51.9955],[70.941,51.9955],[70.941,51.9955],[70.941,51.9955],[70.941,51.9955],[70.941,51.9955],[70.941,51.9955],[70.941,51.9955],[70.941,51.9955],[70.9411,51.9955],[70.9411,51.9955],[70.9411,51.9955],[70.9411,51.9955],[70.9411,51.9955],[70.9411,51.9955],[70.9411,51.9955],[70.9411,51.9955],[70.9411,51.9955],[70.9411,51.9955],[70.9412,51.9955],[70.9412,51.9955],[70.9412,51.9955],[70.9412,51.9955],[70.9412,51.9955],[70.9412,51.9955],[70.9412,51.9955],[70.9412,51.9955],[70.9412,51.9955],[70.9413,51.9955],[70.9413,51.9955],[70.9413,51.9955],[70.9413,51.9955],[70.9413,51.9955],[70.9413,51.9955],[70.9413,51.9955],[70.9413,51.9955],[70.9413,51.9955],[70.9413,51.9955],[70.9414,51.9955],[70.9414,51.9955],[70.9414,51.9955],[70.9414,51.9955],[70.9414,51.9955],[70.9414,51.9955],[70.9414,51.9955],[70.9414,51.9955],[70.9414,51.9955],[70.9414,51.9955],[70.9415,51.9955],[70.9415,51.9955],[70.9415,51.9955],[70.9416,51.994]]]],"type":"MultiPolygon"},"geometry_name":"shape","id":"gp_functional_zones.fid--7752831e_19fb67eabdc_7cf3","properties":{"area":3.10410560092955,"creation_doc_id":3617,"deactivation_doc_id":null,"func_zone_status_id":2,"ggk_zone_code":"11010000","ggk_zone_name":"Территория усадебной застройки","gp_func_zone_code":"11010000","gp_func_zone_code_id":19,"id":4731723,"zone_type_id":8},"type":"Feature"},{"bbox":[70.9466,51.9941,70.9476,51.9954],"geometry":{"coordinates":[[[[70.9476,51.9941],[70.9471,51.9941],[70.9468,51.9948],[70.9468,51.9948],[70.9466,51.9954],[70.9475,51.9954],[70.9475,51.9951],[70.9476,51.9949],[70.9476,51.9948],[70.9476,51.9941]]]],"type":"MultiPolygon"},"geometry_name":"shape","id":"gp_functional_zones.fid--7752831e_19fb67eabdc_7cf4","properties":{"area":0.734022396678496,"creation_doc_id":3617,"deactivation_doc_id":null,"func_zone_status_id":2,"ggk_zone_code":"11010000","ggk_zone_name":"Территория усадебной застройки","gp_func_zone_code":"11010000","gp_func_zone_code_id":19,"id":4731724,"zone_type_id":8},"type":"Feature"},{"bbox":[70.9417,51.994,70.9441,51.9955],"geometry":{"coordinates":[[[[70.9427,51.995],[70.9428,51.9944],[70.944,51.9944],[70.9441,51.9941],[70.9441,51.9941],[70.9441,51.9941],[70.9441,51.9941],[70.9441,51.9941],[70.9441,51.9941],[70.9441,51.9941],[70.9441,51.9941],[70.944,51.9941],[70.944,51.9941],[70.944,51.9941],[70.944,51.9941],[70.944,51.9941],[70.944,51.9941],[70.944,51.9941],[70.944,51.9941],[70.944,51.9941],[70.944,51.9941],[70.9439,51.9941],[70.9439,51.9941],[70.9439,51.9941],[70.9439,51.9941],[70.9439,51.9941],[70.9439,51.9941],[70.9439,51.9941],[70.9439,51.9941],[70.9439,51.9941],[70.9438,51.9941],[70.9438,51.9941],[70.9438,51.9941],[70.9438,51.9941],[70.9438,51.9941],[70.9438,51.9941],[70.9438,51.9941],[70.9438,51.9941],[70.9438,51.9941],[70.9438,51.9941],[70.9437,51.9941],[70.9437,51.9941],[70.9437,51.9941],[70.9437,51.9941],[70.9437,51.9941],[70.9437,51.9941],[70.9437,51.9941],[70.9437,51.9941],[70.9437,51.9941],[70.9437,51.9941],[70.9436,51.9941],[70.9436,51.9941],[70.9436,51.9941],[70.9436,51.9941],[70.9436,51.9941],[70.9436,51.9941],[70.9436,51.9941],[70.9436,51.9941],[70.9436,51.9941],[70.9436,51.9941],[70.9435,51.9941],[70.9435,51.994],[70.9435,51.994],[70.9435,51.994],[70.9435,51.994],[70.9435,51.994],[70.9435,51.994],[70.9435,51.994],[70.9435,51.994],[70.9435,51.994],[70.9434,51.994],[70.9434,51.994],[70.9434,51.994],[70.9434,51.994],[70.9434,51.994],[70.9434,51.994],[70.9434,51.994],[70.9434,51.994],[70.9434,51.994],[70.9434,51.994],[70.9433,51.994],[70.9433,51.994],[70.9433,51.994],[70.9433,51.994],[70.9433,51.994],[70.9433,51.994],[70.9433,51.994],[70.9433,51.994],[70.9433,51.994],[70.9433,51.994],[70.9432,51.994],[70.9432,51.994],[70.9432,51.994],[70.9432,51.994],[70.9432,51.994],[70.9432,51.994],[70.9432,51.994],[70.9432,51.994],[70.9432,51.994],[70.9431,51.994],[70.9431,51.994],[70.9431,51.994],[70.9431,51.994],[70.9431,51.994],[70.9431,51.994],[70.9431,51.994],[70.9431,51.994],[70.9431,51.994],[70.9431,51.994],[70.943,51.994],[70.943,51.994],[70.943,51.994],[70.943,51.994],[70.943,51.994],[70.943,51.994],[70.943,51.994],[70.943,51.994],[70.943,51.994],[70.943,51.994],[70.9429,51.994],[70.9429,51.994],[70.9429,51.994],[70.9429,51.994],[70.9429,51.994],[70.9429,51.994],[70.9429,51.994],[70.9429,51.994],[70.9429,51.994],[70.9429,51.994],[70.9428,51.994],[70.9428,51.994],[70.9428,51.994],[70.9428,51.994],[70.9428,51.994],[70.9428,51.994],[70.9428,51.994],[70.9428,51.994],[70.9428,51.994],[70.9428,51.994],[70.9427,51.994],[70.9427,51.994],[70.9427,51.994],[70.9427,51.994],[70.9427,51.994],[70.9427,51.994],[70.9427,51.994],[70.9427,51.994],[70.9427,51.994],[70.9427,51.994],[70.9426,51.994],[70.9426,51.994],[70.9426,51.994],[70.9426,51.994],[70.9426,51.994],[70.9426,51.994],[70.9426,51.994],[70.9426,51.994],[70.9426,51.994],[70.9425,51.994],[70.9425,51.994],[70.9425,51.994],[70.9425,51.994],[70.9425,51.994],[70.9425,51.994],[70.9425,51.994],[70.9425,51.994],[70.9425,51.994],[70.9425,51.994],[70.9424,51.994],[70.9424,51.994],[70.9424,51.994],[70.9424,51.994],[70.9424,51.994],[70.9424,51.994],[70.9424,51.994],[70.9424,51.994],[70.9424,51.994],[70.9424,51.994],[70.9423,51.994],[70.9423,51.994],[70.9423,51.994],[70.9423,51.994],[70.9423,51.994],[70.9423,51.994],[70.9423,51.994],[70.9423,51.994],[70.9423,51.994],[70.9423,51.994],[70.9422,51.994],[70.9422,51.994],[70.9422,51.994],[70.9422,51.994],[70.9422,51.994],[70.9422,51.994],[70.9422,51.994],[70.9422,51.994],[70.9422,51.994],[70.9422,51.994],[70.9421,51.994],[70.9421,51.994],[70.9421,51.994],[70.9421,51.994],[70.9421,51.994],[70.9421,51.994],[70.9421,51.994],[70.9421,51.994],[70.9421,51.994],[70.942,51.994],[70.942,51.994],[70.942,51.994],[70.942,51.994],[70.942,51.994],[70.942,51.994],[70.942,51.994],[70.942,51.994],[70.942,51.994],[70.942,51.994],[70.9419,51.994],[70.9419,51.994],[70.9419,51.994],[70.9419,51.994],[70.9419,51.994],[70.9419,51.994],[70.9419,51.994],[70.9419,51.994],[70.9419,51.994],[70.9419,51.994],[70.9418,51.994],[70.9418,51.994],[70.9418,51.994],[70.9417,51.9952],[70.9417,51.9955],[70.9422,51.9955],[70.9423,51.9955],[70.9427,51.9955],[70.9427,51.9951],[70.9427,51.995]]]],"type":"MultiPolygon"},"geometry_name":"shape","id":"gp_functional_zones.fid--7752831e_19fb67eabdc_7cf5","properties":{"area":1.53665325475704,"creation_doc_id":3617,"deactivation_doc_id":null,"func_zone_status_id":2,"ggk_zone_code":"11010000","ggk_zone_name":"Территория усадебной застройки","gp_func_zone_code":"11010000","gp_func_zone_code_id":19,"id":4731726,"zone_type_id":8},"type":"Feature"},{"bbox":[70.9477,51.9949,70.9491,51.9954],"geometry":{"coordinates":[[[[70.948,51.9949],[70.9478,51.9949],[70.9478,51.995],[70.9477,51.9951],[70.9477,51.9954],[70.9491,51.9954],[70.9491,51.9951],[70.9491,51.9949],[70.9491,51.9949],[70.9484,51.9949],[70.948,51.9949]]]],"type":"MultiPolygon"},"geometry_name":"shape","id":"gp_functional_zones.fid--7752831e_19fb67eabdc_7cf6","properties":{"area":0.547283236044083,"creation_doc_id":3617,"deactivation_doc_id":null,"func_zone_status_id":2,"ggk_zone_code":"11010000","ggk_zone_name":"Территория усадебной застройки","gp_func_zone_code":"11010000","gp_func_zone_code_id":19,"id":4731727,"zone_type_id":8},"type":"Feature"},{"bbox":[70.959,51.9943,70.9675,51.9957],"geometry":{"coordinates":[[[[70.9604,51.9957],[70.9605,51.9953],[70.9614,51.9953],[70.9614,51.9953],[70.9615,51.9953],[70.9615,51.9951],[70.9624,51.9951],[70.9624,51.9949],[70.9638,51.9949],[70.9638,51.9953],[70.9639,51.9953],[70.9646,51.9953],[70.9647,51.9953],[70.9669,51.9953],[70.9675,51.9953],[70.9675,51.9953],[70.9671,51.9951],[70.9669,51.995],[70.9669,51.995],[70.9661,51.9945],[70.966,51.9944],[70.9654,51.9944],[70.9631,51.9944],[70.9631,51.9944],[70.963,51.9944],[70.9607,51.9943],[70.9591,51.9943],[70.9591,51.9946],[70.9591,51.9949],[70.9591,51.995],[70.959,51.9951],[70.959,51.9957],[70.9604,51.9957]]]],"type":"MultiPolygon"},"geometry_name":"shape","id":"gp_functional_zones.fid--7752831e_19fb67eabdc_7cf7","properties":{"area":5.43196213329852,"creation_doc_id":3617,"deactivation_doc_id":null,"func_zone_status_id":2,"ggk_zone_code":"11010000","ggk_zone_name":"Территория усадебной застройки","gp_func_zone_code":"11010000","gp_func_zone_code_id":19,"id":4731728,"zone_type_id":8},"type":"Feature"},{"bbox":[70.9417,51.996,70.9434,51.9964],"geometry":{"coordinates":[[[[70.9434,51.996],[70.9417,51.996],[70.9417,51.9964],[70.942,51.9964],[70.9433,51.9963],[70.9434,51.996]]]],"type":"MultiPolygon"},"geometry_name":"shape","id":"gp_functional_zones.fid--7752831e_19fb67eabdc_7cf8","properties":{"area":0.418676004461235,"creation_doc_id":3617,"deactivation_doc_id":null,"func_zone_status_id":2,"ggk_zone_code":"11010000","ggk_zone_name":"Территория усадебной застройки","gp_func_zone_code":"11010000","gp_func_zone_code_id":19,"id":4731729,"zone_type_id":8},"type":"Feature"},{"bbox":[70.9404,51.996,70.9415,51.9964],"geometry":{"coordinates":[[[[70.9415,51.996],[70.9405,51.996],[70.9404,51.9964],[70.9404,51.9964],[70.9411,51.9964],[70.9411,51.9964],[70.9412,51.9964],[70.9412,51.9964],[70.9412,51.9964],[70.9412,51.9964],[70.9412,51.9964],[70.9413,51.9964],[70.9413,51.9964],[70.9414,51.9964],[70.9415,51.996]]]],"type":"MultiPolygon"},"geometry_name":"shape","id":"gp_functional_zones.fid--7752831e_19fb67eabdc_7cf9","properties":{"area":0.309875609028484,"creation_doc_id":3617,"deactivation_doc_id":null,"func_zone_status_id":2,"ggk_zone_code":"11010000","ggk_zone_name":"Территория усадебной застройки","gp_func_zone_code":"11010000","gp_func_zone_code_id":19,"id":4731730,"zone_type_id":8},"type":"Feature"},{"bbox":[70.9459,51.9964,70.9502,51.9976],"geometry":{"coordinates":[[[[70.9502,51.9967],[70.9502,51.9964],[70.9502,51.9964],[70.9495,51.9964],[70.9494,51.9967],[70.9494,51.9967],[70.9489,51.9967],[70.9481,51.9967],[70.9481,51.9966],[70.9481,51.9964],[70.9475,51.9964],[70.9474,51.9964],[70.9465,51.9964],[70.9462,51.9964],[70.9461,51.9967],[70.9461,51.9967],[70.9459,51.9972],[70.9473,51.9972],[70.9474,51.9972],[70.9474,51.9974],[70.9474,51.9974],[70.9474,51.9974],[70.9474,51.9975],[70.9474,51.9975],[70.9474,51.9975],[70.9474,51.9975],[70.9474,51.9975],[70.9474,51.9975],[70.9475,51.9975],[70.9477,51.9976],[70.9479,51.9976],[70.9479,51.9976],[70.948,51.9976],[70.948,51.9976],[70.948,51.9976],[70.9485,51.9976],[70.9485,51.9976],[70.9488,51.9976],[70.9488,51.9976],[70.9489,51.9976],[70.9491,51.9976],[70.9491,51.9976],[70.9492,51.9976],[70.9492,51.9976],[70.9496,51.9976],[70.95,51.9975],[70.9502,51.9975],[70.9502,51.9974],[70.9502,51.9974],[70.9502,51.9974],[70.9501,51.9974],[70.9501,51.9974],[70.9501,51.9974],[70.9501,51.9974],[70.9501,51.9974],[70.9501,51.9974],[70.9501,51.9974],[70.9501,51.9974],[70.9501,51.9974],[70.9501,51.9974],[70.9501,51.9974],[70.9501,51.9974],[70.9501,51.9974],[70.9501,51.9974],[70.9501,51.9974],[70.9501,51.9973],[70.9501,51.9973],[70.9501,51.9973],[70.9501,51.9973],[70.9501,51.9973],[70.9501,51.9973],[70.9501,51.9973],[70.9501,51.9973],[70.9501,51.9973],[70.9501,51.9973],[70.9501,51.9973],[70.9501,51.9973],[70.9501,51.9973],[70.9501,51.9973],[70.9501,51.9973],[70.9501,51.9973],[70.9501,51.9973],[70.9501,51.9973],[70.9501,51.9973],[70.9501,51.9973],[70.9501,51.9973],[70.9501,51.9973],[70.9501,51.9973],[70.9501,51.9973],[70.9501,51.9972],[70.9501,51.9972],[70.9501,51.9972],[70.9501,51.9972],[70.9501,51.9972],[70.9501,51.9972],[70.9501,51.9972],[70.9501,51.9972],[70.9501,51.9972],[70.9501,51.9972],[70.9501,51.9972],[70.9501,51.9972],[70.9501,51.9972],[70.9501,51.9972],[70.9501,51.9972],[70.9501,51.9972],[70.9501,51.9972],[70.9501,51.9972],[70.9501,51.9972],[70.9501,51.9972],[70.9501,51.9972],[70.9501,51.9972],[70.9501,51.9972],[70.9501,51.9972],[70.9501,51.9971],[70.9501,51.9971],[70.9501,51.9971],[70.9501,51.9971],[70.9501,51.9971],[70.9501,51.9971],[70.9501,51.9971],[70.9501,51.9971],[70.9501,51.9971],[70.9501,51.9971],[70.9501,51.9971],[70.9501,51.9971],[70.9501,51.9971],[70.9501,51.9971],[70.9501,51.9971],[70.9501,51.9971],[70.9501,51.9971],[70.9501,51.9971],[70.9501,51.9971],[70.9501,51.9971],[70.9501,51.9971],[70.9501,51.9971],[70.9501,51.9971],[70.9501,51.9971],[70.9501,51.9971],[70.9501,51.9971],[70.9501,51.9971],[70.9501,51.9971],[70.9501,51.9971],[70.9501,51.9971],[70.9501,51.9971],[70.9501,51.997],[70.9501,51.997],[70.9501,51.997],[70.9501,51.997],[70.9501,51.997],[70.9501,51.997],[70.9501,51.997],[70.9501,51.997],[70.9501,51.997],[70.9501,51.997],[70.9501,51.997],[70.9501,51.997],[70.9501,51.997],[70.9501,51.997],[70.9501,51.997],[70.9501,51.997],[70.9501,51.997],[70.9501,51.997],[70.9501,51.997],[70.9501,51.997],[70.9501,51.997],[70.9501,51.997],[70.9501,51.997],[70.9501,51.997],[70.9501,51.997],[70.9501,51.997],[70.9501,51.997],[70.9501,51.997],[70.9501,51.997],[70.9501,51.997],[70.9501,51.997],[70.9501,51.997],[70.9501,51.997],[70.9501,51.9969],[70.9501,51.9969],[70.9501,51.9969],[70.9502,51.9967]]]],"type":"MultiPolygon"},"geometry_name":"shape","id":"gp_functional_zones.fid--7752831e_19fb67eabdc_7cfa","properties":{"area":3.07290773145183,"creation_doc_id":3617,"deactivation_doc_id":null,"func_zone_status_id":2,"ggk_zone_code":"11010000","ggk_zone_name":"Территория усадебной застройки","gp_func_zone_code":"11010000","gp_func_zone_code_id":19,"id":4731736,"zone_type_id":8},"type":"Feature"},{"bbox":[70.9355,51.9965,70.9432,51.9984],"geometry":{"coordinates":[[[[70.9431,51.9969],[70.9432,51.9965],[70.9413,51.9966],[70.9413,51.9966],[70.9412,51.9966],[70.9412,51.9966],[70.9411,51.9966],[70.9408,51.9966],[70.9407,51.9966],[70.9388,51.9966],[70.9387,51.9966],[70.9384,51.9966],[70.9384,51.9966],[70.9383,51.9966],[70.9383,51.9966],[70.9383,51.9966],[70.9382,51.9966],[70.9382,51.9966],[70.9382,51.9966],[70.9381,51.9966],[70.9381,51.9966],[70.9381,51.9966],[70.938,51.9966],[70.938,51.9966],[70.938,51.9966],[70.9379,51.9966],[70.9379,51.9966],[70.9379,51.9966],[70.9355,51.9968],[70.9356,51.9976],[70.9363,51.9976],[70.9363,51.9976],[70.9363,51.9976],[70.9364,51.9976],[70.9364,51.9976],[70.9364,51.9976],[70.9365,51.9976],[70.9365,51.9976],[70.9365,51.9976],[70.9366,51.9976],[70.9366,51.9977],[70.9366,51.9977],[70.9366,51.9977],[70.9366,51.9977],[70.9366,51.9977],[70.9367,51.9978],[70.9367,51.9978],[70.9368,51.9984],[70.9375,51.9984],[70.9376,51.9984],[70.9387,51.9982],[70.9387,51.9982],[70.9389,51.9982],[70.9389,51.9977],[70.9389,51.9977],[70.9407,51.9977],[70.9429,51.9976],[70.9429,51.9975],[70.9431,51.997],[70.9431,51.9969],[70.9431,51.9969],[70.9431,51.9969]]]],"type":"MultiPolygon"},"geometry_name":"shape","id":"gp_functional_zones.fid--7752831e_19fb67eabdc_7cfb","properties":{"area":6.9186769293159,"creation_doc_id":3617,"deactivation_doc_id":null,"func_zone_status_id":2,"ggk_zone_code":"11010000","ggk_zone_name":"Территория усадебной застройки","gp_func_zone_code":"11010000","gp_func_zone_code_id":19,"id":4731737,"zone_type_id":8},"type":"Feature"},{"bbox":[70.9591,51.9969,70.9611,51.9973],"geometry":{"coordinates":[[[[70.9611,51.9973],[70.9611,51.9971],[70.9611,51.9971],[70.9611,51.9971],[70.9611,51.9971],[70.9611,51.997],[70.9611,51.997],[70.9611,51.997],[70.9611,51.997],[70.9611,51.997],[70.961,51.997],[70.961,51.997],[70.961,51.997],[70.961,51.997],[70.961,51.997],[70.961,51.997],[70.961,51.997],[70.961,51.997],[70.961,51.997],[70.961,51.997],[70.961,51.997],[70.961,51.9969],[70.9609,51.9969],[70.9609,51.9969],[70.9609,51.9969],[70.9591,51.9969],[70.9591,51.9969],[70.9591,51.9973],[70.9591,51.9973],[70.9591,51.9973],[70.9591,51.9973],[70.9591,51.9973],[70.9591,51.9973],[70.9591,51.9973],[70.9591,51.9973],[70.9591,51.9973],[70.9592,51.9973],[70.9592,51.9973],[70.9592,51.9973],[70.9592,51.9973],[70.9592,51.9973],[70.9592,51.9973],[70.9592,51.9973],[70.9592,51.9973],[70.9592,51.9973],[70.9592,51.9973],[70.9592,51.9973],[70.9592,51.9973],[70.9592,51.9973],[70.9592,51.9973],[70.9592,51.9973],[70.9592,51.9973],[70.9593,51.9973],[70.9593,51.9973],[70.9593,51.9973],[70.9593,51.9973],[70.9593,51.9973],[70.9593,51.9973],[70.9593,51.9973],[70.9593,51.9973],[70.9593,51.9973],[70.9593,51.9973],[70.9593,51.9973],[70.9593,51.9973],[70.9593,51.9973],[70.9593,51.9973],[70.9593,51.9973],[70.9593,51.9973],[70.9594,51.9973],[70.9594,51.9973],[70.9594,51.9973],[70.9594,51.9973],[70.9594,51.9973],[70.9594,51.9973],[70.9594,51.9973],[70.9594,51.9973],[70.9594,51.9973],[70.9594,51.9973],[70.9594,51.9973],[70.9594,51.9973],[70.9594,51.9973],[70.9594,51.9973],[70.9594,51.9973],[70.9594,51.9973],[70.9595,51.9973],[70.9595,51.9973],[70.9595,51.9973],[70.9595,51.9973],[70.9595,51.9973],[70.9595,51.9973],[70.9595,51.9973],[70.9595,51.9973],[70.9595,51.9973],[70.9595,51.9973],[70.9595,51.9973],[70.9595,51.9973],[70.9595,51.9973],[70.9595,51.9973],[70.9595,51.9973],[70.9595,51.9973],[70.9595,51.9973],[70.9596,51.9973],[70.9596,51.9973],[70.9596,51.9973],[70.9596,51.9973],[70.9596,51.9973],[70.9596,51.9973],[70.9596,51.9973],[70.9596,51.9973],[70.9596,51.9973],[70.9596,51.9973],[70.9596,51.9973],[70.9596,51.9973],[70.9596,51.9973],[70.9596,51.9973],[70.9596,51.9973],[70.9596,51.9973],[70.9597,51.9973],[70.9597,51.9973],[70.9597,51.9973],[70.9597,51.9973],[70.9597,51.9973],[70.9597,51.9973],[70.9597,51.9973],[70.9597,51.9973],[70.9597,51.9973],[70.9597,51.9973],[70.9597,51.9973],[70.9597,51.9973],[70.9597,51.9973],[70.9597,51.9973],[70.9598,51.9973],[70.9598,51.9973],[70.9598,51.9973],[70.9598,51.9973],[70.9598,51.9973],[70.9598,51.9973],[70.9598,51.9973],[70.9598,51.9973],[70.9598,51.9973],[70.9598,51.9973],[70.9598,51.9973],[70.9598,51.9973],[70.9598,51.9973],[70.9598,51.9973],[70.9599,51.9973],[70.9599,51.9973],[70.9599,51.9973],[70.9599,51.9973],[70.9599,51.9973],[70.9599,51.9973],[70.9599,51.9973],[70.9599,51.9973],[70.9599,51.9973],[70.9599,51.9973],[70.9599,51.9973],[70.9599,51.9973],[70.9599,51.9973],[70.9599,51.9973],[70.96,51.9973],[70.96,51.9973],[70.96,51.9973],[70.96,51.9973],[70.96,51.9973],[70.96,51.9973],[70.96,51.9973],[70.96,51.9973],[70.96,51.9973],[70.96,51.9973],[70.96,51.9973],[70.96,51.9973],[70.96,51.9973],[70.96,51.9973],[70.9601,51.9973],[70.9601,51.9973],[70.9601,51.9973],[70.9601,51.9973],[70.9601,51.9973],[70.9601,51.9973],[70.9601,51.9973],[70.9601,51.9973],[70.9601,51.9973],[70.9601,51.9973],[70.9601,51.9973],[70.9601,51.9973],[70.9601,51.9973],[70.9601,51.9973],[70.9602,51.9973],[70.9602,51.9973],[70.9602,51.9973],[70.9602,51.9973],[70.9602,51.9973],[70.9602,51.9973],[70.9602,51.9973],[70.9602,51.9973],[70.9602,51.9973],[70.9602,51.9973],[70.9602,51.9973],[70.9602,51.9973],[70.9602,51.9973],[70.9602,51.9973],[70.9602,51.9973],[70.9603,51.9973],[70.9603,51.9973],[70.9603,51.9973],[70.9603,51.9973],[70.9603,51.9973],[70.9603,51.9973],[70.9603,51.9973],[70.9603,51.9973],[70.9603,51.9973],[70.9603,51.9973],[70.9603,51.9973],[70.9603,51.9973],[70.9603,51.9973],[70.9603,51.9973],[70.9604,51.9973],[70.9604,51.9973],[70.9604,51.9973],[70.9604,51.9973],[70.9604,51.9973],[70.9604,51.9973],[70.9604,51.9973],[70.9604,51.9973],[70.9604,51.9973],[70.9604,51.9973],[70.9604,51.9973],[70.9604,51.9973],[70.9604,51.9973],[70.9604,51.9973],[70.9605,51.9973],[70.9605,51.9973],[70.9605,51.9973],[70.9605,51.9973],[70.9605,51.9973],[70.9605,51.9973],[70.9605,51.9973],[70.9605,51.9973],[70.9605,51.9973],[70.9605,51.9973],[70.9605,51.9973],[70.9605,51.9973],[70.9605,51.9973],[70.9605,51.9973],[70.9606,51.9973],[70.9606,51.9973],[70.9606,51.9973],[70.9606,51.9973],[70.9606,51.9973],[70.9606,51.9973],[70.9606,51.9973],[70.9606,51.9973],[70.9606,51.9973],[70.9606,51.9973],[70.9606,51.9973],[70.9606,51.9973],[70.9606,51.9973],[70.9606,51.9973],[70.9606,51.9973],[70.9606,51.9973],[70.9606,51.9973],[70.9607,51.9973],[70.9607,51.9973],[70.9607,51.9973],[70.9607,51.9973],[70.9607,51.9973],[70.9607,51.9973],[70.9607,51.9973],[70.9607,51.9973],[70.9607,51.9973],[70.9607,51.9973],[70.9607,51.9973],[70.9607,51.9973],[70.9607,51.9973],[70.9607,51.9973],[70.9607,51.9973],[70.9607,51.9973],[70.9607,51.9973],[70.9608,51.9973],[70.9608,51.9973],[70.9608,51.9973],[70.9608,51.9973],[70.9608,51.9973],[70.9608,51.9973],[70.9608,51.9973],[70.9608,51.9973],[70.9608,51.9973],[70.9608,51.9973],[70.9608,51.9973],[70.9608,51.9973],[70.9608,51.9973],[70.9608,51.9973],[70.9608,51.9973],[70.9608,51.9973],[70.9608,51.9973],[70.9609,51.9973],[70.9609,51.9973],[70.9609,51.9973],[70.9609,51.9973],[70.9609,51.9973],[70.9609,51.9973],[70.9609,51.9973],[70.9609,51.9973],[70.9609,51.9973],[70.9609,51.9973],[70.9609,51.9973],[70.9609,51.9973],[70.9609,51.9973],[70.9609,51.9973],[70.9609,51.9973],[70.9609,51.9973],[70.961,51.9973],[70.961,51.9973],[70.961,51.9973],[70.961,51.9973],[70.961,51.9973],[70.961,51.9973],[70.961,51.9973],[70.961,51.9973],[70.961,51.9973],[70.961,51.9973],[70.961,51.9973],[70.961,51.9973],[70.961,51.9973],[70.961,51.9973],[70.961,51.9973],[70.961,51.9973],[70.961,51.9973],[70.9611,51.9973],[70.9611,51.9973],[70.9611,51.9973],[70.9611,51.9973],[70.9611,51.9973],[70.9611,51.9973]]]],"type":"MultiPolygon"},"geometry_name":"shape","id":"gp_functional_zones.fid--7752831e_19fb67eabdc_7cfd","properties":{"area":0.557364124099362,"creation_doc_id":3617,"deactivation_doc_id":null,"func_zone_status_id":2,"ggk_zone_code":"11010000","ggk_zone_name":"Территория усадебной застройки","gp_func_zone_code":"11010000","gp_func_zone_code_id":19,"id":4731739,"zone_type_id":8},"type":"Feature"},{"bbox":[70.9563,51.9971,70.9584,51.9977],"geometry":{"coordinates":[[[[70.958,51.9974],[70.9584,51.9973],[70.9584,51.9973],[70.9584,51.9973],[70.9584,51.9971],[70.9563,51.9971],[70.9563,51.9971],[70.9563,51.9973],[70.9563,51.9974],[70.9563,51.9974],[70.9563,51.9974],[70.9563,51.9977],[70.9563,51.9977],[70.9563,51.9977],[70.9563,51.9977],[70.9563,51.9977],[70.9563,51.9977],[70.9563,51.9977],[70.9563,51.9977],[70.9563,51.9977],[70.9563,51.9977],[70.9564,51.9977],[70.9564,51.9977],[70.9564,51.9977],[70.9564,51.9977],[70.9564,51.9977],[70.9564,51.9977],[70.9564,51.9977],[70.9564,51.9977],[70.9564,51.9977],[70.9564,51.9977],[70.9564,51.9977],[70.9565,51.9977],[70.9565,51.9977],[70.9565,51.9977],[70.9565,51.9977],[70.9565,51.9977],[70.9565,51.9977],[70.9565,51.9977],[70.9565,51.9977],[70.9565,51.9977],[70.9565,51.9977],[70.9565,51.9977],[70.9565,51.9977],[70.9566,51.9977],[70.9566,51.9977],[70.9566,51.9977],[70.9566,51.9977],[70.9566,51.9976],[70.9566,51.9976],[70.9566,51.9976],[70.9566,51.9976],[70.9566,51.9976],[70.9566,51.9976],[70.9566,51.9976],[70.9567,51.9976],[70.9567,51.9976],[70.9567,51.9976],[70.9567,51.9976],[70.9567,51.9976],[70.9567,51.9976],[70.9567,51.9976],[70.9567,51.9976],[70.9567,51.9976],[70.9567,51.9976],[70.9567,51.9976],[70.9567,51.9976],[70.9568,51.9976],[70.9568,51.9976],[70.9568,51.9976],[70.9568,51.9976],[70.9568,51.9976],[70.9568,51.9976],[70.9568,51.9976],[70.9568,51.9976],[70.9568,51.9976],[70.9568,51.9976],[70.9568,51.9976],[70.9568,51.9976],[70.9569,51.9976],[70.9569,51.9976],[70.9569,51.9976],[70.9569,51.9976],[70.9569,51.9976],[70.9569,51.9976],[70.9569,51.9976],[70.9569,51.9976],[70.9569,51.9976],[70.9569,51.9976],[70.9569,51.9976],[70.957,51.9976],[70.957,51.9976],[70.957,51.9976],[70.957,51.9976],[70.957,51.9976],[70.957,51.9976],[70.957,51.9976],[70.957,51.9976],[70.957,51.9976],[70.957,51.9976],[70.957,51.9976],[70.957,51.9976],[70.957,51.9976],[70.9571,51.9976],[70.9571,51.9976],[70.9571,51.9976],[70.9571,51.9976],[70.9571,51.9976],[70.9571,51.9976],[70.9571,51.9976],[70.9571,51.9976],[70.9571,51.9976],[70.9571,51.9976],[70.9571,51.9976],[70.9571,51.9976],[70.9571,51.9976],[70.9571,51.9975],[70.9572,51.9975],[70.9572,51.9975],[70.9572,51.9975],[70.9572,51.9975],[70.9572,51.9975],[70.9572,51.9975],[70.9572,51.9975],[70.9572,51.9975],[70.9572,51.9975],[70.9572,51.9975],[70.9572,51.9975],[70.9572,51.9975],[70.9572,51.9975],[70.9573,51.9975],[70.9573,51.9975],[70.958,51.9974]]]],"type":"MultiPolygon"},"geometry_name":"shape","id":"gp_functional_zones.fid--7752831e_19fb67eabdc_7cfe","properties":{"area":0.675113313549276,"creation_doc_id":3617,"deactivation_doc_id":null,"func_zone_status_id":2,"ggk_zone_code":"11010000","ggk_zone_name":"Территория усадебной застройки","gp_func_zone_code":"11010000","gp_func_zone_code_id":19,"id":4731740,"zone_type_id":8},"type":"Feature"},{"bbox":[70.9618,51.9964,70.9639,51.9976],"geometry":{"coordinates":[[[[70.9639,51.9965],[70.9622,51.9964],[70.9621,51.9968],[70.9621,51.9968],[70.9621,51.9968],[70.9621,51.9969],[70.9621,51.9969],[70.9621,51.9969],[70.9621,51.9969],[70.9621,51.9969],[70.9621,51.9969],[70.9621,51.9969],[70.9621,51.9969],[70.9621,51.9969],[70.9621,51.9969],[70.9621,51.9969],[70.9621,51.9969],[70.9621,51.9969],[70.9621,51.9969],[70.9621,51.9969],[70.9621,51.9969],[70.9621,51.9969],[70.9621,51.9969],[70.9621,51.9969],[70.9621,51.9969],[70.9621,51.9969],[70.9621,51.9969],[70.9621,51.997],[70.9621,51.997],[70.9621,51.997],[70.9621,51.997],[70.9621,51.997],[70.9621,51.997],[70.9621,51.997],[70.9621,51.997],[70.9621,51.997],[70.9621,51.997],[70.9621,51.997],[70.9621,51.997],[70.9621,51.997],[70.9621,51.997],[70.9621,51.997],[70.9621,51.997],[70.9621,51.997],[70.9621,51.997],[70.9621,51.997],[70.9621,51.997],[70.9621,51.997],[70.9621,51.997],[70.9621,51.997],[70.962,51.997],[70.962,51.997],[70.962,51.997],[70.962,51.997],[70.962,51.997],[70.962,51.997],[70.962,51.997],[70.962,51.997],[70.962,51.997],[70.962,51.997],[70.962,51.997],[70.962,51.997],[70.962,51.997],[70.962,51.997],[70.962,51.997],[70.962,51.997],[70.962,51.997],[70.962,51.997],[70.962,51.997],[70.962,51.997],[70.962,51.997],[70.962,51.997],[70.962,51.997],[70.962,51.997],[70.962,51.997],[70.962,51.997],[70.962,51.997],[70.962,51.997],[70.962,51.997],[70.962,51.997],[70.962,51.997],[70.962,51.997],[70.962,51.997],[70.962,51.997],[70.962,51.997],[70.962,51.997],[70.962,51.997],[70.962,51.997],[70.962,51.997],[70.962,51.997],[70.962,51.997],[70.962,51.997],[70.962,51.997],[70.962,51.997],[70.962,51.997],[70.962,51.997],[70.962,51.997],[70.962,51.997],[70.962,51.997],[70.962,51.997],[70.962,51.997],[70.962,51.997],[70.962,51.997],[70.962,51.997],[70.962,51.997],[70.962,51.997],[70.962,51.997],[70.962,51.997],[70.962,51.997],[70.962,51.997],[70.962,51.997],[70.962,51.997],[70.962,51.997],[70.962,51.997],[70.962,51.997],[70.962,51.997],[70.962,51.997],[70.962,51.997],[70.962,51.997],[70.962,51.997],[70.962,51.997],[70.962,51.997],[70.962,51.997],[70.962,51.997],[70.962,51.997],[70.962,51.997],[70.962,51.997],[70.962,51.997],[70.962,51.997],[70.962,51.997],[70.962,51.997],[70.962,51.997],[70.962,51.997],[70.962,51.997],[70.962,51.997],[70.962,51.997],[70.962,51.997],[70.962,51.997],[70.962,51.997],[70.962,51.997],[70.962,51.997],[70.962,51.997],[70.962,51.997],[70.962,51.997],[70.962,51.997],[70.962,51.997],[70.962,51.997],[70.962,51.997],[70.962,51.997],[70.962,51.997],[70.962,51.997],[70.9619,51.9971],[70.9619,51.9971],[70.9619,51.9971],[70.9619,51.9971],[70.9619,51.9971],[70.9619,51.9971],[70.9619,51.9971],[70.9619,51.9971],[70.9619,51.9971],[70.9619,51.9971],[70.9619,51.9971],[70.9619,51.9971],[70.9619,51.9971],[70.9619,51.9971],[70.9619,51.9971],[70.9619,51.9971],[70.9619,51.9971],[70.9619,51.9971],[70.9619,51.9971],[70.9619,51.9971],[70.9619,51.9971],[70.9619,51.9971],[70.9619,51.9971],[70.9619,51.9971],[70.9619,51.9971],[70.9619,51.9971],[70.9619,51.9971],[70.9619,51.9971],[70.9619,51.9971],[70.9619,51.9971],[70.9619,51.9971],[70.9619,51.9971],[70.9619,51.9971],[70.9619,51.9971],[70.9619,51.9971],[70.9619,51.9971],[70.9619,51.9971],[70.9619,51.9971],[70.9619,51.9971],[70.9619,51.9971],[70.9619,51.9971],[70.9619,51.9971],[70.9619,51.9971],[70.9619,51.9971],[70.9619,51.9971],[70.9619,51.9971],[70.9619,51.9971],[70.9619,51.9971],[70.9619,51.9971],[70.9619,51.9971],[70.9619,51.9971],[70.9619,51.9971],[70.9619,51.9971],[70.9619,51.9971],[70.9619,51.9971],[70.9619,51.9971],[70.9619,51.9971],[70.9619,51.9971],[70.9619,51.9971],[70.9619,51.9971],[70.9619,51.9971],[70.9619,51.9971],[70.9619,51.9971],[70.9619,51.9971],[70.9619,51.9971],[70.9619,51.9971],[70.9619,51.9971],[70.9619,51.9971],[70.9619,51.9971],[70.9619,51.9971],[70.9619,51.9971],[70.9619,51.9971],[70.9619,51.9971],[70.9619,51.9971],[70.9619,51.9971],[70.9619,51.9971],[70.9619,51.9971],[70.9618,51.9971],[70.9618,51.9971],[70.9618,51.9971],[70.9618,51.9971],[70.9618,51.9971],[70.9618,51.9971],[70.9618,51.9971],[70.9618,51.9971],[70.9618,51.9971],[70.9618,51.9971],[70.9618,51.9971],[70.9618,51.9971],[70.9618,51.9971],[70.9618,51.9971],[70.9618,51.9971],[70.9618,51.9971],[70.9618,51.9971],[70.9618,51.9971],[70.9618,51.9971],[70.9618,51.9971],[70.9618,51.9971],[70.9618,51.9973],[70.9618,51.9973],[70.9618,51.9973],[70.9618,51.9973],[70.9618,51.9973],[70.9618,51.9973],[70.9618,51.9973],[70.9618,51.9974],[70.9618,51.9974],[70.9619,51.9974],[70.9619,51.9974],[70.9619,51.9974],[70.9619,51.9974],[70.9619,51.9974],[70.9619,51.9974],[70.9619,51.9974],[70.9619,51.9974],[70.9619,51.9974],[70.9619,51.9974],[70.9619,51.9974],[70.9619,51.9974],[70.9619,51.9974],[70.962,51.9974],[70.962,51.9974],[70.962,51.9974],[70.962,51.9974],[70.962,51.9974],[70.962,51.9974],[70.962,51.9974],[70.962,51.9974],[70.962,51.9974],[70.962,51.9974],[70.962,51.9974],[70.962,51.9974],[70.9621,51.9974],[70.9621,51.9974],[70.9621,51.9974],[70.9621,51.9974],[70.9621,51.9974],[70.9621,51.9974],[70.9621,51.9974],[70.9621,51.9974],[70.9621,51.9974],[70.9621,51.9974],[70.9621,51.9974],[70.9621,51.9974],[70.9621,51.9974],[70.9621,51.9974],[70.9622,51.9974],[70.9622,51.9974],[70.9622,51.9974],[70.9622,51.9974],[70.9622,51.9974],[70.9622,51.9974],[70.9622,51.9974],[70.9622,51.9974],[70.9622,51.9974],[70.9622,51.9974],[70.9622,51.9974],[70.9622,51.9974],[70.9622,51.9974],[70.9622,51.9974],[70.9622,51.9974],[70.9622,51.9974],[70.9622,51.9974],[70.9622,51.9974],[70.9623,51.9974],[70.9623,51.9974],[70.9623,51.9974],[70.9623,51.9974],[70.9623,51.9974],[70.9623,51.9974],[70.9623,51.9974],[70.9623,51.9974],[70.9623,51.9974],[70.9623,51.9974],[70.9623,51.9974],[70.9623,51.9974],[70.9623,51.9974],[70.9623,51.9974],[70.9623,51.9974],[70.9623,51.9974],[70.9623,51.9974],[70.9623,51.9974],[70.9624,51.9974],[70.9624,51.9974],[70.9624,51.9974],[70.9624,51.9974],[70.9624,51.9974],[70.9624,51.9974],[70.9624,51.9974],[70.9624,51.9974],[70.9624,51.9974],[70.9624,51.9974],[70.9624,51.9974],[70.9624,51.9974],[70.9624,51.9974],[70.9624,51.9974],[70.9624,51.9974],[70.9624,51.9974],[70.9624,51.9974],[70.9624,51.9974],[70.9625,51.9974],[70.9625,51.9974],[70.9625,51.9974],[70.9625,51.9974],[70.9625,51.9974],[70.9625,51.9974],[70.9625,51.9974],[70.9625,51.9974],[70.9625,51.9974],[70.9625,51.9974],[70.9625,51.9974],[70.9625,51.9974],[70.9625,51.9974],[70.9625,51.9974],[70.9625,51.9974],[70.9625,51.9974],[70.9625,51.9974],[70.9625,51.9974],[70.9625,51.9974],[70.9626,51.9974],[70.9626,51.9974],[70.9626,51.9974],[70.9626,51.9974],[70.9626,51.9974],[70.9626,51.9974],[70.9626,51.9974],[70.9626,51.9974],[70.9626,51.9974],[70.9626,51.9974],[70.9626,51.9974],[70.9626,51.9974],[70.9626,51.9974],[70.9626,51.9974],[70.9626,51.9974],[70.9626,51.9974],[70.9626,51.9974],[70.9626,51.9974],[70.9627,51.9974],[70.9627,51.9974],[70.9627,51.9974],[70.9627,51.9974],[70.9627,51.9974],[70.9627,51.9974],[70.9627,51.9974],[70.9627,51.9974],[70.9627,51.9974],[70.9627,51.9974],[70.9627,51.9974],[70.9627,51.9974],[70.9627,51.9974],[70.9627,51.9975],[70.9627,51.9975],[70.9627,51.9975],[70.9627,51.9975],[70.9627,51.9975],[70.9628,51.9975],[70.9628,51.9975],[70.9628,51.9975],[70.9628,51.9975],[70.9628,51.9975],[70.9628,51.9975],[70.9628,51.9975],[70.9628,51.9975],[70.9628,51.9975],[70.9628,51.9975],[70.9628,51.9975],[70.9628,51.9975],[70.9628,51.9975],[70.9628,51.9975],[70.9628,51.9975],[70.9628,51.9975],[70.9628,51.9975],[70.9628,51.9975],[70.9629,51.9975],[70.9629,51.9975],[70.9629,51.9975],[70.9629,51.9975],[70.9629,51.9975],[70.9629,51.9975],[70.9629,51.9975],[70.9629,51.9975],[70.9629,51.9975],[70.9629,51.9975],[70.9629,51.9975],[70.9629,51.9975],[70.9629,51.9975],[70.9629,51.9975],[70.9629,51.9975],[70.9629,51.9975],[70.963,51.9975],[70.963,51.9975],[70.963,51.9975],[70.963,51.9975],[70.963,51.9975],[70.963,51.9975],[70.963,51.9975],[70.963,51.9975],[70.963,51.9975],[70.963,51.9975],[70.963,51.9975],[70.963,51.9975],[70.963,51.9975],[70.963,51.9975],[70.963,51.9975],[70.9631,51.9975],[70.9631,51.9975],[70.9631,51.9975],[70.9631,51.9975],[70.9631,51.9975],[70.9631,51.9975],[70.9631,51.9975],[70.9631,51.9975],[70.9631,51.9975],[70.9631,51.9975],[70.9631,51.9975],[70.9631,51.9975],[70.9631,51.9975],[70.9631,51.9975],[70.9631,51.9975],[70.9631,51.9975],[70.9632,51.9975],[70.9632,51.9975],[70.9632,51.9975],[70.9632,51.9975],[70.9632,51.9975],[70.9632,51.9975],[70.9632,51.9975],[70.9632,51.9975],[70.9632,51.9975],[70.9632,51.9975],[70.9632,51.9975],[70.9632,51.9975],[70.9632,51.9975],[70.9632,51.9975],[70.9632,51.9975],[70.9632,51.9975],[70.9633,51.9975],[70.9633,51.9975],[70.9633,51.9975],[70.9633,51.9975],[70.9633,51.9975],[70.9633,51.9975],[70.9633,51.9975],[70.9633,51.9975],[70.9633,51.9975],[70.9633,51.9975],[70.9633,51.9975],[70.9633,51.9975],[70.9633,51.9975],[70.9633,51.9975],[70.9633,51.9975],[70.9634,51.9975],[70.9634,51.9975],[70.9634,51.9976],[70.9634,51.9976],[70.9634,51.9976],[70.9634,51.9976],[70.9634,51.9976],[70.9634,51.9976],[70.9634,51.9976],[70.9634,51.9976],[70.9634,51.9976],[70.9634,51.9976],[70.9634,51.9976],[70.9634,51.9976],[70.9634,51.9976],[70.9634,51.9976],[70.9635,51.9976],[70.9635,51.9976],[70.9635,51.9976],[70.9635,51.9976],[70.9635,51.9976],[70.9635,51.9976],[70.9635,51.9976],[70.9635,51.9976],[70.9635,51.9976],[70.9635,51.9976],[70.9635,51.9976],[70.9635,51.9976],[70.9635,51.9976],[70.9635,51.9976],[70.9635,51.9976],[70.9636,51.9976],[70.9636,51.9976],[70.9636,51.9976],[70.9636,51.9976],[70.9636,51.9976],[70.9636,51.9976],[70.9636,51.9976],[70.9636,51.9976],[70.9636,51.9976],[70.9636,51.9976],[70.9636,51.9976],[70.9636,51.9976],[70.9636,51.9976],[70.9636,51.9976],[70.9636,51.9976],[70.9636,51.9976],[70.9637,51.9976],[70.9637,51.9976],[70.9637,51.9976],[70.9637,51.9976],[70.9637,51.9976],[70.9637,51.9976],[70.9637,51.9976],[70.9637,51.9976],[70.9637,51.9976],[70.9637,51.9976],[70.9637,51.9976],[70.9637,51.9976],[70.9637,51.9976],[70.9637,51.9976],[70.9637,51.9976],[70.9637,51.9976],[70.9637,51.9976],[70.9637,51.9976],[70.9637,51.9976],[70.9638,51.9976],[70.9638,51.9976],[70.9638,51.9976],[70.9638,51.9976],[70.9638,51.9976],[70.9638,51.9976],[70.9638,51.9976],[70.9638,51.9976],[70.9638,51.997],[70.9638,51.9969],[70.9639,51.9965]]]],"type":"MultiPolygon"},"geometry_name":"shape","id":"gp_functional_zones.fid--7752831e_19fb67eabdc_7cff","properties":{"area":1.44409004793493,"creation_doc_id":3617,"deactivation_doc_id":null,"func_zone_status_id":2,"ggk_zone_code":"11010000","ggk_zone_name":"Территория усадебной застройки","gp_func_zone_code":"11010000","gp_func_zone_code_id":19,"id":4731741,"zone_type_id":8},"type":"Feature"},{"bbox":[70.9534,51.9968,70.955,51.998],"geometry":{"coordinates":[[[[70.955,51.9974],[70.955,51.9973],[70.955,51.9968],[70.955,51.9968],[70.9536,51.9968],[70.9534,51.9968],[70.9534,51.9971],[70.9534,51.9971],[70.9534,51.9972],[70.9534,51.9972],[70.9534,51.9972],[70.9534,51.9972],[70.9534,51.9972],[70.9534,51.9972],[70.9534,51.9972],[70.9534,51.9972],[70.9534,51.9972],[70.9534,51.9972],[70.9534,51.9972],[70.9534,51.9972],[70.9534,51.9972],[70.9534,51.9972],[70.9534,51.9972],[70.9534,51.9972],[70.9534,51.9972],[70.9535,51.9972],[70.9535,51.9972],[70.9535,51.9972],[70.9535,51.9972],[70.9535,51.9972],[70.9535,51.9972],[70.9535,51.9972],[70.9535,51.9972],[70.9535,51.9972],[70.9535,51.9972],[70.9535,51.9972],[70.9535,51.9972],[70.9535,51.9972],[70.9535,51.9972],[70.9535,51.9972],[70.9535,51.9972],[70.9535,51.9972],[70.9535,51.9972],[70.9535,51.9972],[70.9535,51.9972],[70.9535,51.9972],[70.9535,51.9971],[70.9535,51.9971],[70.9535,51.9971],[70.9535,51.9971],[70.9535,51.9971],[70.9535,51.9971],[70.9536,51.9971],[70.9536,51.9971],[70.9536,51.9971],[70.9536,51.9971],[70.9536,51.9971],[70.9536,51.9971],[70.9536,51.9971],[70.9536,51.9971],[70.9536,51.9971],[70.9536,51.9971],[70.9536,51.9971],[70.9536,51.9972],[70.9536,51.9972],[70.9536,51.9972],[70.9537,51.9973],[70.9537,51.9973],[70.9537,51.9973],[70.9537,51.9973],[70.9537,51.9973],[70.9537,51.9973],[70.9537,51.9973],[70.9537,51.9973],[70.9537,51.9973],[70.9538,51.9973],[70.9538,51.9973],[70.9538,51.9973],[70.9538,51.9973],[70.9538,51.9973],[70.9538,51.9973],[70.9538,51.9974],[70.9538,51.9974],[70.9538,51.9974],[70.9538,51.9974],[70.9538,51.9974],[70.9538,51.9974],[70.9538,51.9974],[70.9538,51.9974],[70.9538,51.9974],[70.9538,51.9974],[70.9538,51.9974],[70.9538,51.9974],[70.9538,51.9974],[70.9538,51.9974],[70.9538,51.9974],[70.9538,51.9974],[70.9538,51.9974],[70.9538,51.9974],[70.9538,51.9974],[70.9538,51.9974],[70.9538,51.9974],[70.9538,51.9974],[70.9539,51.9974],[70.9539,51.9974],[70.9539,51.9974],[70.9539,51.9974],[70.9539,51.9974],[70.9539,51.9974],[70.9539,51.9974],[70.9539,51.9974],[70.9539,51.9974],[70.9539,51.9974],[70.9539,51.9974],[70.9539,51.9974],[70.9539,51.9974],[70.9539,51.9974],[70.9539,51.9974],[70.9539,51.9974],[70.9539,51.9974],[70.9539,51.9974],[70.9539,51.9974],[70.9539,51.9974],[70.9539,51.9974],[70.954,51.9974],[70.954,51.9974],[70.954,51.9974],[70.954,51.9974],[70.954,51.9974],[70.954,51.9974],[70.954,51.9974],[70.954,51.9974],[70.954,51.9974],[70.954,51.9974],[70.954,51.9974],[70.954,51.9974],[70.9541,51.9974],[70.9541,51.9974],[70.9541,51.9974],[70.9541,51.9974],[70.9541,51.9974],[70.9541,51.9974],[70.9541,51.9974],[70.9541,51.9974],[70.9541,51.9974],[70.9541,51.9974],[70.9541,51.9974],[70.9541,51.9974],[70.9543,51.9979],[70.9543,51.998],[70.9543,51.998],[70.9543,51.998],[70.9543,51.998],[70.9543,51.998],[70.9543,51.998],[70.9543,51.998],[70.9543,51.998],[70.9543,51.998],[70.9543,51.998],[70.9543,51.998],[70.9543,51.998],[70.9543,51.998],[70.9543,51.998],[70.9543,51.998],[70.9544,51.998],[70.9544,51.998],[70.9549,51.9979],[70.9549,51.9979],[70.955,51.9979],[70.955,51.9974],[70.955,51.9974]]]],"type":"MultiPolygon"},"geometry_name":"shape","id":"gp_functional_zones.fid--7752831e_19fb67eabdc_7d00","properties":{"area":0.963327205374238,"creation_doc_id":3617,"deactivation_doc_id":null,"func_zone_status_id":2,"ggk_zone_code":"11010000","ggk_zone_name":"Территория усадебной застройки","gp_func_zone_code":"11010000","gp_func_zone_code_id":19,"id":4731743,"zone_type_id":8},"type":"Feature"},{"bbox":[70.9643,51.9962,70.9669,51.9984],"geometry":{"coordinates":[[[[70.9669,51.9971],[70.9669,51.9968],[70.9669,51.9965],[70.9669,51.9965],[70.9669,51.9964],[70.9669,51.9963],[70.9655,51.9963],[70.9653,51.9962],[70.9653,51.9962],[70.965,51.9962],[70.965,51.9962],[70.965,51.9964],[70.965,51.9964],[70.965,51.9965],[70.9644,51.9965],[70.9644,51.9966],[70.9644,51.9969],[70.9644,51.997],[70.9644,51.997],[70.9643,51.9977],[70.9643,51.9977],[70.9644,51.9977],[70.9644,51.9977],[70.9644,51.9977],[70.9644,51.9977],[70.9644,51.9977],[70.9644,51.9977],[70.9644,51.9977],[70.9644,51.9977],[70.9644,51.9977],[70.9644,51.9977],[70.9644,51.9977],[70.9644,51.9977],[70.9645,51.9977],[70.9645,51.9977],[70.9645,51.9977],[70.9645,51.9977],[70.9645,51.9977],[70.9645,51.9978],[70.9645,51.9978],[70.9645,51.9978],[70.9645,51.9978],[70.9645,51.9978],[70.9645,51.9978],[70.9645,51.9978],[70.9645,51.9978],[70.9646,51.9978],[70.9646,51.9978],[70.9646,51.9978],[70.9646,51.9978],[70.9646,51.9978],[70.9648,51.9978],[70.9648,51.9978],[70.9648,51.9978],[70.9648,51.9978],[70.9648,51.9978],[70.9648,51.9978],[70.9648,51.9978],[70.9648,51.9978],[70.9648,51.9978],[70.9648,51.9978],[70.9649,51.9978],[70.9649,51.9978],[70.9649,51.9978],[70.9649,51.9978],[70.9649,51.9978],[70.9649,51.9978],[70.9649,51.9979],[70.9649,51.9979],[70.9649,51.9979],[70.9649,51.9979],[70.9649,51.9979],[70.9649,51.9979],[70.9649,51.9979],[70.965,51.9979],[70.965,51.9979],[70.965,51.9979],[70.965,51.9979],[70.965,51.9979],[70.965,51.9979],[70.965,51.9979],[70.965,51.9979],[70.965,51.9979],[70.965,51.9979],[70.965,51.9979],[70.965,51.9979],[70.965,51.9979],[70.9651,51.9979],[70.9651,51.9979],[70.9651,51.9979],[70.9651,51.9979],[70.9651,51.9979],[70.9651,51.9979],[70.9651,51.9979],[70.9651,51.9979],[70.9651,51.9979],[70.9651,51.9979],[70.9651,51.9979],[70.9651,51.9979],[70.9652,51.9979],[70.9652,51.9979],[70.9652,51.9979],[70.9652,51.9979],[70.9652,51.9979],[70.9652,51.9979],[70.9652,51.9979],[70.9652,51.9979],[70.9652,51.9979],[70.9652,51.9979],[70.9652,51.9979],[70.9652,51.9979],[70.9652,51.9979],[70.9653,51.9979],[70.9653,51.998],[70.9653,51.998],[70.9653,51.998],[70.9653,51.998],[70.9653,51.998],[70.9653,51.998],[70.9653,51.998],[70.9653,51.998],[70.9653,51.998],[70.9653,51.998],[70.9653,51.998],[70.9653,51.998],[70.9654,51.998],[70.9654,51.998],[70.9654,51.998],[70.9654,51.998],[70.9654,51.998],[70.9654,51.998],[70.9654,51.998],[70.9654,51.998],[70.9654,51.998],[70.9654,51.998],[70.9654,51.998],[70.9654,51.998],[70.9655,51.998],[70.9655,51.998],[70.9655,51.998],[70.9655,51.998],[70.9655,51.998],[70.9655,51.998],[70.9655,51.998],[70.9655,51.998],[70.9655,51.998],[70.9655,51.998],[70.9655,51.998],[70.9655,51.998],[70.9655,51.998],[70.9656,51.998],[70.9656,51.998],[70.9656,51.998],[70.9656,51.998],[70.9656,51.998],[70.9656,51.9981],[70.9656,51.9981],[70.9656,51.9981],[70.9656,51.9981],[70.9656,51.9981],[70.9656,51.9981],[70.9656,51.9981],[70.9656,51.9981],[70.9657,51.9981],[70.9657,51.9981],[70.9657,51.9981],[70.9657,51.9981],[70.9657,51.9981],[70.9657,51.9981],[70.9657,51.9981],[70.9657,51.9981],[70.9657,51.9981],[70.9657,51.9981],[70.9657,51.9981],[70.9657,51.9981],[70.9657,51.9981],[70.9658,51.9981],[70.9658,51.9981],[70.9658,51.9981],[70.9658,51.9981],[70.9658,51.9981],[70.9658,51.9981],[70.9658,51.9981],[70.9658,51.9981],[70.9658,51.9981],[70.9658,51.9981],[70.9658,51.9981],[70.9658,51.9981],[70.9658,51.9981],[70.9659,51.9981],[70.9659,51.9981],[70.9659,51.9981],[70.9659,51.9982],[70.9659,51.9982],[70.9659,51.9982],[70.9659,51.9982],[70.9659,51.9982],[70.9659,51.9982],[70.9659,51.9982],[70.9659,51.9982],[70.9659,51.9982],[70.9659,51.9982],[70.966,51.9982],[70.966,51.9982],[70.966,51.9982],[70.966,51.9982],[70.966,51.9982],[70.966,51.9982],[70.966,51.9982],[70.966,51.9982],[70.966,51.9982],[70.966,51.9982],[70.966,51.9982],[70.966,51.9982],[70.966,51.9982],[70.966,51.9982],[70.9661,51.9982],[70.9661,51.9982],[70.9661,51.9982],[70.9661,51.9982],[70.9661,51.9982],[70.9661,51.9982],[70.9661,51.9982],[70.9661,51.9982],[70.9661,51.9982],[70.9661,51.9982],[70.9661,51.9982],[70.9661,51.9983],[70.9661,51.9983],[70.9662,51.9983],[70.9662,51.9983],[70.9662,51.9983],[70.9662,51.9983],[70.9662,51.9983],[70.9662,51.9983],[70.9662,51.9983],[70.9662,51.9983],[70.9662,51.9983],[70.9662,51.9983],[70.9662,51.9983],[70.9662,51.9983],[70.9662,51.9983],[70.9662,51.9983],[70.9662,51.9983],[70.9663,51.9983],[70.9663,51.9983],[70.9663,51.9983],[70.9663,51.9983],[70.9663,51.9983],[70.9663,51.9983],[70.9663,51.9983],[70.9663,51.9983],[70.9663,51.9983],[70.9663,51.9983],[70.9663,51.9983],[70.9663,51.9983],[70.9663,51.9983],[70.9663,51.9983],[70.9664,51.9983],[70.9664,51.9983],[70.9664,51.9983],[70.9664,51.9983],[70.9664,51.9983],[70.9664,51.9984],[70.9664,51.9984],[70.9664,51.9984],[70.9664,51.9984],[70.9664,51.9984],[70.9664,51.9984],[70.9664,51.9984],[70.9664,51.9984],[70.9664,51.9984],[70.9664,51.9984],[70.9665,51.9984],[70.9665,51.9984],[70.9665,51.9984],[70.9665,51.9984],[70.9665,51.9984],[70.9665,51.9984],[70.9665,51.9984],[70.9665,51.9984],[70.9665,51.9984],[70.9665,51.9984],[70.9665,51.9984],[70.9665,51.9984],[70.9665,51.9984],[70.9665,51.9984],[70.9665,51.9984],[70.9666,51.9984],[70.9666,51.9984],[70.9666,51.9984],[70.9666,51.9984],[70.9666,51.9984],[70.9666,51.9984],[70.9666,51.9984],[70.9666,51.9984],[70.9666,51.9984],[70.9666,51.9984],[70.9666,51.9984],[70.9666,51.9984],[70.9666,51.9984],[70.9666,51.9984],[70.9666,51.9984],[70.9666,51.9984],[70.9667,51.9984],[70.9667,51.9984],[70.9667,51.9984],[70.9667,51.9984],[70.9667,51.9984],[70.9667,51.9984],[70.9668,51.998],[70.9668,51.9975],[70.9669,51.9972],[70.9669,51.9971]]]],"type":"MultiPolygon"},"geometry_name":"shape","id":"gp_functional_zones.fid--7752831e_19fb67eabdc_7d01","properties":{"area":3.27371345024233,"creation_doc_id":3617,"deactivation_doc_id":null,"func_zone_status_id":2,"ggk_zone_code":"11010000","ggk_zone_name":"Территория усадебной застройки","gp_func_zone_code":"11010000","gp_func_zone_code_id":19,"id":4731744,"zone_type_id":8},"type":"Feature"},{"bbox":[70.9487,51.9974,70.9531,51.9996],"geometry":{"coordinates":[[[[70.9506,51.9991],[70.9506,51.9991],[70.9506,51.9991],[70.9508,51.999],[70.9508,51.999],[70.9509,51.999],[70.9509,51.999],[70.9509,51.999],[70.9509,51.999],[70.9509,51.999],[70.9509,51.999],[70.9509,51.999],[70.9509,51.999],[70.9509,51.999],[70.9509,51.999],[70.9509,51.999],[70.9509,51.999],[70.9509,51.999],[70.9509,51.999],[70.9509,51.999],[70.9509,51.999],[70.9509,51.999],[70.9509,51.999],[70.9509,51.999],[70.9509,51.999],[70.9509,51.999],[70.9509,51.999],[70.9509,51.999],[70.9509,51.999],[70.9509,51.999],[70.9509,51.9989],[70.951,51.9989],[70.951,51.9989],[70.951,51.9989],[70.951,51.9989],[70.951,51.9989],[70.951,51.9989],[70.951,51.9989],[70.951,51.9989],[70.951,51.9989],[70.951,51.9989],[70.951,51.9989],[70.951,51.9989],[70.951,51.9989],[70.951,51.9989],[70.951,51.9989],[70.951,51.9989],[70.951,51.9989],[70.951,51.9989],[70.951,51.9989],[70.951,51.9989],[70.951,51.9989],[70.951,51.9989],[70.951,51.9989],[70.951,51.9989],[70.951,51.9989],[70.9511,51.9989],[70.9511,51.9989],[70.9511,51.9989],[70.9511,51.9989],[70.9511,51.9989],[70.9511,51.9989],[70.9511,51.9989],[70.9511,51.9989],[70.9511,51.9989],[70.9511,51.9989],[70.9511,51.9989],[70.9511,51.9989],[70.9511,51.9989],[70.9512,51.9988],[70.9514,51.9988],[70.9515,51.9987],[70.9515,51.9987],[70.9515,51.9987],[70.9515,51.9987],[70.9515,51.9987],[70.9516,51.9987],[70.9516,51.9987],[70.9516,51.9987],[70.9516,51.9987],[70.9516,51.9987],[70.9516,51.9987],[70.9516,51.9987],[70.9516,51.9987],[70.9516,51.9987],[70.9516,51.9987],[70.9516,51.9987],[70.9516,51.9987],[70.9516,51.9987],[70.9516,51.9987],[70.9516,51.9987],[70.9516,51.9987],[70.9516,51.9987],[70.9517,51.9987],[70.9517,51.9987],[70.9517,51.9987],[70.9517,51.9987],[70.9517,51.9987],[70.9517,51.9987],[70.9517,51.9987],[70.9517,51.9987],[70.9517,51.9987],[70.9517,51.9987],[70.9517,51.9987],[70.9517,51.9987],[70.9517,51.9987],[70.9517,51.9987],[70.9517,51.9987],[70.9517,51.9987],[70.9517,51.9986],[70.9517,51.9986],[70.9518,51.9986],[70.9518,51.9986],[70.9518,51.9986],[70.9518,51.9986],[70.9518,51.9986],[70.9518,51.9986],[70.9518,51.9986],[70.9518,51.9986],[70.9518,51.9986],[70.9518,51.9986],[70.9518,51.9986],[70.9518,51.9986],[70.9518,51.9986],[70.9518,51.9986],[70.9518,51.9986],[70.9518,51.9986],[70.9518,51.9986],[70.9518,51.9986],[70.9519,51.9986],[70.9519,51.9986],[70.9519,51.9986],[70.9519,51.9986],[70.9519,51.9986],[70.9519,51.9986],[70.9519,51.9986],[70.9519,51.9986],[70.9519,51.9986],[70.9519,51.9986],[70.9519,51.9986],[70.9519,51.9986],[70.9519,51.9986],[70.9519,51.9986],[70.9519,51.9986],[70.9519,51.9986],[70.9519,51.9986],[70.952,51.9986],[70.952,51.9986],[70.952,51.9986],[70.952,51.9986],[70.952,51.9986],[70.952,51.9986],[70.952,51.9986],[70.952,51.9986],[70.952,51.9986],[70.952,51.9986],[70.952,51.9986],[70.952,51.9986],[70.952,51.9986],[70.952,51.9986],[70.952,51.9986],[70.952,51.9986],[70.952,51.9986],[70.952,51.9985],[70.9521,51.9985],[70.9521,51.9985],[70.9521,51.9985],[70.9521,51.9985],[70.9521,51.9985],[70.9521,51.9985],[70.9521,51.9985],[70.9521,51.9985],[70.9521,51.9985],[70.9521,51.9985],[70.9521,51.9985],[70.9521,51.9985],[70.9521,51.9985],[70.9521,51.9985],[70.9521,51.9985],[70.9521,51.9985],[70.9521,51.9985],[70.9522,51.9985],[70.9522,51.9985],[70.9522,51.9985],[70.9522,51.9985],[70.9522,51.9985],[70.9522,51.9985],[70.9522,51.9985],[70.9522,51.9985],[70.9522,51.9985],[70.9522,51.9985],[70.9522,51.9985],[70.9522,51.9985],[70.9522,51.9985],[70.9522,51.9985],[70.9522,51.9985],[70.9522,51.9985],[70.9522,51.9985],[70.9522,51.9985],[70.9523,51.9985],[70.9523,51.9985],[70.9523,51.9985],[70.9523,51.9985],[70.9523,51.9985],[70.9523,51.9985],[70.9523,51.9985],[70.9523,51.9985],[70.9523,51.9985],[70.9523,51.9985],[70.9523,51.9985],[70.9523,51.9985],[70.9523,51.9985],[70.9523,51.9985],[70.9523,51.9985],[70.9523,51.9985],[70.9524,51.9985],[70.9524,51.9985],[70.9524,51.9985],[70.9524,51.9984],[70.9524,51.9984],[70.9524,51.9984],[70.9524,51.9984],[70.9524,51.9984],[70.9524,51.9984],[70.9524,51.9984],[70.9524,51.9984],[70.9524,51.9984],[70.9524,51.9984],[70.9524,51.9984],[70.9524,51.9984],[70.9524,51.9984],[70.9524,51.9984],[70.9525,51.9984],[70.9525,51.9984],[70.9525,51.9984],[70.9525,51.9984],[70.9525,51.9984],[70.9525,51.9984],[70.9525,51.9984],[70.9525,51.9984],[70.9525,51.9984],[70.9525,51.9984],[70.9525,51.9984],[70.9525,51.9984],[70.9525,51.9984],[70.9525,51.9984],[70.9525,51.9984],[70.9525,51.9984],[70.9526,51.9984],[70.9526,51.9984],[70.9526,51.9984],[70.9526,51.9984],[70.9526,51.9984],[70.9526,51.9984],[70.9526,51.9984],[70.9526,51.9984],[70.9526,51.9984],[70.9526,51.9984],[70.9526,51.9984],[70.9526,51.9984],[70.9526,51.9984],[70.9526,51.9984],[70.9526,51.9984],[70.9526,51.9984],[70.9527,51.9984],[70.9527,51.9984],[70.9527,51.9984],[70.9527,51.9984],[70.9527,51.9984],[70.9527,51.9984],[70.9527,51.9984],[70.9527,51.9984],[70.9527,51.9984],[70.9527,51.9984],[70.9527,51.9984],[70.9527,51.9984],[70.9527,51.9984],[70.9527,51.9983],[70.9527,51.9983],[70.9527,51.9983],[70.9527,51.9983],[70.9528,51.9983],[70.9528,51.9983],[70.9528,51.9983],[70.9528,51.9983],[70.9528,51.9983],[70.9528,51.9983],[70.9528,51.9983],[70.9528,51.9983],[70.9528,51.9983],[70.9528,51.9983],[70.9528,51.9983],[70.9528,51.9983],[70.9528,51.9983],[70.9528,51.9983],[70.9528,51.9983],[70.9528,51.9983],[70.9529,51.9983],[70.9529,51.9983],[70.9529,51.9983],[70.9529,51.9983],[70.9529,51.9983],[70.9529,51.9983],[70.9529,51.9983],[70.9529,51.9983],[70.9529,51.9983],[70.9529,51.9983],[70.9529,51.9983],[70.9529,51.9983],[70.9529,51.9983],[70.9529,51.9983],[70.9529,51.9983],[70.9529,51.9983],[70.953,51.9983],[70.953,51.9983],[70.953,51.9983],[70.953,51.9983],[70.953,51.9983],[70.953,51.9983],[70.953,51.9983],[70.953,51.9983],[70.953,51.9983],[70.953,51.9983],[70.953,51.9983],[70.953,51.9983],[70.953,51.9983],[70.953,51.9983],[70.953,51.9983],[70.953,51.9983],[70.9531,51.9983],[70.9531,51.9983],[70.9531,51.9983],[70.9531,51.9983],[70.9531,51.9982],[70.9531,51.9982],[70.9531,51.9982],[70.9525,51.9974],[70.9525,51.9974],[70.9524,51.9975],[70.9523,51.9975],[70.9522,51.9975],[70.9521,51.9976],[70.952,51.9976],[70.9519,51.9976],[70.9518,51.9976],[70.9517,51.9977],[70.9516,51.9977],[70.9515,51.9977],[70.9509,51.9979],[70.9506,51.998],[70.9506,51.9981],[70.9502,51.9982],[70.9497,51.9983],[70.9497,51.9984],[70.9494,51.9985],[70.9488,51.9986],[70.9487,51.9987],[70.9491,51.9991],[70.9492,51.9991],[70.9493,51.9991],[70.9493,51.9992],[70.9495,51.9993],[70.9495,51.9993],[70.9495,51.9994],[70.9497,51.9995],[70.9499,51.9996],[70.9499,51.9996],[70.9499,51.9996],[70.9499,51.9996],[70.9499,51.9996],[70.9499,51.9995],[70.9499,51.9995],[70.95,51.9995],[70.95,51.9995],[70.95,51.9995],[70.95,51.9995],[70.95,51.9995],[70.95,51.9995],[70.9501,51.9995],[70.9501,51.9994],[70.9501,51.9994],[70.9501,51.9994],[70.9501,51.9994],[70.9501,51.9994],[70.9502,51.9994],[70.9502,51.9994],[70.9502,51.9994],[70.9502,51.9993],[70.9502,51.9993],[70.9503,51.9993],[70.9503,51.9993],[70.9503,51.9993],[70.9503,51.9993],[70.9503,51.9993],[70.9504,51.9993],[70.9504,51.9992],[70.9504,51.9992],[70.9504,51.9992],[70.9504,51.9992],[70.9505,51.9992],[70.9505,51.9992],[70.9505,51.9992],[70.9506,51.9992],[70.9506,51.9991],[70.9506,51.9991],[70.9506,51.9991]]]],"type":"MultiPolygon"},"geometry_name":"shape","id":"gp_functional_zones.fid--7752831e_19fb67eabdc_7d02","properties":{"area":2.95329020405259,"creation_doc_id":3617,"deactivation_doc_id":null,"func_zone_status_id":2,"ggk_zone_code":"11010000","ggk_zone_name":"Территория усадебной застройки","gp_func_zone_code":"11010000","gp_func_zone_code_id":19,"id":4731745,"zone_type_id":8},"type":"Feature"},{"bbox":[70.9322,52.0218,70.9383,52.0241],"geometry":{"coordinates":[[[[70.9383,52.0222],[70.9378,52.0218],[70.9377,52.0219],[70.9372,52.0221],[70.9372,52.0221],[70.9372,52.0221],[70.9372,52.0221],[70.9372,52.0221],[70.9372,52.0221],[70.9372,52.0221],[70.9371,52.0221],[70.9371,52.0221],[70.9371,52.0221],[70.9371,52.0222],[70.9371,52.0222],[70.9371,52.0222],[70.937,52.0222],[70.937,52.0222],[70.937,52.0222],[70.937,52.0222],[70.937,52.0222],[70.937,52.0222],[70.937,52.0222],[70.937,52.0222],[70.9369,52.0222],[70.9369,52.0222],[70.9369,52.0222],[70.9369,52.0222],[70.9369,52.0223],[70.9369,52.0223],[70.9369,52.0223],[70.9369,52.0223],[70.9369,52.0223],[70.9368,52.0223],[70.9368,52.0223],[70.9368,52.0223],[70.9368,52.0223],[70.9368,52.0223],[70.9368,52.0223],[70.9368,52.0223],[70.9367,52.0223],[70.9367,52.0223],[70.9367,52.0223],[70.9367,52.0223],[70.9348,52.0229],[70.9347,52.023],[70.9346,52.023],[70.9344,52.0231],[70.9339,52.0233],[70.9333,52.0235],[70.9327,52.0237],[70.9322,52.0239],[70.9323,52.0241],[70.933,52.0239],[70.9331,52.0239],[70.9331,52.0239],[70.9332,52.0239],[70.9332,52.0238],[70.9333,52.0238],[70.9334,52.0238],[70.9334,52.0238],[70.935,52.0233],[70.9351,52.0232],[70.9383,52.0222],[70.9383,52.0222]]]],"type":"MultiPolygon"},"geometry_name":"shape","id":"gp_functional_zones.fid--7752831e_19fb67eabdc_7d05","properties":{"area":1.62413980235957,"creation_doc_id":3617,"deactivation_doc_id":null,"func_zone_status_id":2,"ggk_zone_code":"11010000","ggk_zone_name":"Территория усадебной застройки","gp_func_zone_code":"11010000","gp_func_zone_code_id":19,"id":4731748,"zone_type_id":8},"type":"Feature"},{"bbox":[70.9354,52.0207,70.9383,52.0226],"geometry":{"coordinates":[[[[70.9376,52.0207],[70.9376,52.0207],[70.9376,52.0207],[70.9374,52.0209],[70.9373,52.021],[70.9371,52.0212],[70.937,52.0214],[70.9368,52.0215],[70.9366,52.0217],[70.9364,52.0218],[70.9358,52.0223],[70.9357,52.0223],[70.9357,52.0223],[70.9354,52.0226],[70.9354,52.0226],[70.9366,52.0222],[70.9366,52.0222],[70.9366,52.0222],[70.9366,52.0222],[70.9366,52.0222],[70.9366,52.0221],[70.9367,52.0221],[70.9367,52.0221],[70.9367,52.0221],[70.9367,52.0221],[70.9367,52.0221],[70.9367,52.0221],[70.9367,52.0221],[70.9367,52.0221],[70.9367,52.0221],[70.9368,52.0221],[70.9368,52.0221],[70.9368,52.0221],[70.9368,52.0221],[70.9368,52.0221],[70.9368,52.0221],[70.9368,52.0221],[70.9368,52.022],[70.9369,52.022],[70.9369,52.022],[70.9369,52.022],[70.9369,52.022],[70.9369,52.022],[70.9369,52.022],[70.937,52.022],[70.937,52.022],[70.937,52.022],[70.937,52.022],[70.937,52.022],[70.937,52.022],[70.9371,52.0219],[70.9371,52.0219],[70.9375,52.0218],[70.9383,52.0214],[70.9377,52.0207],[70.9377,52.0207],[70.9377,52.0207],[70.9377,52.0207],[70.9377,52.0207],[70.9377,52.0207],[70.9376,52.0207],[70.9376,52.0207]]]],"type":"MultiPolygon"},"geometry_name":"shape","id":"gp_functional_zones.fid--7752831e_19fb67eabdc_7d06","properties":{"area":1.07458689915001,"creation_doc_id":3617,"deactivation_doc_id":null,"func_zone_status_id":2,"ggk_zone_code":"11010000","ggk_zone_name":"Территория усадебной застройки","gp_func_zone_code":"11010000","gp_func_zone_code_id":19,"id":4731749,"zone_type_id":8},"type":"Feature"},{"bbox":[70.938,52.0214,70.9393,52.0222],"geometry":{"coordinates":[[[[70.9393,52.0219],[70.9387,52.0214],[70.9385,52.0216],[70.938,52.0218],[70.9385,52.0222],[70.9386,52.0221],[70.9387,52.0221],[70.9388,52.022],[70.9389,52.022],[70.939,52.022],[70.9391,52.0219],[70.9393,52.0219],[70.9393,52.0219]]]],"type":"MultiPolygon"},"geometry_name":"shape","id":"gp_functional_zones.fid--7752831e_19fb67eabdc_7d07","properties":{"area":0.34890967294708,"creation_doc_id":3617,"deactivation_doc_id":null,"func_zone_status_id":2,"ggk_zone_code":"11010000","ggk_zone_name":"Территория усадебной застройки","gp_func_zone_code":"11010000","gp_func_zone_code_id":19,"id":4731750,"zone_type_id":8},"type":"Feature"},{"bbox":[70.9306,52.0212,70.9323,52.0222],"geometry":{"coordinates":[[[[70.9323,52.0218],[70.9308,52.0212],[70.9308,52.0212],[70.9308,52.0212],[70.9308,52.0212],[70.9308,52.0212],[70.9308,52.0212],[70.9308,52.0212],[70.9308,52.0212],[70.9308,52.0212],[70.9306,52.0213],[70.9312,52.0222],[70.9313,52.0221],[70.9315,52.0221],[70.9317,52.022],[70.9318,52.022],[70.932,52.0219],[70.9321,52.0219],[70.9323,52.0218],[70.9323,52.0218]]]],"type":"MultiPolygon"},"geometry_name":"shape","id":"gp_functional_zones.fid--7752831e_19fb67eabdc_7d08","properties":{"area":0.543232824584206,"creation_doc_id":3617,"deactivation_doc_id":null,"func_zone_status_id":2,"ggk_zone_code":"11010000","ggk_zone_name":"Территория усадебной застройки","gp_func_zone_code":"11010000","gp_func_zone_code_id":19,"id":4731751,"zone_type_id":8},"type":"Feature"},{"bbox":[70.9389,52.0205,70.9417,52.0219],"geometry":{"coordinates":[[[[70.9417,52.0211],[70.9407,52.0205],[70.9407,52.0205],[70.9407,52.0205],[70.9407,52.0205],[70.9407,52.0205],[70.9407,52.0205],[70.9407,52.0205],[70.9407,52.0205],[70.9407,52.0205],[70.9407,52.0205],[70.9406,52.0205],[70.9406,52.0205],[70.9406,52.0205],[70.9406,52.0205],[70.9406,52.0205],[70.9406,52.0205],[70.9406,52.0205],[70.9406,52.0205],[70.9406,52.0205],[70.9406,52.0205],[70.9406,52.0206],[70.9406,52.0206],[70.9406,52.0206],[70.9406,52.0206],[70.9406,52.0206],[70.9406,52.0206],[70.9405,52.0206],[70.9405,52.0206],[70.9405,52.0206],[70.9405,52.0206],[70.9405,52.0206],[70.9405,52.0206],[70.9405,52.0206],[70.9405,52.0206],[70.9405,52.0206],[70.9405,52.0206],[70.9405,52.0206],[70.9405,52.0206],[70.9405,52.0206],[70.9405,52.0206],[70.9405,52.0206],[70.9405,52.0206],[70.9405,52.0206],[70.9405,52.0207],[70.9405,52.0207],[70.9404,52.0207],[70.9404,52.0207],[70.9404,52.0207],[70.9404,52.0207],[70.9404,52.0207],[70.9404,52.0207],[70.9404,52.0207],[70.9404,52.0207],[70.9404,52.0207],[70.9404,52.0207],[70.9404,52.0207],[70.9404,52.0207],[70.9404,52.0207],[70.9404,52.0207],[70.9404,52.0207],[70.9404,52.0207],[70.9404,52.0207],[70.9404,52.0207],[70.9404,52.0207],[70.9403,52.0207],[70.9403,52.0207],[70.9403,52.0207],[70.9403,52.0207],[70.9403,52.0207],[70.9403,52.0207],[70.9403,52.0207],[70.9403,52.0208],[70.9403,52.0208],[70.9403,52.0208],[70.9403,52.0208],[70.9403,52.0208],[70.9403,52.0208],[70.9403,52.0208],[70.9403,52.0208],[70.9403,52.0208],[70.9403,52.0208],[70.9402,52.0208],[70.9402,52.0208],[70.9402,52.0208],[70.9402,52.0208],[70.9402,52.0208],[70.9402,52.0208],[70.9402,52.0208],[70.9402,52.0208],[70.9402,52.0208],[70.9402,52.0208],[70.9402,52.0208],[70.9402,52.0208],[70.9402,52.0208],[70.9402,52.0208],[70.9402,52.0208],[70.9402,52.0208],[70.9401,52.0208],[70.9401,52.0209],[70.94,52.0209],[70.94,52.0209],[70.94,52.0209],[70.9399,52.0209],[70.9399,52.0209],[70.9399,52.021],[70.9398,52.021],[70.9398,52.021],[70.9398,52.021],[70.9397,52.021],[70.9397,52.021],[70.9397,52.0211],[70.9396,52.0211],[70.9396,52.0211],[70.9389,52.0214],[70.9395,52.0219],[70.9398,52.0218],[70.9398,52.0218],[70.9398,52.0218],[70.9398,52.0218],[70.9398,52.0218],[70.9398,52.0218],[70.9398,52.0218],[70.9399,52.0218],[70.9399,52.0218],[70.9399,52.0218],[70.9399,52.0218],[70.9399,52.0218],[70.9399,52.0218],[70.9399,52.0218],[70.9399,52.0218],[70.9399,52.0218],[70.9399,52.0218],[70.9399,52.0218],[70.94,52.0218],[70.94,52.0217],[70.94,52.0217],[70.94,52.0217],[70.94,52.0217],[70.94,52.0217],[70.94,52.0217],[70.94,52.0217],[70.94,52.0217],[70.94,52.0217],[70.94,52.0217],[70.94,52.0217],[70.9401,52.0217],[70.9401,52.0217],[70.9401,52.0217],[70.9401,52.0217],[70.9401,52.0217],[70.9401,52.0217],[70.9401,52.0217],[70.9401,52.0217],[70.9401,52.0217],[70.9401,52.0217],[70.9401,52.0217],[70.9401,52.0217],[70.9402,52.0217],[70.9402,52.0217],[70.9402,52.0217],[70.9402,52.0217],[70.9402,52.0217],[70.9402,52.0217],[70.9402,52.0217],[70.9402,52.0217],[70.9402,52.0217],[70.9402,52.0217],[70.9402,52.0216],[70.9403,52.0216],[70.9403,52.0216],[70.9403,52.0216],[70.9403,52.0216],[70.9403,52.0216],[70.9403,52.0216],[70.9403,52.0216],[70.9403,52.0216],[70.9403,52.0216],[70.9403,52.0216],[70.9403,52.0216],[70.9403,52.0216],[70.9404,52.0216],[70.9404,52.0216],[70.9404,52.0216],[70.9404,52.0216],[70.9404,52.0216],[70.9404,52.0216],[70.9404,52.0216],[70.9404,52.0216],[70.9404,52.0216],[70.9404,52.0216],[70.9404,52.0216],[70.9404,52.0216],[70.9405,52.0216],[70.9405,52.0216],[70.9405,52.0216],[70.9405,52.0216],[70.9405,52.0216],[70.9405,52.0216],[70.9405,52.0216],[70.9405,52.0216],[70.9405,52.0215],[70.9405,52.0215],[70.9405,52.0215],[70.9405,52.0215],[70.9406,52.0215],[70.9406,52.0215],[70.9406,52.0215],[70.9406,52.0215],[70.9406,52.0215],[70.9406,52.0215],[70.9406,52.0215],[70.9406,52.0215],[70.9406,52.0215],[70.9406,52.0215],[70.9406,52.0215],[70.9406,52.0215],[70.9407,52.0215],[70.9407,52.0215],[70.9407,52.0215],[70.9407,52.0215],[70.9407,52.0215],[70.9407,52.0215],[70.9407,52.0215],[70.9407,52.0215],[70.9407,52.0215],[70.9407,52.0215],[70.9407,52.0215],[70.9408,52.0215],[70.9408,52.0215],[70.9408,52.0215],[70.9408,52.0215],[70.9408,52.0215],[70.9408,52.0214],[70.9408,52.0214],[70.9408,52.0214],[70.9408,52.0214],[70.9408,52.0214],[70.9408,52.0214],[70.9408,52.0214],[70.9409,52.0214],[70.9409,52.0214],[70.9409,52.0214],[70.9409,52.0214],[70.9409,52.0214],[70.9409,52.0214],[70.9409,52.0214],[70.9409,52.0214],[70.9409,52.0214],[70.9409,52.0214],[70.9409,52.0214],[70.9409,52.0214],[70.941,52.0214],[70.941,52.0214],[70.941,52.0214],[70.941,52.0214],[70.941,52.0214],[70.941,52.0214],[70.941,52.0214],[70.941,52.0214],[70.941,52.0214],[70.941,52.0214],[70.941,52.0214],[70.941,52.0214],[70.9411,52.0214],[70.9411,52.0213],[70.9411,52.0213],[70.9411,52.0213],[70.9411,52.0213],[70.9411,52.0213],[70.9411,52.0213],[70.9411,52.0213],[70.9411,52.0213],[70.9411,52.0213],[70.9411,52.0213],[70.9411,52.0213],[70.9412,52.0213],[70.9412,52.0213],[70.9412,52.0213],[70.9412,52.0213],[70.9412,52.0213],[70.9412,52.0213],[70.9412,52.0213],[70.9412,52.0213],[70.9412,52.0213],[70.9412,52.0213],[70.9412,52.0213],[70.9412,52.0213],[70.9413,52.0213],[70.9413,52.0213],[70.9413,52.0213],[70.9413,52.0213],[70.9413,52.0213],[70.9413,52.0213],[70.9413,52.0213],[70.9413,52.0213],[70.9413,52.0212],[70.9413,52.0212],[70.9413,52.0212],[70.9413,52.0212],[70.9414,52.0212],[70.9414,52.0212],[70.9414,52.0212],[70.9414,52.0212],[70.9414,52.0212],[70.9414,52.0212],[70.9414,52.0212],[70.9414,52.0212],[70.9414,52.0212],[70.9414,52.0212],[70.9414,52.0212],[70.9414,52.0212],[70.9415,52.0212],[70.9415,52.0212],[70.9415,52.0212],[70.9415,52.0212],[70.9415,52.0212],[70.9415,52.0212],[70.9415,52.0212],[70.9415,52.0212],[70.9415,52.0212],[70.9415,52.0212],[70.9415,52.0212],[70.9415,52.0212],[70.9416,52.0212],[70.9416,52.0212],[70.9416,52.0212],[70.9416,52.0211],[70.9416,52.0211],[70.9416,52.0211],[70.9416,52.0211],[70.9416,52.0211],[70.9416,52.0211],[70.9416,52.0211],[70.9416,52.0211],[70.9416,52.0211],[70.9417,52.0211],[70.9417,52.0211],[70.9417,52.0211]]]],"type":"MultiPolygon"},"geometry_name":"shape","id":"gp_functional_zones.fid--7752831e_19fb67eabdc_7d13","properties":{"area":1.33982572239971,"creation_doc_id":3617,"deactivation_doc_id":null,"func_zone_status_id":2,"ggk_zone_code":"11010000","ggk_zone_name":"Территория усадебной застройки","gp_func_zone_code":"11010000","gp_func_zone_code_id":19,"id":4731762,"zone_type_id":8},"type":"Feature"},{"bbox":[70.9323,52.0213,70.9331,52.0217],"geometry":{"coordinates":[[[[70.9331,52.0214],[70.9327,52.0213],[70.9323,52.0217],[70.9325,52.0217],[70.9325,52.0217],[70.9326,52.0217],[70.9327,52.0216],[70.9328,52.0216],[70.9329,52.0215],[70.933,52.0215],[70.9331,52.0214]]]],"type":"MultiPolygon"},"geometry_name":"shape","id":"gp_functional_zones.fid--7752831e_19fb67eabdc_7d14","properties":{"area":0.0979719640207868,"creation_doc_id":3617,"deactivation_doc_id":null,"func_zone_status_id":2,"ggk_zone_code":"11010000","ggk_zone_name":"Территория усадебной застройки","gp_func_zone_code":"11010000","gp_func_zone_code_id":19,"id":4731763,"zone_type_id":8},"type":"Feature"},{"bbox":[70.931,52.0206,70.9325,52.0216],"geometry":{"coordinates":[[[[70.9314,52.0206],[70.9314,52.0206],[70.931,52.0211],[70.931,52.0211],[70.9321,52.0216],[70.9325,52.0212],[70.9325,52.0212],[70.9325,52.0212],[70.9325,52.0212],[70.9325,52.0212],[70.9325,52.0212],[70.9325,52.0212],[70.9325,52.0212],[70.9325,52.0212],[70.9325,52.0212],[70.9325,52.0212],[70.9325,52.0212],[70.9325,52.0212],[70.9325,52.0212],[70.9325,52.0212],[70.9325,52.0212],[70.9325,52.0212],[70.9325,52.0212],[70.9325,52.0212],[70.9325,52.0212],[70.9325,52.0212],[70.9325,52.0212],[70.9325,52.0212],[70.9325,52.0212],[70.9325,52.0212],[70.9325,52.0212],[70.9325,52.0212],[70.9325,52.0212],[70.9325,52.0212],[70.9325,52.0212],[70.9325,52.0212],[70.9325,52.0212],[70.9325,52.0212],[70.9325,52.0212],[70.9325,52.0212],[70.9324,52.0212],[70.9324,52.0212],[70.9324,52.0212],[70.9324,52.0212],[70.9324,52.0212],[70.9324,52.0212],[70.9324,52.0212],[70.9324,52.0212],[70.9324,52.0212],[70.9324,52.0212],[70.9324,52.0211],[70.9324,52.0211],[70.9324,52.0211],[70.9324,52.0211],[70.9324,52.0211],[70.9324,52.0211],[70.9324,52.0211],[70.9324,52.0211],[70.9324,52.0211],[70.9324,52.0211],[70.9324,52.0211],[70.9324,52.0211],[70.9324,52.0211],[70.9324,52.0211],[70.9324,52.0211],[70.9324,52.0211],[70.9324,52.0211],[70.9324,52.0211],[70.9324,52.0211],[70.9324,52.0211],[70.9324,52.0211],[70.9324,52.0211],[70.9324,52.0211],[70.9324,52.0211],[70.9324,52.0211],[70.9324,52.0211],[70.9324,52.0211],[70.9324,52.0211],[70.9324,52.0211],[70.9323,52.0211],[70.9323,52.0211],[70.9323,52.0211],[70.9323,52.0211],[70.9323,52.0211],[70.9323,52.0211],[70.9323,52.0211],[70.9323,52.0211],[70.9323,52.0211],[70.9323,52.021],[70.9323,52.021],[70.9323,52.021],[70.9323,52.021],[70.9323,52.021],[70.9323,52.021],[70.9323,52.021],[70.9323,52.021],[70.9323,52.021],[70.9323,52.021],[70.9323,52.021],[70.9323,52.021],[70.9323,52.021],[70.9323,52.021],[70.9323,52.021],[70.9323,52.021],[70.9323,52.021],[70.9323,52.021],[70.9323,52.021],[70.9323,52.021],[70.9322,52.021],[70.9322,52.021],[70.9322,52.021],[70.9322,52.021],[70.9322,52.021],[70.9322,52.021],[70.9322,52.021],[70.9322,52.021],[70.9322,52.021],[70.9322,52.021],[70.9322,52.021],[70.9322,52.021],[70.9322,52.021],[70.9322,52.021],[70.9322,52.021],[70.9322,52.021],[70.9322,52.021],[70.9322,52.0209],[70.9322,52.0209],[70.9322,52.0209],[70.9322,52.0209],[70.9322,52.0209],[70.9322,52.0209],[70.9322,52.0209],[70.9321,52.0209],[70.9321,52.0209],[70.9321,52.0209],[70.9321,52.0209],[70.9321,52.0209],[70.9321,52.0209],[70.9321,52.0209],[70.9321,52.0209],[70.9321,52.0209],[70.9321,52.0209],[70.9321,52.0209],[70.9321,52.0209],[70.9321,52.0209],[70.9321,52.0209],[70.9321,52.0209],[70.9321,52.0209],[70.9321,52.0209],[70.9321,52.0209],[70.9321,52.0209],[70.9321,52.0209],[70.9321,52.0209],[70.9321,52.0209],[70.9321,52.0209],[70.9321,52.0209],[70.932,52.0209],[70.932,52.0209],[70.932,52.0209],[70.932,52.0209],[70.932,52.0209],[70.932,52.0209],[70.932,52.0209],[70.932,52.0209],[70.932,52.0209],[70.932,52.0209],[70.932,52.0209],[70.932,52.0209],[70.932,52.0209],[70.932,52.0209],[70.932,52.0209],[70.932,52.0209],[70.932,52.0208],[70.932,52.0208],[70.932,52.0208],[70.932,52.0208],[70.932,52.0208],[70.932,52.0208],[70.932,52.0208],[70.932,52.0208],[70.932,52.0208],[70.9319,52.0208],[70.9319,52.0208],[70.9319,52.0208],[70.9319,52.0208],[70.9319,52.0208],[70.9319,52.0208],[70.9319,52.0208],[70.9319,52.0208],[70.9319,52.0208],[70.9319,52.0208],[70.9319,52.0208],[70.9319,52.0208],[70.9319,52.0208],[70.9319,52.0208],[70.9319,52.0208],[70.9319,52.0208],[70.9319,52.0208],[70.9319,52.0208],[70.9319,52.0208],[70.9319,52.0208],[70.9319,52.0208],[70.9319,52.0208],[70.9319,52.0208],[70.9319,52.0208],[70.9318,52.0208],[70.9318,52.0208],[70.9318,52.0208],[70.9318,52.0208],[70.9318,52.0208],[70.9318,52.0208],[70.9318,52.0208],[70.9318,52.0208],[70.9318,52.0208],[70.9318,52.0208],[70.9318,52.0208],[70.9318,52.0208],[70.9318,52.0208],[70.9318,52.0208],[70.9318,52.0208],[70.9318,52.0208],[70.9318,52.0208],[70.9318,52.0208],[70.9318,52.0208],[70.9318,52.0208],[70.9318,52.0208],[70.9318,52.0207],[70.9318,52.0207],[70.9318,52.0207],[70.9318,52.0207],[70.9317,52.0207],[70.9317,52.0207],[70.9317,52.0207],[70.9317,52.0207],[70.9317,52.0207],[70.9317,52.0207],[70.9317,52.0207],[70.9317,52.0207],[70.9317,52.0207],[70.9317,52.0207],[70.9317,52.0207],[70.9317,52.0207],[70.9317,52.0207],[70.9317,52.0207],[70.9317,52.0207],[70.9317,52.0207],[70.9317,52.0207],[70.9317,52.0207],[70.9317,52.0207],[70.9317,52.0207],[70.9317,52.0207],[70.9317,52.0207],[70.9317,52.0207],[70.9317,52.0207],[70.9316,52.0207],[70.9316,52.0207],[70.9316,52.0207],[70.9316,52.0207],[70.9316,52.0207],[70.9316,52.0207],[70.9316,52.0207],[70.9316,52.0207],[70.9316,52.0207],[70.9316,52.0207],[70.9316,52.0207],[70.9316,52.0207],[70.9316,52.0207],[70.9316,52.0207],[70.9316,52.0207],[70.9316,52.0207],[70.9316,52.0207],[70.9316,52.0207],[70.9316,52.0207],[70.9316,52.0207],[70.9316,52.0207],[70.9316,52.0207],[70.9316,52.0207],[70.9316,52.0207],[70.9316,52.0207],[70.9316,52.0207],[70.9316,52.0207],[70.9316,52.0207],[70.9316,52.0207],[70.9316,52.0207],[70.9316,52.0207],[70.9316,52.0207],[70.9315,52.0207],[70.9315,52.0207],[70.9315,52.0207],[70.9315,52.0207],[70.9315,52.0207],[70.9315,52.0207],[70.9315,52.0207],[70.9315,52.0207],[70.9315,52.0207],[70.9315,52.0207],[70.9315,52.0207],[70.9315,52.0207],[70.9315,52.0207],[70.9315,52.0207],[70.9315,52.0207],[70.9315,52.0207],[70.9315,52.0207],[70.9315,52.0206],[70.9315,52.0206],[70.9315,52.0206],[70.9315,52.0206],[70.9315,52.0206],[70.9315,52.0206],[70.9315,52.0206],[70.9315,52.0206],[70.9315,52.0206],[70.9315,52.0206],[70.9315,52.0206],[70.9315,52.0206],[70.9315,52.0206],[70.9315,52.0206],[70.9315,52.0206],[70.9315,52.0206],[70.9315,52.0206],[70.9315,52.0206],[70.9315,52.0206],[70.9314,52.0206],[70.9314,52.0206],[70.9314,52.0206]]]],"type":"MultiPolygon"},"geometry_name":"shape","id":"gp_functional_zones.fid--7752831e_19fb67eabdc_7d18","properties":{"area":0.600351664367438,"creation_doc_id":3617,"deactivation_doc_id":null,"func_zone_status_id":2,"ggk_zone_code":"11010000","ggk_zone_name":"Территория усадебной застройки","gp_func_zone_code":"11010000","gp_func_zone_code_id":19,"id":4731767,"zone_type_id":8},"type":"Feature"},{"bbox":[70.9422,52.0207,70.9436,52.0213],"geometry":{"coordinates":[[[[70.9425,52.0213],[70.9435,52.0209],[70.9436,52.0209],[70.9433,52.0207],[70.9422,52.0211],[70.9422,52.0211],[70.9422,52.0211],[70.9425,52.0213]]]],"type":"MultiPolygon"},"geometry_name":"shape","id":"gp_functional_zones.fid--7752831e_19fb67eabdc_7d19","properties":{"area":0.266856289511632,"creation_doc_id":3617,"deactivation_doc_id":null,"func_zone_status_id":2,"ggk_zone_code":"11010000","ggk_zone_name":"Территория усадебной застройки","gp_func_zone_code":"11010000","gp_func_zone_code_id":19,"id":4731768,"zone_type_id":8},"type":"Feature"},{"bbox":[70.9428,52.0193,70.9447,52.0204],"geometry":{"coordinates":[[[[70.9447,52.0198],[70.944,52.0193],[70.944,52.0193],[70.944,52.0193],[70.944,52.0193],[70.944,52.0193],[70.944,52.0193],[70.944,52.0193],[70.9439,52.0193],[70.9439,52.0193],[70.9439,52.0193],[70.9439,52.0193],[70.9439,52.0193],[70.9439,52.0194],[70.9439,52.0194],[70.9439,52.0194],[70.9439,52.0194],[70.9439,52.0194],[70.9439,52.0194],[70.9439,52.0194],[70.9439,52.0194],[70.9439,52.0194],[70.9439,52.0194],[70.9439,52.0194],[70.9439,52.0194],[70.9439,52.0194],[70.9439,52.0194],[70.9439,52.0194],[70.9439,52.0194],[70.9439,52.0194],[70.9439,52.0194],[70.9439,52.0194],[70.9439,52.0194],[70.9439,52.0194],[70.9439,52.0194],[70.9439,52.0194],[70.9439,52.0194],[70.9438,52.0194],[70.9438,52.0194],[70.9438,52.0194],[70.9438,52.0194],[70.9438,52.0194],[70.9438,52.0194],[70.9438,52.0194],[70.9438,52.0194],[70.9438,52.0194],[70.9438,52.0194],[70.9438,52.0194],[70.9438,52.0194],[70.9438,52.0194],[70.9438,52.0194],[70.9438,52.0194],[70.9438,52.0194],[70.9438,52.0194],[70.9438,52.0194],[70.9438,52.0194],[70.9438,52.0195],[70.9438,52.0195],[70.9438,52.0195],[70.9438,52.0195],[70.9438,52.0195],[70.9438,52.0195],[70.9438,52.0195],[70.9438,52.0195],[70.9438,52.0195],[70.9438,52.0195],[70.9437,52.0195],[70.9437,52.0195],[70.9437,52.0195],[70.9437,52.0195],[70.9437,52.0195],[70.9437,52.0195],[70.9437,52.0195],[70.9437,52.0195],[70.9437,52.0195],[70.9437,52.0195],[70.9437,52.0195],[70.9437,52.0195],[70.9437,52.0195],[70.9437,52.0195],[70.9437,52.0195],[70.9437,52.0195],[70.9437,52.0195],[70.9437,52.0195],[70.9437,52.0195],[70.9437,52.0195],[70.9437,52.0195],[70.9437,52.0195],[70.9437,52.0195],[70.9437,52.0195],[70.9437,52.0195],[70.9437,52.0195],[70.9437,52.0195],[70.9437,52.0195],[70.9436,52.0195],[70.9436,52.0195],[70.9436,52.0195],[70.9436,52.0195],[70.9436,52.0195],[70.9436,52.0196],[70.9436,52.0196],[70.9436,52.0196],[70.9436,52.0196],[70.9436,52.0196],[70.9436,52.0196],[70.9436,52.0196],[70.9436,52.0196],[70.9436,52.0196],[70.9436,52.0196],[70.9436,52.0196],[70.9436,52.0196],[70.9436,52.0196],[70.9436,52.0196],[70.9436,52.0196],[70.9436,52.0196],[70.9436,52.0196],[70.9436,52.0196],[70.9436,52.0196],[70.9436,52.0196],[70.9436,52.0196],[70.9436,52.0196],[70.9436,52.0196],[70.9435,52.0196],[70.9435,52.0196],[70.9435,52.0196],[70.9435,52.0196],[70.9435,52.0196],[70.9435,52.0196],[70.9435,52.0196],[70.9435,52.0196],[70.9435,52.0196],[70.9435,52.0196],[70.9435,52.0196],[70.9435,52.0196],[70.9435,52.0196],[70.9435,52.0196],[70.9435,52.0196],[70.9435,52.0196],[70.9435,52.0196],[70.9435,52.0197],[70.9435,52.0197],[70.9435,52.0197],[70.9435,52.0197],[70.9434,52.0197],[70.9434,52.0197],[70.9434,52.0197],[70.9434,52.0197],[70.9434,52.0197],[70.9434,52.0197],[70.9434,52.0197],[70.9434,52.0197],[70.9434,52.0197],[70.9434,52.0197],[70.9434,52.0197],[70.9434,52.0197],[70.9434,52.0197],[70.9434,52.0197],[70.9434,52.0197],[70.9434,52.0197],[70.9434,52.0197],[70.9434,52.0197],[70.9433,52.0197],[70.9433,52.0197],[70.9433,52.0197],[70.9433,52.0197],[70.9433,52.0197],[70.9433,52.0197],[70.9433,52.0197],[70.9433,52.0197],[70.9433,52.0197],[70.9433,52.0198],[70.9433,52.0198],[70.9433,52.0198],[70.9433,52.0198],[70.9433,52.0198],[70.9433,52.0198],[70.9433,52.0198],[70.9433,52.0198],[70.9433,52.0198],[70.9432,52.0198],[70.9432,52.0198],[70.9432,52.0198],[70.9432,52.0198],[70.9432,52.0198],[70.9432,52.0198],[70.9432,52.0198],[70.9432,52.0198],[70.9432,52.0198],[70.9432,52.0198],[70.9432,52.0198],[70.9432,52.0198],[70.9432,52.0198],[70.9432,52.0198],[70.9432,52.0198],[70.9432,52.0198],[70.9432,52.0198],[70.9431,52.0198],[70.9431,52.0198],[70.9431,52.0198],[70.9431,52.0198],[70.9431,52.0198],[70.9431,52.0198],[70.9431,52.0198],[70.9431,52.0199],[70.9431,52.0199],[70.9431,52.0199],[70.9431,52.0199],[70.9431,52.0199],[70.9431,52.0199],[70.9431,52.0199],[70.9431,52.0199],[70.9431,52.0199],[70.943,52.0199],[70.943,52.0199],[70.943,52.0199],[70.943,52.0199],[70.943,52.0199],[70.943,52.0199],[70.943,52.0199],[70.943,52.0199],[70.943,52.0199],[70.943,52.0199],[70.943,52.0199],[70.943,52.0199],[70.943,52.0199],[70.943,52.0199],[70.943,52.0199],[70.943,52.0199],[70.943,52.0199],[70.9429,52.0199],[70.9429,52.0199],[70.9429,52.0199],[70.9429,52.0199],[70.9429,52.0199],[70.9429,52.0199],[70.9429,52.0199],[70.9429,52.0199],[70.9429,52.0199],[70.9429,52.0199],[70.9429,52.02],[70.9429,52.02],[70.9429,52.02],[70.9429,52.02],[70.9429,52.02],[70.9429,52.02],[70.9428,52.02],[70.9428,52.02],[70.9428,52.02],[70.9428,52.02],[70.9428,52.02],[70.9428,52.02],[70.9428,52.02],[70.9428,52.02],[70.9428,52.02],[70.9428,52.02],[70.9428,52.02],[70.9428,52.02],[70.9428,52.02],[70.9428,52.02],[70.9433,52.0204],[70.9442,52.0201],[70.9442,52.0201],[70.9442,52.0201],[70.9442,52.0201],[70.9442,52.0201],[70.9442,52.0201],[70.9442,52.0201],[70.9442,52.0201],[70.9442,52.0201],[70.9442,52.0201],[70.9442,52.0201],[70.9443,52.0201],[70.9443,52.0201],[70.9443,52.0201],[70.9443,52.0201],[70.9443,52.0201],[70.9443,52.0201],[70.9443,52.0201],[70.9443,52.0201],[70.9443,52.0201],[70.9443,52.0201],[70.9443,52.0201],[70.9443,52.0201],[70.9443,52.0201],[70.9443,52.0201],[70.9443,52.0201],[70.9443,52.0201],[70.9443,52.0201],[70.9443,52.02],[70.9444,52.02],[70.9444,52.02],[70.9444,52.02],[70.9444,52.02],[70.9444,52.02],[70.9444,52.02],[70.9444,52.02],[70.9444,52.02],[70.9444,52.02],[70.9444,52.02],[70.9444,52.02],[70.9444,52.02],[70.9444,52.02],[70.9444,52.02],[70.9444,52.02],[70.9444,52.02],[70.9444,52.02],[70.9444,52.02],[70.9445,52.02],[70.9445,52.02],[70.9445,52.02],[70.9445,52.02],[70.9445,52.02],[70.9445,52.02],[70.9445,52.02],[70.9445,52.02],[70.9445,52.02],[70.9445,52.02],[70.9445,52.02],[70.9445,52.02],[70.9445,52.02],[70.9445,52.02],[70.9445,52.0199],[70.9445,52.0199],[70.9445,52.0199],[70.9445,52.0199],[70.9445,52.0199],[70.9445,52.0199],[70.9445,52.0199],[70.9446,52.0199],[70.9446,52.0199],[70.9446,52.0199],[70.9446,52.0199],[70.9446,52.0199],[70.9446,52.0199],[70.9446,52.0199],[70.9446,52.0199],[70.9446,52.0199],[70.9446,52.0199],[70.9446,52.0199],[70.9446,52.0199],[70.9446,52.0199],[70.9446,52.0199],[70.9446,52.0199],[70.9446,52.0199],[70.9446,52.0199],[70.9446,52.0199],[70.9446,52.0199],[70.9446,52.0199],[70.9446,52.0199],[70.9446,52.0199],[70.9446,52.0199],[70.9446,52.0199],[70.9446,52.0199],[70.9446,52.0199],[70.9446,52.0199],[70.9446,52.0199],[70.9446,52.0199],[70.9446,52.0199],[70.9447,52.0199],[70.9447,52.0199],[70.9447,52.0198],[70.9447,52.0198],[70.9447,52.0198],[70.9447,52.0198],[70.9447,52.0198],[70.9447,52.0198],[70.9447,52.0198],[70.9447,52.0198],[70.9447,52.0198],[70.9447,52.0198],[70.9447,52.0198],[70.9447,52.0198],[70.9447,52.0198],[70.9447,52.0198],[70.9447,52.0198],[70.9447,52.0198],[70.9447,52.0198],[70.9447,52.0198],[70.9447,52.0198],[70.9447,52.0198],[70.9447,52.0198],[70.9447,52.0198],[70.9447,52.0198],[70.9447,52.0198],[70.9447,52.0198],[70.9447,52.0198],[70.9447,52.0198],[70.9447,52.0198],[70.9447,52.0198]]]],"type":"MultiPolygon"},"geometry_name":"shape","id":"gp_functional_zones.fid--7752831e_19fb67eabdc_7d21","properties":{"area":0.814301946055442,"creation_doc_id":3617,"deactivation_doc_id":null,"func_zone_status_id":2,"ggk_zone_code":"11010000","ggk_zone_name":"Территория усадебной застройки","gp_func_zone_code":"11010000","gp_func_zone_code_id":19,"id":4731776,"zone_type_id":8},"type":"Feature"},{"bbox":[70.9313,52.0149,70.935,52.0204],"geometry":{"coordinates":[[[[70.9333,52.0149],[70.9329,52.0149],[70.9329,52.0149],[70.9329,52.015],[70.9327,52.0159],[70.9327,52.0159],[70.9327,52.0159],[70.9327,52.0159],[70.9327,52.0159],[70.9327,52.0159],[70.9327,52.016],[70.9327,52.016],[70.9326,52.016],[70.9326,52.016],[70.9326,52.016],[70.9326,52.0161],[70.9326,52.0161],[70.9326,52.0161],[70.9326,52.0161],[70.9326,52.0162],[70.9326,52.0162],[70.9326,52.0162],[70.9326,52.0162],[70.9326,52.0163],[70.9325,52.0163],[70.9325,52.0163],[70.9325,52.0163],[70.9325,52.0164],[70.9325,52.0164],[70.9325,52.0164],[70.9325,52.0164],[70.9325,52.0164],[70.9325,52.0165],[70.9325,52.0165],[70.9325,52.0165],[70.9325,52.0165],[70.9325,52.0165],[70.9324,52.0166],[70.9324,52.0166],[70.9324,52.0166],[70.9324,52.0166],[70.9324,52.0166],[70.9324,52.0166],[70.9324,52.0167],[70.9324,52.0167],[70.9324,52.0167],[70.9324,52.0167],[70.9324,52.0167],[70.9324,52.0167],[70.9324,52.0168],[70.9324,52.0168],[70.9324,52.0168],[70.9324,52.0168],[70.9324,52.0168],[70.9324,52.0168],[70.9324,52.0168],[70.9324,52.0169],[70.9323,52.0169],[70.9323,52.0169],[70.9323,52.0169],[70.9323,52.0169],[70.9323,52.0169],[70.9323,52.017],[70.9323,52.017],[70.9323,52.017],[70.9323,52.017],[70.9323,52.017],[70.9323,52.017],[70.9323,52.0171],[70.9323,52.0171],[70.9323,52.0171],[70.9323,52.0171],[70.9323,52.0171],[70.9323,52.0171],[70.9323,52.0172],[70.9323,52.0172],[70.9323,52.0172],[70.9323,52.0172],[70.9322,52.0172],[70.9322,52.0172],[70.9322,52.0172],[70.9322,52.0173],[70.9322,52.0173],[70.9322,52.0173],[70.9322,52.0173],[70.9322,52.0173],[70.9322,52.0173],[70.9322,52.0173],[70.9322,52.0173],[70.9322,52.0174],[70.9322,52.0174],[70.9322,52.0174],[70.9322,52.0174],[70.9322,52.0174],[70.9321,52.0174],[70.9321,52.0174],[70.9321,52.0175],[70.9321,52.0175],[70.9321,52.0175],[70.9321,52.0175],[70.9321,52.0175],[70.9321,52.0176],[70.9321,52.0176],[70.932,52.0176],[70.932,52.0176],[70.932,52.0176],[70.932,52.0177],[70.932,52.0177],[70.932,52.0177],[70.932,52.0177],[70.9319,52.0177],[70.9319,52.0177],[70.9319,52.0177],[70.9319,52.0178],[70.9319,52.0178],[70.9319,52.0178],[70.9319,52.0178],[70.9319,52.0178],[70.9319,52.0178],[70.9319,52.0178],[70.9319,52.0178],[70.9318,52.0179],[70.9318,52.0179],[70.9318,52.0179],[70.9318,52.0179],[70.9318,52.0179],[70.9318,52.0179],[70.9318,52.0179],[70.9318,52.0179],[70.9318,52.018],[70.9317,52.018],[70.9317,52.018],[70.9317,52.018],[70.9317,52.018],[70.9317,52.018],[70.9317,52.018],[70.9316,52.018],[70.9316,52.018],[70.9316,52.0181],[70.9316,52.0181],[70.9316,52.0181],[70.9316,52.0181],[70.9316,52.0181],[70.9316,52.0181],[70.9316,52.0181],[70.9315,52.0181],[70.9315,52.0182],[70.9315,52.0182],[70.9315,52.0182],[70.9315,52.0182],[70.9315,52.0182],[70.9315,52.0182],[70.9315,52.0182],[70.9315,52.0183],[70.9315,52.0183],[70.9315,52.0183],[70.9315,52.0183],[70.9315,52.0183],[70.9315,52.0183],[70.9314,52.0183],[70.9314,52.0184],[70.9314,52.0184],[70.9314,52.0184],[70.9314,52.0184],[70.9314,52.0184],[70.9314,52.0184],[70.9314,52.0184],[70.9314,52.0184],[70.9314,52.0185],[70.9314,52.0185],[70.9314,52.0185],[70.9314,52.0185],[70.9314,52.0185],[70.9314,52.0185],[70.9314,52.0185],[70.9314,52.0185],[70.9314,52.0186],[70.9314,52.0187],[70.9314,52.0188],[70.9313,52.0193],[70.9313,52.0193],[70.9313,52.0193],[70.9313,52.0193],[70.9313,52.0193],[70.9313,52.0193],[70.9313,52.0193],[70.9313,52.0193],[70.9314,52.0194],[70.9314,52.0194],[70.9314,52.0194],[70.9314,52.0194],[70.9314,52.0194],[70.9314,52.0194],[70.9314,52.0194],[70.9314,52.0195],[70.9314,52.0195],[70.9314,52.0195],[70.9314,52.0195],[70.9314,52.0195],[70.9314,52.0195],[70.9314,52.0195],[70.9314,52.0196],[70.9314,52.0196],[70.9314,52.0196],[70.9314,52.0196],[70.9314,52.0196],[70.9314,52.0196],[70.9314,52.0196],[70.9314,52.0196],[70.9315,52.0196],[70.9315,52.0196],[70.9315,52.0196],[70.9315,52.0197],[70.9316,52.0197],[70.9316,52.0197],[70.9316,52.0197],[70.9316,52.0197],[70.9316,52.0197],[70.9317,52.0197],[70.9317,52.0197],[70.9317,52.0197],[70.9317,52.0197],[70.9317,52.0198],[70.9318,52.0198],[70.9318,52.0198],[70.9318,52.0198],[70.9319,52.0198],[70.9319,52.0198],[70.9319,52.0198],[70.9319,52.0198],[70.932,52.0199],[70.932,52.0199],[70.932,52.0199],[70.932,52.0199],[70.932,52.0199],[70.932,52.0199],[70.9321,52.0199],[70.9321,52.0199],[70.9321,52.0199],[70.9321,52.0199],[70.9321,52.0199],[70.9321,52.0199],[70.9322,52.0199],[70.9322,52.02],[70.9322,52.02],[70.9322,52.02],[70.9322,52.02],[70.9323,52.02],[70.9323,52.02],[70.9323,52.02],[70.9323,52.02],[70.9324,52.02],[70.9324,52.02],[70.9324,52.0201],[70.9325,52.0201],[70.9325,52.0201],[70.9325,52.0201],[70.9325,52.0201],[70.9325,52.0201],[70.9326,52.0201],[70.9326,52.0201],[70.9326,52.0201],[70.9326,52.0201],[70.9332,52.0203],[70.9332,52.0203],[70.9332,52.0203],[70.9333,52.0203],[70.9333,52.0203],[70.9333,52.0203],[70.9334,52.0203],[70.9334,52.0204],[70.9334,52.0204],[70.9335,52.0204],[70.9335,52.0204],[70.9335,52.0204],[70.9336,52.0204],[70.9336,52.0204],[70.9336,52.0204],[70.9337,52.0204],[70.9337,52.0204],[70.9337,52.0204],[70.9337,52.0204],[70.9337,52.0204],[70.9337,52.0204],[70.9337,52.0203],[70.9337,52.0203],[70.9338,52.0203],[70.9338,52.0203],[70.9338,52.0203],[70.9338,52.0203],[70.9338,52.0203],[70.9338,52.0203],[70.9338,52.0202],[70.9338,52.0202],[70.9338,52.0202],[70.9338,52.0202],[70.9338,52.0202],[70.9338,52.0202],[70.9338,52.0202],[70.9338,52.0201],[70.9339,52.0201],[70.9339,52.0201],[70.9339,52.0201],[70.9339,52.0201],[70.9339,52.0201],[70.9339,52.0201],[70.9339,52.0201],[70.9339,52.02],[70.9339,52.02],[70.9339,52.02],[70.9339,52.02],[70.9339,52.02],[70.9339,52.02],[70.9339,52.02],[70.934,52.02],[70.934,52.0199],[70.934,52.0199],[70.934,52.0199],[70.934,52.0199],[70.934,52.0199],[70.934,52.0199],[70.934,52.0198],[70.934,52.0198],[70.934,52.0198],[70.934,52.0198],[70.9341,52.0198],[70.9341,52.0197],[70.9341,52.0197],[70.9341,52.0197],[70.9341,52.0197],[70.9341,52.0197],[70.9341,52.0197],[70.9341,52.0197],[70.9341,52.0196],[70.9341,52.0196],[70.9341,52.0196],[70.9341,52.0196],[70.9341,52.0196],[70.9342,52.0196],[70.9342,52.0195],[70.9342,52.0195],[70.9342,52.0195],[70.9342,52.0195],[70.9342,52.0195],[70.9342,52.0195],[70.9342,52.0194],[70.9342,52.0194],[70.9342,52.0194],[70.9342,52.0194],[70.9342,52.0194],[70.9342,52.0194],[70.9342,52.0194],[70.9342,52.0193],[70.9342,52.0193],[70.9342,52.0193],[70.9342,52.0193],[70.9343,52.0193],[70.9343,52.0193],[70.9343,52.0192],[70.9343,52.0192],[70.9343,52.0192],[70.9343,52.0192],[70.9343,52.0192],[70.9343,52.0192],[70.9343,52.0191],[70.9343,52.0191],[70.9343,52.0191],[70.9343,52.0191],[70.9343,52.0191],[70.9343,52.0191],[70.9343,52.019],[70.9343,52.019],[70.9343,52.019],[70.9343,52.019],[70.9344,52.0186],[70.9346,52.0172],[70.9346,52.0171],[70.9346,52.0171],[70.9348,52.0163],[70.935,52.0151],[70.935,52.0151],[70.935,52.0151],[70.935,52.0151],[70.9344,52.0151],[70.9335,52.0149],[70.9335,52.0149],[70.9335,52.0149],[70.9335,52.0149],[70.9334,52.0149],[70.9333,52.0149],[70.9333,52.0149]]]],"type":"MultiPolygon"},"geometry_name":"shape","id":"gp_functional_zones.fid--7752831e_19fb67eabdc_7d26","properties":{"area":9.83162637241291,"creation_doc_id":3617,"deactivation_doc_id":null,"func_zone_status_id":2,"ggk_zone_code":"11010000","ggk_zone_name":"Территория усадебной застройки","gp_func_zone_code":"11010000","gp_func_zone_code_id":19,"id":4731781,"zone_type_id":8},"type":"Feature"},{"bbox":[70.9309,52.0197,70.9318,52.0204],"geometry":{"coordinates":[[[70.9312,52.0198],[70.9312,52.0199],[70.9311,52.0199],[70.931,52.0199],[70.931,52.02],[70.9309,52.02],[70.9309,52.0201],[70.931,52.0201],[70.931,52.0202],[70.9311,52.0202],[70.9311,52.0203],[70.9312,52.0203],[70.9313,52.0203],[70.9313,52.0204],[70.9318,52.0199],[70.9317,52.0199],[70.9316,52.0199],[70.9316,52.0198],[70.9315,52.0198],[70.9314,52.0198],[70.9313,52.0198],[70.9312,52.0198]]],"type":"Polygon"},"geometry_name":"shape","id":"gp_functional_zones.fid--7752831e_19fb67eabdc_7d27","properties":{"area":0.22048025457836,"creation_doc_id":3617,"deactivation_doc_id":null,"func_zone_status_id":2,"ggk_zone_code":"11010000","ggk_zone_name":"Территория усадебной застройки","gp_func_zone_code":"11010000","gp_func_zone_code_id":19,"id":4731782,"zone_type_id":8},"type":"Feature"},{"bbox":[70.9416,52.0186,70.9441,52.0201],"geometry":{"coordinates":[[[[70.9441,52.019],[70.9431,52.0186],[70.9419,52.0196],[70.9419,52.0196],[70.9416,52.0198],[70.9422,52.0201],[70.9422,52.0201],[70.9422,52.0201],[70.9422,52.0201],[70.9422,52.0201],[70.9422,52.0201],[70.9423,52.0201],[70.9423,52.0201],[70.9423,52.0201],[70.9423,52.0201],[70.9423,52.0201],[70.9423,52.02],[70.9423,52.02],[70.9423,52.02],[70.9423,52.02],[70.9423,52.02],[70.9423,52.02],[70.9423,52.02],[70.9423,52.02],[70.9423,52.02],[70.9423,52.02],[70.9424,52.02],[70.9424,52.02],[70.9424,52.02],[70.9424,52.02],[70.9424,52.02],[70.9424,52.02],[70.9424,52.02],[70.9424,52.02],[70.9424,52.02],[70.9424,52.02],[70.9424,52.02],[70.9424,52.02],[70.9424,52.02],[70.9424,52.02],[70.9424,52.02],[70.9425,52.02],[70.9425,52.02],[70.9425,52.02],[70.9425,52.02],[70.9425,52.02],[70.9425,52.02],[70.9425,52.02],[70.9425,52.0199],[70.9425,52.0199],[70.9425,52.0199],[70.9425,52.0199],[70.9425,52.0199],[70.9425,52.0199],[70.9425,52.0199],[70.9426,52.0199],[70.9426,52.0199],[70.9426,52.0199],[70.9426,52.0199],[70.9426,52.0199],[70.9426,52.0199],[70.9426,52.0199],[70.9426,52.0199],[70.9426,52.0199],[70.9426,52.0199],[70.9426,52.0199],[70.9426,52.0199],[70.9426,52.0199],[70.9426,52.0199],[70.9427,52.0199],[70.9427,52.0199],[70.9427,52.0199],[70.9427,52.0199],[70.9427,52.0199],[70.9427,52.0199],[70.9427,52.0199],[70.9427,52.0199],[70.9427,52.0199],[70.9427,52.0199],[70.9427,52.0199],[70.9427,52.0199],[70.9427,52.0199],[70.9427,52.0199],[70.9427,52.0199],[70.9427,52.0198],[70.9427,52.0198],[70.9428,52.0198],[70.9428,52.0198],[70.9428,52.0198],[70.9428,52.0198],[70.9428,52.0198],[70.9428,52.0198],[70.9428,52.0198],[70.9428,52.0198],[70.9428,52.0198],[70.9428,52.0198],[70.9428,52.0198],[70.9428,52.0198],[70.9428,52.0198],[70.9428,52.0198],[70.9428,52.0198],[70.9428,52.0198],[70.9428,52.0198],[70.9429,52.0198],[70.9429,52.0198],[70.9429,52.0198],[70.9429,52.0198],[70.9429,52.0198],[70.9429,52.0198],[70.9429,52.0198],[70.9429,52.0198],[70.9429,52.0198],[70.9429,52.0198],[70.9429,52.0198],[70.9429,52.0198],[70.9429,52.0198],[70.9429,52.0198],[70.9429,52.0198],[70.9429,52.0198],[70.9429,52.0198],[70.943,52.0198],[70.943,52.0198],[70.943,52.0197],[70.943,52.0197],[70.943,52.0197],[70.943,52.0197],[70.943,52.0197],[70.943,52.0197],[70.943,52.0197],[70.943,52.0197],[70.943,52.0197],[70.943,52.0197],[70.943,52.0197],[70.943,52.0197],[70.943,52.0197],[70.943,52.0197],[70.943,52.0197],[70.943,52.0197],[70.9431,52.0197],[70.9431,52.0197],[70.9431,52.0197],[70.9431,52.0197],[70.9431,52.0197],[70.9431,52.0197],[70.9431,52.0197],[70.9431,52.0197],[70.9431,52.0197],[70.9431,52.0197],[70.9431,52.0197],[70.9431,52.0197],[70.9431,52.0197],[70.9431,52.0197],[70.9431,52.0197],[70.9431,52.0197],[70.9431,52.0197],[70.9431,52.0197],[70.9432,52.0197],[70.9432,52.0196],[70.9432,52.0196],[70.9432,52.0196],[70.9432,52.0196],[70.9432,52.0196],[70.9432,52.0196],[70.9432,52.0196],[70.9432,52.0196],[70.9432,52.0196],[70.9432,52.0196],[70.9432,52.0196],[70.9432,52.0196],[70.9432,52.0196],[70.9432,52.0196],[70.9432,52.0196],[70.9432,52.0196],[70.9432,52.0196],[70.9432,52.0196],[70.9433,52.0196],[70.9433,52.0196],[70.9433,52.0196],[70.9433,52.0196],[70.9433,52.0196],[70.9433,52.0196],[70.9433,52.0196],[70.9433,52.0196],[70.9433,52.0196],[70.9433,52.0196],[70.9433,52.0196],[70.9433,52.0196],[70.9433,52.0196],[70.9433,52.0196],[70.9433,52.0195],[70.9433,52.0195],[70.9433,52.0195],[70.9433,52.0195],[70.9433,52.0195],[70.9434,52.0195],[70.9434,52.0195],[70.9434,52.0195],[70.9434,52.0195],[70.9434,52.0195],[70.9434,52.0195],[70.9434,52.0195],[70.9434,52.0195],[70.9434,52.0195],[70.9434,52.0195],[70.9434,52.0195],[70.9434,52.0195],[70.9434,52.0195],[70.9434,52.0195],[70.9434,52.0195],[70.9434,52.0195],[70.9434,52.0195],[70.9434,52.0195],[70.9434,52.0195],[70.9435,52.0195],[70.9435,52.0195],[70.9435,52.0195],[70.9435,52.0195],[70.9435,52.0195],[70.9435,52.0195],[70.9435,52.0195],[70.9435,52.0195],[70.9435,52.0194],[70.9435,52.0194],[70.9435,52.0194],[70.9435,52.0194],[70.9435,52.0194],[70.9435,52.0194],[70.9435,52.0194],[70.9435,52.0194],[70.9435,52.0194],[70.9435,52.0194],[70.9435,52.0194],[70.9435,52.0194],[70.9436,52.0194],[70.9436,52.0194],[70.9436,52.0194],[70.9436,52.0194],[70.9436,52.0194],[70.9436,52.0194],[70.9436,52.0194],[70.9436,52.0194],[70.9436,52.0194],[70.9436,52.0194],[70.9436,52.0194],[70.9436,52.0194],[70.9436,52.0194],[70.9436,52.0194],[70.9436,52.0194],[70.9436,52.0194],[70.9436,52.0194],[70.9436,52.0194],[70.9436,52.0193],[70.9436,52.0193],[70.9436,52.0193],[70.9437,52.0193],[70.9437,52.0193],[70.9437,52.0193],[70.9437,52.0193],[70.9437,52.0193],[70.9437,52.0193],[70.9437,52.0193],[70.9437,52.0193],[70.9437,52.0193],[70.9437,52.0193],[70.9437,52.0193],[70.9437,52.0193],[70.9437,52.0193],[70.9437,52.0193],[70.9437,52.0193],[70.9437,52.0193],[70.9437,52.0193],[70.9437,52.0193],[70.9437,52.0193],[70.9437,52.0193],[70.9438,52.0193],[70.9438,52.0193],[70.9438,52.0193],[70.9438,52.0193],[70.9438,52.0193],[70.9438,52.0193],[70.9438,52.0193],[70.9438,52.0192],[70.9438,52.0192],[70.9438,52.0192],[70.9438,52.0192],[70.9438,52.0192],[70.9438,52.0192],[70.9438,52.0192],[70.9438,52.0192],[70.9438,52.0192],[70.9438,52.0192],[70.9438,52.0192],[70.9438,52.0192],[70.9438,52.0192],[70.9438,52.0192],[70.9439,52.0192],[70.9439,52.0192],[70.9439,52.0192],[70.9439,52.0192],[70.9439,52.0192],[70.9439,52.0192],[70.9439,52.0192],[70.9439,52.0192],[70.9439,52.0192],[70.9439,52.0192],[70.9439,52.0192],[70.9439,52.0192],[70.9439,52.0192],[70.9439,52.0192],[70.9439,52.0192],[70.9439,52.0191],[70.9439,52.0191],[70.9439,52.0191],[70.9439,52.0191],[70.9439,52.0191],[70.9439,52.0191],[70.944,52.0191],[70.944,52.0191],[70.944,52.0191],[70.944,52.0191],[70.944,52.0191],[70.944,52.0191],[70.944,52.0191],[70.944,52.0191],[70.944,52.0191],[70.944,52.0191],[70.944,52.0191],[70.944,52.0191],[70.944,52.0191],[70.944,52.0191],[70.944,52.0191],[70.944,52.0191],[70.944,52.0191],[70.944,52.0191],[70.944,52.0191],[70.944,52.0191],[70.944,52.0191],[70.944,52.0191],[70.944,52.0191],[70.944,52.0191],[70.944,52.0191],[70.944,52.0191],[70.9441,52.0191],[70.9441,52.0191],[70.9441,52.019],[70.9441,52.019],[70.9441,52.019],[70.9441,52.019],[70.9441,52.019],[70.9441,52.019],[70.9441,52.019],[70.9441,52.019],[70.9441,52.019],[70.9441,52.019],[70.9441,52.019],[70.9441,52.019],[70.9441,52.019],[70.9441,52.019]]]],"type":"MultiPolygon"},"geometry_name":"shape","id":"gp_functional_zones.fid--7752831e_19fb67eabdc_7d2d","properties":{"area":1.2729981955639,"creation_doc_id":3617,"deactivation_doc_id":null,"func_zone_status_id":2,"ggk_zone_code":"11010000","ggk_zone_name":"Территория усадебной застройки","gp_func_zone_code":"11010000","gp_func_zone_code_id":19,"id":4731788,"zone_type_id":8},"type":"Feature"},{"bbox":[70.9291,52.0191,70.9305,52.0202],"geometry":{"coordinates":[[[[70.9299,52.0191],[70.9299,52.0191],[70.9299,52.0191],[70.9299,52.0191],[70.9299,52.0191],[70.9298,52.0191],[70.9298,52.0191],[70.9298,52.0191],[70.9298,52.0191],[70.9298,52.0191],[70.9298,52.0191],[70.9298,52.0191],[70.9298,52.0191],[70.9298,52.0191],[70.9298,52.0191],[70.9298,52.0191],[70.9298,52.0191],[70.9298,52.0191],[70.9298,52.0191],[70.9298,52.0191],[70.9297,52.0191],[70.9297,52.0191],[70.9297,52.0191],[70.9297,52.0191],[70.9297,52.0191],[70.9297,52.0191],[70.9297,52.0191],[70.9297,52.0191],[70.9297,52.0191],[70.9297,52.0191],[70.9297,52.0191],[70.9297,52.0191],[70.9297,52.0191],[70.9297,52.0191],[70.9297,52.0191],[70.9297,52.0191],[70.9296,52.0191],[70.9296,52.0191],[70.9296,52.0191],[70.9296,52.0191],[70.9296,52.0191],[70.9296,52.0191],[70.9296,52.0191],[70.9296,52.0191],[70.9296,52.0192],[70.9296,52.0192],[70.9296,52.0192],[70.9296,52.0192],[70.9296,52.0192],[70.9296,52.0192],[70.9296,52.0192],[70.9296,52.0192],[70.9296,52.0192],[70.9296,52.0192],[70.9296,52.0192],[70.9296,52.0192],[70.9296,52.0192],[70.9295,52.0192],[70.9295,52.0192],[70.9295,52.0192],[70.9295,52.0192],[70.9295,52.0192],[70.9295,52.0192],[70.9295,52.0192],[70.9295,52.0192],[70.9295,52.0192],[70.9295,52.0192],[70.9295,52.0192],[70.9295,52.0192],[70.9295,52.0192],[70.9295,52.0192],[70.9295,52.0192],[70.9295,52.0192],[70.9295,52.0192],[70.9295,52.0192],[70.9295,52.0192],[70.9295,52.0192],[70.9295,52.0192],[70.9295,52.0192],[70.9295,52.0192],[70.9295,52.0192],[70.9295,52.0192],[70.9295,52.0192],[70.9294,52.0192],[70.9294,52.0192],[70.9294,52.0192],[70.9294,52.0192],[70.9294,52.0192],[70.9294,52.0192],[70.9294,52.0192],[70.9294,52.0193],[70.9294,52.0193],[70.9294,52.0193],[70.9294,52.0193],[70.9294,52.0193],[70.9294,52.0193],[70.9294,52.0193],[70.9294,52.0193],[70.9294,52.0193],[70.9294,52.0193],[70.9294,52.0193],[70.9294,52.0193],[70.9294,52.0193],[70.9294,52.0193],[70.9294,52.0193],[70.9294,52.0193],[70.9294,52.0193],[70.9294,52.0193],[70.9294,52.0193],[70.9294,52.0193],[70.9294,52.0193],[70.9294,52.0193],[70.9293,52.0193],[70.9293,52.0193],[70.9293,52.0193],[70.9293,52.0193],[70.9293,52.0193],[70.9293,52.0193],[70.9293,52.0193],[70.9293,52.0193],[70.9293,52.0193],[70.9293,52.0193],[70.9293,52.0193],[70.9293,52.0193],[70.9293,52.0193],[70.9293,52.0193],[70.9293,52.0193],[70.9293,52.0193],[70.9293,52.0193],[70.9293,52.0193],[70.9293,52.0193],[70.9293,52.0193],[70.9293,52.0193],[70.9293,52.0194],[70.9293,52.0194],[70.9293,52.0194],[70.9293,52.0194],[70.9293,52.0194],[70.9293,52.0194],[70.9293,52.0194],[70.9293,52.0194],[70.9292,52.0194],[70.9292,52.0194],[70.9292,52.0194],[70.9292,52.0194],[70.9292,52.0194],[70.9292,52.0194],[70.9292,52.0194],[70.9292,52.0194],[70.9292,52.0194],[70.9292,52.0194],[70.9292,52.0194],[70.9292,52.0194],[70.9292,52.0194],[70.9292,52.0194],[70.9292,52.0194],[70.9292,52.0194],[70.9292,52.0194],[70.9292,52.0194],[70.9292,52.0194],[70.9292,52.0194],[70.9292,52.0194],[70.9292,52.0194],[70.9292,52.0194],[70.9292,52.0194],[70.9292,52.0194],[70.9292,52.0194],[70.9292,52.0195],[70.9292,52.0195],[70.9291,52.0195],[70.9291,52.0195],[70.9291,52.0195],[70.9293,52.0196],[70.9294,52.0196],[70.9295,52.0197],[70.9296,52.0198],[70.9297,52.0199],[70.9298,52.0201],[70.9299,52.0202],[70.9305,52.02],[70.9305,52.02],[70.9305,52.02],[70.9305,52.02],[70.9305,52.02],[70.9305,52.02],[70.9305,52.02],[70.9305,52.02],[70.9305,52.02],[70.9305,52.02],[70.9305,52.02],[70.9305,52.02],[70.9305,52.02],[70.9305,52.02],[70.9305,52.02],[70.9305,52.02],[70.9304,52.02],[70.9304,52.02],[70.9304,52.02],[70.9304,52.0199],[70.9304,52.0199],[70.9304,52.0199],[70.9304,52.0199],[70.9304,52.0199],[70.9304,52.0199],[70.9304,52.0199],[70.9304,52.0199],[70.9304,52.0199],[70.9304,52.0199],[70.9304,52.0199],[70.9304,52.0199],[70.9304,52.0199],[70.9304,52.0199],[70.9304,52.0199],[70.9304,52.0199],[70.9304,52.0199],[70.9304,52.0199],[70.9304,52.0199],[70.9304,52.0199],[70.9304,52.0199],[70.9304,52.0199],[70.9304,52.0199],[70.9304,52.0199],[70.9304,52.0199],[70.9304,52.0199],[70.9304,52.0199],[70.9304,52.0198],[70.9304,52.0198],[70.9304,52.0198],[70.9304,52.0198],[70.9304,52.0198],[70.9304,52.0198],[70.9304,52.0198],[70.9304,52.0198],[70.9303,52.0198],[70.9303,52.0198],[70.9303,52.0198],[70.9303,52.0197],[70.9303,52.0197],[70.9303,52.0197],[70.9303,52.0197],[70.9303,52.0197],[70.9303,52.0197],[70.9303,52.0197],[70.9303,52.0197],[70.9303,52.0197],[70.9303,52.0197],[70.9303,52.0197],[70.9303,52.0197],[70.9303,52.0197],[70.9303,52.0197],[70.9303,52.0197],[70.9303,52.0197],[70.9303,52.0197],[70.9303,52.0197],[70.9303,52.0197],[70.9303,52.0197],[70.9303,52.0197],[70.9303,52.0197],[70.9303,52.0197],[70.9303,52.0197],[70.9303,52.0197],[70.9303,52.0196],[70.9302,52.0196],[70.9302,52.0196],[70.9302,52.0196],[70.9302,52.0196],[70.9302,52.0196],[70.9302,52.0196],[70.9302,52.0196],[70.9302,52.0196],[70.9302,52.0196],[70.9302,52.0196],[70.9302,52.0196],[70.9302,52.0196],[70.9302,52.0196],[70.9302,52.0196],[70.9302,52.0196],[70.9302,52.0196],[70.9302,52.0196],[70.9302,52.0196],[70.9302,52.0196],[70.9302,52.0196],[70.9302,52.0196],[70.9302,52.0196],[70.9302,52.0196],[70.9302,52.0196],[70.9302,52.0196],[70.9302,52.0195],[70.9302,52.0195],[70.9302,52.0195],[70.9302,52.0195],[70.9302,52.0195],[70.9302,52.0195],[70.9302,52.0195],[70.9302,52.0195],[70.9302,52.0195],[70.9302,52.0195],[70.9302,52.0195],[70.9302,52.0195],[70.9302,52.0195],[70.9302,52.0195],[70.9302,52.0195],[70.9302,52.0195],[70.9302,52.0195],[70.9302,52.0195],[70.9302,52.0195],[70.9302,52.0195],[70.9302,52.0195],[70.9302,52.0195],[70.9302,52.0195],[70.9302,52.0195],[70.9301,52.0195],[70.9301,52.0195],[70.9301,52.0195],[70.9301,52.0195],[70.9301,52.0195],[70.9301,52.0195],[70.9301,52.0195],[70.9301,52.0195],[70.9301,52.0195],[70.9301,52.0195],[70.9301,52.0195],[70.9301,52.0195],[70.9301,52.0195],[70.9301,52.0195],[70.9301,52.0194],[70.9301,52.0194],[70.9301,52.0194],[70.9301,52.0194],[70.9301,52.0194],[70.9301,52.0194],[70.9301,52.0194],[70.9301,52.0194],[70.9301,52.0194],[70.9301,52.0194],[70.9301,52.0194],[70.9301,52.0194],[70.9301,52.0194],[70.9301,52.0194],[70.9301,52.0194],[70.9301,52.0194],[70.9301,52.0194],[70.9301,52.0194],[70.9301,52.0194],[70.9301,52.0194],[70.9301,52.0194],[70.9301,52.0194],[70.9301,52.0194],[70.9301,52.0194],[70.9301,52.0194],[70.9301,52.0194],[70.9301,52.0194],[70.9301,52.0194],[70.9301,52.0194],[70.9301,52.0194],[70.9301,52.0194],[70.9301,52.0194],[70.9301,52.0194],[70.9301,52.0194],[70.9301,52.0194],[70.9301,52.0194],[70.9301,52.0194],[70.9301,52.0193],[70.9301,52.0193],[70.93,52.0193],[70.93,52.0193],[70.93,52.0193],[70.93,52.0193],[70.93,52.0193],[70.93,52.0193],[70.93,52.0193],[70.93,52.0193],[70.93,52.0193],[70.93,52.0193],[70.93,52.0193],[70.93,52.0193],[70.93,52.0193],[70.93,52.0193],[70.93,52.0193],[70.93,52.0193],[70.93,52.0193],[70.93,52.0193],[70.93,52.0193],[70.93,52.0193],[70.93,52.0193],[70.93,52.0193],[70.93,52.0193],[70.93,52.0193],[70.93,52.0193],[70.93,52.0193],[70.93,52.0193],[70.93,52.0193],[70.93,52.0192],[70.93,52.0192],[70.93,52.0192],[70.93,52.0192],[70.93,52.0192],[70.93,52.0192],[70.93,52.0192],[70.93,52.0192],[70.93,52.0192],[70.93,52.0192],[70.93,52.0192],[70.93,52.0192],[70.93,52.0192],[70.9299,52.0192],[70.9299,52.0192],[70.9299,52.0192],[70.9299,52.0192],[70.9299,52.0192],[70.9299,52.0192],[70.9299,52.0192],[70.9299,52.0192],[70.9299,52.0192],[70.9299,52.0192],[70.9299,52.0192],[70.9299,52.0192],[70.9299,52.0192],[70.9299,52.0192],[70.9299,52.0192],[70.9299,52.0192],[70.9299,52.0192],[70.9299,52.0192],[70.9299,52.0191],[70.9299,52.0191],[70.9299,52.0191],[70.9299,52.0191],[70.9299,52.0191],[70.9299,52.0191],[70.9299,52.0191],[70.9299,52.0191],[70.9299,52.0191],[70.9299,52.0191],[70.9299,52.0191],[70.9299,52.0191],[70.9299,52.0191],[70.9299,52.0191],[70.9299,52.0191],[70.9299,52.0191],[70.9299,52.0191],[70.9299,52.0191],[70.9299,52.0191],[70.9299,52.0191],[70.9299,52.0191],[70.9299,52.0191],[70.9299,52.0191],[70.9299,52.0191],[70.9299,52.0191],[70.9299,52.0191],[70.9299,52.0191]]]],"type":"MultiPolygon"},"geometry_name":"shape","id":"gp_functional_zones.fid--7752831e_19fb67eabdc_7d33","properties":{"area":0.561988278451413,"creation_doc_id":3617,"deactivation_doc_id":null,"func_zone_status_id":2,"ggk_zone_code":"11010000","ggk_zone_name":"Территория усадебной застройки","gp_func_zone_code":"11010000","gp_func_zone_code_id":19,"id":4731794,"zone_type_id":8},"type":"Feature"},{"bbox":[70.9291,52.0135,70.933,52.0199],"geometry":{"coordinates":[[[[70.9314,52.0137],[70.9307,52.0135],[70.9306,52.0137],[70.9304,52.0142],[70.9304,52.0142],[70.9304,52.0142],[70.9304,52.0143],[70.9304,52.0143],[70.9304,52.0143],[70.9304,52.0143],[70.9304,52.0143],[70.9303,52.0143],[70.9303,52.0144],[70.9303,52.0144],[70.9303,52.0144],[70.9303,52.0144],[70.9303,52.0144],[70.9303,52.0144],[70.9303,52.0145],[70.9303,52.0145],[70.9303,52.0145],[70.9303,52.0145],[70.9303,52.0145],[70.9303,52.0145],[70.9303,52.0145],[70.9303,52.0146],[70.9303,52.0146],[70.9302,52.0146],[70.9302,52.0146],[70.9302,52.0146],[70.9302,52.0146],[70.9302,52.0147],[70.9302,52.0147],[70.9302,52.0147],[70.9302,52.0147],[70.9302,52.0147],[70.9302,52.0147],[70.9302,52.0147],[70.9302,52.0148],[70.9302,52.0148],[70.9302,52.0148],[70.9302,52.0148],[70.9302,52.0148],[70.9302,52.0148],[70.9301,52.0148],[70.9301,52.0148],[70.9301,52.0149],[70.9301,52.0149],[70.9301,52.0149],[70.9301,52.0149],[70.9301,52.0149],[70.9301,52.0149],[70.9301,52.0149],[70.9301,52.015],[70.9301,52.015],[70.9301,52.015],[70.9301,52.015],[70.9301,52.015],[70.9301,52.015],[70.9301,52.015],[70.9301,52.0151],[70.9301,52.0151],[70.9301,52.0151],[70.9301,52.0151],[70.9301,52.0151],[70.9301,52.0151],[70.93,52.0151],[70.93,52.0151],[70.93,52.0152],[70.93,52.0152],[70.93,52.0153],[70.93,52.0153],[70.93,52.0153],[70.93,52.0154],[70.93,52.0154],[70.93,52.0154],[70.93,52.0155],[70.9299,52.0155],[70.9299,52.0155],[70.9299,52.0156],[70.9299,52.0156],[70.9299,52.0156],[70.9299,52.0157],[70.9299,52.0157],[70.9299,52.0157],[70.9299,52.0157],[70.9299,52.0158],[70.9299,52.0158],[70.9299,52.0158],[70.9299,52.0158],[70.9299,52.0158],[70.9299,52.0159],[70.9299,52.0159],[70.9299,52.0159],[70.9299,52.0159],[70.9298,52.0159],[70.9298,52.016],[70.9298,52.016],[70.9298,52.016],[70.9298,52.016],[70.9298,52.016],[70.9298,52.0161],[70.9298,52.0161],[70.9298,52.0161],[70.9298,52.0161],[70.9298,52.0162],[70.9298,52.0162],[70.9298,52.0162],[70.9298,52.0162],[70.9298,52.0162],[70.9298,52.0162],[70.9298,52.0163],[70.9298,52.0163],[70.9298,52.0163],[70.9298,52.0163],[70.9298,52.0163],[70.9298,52.0163],[70.9297,52.0163],[70.9297,52.0164],[70.9297,52.0164],[70.9297,52.0164],[70.9297,52.0164],[70.9297,52.0164],[70.9297,52.0164],[70.9297,52.0165],[70.9297,52.0165],[70.9297,52.0165],[70.9297,52.0165],[70.9297,52.0165],[70.9297,52.0165],[70.9297,52.0165],[70.9297,52.0166],[70.9297,52.0166],[70.9297,52.0166],[70.9297,52.0166],[70.9296,52.0166],[70.9296,52.0166],[70.9296,52.0166],[70.9296,52.0167],[70.9296,52.0167],[70.9296,52.0167],[70.9296,52.0167],[70.9296,52.0167],[70.9296,52.0167],[70.9296,52.0167],[70.9296,52.0167],[70.9295,52.0168],[70.9295,52.0168],[70.9295,52.0168],[70.9295,52.0168],[70.9295,52.0168],[70.9295,52.0168],[70.9295,52.0168],[70.9295,52.0169],[70.9295,52.0169],[70.9294,52.0169],[70.9294,52.0169],[70.9294,52.0169],[70.9294,52.0169],[70.9294,52.017],[70.9293,52.017],[70.9293,52.017],[70.9293,52.017],[70.9293,52.017],[70.9292,52.0171],[70.9292,52.0171],[70.9292,52.0171],[70.9292,52.0171],[70.9292,52.0171],[70.9291,52.0171],[70.9291,52.0172],[70.9291,52.0172],[70.9292,52.0172],[70.9292,52.0172],[70.9292,52.0172],[70.9292,52.0172],[70.9292,52.0173],[70.9292,52.0173],[70.9292,52.0173],[70.9292,52.0173],[70.9292,52.0173],[70.9292,52.0173],[70.9292,52.0174],[70.9292,52.0174],[70.9293,52.0174],[70.9293,52.0174],[70.9293,52.0174],[70.9293,52.0174],[70.9293,52.0175],[70.9293,52.0175],[70.9293,52.0175],[70.9293,52.0175],[70.9293,52.0175],[70.9293,52.0176],[70.9294,52.0176],[70.9294,52.0176],[70.9294,52.0176],[70.9294,52.0176],[70.9294,52.0177],[70.9294,52.0177],[70.9294,52.0177],[70.9294,52.0177],[70.9294,52.0177],[70.9294,52.0178],[70.9295,52.0178],[70.9295,52.0178],[70.9295,52.0178],[70.9295,52.0178],[70.9295,52.0179],[70.9295,52.0179],[70.9295,52.0179],[70.9295,52.0179],[70.9295,52.0179],[70.9296,52.018],[70.9296,52.018],[70.9296,52.018],[70.9296,52.018],[70.9296,52.018],[70.9296,52.0181],[70.9296,52.0181],[70.9296,52.0181],[70.9297,52.0181],[70.9297,52.0182],[70.9297,52.0182],[70.9297,52.0182],[70.9297,52.0182],[70.9297,52.0182],[70.9297,52.0183],[70.9297,52.0183],[70.9297,52.0183],[70.9298,52.0183],[70.9298,52.0183],[70.9298,52.0184],[70.9298,52.0184],[70.9298,52.0184],[70.9298,52.0184],[70.9298,52.0184],[70.9298,52.0185],[70.9298,52.0185],[70.9299,52.0185],[70.9299,52.0185],[70.9299,52.0185],[70.9299,52.0185],[70.9299,52.0186],[70.9299,52.0186],[70.9299,52.0186],[70.9299,52.0186],[70.9299,52.0186],[70.9299,52.0187],[70.9299,52.0187],[70.93,52.0187],[70.93,52.0187],[70.93,52.0187],[70.93,52.0187],[70.93,52.0188],[70.93,52.0188],[70.93,52.0188],[70.93,52.0188],[70.93,52.0188],[70.93,52.0188],[70.9301,52.0189],[70.9301,52.0189],[70.9301,52.0189],[70.9301,52.0189],[70.9301,52.0189],[70.9301,52.0189],[70.9301,52.019],[70.9301,52.019],[70.9301,52.019],[70.9301,52.019],[70.9302,52.019],[70.9302,52.0191],[70.9302,52.0191],[70.9302,52.0191],[70.9302,52.0191],[70.9302,52.0191],[70.9302,52.0191],[70.9302,52.0191],[70.9302,52.0192],[70.9302,52.0192],[70.9303,52.0192],[70.9303,52.0192],[70.9303,52.0192],[70.9303,52.0192],[70.9303,52.0192],[70.9303,52.0192],[70.9303,52.0193],[70.9303,52.0193],[70.9303,52.0193],[70.9303,52.0193],[70.9304,52.0193],[70.9304,52.0193],[70.9304,52.0194],[70.9304,52.0194],[70.9304,52.0194],[70.9304,52.0194],[70.9304,52.0195],[70.9305,52.0195],[70.9305,52.0195],[70.9305,52.0195],[70.9305,52.0195],[70.9305,52.0195],[70.9305,52.0195],[70.9305,52.0196],[70.9305,52.0196],[70.9305,52.0196],[70.9305,52.0196],[70.9305,52.0196],[70.9306,52.0196],[70.9306,52.0196],[70.9306,52.0197],[70.9306,52.0197],[70.9306,52.0197],[70.9306,52.0197],[70.9306,52.0197],[70.9306,52.0197],[70.9306,52.0198],[70.9306,52.0198],[70.9307,52.0198],[70.9307,52.0198],[70.9307,52.0198],[70.9307,52.0198],[70.9307,52.0198],[70.9307,52.0199],[70.9307,52.0199],[70.9307,52.0199],[70.9307,52.0199],[70.9307,52.0199],[70.9307,52.0199],[70.9308,52.0199],[70.9308,52.0199],[70.9308,52.0199],[70.9308,52.0199],[70.9308,52.0199],[70.9309,52.0199],[70.9309,52.0199],[70.9309,52.0199],[70.9309,52.0198],[70.9309,52.0198],[70.9309,52.0198],[70.931,52.0198],[70.931,52.0198],[70.931,52.0198],[70.931,52.0198],[70.931,52.0198],[70.931,52.0198],[70.9311,52.0197],[70.9311,52.0197],[70.9311,52.0197],[70.9311,52.0197],[70.9311,52.0197],[70.9311,52.0197],[70.9311,52.0197],[70.9311,52.0196],[70.9311,52.0196],[70.9311,52.0196],[70.9311,52.0196],[70.9311,52.0196],[70.9312,52.0196],[70.9312,52.0196],[70.9312,52.0195],[70.9312,52.0195],[70.9312,52.0195],[70.9312,52.0195],[70.9312,52.0195],[70.9312,52.0195],[70.9311,52.0194],[70.9311,52.0194],[70.9311,52.0194],[70.9311,52.0194],[70.9311,52.0194],[70.9311,52.0194],[70.9311,52.0193],[70.9311,52.0193],[70.9311,52.0193],[70.9311,52.0193],[70.9311,52.0193],[70.9312,52.0185],[70.9312,52.0185],[70.9312,52.0185],[70.9312,52.0185],[70.9312,52.0185],[70.9312,52.0185],[70.9312,52.0184],[70.9312,52.0184],[70.9312,52.0184],[70.9312,52.0184],[70.9312,52.0184],[70.9312,52.0184],[70.9312,52.0183],[70.9312,52.0183],[70.9312,52.0183],[70.9312,52.0183],[70.9312,52.0183],[70.9313,52.0183],[70.9313,52.0183],[70.9313,52.0182],[70.9313,52.0182],[70.9313,52.0182],[70.9313,52.0182],[70.9313,52.0182],[70.9313,52.0182],[70.9313,52.0182],[70.9313,52.0181],[70.9313,52.0181],[70.9313,52.0181],[70.9313,52.0181],[70.9314,52.0181],[70.9314,52.0181],[70.9314,52.0181],[70.9314,52.0181],[70.9314,52.018],[70.9314,52.018],[70.9314,52.018],[70.9314,52.018],[70.9314,52.018],[70.9315,52.018],[70.9315,52.0179],[70.9315,52.0179],[70.9315,52.0179],[70.9316,52.0179],[70.9316,52.0179],[70.9316,52.0179],[70.9316,52.0179],[70.9316,52.0178],[70.9316,52.0178],[70.9316,52.0178],[70.9316,52.0178],[70.9316,52.0178],[70.9317,52.0178],[70.9317,52.0178],[70.9317,52.0178],[70.9317,52.0177],[70.9317,52.0177],[70.9317,52.0177],[70.9317,52.0177],[70.9317,52.0177],[70.9317,52.0177],[70.9317,52.0177],[70.9317,52.0177],[70.9318,52.0177],[70.9318,52.0176],[70.9318,52.0176],[70.9318,52.0176],[70.9318,52.0176],[70.9318,52.0176],[70.9318,52.0175],[70.9319,52.0175],[70.9319,52.0175],[70.9319,52.0175],[70.9319,52.0175],[70.9319,52.0175],[70.9319,52.0174],[70.9319,52.0174],[70.9319,52.0174],[70.9319,52.0174],[70.932,52.0174],[70.932,52.0173],[70.932,52.0173],[70.932,52.0173],[70.932,52.0173],[70.932,52.0172],[70.932,52.0172],[70.932,52.0172],[70.932,52.0172],[70.932,52.0172],[70.932,52.0171],[70.9321,52.0171],[70.9321,52.0171],[70.9321,52.0171],[70.9321,52.0171],[70.9321,52.0171],[70.9321,52.017],[70.9321,52.017],[70.9321,52.017],[70.9321,52.017],[70.9321,52.017],[70.9321,52.017],[70.9321,52.017],[70.9321,52.0169],[70.9321,52.0169],[70.9321,52.0169],[70.9321,52.0169],[70.9321,52.0169],[70.9321,52.0169],[70.9321,52.0168],[70.9321,52.0168],[70.9321,52.0168],[70.9322,52.0168],[70.9322,52.0168],[70.9322,52.0167],[70.9322,52.0167],[70.9322,52.0167],[70.9322,52.0167],[70.9322,52.0167],[70.9322,52.0167],[70.9322,52.0166],[70.9322,52.0166],[70.9322,52.0166],[70.9322,52.0166],[70.9322,52.0166],[70.9322,52.0165],[70.9322,52.0165],[70.9322,52.0165],[70.9322,52.0165],[70.9323,52.0165],[70.9323,52.0165],[70.9323,52.0164],[70.9323,52.0164],[70.9323,52.0164],[70.9323,52.0164],[70.9323,52.0164],[70.9323,52.0163],[70.9323,52.0163],[70.9323,52.0163],[70.9323,52.0163],[70.9323,52.0162],[70.9323,52.0162],[70.9324,52.0162],[70.9324,52.0162],[70.9324,52.0161],[70.9324,52.0161],[70.9324,52.0161],[70.9324,52.0161],[70.9324,52.016],[70.9324,52.016],[70.9324,52.016],[70.9324,52.016],[70.9324,52.0159],[70.9324,52.0159],[70.9324,52.0159],[70.9325,52.0159],[70.9325,52.0159],[70.9325,52.0159],[70.9325,52.0159],[70.9325,52.0159],[70.9325,52.0159],[70.9325,52.0158],[70.9327,52.0149],[70.9329,52.0144],[70.933,52.0139],[70.933,52.0139],[70.933,52.0139],[70.9329,52.0139],[70.9329,52.0139],[70.9329,52.0139],[70.9329,52.0139],[70.9329,52.0139],[70.9328,52.0139],[70.9328,52.0139],[70.9328,52.0139],[70.9328,52.0139],[70.9328,52.0139],[70.9327,52.0139],[70.9327,52.0139],[70.9327,52.0139],[70.9327,52.0138],[70.9327,52.0138],[70.9326,52.0138],[70.9326,52.0138],[70.9326,52.0138],[70.9326,52.0138],[70.9325,52.0138],[70.9325,52.0138],[70.9324,52.0138],[70.9324,52.0138],[70.9324,52.0138],[70.9323,52.0138],[70.9323,52.0138],[70.9323,52.0138],[70.9322,52.0138],[70.9322,52.0138],[70.9321,52.0138],[70.9321,52.0138],[70.9321,52.0138],[70.932,52.0137],[70.932,52.0137],[70.932,52.0137],[70.932,52.0137],[70.9319,52.0137],[70.9319,52.0137],[70.9319,52.0137],[70.9318,52.0137],[70.9318,52.0137],[70.9318,52.0137],[70.9317,52.0137],[70.9317,52.0137],[70.9317,52.0137],[70.9316,52.0137],[70.9316,52.0137],[70.9315,52.0137],[70.9315,52.0137],[70.9315,52.0137],[70.9314,52.0137],[70.9314,52.0137]]]],"type":"MultiPolygon"},"geometry_name":"shape","id":"gp_functional_zones.fid--7752831e_19fb67eabdc_7d34","properties":{"area":9.84060190871569,"creation_doc_id":3617,"deactivation_doc_id":null,"func_zone_status_id":2,"ggk_zone_code":"11010000","ggk_zone_name":"Территория усадебной застройки","gp_func_zone_code":"11010000","gp_func_zone_code_id":19,"id":4731795,"zone_type_id":8},"type":"Feature"},{"bbox":[70.9441,52.0185,70.9458,52.0197],"geometry":{"coordinates":[[[[70.9449,52.0185],[70.9449,52.0185],[70.9449,52.0185],[70.9449,52.0185],[70.9449,52.0185],[70.9449,52.0185],[70.9449,52.0185],[70.9449,52.0185],[70.9449,52.0185],[70.9449,52.0185],[70.9449,52.0185],[70.9449,52.0185],[70.9449,52.0185],[70.9449,52.0185],[70.9449,52.0185],[70.9449,52.0185],[70.9449,52.0185],[70.9449,52.0185],[70.9449,52.0185],[70.9448,52.0185],[70.9448,52.0185],[70.9448,52.0185],[70.9448,52.0185],[70.9448,52.0186],[70.9448,52.0186],[70.9448,52.0186],[70.9448,52.0186],[70.9448,52.0186],[70.9448,52.0186],[70.9448,52.0186],[70.9448,52.0186],[70.9448,52.0186],[70.9448,52.0186],[70.9448,52.0186],[70.9448,52.0186],[70.9448,52.0186],[70.9448,52.0186],[70.9448,52.0186],[70.9448,52.0186],[70.9448,52.0186],[70.9448,52.0186],[70.9448,52.0186],[70.9448,52.0186],[70.9448,52.0186],[70.9448,52.0186],[70.9448,52.0186],[70.9448,52.0186],[70.9448,52.0186],[70.9448,52.0186],[70.9448,52.0186],[70.9448,52.0186],[70.9448,52.0186],[70.9448,52.0186],[70.9448,52.0186],[70.9448,52.0186],[70.9448,52.0186],[70.9448,52.0186],[70.9448,52.0186],[70.9448,52.0186],[70.9448,52.0186],[70.9448,52.0186],[70.9448,52.0186],[70.9448,52.0186],[70.9448,52.0186],[70.9448,52.0186],[70.9448,52.0186],[70.9448,52.0186],[70.9448,52.0186],[70.9448,52.0186],[70.9448,52.0187],[70.9448,52.0187],[70.9448,52.0187],[70.9448,52.0187],[70.9448,52.0187],[70.9448,52.0187],[70.9447,52.0187],[70.9447,52.0187],[70.9447,52.0187],[70.9447,52.0187],[70.9447,52.0187],[70.9447,52.0187],[70.9447,52.0187],[70.9447,52.0187],[70.9447,52.0187],[70.9447,52.0187],[70.9447,52.0187],[70.9447,52.0187],[70.9447,52.0187],[70.9447,52.0187],[70.9447,52.0187],[70.9447,52.0187],[70.9447,52.0187],[70.9447,52.0187],[70.9447,52.0187],[70.9447,52.0187],[70.9447,52.0187],[70.9447,52.0187],[70.9447,52.0187],[70.9447,52.0187],[70.9447,52.0187],[70.9447,52.0188],[70.9447,52.0188],[70.9447,52.0188],[70.9447,52.0188],[70.9447,52.0188],[70.9447,52.0188],[70.9446,52.0188],[70.9446,52.0188],[70.9446,52.0188],[70.9446,52.0188],[70.9446,52.0188],[70.9446,52.0188],[70.9446,52.0188],[70.9446,52.0188],[70.9446,52.0188],[70.9446,52.0188],[70.9446,52.0188],[70.9446,52.0188],[70.9446,52.0188],[70.9446,52.0188],[70.9446,52.0188],[70.9446,52.0188],[70.9446,52.0188],[70.9446,52.0188],[70.9446,52.0188],[70.9446,52.0188],[70.9446,52.0188],[70.9446,52.0188],[70.9446,52.0189],[70.9446,52.0189],[70.9446,52.0189],[70.9446,52.0189],[70.9446,52.0189],[70.9445,52.0189],[70.9445,52.0189],[70.9445,52.0189],[70.9445,52.0189],[70.9445,52.0189],[70.9445,52.0189],[70.9445,52.0189],[70.9445,52.0189],[70.9445,52.0189],[70.9445,52.0189],[70.9445,52.0189],[70.9445,52.0189],[70.9445,52.0189],[70.9445,52.0189],[70.9445,52.0189],[70.9445,52.0189],[70.9445,52.0189],[70.9445,52.0189],[70.9445,52.0189],[70.9445,52.0189],[70.9445,52.0189],[70.9445,52.0189],[70.9445,52.0189],[70.9445,52.0189],[70.9445,52.0189],[70.9445,52.0189],[70.9445,52.0189],[70.9445,52.0189],[70.9445,52.0189],[70.9445,52.0189],[70.9445,52.0189],[70.9445,52.0189],[70.9445,52.019],[70.9445,52.019],[70.9444,52.019],[70.9444,52.019],[70.9444,52.019],[70.9444,52.019],[70.9444,52.019],[70.9444,52.019],[70.9444,52.019],[70.9444,52.019],[70.9444,52.019],[70.9444,52.019],[70.9444,52.019],[70.9444,52.019],[70.9444,52.019],[70.9444,52.019],[70.9444,52.019],[70.9444,52.019],[70.9444,52.019],[70.9444,52.019],[70.9444,52.019],[70.9444,52.019],[70.9444,52.019],[70.9444,52.019],[70.9444,52.019],[70.9444,52.019],[70.9444,52.019],[70.9444,52.019],[70.9444,52.019],[70.9444,52.019],[70.9444,52.019],[70.9444,52.019],[70.9444,52.019],[70.9444,52.019],[70.9444,52.019],[70.9444,52.019],[70.9444,52.019],[70.9444,52.019],[70.9443,52.019],[70.9443,52.019],[70.9443,52.019],[70.9443,52.019],[70.9443,52.019],[70.9443,52.019],[70.9443,52.0191],[70.9443,52.0191],[70.9443,52.0191],[70.9443,52.0191],[70.9443,52.0191],[70.9443,52.0191],[70.9443,52.0191],[70.9443,52.0191],[70.9443,52.0191],[70.9443,52.0191],[70.9443,52.0191],[70.9443,52.0191],[70.9443,52.0191],[70.9443,52.0191],[70.9443,52.0191],[70.9443,52.0191],[70.9443,52.0191],[70.9443,52.0191],[70.9443,52.0191],[70.9443,52.0191],[70.9443,52.0191],[70.9443,52.0191],[70.9443,52.0191],[70.9443,52.0191],[70.9443,52.0191],[70.9443,52.0191],[70.9443,52.0191],[70.9443,52.0191],[70.9443,52.0191],[70.9442,52.0191],[70.9442,52.0191],[70.9442,52.0191],[70.9442,52.0191],[70.9442,52.0191],[70.9442,52.0191],[70.9442,52.0191],[70.9442,52.0191],[70.9442,52.0191],[70.9442,52.0191],[70.9442,52.0191],[70.9442,52.0191],[70.9442,52.0191],[70.9442,52.0191],[70.9442,52.0191],[70.9442,52.0192],[70.9442,52.0192],[70.9442,52.0192],[70.9442,52.0192],[70.9442,52.0192],[70.9442,52.0192],[70.9442,52.0192],[70.9442,52.0192],[70.9442,52.0192],[70.9442,52.0192],[70.9442,52.0192],[70.9442,52.0192],[70.9442,52.0192],[70.9442,52.0192],[70.9442,52.0192],[70.9442,52.0192],[70.9442,52.0192],[70.9442,52.0192],[70.9442,52.0192],[70.9441,52.0192],[70.9441,52.0192],[70.9441,52.0192],[70.9441,52.0192],[70.9441,52.0192],[70.9441,52.0192],[70.9441,52.0192],[70.9441,52.0192],[70.9441,52.0192],[70.9441,52.0192],[70.9441,52.0192],[70.9441,52.0192],[70.9441,52.0192],[70.9449,52.0197],[70.9452,52.0193],[70.9452,52.0193],[70.9452,52.0193],[70.9453,52.0193],[70.9453,52.0193],[70.9453,52.0193],[70.9453,52.0192],[70.9453,52.0192],[70.9453,52.0192],[70.9453,52.0192],[70.9454,52.0192],[70.9454,52.0192],[70.9454,52.0191],[70.9454,52.0191],[70.9454,52.0191],[70.9454,52.0191],[70.9455,52.0191],[70.9455,52.0191],[70.9455,52.0191],[70.9455,52.0191],[70.9455,52.0191],[70.9455,52.0191],[70.9455,52.0191],[70.9455,52.0191],[70.9455,52.0191],[70.9455,52.019],[70.9455,52.019],[70.9455,52.019],[70.9455,52.019],[70.9455,52.019],[70.9455,52.019],[70.9455,52.019],[70.9455,52.019],[70.9455,52.019],[70.9455,52.019],[70.9455,52.019],[70.9455,52.019],[70.9455,52.019],[70.9455,52.019],[70.9455,52.019],[70.9455,52.019],[70.9455,52.019],[70.9455,52.019],[70.9455,52.019],[70.9455,52.019],[70.9455,52.019],[70.9455,52.019],[70.9455,52.019],[70.9455,52.019],[70.9455,52.019],[70.9455,52.019],[70.9455,52.019],[70.9456,52.019],[70.9456,52.019],[70.9456,52.019],[70.9456,52.019],[70.9456,52.019],[70.9456,52.019],[70.9456,52.019],[70.9456,52.0189],[70.9456,52.0189],[70.9456,52.0189],[70.9456,52.0189],[70.9456,52.0189],[70.9456,52.0189],[70.9456,52.0189],[70.9456,52.0189],[70.9456,52.0189],[70.9456,52.0189],[70.9456,52.0189],[70.9456,52.0189],[70.9456,52.0189],[70.9456,52.0189],[70.9456,52.0189],[70.9456,52.0189],[70.9456,52.0189],[70.9456,52.0189],[70.9456,52.0189],[70.9456,52.0189],[70.9456,52.0189],[70.9456,52.0189],[70.9456,52.0189],[70.9456,52.0189],[70.9456,52.0189],[70.9456,52.0189],[70.9456,52.0189],[70.9456,52.0189],[70.9456,52.0189],[70.9456,52.0189],[70.9456,52.0189],[70.9456,52.0189],[70.9456,52.0189],[70.9456,52.0189],[70.9457,52.0189],[70.9457,52.0188],[70.9457,52.0188],[70.9457,52.0188],[70.9457,52.0188],[70.9457,52.0188],[70.9457,52.0188],[70.9457,52.0188],[70.9457,52.0188],[70.9457,52.0188],[70.9457,52.0188],[70.9457,52.0188],[70.9457,52.0188],[70.9457,52.0188],[70.9457,52.0188],[70.9457,52.0188],[70.9457,52.0188],[70.9457,52.0188],[70.9457,52.0188],[70.9457,52.0188],[70.9457,52.0188],[70.9457,52.0188],[70.9457,52.0188],[70.9457,52.0188],[70.9457,52.0188],[70.9457,52.0188],[70.9457,52.0188],[70.9457,52.0188],[70.9457,52.0188],[70.9457,52.0188],[70.9457,52.0188],[70.9457,52.0188],[70.9457,52.0188],[70.9457,52.0188],[70.9457,52.0187],[70.9457,52.0187],[70.9457,52.0187],[70.9457,52.0187],[70.9457,52.0187],[70.9457,52.0187],[70.9457,52.0187],[70.9457,52.0187],[70.9458,52.0187],[70.9458,52.0187],[70.9458,52.0187],[70.9458,52.0187],[70.9458,52.0187],[70.9458,52.0187],[70.9458,52.0187],[70.9458,52.0187],[70.9458,52.0187],[70.9458,52.0187],[70.9455,52.0186],[70.9449,52.0185]]]],"type":"MultiPolygon"},"geometry_name":"shape","id":"gp_functional_zones.fid--7752831e_19fb67eabdc_7d35","properties":{"area":0.733736840469337,"creation_doc_id":3617,"deactivation_doc_id":null,"func_zone_status_id":2,"ggk_zone_code":"11010000","ggk_zone_name":"Территория усадебной застройки","gp_func_zone_code":"11010000","gp_func_zone_code_id":19,"id":4731798,"zone_type_id":8},"type":"Feature"},{"bbox":[70.9456,52.0185,70.9474,52.0196],"geometry":{"coordinates":[[[[70.9474,52.0192],[70.9471,52.0185],[70.9467,52.0185],[70.9467,52.0185],[70.9467,52.0185],[70.9467,52.0185],[70.9467,52.0185],[70.9466,52.0185],[70.9466,52.0185],[70.9466,52.0185],[70.9466,52.0185],[70.9466,52.0185],[70.9466,52.0185],[70.9466,52.0185],[70.9466,52.0185],[70.9466,52.0185],[70.9466,52.0185],[70.9466,52.0185],[70.9466,52.0185],[70.9466,52.0185],[70.9466,52.0185],[70.9466,52.0185],[70.9465,52.0185],[70.9465,52.0185],[70.9465,52.0185],[70.9465,52.0185],[70.9465,52.0185],[70.9465,52.0185],[70.9465,52.0185],[70.9465,52.0185],[70.9465,52.0185],[70.9465,52.0185],[70.9465,52.0185],[70.9465,52.0185],[70.9465,52.0185],[70.9465,52.0185],[70.9464,52.0185],[70.9464,52.0185],[70.9464,52.0185],[70.9464,52.0185],[70.9464,52.0185],[70.9464,52.0185],[70.9464,52.0185],[70.9464,52.0185],[70.9464,52.0185],[70.9464,52.0185],[70.9464,52.0185],[70.9464,52.0185],[70.9464,52.0185],[70.9464,52.0185],[70.9463,52.0185],[70.9463,52.0185],[70.9463,52.0185],[70.9463,52.0185],[70.9463,52.0185],[70.9463,52.0185],[70.9463,52.0185],[70.9463,52.0185],[70.9463,52.0185],[70.9463,52.0185],[70.9463,52.0185],[70.9463,52.0185],[70.9463,52.0185],[70.9463,52.0185],[70.9463,52.0185],[70.9462,52.0185],[70.9462,52.0185],[70.9462,52.0185],[70.9462,52.0185],[70.9462,52.0185],[70.9462,52.0185],[70.9462,52.0185],[70.9462,52.0185],[70.9462,52.0185],[70.9462,52.0185],[70.9462,52.0185],[70.9462,52.0185],[70.9462,52.0185],[70.9462,52.0185],[70.9462,52.0185],[70.9462,52.0185],[70.9462,52.0185],[70.9462,52.0186],[70.9462,52.0186],[70.9462,52.0186],[70.9462,52.0186],[70.9462,52.0186],[70.9462,52.0186],[70.9462,52.0186],[70.9462,52.0186],[70.9462,52.0186],[70.9462,52.0186],[70.9462,52.0186],[70.9462,52.0186],[70.9462,52.0186],[70.9462,52.0186],[70.9462,52.0186],[70.9462,52.0186],[70.9462,52.0186],[70.9461,52.0186],[70.9461,52.0186],[70.9461,52.0186],[70.9461,52.0186],[70.9461,52.0186],[70.9461,52.0186],[70.9461,52.0186],[70.9461,52.0186],[70.9461,52.0186],[70.9461,52.0186],[70.9461,52.0187],[70.9461,52.0187],[70.9461,52.0187],[70.9461,52.0187],[70.9461,52.0187],[70.9461,52.0187],[70.9461,52.0187],[70.9461,52.0187],[70.9461,52.0187],[70.9461,52.0187],[70.9461,52.0187],[70.9461,52.0187],[70.9461,52.0187],[70.9461,52.0187],[70.9461,52.0187],[70.9461,52.0187],[70.9461,52.0187],[70.9461,52.0187],[70.9461,52.0187],[70.9461,52.0187],[70.9461,52.0187],[70.9461,52.0187],[70.9461,52.0187],[70.9461,52.0187],[70.9461,52.0187],[70.9461,52.0187],[70.9461,52.0187],[70.9461,52.0187],[70.9461,52.0187],[70.9461,52.0188],[70.946,52.0188],[70.946,52.0188],[70.946,52.0188],[70.946,52.0188],[70.946,52.0188],[70.946,52.0188],[70.946,52.0188],[70.946,52.0188],[70.946,52.0188],[70.946,52.0188],[70.946,52.0188],[70.946,52.0188],[70.946,52.0188],[70.946,52.0188],[70.946,52.0188],[70.946,52.0188],[70.946,52.0188],[70.946,52.0188],[70.946,52.0188],[70.946,52.0188],[70.946,52.0188],[70.946,52.0188],[70.946,52.0188],[70.946,52.0188],[70.946,52.0188],[70.946,52.0188],[70.946,52.0188],[70.946,52.0188],[70.946,52.0189],[70.946,52.0189],[70.946,52.0189],[70.946,52.0189],[70.946,52.0189],[70.946,52.0189],[70.946,52.0189],[70.946,52.0189],[70.946,52.0189],[70.946,52.0189],[70.9459,52.0189],[70.9459,52.0189],[70.9459,52.0189],[70.9459,52.0189],[70.9459,52.0189],[70.9459,52.0189],[70.9459,52.0189],[70.9459,52.0189],[70.9459,52.0189],[70.9459,52.0189],[70.9459,52.0189],[70.9459,52.0189],[70.9459,52.0189],[70.9459,52.0189],[70.9459,52.0189],[70.9459,52.0189],[70.9459,52.0189],[70.9459,52.0189],[70.9459,52.0189],[70.9459,52.019],[70.9459,52.019],[70.9459,52.019],[70.9459,52.019],[70.9459,52.019],[70.9459,52.019],[70.9459,52.019],[70.9459,52.019],[70.9459,52.019],[70.9459,52.019],[70.9459,52.019],[70.9459,52.019],[70.9459,52.019],[70.9459,52.019],[70.9459,52.019],[70.9459,52.019],[70.9458,52.019],[70.9458,52.019],[70.9458,52.019],[70.9458,52.019],[70.9458,52.019],[70.9458,52.019],[70.9458,52.019],[70.9458,52.019],[70.9458,52.019],[70.9458,52.019],[70.9458,52.019],[70.9458,52.019],[70.9458,52.019],[70.9458,52.019],[70.9458,52.0191],[70.9458,52.0191],[70.9458,52.0191],[70.9458,52.0191],[70.9458,52.0191],[70.9458,52.0191],[70.9458,52.0191],[70.9458,52.0191],[70.9458,52.0191],[70.9458,52.0191],[70.9458,52.0191],[70.9458,52.0191],[70.9458,52.0191],[70.9458,52.0191],[70.9458,52.0191],[70.9458,52.0191],[70.9458,52.0191],[70.9458,52.0191],[70.9458,52.0191],[70.9458,52.0191],[70.9457,52.0191],[70.9457,52.0191],[70.9457,52.0191],[70.9457,52.0191],[70.9457,52.0191],[70.9457,52.0191],[70.9457,52.0191],[70.9457,52.0191],[70.9457,52.0191],[70.9457,52.0191],[70.9457,52.0192],[70.9457,52.0192],[70.9457,52.0192],[70.9457,52.0192],[70.9457,52.0192],[70.9457,52.0192],[70.9457,52.0192],[70.9457,52.0192],[70.9456,52.0192],[70.9456,52.0192],[70.9456,52.0193],[70.9456,52.0193],[70.9467,52.0196],[70.9467,52.0196],[70.9467,52.0196],[70.9467,52.0196],[70.9467,52.0196],[70.9467,52.0196],[70.9467,52.0196],[70.9467,52.0196],[70.9467,52.0196],[70.9467,52.0196],[70.9467,52.0196],[70.9467,52.0196],[70.9467,52.0196],[70.9467,52.0195],[70.9467,52.0195],[70.9467,52.0195],[70.9467,52.0195],[70.9467,52.0195],[70.9467,52.0195],[70.9468,52.0195],[70.9468,52.0195],[70.9468,52.0195],[70.9468,52.0195],[70.9468,52.0195],[70.9468,52.0195],[70.9468,52.0195],[70.9468,52.0195],[70.9468,52.0195],[70.9468,52.0195],[70.9468,52.0195],[70.9468,52.0195],[70.9468,52.0195],[70.9468,52.0195],[70.9468,52.0195],[70.9468,52.0195],[70.9468,52.0195],[70.9468,52.0195],[70.9468,52.0195],[70.9468,52.0195],[70.9468,52.0195],[70.9469,52.0195],[70.9469,52.0195],[70.9469,52.0195],[70.9469,52.0195],[70.9469,52.0195],[70.9469,52.0195],[70.9469,52.0195],[70.9469,52.0195],[70.9469,52.0194],[70.9469,52.0194],[70.9469,52.0194],[70.9469,52.0194],[70.9469,52.0194],[70.9469,52.0194],[70.9469,52.0194],[70.9469,52.0194],[70.9469,52.0194],[70.9469,52.0194],[70.9469,52.0194],[70.9469,52.0194],[70.947,52.0194],[70.947,52.0194],[70.947,52.0194],[70.947,52.0194],[70.947,52.0194],[70.947,52.0194],[70.947,52.0194],[70.947,52.0194],[70.947,52.0194],[70.947,52.0194],[70.947,52.0194],[70.947,52.0194],[70.947,52.0194],[70.947,52.0194],[70.947,52.0194],[70.947,52.0194],[70.947,52.0194],[70.947,52.0194],[70.947,52.0194],[70.947,52.0194],[70.9471,52.0194],[70.9471,52.0194],[70.9471,52.0193],[70.9471,52.0193],[70.9471,52.0193],[70.9471,52.0193],[70.9471,52.0193],[70.9471,52.0193],[70.9471,52.0193],[70.9471,52.0193],[70.9471,52.0193],[70.9471,52.0193],[70.9471,52.0193],[70.9471,52.0193],[70.9471,52.0193],[70.9471,52.0193],[70.9471,52.0193],[70.9471,52.0193],[70.9471,52.0193],[70.9471,52.0193],[70.9472,52.0193],[70.9472,52.0193],[70.9472,52.0193],[70.9472,52.0193],[70.9472,52.0193],[70.9472,52.0193],[70.9472,52.0193],[70.9472,52.0193],[70.9472,52.0193],[70.9472,52.0193],[70.9472,52.0193],[70.9472,52.0193],[70.9472,52.0193],[70.9472,52.0193],[70.9472,52.0193],[70.9472,52.0193],[70.9472,52.0193],[70.9472,52.0193],[70.9472,52.0192],[70.9473,52.0192],[70.9473,52.0192],[70.9473,52.0192],[70.9473,52.0192],[70.9473,52.0192],[70.9473,52.0192],[70.9473,52.0192],[70.9473,52.0192],[70.9473,52.0192],[70.9473,52.0192],[70.9473,52.0192],[70.9473,52.0192],[70.9473,52.0192],[70.9473,52.0192],[70.9473,52.0192],[70.9473,52.0192],[70.9473,52.0192],[70.9473,52.0192],[70.9473,52.0192],[70.9473,52.0192],[70.9474,52.0192],[70.9474,52.0192],[70.9474,52.0192],[70.9474,52.0192],[70.9474,52.0192],[70.9474,52.0192]]]],"type":"MultiPolygon"},"geometry_name":"shape","id":"gp_functional_zones.fid--7752831e_19fb67eabdc_7d36","properties":{"area":0.984229588407179,"creation_doc_id":3617,"deactivation_doc_id":null,"func_zone_status_id":2,"ggk_zone_code":"11010000","ggk_zone_name":"Территория усадебной застройки","gp_func_zone_code":"11010000","gp_func_zone_code_id":19,"id":4731802,"zone_type_id":8},"type":"Feature"},{"bbox":[70.9411,52.0172,70.9436,52.0193],"geometry":{"coordinates":[[[[70.9434,52.0172],[70.9431,52.0172],[70.9431,52.0172],[70.9431,52.0172],[70.9431,52.0172],[70.9431,52.0172],[70.943,52.0174],[70.943,52.0174],[70.943,52.0174],[70.943,52.0174],[70.943,52.0174],[70.943,52.0174],[70.943,52.0174],[70.943,52.0174],[70.943,52.0175],[70.943,52.0175],[70.943,52.0175],[70.943,52.0175],[70.943,52.0175],[70.943,52.0175],[70.943,52.0175],[70.943,52.0175],[70.943,52.0175],[70.943,52.0175],[70.943,52.0175],[70.943,52.0175],[70.9429,52.0175],[70.9429,52.0175],[70.9429,52.0175],[70.9429,52.0175],[70.9429,52.0175],[70.9429,52.0175],[70.9429,52.0175],[70.9429,52.0175],[70.9429,52.0175],[70.9429,52.0175],[70.9429,52.0176],[70.9429,52.0176],[70.9429,52.0176],[70.9423,52.018],[70.9417,52.0185],[70.9411,52.019],[70.9413,52.019],[70.9418,52.0193],[70.9436,52.0179],[70.9436,52.0179],[70.9436,52.0179],[70.9436,52.0179],[70.9436,52.0179],[70.9436,52.0179],[70.9436,52.0179],[70.9436,52.0179],[70.9436,52.0179],[70.9436,52.0179],[70.9436,52.0179],[70.9436,52.0179],[70.9436,52.0179],[70.9436,52.0179],[70.9436,52.0179],[70.9436,52.0179],[70.9436,52.0178],[70.9436,52.0178],[70.9436,52.0178],[70.9436,52.0178],[70.9436,52.0178],[70.9436,52.0178],[70.9436,52.0178],[70.9436,52.0178],[70.9436,52.0178],[70.9436,52.0178],[70.9436,52.0178],[70.9436,52.0178],[70.9436,52.0178],[70.9436,52.0178],[70.9436,52.0178],[70.9436,52.0178],[70.9436,52.0178],[70.9436,52.0178],[70.9436,52.0177],[70.9436,52.0177],[70.9436,52.0177],[70.9436,52.0177],[70.9436,52.0177],[70.9436,52.0177],[70.9436,52.0177],[70.9435,52.0177],[70.9435,52.0177],[70.9435,52.0177],[70.9435,52.0177],[70.9435,52.0177],[70.9435,52.0176],[70.9435,52.0176],[70.9435,52.0176],[70.9435,52.0176],[70.9435,52.0176],[70.9435,52.0176],[70.9435,52.0176],[70.9435,52.0176],[70.9435,52.0176],[70.9435,52.0176],[70.9435,52.0176],[70.9435,52.0176],[70.9435,52.0176],[70.9435,52.0176],[70.9435,52.0176],[70.9435,52.0175],[70.9434,52.0175],[70.9434,52.0175],[70.9434,52.0175],[70.9434,52.0175],[70.9434,52.0175],[70.9434,52.0175],[70.9434,52.0175],[70.9434,52.0175],[70.9434,52.0175],[70.9434,52.0175],[70.9434,52.0175],[70.9434,52.0175],[70.9434,52.0175],[70.9434,52.0175],[70.9434,52.0174],[70.9434,52.0174],[70.9434,52.0174],[70.9434,52.0174],[70.9434,52.0174],[70.9434,52.0174],[70.9434,52.0174],[70.9434,52.0174],[70.9434,52.0174],[70.9434,52.0174],[70.9434,52.0174],[70.9434,52.0174],[70.9434,52.0174],[70.9434,52.0174],[70.9434,52.0173],[70.9434,52.0173],[70.9434,52.0173],[70.9434,52.0173],[70.9434,52.0173],[70.9434,52.0173],[70.9434,52.0173],[70.9434,52.0173],[70.9434,52.0173],[70.9434,52.0173],[70.9434,52.0173],[70.9434,52.0173],[70.9434,52.0172],[70.9434,52.0172],[70.9434,52.0172]]]],"type":"MultiPolygon"},"geometry_name":"shape","id":"gp_functional_zones.fid--7752831e_19fb67eabdc_7d37","properties":{"area":1.44209012766718,"creation_doc_id":3617,"deactivation_doc_id":null,"func_zone_status_id":2,"ggk_zone_code":"11010000","ggk_zone_name":"Территория усадебной застройки","gp_func_zone_code":"11010000","gp_func_zone_code_id":19,"id":4731808,"zone_type_id":8},"type":"Feature"},{"bbox":[70.9284,52.0186,70.9298,52.0193],"geometry":{"coordinates":[[[70.9288,52.0186],[70.9284,52.0191],[70.9285,52.0191],[70.9286,52.0192],[70.9287,52.0192],[70.9288,52.0193],[70.9289,52.0193],[70.929,52.0193],[70.929,52.0192],[70.9291,52.0192],[70.9292,52.0192],[70.9292,52.0191],[70.9293,52.0191],[70.9293,52.019],[70.9294,52.019],[70.9295,52.019],[70.9296,52.019],[70.9296,52.0189],[70.9297,52.0189],[70.9297,52.0188],[70.9288,52.0186]]],"type":"Polygon"},"geometry_name":"shape","id":"gp_functional_zones.fid--7752831e_19fb67eabdc_7d38","properties":{"area":0.369457569243085,"creation_doc_id":3617,"deactivation_doc_id":null,"func_zone_status_id":2,"ggk_zone_code":"11010000","ggk_zone_name":"Территория усадебной застройки","gp_func_zone_code":"11010000","gp_func_zone_code_id":19,"id":4731809,"zone_type_id":8},"type":"Feature"},{"bbox":[70.9433,52.0173,70.946,52.0189],"geometry":{"coordinates":[[[70.945,52.0184],[70.9459,52.0186],[70.9459,52.0185],[70.9459,52.0184],[70.9459,52.0183],[70.9458,52.0183],[70.9458,52.0182],[70.9458,52.0181],[70.9457,52.0181],[70.9457,52.018],[70.9457,52.0179],[70.9457,52.0178],[70.9456,52.0178],[70.9456,52.0177],[70.9455,52.0177],[70.9454,52.0177],[70.9454,52.0176],[70.9453,52.0176],[70.9452,52.0176],[70.9451,52.0176],[70.945,52.0175],[70.9449,52.0175],[70.9448,52.0175],[70.9447,52.0175],[70.9446,52.0175],[70.9445,52.0175],[70.9445,52.0174],[70.9444,52.0174],[70.9443,52.0174],[70.9442,52.0174],[70.9441,52.0174],[70.944,52.0174],[70.944,52.0173],[70.9439,52.0173],[70.9438,52.0173],[70.9437,52.0173],[70.9437,52.0174],[70.9437,52.0175],[70.9438,52.0175],[70.9438,52.0176],[70.9438,52.0177],[70.9439,52.0177],[70.9439,52.0178],[70.9439,52.0179],[70.9439,52.018],[70.9438,52.018],[70.9435,52.0183],[70.9433,52.0185],[70.9442,52.0189],[70.9443,52.0189],[70.9443,52.0188],[70.9444,52.0188],[70.9444,52.0187],[70.9445,52.0187],[70.9445,52.0186],[70.9446,52.0186],[70.9446,52.0185],[70.9447,52.0185],[70.9447,52.0184],[70.9448,52.0184],[70.9449,52.0184],[70.945,52.0184]]],"type":"Polygon"},"geometry_name":"shape","id":"gp_functional_zones.fid--7752831e_19fb67eabdc_7d39","properties":{"area":1.74243988939225,"creation_doc_id":3617,"deactivation_doc_id":null,"func_zone_status_id":2,"ggk_zone_code":"11010000","ggk_zone_name":"Территория усадебной застройки","gp_func_zone_code":"11010000","gp_func_zone_code_id":19,"id":4731810,"zone_type_id":8},"type":"Feature"},{"bbox":[70.9267,52.0181,70.9285,52.0191],"geometry":{"coordinates":[[[[70.9285,52.0185],[70.9267,52.0181],[70.9269,52.0184],[70.9269,52.0184],[70.9269,52.0184],[70.9269,52.0184],[70.9269,52.0184],[70.9269,52.0185],[70.927,52.0185],[70.927,52.0185],[70.927,52.0185],[70.927,52.0185],[70.927,52.0185],[70.927,52.0185],[70.927,52.0185],[70.927,52.0185],[70.927,52.0185],[70.927,52.0185],[70.927,52.0185],[70.927,52.0185],[70.927,52.0185],[70.927,52.0185],[70.927,52.0185],[70.927,52.0185],[70.927,52.0185],[70.927,52.0185],[70.927,52.0185],[70.927,52.0185],[70.927,52.0185],[70.927,52.0185],[70.927,52.0185],[70.927,52.0185],[70.927,52.0185],[70.927,52.0185],[70.927,52.0185],[70.927,52.0185],[70.927,52.0185],[70.927,52.0185],[70.927,52.0186],[70.927,52.0186],[70.927,52.0186],[70.927,52.0186],[70.927,52.0186],[70.927,52.0186],[70.927,52.0186],[70.927,52.0186],[70.927,52.0186],[70.927,52.0186],[70.927,52.0186],[70.927,52.0186],[70.927,52.0186],[70.927,52.0186],[70.927,52.0186],[70.927,52.0186],[70.927,52.0186],[70.927,52.0186],[70.927,52.0186],[70.927,52.0186],[70.927,52.0186],[70.927,52.0186],[70.927,52.0186],[70.927,52.0186],[70.927,52.0186],[70.927,52.0186],[70.927,52.0186],[70.927,52.0186],[70.927,52.0187],[70.927,52.0187],[70.927,52.0187],[70.9271,52.0187],[70.9271,52.0187],[70.9271,52.0187],[70.9271,52.0187],[70.9271,52.0187],[70.9271,52.0187],[70.9271,52.0187],[70.9271,52.0187],[70.9271,52.0187],[70.9271,52.0187],[70.9271,52.0187],[70.9271,52.0187],[70.9271,52.0187],[70.9271,52.0187],[70.9271,52.0187],[70.9271,52.0187],[70.9271,52.0187],[70.9271,52.0187],[70.9271,52.0187],[70.9271,52.0187],[70.9271,52.0187],[70.9271,52.0187],[70.9271,52.0187],[70.9271,52.0187],[70.9271,52.0187],[70.9271,52.0188],[70.9271,52.0188],[70.9271,52.0188],[70.9271,52.0188],[70.9271,52.0188],[70.9271,52.0188],[70.9271,52.0188],[70.9271,52.0188],[70.9271,52.0188],[70.9271,52.0188],[70.927,52.0188],[70.927,52.0188],[70.927,52.0188],[70.927,52.0188],[70.927,52.0188],[70.927,52.0188],[70.927,52.0188],[70.927,52.0188],[70.927,52.0188],[70.927,52.0188],[70.927,52.0188],[70.927,52.0188],[70.927,52.0188],[70.927,52.0188],[70.927,52.0188],[70.927,52.0188],[70.927,52.0188],[70.927,52.0188],[70.927,52.0188],[70.927,52.0188],[70.927,52.0188],[70.927,52.0188],[70.927,52.0188],[70.927,52.0188],[70.927,52.0188],[70.927,52.0188],[70.927,52.0188],[70.927,52.0189],[70.9271,52.0189],[70.9273,52.0189],[70.9274,52.0189],[70.9276,52.0189],[70.9277,52.019],[70.9279,52.019],[70.928,52.019],[70.9282,52.0191],[70.9285,52.0185]]]],"type":"MultiPolygon"},"geometry_name":"shape","id":"gp_functional_zones.fid--7752831e_19fb67eabdc_7d3a","properties":{"area":0.657360469304832,"creation_doc_id":3617,"deactivation_doc_id":null,"func_zone_status_id":2,"ggk_zone_code":"11010000","ggk_zone_name":"Территория усадебной застройки","gp_func_zone_code":"11010000","gp_func_zone_code_id":19,"id":4731812,"zone_type_id":8},"type":"Feature"},{"bbox":[70.9452,52.0156,70.9471,52.0183],"geometry":{"coordinates":[[[[70.9466,52.0169],[70.9461,52.0157],[70.9457,52.0157],[70.9456,52.0157],[70.9456,52.0157],[70.9456,52.0157],[70.9456,52.0157],[70.9456,52.0157],[70.9456,52.0157],[70.9456,52.0157],[70.9455,52.0157],[70.9455,52.0157],[70.9455,52.0157],[70.9455,52.0157],[70.9455,52.0157],[70.9455,52.0157],[70.9454,52.0157],[70.9454,52.0157],[70.9454,52.0156],[70.9454,52.0156],[70.9454,52.0156],[70.9454,52.0156],[70.9454,52.0156],[70.9453,52.0156],[70.9453,52.0156],[70.9453,52.0156],[70.9453,52.0156],[70.9453,52.0156],[70.9453,52.0156],[70.9453,52.0156],[70.9452,52.0156],[70.9452,52.0156],[70.9452,52.0156],[70.9452,52.0156],[70.9452,52.0156],[70.9452,52.0158],[70.9452,52.0158],[70.9452,52.0159],[70.9452,52.0159],[70.9452,52.0159],[70.9452,52.0159],[70.9452,52.0159],[70.9452,52.0159],[70.9452,52.0159],[70.9452,52.0159],[70.9452,52.0159],[70.9452,52.0159],[70.9452,52.0159],[70.9452,52.0159],[70.9452,52.0159],[70.9452,52.0159],[70.9453,52.016],[70.9453,52.016],[70.9453,52.016],[70.9453,52.016],[70.9453,52.016],[70.9453,52.016],[70.9453,52.016],[70.9453,52.016],[70.9453,52.016],[70.9453,52.016],[70.9453,52.016],[70.9453,52.016],[70.9453,52.016],[70.9453,52.016],[70.9453,52.016],[70.9453,52.016],[70.9453,52.016],[70.9453,52.0161],[70.9453,52.0161],[70.9453,52.0161],[70.9453,52.0161],[70.9453,52.0161],[70.9453,52.0161],[70.9453,52.0161],[70.9453,52.0161],[70.9453,52.0161],[70.9453,52.0161],[70.9453,52.0161],[70.9453,52.0161],[70.9453,52.0161],[70.9453,52.0161],[70.9453,52.0161],[70.9453,52.0161],[70.9453,52.0161],[70.9453,52.0162],[70.9453,52.0162],[70.9453,52.0162],[70.9453,52.0162],[70.9453,52.0162],[70.9453,52.0162],[70.9453,52.0162],[70.9453,52.0162],[70.9453,52.0162],[70.9453,52.0162],[70.9453,52.0162],[70.9453,52.0162],[70.9453,52.0162],[70.9453,52.0162],[70.9453,52.0162],[70.9453,52.0162],[70.9453,52.0162],[70.9453,52.0163],[70.9453,52.0163],[70.9453,52.0163],[70.9453,52.0163],[70.9453,52.0163],[70.9453,52.0163],[70.9453,52.0165],[70.9453,52.0165],[70.9453,52.0165],[70.9454,52.0165],[70.9454,52.0165],[70.9454,52.0165],[70.9454,52.0165],[70.9454,52.0165],[70.9454,52.0165],[70.9454,52.0166],[70.9454,52.0166],[70.9454,52.0166],[70.9454,52.0166],[70.9454,52.0166],[70.9454,52.0166],[70.9454,52.0166],[70.9454,52.0166],[70.9454,52.0166],[70.9454,52.0166],[70.9454,52.0166],[70.9454,52.0166],[70.9454,52.0166],[70.9454,52.0167],[70.9454,52.0167],[70.9454,52.0167],[70.9454,52.0167],[70.9454,52.0167],[70.9454,52.0167],[70.9454,52.0167],[70.9454,52.0167],[70.9454,52.0167],[70.9454,52.0167],[70.9454,52.0167],[70.9456,52.0172],[70.9459,52.0178],[70.946,52.0178],[70.946,52.0178],[70.946,52.0178],[70.946,52.0178],[70.946,52.0179],[70.946,52.0179],[70.946,52.0179],[70.946,52.0179],[70.946,52.0179],[70.946,52.0179],[70.946,52.0179],[70.946,52.0179],[70.946,52.0179],[70.946,52.0179],[70.946,52.018],[70.946,52.018],[70.946,52.018],[70.946,52.018],[70.946,52.018],[70.946,52.018],[70.946,52.018],[70.946,52.018],[70.946,52.018],[70.946,52.018],[70.946,52.018],[70.946,52.0181],[70.946,52.0181],[70.946,52.0181],[70.946,52.0181],[70.946,52.0181],[70.946,52.0181],[70.946,52.0181],[70.9461,52.0181],[70.9461,52.0181],[70.9461,52.0181],[70.9461,52.0181],[70.9461,52.0182],[70.9461,52.0182],[70.9461,52.0182],[70.9461,52.0182],[70.9461,52.0182],[70.9461,52.0182],[70.9461,52.0182],[70.9461,52.0182],[70.9461,52.0182],[70.9461,52.0182],[70.9461,52.0182],[70.9461,52.0182],[70.9461,52.0182],[70.9461,52.0182],[70.9462,52.0182],[70.9462,52.0182],[70.9462,52.0183],[70.9462,52.0183],[70.9462,52.0183],[70.9462,52.0183],[70.9462,52.0183],[70.9462,52.0183],[70.9462,52.0183],[70.9463,52.0183],[70.9463,52.0183],[70.9463,52.0183],[70.9463,52.0183],[70.9463,52.0183],[70.9463,52.0183],[70.9463,52.0183],[70.9463,52.0183],[70.9464,52.0183],[70.9464,52.0183],[70.9464,52.0183],[70.9464,52.0183],[70.9464,52.0183],[70.9464,52.0183],[70.9464,52.0183],[70.9464,52.0183],[70.9464,52.0183],[70.9465,52.0183],[70.9465,52.0183],[70.9465,52.0183],[70.9465,52.0183],[70.9465,52.0183],[70.9465,52.0183],[70.9465,52.0183],[70.9465,52.0183],[70.9465,52.0183],[70.9466,52.0183],[70.9466,52.0183],[70.9466,52.0183],[70.9466,52.0183],[70.9466,52.0183],[70.9466,52.0183],[70.9466,52.0183],[70.9466,52.0183],[70.9466,52.0183],[70.9467,52.0183],[70.9467,52.0183],[70.9471,52.0183],[70.947,52.0179],[70.9466,52.0169]]]],"type":"MultiPolygon"},"geometry_name":"shape","id":"gp_functional_zones.fid--7752831e_19fb67eabdc_7d3b","properties":{"area":2.02981146119419,"creation_doc_id":3617,"deactivation_doc_id":null,"func_zone_status_id":2,"ggk_zone_code":"11010000","ggk_zone_name":"Территория усадебной застройки","gp_func_zone_code":"11010000","gp_func_zone_code_id":19,"id":4731813,"zone_type_id":8},"type":"Feature"},{"bbox":[70.9468,52.0163,70.9485,52.0177],"geometry":{"coordinates":[[[[70.9484,52.0169],[70.9482,52.0163],[70.9473,52.0164],[70.9468,52.0165],[70.947,52.0169],[70.947,52.0172],[70.9471,52.0172],[70.9473,52.0177],[70.9485,52.0176],[70.9484,52.017],[70.9484,52.017],[70.9484,52.017],[70.9484,52.017],[70.9484,52.017],[70.9484,52.017],[70.9484,52.017],[70.9484,52.017],[70.9484,52.017],[70.9484,52.017],[70.9484,52.017],[70.9484,52.017],[70.9484,52.017],[70.9484,52.017],[70.9484,52.0169],[70.9484,52.0169],[70.9484,52.0169],[70.9484,52.0169],[70.9484,52.0169],[70.9484,52.0169],[70.9484,52.0169],[70.9484,52.0169],[70.9484,52.0169],[70.9484,52.0169],[70.9484,52.0169],[70.9484,52.0169],[70.9484,52.0169],[70.9484,52.0169],[70.9484,52.0169],[70.9484,52.0169],[70.9484,52.0169],[70.9484,52.0169],[70.9484,52.0169],[70.9484,52.0169],[70.9484,52.0169]]]],"type":"MultiPolygon"},"geometry_name":"shape","id":"gp_functional_zones.fid--7752831e_19fb67eabdc_7d3c","properties":{"area":1.32226539949835,"creation_doc_id":3617,"deactivation_doc_id":null,"func_zone_status_id":2,"ggk_zone_code":"11010000","ggk_zone_name":"Территория усадебной застройки","gp_func_zone_code":"11010000","gp_func_zone_code_id":19,"id":4731814,"zone_type_id":8},"type":"Feature"},{"bbox":[70.9436,52.0155,70.9455,52.0175],"geometry":{"coordinates":[[[[70.9449,52.0155],[70.9436,52.0155],[70.9436,52.0164],[70.9436,52.0164],[70.9436,52.0165],[70.9437,52.017],[70.9437,52.0171],[70.9437,52.0171],[70.9437,52.0171],[70.9437,52.0171],[70.9437,52.0172],[70.9437,52.0172],[70.9437,52.0172],[70.9437,52.0172],[70.9438,52.0172],[70.9438,52.0172],[70.9438,52.0172],[70.9438,52.0172],[70.9438,52.0172],[70.9439,52.0172],[70.9439,52.0172],[70.9439,52.0172],[70.9439,52.0172],[70.9439,52.0172],[70.9439,52.0172],[70.9439,52.0172],[70.9439,52.0172],[70.9439,52.0172],[70.944,52.0172],[70.944,52.0172],[70.944,52.0172],[70.944,52.0172],[70.944,52.0172],[70.944,52.0172],[70.944,52.0172],[70.944,52.0172],[70.944,52.0172],[70.9441,52.0172],[70.9441,52.0172],[70.9441,52.0172],[70.9441,52.0172],[70.9441,52.0172],[70.9441,52.0172],[70.9441,52.0172],[70.9441,52.0172],[70.9441,52.0172],[70.9442,52.0172],[70.9442,52.0172],[70.9442,52.0172],[70.9442,52.0173],[70.9442,52.0173],[70.9442,52.0173],[70.9442,52.0173],[70.9442,52.0173],[70.9443,52.0173],[70.9443,52.0173],[70.9443,52.0173],[70.9443,52.0173],[70.9443,52.0173],[70.9443,52.0173],[70.9443,52.0173],[70.9443,52.0173],[70.9443,52.0173],[70.9444,52.0173],[70.9444,52.0173],[70.9444,52.0173],[70.9444,52.0173],[70.9444,52.0173],[70.9444,52.0173],[70.9444,52.0173],[70.9444,52.0173],[70.9444,52.0173],[70.9444,52.0173],[70.9444,52.0173],[70.9445,52.0173],[70.9445,52.0173],[70.9445,52.0173],[70.9445,52.0173],[70.9445,52.0173],[70.9445,52.0173],[70.9445,52.0173],[70.9445,52.0173],[70.9445,52.0173],[70.9445,52.0173],[70.9445,52.0173],[70.9445,52.0173],[70.9445,52.0173],[70.9445,52.0173],[70.9446,52.0173],[70.9446,52.0173],[70.9446,52.0173],[70.9446,52.0173],[70.9446,52.0173],[70.9446,52.0173],[70.9446,52.0173],[70.9446,52.0173],[70.9446,52.0173],[70.9446,52.0173],[70.9446,52.0173],[70.9446,52.0173],[70.9446,52.0173],[70.9447,52.0173],[70.9447,52.0173],[70.9447,52.0173],[70.9447,52.0173],[70.9447,52.0173],[70.9447,52.0173],[70.9447,52.0173],[70.9447,52.0173],[70.9447,52.0173],[70.9447,52.0173],[70.9447,52.0173],[70.9447,52.0173],[70.9447,52.0173],[70.9447,52.0173],[70.9448,52.0173],[70.9448,52.0173],[70.9448,52.0173],[70.9448,52.0174],[70.9448,52.0174],[70.9448,52.0174],[70.9448,52.0174],[70.9448,52.0174],[70.9448,52.0174],[70.9448,52.0174],[70.9448,52.0174],[70.9448,52.0174],[70.9448,52.0174],[70.9448,52.0174],[70.9449,52.0174],[70.9449,52.0174],[70.9449,52.0174],[70.9449,52.0174],[70.9449,52.0174],[70.9449,52.0174],[70.9449,52.0174],[70.9449,52.0174],[70.9449,52.0174],[70.945,52.0174],[70.945,52.0174],[70.945,52.0174],[70.945,52.0174],[70.945,52.0174],[70.945,52.0174],[70.945,52.0174],[70.945,52.0174],[70.945,52.0174],[70.9451,52.0174],[70.9451,52.0174],[70.9451,52.0174],[70.9451,52.0174],[70.9451,52.0174],[70.9451,52.0174],[70.9451,52.0174],[70.9451,52.0174],[70.9451,52.0174],[70.9452,52.0174],[70.9452,52.0174],[70.9452,52.0174],[70.9452,52.0174],[70.9452,52.0174],[70.9452,52.0174],[70.9452,52.0174],[70.9452,52.0175],[70.9452,52.0175],[70.9452,52.0175],[70.9453,52.0175],[70.9453,52.0175],[70.9453,52.0175],[70.9453,52.0175],[70.9453,52.0175],[70.9453,52.0175],[70.9453,52.0175],[70.9453,52.0175],[70.9453,52.0175],[70.9453,52.0175],[70.9453,52.0175],[70.9454,52.0175],[70.9454,52.0175],[70.9454,52.0175],[70.9454,52.0175],[70.9454,52.0175],[70.9454,52.0175],[70.9454,52.0175],[70.9454,52.0175],[70.9454,52.0175],[70.9454,52.0175],[70.9454,52.0175],[70.9455,52.0175],[70.9455,52.0175],[70.9455,52.0175],[70.9455,52.0175],[70.9455,52.0175],[70.9455,52.0175],[70.9455,52.0175],[70.9453,52.0172],[70.9451,52.0168],[70.9451,52.0168],[70.9451,52.0168],[70.9451,52.0168],[70.9451,52.0168],[70.9451,52.0167],[70.9451,52.0167],[70.9451,52.0167],[70.9451,52.0167],[70.9451,52.0167],[70.9451,52.0167],[70.9451,52.0167],[70.9451,52.0167],[70.9451,52.0167],[70.9451,52.0167],[70.9451,52.0167],[70.9451,52.0167],[70.9451,52.0167],[70.9451,52.0167],[70.9451,52.0167],[70.9451,52.0167],[70.9451,52.0167],[70.9451,52.0167],[70.9451,52.0167],[70.9451,52.0167],[70.9451,52.0167],[70.9451,52.0167],[70.9451,52.0167],[70.9451,52.0167],[70.9451,52.0166],[70.9451,52.0166],[70.9451,52.0166],[70.9451,52.0166],[70.9451,52.0166],[70.9451,52.0166],[70.9451,52.0166],[70.9451,52.0166],[70.9451,52.0166],[70.9451,52.0166],[70.9451,52.0166],[70.9451,52.0166],[70.9451,52.0166],[70.9451,52.0166],[70.9451,52.0166],[70.9451,52.0166],[70.9451,52.0166],[70.9451,52.0166],[70.9451,52.0166],[70.9451,52.0166],[70.9451,52.0166],[70.9451,52.0166],[70.9451,52.0166],[70.9451,52.0166],[70.9451,52.0166],[70.9451,52.0165],[70.9451,52.0165],[70.9451,52.0165],[70.9451,52.0165],[70.9451,52.0165],[70.9451,52.0165],[70.9451,52.0165],[70.9451,52.0165],[70.9451,52.0165],[70.9451,52.0165],[70.9451,52.0165],[70.9451,52.0165],[70.9451,52.0165],[70.945,52.0163],[70.945,52.0163],[70.945,52.0163],[70.945,52.0163],[70.945,52.0163],[70.945,52.0163],[70.945,52.0163],[70.945,52.0163],[70.945,52.0162],[70.945,52.0162],[70.945,52.0162],[70.945,52.0162],[70.945,52.0162],[70.945,52.0162],[70.945,52.0162],[70.945,52.0162],[70.945,52.0162],[70.945,52.0162],[70.945,52.0162],[70.945,52.0162],[70.945,52.0162],[70.945,52.0162],[70.945,52.0162],[70.945,52.0162],[70.945,52.0162],[70.945,52.0162],[70.945,52.0162],[70.945,52.0161],[70.945,52.0161],[70.945,52.0161],[70.945,52.0161],[70.945,52.0161],[70.945,52.0161],[70.945,52.0161],[70.945,52.0161],[70.945,52.0161],[70.945,52.0161],[70.945,52.0161],[70.945,52.0161],[70.945,52.0161],[70.945,52.0161],[70.945,52.0161],[70.945,52.0161],[70.945,52.0161],[70.945,52.0161],[70.945,52.0161],[70.945,52.016],[70.945,52.016],[70.945,52.016],[70.945,52.016],[70.945,52.016],[70.945,52.016],[70.945,52.016],[70.945,52.016],[70.945,52.016],[70.945,52.016],[70.945,52.016],[70.945,52.016],[70.945,52.016],[70.945,52.016],[70.945,52.016],[70.945,52.016],[70.945,52.016],[70.945,52.016],[70.9449,52.0159],[70.9449,52.0159],[70.9449,52.0159],[70.9449,52.0159],[70.9449,52.0159],[70.9449,52.0159],[70.9449,52.0159],[70.9449,52.0159],[70.9449,52.0159],[70.9449,52.0159],[70.9449,52.0159],[70.9449,52.0159],[70.9449,52.0159],[70.9449,52.0159],[70.9449,52.0159],[70.9449,52.0158],[70.9449,52.0155]]]],"type":"MultiPolygon"},"geometry_name":"shape","id":"gp_functional_zones.fid--7752831e_19fb67eabdc_7d3d","properties":{"area":1.98333088973784,"creation_doc_id":3617,"deactivation_doc_id":null,"func_zone_status_id":2,"ggk_zone_code":"11010000","ggk_zone_name":"Территория усадебной застройки","gp_func_zone_code":"11010000","gp_func_zone_code_id":19,"id":4731818,"zone_type_id":8},"type":"Feature"},{"bbox":[70.9285,52.0133,70.9305,52.017],"geometry":{"coordinates":[[[[70.929,52.0133],[70.929,52.0133],[70.9289,52.0135],[70.9288,52.0138],[70.9288,52.0138],[70.9288,52.0139],[70.9288,52.0139],[70.9288,52.0139],[70.9288,52.0139],[70.9288,52.0139],[70.9288,52.0139],[70.9288,52.0139],[70.9287,52.0139],[70.9287,52.0139],[70.9287,52.0139],[70.9287,52.0139],[70.9287,52.014],[70.9287,52.014],[70.9287,52.014],[70.9287,52.014],[70.9287,52.014],[70.9287,52.014],[70.9287,52.014],[70.9287,52.014],[70.9287,52.014],[70.9287,52.0141],[70.9287,52.0141],[70.9287,52.0141],[70.9287,52.0141],[70.9287,52.0141],[70.9287,52.0141],[70.9287,52.0141],[70.9287,52.0141],[70.9287,52.0141],[70.9287,52.0141],[70.9287,52.0142],[70.9287,52.0142],[70.9287,52.0142],[70.9287,52.0142],[70.9287,52.0142],[70.9287,52.0142],[70.9286,52.0142],[70.9286,52.0142],[70.9286,52.0142],[70.9286,52.0142],[70.9286,52.0143],[70.9286,52.0143],[70.9286,52.0143],[70.9286,52.0143],[70.9286,52.0143],[70.9286,52.0143],[70.9286,52.0143],[70.9286,52.0143],[70.9286,52.0143],[70.9286,52.0143],[70.9286,52.0144],[70.9286,52.0144],[70.9286,52.0144],[70.9286,52.0144],[70.9286,52.0144],[70.9286,52.0144],[70.9286,52.0144],[70.9286,52.0144],[70.9286,52.0144],[70.9286,52.0145],[70.9286,52.0145],[70.9286,52.0145],[70.9286,52.0145],[70.9286,52.0145],[70.9286,52.0145],[70.9286,52.0145],[70.9286,52.0145],[70.9286,52.0145],[70.9286,52.0145],[70.9286,52.0146],[70.9286,52.0146],[70.9286,52.0146],[70.9286,52.0146],[70.9286,52.0146],[70.9286,52.0146],[70.9286,52.0146],[70.9286,52.0146],[70.9286,52.0146],[70.9286,52.0146],[70.9286,52.0147],[70.9286,52.0147],[70.9286,52.0147],[70.9286,52.0147],[70.9286,52.0147],[70.9286,52.0147],[70.9286,52.0147],[70.9286,52.0147],[70.9286,52.0147],[70.9286,52.0147],[70.9286,52.0148],[70.9286,52.0148],[70.9286,52.0148],[70.9286,52.0148],[70.9285,52.0148],[70.9285,52.0148],[70.9285,52.0148],[70.9285,52.0148],[70.9285,52.0148],[70.9285,52.0148],[70.9285,52.0149],[70.9285,52.0149],[70.9285,52.0149],[70.9285,52.0149],[70.9285,52.0149],[70.9285,52.0149],[70.9285,52.0149],[70.9285,52.0149],[70.9285,52.0149],[70.9285,52.0149],[70.9285,52.0149],[70.9285,52.0149],[70.9285,52.015],[70.9285,52.015],[70.9285,52.015],[70.9285,52.015],[70.9285,52.015],[70.9285,52.015],[70.9285,52.015],[70.9285,52.015],[70.9285,52.015],[70.9285,52.015],[70.9285,52.015],[70.9285,52.015],[70.9285,52.0151],[70.9285,52.0151],[70.9285,52.0151],[70.9285,52.0151],[70.9285,52.0151],[70.9285,52.0151],[70.9285,52.0151],[70.9285,52.0151],[70.9285,52.0151],[70.9285,52.0151],[70.9285,52.0151],[70.9285,52.0152],[70.9285,52.0152],[70.9285,52.0152],[70.9285,52.0152],[70.9285,52.0152],[70.9285,52.0152],[70.9285,52.0152],[70.9285,52.0152],[70.9285,52.0152],[70.9285,52.0152],[70.9285,52.0152],[70.9285,52.0153],[70.9285,52.0153],[70.9285,52.0153],[70.9285,52.0153],[70.9285,52.0153],[70.9285,52.0153],[70.9285,52.0153],[70.9285,52.0153],[70.9285,52.0153],[70.9285,52.0153],[70.9285,52.0154],[70.9285,52.0154],[70.9285,52.0154],[70.9285,52.0154],[70.9285,52.0154],[70.9285,52.0154],[70.9285,52.0154],[70.9285,52.0154],[70.9285,52.0154],[70.9285,52.0155],[70.9285,52.0155],[70.9285,52.0155],[70.9285,52.0155],[70.9285,52.0155],[70.9285,52.0155],[70.9285,52.0155],[70.9285,52.0155],[70.9285,52.0155],[70.9285,52.0156],[70.9285,52.0156],[70.9285,52.0156],[70.9286,52.0156],[70.9286,52.0156],[70.9286,52.0156],[70.9286,52.0156],[70.9286,52.0156],[70.9286,52.0156],[70.9286,52.0156],[70.9286,52.0157],[70.9286,52.0157],[70.9286,52.0157],[70.9286,52.0157],[70.9286,52.0157],[70.9286,52.0157],[70.9286,52.0157],[70.9286,52.0157],[70.9286,52.0157],[70.9286,52.0158],[70.9286,52.0158],[70.9286,52.0158],[70.9286,52.0158],[70.9286,52.0158],[70.9286,52.0158],[70.9286,52.0158],[70.9286,52.0158],[70.9286,52.0158],[70.9286,52.0159],[70.9286,52.0159],[70.9286,52.0159],[70.9286,52.0159],[70.9286,52.0159],[70.9286,52.0159],[70.9286,52.0159],[70.9286,52.0159],[70.9286,52.016],[70.9287,52.016],[70.9287,52.016],[70.9287,52.016],[70.9287,52.016],[70.9287,52.016],[70.9287,52.016],[70.9287,52.016],[70.9287,52.0161],[70.9287,52.0161],[70.9287,52.0161],[70.9287,52.0161],[70.9287,52.0161],[70.9287,52.0161],[70.9287,52.0161],[70.9287,52.0162],[70.9287,52.0162],[70.9287,52.0162],[70.9287,52.0162],[70.9287,52.0162],[70.9287,52.0162],[70.9287,52.0162],[70.9287,52.0162],[70.9288,52.0163],[70.9288,52.0163],[70.9288,52.0163],[70.9288,52.0163],[70.9288,52.0163],[70.9288,52.0163],[70.9288,52.0163],[70.9288,52.0164],[70.9288,52.0164],[70.9288,52.0164],[70.9288,52.0164],[70.9288,52.0164],[70.9288,52.0164],[70.9288,52.0164],[70.9288,52.0165],[70.9288,52.0165],[70.9288,52.0165],[70.9288,52.0165],[70.9289,52.0165],[70.9289,52.0165],[70.9289,52.0165],[70.9289,52.0165],[70.9289,52.0166],[70.9289,52.0166],[70.9289,52.0166],[70.9289,52.0166],[70.9289,52.0166],[70.9289,52.0166],[70.9289,52.0166],[70.9289,52.0167],[70.9289,52.0167],[70.9289,52.0167],[70.9289,52.0167],[70.9289,52.0167],[70.9289,52.0167],[70.9289,52.0167],[70.929,52.0168],[70.929,52.0168],[70.929,52.0168],[70.929,52.0168],[70.929,52.0168],[70.929,52.0168],[70.929,52.0168],[70.929,52.0168],[70.929,52.0169],[70.929,52.0169],[70.929,52.0169],[70.929,52.0169],[70.929,52.0169],[70.929,52.0169],[70.929,52.0169],[70.929,52.0169],[70.929,52.017],[70.929,52.017],[70.929,52.017],[70.9291,52.017],[70.9291,52.017],[70.9291,52.017],[70.9291,52.017],[70.9291,52.017],[70.9291,52.017],[70.9291,52.017],[70.9291,52.017],[70.9291,52.0169],[70.9291,52.0169],[70.9291,52.0169],[70.9291,52.0169],[70.9291,52.0169],[70.9291,52.0169],[70.9292,52.0169],[70.9292,52.0169],[70.9292,52.0169],[70.9292,52.0169],[70.9292,52.0169],[70.9292,52.0169],[70.9292,52.0169],[70.9292,52.0169],[70.9292,52.0169],[70.9292,52.0169],[70.9292,52.0168],[70.9292,52.0168],[70.9292,52.0168],[70.9292,52.0168],[70.9292,52.0168],[70.9293,52.0168],[70.9293,52.0168],[70.9293,52.0168],[70.9293,52.0168],[70.9293,52.0168],[70.9293,52.0168],[70.9293,52.0168],[70.9293,52.0168],[70.9293,52.0167],[70.9293,52.0167],[70.9293,52.0167],[70.9293,52.0167],[70.9294,52.0167],[70.9294,52.0167],[70.9294,52.0167],[70.9294,52.0167],[70.9294,52.0166],[70.9294,52.0166],[70.9294,52.0166],[70.9294,52.0166],[70.9294,52.0166],[70.9294,52.0166],[70.9294,52.0166],[70.9294,52.0166],[70.9294,52.0165],[70.9295,52.0165],[70.9295,52.0165],[70.9295,52.0165],[70.9295,52.0165],[70.9295,52.0165],[70.9295,52.0165],[70.9295,52.0164],[70.9295,52.0164],[70.9295,52.0164],[70.9295,52.0164],[70.9295,52.0164],[70.9295,52.0164],[70.9295,52.0164],[70.9295,52.0164],[70.9295,52.0164],[70.9295,52.0164],[70.9295,52.0163],[70.9295,52.0163],[70.9295,52.0163],[70.9295,52.0163],[70.9295,52.0163],[70.9295,52.0163],[70.9295,52.0163],[70.9295,52.0163],[70.9295,52.0163],[70.9295,52.0163],[70.9295,52.0163],[70.9295,52.0163],[70.9295,52.0163],[70.9296,52.0162],[70.9296,52.0162],[70.9296,52.0162],[70.9296,52.0162],[70.9296,52.0162],[70.9296,52.0162],[70.9296,52.0162],[70.9296,52.0162],[70.9296,52.0162],[70.9296,52.0162],[70.9296,52.0162],[70.9296,52.0162],[70.9296,52.0162],[70.9296,52.0162],[70.9296,52.0161],[70.9296,52.0161],[70.9296,52.0161],[70.9296,52.0161],[70.9296,52.0161],[70.9296,52.0161],[70.9296,52.0161],[70.9296,52.0161],[70.9296,52.0161],[70.9296,52.016],[70.9296,52.016],[70.9296,52.016],[70.9296,52.016],[70.9296,52.016],[70.9296,52.016],[70.9296,52.016],[70.9296,52.016],[70.9296,52.0159],[70.9296,52.0159],[70.9296,52.0159],[70.9296,52.0159],[70.9296,52.0159],[70.9296,52.0159],[70.9296,52.0159],[70.9296,52.0159],[70.9296,52.0159],[70.9296,52.0158],[70.9296,52.0158],[70.9296,52.0158],[70.9296,52.0158],[70.9296,52.0158],[70.9296,52.0158],[70.9297,52.0158],[70.9297,52.0158],[70.9297,52.0157],[70.9297,52.0157],[70.9297,52.0157],[70.9297,52.0157],[70.9297,52.0157],[70.9297,52.0157],[70.9297,52.0157],[70.9297,52.0157],[70.9297,52.0156],[70.9297,52.0156],[70.9297,52.0156],[70.9297,52.0156],[70.9297,52.0155],[70.9297,52.0155],[70.9297,52.0155],[70.9297,52.0154],[70.9298,52.0154],[70.9298,52.0154],[70.9298,52.0153],[70.9298,52.0153],[70.9298,52.0153],[70.9298,52.0152],[70.9298,52.0152],[70.9298,52.0152],[70.9298,52.0151],[70.9298,52.0151],[70.9298,52.0151],[70.9298,52.0151],[70.9298,52.0151],[70.9298,52.0151],[70.9299,52.015],[70.9299,52.015],[70.9299,52.015],[70.9299,52.015],[70.9299,52.015],[70.9299,52.015],[70.9299,52.015],[70.9299,52.0149],[70.9299,52.0149],[70.9299,52.0149],[70.9299,52.0149],[70.9299,52.0149],[70.9299,52.0149],[70.9299,52.0149],[70.9299,52.0148],[70.9299,52.0148],[70.9299,52.0148],[70.9299,52.0148],[70.9299,52.0148],[70.9299,52.0148],[70.9299,52.0148],[70.93,52.0147],[70.93,52.0147],[70.93,52.0147],[70.93,52.0147],[70.93,52.0147],[70.93,52.0147],[70.93,52.0147],[70.93,52.0147],[70.93,52.0147],[70.93,52.0146],[70.93,52.0146],[70.93,52.0146],[70.93,52.0146],[70.93,52.0146],[70.93,52.0146],[70.93,52.0146],[70.93,52.0146],[70.93,52.0146],[70.93,52.0146],[70.93,52.0146],[70.93,52.0146],[70.93,52.0146],[70.93,52.0145],[70.93,52.0145],[70.93,52.0145],[70.93,52.0145],[70.93,52.0145],[70.9301,52.0145],[70.9301,52.0145],[70.9301,52.0145],[70.9301,52.0145],[70.9301,52.0145],[70.9301,52.0145],[70.9301,52.0145],[70.9301,52.0145],[70.9301,52.0144],[70.9301,52.0144],[70.9301,52.0144],[70.9301,52.0144],[70.9301,52.0144],[70.9301,52.0144],[70.9301,52.0144],[70.9301,52.0144],[70.9301,52.0144],[70.9301,52.0144],[70.9301,52.0144],[70.9301,52.0144],[70.9301,52.0144],[70.9301,52.0143],[70.9301,52.0143],[70.9301,52.0143],[70.9301,52.0143],[70.9301,52.0143],[70.9301,52.0143],[70.9301,52.0143],[70.9301,52.0143],[70.9301,52.0143],[70.9302,52.0143],[70.9302,52.0143],[70.9302,52.0143],[70.9302,52.0143],[70.9302,52.0142],[70.9302,52.0142],[70.9302,52.0142],[70.9302,52.0142],[70.9302,52.0142],[70.9302,52.0142],[70.9302,52.0142],[70.9302,52.0142],[70.9302,52.0142],[70.9304,52.0137],[70.9305,52.0135],[70.93,52.0134],[70.93,52.0134],[70.93,52.0134],[70.93,52.0134],[70.93,52.0134],[70.9299,52.0134],[70.9299,52.0134],[70.9299,52.0134],[70.9299,52.0134],[70.9299,52.0134],[70.9299,52.0134],[70.9299,52.0134],[70.9298,52.0134],[70.9298,52.0134],[70.9298,52.0134],[70.9298,52.0134],[70.9298,52.0134],[70.9298,52.0134],[70.9298,52.0134],[70.9297,52.0134],[70.9297,52.0134],[70.9297,52.0134],[70.9297,52.0134],[70.9297,52.0134],[70.9297,52.0134],[70.9297,52.0134],[70.9296,52.0134],[70.9296,52.0134],[70.9296,52.0134],[70.9296,52.0134],[70.9296,52.0134],[70.9296,52.0134],[70.9296,52.0134],[70.9295,52.0134],[70.9295,52.0134],[70.9295,52.0134],[70.9295,52.0134],[70.9295,52.0134],[70.9295,52.0134],[70.9295,52.0134],[70.9294,52.0134],[70.9294,52.0134],[70.9294,52.0134],[70.9294,52.0134],[70.9294,52.0133],[70.9294,52.0133],[70.9294,52.0133],[70.9293,52.0133],[70.9293,52.0133],[70.9293,52.0133],[70.9293,52.0133],[70.9293,52.0133],[70.9293,52.0133],[70.9293,52.0133],[70.9292,52.0133],[70.9292,52.0133],[70.9292,52.0133],[70.9292,52.0133],[70.9292,52.0133],[70.9292,52.0133],[70.9292,52.0133],[70.9291,52.0133],[70.9291,52.0133],[70.9291,52.0133],[70.9291,52.0133],[70.9291,52.0133],[70.9291,52.0133],[70.9291,52.0133],[70.929,52.0133],[70.929,52.0133],[70.929,52.0133],[70.929,52.0133]]]],"type":"MultiPolygon"},"geometry_name":"shape","id":"gp_functional_zones.fid--7752831e_19fb67eabdc_7d3e","properties":{"area":3.16409052217681,"creation_doc_id":3617,"deactivation_doc_id":null,"func_zone_status_id":2,"ggk_zone_code":"11010000","ggk_zone_name":"Территория усадебной застройки","gp_func_zone_code":"11010000","gp_func_zone_code_id":19,"id":4731819,"zone_type_id":8},"type":"Feature"},{"bbox":[70.9454,52.0128,70.9481,52.0164],"geometry":{"coordinates":[[[[70.9462,52.0128],[70.9462,52.0128],[70.9454,52.0128],[70.9454,52.0129],[70.9456,52.0134],[70.9457,52.0137],[70.9458,52.0138],[70.9458,52.0138],[70.9458,52.0138],[70.9458,52.0139],[70.9458,52.0139],[70.9458,52.0139],[70.9458,52.0139],[70.9458,52.0139],[70.9458,52.0139],[70.9458,52.0139],[70.9458,52.0139],[70.9458,52.0139],[70.9458,52.0139],[70.9458,52.014],[70.9458,52.014],[70.9458,52.014],[70.9458,52.014],[70.9458,52.014],[70.9458,52.014],[70.9458,52.014],[70.9458,52.014],[70.9458,52.014],[70.9458,52.0141],[70.9459,52.0141],[70.9459,52.0141],[70.9459,52.0141],[70.9459,52.0141],[70.9459,52.0141],[70.9459,52.0141],[70.9459,52.0141],[70.9459,52.0142],[70.9459,52.0142],[70.9459,52.0142],[70.9459,52.0142],[70.9461,52.0147],[70.9463,52.0153],[70.9466,52.0159],[70.9466,52.016],[70.9468,52.0164],[70.9481,52.0162],[70.9481,52.0162],[70.948,52.0158],[70.948,52.0158],[70.948,52.0158],[70.948,52.0158],[70.948,52.0157],[70.9479,52.0157],[70.9479,52.0157],[70.9479,52.0157],[70.9479,52.0157],[70.9479,52.0157],[70.9479,52.0157],[70.9479,52.0157],[70.9479,52.0156],[70.9479,52.0156],[70.9479,52.0156],[70.9479,52.0156],[70.9479,52.0156],[70.9479,52.0156],[70.9479,52.0156],[70.9479,52.0155],[70.9479,52.0155],[70.9479,52.0155],[70.9479,52.0155],[70.9478,52.0155],[70.9478,52.0155],[70.9478,52.0155],[70.9478,52.0154],[70.9478,52.0154],[70.9478,52.0154],[70.9478,52.0154],[70.9478,52.0154],[70.9478,52.0154],[70.9478,52.0154],[70.9478,52.0154],[70.9478,52.0153],[70.9478,52.0153],[70.9478,52.0153],[70.9478,52.0153],[70.9478,52.0153],[70.9478,52.0153],[70.9478,52.0153],[70.9478,52.0153],[70.9477,52.0153],[70.9477,52.0153],[70.9477,52.0152],[70.9477,52.0152],[70.9477,52.0152],[70.9477,52.0152],[70.9477,52.0152],[70.9477,52.0152],[70.9477,52.0152],[70.9477,52.0152],[70.9477,52.0152],[70.9477,52.0152],[70.9477,52.0152],[70.9477,52.0151],[70.9477,52.0151],[70.9477,52.0151],[70.9477,52.0151],[70.9477,52.0151],[70.9477,52.0151],[70.9477,52.0151],[70.9476,52.0151],[70.9476,52.0151],[70.9476,52.0151],[70.9476,52.0151],[70.9476,52.015],[70.9476,52.015],[70.9476,52.015],[70.9476,52.015],[70.9476,52.015],[70.9476,52.015],[70.9476,52.015],[70.9476,52.015],[70.9476,52.015],[70.9476,52.015],[70.9476,52.015],[70.9476,52.015],[70.9476,52.015],[70.9476,52.015],[70.9476,52.0149],[70.9476,52.0149],[70.9475,52.0149],[70.9475,52.0149],[70.9475,52.0149],[70.9475,52.0149],[70.9475,52.0149],[70.9475,52.0149],[70.9475,52.0149],[70.9475,52.0149],[70.9475,52.0149],[70.9475,52.0149],[70.9475,52.0149],[70.9475,52.0149],[70.9475,52.0149],[70.9475,52.0148],[70.9475,52.0148],[70.9475,52.0148],[70.9475,52.0148],[70.9475,52.0148],[70.9475,52.0148],[70.9475,52.0148],[70.9475,52.0148],[70.9474,52.0148],[70.9474,52.0148],[70.9474,52.0148],[70.9474,52.0148],[70.9474,52.0148],[70.9474,52.0148],[70.9474,52.0148],[70.9474,52.0147],[70.9474,52.0147],[70.9474,52.0147],[70.9474,52.0147],[70.9474,52.0147],[70.9474,52.0147],[70.9474,52.0147],[70.9474,52.0147],[70.9474,52.0147],[70.9474,52.0147],[70.9474,52.0147],[70.9474,52.0147],[70.9474,52.0147],[70.9473,52.0147],[70.9473,52.0147],[70.9473,52.0146],[70.9473,52.0146],[70.9473,52.0146],[70.9473,52.0146],[70.9473,52.0146],[70.9473,52.0146],[70.9473,52.0146],[70.9473,52.0146],[70.9473,52.0146],[70.9473,52.0146],[70.9473,52.0146],[70.9473,52.0146],[70.9473,52.0146],[70.9473,52.0146],[70.9473,52.0145],[70.9473,52.0145],[70.9473,52.0145],[70.9472,52.0145],[70.9472,52.0145],[70.9472,52.0145],[70.9472,52.0145],[70.9472,52.0145],[70.9472,52.0145],[70.9472,52.0145],[70.9472,52.0145],[70.9472,52.0145],[70.9472,52.0145],[70.9472,52.0145],[70.9472,52.0144],[70.9472,52.0144],[70.9472,52.0144],[70.9472,52.0144],[70.9472,52.0144],[70.9472,52.0144],[70.9472,52.0144],[70.9472,52.0144],[70.9472,52.0144],[70.9471,52.0144],[70.9471,52.0144],[70.9471,52.0144],[70.9471,52.0144],[70.9471,52.0144],[70.9471,52.0143],[70.9471,52.0143],[70.9471,52.0143],[70.9471,52.0143],[70.9471,52.0143],[70.9471,52.0143],[70.9471,52.0143],[70.9471,52.0143],[70.9471,52.0143],[70.9471,52.0143],[70.9471,52.0143],[70.9471,52.0143],[70.9471,52.0143],[70.9471,52.0143],[70.9471,52.0142],[70.947,52.0142],[70.947,52.0142],[70.947,52.0142],[70.947,52.0142],[70.947,52.0142],[70.947,52.0142],[70.947,52.0142],[70.947,52.0142],[70.947,52.0142],[70.947,52.0142],[70.947,52.0142],[70.947,52.0142],[70.947,52.0142],[70.947,52.0141],[70.947,52.0141],[70.947,52.0141],[70.947,52.0141],[70.947,52.0141],[70.947,52.0141],[70.947,52.0141],[70.9469,52.0141],[70.9469,52.0141],[70.9469,52.0141],[70.9469,52.0141],[70.9469,52.0141],[70.9469,52.014],[70.9469,52.014],[70.9469,52.014],[70.9469,52.014],[70.9469,52.014],[70.9469,52.014],[70.9469,52.014],[70.9469,52.014],[70.9469,52.014],[70.9469,52.014],[70.9469,52.014],[70.9469,52.014],[70.9469,52.0139],[70.9468,52.0139],[70.9468,52.0139],[70.9468,52.0139],[70.9468,52.0139],[70.9468,52.0139],[70.9468,52.0139],[70.9468,52.0139],[70.9468,52.0139],[70.9468,52.0139],[70.9468,52.0139],[70.9468,52.0139],[70.9468,52.0138],[70.9468,52.0138],[70.9468,52.0138],[70.9468,52.0138],[70.9468,52.0138],[70.9468,52.0138],[70.9468,52.0138],[70.9467,52.0138],[70.9467,52.0138],[70.9467,52.0138],[70.9467,52.0138],[70.9467,52.0138],[70.9467,52.0137],[70.9467,52.0137],[70.9467,52.0137],[70.9467,52.0137],[70.9467,52.0137],[70.9467,52.0137],[70.9467,52.0137],[70.9467,52.0137],[70.9467,52.0137],[70.9467,52.0137],[70.9467,52.0137],[70.9467,52.0136],[70.9467,52.0136],[70.9467,52.0136],[70.9467,52.0136],[70.9466,52.0136],[70.9466,52.0136],[70.9466,52.0136],[70.9466,52.0136],[70.9466,52.0136],[70.9466,52.0136],[70.9466,52.0136],[70.9466,52.0136],[70.9466,52.0136],[70.9466,52.0136],[70.9466,52.0135],[70.9466,52.0135],[70.9466,52.0135],[70.9466,52.0135],[70.9466,52.0135],[70.9466,52.0135],[70.9466,52.0135],[70.9466,52.0135],[70.9465,52.0135],[70.9465,52.0135],[70.9465,52.0135],[70.9465,52.0134],[70.9465,52.0134],[70.9465,52.0134],[70.9465,52.0134],[70.9465,52.0134],[70.9465,52.0134],[70.9465,52.0134],[70.9465,52.0134],[70.9465,52.0134],[70.9465,52.0134],[70.9465,52.0133],[70.9465,52.0133],[70.9465,52.0133],[70.9464,52.0133],[70.9464,52.0133],[70.9464,52.0133],[70.9464,52.0133],[70.9464,52.0133],[70.9464,52.0133],[70.9464,52.0133],[70.9464,52.0132],[70.9464,52.0132],[70.9464,52.0132],[70.9464,52.0132],[70.9464,52.0132],[70.9464,52.0132],[70.9464,52.0132],[70.9464,52.0132],[70.9463,52.0132],[70.9463,52.0131],[70.9463,52.0131],[70.9463,52.0131],[70.9463,52.0131],[70.9463,52.0131],[70.9463,52.0131],[70.9463,52.0131],[70.9463,52.0131],[70.9463,52.0131],[70.9463,52.0131],[70.9463,52.013],[70.9463,52.013],[70.9463,52.013],[70.9463,52.013],[70.9463,52.013],[70.9463,52.013],[70.9463,52.013],[70.9462,52.013],[70.9462,52.0129],[70.9462,52.0129],[70.9462,52.0129],[70.9462,52.0129],[70.9462,52.0129],[70.9462,52.0129],[70.9462,52.0129],[70.9462,52.0129],[70.9462,52.0128],[70.9462,52.0128],[70.9462,52.0128],[70.9462,52.0128],[70.9462,52.0128],[70.9462,52.0128]]]],"type":"MultiPolygon"},"geometry_name":"shape","id":"gp_functional_zones.fid--7752831e_19fb67eabdc_7d40","properties":{"area":3.16563079437032,"creation_doc_id":3617,"deactivation_doc_id":null,"func_zone_status_id":2,"ggk_zone_code":"11010000","ggk_zone_name":"Территория усадебной застройки","gp_func_zone_code":"11010000","gp_func_zone_code_id":19,"id":4731824,"zone_type_id":8},"type":"Feature"},{"bbox":[70.9423,52.0141,70.9433,52.0163],"geometry":{"coordinates":[[[[70.9426,52.0141],[70.9423,52.0141],[70.9426,52.0163],[70.9433,52.0163],[70.9433,52.0158],[70.9433,52.0154],[70.9433,52.0145],[70.9433,52.0141],[70.9426,52.0141]]]],"type":"MultiPolygon"},"geometry_name":"shape","id":"gp_functional_zones.fid--7752831e_19fb67eabdc_7d41","properties":{"area":1.40041097309913,"creation_doc_id":3617,"deactivation_doc_id":null,"func_zone_status_id":2,"ggk_zone_code":"11010000","ggk_zone_name":"Территория усадебной застройки","gp_func_zone_code":"11010000","gp_func_zone_code_id":19,"id":4731825,"zone_type_id":8},"type":"Feature"},{"bbox":[70.9436,52.0129,70.946,52.0155],"geometry":{"coordinates":[[[[70.9453,52.0135],[70.9451,52.0129],[70.9438,52.0131],[70.9438,52.0131],[70.9438,52.0131],[70.9438,52.0131],[70.9438,52.0131],[70.9437,52.0131],[70.9437,52.0131],[70.9437,52.0131],[70.9437,52.0131],[70.9437,52.0131],[70.9437,52.0131],[70.9437,52.0131],[70.9437,52.0132],[70.9437,52.0132],[70.9437,52.0132],[70.9437,52.0132],[70.9437,52.0132],[70.9437,52.0132],[70.9437,52.0132],[70.9437,52.0132],[70.9437,52.0132],[70.9437,52.0132],[70.9437,52.0132],[70.9437,52.0133],[70.9437,52.0133],[70.9437,52.0133],[70.9437,52.0133],[70.9437,52.0133],[70.9437,52.0133],[70.9437,52.0133],[70.9437,52.0133],[70.9437,52.0133],[70.9437,52.0133],[70.9437,52.0133],[70.9437,52.0134],[70.9437,52.0134],[70.9437,52.0134],[70.9437,52.0134],[70.9437,52.0134],[70.9437,52.0134],[70.9437,52.0134],[70.9437,52.0134],[70.9437,52.0134],[70.9436,52.0134],[70.9436,52.0135],[70.9436,52.0135],[70.9436,52.0135],[70.9436,52.0135],[70.9436,52.0135],[70.9436,52.0135],[70.9436,52.0135],[70.9436,52.0135],[70.9436,52.0135],[70.9436,52.0135],[70.9436,52.0135],[70.9436,52.0136],[70.9436,52.0136],[70.9436,52.0136],[70.9436,52.0136],[70.9436,52.0136],[70.9436,52.0136],[70.9436,52.0136],[70.9436,52.0136],[70.9436,52.0136],[70.9436,52.0136],[70.9436,52.0136],[70.9436,52.0137],[70.9436,52.0137],[70.9436,52.0137],[70.9436,52.0137],[70.9436,52.0137],[70.9436,52.0137],[70.9436,52.0137],[70.9436,52.0137],[70.9436,52.0137],[70.9436,52.0137],[70.9436,52.0137],[70.9436,52.0137],[70.9436,52.0138],[70.9436,52.0138],[70.9436,52.0138],[70.9436,52.0145],[70.9436,52.0146],[70.9436,52.0147],[70.9436,52.015],[70.9436,52.0153],[70.9441,52.0153],[70.9442,52.0153],[70.9449,52.0153],[70.9449,52.0153],[70.9449,52.0153],[70.9449,52.0153],[70.9449,52.0153],[70.945,52.0153],[70.945,52.0153],[70.945,52.0153],[70.945,52.0153],[70.945,52.0153],[70.945,52.0153],[70.945,52.0153],[70.945,52.0153],[70.9451,52.0153],[70.9451,52.0153],[70.9451,52.0153],[70.9451,52.0153],[70.9451,52.0153],[70.9451,52.0154],[70.9451,52.0154],[70.9451,52.0154],[70.9452,52.0154],[70.9452,52.0154],[70.9452,52.0154],[70.9452,52.0154],[70.9452,52.0154],[70.9452,52.0154],[70.9452,52.0154],[70.9453,52.0154],[70.9453,52.0154],[70.9453,52.0154],[70.9453,52.0154],[70.9453,52.0154],[70.9453,52.0154],[70.9453,52.0154],[70.9453,52.0154],[70.9453,52.0154],[70.9454,52.0154],[70.9454,52.0154],[70.9454,52.0154],[70.9454,52.0154],[70.9454,52.0154],[70.9454,52.0155],[70.9454,52.0155],[70.9454,52.0155],[70.9454,52.0155],[70.9454,52.0155],[70.9455,52.0155],[70.9455,52.0155],[70.9455,52.0155],[70.9455,52.0155],[70.9455,52.0155],[70.9455,52.0155],[70.9455,52.0155],[70.9455,52.0155],[70.9455,52.0155],[70.9455,52.0155],[70.9456,52.0155],[70.9456,52.0155],[70.9456,52.0155],[70.9456,52.0155],[70.9456,52.0155],[70.9456,52.0155],[70.9456,52.0155],[70.9456,52.0155],[70.9456,52.0155],[70.9457,52.0155],[70.946,52.0155],[70.946,52.0154],[70.9459,52.0151],[70.9459,52.0151],[70.9457,52.0147],[70.9456,52.0145],[70.9456,52.0144],[70.9455,52.0142],[70.9455,52.0142],[70.9455,52.0142],[70.9455,52.0142],[70.9455,52.0142],[70.9455,52.0142],[70.9455,52.0142],[70.9455,52.0142],[70.9455,52.0142],[70.9455,52.0142],[70.9455,52.0142],[70.9455,52.0142],[70.9455,52.0142],[70.9455,52.0142],[70.9455,52.0141],[70.9455,52.0141],[70.9455,52.0141],[70.9455,52.0141],[70.9455,52.0141],[70.9455,52.0141],[70.9455,52.0141],[70.9455,52.0141],[70.9455,52.0141],[70.9455,52.0141],[70.9455,52.0141],[70.9455,52.0141],[70.9455,52.0141],[70.9455,52.0141],[70.9455,52.0141],[70.9455,52.014],[70.9455,52.014],[70.9455,52.014],[70.9455,52.014],[70.9455,52.014],[70.9455,52.014],[70.9455,52.014],[70.9455,52.014],[70.9455,52.014],[70.9455,52.014],[70.9455,52.014],[70.9455,52.014],[70.9455,52.0139],[70.9455,52.0139],[70.9455,52.0139],[70.9454,52.0139],[70.9454,52.0139],[70.9454,52.0139],[70.9454,52.0139],[70.9454,52.0139],[70.9453,52.0135]]]],"type":"MultiPolygon"},"geometry_name":"shape","id":"gp_functional_zones.fid--7752831e_19fb67eabdc_7d43","properties":{"area":3.47302218726675,"creation_doc_id":3617,"deactivation_doc_id":null,"func_zone_status_id":2,"ggk_zone_code":"11010000","ggk_zone_name":"Территория усадебной застройки","gp_func_zone_code":"11010000","gp_func_zone_code_id":19,"id":4731827,"zone_type_id":8},"type":"Feature"},{"bbox":[70.9244,52.0127,70.9287,52.0149],"geometry":{"coordinates":[[[[70.9255,52.0127],[70.9254,52.0127],[70.9254,52.0127],[70.9254,52.0127],[70.9254,52.0127],[70.9254,52.0127],[70.9254,52.0127],[70.9254,52.0127],[70.9254,52.0127],[70.9254,52.0127],[70.9253,52.0127],[70.9253,52.0127],[70.9253,52.0127],[70.9253,52.0127],[70.9253,52.0128],[70.9249,52.0128],[70.9249,52.0128],[70.9249,52.0128],[70.9249,52.0128],[70.9249,52.0128],[70.9249,52.0128],[70.9249,52.0128],[70.9249,52.0128],[70.9249,52.0129],[70.9249,52.0129],[70.9249,52.0129],[70.9249,52.0129],[70.9249,52.0129],[70.9249,52.0129],[70.9249,52.0129],[70.9249,52.0129],[70.9249,52.0129],[70.9249,52.0129],[70.9249,52.0129],[70.9249,52.0129],[70.9249,52.0129],[70.9249,52.013],[70.9249,52.013],[70.9249,52.013],[70.9249,52.013],[70.9249,52.013],[70.9249,52.013],[70.9249,52.013],[70.9249,52.013],[70.9249,52.013],[70.9249,52.013],[70.9249,52.013],[70.9249,52.013],[70.9249,52.013],[70.9249,52.0131],[70.9249,52.0131],[70.9249,52.0131],[70.9249,52.0131],[70.9249,52.0131],[70.9249,52.0131],[70.9249,52.0131],[70.9249,52.0131],[70.9249,52.0131],[70.9249,52.0131],[70.9249,52.0131],[70.9249,52.0131],[70.9249,52.0131],[70.9249,52.0131],[70.9249,52.0131],[70.9249,52.0131],[70.9249,52.0132],[70.9249,52.0132],[70.9249,52.0132],[70.9249,52.0132],[70.9249,52.0132],[70.9249,52.0132],[70.9249,52.0132],[70.9249,52.0132],[70.9249,52.0132],[70.9249,52.0132],[70.9249,52.0132],[70.9249,52.0132],[70.9249,52.0132],[70.9249,52.0132],[70.9249,52.0132],[70.9249,52.0132],[70.9249,52.0132],[70.9249,52.0133],[70.9249,52.0133],[70.9249,52.0133],[70.9249,52.0133],[70.9249,52.0133],[70.9249,52.0133],[70.9249,52.0133],[70.9249,52.0133],[70.9249,52.0133],[70.9249,52.0133],[70.9249,52.0133],[70.9249,52.0133],[70.9249,52.0133],[70.9249,52.0133],[70.9249,52.0133],[70.9249,52.0133],[70.9249,52.0133],[70.9249,52.0134],[70.9249,52.0134],[70.9248,52.0134],[70.9248,52.0134],[70.9248,52.0134],[70.9248,52.0134],[70.9248,52.0134],[70.9248,52.0134],[70.9248,52.0134],[70.9248,52.0134],[70.9248,52.0134],[70.9248,52.0134],[70.9248,52.0134],[70.9248,52.0134],[70.9248,52.0134],[70.9248,52.0134],[70.9248,52.0134],[70.9248,52.0135],[70.9248,52.0135],[70.9248,52.0135],[70.9248,52.0135],[70.9248,52.0135],[70.9248,52.0135],[70.9248,52.0135],[70.9248,52.0135],[70.9248,52.0135],[70.9248,52.0135],[70.9248,52.0135],[70.9248,52.0135],[70.9248,52.0135],[70.9248,52.0135],[70.9248,52.0135],[70.9248,52.0135],[70.9248,52.0136],[70.9248,52.0136],[70.9248,52.0136],[70.9248,52.0136],[70.9248,52.0136],[70.9248,52.0136],[70.9248,52.0136],[70.9248,52.0136],[70.9248,52.0136],[70.9248,52.0136],[70.9248,52.0136],[70.9248,52.0136],[70.9248,52.0136],[70.9248,52.0136],[70.9248,52.0136],[70.9248,52.0136],[70.9248,52.0136],[70.9248,52.0137],[70.9248,52.0137],[70.9248,52.0137],[70.9248,52.0137],[70.9248,52.0137],[70.9248,52.0137],[70.9247,52.0137],[70.9247,52.0137],[70.9247,52.0137],[70.9247,52.0137],[70.9247,52.0137],[70.9247,52.0137],[70.9247,52.0137],[70.9247,52.0137],[70.9247,52.0137],[70.9247,52.0137],[70.9247,52.0137],[70.9247,52.0137],[70.9247,52.0138],[70.9247,52.0138],[70.9247,52.0138],[70.9247,52.0138],[70.9247,52.0138],[70.9247,52.0138],[70.9247,52.0138],[70.9247,52.0138],[70.9247,52.0138],[70.9247,52.0138],[70.9247,52.0138],[70.9247,52.0138],[70.9247,52.0138],[70.9247,52.0138],[70.9246,52.0138],[70.9246,52.0138],[70.9246,52.0138],[70.9246,52.0138],[70.9246,52.0138],[70.9246,52.0139],[70.9246,52.0139],[70.9246,52.0139],[70.9246,52.0139],[70.9246,52.0139],[70.9246,52.0139],[70.9246,52.0139],[70.9246,52.0139],[70.9246,52.0139],[70.9246,52.0139],[70.9246,52.0139],[70.9246,52.0139],[70.9246,52.0139],[70.9246,52.0139],[70.9245,52.0139],[70.9245,52.0139],[70.9245,52.0139],[70.9245,52.0139],[70.9245,52.0139],[70.9245,52.0139],[70.9245,52.0139],[70.9245,52.014],[70.9245,52.014],[70.9245,52.014],[70.9245,52.014],[70.9245,52.014],[70.9245,52.014],[70.9245,52.014],[70.9245,52.014],[70.9245,52.014],[70.9245,52.014],[70.9244,52.014],[70.9244,52.014],[70.9244,52.014],[70.9244,52.014],[70.9244,52.014],[70.9244,52.014],[70.9244,52.014],[70.9244,52.014],[70.9244,52.0141],[70.9244,52.0141],[70.9244,52.0141],[70.9244,52.0141],[70.9244,52.0141],[70.9244,52.0141],[70.9244,52.0141],[70.9244,52.0141],[70.9245,52.0141],[70.9245,52.0141],[70.9245,52.0141],[70.9245,52.0141],[70.9245,52.0141],[70.9245,52.0141],[70.9245,52.0141],[70.9245,52.0141],[70.9245,52.0141],[70.9245,52.0141],[70.9245,52.0141],[70.9245,52.0141],[70.9245,52.0141],[70.9245,52.0141],[70.9246,52.0141],[70.9246,52.0141],[70.9246,52.0141],[70.9246,52.0141],[70.9246,52.0141],[70.9246,52.0141],[70.9246,52.0142],[70.9246,52.0142],[70.9246,52.0142],[70.9246,52.0142],[70.9246,52.0142],[70.9246,52.0142],[70.9246,52.0142],[70.9246,52.0142],[70.9247,52.0142],[70.9247,52.0142],[70.9247,52.0142],[70.9247,52.0142],[70.9247,52.0142],[70.9247,52.0142],[70.9247,52.0142],[70.9247,52.0142],[70.9247,52.0142],[70.9247,52.0142],[70.9247,52.0142],[70.9247,52.0142],[70.9247,52.0142],[70.9247,52.0142],[70.9248,52.0142],[70.9248,52.0142],[70.9248,52.0142],[70.9248,52.0142],[70.9248,52.0142],[70.9248,52.0142],[70.9248,52.0143],[70.9248,52.0143],[70.9248,52.0143],[70.9248,52.0143],[70.9248,52.0143],[70.9248,52.0143],[70.9248,52.0143],[70.9248,52.0143],[70.9249,52.0143],[70.9249,52.0143],[70.9249,52.0143],[70.9249,52.0143],[70.9249,52.0143],[70.9249,52.0143],[70.9249,52.0143],[70.9249,52.0143],[70.9249,52.0143],[70.9249,52.0143],[70.9249,52.0143],[70.9249,52.0143],[70.9249,52.0143],[70.925,52.0143],[70.925,52.0143],[70.925,52.0143],[70.925,52.0143],[70.925,52.0143],[70.925,52.0143],[70.925,52.0143],[70.925,52.0143],[70.925,52.0144],[70.925,52.0144],[70.925,52.0144],[70.925,52.0144],[70.925,52.0144],[70.925,52.0144],[70.9251,52.0144],[70.9251,52.0144],[70.9251,52.0144],[70.9251,52.0144],[70.9251,52.0144],[70.9251,52.0144],[70.9251,52.0144],[70.9251,52.0144],[70.9251,52.0144],[70.9251,52.0144],[70.9251,52.0144],[70.9251,52.0144],[70.9251,52.0144],[70.9252,52.0144],[70.9252,52.0144],[70.9252,52.0144],[70.9252,52.0144],[70.9252,52.0144],[70.9252,52.0144],[70.9252,52.0144],[70.9252,52.0144],[70.9252,52.0144],[70.9252,52.0144],[70.9252,52.0144],[70.9252,52.0144],[70.9252,52.0145],[70.9253,52.0145],[70.9253,52.0145],[70.9253,52.0145],[70.9253,52.0145],[70.9253,52.0145],[70.9253,52.0145],[70.9253,52.0145],[70.9253,52.0145],[70.9253,52.0145],[70.9253,52.0145],[70.9253,52.0145],[70.9253,52.0145],[70.9253,52.0145],[70.9254,52.0145],[70.9254,52.0145],[70.9254,52.0145],[70.9254,52.0145],[70.9254,52.0145],[70.9254,52.0145],[70.9254,52.0145],[70.9254,52.0145],[70.9254,52.0145],[70.9254,52.0145],[70.9254,52.0145],[70.9254,52.0145],[70.9254,52.0145],[70.9255,52.0145],[70.9255,52.0145],[70.9255,52.0145],[70.9255,52.0145],[70.9255,52.0145],[70.9255,52.0146],[70.9255,52.0146],[70.9255,52.0146],[70.9255,52.0146],[70.9255,52.0146],[70.9255,52.0146],[70.9255,52.0146],[70.9255,52.0146],[70.9256,52.0146],[70.9256,52.0146],[70.9256,52.0146],[70.9256,52.0146],[70.9256,52.0146],[70.9256,52.0146],[70.9256,52.0146],[70.9256,52.0146],[70.9256,52.0146],[70.9256,52.0146],[70.9257,52.0146],[70.9257,52.0146],[70.9257,52.0146],[70.9257,52.0146],[70.9257,52.0146],[70.9257,52.0146],[70.9257,52.0146],[70.9257,52.0146],[70.9257,52.0146],[70.9258,52.0147],[70.9258,52.0147],[70.9258,52.0147],[70.9258,52.0147],[70.9258,52.0147],[70.9258,52.0147],[70.9258,52.0147],[70.9258,52.0147],[70.9259,52.0147],[70.9259,52.0147],[70.9259,52.0147],[70.9259,52.0147],[70.9259,52.0147],[70.9259,52.0147],[70.9259,52.0147],[70.9259,52.0147],[70.9259,52.0147],[70.926,52.0147],[70.926,52.0147],[70.926,52.0147],[70.926,52.0147],[70.926,52.0147],[70.926,52.0147],[70.926,52.0147],[70.926,52.0147],[70.926,52.0147],[70.9261,52.0147],[70.9261,52.0148],[70.9261,52.0148],[70.9261,52.0148],[70.9261,52.0148],[70.9261,52.0148],[70.9261,52.0148],[70.9261,52.0148],[70.9262,52.0148],[70.9262,52.0148],[70.9262,52.0148],[70.9262,52.0148],[70.9262,52.0148],[70.9262,52.0148],[70.9262,52.0148],[70.9262,52.0148],[70.9263,52.0148],[70.9263,52.0148],[70.9263,52.0148],[70.9263,52.0148],[70.9263,52.0148],[70.9263,52.0148],[70.9263,52.0148],[70.9263,52.0148],[70.9263,52.0148],[70.9264,52.0148],[70.9264,52.0148],[70.9264,52.0148],[70.9264,52.0148],[70.9264,52.0148],[70.9264,52.0148],[70.9264,52.0148],[70.9264,52.0148],[70.9264,52.0148],[70.9264,52.0149],[70.9265,52.0149],[70.9265,52.0149],[70.9265,52.0149],[70.9265,52.0149],[70.9265,52.0149],[70.9265,52.0149],[70.9265,52.0149],[70.9265,52.0149],[70.9265,52.0149],[70.9266,52.0149],[70.9266,52.0149],[70.9266,52.0149],[70.9266,52.0149],[70.9266,52.0149],[70.9266,52.0149],[70.9266,52.0149],[70.9266,52.0149],[70.9266,52.0149],[70.9267,52.0149],[70.9267,52.0149],[70.9267,52.0149],[70.9267,52.0149],[70.9267,52.0149],[70.9267,52.0149],[70.9267,52.0149],[70.9267,52.0149],[70.9267,52.0149],[70.9268,52.0149],[70.9268,52.0149],[70.9268,52.0149],[70.9268,52.0149],[70.9268,52.0149],[70.9268,52.0149],[70.9268,52.0149],[70.9268,52.0149],[70.9268,52.0149],[70.9268,52.0149],[70.9269,52.0149],[70.9269,52.0149],[70.9269,52.0149],[70.9269,52.0149],[70.9269,52.0149],[70.9269,52.0149],[70.9269,52.0149],[70.9269,52.0149],[70.9269,52.0149],[70.9269,52.0149],[70.9269,52.0149],[70.927,52.0149],[70.927,52.0149],[70.927,52.0149],[70.927,52.0149],[70.927,52.0149],[70.927,52.0149],[70.927,52.0149],[70.927,52.0149],[70.927,52.0149],[70.927,52.0149],[70.927,52.0149],[70.9271,52.0149],[70.9271,52.0149],[70.9271,52.0149],[70.9271,52.0149],[70.9271,52.0149],[70.9271,52.0149],[70.9271,52.0149],[70.9271,52.0149],[70.9271,52.0149],[70.9271,52.0149],[70.9271,52.0149],[70.9272,52.0149],[70.9272,52.0149],[70.9272,52.0149],[70.9272,52.0149],[70.9272,52.0149],[70.9272,52.0149],[70.9272,52.0149],[70.9272,52.0149],[70.9272,52.0149],[70.9272,52.0149],[70.9273,52.0149],[70.9273,52.0149],[70.9273,52.0149],[70.9273,52.0149],[70.9273,52.0149],[70.9273,52.0149],[70.9273,52.0149],[70.9273,52.0149],[70.9273,52.0149],[70.9273,52.0149],[70.9273,52.0149],[70.9274,52.0149],[70.9274,52.0149],[70.9274,52.0149],[70.9274,52.0149],[70.9274,52.0149],[70.9274,52.0149],[70.9274,52.0149],[70.9274,52.0149],[70.9274,52.0149],[70.9274,52.0149],[70.9275,52.0149],[70.9275,52.0149],[70.9275,52.0149],[70.9275,52.0149],[70.9275,52.0149],[70.9275,52.0149],[70.9275,52.0149],[70.9275,52.0149],[70.9276,52.0149],[70.9276,52.0149],[70.9276,52.0149],[70.9276,52.0149],[70.9276,52.0149],[70.9276,52.0149],[70.9276,52.0149],[70.9277,52.0149],[70.9277,52.0149],[70.9277,52.0149],[70.9277,52.0149],[70.9277,52.0149],[70.9277,52.0149],[70.9277,52.0149],[70.9277,52.0149],[70.9278,52.0149],[70.9278,52.0149],[70.9278,52.0149],[70.9278,52.0149],[70.9278,52.0149],[70.9278,52.0149],[70.9278,52.0149],[70.9278,52.0149],[70.9279,52.0149],[70.9279,52.0149],[70.9279,52.0149],[70.9279,52.0149],[70.9279,52.0149],[70.9279,52.0149],[70.9279,52.0149],[70.9279,52.0149],[70.928,52.0149],[70.928,52.0149],[70.928,52.0149],[70.928,52.0149],[70.928,52.0149],[70.928,52.0149],[70.928,52.0149],[70.928,52.0149],[70.9281,52.0149],[70.9281,52.0149],[70.9281,52.0149],[70.9281,52.0149],[70.9281,52.0149],[70.9281,52.0149],[70.9281,52.0149],[70.9281,52.0149],[70.9282,52.0149],[70.9282,52.0149],[70.9282,52.0149],[70.9282,52.0149],[70.9282,52.0149],[70.9282,52.0149],[70.9282,52.0149],[70.9282,52.0149],[70.9282,52.0149],[70.9282,52.0149],[70.9282,52.0149],[70.9282,52.0149],[70.9282,52.0148],[70.9282,52.0148],[70.9283,52.0148],[70.9283,52.0148],[70.9283,52.0148],[70.9283,52.0148],[70.9283,52.0148],[70.9283,52.0148],[70.9283,52.0148],[70.9283,52.0148],[70.9283,52.0147],[70.9283,52.0147],[70.9283,52.0147],[70.9283,52.0147],[70.9283,52.0147],[70.9283,52.0147],[70.9283,52.0147],[70.9283,52.0147],[70.9283,52.0147],[70.9283,52.0147],[70.9283,52.0146],[70.9283,52.0146],[70.9283,52.0146],[70.9283,52.0146],[70.9283,52.0146],[70.9283,52.0146],[70.9283,52.0146],[70.9283,52.0146],[70.9283,52.0146],[70.9283,52.0146],[70.9283,52.0145],[70.9283,52.0145],[70.9283,52.0145],[70.9283,52.0145],[70.9283,52.0145],[70.9283,52.0145],[70.9283,52.0145],[70.9283,52.0145],[70.9283,52.0145],[70.9283,52.0145],[70.9283,52.0144],[70.9283,52.0144],[70.9283,52.0144],[70.9283,52.0144],[70.9283,52.0144],[70.9283,52.0144],[70.9283,52.0144],[70.9283,52.0144],[70.9283,52.0144],[70.9283,52.0144],[70.9283,52.0143],[70.9283,52.0143],[70.9283,52.0143],[70.9283,52.0143],[70.9283,52.0143],[70.9283,52.0143],[70.9283,52.0143],[70.9283,52.0143],[70.9284,52.0143],[70.9284,52.0142],[70.9284,52.0142],[70.9284,52.0142],[70.9284,52.0142],[70.9284,52.0142],[70.9284,52.0142],[70.9284,52.0142],[70.9284,52.0142],[70.9284,52.0142],[70.9284,52.0142],[70.9284,52.0142],[70.9284,52.0142],[70.9284,52.0142],[70.9284,52.0142],[70.9284,52.0142],[70.9284,52.0142],[70.9284,52.0141],[70.9284,52.0141],[70.9284,52.0141],[70.9284,52.0141],[70.9284,52.0141],[70.9284,52.0141],[70.9284,52.0141],[70.9284,52.0141],[70.9284,52.0141],[70.9284,52.0141],[70.9284,52.0141],[70.9284,52.0141],[70.9284,52.0141],[70.9284,52.0141],[70.9284,52.0141],[70.9284,52.0141],[70.9284,52.0141],[70.9284,52.0141],[70.9284,52.0141],[70.9284,52.014],[70.9284,52.014],[70.9284,52.014],[70.9284,52.014],[70.9284,52.014],[70.9284,52.014],[70.9284,52.014],[70.9284,52.014],[70.9284,52.014],[70.9284,52.014],[70.9284,52.014],[70.9284,52.014],[70.9284,52.014],[70.9284,52.014],[70.9284,52.0139],[70.9284,52.0139],[70.9284,52.0139],[70.9284,52.0139],[70.9284,52.0139],[70.9285,52.0139],[70.9285,52.0139],[70.9285,52.0139],[70.9285,52.0139],[70.9285,52.0139],[70.9285,52.0139],[70.9285,52.0139],[70.9285,52.0138],[70.9285,52.0138],[70.9285,52.0138],[70.9285,52.0138],[70.9285,52.0138],[70.9285,52.0138],[70.9285,52.0138],[70.9286,52.0134],[70.9287,52.0132],[70.9287,52.0132],[70.9287,52.0132],[70.9287,52.0132],[70.9287,52.0132],[70.9286,52.0132],[70.9286,52.0132],[70.9286,52.0132],[70.9286,52.0132],[70.9286,52.0132],[70.9286,52.0132],[70.9286,52.0132],[70.9286,52.0132],[70.9286,52.0132],[70.9285,52.0132],[70.9285,52.0132],[70.9285,52.0132],[70.9276,52.0131],[70.9266,52.0129],[70.9258,52.0128],[70.9256,52.0127],[70.9255,52.0127],[70.9255,52.0127],[70.9255,52.0127],[70.9255,52.0127],[70.9255,52.0127],[70.9255,52.0127],[70.9255,52.0127],[70.9255,52.0127],[70.9255,52.0127],[70.9255,52.0127]]]],"type":"MultiPolygon"},"geometry_name":"shape","id":"gp_functional_zones.fid--7752831e_19fb67eabdc_7d44","properties":{"area":5.10163093956323,"creation_doc_id":3617,"deactivation_doc_id":null,"func_zone_status_id":2,"ggk_zone_code":"11010000","ggk_zone_name":"Территория усадебной застройки","gp_func_zone_code":"11010000","gp_func_zone_code_id":19,"id":4731828,"zone_type_id":8},"type":"Feature"},{"bbox":[70.9189,52.013,70.9239,52.0148],"geometry":{"coordinates":[[[[70.9229,52.0131],[70.9228,52.013],[70.9227,52.013],[70.9216,52.0131],[70.9216,52.0131],[70.9215,52.0131],[70.9215,52.0131],[70.9215,52.0131],[70.9215,52.0131],[70.9215,52.0131],[70.9215,52.0131],[70.9215,52.0131],[70.9215,52.0131],[70.9215,52.0131],[70.9215,52.0131],[70.9214,52.0131],[70.9214,52.0131],[70.9214,52.0131],[70.9214,52.0131],[70.9214,52.0131],[70.9214,52.0131],[70.9214,52.0131],[70.9214,52.0131],[70.9214,52.0131],[70.9214,52.0131],[70.9213,52.0131],[70.9213,52.0131],[70.9213,52.0131],[70.9213,52.0131],[70.9213,52.0131],[70.9213,52.0131],[70.9213,52.0131],[70.9213,52.0131],[70.9213,52.0131],[70.9212,52.0131],[70.9212,52.0131],[70.9212,52.0131],[70.9212,52.0131],[70.9212,52.0131],[70.9212,52.0131],[70.9212,52.0131],[70.9212,52.0131],[70.9212,52.0131],[70.9212,52.0131],[70.9211,52.0131],[70.9211,52.0131],[70.9211,52.0131],[70.9211,52.0131],[70.9211,52.0131],[70.9211,52.0131],[70.9211,52.0131],[70.9211,52.0131],[70.9211,52.0131],[70.9211,52.0131],[70.921,52.0131],[70.921,52.0131],[70.921,52.0131],[70.921,52.0131],[70.921,52.0131],[70.921,52.0131],[70.921,52.0131],[70.921,52.0131],[70.921,52.0131],[70.921,52.0131],[70.9209,52.0131],[70.9209,52.0131],[70.9209,52.0131],[70.9209,52.0131],[70.9209,52.0131],[70.9209,52.0131],[70.9209,52.0131],[70.9209,52.0131],[70.9209,52.0131],[70.9208,52.0131],[70.9208,52.0131],[70.9208,52.0131],[70.9208,52.0131],[70.9208,52.0131],[70.9208,52.0131],[70.9208,52.0131],[70.9208,52.0131],[70.9208,52.0131],[70.9208,52.0131],[70.9207,52.0131],[70.9207,52.0131],[70.9207,52.0131],[70.9207,52.0131],[70.9207,52.0131],[70.9207,52.0131],[70.9207,52.0131],[70.9207,52.0131],[70.9207,52.0131],[70.9207,52.0131],[70.9206,52.0131],[70.9206,52.0131],[70.9206,52.0131],[70.9206,52.0131],[70.9206,52.0131],[70.9206,52.0131],[70.9206,52.0131],[70.9206,52.0131],[70.9206,52.0131],[70.9206,52.0131],[70.9205,52.0131],[70.9205,52.0132],[70.9205,52.0132],[70.9205,52.0132],[70.9205,52.0132],[70.9205,52.0132],[70.9205,52.0132],[70.9205,52.0132],[70.9205,52.0132],[70.9205,52.0132],[70.9204,52.0132],[70.9204,52.0132],[70.9204,52.0132],[70.9204,52.0132],[70.9204,52.0132],[70.9204,52.0132],[70.9204,52.0132],[70.9204,52.0132],[70.9204,52.0132],[70.9203,52.0132],[70.9203,52.0132],[70.9203,52.0132],[70.9203,52.0132],[70.9203,52.0132],[70.9203,52.0132],[70.9203,52.0132],[70.9203,52.0132],[70.9203,52.0132],[70.9203,52.0132],[70.9202,52.0132],[70.9202,52.0132],[70.9202,52.0132],[70.9202,52.0132],[70.9202,52.0132],[70.9201,52.0132],[70.9201,52.0132],[70.9201,52.0132],[70.9201,52.0132],[70.9201,52.0132],[70.92,52.0132],[70.92,52.0132],[70.92,52.0132],[70.92,52.0132],[70.92,52.0132],[70.9199,52.0132],[70.9199,52.0132],[70.9199,52.0132],[70.9199,52.0132],[70.9199,52.0132],[70.9198,52.0132],[70.9198,52.0132],[70.9198,52.0132],[70.9198,52.0132],[70.9198,52.0132],[70.9197,52.0132],[70.9197,52.0132],[70.9197,52.0132],[70.9197,52.0132],[70.9197,52.0132],[70.9196,52.0132],[70.9196,52.0132],[70.9196,52.0132],[70.9196,52.0132],[70.9196,52.0132],[70.9196,52.0132],[70.9195,52.0132],[70.9195,52.0132],[70.9195,52.0132],[70.9195,52.0132],[70.9195,52.0132],[70.9195,52.0132],[70.9195,52.0132],[70.9194,52.0132],[70.9194,52.0132],[70.9194,52.0132],[70.9194,52.0133],[70.9194,52.0133],[70.9194,52.0133],[70.9193,52.0133],[70.9193,52.0133],[70.9193,52.0133],[70.9193,52.0133],[70.9193,52.0133],[70.9193,52.0133],[70.9193,52.0133],[70.9192,52.0133],[70.9192,52.0133],[70.9192,52.0133],[70.9192,52.0133],[70.9192,52.0133],[70.9192,52.0133],[70.9191,52.0133],[70.9191,52.0133],[70.9191,52.0133],[70.9191,52.0133],[70.9191,52.0133],[70.9191,52.0133],[70.919,52.0133],[70.919,52.0133],[70.919,52.0133],[70.919,52.0133],[70.919,52.0133],[70.919,52.0133],[70.9189,52.0133],[70.9189,52.0133],[70.9189,52.0133],[70.9189,52.0133],[70.9189,52.0133],[70.9189,52.0133],[70.9189,52.0133],[70.9189,52.0133],[70.9189,52.0134],[70.9189,52.0134],[70.9189,52.0134],[70.9189,52.0134],[70.9189,52.0134],[70.9189,52.0134],[70.9189,52.0134],[70.9189,52.0134],[70.9189,52.0134],[70.9189,52.0134],[70.919,52.0134],[70.919,52.0134],[70.919,52.0134],[70.919,52.0134],[70.919,52.0134],[70.919,52.0134],[70.919,52.0134],[70.919,52.0134],[70.919,52.0135],[70.919,52.0135],[70.919,52.0135],[70.919,52.0135],[70.919,52.0135],[70.9191,52.0135],[70.9191,52.0135],[70.9191,52.0135],[70.9191,52.0135],[70.9191,52.0135],[70.9191,52.0135],[70.9191,52.0135],[70.9191,52.0135],[70.9191,52.0135],[70.9191,52.0135],[70.9191,52.0135],[70.9191,52.0135],[70.9192,52.0136],[70.9192,52.0136],[70.9192,52.0136],[70.9192,52.0136],[70.9192,52.0136],[70.9192,52.0136],[70.9192,52.0136],[70.9192,52.0136],[70.9192,52.0136],[70.9193,52.0136],[70.9193,52.0136],[70.9193,52.0136],[70.9193,52.0136],[70.9193,52.0137],[70.9193,52.0137],[70.9193,52.0137],[70.9193,52.0137],[70.9193,52.0137],[70.9193,52.0137],[70.9194,52.0137],[70.9194,52.0137],[70.9194,52.0137],[70.9194,52.0137],[70.9194,52.0137],[70.9194,52.0137],[70.9194,52.0137],[70.9194,52.0137],[70.9194,52.0138],[70.9194,52.0138],[70.9195,52.0138],[70.9195,52.0138],[70.9195,52.0138],[70.9195,52.0138],[70.9195,52.0138],[70.9195,52.0138],[70.9195,52.0138],[70.9195,52.0138],[70.9195,52.0138],[70.9195,52.0138],[70.9195,52.0138],[70.9195,52.0138],[70.9195,52.0138],[70.9196,52.0138],[70.9196,52.0138],[70.9196,52.0138],[70.9196,52.0138],[70.9196,52.0139],[70.9196,52.0139],[70.9196,52.0139],[70.9196,52.0139],[70.9196,52.0139],[70.9196,52.0139],[70.9196,52.0139],[70.9196,52.0139],[70.9196,52.0139],[70.9196,52.0139],[70.9196,52.0139],[70.9197,52.0139],[70.9197,52.0139],[70.9197,52.0139],[70.9197,52.0139],[70.9197,52.0139],[70.9197,52.0139],[70.9197,52.0139],[70.9197,52.0139],[70.9197,52.0139],[70.9197,52.0139],[70.9197,52.014],[70.9197,52.014],[70.9197,52.014],[70.9197,52.014],[70.9198,52.014],[70.9198,52.014],[70.9198,52.014],[70.9198,52.014],[70.9198,52.014],[70.9198,52.014],[70.9198,52.014],[70.9198,52.014],[70.9198,52.014],[70.9198,52.014],[70.9198,52.014],[70.9198,52.014],[70.9199,52.014],[70.9199,52.014],[70.9199,52.014],[70.9199,52.0141],[70.9199,52.0141],[70.9199,52.0141],[70.9199,52.0141],[70.9199,52.0141],[70.9201,52.0142],[70.9205,52.0145],[70.9209,52.0147],[70.921,52.0148],[70.921,52.0148],[70.921,52.0148],[70.921,52.0148],[70.921,52.0148],[70.921,52.0148],[70.921,52.0148],[70.921,52.0148],[70.9211,52.0148],[70.9211,52.0148],[70.9211,52.0148],[70.9211,52.0148],[70.9211,52.0147],[70.9211,52.0147],[70.9211,52.0147],[70.9211,52.0147],[70.9211,52.0147],[70.9211,52.0147],[70.9211,52.0147],[70.9212,52.0147],[70.9212,52.0147],[70.9212,52.0147],[70.9212,52.0147],[70.9212,52.0147],[70.9212,52.0147],[70.9212,52.0147],[70.9212,52.0147],[70.9212,52.0147],[70.9212,52.0147],[70.9212,52.0147],[70.9212,52.0147],[70.9213,52.0147],[70.9213,52.0147],[70.9213,52.0147],[70.9213,52.0147],[70.9213,52.0147],[70.9213,52.0147],[70.9213,52.0146],[70.9213,52.0146],[70.9213,52.0146],[70.9214,52.0146],[70.9214,52.0146],[70.9214,52.0146],[70.9214,52.0146],[70.9214,52.0146],[70.9214,52.0146],[70.9214,52.0146],[70.9214,52.0146],[70.9215,52.0146],[70.9215,52.0146],[70.9215,52.0146],[70.9215,52.0146],[70.9215,52.0146],[70.9215,52.0146],[70.9215,52.0146],[70.9215,52.0146],[70.9216,52.0146],[70.9216,52.0146],[70.9216,52.0145],[70.9216,52.0145],[70.9216,52.0145],[70.9216,52.0145],[70.9216,52.0145],[70.9216,52.0145],[70.9217,52.0145],[70.9217,52.0145],[70.9217,52.0145],[70.9217,52.0145],[70.9217,52.0145],[70.9217,52.0145],[70.9217,52.0145],[70.9217,52.0145],[70.9217,52.0145],[70.9217,52.0145],[70.9218,52.0145],[70.9218,52.0145],[70.9218,52.0145],[70.9218,52.0145],[70.9218,52.0145],[70.9218,52.0145],[70.9218,52.0145],[70.9218,52.0145],[70.9218,52.0145],[70.9218,52.0145],[70.9219,52.0145],[70.9219,52.0145],[70.9219,52.0145],[70.9219,52.0145],[70.9219,52.0145],[70.9219,52.0145],[70.9219,52.0145],[70.9219,52.0145],[70.9219,52.0145],[70.9219,52.0145],[70.922,52.0145],[70.922,52.0145],[70.922,52.0144],[70.922,52.0144],[70.922,52.0144],[70.922,52.0144],[70.922,52.0144],[70.922,52.0144],[70.922,52.0144],[70.922,52.0144],[70.9221,52.0144],[70.9221,52.0144],[70.9221,52.0144],[70.9221,52.0144],[70.9221,52.0144],[70.9221,52.0144],[70.9221,52.0144],[70.9221,52.0144],[70.9221,52.0144],[70.9222,52.0144],[70.9222,52.0144],[70.9222,52.0144],[70.9222,52.0144],[70.9222,52.0144],[70.9222,52.0144],[70.9222,52.0144],[70.9222,52.0144],[70.9222,52.0144],[70.9222,52.0144],[70.9223,52.0144],[70.9223,52.0144],[70.9223,52.0144],[70.9223,52.0144],[70.9223,52.0144],[70.9223,52.0144],[70.9223,52.0144],[70.9223,52.0144],[70.9223,52.0144],[70.9223,52.0144],[70.9224,52.0144],[70.9224,52.0144],[70.9224,52.0144],[70.9224,52.0144],[70.9224,52.0144],[70.9224,52.0144],[70.9224,52.0144],[70.9224,52.0144],[70.9224,52.0144],[70.9225,52.0144],[70.9225,52.0144],[70.9225,52.0144],[70.9225,52.0144],[70.9225,52.0144],[70.9225,52.0144],[70.9225,52.0144],[70.9225,52.0144],[70.9225,52.0144],[70.9226,52.0144],[70.9226,52.0144],[70.9226,52.0144],[70.9226,52.0144],[70.9226,52.0144],[70.9226,52.0144],[70.9226,52.0144],[70.9226,52.0144],[70.9226,52.0144],[70.9226,52.0144],[70.9227,52.0144],[70.9227,52.0144],[70.9227,52.0144],[70.9227,52.0144],[70.9227,52.0144],[70.9227,52.0143],[70.9228,52.0143],[70.9228,52.0143],[70.9228,52.0143],[70.9228,52.0143],[70.9228,52.0143],[70.9228,52.0143],[70.9228,52.0143],[70.9229,52.0143],[70.9229,52.0143],[70.9229,52.0143],[70.9229,52.0143],[70.9229,52.0143],[70.9229,52.0143],[70.923,52.0143],[70.923,52.0143],[70.923,52.0143],[70.923,52.0143],[70.923,52.0143],[70.923,52.0143],[70.9231,52.0143],[70.9231,52.0143],[70.9231,52.0143],[70.9231,52.0143],[70.9231,52.0143],[70.9231,52.0143],[70.9231,52.0143],[70.9232,52.0143],[70.9232,52.0143],[70.9232,52.0143],[70.9232,52.0143],[70.9232,52.0143],[70.9232,52.0143],[70.9232,52.0143],[70.9232,52.0143],[70.9232,52.0143],[70.9232,52.0143],[70.9233,52.0143],[70.9233,52.0143],[70.9233,52.0143],[70.9233,52.0143],[70.9233,52.0143],[70.9233,52.0143],[70.9233,52.0143],[70.9233,52.0143],[70.9233,52.0142],[70.9233,52.0142],[70.9234,52.0142],[70.9234,52.0142],[70.9234,52.0142],[70.9234,52.0142],[70.9234,52.0142],[70.9234,52.0142],[70.9234,52.0142],[70.9234,52.0142],[70.9234,52.0142],[70.9234,52.0142],[70.9234,52.0142],[70.9235,52.0142],[70.9235,52.0142],[70.9235,52.0142],[70.9235,52.0142],[70.9235,52.0142],[70.9235,52.0142],[70.9235,52.0142],[70.9235,52.0142],[70.9235,52.0142],[70.9235,52.0142],[70.9236,52.0142],[70.9236,52.0142],[70.9236,52.0142],[70.9236,52.0142],[70.9236,52.0142],[70.9236,52.0142],[70.9236,52.0142],[70.9236,52.0142],[70.9236,52.0142],[70.9236,52.0142],[70.9236,52.0142],[70.9237,52.0142],[70.9237,52.0141],[70.9237,52.0141],[70.9237,52.0141],[70.9237,52.0141],[70.9237,52.0141],[70.9237,52.0141],[70.9237,52.0141],[70.9237,52.0141],[70.9237,52.0141],[70.9237,52.0141],[70.9238,52.0141],[70.9238,52.0141],[70.9238,52.0141],[70.9238,52.0141],[70.9238,52.0141],[70.9238,52.0141],[70.9239,52.0141],[70.9239,52.0141],[70.9239,52.0141],[70.9239,52.0141],[70.9239,52.0141],[70.9239,52.0141],[70.9239,52.014],[70.9238,52.014],[70.9238,52.014],[70.9238,52.014],[70.9238,52.014],[70.9238,52.014],[70.9238,52.014],[70.9238,52.014],[70.9238,52.014],[70.9237,52.014],[70.9237,52.014],[70.9237,52.014],[70.9237,52.014],[70.9237,52.014],[70.9237,52.014],[70.9237,52.014],[70.9237,52.014],[70.9237,52.014],[70.9236,52.0139],[70.9236,52.0139],[70.9236,52.0139],[70.9236,52.0139],[70.9236,52.0139],[70.9236,52.0139],[70.9236,52.0139],[70.9236,52.0139],[70.9236,52.0139],[70.9235,52.0139],[70.9235,52.0139],[70.9235,52.0139],[70.9235,52.0139],[70.9235,52.0139],[70.9235,52.0139],[70.9235,52.0139],[70.9235,52.0139],[70.9234,52.0138],[70.9234,52.0138],[70.9234,52.0138],[70.9234,52.0138],[70.9234,52.0138],[70.9234,52.0138],[70.9234,52.0138],[70.9234,52.0138],[70.9233,52.0138],[70.9233,52.0138],[70.9233,52.0138],[70.9233,52.0138],[70.9233,52.0138],[70.9233,52.0138],[70.9233,52.0137],[70.9233,52.0137],[70.9232,52.0137],[70.9232,52.0137],[70.9232,52.0137],[70.9232,52.0137],[70.9232,52.0137],[70.9232,52.0137],[70.9232,52.0137],[70.9232,52.0137],[70.9232,52.0137],[70.9231,52.0137],[70.9231,52.0137],[70.9231,52.0136],[70.9231,52.0136],[70.9231,52.0136],[70.9231,52.0136],[70.9231,52.0136],[70.9231,52.0136],[70.9231,52.0136],[70.9231,52.0136],[70.9231,52.0136],[70.9231,52.0136],[70.9231,52.0136],[70.923,52.0136],[70.923,52.0136],[70.923,52.0136],[70.923,52.0136],[70.923,52.0136],[70.923,52.0135],[70.923,52.0135],[70.923,52.0135],[70.923,52.0135],[70.923,52.0135],[70.923,52.0135],[70.923,52.0135],[70.923,52.0135],[70.923,52.0135],[70.923,52.0135],[70.923,52.0135],[70.923,52.0135],[70.923,52.0135],[70.923,52.0135],[70.923,52.0135],[70.923,52.0134],[70.923,52.0134],[70.923,52.0134],[70.9229,52.0134],[70.9229,52.0134],[70.9229,52.0134],[70.9229,52.0134],[70.9229,52.0134],[70.9229,52.0134],[70.9229,52.0134],[70.9229,52.0134],[70.9229,52.0133],[70.9229,52.0133],[70.9229,52.0133],[70.9229,52.0133],[70.9229,52.0133],[70.9229,52.0133],[70.9229,52.0133],[70.9229,52.0133],[70.9229,52.0133],[70.9229,52.0133],[70.9229,52.0132],[70.9229,52.0132],[70.9229,52.0132],[70.9229,52.0132],[70.9229,52.0132],[70.9229,52.0132],[70.9229,52.0132],[70.9229,52.0132],[70.9229,52.0132],[70.9229,52.0131],[70.9229,52.0131],[70.9229,52.0131],[70.9229,52.0131],[70.9229,52.0131],[70.9229,52.0131]]]],"type":"MultiPolygon"},"geometry_name":"shape","id":"gp_functional_zones.fid--7752831e_19fb67eabdc_7d45","properties":{"area":3.84578209558272,"creation_doc_id":3617,"deactivation_doc_id":null,"func_zone_status_id":2,"ggk_zone_code":"11010000","ggk_zone_name":"Территория усадебной застройки","gp_func_zone_code":"11010000","gp_func_zone_code_id":19,"id":4731829,"zone_type_id":8},"type":"Feature"},{"bbox":[70.9336,52.0107,70.936,52.014],"geometry":{"coordinates":[[[[70.9345,52.014],[70.9347,52.0132],[70.9353,52.0133],[70.9353,52.0133],[70.9353,52.0133],[70.9354,52.0133],[70.9354,52.0132],[70.9354,52.0132],[70.9354,52.0132],[70.9354,52.0132],[70.9354,52.0132],[70.9354,52.0132],[70.9354,52.0132],[70.9354,52.0132],[70.9354,52.0132],[70.9354,52.0132],[70.9354,52.0132],[70.9354,52.0132],[70.9354,52.0132],[70.9354,52.0132],[70.9354,52.0131],[70.9354,52.0131],[70.9354,52.0131],[70.9354,52.0131],[70.9354,52.0131],[70.9354,52.0131],[70.9354,52.0131],[70.9354,52.0131],[70.9354,52.0131],[70.9354,52.0131],[70.9354,52.0131],[70.9354,52.0131],[70.9354,52.0131],[70.9354,52.0131],[70.9354,52.013],[70.9354,52.013],[70.9354,52.013],[70.9354,52.013],[70.9354,52.013],[70.9354,52.013],[70.9354,52.013],[70.9354,52.013],[70.9354,52.013],[70.9354,52.013],[70.9354,52.013],[70.9354,52.013],[70.9354,52.013],[70.9354,52.013],[70.9354,52.0129],[70.9354,52.0129],[70.9354,52.0129],[70.9354,52.0129],[70.9354,52.0129],[70.9354,52.0129],[70.9354,52.0129],[70.9354,52.0129],[70.9354,52.0128],[70.9354,52.0128],[70.9354,52.0128],[70.9354,52.0128],[70.9354,52.0128],[70.9354,52.0128],[70.9354,52.0128],[70.9354,52.0127],[70.9355,52.0125],[70.9355,52.0122],[70.9356,52.0122],[70.9356,52.0122],[70.9356,52.0122],[70.9356,52.0122],[70.9356,52.0121],[70.9356,52.0121],[70.9356,52.0121],[70.9356,52.0121],[70.9356,52.0121],[70.9356,52.0121],[70.9356,52.0121],[70.9356,52.0121],[70.9356,52.0121],[70.9356,52.0121],[70.9356,52.012],[70.9356,52.012],[70.9356,52.012],[70.9356,52.012],[70.9356,52.012],[70.9356,52.012],[70.9356,52.012],[70.9356,52.012],[70.9356,52.012],[70.9356,52.012],[70.9356,52.0119],[70.9356,52.0119],[70.9356,52.0119],[70.9356,52.0119],[70.9356,52.0119],[70.9356,52.0119],[70.9356,52.0119],[70.9356,52.0119],[70.9356,52.0119],[70.9356,52.0119],[70.9356,52.0119],[70.9356,52.0118],[70.9356,52.0118],[70.9356,52.0118],[70.9356,52.0118],[70.9356,52.0118],[70.9357,52.0118],[70.9357,52.0118],[70.9357,52.0118],[70.9357,52.0118],[70.9357,52.0118],[70.9357,52.0118],[70.9357,52.0117],[70.9357,52.0117],[70.9357,52.0117],[70.9357,52.0117],[70.9357,52.0117],[70.9357,52.0117],[70.9357,52.0117],[70.9357,52.0117],[70.9357,52.0117],[70.9357,52.0117],[70.9357,52.0117],[70.9357,52.0116],[70.9357,52.0116],[70.9357,52.0116],[70.9357,52.0116],[70.9357,52.0116],[70.9357,52.0116],[70.9357,52.0116],[70.9357,52.0116],[70.9357,52.0116],[70.9357,52.0116],[70.9357,52.0116],[70.9357,52.0116],[70.9357,52.0115],[70.9357,52.0115],[70.9357,52.0115],[70.9357,52.0115],[70.9357,52.0115],[70.9357,52.0115],[70.9357,52.0115],[70.9357,52.0115],[70.9358,52.0115],[70.9358,52.0115],[70.9358,52.0115],[70.9358,52.0115],[70.9358,52.0114],[70.9358,52.0114],[70.9358,52.0114],[70.9358,52.0114],[70.9358,52.0114],[70.9358,52.0114],[70.9358,52.0114],[70.9358,52.0114],[70.9358,52.0114],[70.9358,52.0113],[70.9358,52.0113],[70.9358,52.0113],[70.9358,52.0113],[70.9358,52.0113],[70.9358,52.0113],[70.936,52.0109],[70.936,52.0108],[70.936,52.0108],[70.9359,52.0108],[70.9359,52.0108],[70.9359,52.0108],[70.9359,52.0108],[70.9359,52.0108],[70.9359,52.0108],[70.9359,52.0108],[70.9358,52.0108],[70.9358,52.0108],[70.9358,52.0108],[70.9358,52.0108],[70.9358,52.0108],[70.9357,52.0108],[70.9357,52.0108],[70.9357,52.0108],[70.9357,52.0108],[70.9357,52.0108],[70.9356,52.0108],[70.9356,52.0108],[70.9356,52.0108],[70.9356,52.0108],[70.9356,52.0107],[70.9355,52.0107],[70.9355,52.0107],[70.9355,52.0107],[70.9355,52.0107],[70.9355,52.0107],[70.9354,52.0107],[70.9354,52.0107],[70.9354,52.0107],[70.9354,52.0107],[70.9354,52.0107],[70.9353,52.0107],[70.9353,52.0107],[70.9353,52.0107],[70.9353,52.0107],[70.9353,52.0107],[70.9352,52.0107],[70.9352,52.0107],[70.9352,52.0107],[70.9352,52.0107],[70.9352,52.0107],[70.935,52.0109],[70.935,52.011],[70.935,52.011],[70.935,52.011],[70.935,52.011],[70.935,52.011],[70.935,52.011],[70.9349,52.011],[70.9349,52.011],[70.9349,52.011],[70.9349,52.011],[70.9349,52.0111],[70.9349,52.0111],[70.9349,52.0111],[70.9349,52.0111],[70.9349,52.0111],[70.9349,52.0111],[70.9346,52.0116],[70.9343,52.0122],[70.9339,52.0132],[70.9336,52.0139],[70.9336,52.0139],[70.9336,52.0139],[70.9336,52.0139],[70.9336,52.0139],[70.9336,52.0139],[70.9337,52.0139],[70.9337,52.0139],[70.9337,52.0139],[70.9337,52.0139],[70.9337,52.0139],[70.9337,52.0139],[70.9337,52.0139],[70.9337,52.0139],[70.9337,52.0139],[70.9337,52.0139],[70.9338,52.0139],[70.9344,52.014],[70.9345,52.014],[70.9345,52.014]]]],"type":"MultiPolygon"},"geometry_name":"shape","id":"gp_functional_zones.fid--7752831e_19fb67eabdc_7d46","properties":{"area":2.74200119239024,"creation_doc_id":3617,"deactivation_doc_id":null,"func_zone_status_id":2,"ggk_zone_code":"11010000","ggk_zone_name":"Территория усадебной застройки","gp_func_zone_code":"11010000","gp_func_zone_code_id":19,"id":4731830,"zone_type_id":8},"type":"Feature"},{"bbox":[70.9308,52.01,70.935,52.0138],"geometry":{"coordinates":[[[[70.9333,52.01],[70.9333,52.01],[70.9333,52.01],[70.9333,52.01],[70.9333,52.01],[70.9333,52.0101],[70.9333,52.0101],[70.9333,52.0101],[70.9333,52.0101],[70.9333,52.0101],[70.9331,52.0102],[70.9331,52.0103],[70.9331,52.0103],[70.9331,52.0103],[70.9331,52.0103],[70.9331,52.0103],[70.933,52.0103],[70.933,52.0103],[70.933,52.0103],[70.933,52.0103],[70.933,52.0104],[70.933,52.0104],[70.933,52.0104],[70.933,52.0104],[70.933,52.0104],[70.933,52.0104],[70.9329,52.0104],[70.9326,52.0108],[70.9323,52.0113],[70.9317,52.0121],[70.9317,52.0121],[70.9317,52.0121],[70.9317,52.0121],[70.9317,52.0121],[70.9317,52.0121],[70.9317,52.0121],[70.9317,52.0121],[70.9317,52.0121],[70.9316,52.0121],[70.9316,52.0121],[70.9316,52.0122],[70.9316,52.0122],[70.9316,52.0122],[70.9316,52.0122],[70.9316,52.0122],[70.9316,52.0122],[70.9315,52.0124],[70.9313,52.0126],[70.9311,52.0129],[70.9311,52.0129],[70.9311,52.0129],[70.9311,52.013],[70.931,52.013],[70.931,52.013],[70.931,52.013],[70.931,52.013],[70.931,52.013],[70.931,52.013],[70.931,52.013],[70.931,52.013],[70.931,52.013],[70.931,52.013],[70.931,52.0131],[70.931,52.0131],[70.931,52.0131],[70.931,52.0131],[70.931,52.0131],[70.931,52.0131],[70.9309,52.0131],[70.9309,52.0131],[70.9309,52.0131],[70.9309,52.0131],[70.9309,52.0131],[70.9309,52.0132],[70.9309,52.0132],[70.9309,52.0132],[70.9309,52.0132],[70.9309,52.0132],[70.9309,52.0132],[70.9309,52.0132],[70.9309,52.0132],[70.9309,52.0132],[70.9309,52.0132],[70.9309,52.0132],[70.9309,52.0133],[70.9308,52.0133],[70.9308,52.0133],[70.9308,52.0133],[70.9308,52.0133],[70.9308,52.0133],[70.9308,52.0133],[70.9308,52.0133],[70.9308,52.0133],[70.9308,52.0133],[70.9308,52.0134],[70.9308,52.0134],[70.9308,52.0134],[70.9315,52.0135],[70.9315,52.0135],[70.9315,52.0135],[70.9315,52.0135],[70.9315,52.0135],[70.9316,52.0135],[70.9316,52.0135],[70.9316,52.0135],[70.9316,52.0135],[70.9316,52.0135],[70.9316,52.0135],[70.9317,52.0135],[70.9317,52.0135],[70.9317,52.0135],[70.9317,52.0135],[70.9317,52.0135],[70.9318,52.0135],[70.9318,52.0135],[70.9318,52.0135],[70.9318,52.0135],[70.9318,52.0135],[70.9319,52.0135],[70.9319,52.0135],[70.9319,52.0135],[70.9319,52.0135],[70.9319,52.0135],[70.932,52.0136],[70.932,52.0136],[70.932,52.0136],[70.932,52.0136],[70.932,52.0136],[70.932,52.0136],[70.9321,52.0136],[70.9321,52.0136],[70.9321,52.0136],[70.9321,52.0136],[70.9321,52.0136],[70.9322,52.0136],[70.9322,52.0136],[70.9322,52.0136],[70.9322,52.0136],[70.9322,52.0136],[70.9322,52.0136],[70.9323,52.0136],[70.9323,52.0136],[70.9323,52.0136],[70.9323,52.0136],[70.9323,52.0136],[70.9323,52.0136],[70.9323,52.0136],[70.9324,52.0136],[70.9324,52.0136],[70.9324,52.0136],[70.9324,52.0136],[70.9324,52.0136],[70.9325,52.0136],[70.9325,52.0136],[70.9325,52.0136],[70.9325,52.0136],[70.9325,52.0136],[70.9326,52.0136],[70.9326,52.0136],[70.9326,52.0136],[70.9326,52.0137],[70.9326,52.0137],[70.9326,52.0137],[70.9327,52.0137],[70.9327,52.0137],[70.9327,52.0137],[70.9327,52.0137],[70.9328,52.0137],[70.9328,52.0137],[70.9328,52.0137],[70.9328,52.0137],[70.9328,52.0137],[70.9329,52.0137],[70.9329,52.0137],[70.9329,52.0137],[70.9329,52.0137],[70.933,52.0137],[70.933,52.0137],[70.933,52.0137],[70.933,52.0137],[70.933,52.0137],[70.9331,52.0137],[70.9331,52.0137],[70.9331,52.0137],[70.9331,52.0137],[70.9331,52.0137],[70.9331,52.0138],[70.9331,52.0138],[70.9331,52.0138],[70.9332,52.0138],[70.9332,52.0138],[70.9332,52.0138],[70.9332,52.0138],[70.9332,52.0138],[70.9332,52.0138],[70.9332,52.0138],[70.9333,52.0138],[70.9333,52.0138],[70.9333,52.0138],[70.9333,52.0138],[70.9333,52.0138],[70.9334,52.0138],[70.9334,52.0138],[70.9334,52.0138],[70.9337,52.0132],[70.9341,52.0122],[70.9344,52.0116],[70.9347,52.0111],[70.9347,52.0111],[70.9347,52.011],[70.9347,52.011],[70.9347,52.011],[70.9347,52.011],[70.9347,52.011],[70.9347,52.011],[70.9347,52.011],[70.9348,52.011],[70.9348,52.0109],[70.9348,52.0109],[70.9348,52.0109],[70.9348,52.0109],[70.9348,52.0109],[70.9348,52.0109],[70.9348,52.0109],[70.935,52.0106],[70.9349,52.0106],[70.9349,52.0106],[70.9349,52.0106],[70.9349,52.0106],[70.9349,52.0106],[70.9348,52.0106],[70.9348,52.0106],[70.9348,52.0106],[70.9348,52.0106],[70.9348,52.0106],[70.9347,52.0106],[70.9347,52.0106],[70.9347,52.0106],[70.9347,52.0106],[70.9347,52.0105],[70.9346,52.0105],[70.9346,52.0105],[70.9346,52.0105],[70.9346,52.0105],[70.9346,52.0105],[70.9345,52.0105],[70.9345,52.0105],[70.9345,52.0105],[70.9345,52.0105],[70.9345,52.0105],[70.9345,52.0105],[70.9344,52.0105],[70.9344,52.0105],[70.9344,52.0105],[70.9344,52.0104],[70.9344,52.0104],[70.9343,52.0104],[70.9343,52.0104],[70.9343,52.0104],[70.9343,52.0104],[70.9343,52.0104],[70.9343,52.0104],[70.9342,52.0104],[70.9342,52.0104],[70.9342,52.0104],[70.9342,52.0104],[70.9342,52.0104],[70.9341,52.0104],[70.9341,52.0104],[70.9341,52.0104],[70.9341,52.0104],[70.9341,52.0103],[70.9341,52.0103],[70.934,52.0103],[70.934,52.0103],[70.934,52.0103],[70.934,52.0103],[70.934,52.0103],[70.934,52.0103],[70.934,52.0103],[70.9339,52.0103],[70.9339,52.0103],[70.9339,52.0103],[70.9339,52.0103],[70.9339,52.0103],[70.9339,52.0103],[70.9339,52.0103],[70.9339,52.0103],[70.9339,52.0103],[70.9338,52.0103],[70.9338,52.0103],[70.9338,52.0103],[70.9338,52.0102],[70.9338,52.0102],[70.9338,52.0102],[70.9338,52.0102],[70.9338,52.0102],[70.9338,52.0102],[70.9337,52.0102],[70.9337,52.0102],[70.9337,52.0102],[70.9337,52.0102],[70.9337,52.0102],[70.9337,52.0102],[70.9337,52.0102],[70.9337,52.0102],[70.9337,52.0102],[70.9336,52.0102],[70.9336,52.0102],[70.9336,52.0102],[70.9336,52.0102],[70.9336,52.0102],[70.9336,52.0102],[70.9336,52.0102],[70.9336,52.0102],[70.9335,52.0101],[70.9335,52.0101],[70.9335,52.0101],[70.9335,52.0101],[70.9335,52.0101],[70.9335,52.0101],[70.9334,52.0101],[70.9334,52.0101],[70.9334,52.0101],[70.9334,52.0101],[70.9334,52.0101],[70.9334,52.0101],[70.9333,52.01],[70.9333,52.01],[70.9333,52.01]]]],"type":"MultiPolygon"},"geometry_name":"shape","id":"gp_functional_zones.fid--7752831e_19fb67eabdc_7d47","properties":{"area":6.07844566904168,"creation_doc_id":3617,"deactivation_doc_id":null,"func_zone_status_id":2,"ggk_zone_code":"11010000","ggk_zone_name":"Территория усадебной застройки","gp_func_zone_code":"11010000","gp_func_zone_code_id":19,"id":4731831,"zone_type_id":8},"type":"Feature"},{"bbox":[70.9232,52.0128,70.9246,52.0139],"geometry":{"coordinates":[[[[70.9246,52.0128],[70.9246,52.0128],[70.9242,52.0129],[70.9232,52.0129],[70.9232,52.0131],[70.9232,52.0131],[70.9232,52.0131],[70.9232,52.0131],[70.9232,52.0131],[70.9232,52.0131],[70.9232,52.0131],[70.9232,52.0131],[70.9232,52.0131],[70.9232,52.0131],[70.9232,52.0131],[70.9232,52.0131],[70.9232,52.0131],[70.9232,52.0131],[70.9232,52.0131],[70.9232,52.0131],[70.9232,52.0131],[70.9232,52.0131],[70.9232,52.0131],[70.9232,52.0131],[70.9232,52.0131],[70.9232,52.0131],[70.9232,52.0131],[70.9232,52.0131],[70.9232,52.0131],[70.9232,52.0131],[70.9232,52.0131],[70.9232,52.0131],[70.9232,52.0131],[70.9232,52.0131],[70.9232,52.0131],[70.9232,52.0131],[70.9232,52.0132],[70.9232,52.0132],[70.9232,52.0132],[70.9232,52.0132],[70.9232,52.0132],[70.9232,52.0132],[70.9232,52.0132],[70.9232,52.0132],[70.9232,52.0132],[70.9232,52.0132],[70.9232,52.0132],[70.9232,52.0132],[70.9232,52.0132],[70.9232,52.0132],[70.9232,52.0132],[70.9232,52.0132],[70.9232,52.0132],[70.9232,52.0132],[70.9232,52.0132],[70.9232,52.0132],[70.9232,52.0132],[70.9232,52.0132],[70.9232,52.0132],[70.9232,52.0132],[70.9232,52.0132],[70.9232,52.0132],[70.9232,52.0132],[70.9232,52.0132],[70.9232,52.0132],[70.9232,52.0132],[70.9232,52.0132],[70.9232,52.0132],[70.9232,52.0132],[70.9232,52.0132],[70.9232,52.0132],[70.9232,52.0132],[70.9232,52.0132],[70.9232,52.0132],[70.9232,52.0132],[70.9232,52.0132],[70.9232,52.0132],[70.9232,52.0133],[70.9232,52.0133],[70.9232,52.0133],[70.9232,52.0133],[70.9232,52.0133],[70.9232,52.0133],[70.9232,52.0133],[70.9232,52.0133],[70.9232,52.0133],[70.9232,52.0133],[70.9232,52.0133],[70.9232,52.0133],[70.9232,52.0133],[70.9232,52.0133],[70.9232,52.0133],[70.9232,52.0133],[70.9232,52.0133],[70.9232,52.0133],[70.9232,52.0133],[70.9232,52.0133],[70.9232,52.0133],[70.9232,52.0133],[70.9232,52.0133],[70.9232,52.0133],[70.9232,52.0133],[70.9232,52.0133],[70.9232,52.0133],[70.9232,52.0133],[70.9232,52.0133],[70.9232,52.0133],[70.9232,52.0133],[70.9232,52.0133],[70.9232,52.0133],[70.9232,52.0133],[70.9232,52.0133],[70.9232,52.0133],[70.9232,52.0133],[70.9232,52.0133],[70.9232,52.0133],[70.9232,52.0133],[70.9233,52.0133],[70.9233,52.0134],[70.9233,52.0134],[70.9233,52.0134],[70.9233,52.0134],[70.9233,52.0134],[70.9233,52.0134],[70.9233,52.0134],[70.9233,52.0134],[70.9233,52.0134],[70.9233,52.0134],[70.9233,52.0134],[70.9233,52.0134],[70.9233,52.0134],[70.9233,52.0134],[70.9233,52.0134],[70.9233,52.0134],[70.9233,52.0134],[70.9233,52.0134],[70.9233,52.0134],[70.9233,52.0134],[70.9233,52.0134],[70.9233,52.0134],[70.9233,52.0134],[70.9233,52.0134],[70.9233,52.0134],[70.9233,52.0134],[70.9233,52.0134],[70.9233,52.0134],[70.9233,52.0134],[70.9233,52.0134],[70.9233,52.0134],[70.9233,52.0135],[70.9233,52.0135],[70.9233,52.0135],[70.9233,52.0135],[70.9233,52.0135],[70.9233,52.0135],[70.9233,52.0135],[70.9233,52.0135],[70.9233,52.0135],[70.9233,52.0135],[70.9233,52.0135],[70.9233,52.0135],[70.9233,52.0135],[70.9233,52.0135],[70.9233,52.0135],[70.9234,52.0135],[70.9234,52.0135],[70.9234,52.0135],[70.9234,52.0135],[70.9234,52.0135],[70.9234,52.0135],[70.9234,52.0135],[70.9234,52.0135],[70.9234,52.0135],[70.9234,52.0135],[70.9234,52.0135],[70.9234,52.0135],[70.9234,52.0135],[70.9234,52.0135],[70.9234,52.0135],[70.9234,52.0135],[70.9234,52.0135],[70.9234,52.0135],[70.9234,52.0135],[70.9234,52.0135],[70.9234,52.0135],[70.9234,52.0135],[70.9234,52.0135],[70.9234,52.0135],[70.9234,52.0135],[70.9234,52.0135],[70.9234,52.0136],[70.9234,52.0136],[70.9234,52.0136],[70.9234,52.0136],[70.9234,52.0136],[70.9234,52.0136],[70.9234,52.0136],[70.9234,52.0136],[70.9234,52.0136],[70.9234,52.0136],[70.9234,52.0136],[70.9234,52.0136],[70.9234,52.0136],[70.9234,52.0136],[70.9235,52.0136],[70.9235,52.0136],[70.9235,52.0136],[70.9235,52.0136],[70.9235,52.0136],[70.9235,52.0136],[70.9235,52.0136],[70.9235,52.0136],[70.9235,52.0136],[70.9235,52.0136],[70.9235,52.0136],[70.9235,52.0136],[70.9235,52.0136],[70.9235,52.0136],[70.9235,52.0136],[70.9235,52.0136],[70.9235,52.0136],[70.9235,52.0136],[70.9235,52.0136],[70.9235,52.0136],[70.9235,52.0136],[70.9235,52.0136],[70.9235,52.0136],[70.9235,52.0136],[70.9235,52.0136],[70.9235,52.0136],[70.9235,52.0136],[70.9235,52.0136],[70.9235,52.0136],[70.9235,52.0136],[70.9235,52.0136],[70.9235,52.0136],[70.9235,52.0136],[70.9235,52.0136],[70.9235,52.0136],[70.9235,52.0136],[70.9235,52.0136],[70.9235,52.0136],[70.9236,52.0136],[70.9236,52.0136],[70.9236,52.0136],[70.9236,52.0136],[70.9236,52.0136],[70.9236,52.0136],[70.9236,52.0136],[70.9236,52.0137],[70.9236,52.0137],[70.9236,52.0137],[70.9236,52.0137],[70.9236,52.0137],[70.9236,52.0137],[70.9236,52.0137],[70.9236,52.0137],[70.9236,52.0137],[70.9236,52.0137],[70.9236,52.0137],[70.9236,52.0137],[70.9236,52.0137],[70.9236,52.0137],[70.9236,52.0137],[70.9236,52.0137],[70.9236,52.0137],[70.9236,52.0137],[70.9236,52.0137],[70.9236,52.0137],[70.9236,52.0137],[70.9236,52.0137],[70.9236,52.0137],[70.9236,52.0137],[70.9236,52.0137],[70.9236,52.0137],[70.9236,52.0137],[70.9236,52.0137],[70.9236,52.0137],[70.9237,52.0137],[70.9237,52.0137],[70.9237,52.0137],[70.9237,52.0137],[70.9237,52.0137],[70.9237,52.0137],[70.9237,52.0137],[70.9237,52.0137],[70.9237,52.0137],[70.9237,52.0137],[70.9237,52.0137],[70.9237,52.0137],[70.9237,52.0137],[70.9237,52.0137],[70.9237,52.0137],[70.9237,52.0137],[70.9237,52.0137],[70.9237,52.0137],[70.9237,52.0137],[70.9237,52.0137],[70.9237,52.0137],[70.9237,52.0137],[70.9237,52.0137],[70.9237,52.0137],[70.9237,52.0137],[70.9238,52.0137],[70.9238,52.0137],[70.9238,52.0138],[70.9238,52.0138],[70.9238,52.0138],[70.9238,52.0138],[70.9238,52.0138],[70.9238,52.0138],[70.9238,52.0138],[70.9238,52.0138],[70.9238,52.0138],[70.9238,52.0138],[70.9238,52.0138],[70.9238,52.0138],[70.9238,52.0138],[70.9238,52.0138],[70.9238,52.0138],[70.9238,52.0138],[70.9238,52.0138],[70.9239,52.0138],[70.9239,52.0138],[70.9239,52.0138],[70.9239,52.0138],[70.9239,52.0138],[70.9239,52.0138],[70.9239,52.0138],[70.9239,52.0138],[70.9239,52.0138],[70.9239,52.0138],[70.9239,52.0138],[70.9239,52.0138],[70.9239,52.0138],[70.9239,52.0138],[70.9239,52.0138],[70.9239,52.0138],[70.9239,52.0138],[70.9239,52.0138],[70.924,52.0138],[70.924,52.0138],[70.924,52.0139],[70.924,52.0139],[70.924,52.0139],[70.924,52.0139],[70.924,52.0139],[70.924,52.0139],[70.924,52.0139],[70.924,52.0139],[70.924,52.0139],[70.924,52.0139],[70.924,52.0139],[70.924,52.0139],[70.924,52.0139],[70.924,52.0139],[70.924,52.0139],[70.924,52.0139],[70.924,52.0139],[70.9241,52.0139],[70.9241,52.0139],[70.9241,52.0139],[70.9241,52.0139],[70.9241,52.0139],[70.9241,52.0139],[70.9241,52.0139],[70.9241,52.0139],[70.9241,52.0139],[70.9241,52.0139],[70.9241,52.0139],[70.9241,52.0139],[70.9241,52.0139],[70.9241,52.0139],[70.9241,52.0139],[70.9241,52.0139],[70.9241,52.0139],[70.9241,52.0139],[70.9241,52.0139],[70.9241,52.0139],[70.9241,52.0139],[70.9241,52.0139],[70.9241,52.0139],[70.9241,52.0139],[70.9241,52.0139],[70.9241,52.0139],[70.9241,52.0139],[70.9241,52.0139],[70.9241,52.0139],[70.9241,52.0139],[70.9241,52.0139],[70.9241,52.0139],[70.9242,52.0139],[70.9242,52.0139],[70.9242,52.0139],[70.9242,52.0139],[70.9242,52.0139],[70.9242,52.0139],[70.9242,52.0139],[70.9242,52.0139],[70.9242,52.0139],[70.9242,52.0139],[70.9242,52.0139],[70.9242,52.0139],[70.9242,52.0139],[70.9242,52.0139],[70.9242,52.0139],[70.9242,52.0139],[70.9242,52.0139],[70.9242,52.0139],[70.9242,52.0139],[70.9242,52.0139],[70.9242,52.0139],[70.9242,52.0139],[70.9242,52.0139],[70.9242,52.0139],[70.9242,52.0139],[70.9242,52.0139],[70.9242,52.0139],[70.9242,52.0139],[70.9242,52.0139],[70.9242,52.0139],[70.9242,52.0139],[70.9242,52.0139],[70.9242,52.0139],[70.9243,52.0139],[70.9243,52.0139],[70.9243,52.0139],[70.9243,52.0139],[70.9243,52.0139],[70.9243,52.0139],[70.9243,52.0139],[70.9243,52.0139],[70.9243,52.0139],[70.9243,52.0138],[70.9243,52.0138],[70.9243,52.0138],[70.9243,52.0138],[70.9243,52.0138],[70.9243,52.0138],[70.9243,52.0138],[70.9243,52.0138],[70.9243,52.0138],[70.9243,52.0138],[70.9243,52.0138],[70.9243,52.0138],[70.9243,52.0138],[70.9243,52.0138],[70.9243,52.0138],[70.9243,52.0138],[70.9243,52.0138],[70.9243,52.0138],[70.9243,52.0138],[70.9243,52.0138],[70.9243,52.0138],[70.9243,52.0138],[70.9243,52.0138],[70.9243,52.0138],[70.9243,52.0138],[70.9243,52.0138],[70.9243,52.0138],[70.9243,52.0138],[70.9243,52.0138],[70.9243,52.0138],[70.9243,52.0138],[70.9243,52.0138],[70.9243,52.0138],[70.9243,52.0138],[70.9243,52.0138],[70.9244,52.0138],[70.9244,52.0138],[70.9244,52.0138],[70.9244,52.0138],[70.9244,52.0138],[70.9244,52.0138],[70.9244,52.0138],[70.9244,52.0138],[70.9244,52.0138],[70.9244,52.0138],[70.9244,52.0138],[70.9244,52.0138],[70.9244,52.0138],[70.9244,52.0138],[70.9244,52.0138],[70.9244,52.0137],[70.9244,52.0137],[70.9244,52.0137],[70.9244,52.0137],[70.9244,52.0137],[70.9244,52.0137],[70.9244,52.0137],[70.9244,52.0137],[70.9244,52.0137],[70.9244,52.0137],[70.9244,52.0137],[70.9244,52.0137],[70.9244,52.0137],[70.9244,52.0137],[70.9244,52.0137],[70.9244,52.0137],[70.9244,52.0137],[70.9244,52.0137],[70.9244,52.0137],[70.9244,52.0137],[70.9244,52.0137],[70.9244,52.0137],[70.9244,52.0137],[70.9244,52.0137],[70.9244,52.0137],[70.9244,52.0137],[70.9244,52.0137],[70.9244,52.0137],[70.9244,52.0137],[70.9244,52.0137],[70.9244,52.0137],[70.9244,52.0137],[70.9244,52.0137],[70.9244,52.0137],[70.9244,52.0137],[70.9244,52.0137],[70.9244,52.0137],[70.9244,52.0137],[70.9244,52.0137],[70.9244,52.0137],[70.9244,52.0137],[70.9245,52.0137],[70.9245,52.0137],[70.9245,52.0137],[70.9245,52.0137],[70.9245,52.0137],[70.9245,52.0137],[70.9245,52.0136],[70.9245,52.0136],[70.9245,52.0136],[70.9245,52.0136],[70.9245,52.0136],[70.9245,52.0136],[70.9245,52.0136],[70.9245,52.0136],[70.9245,52.0136],[70.9245,52.0136],[70.9245,52.0136],[70.9245,52.0136],[70.9245,52.0136],[70.9245,52.0136],[70.9245,52.0136],[70.9245,52.0136],[70.9245,52.0136],[70.9245,52.0136],[70.9245,52.0136],[70.9245,52.0136],[70.9245,52.0136],[70.9245,52.0136],[70.9245,52.0136],[70.9245,52.0136],[70.9245,52.0136],[70.9245,52.0136],[70.9245,52.0136],[70.9245,52.0136],[70.9245,52.0136],[70.9245,52.0136],[70.9245,52.0136],[70.9245,52.0136],[70.9245,52.0136],[70.9245,52.0136],[70.9245,52.0136],[70.9245,52.0136],[70.9245,52.0136],[70.9245,52.0136],[70.9245,52.0136],[70.9245,52.0136],[70.9245,52.0136],[70.9245,52.0136],[70.9245,52.0135],[70.9245,52.0135],[70.9245,52.0135],[70.9245,52.0135],[70.9245,52.0135],[70.9245,52.0135],[70.9245,52.0135],[70.9245,52.0135],[70.9245,52.0135],[70.9245,52.0135],[70.9245,52.0135],[70.9245,52.0135],[70.9245,52.0135],[70.9245,52.0135],[70.9245,52.0135],[70.9245,52.0135],[70.9245,52.0135],[70.9245,52.0135],[70.9245,52.0135],[70.9245,52.0135],[70.9245,52.0135],[70.9245,52.0135],[70.9245,52.0135],[70.9245,52.0135],[70.9245,52.0135],[70.9245,52.0135],[70.9245,52.0135],[70.9245,52.0135],[70.9245,52.0135],[70.9245,52.0135],[70.9245,52.0135],[70.9245,52.0135],[70.9245,52.0135],[70.9245,52.0135],[70.9245,52.0135],[70.9245,52.0135],[70.9245,52.0135],[70.9245,52.0135],[70.9245,52.0135],[70.9245,52.0135],[70.9245,52.0134],[70.9245,52.0134],[70.9245,52.0134],[70.9245,52.0134],[70.9245,52.0134],[70.9245,52.0134],[70.9245,52.0134],[70.9245,52.0134],[70.9245,52.0134],[70.9245,52.0134],[70.9245,52.0134],[70.9245,52.0134],[70.9245,52.0134],[70.9245,52.0134],[70.9245,52.0134],[70.9246,52.0134],[70.9246,52.0134],[70.9246,52.0134],[70.9246,52.0134],[70.9246,52.0134],[70.9246,52.0134],[70.9246,52.0134],[70.9246,52.0134],[70.9246,52.0134],[70.9246,52.0134],[70.9246,52.0134],[70.9246,52.0134],[70.9246,52.0134],[70.9246,52.0134],[70.9246,52.0134],[70.9246,52.0134],[70.9246,52.0134],[70.9246,52.0134],[70.9246,52.0134],[70.9246,52.0134],[70.9246,52.0134],[70.9246,52.0134],[70.9246,52.0133],[70.9246,52.0133],[70.9246,52.0133],[70.9246,52.0133],[70.9246,52.0133],[70.9246,52.0133],[70.9246,52.0133],[70.9246,52.0133],[70.9246,52.0133],[70.9246,52.0133],[70.9246,52.0133],[70.9246,52.0133],[70.9246,52.0133],[70.9246,52.0133],[70.9246,52.0133],[70.9246,52.0133],[70.9246,52.0133],[70.9246,52.0133],[70.9246,52.0133],[70.9246,52.0133],[70.9246,52.0133],[70.9246,52.0133],[70.9246,52.0133],[70.9246,52.0133],[70.9246,52.0133],[70.9246,52.0133],[70.9246,52.0133],[70.9246,52.0133],[70.9246,52.0133],[70.9246,52.0133],[70.9246,52.0133],[70.9246,52.0133],[70.9246,52.0133],[70.9246,52.0133],[70.9246,52.0133],[70.9246,52.0133],[70.9246,52.0133],[70.9246,52.0132],[70.9246,52.0132],[70.9246,52.0132],[70.9246,52.0132],[70.9246,52.0132],[70.9246,52.0132],[70.9246,52.0132],[70.9246,52.0132],[70.9246,52.0132],[70.9246,52.0132],[70.9246,52.0132],[70.9246,52.0132],[70.9246,52.0132],[70.9246,52.0132],[70.9246,52.0132],[70.9246,52.0132],[70.9246,52.0132],[70.9246,52.0132],[70.9246,52.0132],[70.9246,52.0132],[70.9246,52.0132],[70.9246,52.0132],[70.9246,52.0132],[70.9246,52.0132],[70.9246,52.0132],[70.9246,52.0132],[70.9246,52.0132],[70.9246,52.0132],[70.9246,52.0132],[70.9246,52.0132],[70.9246,52.0132],[70.9246,52.0132],[70.9246,52.0132],[70.9246,52.0132],[70.9246,52.0132],[70.9246,52.0132],[70.9246,52.0132],[70.9246,52.0131],[70.9246,52.0131],[70.9246,52.0131],[70.9246,52.0131],[70.9246,52.0131],[70.9246,52.0131],[70.9246,52.0131],[70.9246,52.0131],[70.9246,52.0131],[70.9246,52.0131],[70.9246,52.0131],[70.9246,52.0131],[70.9246,52.0131],[70.9246,52.0131],[70.9246,52.0131],[70.9246,52.0131],[70.9246,52.0131],[70.9246,52.0131],[70.9246,52.0131],[70.9246,52.0131],[70.9246,52.0131],[70.9246,52.0131],[70.9246,52.0131],[70.9246,52.0131],[70.9246,52.0131],[70.9246,52.0131],[70.9246,52.0131],[70.9246,52.0131],[70.9246,52.0131],[70.9246,52.0131],[70.9246,52.013],[70.9246,52.013],[70.9246,52.013],[70.9246,52.013],[70.9246,52.013],[70.9246,52.013],[70.9246,52.013],[70.9246,52.013],[70.9246,52.013],[70.9246,52.013],[70.9246,52.013],[70.9246,52.013],[70.9246,52.013],[70.9246,52.013],[70.9246,52.013],[70.9246,52.013],[70.9246,52.013],[70.9246,52.013],[70.9246,52.013],[70.9246,52.013],[70.9246,52.013],[70.9246,52.013],[70.9246,52.013],[70.9246,52.013],[70.9246,52.013],[70.9246,52.013],[70.9246,52.0129],[70.9246,52.0129],[70.9246,52.0129],[70.9246,52.0129],[70.9246,52.0129],[70.9246,52.0129],[70.9246,52.0129],[70.9246,52.0129],[70.9246,52.0129],[70.9246,52.0129],[70.9246,52.0129],[70.9246,52.0129],[70.9246,52.0129],[70.9246,52.0129],[70.9246,52.0129],[70.9246,52.0129],[70.9246,52.0129],[70.9246,52.0129],[70.9246,52.0129],[70.9246,52.0129],[70.9246,52.0129],[70.9246,52.0129],[70.9246,52.0129],[70.9246,52.0129],[70.9246,52.0129],[70.9246,52.0128],[70.9246,52.0128],[70.9246,52.0128],[70.9246,52.0128],[70.9246,52.0128],[70.9246,52.0128],[70.9246,52.0128],[70.9246,52.0128]]]],"type":"MultiPolygon"},"geometry_name":"shape","id":"gp_functional_zones.fid--7752831e_19fb67eabdc_7d48","properties":{"area":0.855093406793958,"creation_doc_id":3617,"deactivation_doc_id":null,"func_zone_status_id":2,"ggk_zone_code":"11010000","ggk_zone_name":"Территория усадебной застройки","gp_func_zone_code":"11010000","gp_func_zone_code_id":19,"id":4731832,"zone_type_id":8},"type":"Feature"},{"bbox":[70.9356,52.0111,70.9386,52.0135],"geometry":{"coordinates":[[[[70.9373,52.0135],[70.9374,52.013],[70.938,52.0131],[70.938,52.0131],[70.938,52.013],[70.938,52.013],[70.938,52.013],[70.938,52.013],[70.938,52.0129],[70.938,52.0129],[70.9381,52.0129],[70.9381,52.0129],[70.9381,52.0128],[70.9381,52.0128],[70.9381,52.0128],[70.9381,52.0128],[70.9381,52.0127],[70.9381,52.0127],[70.9381,52.0127],[70.9381,52.0127],[70.9382,52.0126],[70.9382,52.0126],[70.9382,52.0126],[70.9382,52.0126],[70.9382,52.0126],[70.9382,52.0125],[70.9382,52.0125],[70.9382,52.0125],[70.9382,52.0125],[70.9382,52.0124],[70.9382,52.0124],[70.9383,52.0124],[70.9383,52.0124],[70.9383,52.0124],[70.9383,52.0124],[70.9383,52.0123],[70.9383,52.0123],[70.9383,52.0123],[70.9383,52.0123],[70.9383,52.0123],[70.9383,52.0122],[70.9383,52.0122],[70.9383,52.0122],[70.9383,52.0122],[70.9383,52.0122],[70.9383,52.0121],[70.9383,52.0121],[70.9383,52.0121],[70.9383,52.0121],[70.9383,52.012],[70.9384,52.012],[70.9384,52.012],[70.9384,52.012],[70.9384,52.0119],[70.9384,52.0119],[70.9384,52.0119],[70.9384,52.0119],[70.9384,52.0118],[70.9384,52.0118],[70.9384,52.0118],[70.9384,52.0118],[70.9384,52.0117],[70.9384,52.0117],[70.9384,52.0117],[70.9384,52.0117],[70.9385,52.0117],[70.9385,52.0116],[70.9385,52.0116],[70.9385,52.0116],[70.9385,52.0116],[70.9385,52.0116],[70.9385,52.0115],[70.9385,52.0115],[70.9385,52.0115],[70.9385,52.0115],[70.9385,52.0115],[70.9385,52.0114],[70.9385,52.0114],[70.9385,52.0114],[70.9385,52.0114],[70.9386,52.0113],[70.9386,52.0113],[70.9386,52.0112],[70.9378,52.0112],[70.9377,52.0112],[70.9361,52.0111],[70.9361,52.0112],[70.9361,52.0113],[70.936,52.0113],[70.936,52.0113],[70.936,52.0114],[70.936,52.0114],[70.936,52.0114],[70.936,52.0114],[70.936,52.0114],[70.936,52.0115],[70.936,52.0115],[70.936,52.0115],[70.9359,52.0116],[70.9359,52.0116],[70.9359,52.0116],[70.9359,52.0116],[70.9359,52.0117],[70.9359,52.0117],[70.9359,52.0117],[70.9359,52.0117],[70.9359,52.0117],[70.9359,52.0117],[70.9359,52.0118],[70.9359,52.0118],[70.9359,52.0118],[70.9359,52.0118],[70.9359,52.0118],[70.9359,52.0118],[70.9359,52.0119],[70.9359,52.0119],[70.9358,52.0119],[70.9358,52.0119],[70.9358,52.0119],[70.9358,52.012],[70.9358,52.012],[70.9358,52.012],[70.9358,52.012],[70.9358,52.012],[70.9358,52.0121],[70.9358,52.0121],[70.9358,52.0121],[70.9358,52.0121],[70.9358,52.0121],[70.9358,52.0122],[70.9358,52.0122],[70.9358,52.0122],[70.9358,52.0122],[70.9358,52.0122],[70.9358,52.0122],[70.9357,52.0125],[70.9356,52.0128],[70.9356,52.0128],[70.9356,52.0128],[70.9356,52.0128],[70.9356,52.0129],[70.9356,52.0129],[70.9356,52.0129],[70.9356,52.0129],[70.9356,52.013],[70.9356,52.013],[70.9356,52.013],[70.9356,52.0131],[70.9356,52.0131],[70.9356,52.0131],[70.9356,52.0131],[70.9356,52.0132],[70.9356,52.0132],[70.9356,52.0132],[70.9356,52.0133],[70.9356,52.0133],[70.9356,52.0133],[70.9373,52.0135]]]],"type":"MultiPolygon"},"geometry_name":"shape","id":"gp_functional_zones.fid--7752831e_19fb67eabdc_7d4a","properties":{"area":4.03805675796065,"creation_doc_id":3617,"deactivation_doc_id":null,"func_zone_status_id":2,"ggk_zone_code":"11010000","ggk_zone_name":"Территория усадебной застройки","gp_func_zone_code":"11010000","gp_func_zone_code_id":19,"id":4731838,"zone_type_id":8},"type":"Feature"},{"bbox":[70.927,52.0111,70.932,52.0133],"geometry":{"coordinates":[[[[70.9282,52.0111],[70.9278,52.0111],[70.9278,52.0111],[70.9278,52.0111],[70.9278,52.0111],[70.9278,52.0111],[70.9278,52.0111],[70.9278,52.0111],[70.9278,52.0111],[70.9278,52.0111],[70.9278,52.0111],[70.9278,52.0111],[70.9278,52.0112],[70.9278,52.0112],[70.9278,52.0112],[70.9278,52.0112],[70.9278,52.0112],[70.9278,52.0112],[70.9278,52.0112],[70.9278,52.0112],[70.9278,52.0112],[70.9278,52.0112],[70.9278,52.0112],[70.9278,52.0112],[70.9278,52.0112],[70.9278,52.0112],[70.9278,52.0112],[70.9278,52.0112],[70.9278,52.0113],[70.9278,52.0113],[70.9278,52.0113],[70.9278,52.0113],[70.9278,52.0113],[70.9278,52.0113],[70.9278,52.0113],[70.9278,52.0113],[70.9278,52.0113],[70.9278,52.0113],[70.9278,52.0113],[70.9278,52.0114],[70.9278,52.0114],[70.9278,52.0114],[70.9278,52.0114],[70.9278,52.0114],[70.9278,52.0114],[70.9278,52.0114],[70.9278,52.0114],[70.9278,52.0114],[70.9278,52.0115],[70.9278,52.0115],[70.9278,52.0115],[70.9278,52.0115],[70.9278,52.0115],[70.9278,52.0115],[70.9278,52.0115],[70.9278,52.0115],[70.9278,52.0115],[70.9278,52.0115],[70.9278,52.0116],[70.9278,52.0116],[70.9278,52.0116],[70.9278,52.0116],[70.9278,52.0116],[70.9278,52.0116],[70.9278,52.0116],[70.9278,52.0116],[70.9278,52.0116],[70.9278,52.0116],[70.9278,52.0117],[70.9278,52.0117],[70.9278,52.0117],[70.9278,52.0117],[70.9277,52.0117],[70.9277,52.0117],[70.9277,52.0117],[70.9277,52.0117],[70.9277,52.0117],[70.9277,52.0117],[70.9277,52.0117],[70.9277,52.0117],[70.9277,52.0117],[70.9277,52.0117],[70.9277,52.0117],[70.9277,52.0117],[70.9277,52.0117],[70.9277,52.0118],[70.9277,52.0118],[70.9277,52.0118],[70.9277,52.0118],[70.9277,52.0118],[70.9277,52.0118],[70.9277,52.0118],[70.9277,52.0118],[70.9277,52.0118],[70.9277,52.0118],[70.9276,52.0118],[70.9276,52.0118],[70.9276,52.0118],[70.9276,52.0118],[70.9276,52.0119],[70.9275,52.0119],[70.9275,52.012],[70.9274,52.012],[70.9274,52.012],[70.9274,52.0121],[70.9274,52.0121],[70.9274,52.0121],[70.9274,52.0121],[70.9274,52.0121],[70.9274,52.0121],[70.9274,52.0121],[70.9274,52.0121],[70.9274,52.0121],[70.9273,52.0121],[70.9273,52.0121],[70.9273,52.0121],[70.9273,52.0122],[70.9273,52.0122],[70.9273,52.0122],[70.9273,52.0122],[70.9273,52.0122],[70.9273,52.0122],[70.9273,52.0122],[70.9273,52.0122],[70.9273,52.0122],[70.9273,52.0122],[70.9273,52.0122],[70.9273,52.0123],[70.9273,52.0123],[70.9273,52.0123],[70.9272,52.0123],[70.9272,52.0123],[70.9272,52.0123],[70.9272,52.0123],[70.9272,52.0123],[70.9272,52.0123],[70.9272,52.0123],[70.9272,52.0123],[70.9272,52.0123],[70.9272,52.0124],[70.9272,52.0124],[70.9272,52.0124],[70.9272,52.0124],[70.9272,52.0124],[70.9272,52.0124],[70.9272,52.0124],[70.9272,52.0124],[70.9272,52.0124],[70.9272,52.0124],[70.9272,52.0124],[70.9272,52.0124],[70.9272,52.0124],[70.9272,52.0125],[70.9272,52.0125],[70.9272,52.0125],[70.9272,52.0125],[70.9272,52.0125],[70.9271,52.0125],[70.9271,52.0125],[70.9271,52.0125],[70.9271,52.0125],[70.9271,52.0125],[70.9271,52.0125],[70.9271,52.0125],[70.9271,52.0126],[70.9271,52.0126],[70.9271,52.0126],[70.9271,52.0126],[70.9271,52.0126],[70.9271,52.0126],[70.9271,52.0126],[70.9271,52.0126],[70.9271,52.0126],[70.9271,52.0126],[70.9271,52.0126],[70.9271,52.0126],[70.9271,52.0126],[70.9271,52.0126],[70.9271,52.0127],[70.9271,52.0127],[70.9271,52.0127],[70.9271,52.0127],[70.9271,52.0127],[70.9271,52.0127],[70.9271,52.0127],[70.9271,52.0127],[70.9271,52.0127],[70.9271,52.0127],[70.9271,52.0127],[70.9271,52.0127],[70.9271,52.0127],[70.9271,52.0128],[70.9271,52.0128],[70.9271,52.0128],[70.9271,52.0128],[70.927,52.0128],[70.927,52.0128],[70.927,52.0128],[70.927,52.0128],[70.9276,52.0129],[70.9286,52.013],[70.9286,52.0131],[70.9286,52.0131],[70.9287,52.0131],[70.9287,52.0131],[70.9287,52.0131],[70.9287,52.0131],[70.9287,52.0131],[70.9287,52.0131],[70.9288,52.0131],[70.9288,52.0131],[70.9288,52.0131],[70.9288,52.0131],[70.9288,52.0131],[70.9288,52.0131],[70.9289,52.0131],[70.9289,52.0131],[70.9289,52.0131],[70.9289,52.0131],[70.9289,52.0131],[70.929,52.0131],[70.929,52.0131],[70.929,52.0131],[70.929,52.0131],[70.929,52.0131],[70.929,52.0131],[70.9291,52.0131],[70.9291,52.0131],[70.9291,52.0131],[70.9291,52.0131],[70.9291,52.0131],[70.9292,52.0131],[70.9292,52.0131],[70.9292,52.0131],[70.9292,52.0131],[70.9292,52.0131],[70.9292,52.0131],[70.9292,52.0131],[70.9293,52.0131],[70.9293,52.0131],[70.9293,52.0132],[70.9293,52.0132],[70.9293,52.0132],[70.9293,52.0132],[70.9293,52.0132],[70.9294,52.0132],[70.9294,52.0132],[70.9294,52.0132],[70.9294,52.0132],[70.9294,52.0132],[70.9294,52.0132],[70.9294,52.0132],[70.9295,52.0132],[70.9295,52.0132],[70.9295,52.0132],[70.9295,52.0132],[70.9295,52.0132],[70.9295,52.0132],[70.9295,52.0132],[70.9296,52.0132],[70.9296,52.0132],[70.9296,52.0132],[70.9296,52.0132],[70.9296,52.0132],[70.9296,52.0132],[70.9296,52.0132],[70.9297,52.0132],[70.9297,52.0132],[70.9297,52.0132],[70.9297,52.0132],[70.9297,52.0132],[70.9297,52.0132],[70.9297,52.0132],[70.9298,52.0132],[70.9298,52.0132],[70.9298,52.0132],[70.9298,52.0132],[70.9298,52.0132],[70.9298,52.0132],[70.9298,52.0132],[70.9299,52.0132],[70.9299,52.0132],[70.9299,52.0132],[70.9299,52.0132],[70.9299,52.0132],[70.9299,52.0132],[70.9299,52.0132],[70.93,52.0132],[70.93,52.0133],[70.93,52.0133],[70.93,52.0133],[70.93,52.0133],[70.93,52.0133],[70.93,52.0133],[70.9301,52.0133],[70.9301,52.0133],[70.9301,52.0133],[70.9306,52.0133],[70.9306,52.0133],[70.9306,52.0133],[70.9306,52.0133],[70.9306,52.0133],[70.9306,52.0133],[70.9306,52.0133],[70.9306,52.0133],[70.9306,52.0133],[70.9306,52.0132],[70.9306,52.0132],[70.9306,52.0132],[70.9306,52.0132],[70.9307,52.0132],[70.9307,52.0132],[70.9307,52.0132],[70.9307,52.0132],[70.9307,52.0132],[70.9307,52.0132],[70.9307,52.0131],[70.9307,52.0131],[70.9307,52.0131],[70.9307,52.0131],[70.9307,52.0131],[70.9307,52.0131],[70.9307,52.0131],[70.9307,52.0131],[70.9307,52.0131],[70.9307,52.0131],[70.9307,52.013],[70.9308,52.013],[70.9308,52.013],[70.9308,52.013],[70.9308,52.013],[70.9308,52.013],[70.9308,52.013],[70.9308,52.013],[70.9308,52.013],[70.9308,52.013],[70.9308,52.013],[70.9308,52.0129],[70.9308,52.0129],[70.9308,52.0129],[70.9308,52.0129],[70.9308,52.0129],[70.9308,52.0129],[70.9309,52.0129],[70.9309,52.0129],[70.9309,52.0129],[70.9311,52.0126],[70.9311,52.0125],[70.9311,52.0125],[70.9313,52.0123],[70.9314,52.0122],[70.9314,52.0121],[70.9314,52.0121],[70.9314,52.0121],[70.9314,52.0121],[70.9314,52.0121],[70.9314,52.0121],[70.9314,52.0121],[70.9315,52.0121],[70.9315,52.0121],[70.9315,52.0121],[70.9315,52.012],[70.9315,52.012],[70.9315,52.012],[70.9315,52.012],[70.9315,52.012],[70.9315,52.012],[70.932,52.0113],[70.9316,52.0112],[70.9316,52.0112],[70.9316,52.0112],[70.9316,52.0112],[70.9316,52.0112],[70.9316,52.0112],[70.9316,52.0112],[70.9316,52.0112],[70.9316,52.0112],[70.9316,52.0112],[70.9315,52.0112],[70.9315,52.0112],[70.9315,52.0112],[70.9315,52.0112],[70.9315,52.0112],[70.9315,52.0112],[70.9315,52.0112],[70.9315,52.0112],[70.9315,52.0112],[70.9315,52.0112],[70.9315,52.0112],[70.9314,52.0112],[70.9314,52.0112],[70.9314,52.0112],[70.9314,52.0112],[70.9314,52.0112],[70.9314,52.0112],[70.9314,52.0112],[70.9314,52.0112],[70.9314,52.0112],[70.9314,52.0112],[70.9313,52.0112],[70.9313,52.0112],[70.9313,52.0112],[70.9313,52.0112],[70.9313,52.0112],[70.9313,52.0112],[70.9313,52.0112],[70.9313,52.0112],[70.9313,52.0112],[70.9313,52.0112],[70.9312,52.0112],[70.9312,52.0112],[70.9312,52.0112],[70.9312,52.0112],[70.9312,52.0112],[70.9312,52.0112],[70.9312,52.0112],[70.9312,52.0112],[70.9312,52.0112],[70.9312,52.0112],[70.9311,52.0112],[70.9311,52.0112],[70.9311,52.0112],[70.9311,52.0112],[70.9311,52.0112],[70.9311,52.0112],[70.9311,52.0112],[70.9311,52.0112],[70.9311,52.0112],[70.9311,52.0112],[70.931,52.0112],[70.931,52.0112],[70.931,52.0112],[70.931,52.0112],[70.931,52.0112],[70.931,52.0112],[70.931,52.0112],[70.931,52.0112],[70.931,52.0112],[70.931,52.0112],[70.9309,52.0112],[70.9309,52.0112],[70.9309,52.0112],[70.9309,52.0112],[70.9309,52.0112],[70.9309,52.0112],[70.9308,52.0112],[70.9308,52.0112],[70.9308,52.0112],[70.9308,52.0112],[70.9308,52.0111],[70.9308,52.0111],[70.9307,52.0111],[70.9307,52.0111],[70.9307,52.0111],[70.9307,52.0111],[70.9307,52.0111],[70.9306,52.0111],[70.9306,52.0111],[70.9306,52.0111],[70.9306,52.0111],[70.9306,52.0111],[70.9306,52.0111],[70.9305,52.0111],[70.9305,52.0111],[70.9305,52.0111],[70.9305,52.0111],[70.9305,52.0111],[70.9305,52.0111],[70.9304,52.0111],[70.9304,52.0111],[70.9304,52.0111],[70.9304,52.0111],[70.9304,52.0111],[70.9299,52.0111],[70.9291,52.0111],[70.9285,52.0111],[70.9284,52.0111],[70.9282,52.0111]]]],"type":"MultiPolygon"},"geometry_name":"shape","id":"gp_functional_zones.fid--7752831e_19fb67eabdc_7d4e","properties":{"area":5.92912471535717,"creation_doc_id":3617,"deactivation_doc_id":null,"func_zone_status_id":2,"ggk_zone_code":"11010000","ggk_zone_name":"Территория усадебной застройки","gp_func_zone_code":"11010000","gp_func_zone_code_id":19,"id":4731844,"zone_type_id":8},"type":"Feature"},{"bbox":[70.9444,52.0116,70.9461,52.0127],"geometry":{"coordinates":[[[[70.9458,52.0116],[70.9458,52.0116],[70.9452,52.0116],[70.9452,52.0116],[70.9452,52.0116],[70.9452,52.0116],[70.9452,52.0116],[70.9452,52.0116],[70.9452,52.0116],[70.9452,52.0116],[70.9452,52.0116],[70.9452,52.0116],[70.9452,52.0116],[70.9452,52.0116],[70.9452,52.0116],[70.9452,52.0116],[70.9452,52.0116],[70.9452,52.0116],[70.9452,52.0117],[70.9452,52.0117],[70.9452,52.0117],[70.9452,52.0117],[70.9452,52.0117],[70.9452,52.0117],[70.9452,52.0117],[70.9452,52.0117],[70.9452,52.0117],[70.9452,52.0117],[70.9452,52.0117],[70.9452,52.0117],[70.9452,52.0117],[70.9452,52.0117],[70.9452,52.0117],[70.9452,52.0117],[70.9452,52.0117],[70.9452,52.0117],[70.9452,52.0117],[70.9452,52.0117],[70.9452,52.0117],[70.9452,52.0117],[70.9452,52.0117],[70.9452,52.0117],[70.9452,52.0117],[70.9452,52.0117],[70.9452,52.0117],[70.9452,52.0117],[70.9452,52.0117],[70.9452,52.0117],[70.9452,52.0117],[70.9452,52.0117],[70.9452,52.0117],[70.9452,52.0117],[70.9452,52.0117],[70.9452,52.0118],[70.9452,52.0118],[70.9452,52.0118],[70.9452,52.0118],[70.9452,52.0118],[70.9452,52.0118],[70.9452,52.0118],[70.9452,52.0118],[70.9452,52.0118],[70.9452,52.0118],[70.9452,52.0118],[70.9451,52.0118],[70.9451,52.0118],[70.9451,52.0118],[70.9451,52.0118],[70.9451,52.0118],[70.9451,52.0118],[70.9451,52.0118],[70.9451,52.0118],[70.9451,52.0118],[70.9451,52.0118],[70.9451,52.0118],[70.9451,52.0118],[70.9451,52.0118],[70.9451,52.0118],[70.9451,52.0118],[70.9451,52.0118],[70.9451,52.0118],[70.9451,52.0118],[70.9451,52.0118],[70.9451,52.0118],[70.9451,52.0118],[70.9451,52.0118],[70.9451,52.0118],[70.9451,52.0118],[70.9451,52.0118],[70.9451,52.0118],[70.9451,52.0118],[70.9451,52.0118],[70.9451,52.0118],[70.9451,52.0118],[70.9451,52.0118],[70.9451,52.0118],[70.9451,52.0118],[70.9451,52.0118],[70.9451,52.0118],[70.945,52.0118],[70.945,52.0118],[70.945,52.0119],[70.945,52.0119],[70.945,52.0119],[70.945,52.0119],[70.945,52.0119],[70.945,52.0119],[70.945,52.0119],[70.945,52.0119],[70.945,52.0119],[70.945,52.0119],[70.945,52.0119],[70.945,52.0119],[70.945,52.0119],[70.945,52.0119],[70.945,52.0119],[70.945,52.0119],[70.945,52.0119],[70.945,52.0119],[70.945,52.0119],[70.9449,52.0119],[70.9449,52.0119],[70.9449,52.0119],[70.9449,52.0119],[70.9449,52.0119],[70.9449,52.0119],[70.9449,52.0119],[70.9449,52.0119],[70.9449,52.0119],[70.9449,52.0119],[70.9449,52.0119],[70.9449,52.0119],[70.9449,52.0119],[70.9449,52.0119],[70.9449,52.0119],[70.9449,52.0119],[70.9449,52.0119],[70.9448,52.0119],[70.9448,52.0119],[70.9448,52.0119],[70.9448,52.0119],[70.9448,52.0119],[70.9448,52.0119],[70.9448,52.0119],[70.9448,52.0119],[70.9448,52.0119],[70.9448,52.0119],[70.9448,52.0119],[70.9448,52.0119],[70.9448,52.0119],[70.9448,52.0119],[70.9448,52.0119],[70.9448,52.0119],[70.9448,52.0119],[70.9448,52.0119],[70.9448,52.0119],[70.9448,52.0119],[70.9448,52.0119],[70.9448,52.0119],[70.9448,52.0119],[70.9447,52.0119],[70.9447,52.0119],[70.9447,52.0119],[70.9447,52.0119],[70.9447,52.0119],[70.9447,52.0119],[70.9447,52.0119],[70.9447,52.0119],[70.9447,52.0119],[70.9447,52.0119],[70.9447,52.0119],[70.9447,52.0119],[70.9447,52.0119],[70.9447,52.0119],[70.9447,52.0119],[70.9447,52.0119],[70.9447,52.0119],[70.9447,52.0119],[70.9447,52.012],[70.9447,52.012],[70.9447,52.012],[70.9447,52.012],[70.9447,52.012],[70.9447,52.012],[70.9447,52.012],[70.9446,52.012],[70.9446,52.012],[70.9446,52.012],[70.9446,52.012],[70.9446,52.012],[70.9446,52.012],[70.9446,52.012],[70.9446,52.012],[70.9446,52.012],[70.9446,52.012],[70.9446,52.012],[70.9446,52.012],[70.9446,52.012],[70.9446,52.012],[70.9446,52.012],[70.9446,52.012],[70.9446,52.012],[70.9446,52.012],[70.9446,52.012],[70.9446,52.012],[70.9446,52.012],[70.9446,52.012],[70.9446,52.012],[70.9445,52.012],[70.9445,52.012],[70.9445,52.012],[70.9445,52.012],[70.9445,52.012],[70.9445,52.012],[70.9445,52.012],[70.9445,52.012],[70.9445,52.012],[70.9445,52.012],[70.9445,52.012],[70.9445,52.012],[70.9445,52.012],[70.9445,52.012],[70.9445,52.012],[70.9445,52.012],[70.9445,52.012],[70.9445,52.012],[70.9444,52.012],[70.9444,52.012],[70.9444,52.012],[70.9444,52.012],[70.9444,52.012],[70.9444,52.0121],[70.9444,52.0121],[70.9444,52.0121],[70.9444,52.0121],[70.9444,52.0121],[70.9445,52.0121],[70.9445,52.0121],[70.9445,52.0121],[70.9445,52.0121],[70.9445,52.0121],[70.9445,52.0121],[70.9445,52.0121],[70.9445,52.0121],[70.9445,52.0121],[70.9445,52.0121],[70.9445,52.0121],[70.9445,52.0121],[70.9445,52.0121],[70.9446,52.0121],[70.9446,52.0121],[70.9446,52.0121],[70.9446,52.0121],[70.9446,52.0121],[70.9446,52.0121],[70.9446,52.0121],[70.9446,52.0121],[70.9446,52.0121],[70.9446,52.0121],[70.9446,52.0121],[70.9446,52.0121],[70.9446,52.0121],[70.9446,52.0121],[70.9446,52.0121],[70.9446,52.0121],[70.9446,52.0121],[70.9446,52.0121],[70.9446,52.0121],[70.9446,52.0121],[70.9446,52.0121],[70.9447,52.0121],[70.9447,52.0121],[70.9447,52.0121],[70.9447,52.0121],[70.9447,52.0122],[70.9447,52.0122],[70.9447,52.0122],[70.9447,52.0122],[70.9447,52.0122],[70.9447,52.0122],[70.9447,52.0122],[70.9447,52.0122],[70.9447,52.0122],[70.9447,52.0122],[70.9447,52.0122],[70.9447,52.0122],[70.9447,52.0122],[70.9447,52.0122],[70.9447,52.0122],[70.9447,52.0122],[70.9447,52.0122],[70.9447,52.0122],[70.9448,52.0122],[70.9448,52.0122],[70.9448,52.0122],[70.9448,52.0122],[70.9448,52.0122],[70.9448,52.0122],[70.9448,52.0122],[70.9448,52.0122],[70.9448,52.0122],[70.9448,52.0122],[70.9448,52.0122],[70.9448,52.0122],[70.9448,52.0122],[70.9448,52.0122],[70.9448,52.0122],[70.9448,52.0122],[70.9448,52.0122],[70.9448,52.0122],[70.9448,52.0122],[70.9448,52.0122],[70.9448,52.0122],[70.9448,52.0122],[70.9448,52.0122],[70.9448,52.0122],[70.9449,52.0122],[70.9449,52.0122],[70.9449,52.0123],[70.9449,52.0123],[70.9449,52.0123],[70.9449,52.0123],[70.9449,52.0123],[70.9449,52.0123],[70.9449,52.0123],[70.9449,52.0123],[70.9449,52.0123],[70.9449,52.0123],[70.9449,52.0123],[70.9449,52.0123],[70.9449,52.0123],[70.9449,52.0123],[70.9449,52.0123],[70.9449,52.0123],[70.9449,52.0123],[70.9449,52.0123],[70.9449,52.0123],[70.9449,52.0123],[70.9449,52.0123],[70.9449,52.0123],[70.945,52.0123],[70.945,52.0123],[70.945,52.0123],[70.945,52.0123],[70.945,52.0123],[70.945,52.0123],[70.945,52.0123],[70.945,52.0123],[70.945,52.0123],[70.945,52.0123],[70.945,52.0123],[70.945,52.0123],[70.945,52.0123],[70.945,52.0123],[70.945,52.0123],[70.945,52.0124],[70.945,52.0124],[70.945,52.0124],[70.945,52.0124],[70.945,52.0124],[70.945,52.0124],[70.945,52.0124],[70.945,52.0124],[70.945,52.0124],[70.945,52.0124],[70.945,52.0124],[70.945,52.0124],[70.9451,52.0124],[70.9451,52.0124],[70.9451,52.0124],[70.9451,52.0124],[70.9451,52.0124],[70.9451,52.0124],[70.9451,52.0124],[70.9451,52.0124],[70.9451,52.0124],[70.9451,52.0124],[70.9451,52.0124],[70.9451,52.0124],[70.9451,52.0124],[70.9451,52.0124],[70.9451,52.0124],[70.9451,52.0124],[70.9451,52.0124],[70.9451,52.0124],[70.9451,52.0124],[70.9451,52.0125],[70.9451,52.0125],[70.9451,52.0125],[70.9451,52.0125],[70.9451,52.0125],[70.9451,52.0125],[70.9451,52.0125],[70.9452,52.0125],[70.9452,52.0125],[70.9452,52.0125],[70.9452,52.0125],[70.9452,52.0125],[70.9452,52.0125],[70.9452,52.0125],[70.9452,52.0125],[70.9452,52.0125],[70.9452,52.0125],[70.9452,52.0125],[70.9452,52.0125],[70.9452,52.0125],[70.9452,52.0125],[70.9452,52.0125],[70.9452,52.0125],[70.9452,52.0125],[70.9452,52.0125],[70.9452,52.0125],[70.9452,52.0125],[70.9452,52.0126],[70.9452,52.0126],[70.9452,52.0126],[70.9452,52.0126],[70.9452,52.0126],[70.9452,52.0126],[70.9452,52.0126],[70.9452,52.0126],[70.9452,52.0126],[70.9452,52.0126],[70.9452,52.0126],[70.9453,52.0126],[70.9453,52.0126],[70.9453,52.0126],[70.9453,52.0126],[70.9453,52.0126],[70.9453,52.0126],[70.9453,52.0126],[70.9453,52.0126],[70.9453,52.0126],[70.9453,52.0126],[70.9453,52.0126],[70.9453,52.0126],[70.9453,52.0126],[70.9453,52.0126],[70.9453,52.0126],[70.9453,52.0126],[70.9453,52.0126],[70.9453,52.0126],[70.9453,52.0126],[70.9453,52.0126],[70.9453,52.0126],[70.9453,52.0126],[70.9453,52.0126],[70.9453,52.0126],[70.9453,52.0127],[70.9453,52.0127],[70.9453,52.0127],[70.9453,52.0127],[70.9453,52.0127],[70.9453,52.0127],[70.9453,52.0127],[70.9453,52.0127],[70.9453,52.0127],[70.9453,52.0127],[70.9453,52.0127],[70.9453,52.0127],[70.9453,52.0127],[70.9461,52.0126],[70.9461,52.0126],[70.9461,52.0126],[70.9461,52.0126],[70.9461,52.0126],[70.9461,52.0126],[70.9461,52.0126],[70.9461,52.0126],[70.9461,52.0126],[70.9461,52.0125],[70.9461,52.0125],[70.9461,52.0125],[70.9461,52.0125],[70.9461,52.0125],[70.9461,52.0125],[70.9461,52.0125],[70.9461,52.0125],[70.9461,52.0125],[70.9461,52.0125],[70.9461,52.0125],[70.9461,52.0125],[70.9461,52.0125],[70.9461,52.0125],[70.9461,52.0125],[70.9461,52.0125],[70.9461,52.0125],[70.9461,52.0125],[70.9461,52.0125],[70.9461,52.0125],[70.9461,52.0125],[70.9461,52.0125],[70.9461,52.0125],[70.9461,52.0125],[70.9461,52.0125],[70.9461,52.0125],[70.9461,52.0124],[70.9461,52.0124],[70.9461,52.0124],[70.9461,52.0124],[70.9461,52.0124],[70.9461,52.0124],[70.9461,52.0124],[70.946,52.0124],[70.946,52.0124],[70.946,52.0124],[70.946,52.0124],[70.946,52.0124],[70.946,52.0124],[70.946,52.0124],[70.946,52.0124],[70.946,52.0124],[70.946,52.0124],[70.946,52.0124],[70.946,52.0124],[70.946,52.0124],[70.946,52.0124],[70.946,52.0124],[70.946,52.0124],[70.946,52.0124],[70.946,52.0124],[70.946,52.0124],[70.946,52.0124],[70.946,52.0123],[70.946,52.0123],[70.946,52.0123],[70.946,52.0123],[70.946,52.0123],[70.946,52.0123],[70.946,52.0123],[70.946,52.0123],[70.946,52.0123],[70.946,52.0123],[70.946,52.0123],[70.946,52.0123],[70.946,52.0123],[70.946,52.0123],[70.946,52.0123],[70.946,52.0123],[70.946,52.0123],[70.946,52.0123],[70.946,52.0123],[70.946,52.0123],[70.946,52.0123],[70.946,52.0123],[70.946,52.0123],[70.946,52.0123],[70.946,52.0123],[70.946,52.0123],[70.946,52.0123],[70.946,52.0122],[70.946,52.0122],[70.946,52.0122],[70.946,52.0122],[70.946,52.0122],[70.946,52.0122],[70.946,52.0122],[70.946,52.0122],[70.946,52.0122],[70.946,52.0122],[70.946,52.0122],[70.946,52.0122],[70.946,52.0122],[70.946,52.0122],[70.946,52.0122],[70.946,52.0122],[70.946,52.0122],[70.946,52.0122],[70.946,52.0122],[70.946,52.0122],[70.946,52.0122],[70.946,52.0122],[70.946,52.0122],[70.946,52.0122],[70.946,52.0122],[70.946,52.0122],[70.946,52.0122],[70.946,52.0121],[70.946,52.0121],[70.946,52.0121],[70.946,52.0121],[70.946,52.0121],[70.946,52.0121],[70.946,52.0121],[70.946,52.0121],[70.9459,52.0121],[70.9459,52.0121],[70.9459,52.0121],[70.9459,52.0121],[70.9459,52.0121],[70.9459,52.0121],[70.9459,52.0121],[70.9459,52.0121],[70.9459,52.0121],[70.9459,52.0121],[70.9459,52.0121],[70.9459,52.0121],[70.9459,52.0121],[70.9459,52.0121],[70.9459,52.0121],[70.9459,52.0121],[70.9459,52.0121],[70.9459,52.0121],[70.9459,52.012],[70.9459,52.012],[70.9459,52.012],[70.9459,52.012],[70.9459,52.012],[70.9459,52.012],[70.9459,52.012],[70.9459,52.012],[70.9459,52.012],[70.9459,52.012],[70.9459,52.012],[70.9459,52.012],[70.9459,52.012],[70.9459,52.012],[70.9459,52.012],[70.9459,52.012],[70.9459,52.012],[70.9459,52.012],[70.9459,52.012],[70.9459,52.012],[70.9459,52.012],[70.9459,52.012],[70.9459,52.012],[70.9459,52.012],[70.9459,52.012],[70.9459,52.012],[70.9459,52.012],[70.9459,52.0119],[70.9459,52.0119],[70.9459,52.0119],[70.9459,52.0119],[70.9459,52.0119],[70.9459,52.0119],[70.9459,52.0119],[70.9459,52.0119],[70.9459,52.0119],[70.9459,52.0119],[70.9459,52.0119],[70.9459,52.0119],[70.9459,52.0119],[70.9459,52.0119],[70.9459,52.0119],[70.9459,52.0119],[70.9459,52.0119],[70.9459,52.0119],[70.9459,52.0119],[70.9459,52.0119],[70.9459,52.0119],[70.9459,52.0119],[70.9459,52.0119],[70.9459,52.0119],[70.9459,52.0119],[70.9459,52.0119],[70.9459,52.0119],[70.9459,52.0118],[70.9459,52.0118],[70.9459,52.0118],[70.9459,52.0118],[70.9459,52.0118],[70.9459,52.0118],[70.9459,52.0118],[70.9459,52.0118],[70.9459,52.0118],[70.9459,52.0118],[70.9459,52.0118],[70.9459,52.0118],[70.9459,52.0118],[70.9459,52.0118],[70.9459,52.0118],[70.9459,52.0118],[70.9459,52.0118],[70.9459,52.0118],[70.9458,52.0118],[70.9458,52.0118],[70.9458,52.0118],[70.9458,52.0118],[70.9458,52.0118],[70.9458,52.0118],[70.9458,52.0118],[70.9458,52.0118],[70.9458,52.0117],[70.9458,52.0117],[70.9458,52.0117],[70.9458,52.0117],[70.9458,52.0117],[70.9458,52.0117],[70.9458,52.0117],[70.9458,52.0117],[70.9458,52.0117],[70.9458,52.0117],[70.9458,52.0117],[70.9458,52.0117],[70.9458,52.0117],[70.9458,52.0117],[70.9458,52.0117],[70.9458,52.0117],[70.9458,52.0117],[70.9458,52.0117],[70.9458,52.0117],[70.9458,52.0117],[70.9458,52.0117],[70.9458,52.0117],[70.9458,52.0117],[70.9458,52.0117],[70.9458,52.0117],[70.9458,52.0117],[70.9458,52.0117],[70.9458,52.0116],[70.9458,52.0116],[70.9458,52.0116],[70.9458,52.0116],[70.9458,52.0116],[70.9458,52.0116],[70.9458,52.0116],[70.9458,52.0116],[70.9458,52.0116],[70.9458,52.0116],[70.9458,52.0116],[70.9458,52.0116],[70.9458,52.0116],[70.9458,52.0116],[70.9458,52.0116],[70.9458,52.0116],[70.9458,52.0116],[70.9458,52.0116],[70.9458,52.0116],[70.9458,52.0116],[70.9458,52.0116],[70.9458,52.0116],[70.9458,52.0116]]]],"type":"MultiPolygon"},"geometry_name":"shape","id":"gp_functional_zones.fid--7752831e_19fb67eabdc_7d4f","properties":{"area":0.794201481636312,"creation_doc_id":3617,"deactivation_doc_id":null,"func_zone_status_id":2,"ggk_zone_code":"11010000","ggk_zone_name":"Территория усадебной застройки","gp_func_zone_code":"11010000","gp_func_zone_code_id":19,"id":4731845,"zone_type_id":8},"type":"Feature"},{"bbox":[70.9188,52.0098,70.9221,52.013],"geometry":{"coordinates":[[[70.9217,52.0116],[70.9216,52.0116],[70.9216,52.0115],[70.9215,52.0115],[70.9215,52.0114],[70.9216,52.0114],[70.9216,52.0113],[70.9215,52.0113],[70.9215,52.0112],[70.9215,52.0111],[70.9215,52.011],[70.9214,52.011],[70.9214,52.0109],[70.9214,52.0108],[70.9213,52.0108],[70.9213,52.0107],[70.9212,52.0107],[70.9211,52.0107],[70.921,52.0107],[70.9209,52.0107],[70.9209,52.0106],[70.9208,52.0106],[70.9208,52.0105],[70.9207,52.0105],[70.9207,52.0104],[70.9208,52.0104],[70.9208,52.0103],[70.9208,52.0102],[70.9209,52.0102],[70.9209,52.0101],[70.9208,52.0101],[70.9208,52.01],[70.9207,52.01],[70.9206,52.01],[70.9206,52.0099],[70.9205,52.0099],[70.9204,52.0099],[70.9203,52.0099],[70.9202,52.0099],[70.9201,52.0099],[70.92,52.0099],[70.9199,52.0099],[70.9198,52.0099],[70.9197,52.0099],[70.9196,52.0099],[70.9195,52.0098],[70.9194,52.0098],[70.9193,52.0098],[70.9192,52.0098],[70.9192,52.0099],[70.9191,52.0099],[70.919,52.0099],[70.9189,52.0099],[70.9188,52.01],[70.9191,52.0102],[70.9192,52.0103],[70.9193,52.0104],[70.9194,52.0104],[70.9194,52.0105],[70.9195,52.0105],[70.9195,52.0106],[70.9195,52.0107],[70.9196,52.0112],[70.9198,52.0118],[70.9198,52.0119],[70.92,52.0126],[70.92,52.013],[70.9201,52.013],[70.9202,52.013],[70.9202,52.0129],[70.9203,52.0129],[70.9204,52.0129],[70.9205,52.0129],[70.9206,52.0129],[70.9207,52.0129],[70.9208,52.0129],[70.9209,52.0129],[70.921,52.0129],[70.9211,52.0129],[70.9212,52.0129],[70.9213,52.0129],[70.9214,52.0129],[70.9215,52.0129],[70.9221,52.0128],[70.922,52.0124],[70.922,52.0123],[70.922,52.0122],[70.922,52.0121],[70.922,52.012],[70.922,52.0119],[70.922,52.0118],[70.9221,52.0117],[70.922,52.0117],[70.9219,52.0117],[70.9219,52.0116],[70.9218,52.0116],[70.9217,52.0116]]],"type":"Polygon"},"geometry_name":"shape","id":"gp_functional_zones.fid--7752831e_19fb67eabdc_7d50","properties":{"area":4.36311696637703,"creation_doc_id":3617,"deactivation_doc_id":null,"func_zone_status_id":2,"ggk_zone_code":"11010000","ggk_zone_name":"Территория усадебной застройки","gp_func_zone_code":"11010000","gp_func_zone_code_id":19,"id":4731846,"zone_type_id":8},"type":"Feature"},{"bbox":[70.925,52.0118,70.9274,52.0128],"geometry":{"coordinates":[[[70.9269,52.0124],[70.927,52.0124],[70.927,52.0123],[70.927,52.0122],[70.9271,52.0122],[70.9271,52.0121],[70.9272,52.0121],[70.9272,52.012],[70.9273,52.0119],[70.9273,52.0118],[70.9272,52.0118],[70.9271,52.0118],[70.927,52.0119],[70.9269,52.0119],[70.9268,52.0119],[70.9267,52.0119],[70.926,52.0121],[70.9255,52.0123],[70.9254,52.0123],[70.9254,52.0124],[70.9253,52.0124],[70.9252,52.0124],[70.9252,52.0125],[70.9251,52.0125],[70.9251,52.0126],[70.9253,52.0126],[70.9254,52.0126],[70.9255,52.0126],[70.9256,52.0126],[70.9259,52.0126],[70.9266,52.0127],[70.9268,52.0128],[70.9268,52.0127],[70.9269,52.0127],[70.9269,52.0126],[70.9269,52.0125],[70.9269,52.0124]]],"type":"Polygon"},"geometry_name":"shape","id":"gp_functional_zones.fid--7752831e_19fb67eabdc_7d51","properties":{"area":0.768256329735118,"creation_doc_id":3617,"deactivation_doc_id":null,"func_zone_status_id":2,"ggk_zone_code":"11010000","ggk_zone_name":"Территория усадебной застройки","gp_func_zone_code":"11010000","gp_func_zone_code_id":19,"id":4731848,"zone_type_id":8},"type":"Feature"},{"bbox":[70.9231,52.0108,70.9276,52.0127],"geometry":{"coordinates":[[[[70.9271,52.0117],[70.9272,52.0117],[70.9272,52.0117],[70.9272,52.0117],[70.9272,52.0117],[70.9272,52.0117],[70.9272,52.0117],[70.9273,52.0117],[70.9273,52.0117],[70.9273,52.0117],[70.9273,52.0117],[70.9273,52.0117],[70.9273,52.0117],[70.9273,52.0117],[70.9274,52.0117],[70.9274,52.0117],[70.9274,52.0117],[70.9274,52.0117],[70.9274,52.0117],[70.9274,52.0117],[70.9274,52.0117],[70.9274,52.0117],[70.9274,52.0117],[70.9275,52.0117],[70.9275,52.0117],[70.9275,52.0117],[70.9275,52.0117],[70.9275,52.0117],[70.9275,52.0117],[70.9275,52.0117],[70.9275,52.0117],[70.9275,52.0117],[70.9275,52.0117],[70.9275,52.0117],[70.9275,52.0117],[70.9275,52.0117],[70.9275,52.0116],[70.9275,52.0116],[70.9275,52.0116],[70.9275,52.0116],[70.9275,52.0116],[70.9276,52.0116],[70.9276,52.0116],[70.9276,52.0116],[70.9276,52.0116],[70.9276,52.0116],[70.9276,52.0116],[70.9276,52.0116],[70.9276,52.0116],[70.9276,52.0116],[70.9276,52.0115],[70.9276,52.0115],[70.9276,52.0115],[70.9276,52.0115],[70.9276,52.0115],[70.9276,52.0115],[70.9276,52.0115],[70.9276,52.0115],[70.9276,52.0115],[70.9276,52.0115],[70.9276,52.0114],[70.9276,52.0114],[70.9276,52.0114],[70.9276,52.0114],[70.9276,52.0114],[70.9276,52.0114],[70.9276,52.0114],[70.9276,52.0114],[70.9276,52.0114],[70.9276,52.0114],[70.9276,52.0114],[70.9276,52.0113],[70.9276,52.0113],[70.9276,52.0113],[70.9276,52.0113],[70.9276,52.0113],[70.9276,52.0113],[70.9276,52.0113],[70.9276,52.0113],[70.9276,52.0113],[70.9276,52.0113],[70.9276,52.0113],[70.9276,52.0112],[70.9276,52.0112],[70.9276,52.0112],[70.9276,52.0112],[70.9276,52.0112],[70.9276,52.0112],[70.9276,52.0112],[70.9276,52.0112],[70.9276,52.0112],[70.9276,52.0112],[70.9276,52.0112],[70.9276,52.0111],[70.9276,52.0111],[70.9276,52.0111],[70.9276,52.0111],[70.9276,52.0111],[70.9276,52.0111],[70.9276,52.0111],[70.9276,52.0111],[70.9276,52.0111],[70.9276,52.0111],[70.9276,52.0111],[70.9276,52.0111],[70.9276,52.011],[70.9276,52.011],[70.9276,52.011],[70.9276,52.011],[70.9276,52.011],[70.9276,52.011],[70.9276,52.011],[70.9276,52.011],[70.9276,52.011],[70.9276,52.011],[70.9276,52.011],[70.9276,52.011],[70.9275,52.011],[70.9275,52.011],[70.9275,52.011],[70.9275,52.011],[70.9275,52.0109],[70.9275,52.0109],[70.9275,52.0109],[70.9275,52.0109],[70.9275,52.0109],[70.9275,52.0109],[70.9275,52.0109],[70.9275,52.0109],[70.9275,52.0109],[70.9275,52.0109],[70.9275,52.0109],[70.9275,52.0109],[70.9275,52.0109],[70.9275,52.0109],[70.9275,52.0109],[70.9275,52.0109],[70.9275,52.0109],[70.9275,52.0109],[70.9275,52.0108],[70.9275,52.0108],[70.9259,52.0114],[70.9254,52.0115],[70.9254,52.0115],[70.9254,52.0116],[70.9254,52.0116],[70.9254,52.0116],[70.9253,52.0116],[70.9253,52.0116],[70.9253,52.0116],[70.9253,52.0116],[70.9253,52.0116],[70.9253,52.0116],[70.9253,52.0116],[70.9253,52.0116],[70.9253,52.0116],[70.9253,52.0116],[70.9252,52.0116],[70.9252,52.0116],[70.9252,52.0116],[70.9252,52.0116],[70.9252,52.0116],[70.9252,52.0116],[70.9252,52.0116],[70.9252,52.0116],[70.9252,52.0116],[70.9252,52.0116],[70.9252,52.0116],[70.9251,52.0116],[70.9251,52.0116],[70.9251,52.0116],[70.9251,52.0116],[70.9251,52.0117],[70.9251,52.0117],[70.9251,52.0117],[70.9247,52.0118],[70.9238,52.0122],[70.9233,52.0124],[70.9233,52.0124],[70.9233,52.0124],[70.9233,52.0124],[70.9233,52.0124],[70.9233,52.0124],[70.9233,52.0124],[70.9232,52.0124],[70.9232,52.0125],[70.9232,52.0125],[70.9232,52.0125],[70.9232,52.0125],[70.9232,52.0125],[70.9232,52.0125],[70.9232,52.0125],[70.9232,52.0125],[70.9232,52.0125],[70.9232,52.0125],[70.9232,52.0125],[70.9232,52.0125],[70.9232,52.0125],[70.9232,52.0125],[70.9232,52.0125],[70.9232,52.0125],[70.9232,52.0125],[70.9231,52.0126],[70.9231,52.0126],[70.9231,52.0126],[70.9231,52.0126],[70.9231,52.0126],[70.9231,52.0126],[70.9231,52.0126],[70.9231,52.0126],[70.9231,52.0126],[70.9231,52.0126],[70.9231,52.0126],[70.9231,52.0126],[70.9231,52.0126],[70.9231,52.0126],[70.9231,52.0127],[70.9231,52.0127],[70.9231,52.0127],[70.9231,52.0127],[70.9231,52.0127],[70.9231,52.0127],[70.9231,52.0127],[70.9231,52.0127],[70.9231,52.0127],[70.9231,52.0127],[70.9242,52.0126],[70.9247,52.0126],[70.9247,52.0126],[70.9247,52.0126],[70.9247,52.0126],[70.9247,52.0126],[70.9247,52.0126],[70.9247,52.0125],[70.9247,52.0125],[70.9247,52.0125],[70.9248,52.0125],[70.9248,52.0125],[70.9248,52.0125],[70.9248,52.0125],[70.9248,52.0125],[70.9248,52.0125],[70.9248,52.0125],[70.9248,52.0125],[70.9248,52.0125],[70.9248,52.0125],[70.9248,52.0125],[70.9248,52.0125],[70.9248,52.0125],[70.9248,52.0124],[70.9248,52.0124],[70.9249,52.0124],[70.9249,52.0124],[70.9249,52.0124],[70.9249,52.0124],[70.9249,52.0124],[70.9249,52.0124],[70.9249,52.0124],[70.9249,52.0124],[70.9249,52.0124],[70.925,52.0124],[70.925,52.0124],[70.925,52.0124],[70.925,52.0123],[70.925,52.0123],[70.925,52.0123],[70.925,52.0123],[70.925,52.0123],[70.925,52.0123],[70.9251,52.0123],[70.9251,52.0123],[70.9251,52.0123],[70.9251,52.0123],[70.9251,52.0123],[70.9251,52.0123],[70.9251,52.0123],[70.9251,52.0123],[70.9252,52.0122],[70.9252,52.0122],[70.9252,52.0122],[70.9252,52.0122],[70.9252,52.0122],[70.9252,52.0122],[70.9252,52.0122],[70.9252,52.0122],[70.9253,52.0122],[70.9253,52.0122],[70.9253,52.0122],[70.9253,52.0122],[70.9253,52.0122],[70.9253,52.0122],[70.9253,52.0122],[70.9259,52.012],[70.9265,52.0118],[70.9265,52.0118],[70.9266,52.0118],[70.9266,52.0117],[70.9266,52.0117],[70.9266,52.0117],[70.9266,52.0117],[70.9266,52.0117],[70.9267,52.0117],[70.9267,52.0117],[70.9267,52.0117],[70.9267,52.0117],[70.9267,52.0117],[70.9267,52.0117],[70.9268,52.0117],[70.9268,52.0117],[70.9268,52.0117],[70.9268,52.0117],[70.9268,52.0117],[70.9269,52.0117],[70.9269,52.0117],[70.9269,52.0117],[70.9269,52.0117],[70.9269,52.0117],[70.9269,52.0117],[70.927,52.0117],[70.927,52.0117],[70.927,52.0117],[70.927,52.0117],[70.927,52.0117],[70.927,52.0117],[70.9271,52.0117],[70.9271,52.0117],[70.9271,52.0117],[70.9271,52.0117],[70.9271,52.0117],[70.9271,52.0117]]]],"type":"MultiPolygon"},"geometry_name":"shape","id":"gp_functional_zones.fid--7752831e_19fb67eabdc_7d52","properties":{"area":2.01163977724764,"creation_doc_id":3617,"deactivation_doc_id":null,"func_zone_status_id":2,"ggk_zone_code":"11010000","ggk_zone_name":"Территория усадебной застройки","gp_func_zone_code":"11010000","gp_func_zone_code_id":19,"id":4731849,"zone_type_id":8},"type":"Feature"},{"bbox":[70.9149,52.0115,70.9164,52.012],"geometry":{"coordinates":[[[[70.9163,52.0119],[70.9164,52.0116],[70.9164,52.0116],[70.9164,52.0116],[70.9164,52.0116],[70.9164,52.0116],[70.9164,52.0116],[70.9164,52.0116],[70.9164,52.0116],[70.9163,52.0116],[70.9163,52.0116],[70.9163,52.0116],[70.9163,52.0116],[70.9163,52.0116],[70.9163,52.0116],[70.9163,52.0116],[70.9163,52.0116],[70.9163,52.0116],[70.9162,52.0116],[70.9162,52.0116],[70.9162,52.0116],[70.9162,52.0116],[70.9162,52.0116],[70.9162,52.0116],[70.9162,52.0116],[70.9162,52.0116],[70.9161,52.0116],[70.9161,52.0116],[70.9161,52.0116],[70.9161,52.0116],[70.9161,52.0116],[70.9161,52.0116],[70.9161,52.0116],[70.9161,52.0116],[70.9161,52.0116],[70.916,52.0116],[70.916,52.0116],[70.916,52.0116],[70.916,52.0116],[70.916,52.0116],[70.916,52.0116],[70.916,52.0116],[70.916,52.0116],[70.916,52.0116],[70.9159,52.0116],[70.9159,52.0116],[70.9159,52.0116],[70.9159,52.0116],[70.9159,52.0116],[70.9159,52.0115],[70.9159,52.0115],[70.9159,52.0115],[70.9158,52.0115],[70.9158,52.0115],[70.9158,52.0115],[70.9158,52.0115],[70.9158,52.0115],[70.9158,52.0115],[70.9158,52.0116],[70.9158,52.0116],[70.9157,52.0116],[70.9157,52.0116],[70.9157,52.0116],[70.9157,52.0116],[70.9157,52.0116],[70.9157,52.0116],[70.9155,52.0116],[70.9155,52.0116],[70.9155,52.0116],[70.9155,52.0116],[70.9155,52.0116],[70.9155,52.0116],[70.9155,52.0116],[70.9155,52.0116],[70.9155,52.0116],[70.9155,52.0116],[70.9154,52.0116],[70.9154,52.0116],[70.9154,52.0116],[70.9154,52.0116],[70.9154,52.0116],[70.9154,52.0116],[70.9154,52.0116],[70.9154,52.0116],[70.9154,52.0116],[70.9153,52.0116],[70.9153,52.0116],[70.9153,52.0116],[70.9153,52.0116],[70.9153,52.0116],[70.9153,52.0116],[70.9153,52.0116],[70.9153,52.0116],[70.9152,52.0116],[70.9152,52.0116],[70.9152,52.0116],[70.9152,52.0116],[70.9152,52.0116],[70.9152,52.0116],[70.9152,52.0116],[70.9152,52.0116],[70.9151,52.0116],[70.9151,52.0116],[70.9151,52.0116],[70.9151,52.0116],[70.9151,52.0116],[70.9151,52.0116],[70.9151,52.0116],[70.9151,52.0116],[70.9151,52.0116],[70.915,52.0116],[70.915,52.0116],[70.915,52.0116],[70.915,52.0116],[70.915,52.0116],[70.915,52.0116],[70.915,52.0116],[70.9149,52.0118],[70.915,52.0119],[70.9152,52.0119],[70.9152,52.0119],[70.9152,52.0119],[70.9152,52.0119],[70.9152,52.0119],[70.9156,52.012],[70.9163,52.0119]]]],"type":"MultiPolygon"},"geometry_name":"shape","id":"gp_functional_zones.fid--7752831e_19fb67eabdc_7d53","properties":{"area":0.384172872395812,"creation_doc_id":3617,"deactivation_doc_id":null,"func_zone_status_id":2,"ggk_zone_code":"11010000","ggk_zone_name":"Территория усадебной застройки","gp_func_zone_code":"11010000","gp_func_zone_code_id":19,"id":4731850,"zone_type_id":8},"type":"Feature"},{"bbox":[70.9433,52.0037,70.9465,52.0114],"geometry":{"coordinates":[[[[70.9452,52.0114],[70.9458,52.0114],[70.9458,52.0114],[70.9458,52.0114],[70.9458,52.0114],[70.9458,52.0113],[70.9458,52.0113],[70.9458,52.0113],[70.9458,52.0113],[70.9458,52.0113],[70.9458,52.0113],[70.9458,52.0113],[70.9458,52.0113],[70.9458,52.0113],[70.9458,52.0113],[70.9458,52.0113],[70.9458,52.0113],[70.9458,52.0113],[70.9458,52.0113],[70.9458,52.0113],[70.9458,52.0113],[70.9458,52.0113],[70.9458,52.0113],[70.9458,52.0113],[70.9458,52.0113],[70.9458,52.0113],[70.9458,52.0113],[70.9458,52.0113],[70.9458,52.0113],[70.9458,52.0113],[70.9458,52.0113],[70.9458,52.0113],[70.9458,52.0113],[70.9458,52.0113],[70.9458,52.0113],[70.9458,52.0113],[70.9458,52.0113],[70.9458,52.0113],[70.9458,52.0113],[70.9458,52.0113],[70.9458,52.0113],[70.9458,52.0113],[70.9458,52.0113],[70.9458,52.0113],[70.9458,52.0113],[70.9458,52.0113],[70.9458,52.0113],[70.9458,52.0113],[70.9457,52.0113],[70.9457,52.0113],[70.9457,52.0113],[70.9457,52.0113],[70.9457,52.0113],[70.9457,52.0113],[70.9457,52.0113],[70.9457,52.0113],[70.9457,52.0113],[70.9457,52.0113],[70.9457,52.0113],[70.9457,52.0113],[70.9457,52.0112],[70.9457,52.0112],[70.9457,52.0112],[70.9457,52.0112],[70.9457,52.0112],[70.9457,52.0112],[70.9457,52.0112],[70.9457,52.0112],[70.9457,52.0112],[70.9457,52.0112],[70.9457,52.0112],[70.9457,52.0112],[70.9457,52.0112],[70.9457,52.0112],[70.9457,52.0112],[70.9457,52.0112],[70.9457,52.0112],[70.9457,52.0112],[70.9457,52.0112],[70.9457,52.0112],[70.9457,52.0112],[70.9457,52.0112],[70.9457,52.0112],[70.9457,52.0112],[70.9457,52.0112],[70.9457,52.0112],[70.9457,52.0112],[70.9457,52.0112],[70.9457,52.0112],[70.9457,52.0112],[70.9457,52.0112],[70.9457,52.0112],[70.9457,52.0112],[70.9457,52.0112],[70.9457,52.0112],[70.9457,52.0112],[70.9457,52.0112],[70.9457,52.0111],[70.9457,52.0111],[70.9457,52.0111],[70.9457,52.0111],[70.9457,52.0111],[70.9457,52.0111],[70.9457,52.0111],[70.9457,52.0111],[70.9457,52.0111],[70.9457,52.0111],[70.9457,52.0111],[70.9457,52.0111],[70.9457,52.0111],[70.9457,52.0111],[70.9457,52.0111],[70.9457,52.0111],[70.9457,52.0111],[70.9457,52.0111],[70.9457,52.0111],[70.9457,52.0111],[70.9457,52.0111],[70.9457,52.0111],[70.9457,52.0111],[70.9457,52.0111],[70.9457,52.0111],[70.9457,52.011],[70.9457,52.011],[70.9457,52.011],[70.9457,52.011],[70.9457,52.011],[70.9457,52.011],[70.9457,52.011],[70.9457,52.011],[70.9457,52.011],[70.9457,52.011],[70.9457,52.011],[70.9457,52.011],[70.9457,52.011],[70.9457,52.011],[70.9457,52.011],[70.9457,52.011],[70.9457,52.011],[70.9457,52.011],[70.9457,52.011],[70.9457,52.011],[70.9457,52.011],[70.9457,52.011],[70.9457,52.011],[70.9457,52.011],[70.9457,52.011],[70.9457,52.011],[70.9457,52.011],[70.9457,52.0109],[70.9457,52.0109],[70.9457,52.0109],[70.9457,52.0109],[70.9457,52.0109],[70.9457,52.0109],[70.9457,52.0109],[70.9457,52.0109],[70.9457,52.0109],[70.9457,52.0109],[70.9457,52.0109],[70.9457,52.0109],[70.9457,52.0109],[70.9457,52.0109],[70.9457,52.0109],[70.9457,52.0109],[70.9457,52.0109],[70.9457,52.0109],[70.9457,52.0109],[70.9457,52.0109],[70.9457,52.0109],[70.9457,52.0109],[70.9457,52.0109],[70.9457,52.0108],[70.9457,52.0108],[70.9457,52.0108],[70.9457,52.0108],[70.9457,52.0108],[70.9457,52.0108],[70.9457,52.0108],[70.9457,52.0108],[70.9457,52.0108],[70.9457,52.0108],[70.9457,52.0108],[70.9457,52.0108],[70.9457,52.0108],[70.9457,52.0108],[70.9457,52.0108],[70.9457,52.0108],[70.9457,52.0108],[70.9457,52.0108],[70.9457,52.0108],[70.9457,52.0108],[70.9457,52.0108],[70.9457,52.0108],[70.9457,52.0107],[70.9457,52.0107],[70.9457,52.0107],[70.9457,52.0107],[70.9457,52.0107],[70.9457,52.0107],[70.9457,52.0107],[70.9457,52.0107],[70.9457,52.0107],[70.9457,52.0107],[70.9457,52.0107],[70.9457,52.0107],[70.9457,52.0107],[70.9457,52.0107],[70.9457,52.0107],[70.9457,52.0107],[70.9457,52.0107],[70.9457,52.0107],[70.9457,52.0107],[70.9457,52.0107],[70.9457,52.0107],[70.9457,52.0107],[70.9457,52.0106],[70.9457,52.0106],[70.9457,52.0106],[70.9457,52.0106],[70.9457,52.0106],[70.9457,52.0106],[70.9457,52.0106],[70.9457,52.0106],[70.9457,52.0106],[70.9457,52.0106],[70.9457,52.0106],[70.9457,52.0106],[70.9457,52.0106],[70.9457,52.0106],[70.9457,52.0106],[70.9457,52.0106],[70.9457,52.0106],[70.9457,52.0106],[70.9457,52.0106],[70.9457,52.0106],[70.9457,52.0106],[70.9457,52.0106],[70.9457,52.0106],[70.9457,52.0106],[70.9457,52.0106],[70.9457,52.0105],[70.9457,52.0105],[70.9457,52.0105],[70.9457,52.0105],[70.9457,52.0105],[70.9457,52.0105],[70.9457,52.0105],[70.9457,52.0105],[70.9457,52.0105],[70.9457,52.0105],[70.9457,52.0105],[70.9457,52.0105],[70.9457,52.0105],[70.9457,52.0105],[70.9457,52.0105],[70.9457,52.0105],[70.9457,52.0105],[70.9457,52.0105],[70.9457,52.0105],[70.9457,52.0105],[70.9457,52.0105],[70.9457,52.0105],[70.9457,52.0105],[70.9457,52.0105],[70.9457,52.0105],[70.9457,52.0105],[70.9457,52.0105],[70.9457,52.0105],[70.9457,52.0105],[70.9457,52.0105],[70.9457,52.0105],[70.9457,52.0104],[70.9457,52.0104],[70.9457,52.0104],[70.9457,52.0104],[70.9457,52.0104],[70.9457,52.0104],[70.9457,52.0104],[70.9457,52.0104],[70.9457,52.0104],[70.9457,52.0104],[70.9457,52.0104],[70.9457,52.0104],[70.9457,52.0104],[70.9457,52.0104],[70.9457,52.0104],[70.9457,52.0104],[70.9457,52.0104],[70.9457,52.0104],[70.9457,52.0104],[70.9457,52.0104],[70.9457,52.0104],[70.9457,52.0104],[70.9457,52.0104],[70.9457,52.0104],[70.9457,52.0104],[70.9457,52.0104],[70.9457,52.0104],[70.9457,52.0104],[70.9457,52.0104],[70.9457,52.0104],[70.9457,52.0103],[70.9457,52.0103],[70.9457,52.0103],[70.9457,52.0103],[70.9457,52.0103],[70.9457,52.0103],[70.9457,52.0103],[70.9457,52.0103],[70.9457,52.0103],[70.9457,52.0103],[70.9457,52.0103],[70.9457,52.0103],[70.9457,52.0103],[70.9457,52.0103],[70.9458,52.0103],[70.9458,52.0103],[70.9458,52.0103],[70.9458,52.0103],[70.9458,52.0103],[70.9458,52.0103],[70.9458,52.0103],[70.9458,52.0103],[70.9458,52.0103],[70.9458,52.0103],[70.9458,52.0103],[70.9458,52.0103],[70.9458,52.0103],[70.9458,52.0103],[70.9458,52.0103],[70.9458,52.0103],[70.9458,52.0102],[70.9458,52.0102],[70.9458,52.0102],[70.9458,52.0102],[70.9458,52.0102],[70.9458,52.0102],[70.9458,52.0102],[70.9458,52.0102],[70.9458,52.0102],[70.9458,52.0102],[70.9458,52.0102],[70.9458,52.0102],[70.9458,52.0102],[70.9458,52.0102],[70.9458,52.0102],[70.9458,52.0102],[70.9458,52.0102],[70.9458,52.0102],[70.9458,52.0102],[70.9458,52.0102],[70.9458,52.0102],[70.9458,52.0102],[70.9458,52.0102],[70.9458,52.0102],[70.9458,52.0102],[70.9458,52.0102],[70.9458,52.0102],[70.9458,52.0102],[70.9458,52.0102],[70.9458,52.0102],[70.9458,52.0101],[70.9459,52.0099],[70.9459,52.0099],[70.9459,52.0099],[70.9459,52.0099],[70.9459,52.0099],[70.9459,52.0099],[70.9459,52.0099],[70.9459,52.0098],[70.9459,52.0098],[70.9459,52.0098],[70.9459,52.0098],[70.9459,52.0098],[70.9459,52.0098],[70.9459,52.0098],[70.9459,52.0098],[70.9459,52.0098],[70.9459,52.0097],[70.9459,52.0097],[70.9459,52.0097],[70.9459,52.0097],[70.9459,52.0097],[70.9459,52.0097],[70.9459,52.0097],[70.9459,52.0097],[70.9459,52.0097],[70.9459,52.0097],[70.9459,52.0097],[70.9459,52.0097],[70.9459,52.0097],[70.9459,52.0097],[70.9459,52.0097],[70.9459,52.0097],[70.9459,52.0096],[70.9459,52.0096],[70.9459,52.0096],[70.9459,52.0096],[70.9459,52.0096],[70.9459,52.0096],[70.9459,52.0096],[70.9459,52.0096],[70.9459,52.0096],[70.9459,52.0096],[70.9459,52.0096],[70.9459,52.0096],[70.9459,52.0096],[70.9459,52.0096],[70.9459,52.0096],[70.9459,52.0095],[70.9459,52.0095],[70.9459,52.0095],[70.9459,52.0095],[70.9459,52.0095],[70.9459,52.0095],[70.9459,52.0095],[70.9459,52.0095],[70.9459,52.0095],[70.9459,52.0095],[70.9459,52.0095],[70.9459,52.0095],[70.9459,52.0095],[70.9459,52.0095],[70.9459,52.0095],[70.9459,52.0094],[70.9459,52.0094],[70.9459,52.0094],[70.9459,52.0094],[70.9459,52.0094],[70.9459,52.0094],[70.9459,52.0094],[70.9459,52.0094],[70.9459,52.0094],[70.9459,52.0094],[70.9459,52.0094],[70.9459,52.0094],[70.9459,52.0094],[70.9459,52.0094],[70.9459,52.0094],[70.9459,52.0093],[70.9459,52.0093],[70.9459,52.0093],[70.9459,52.0093],[70.9459,52.0093],[70.9459,52.0093],[70.9459,52.0093],[70.9459,52.0093],[70.9459,52.0093],[70.9459,52.0093],[70.9459,52.0093],[70.9459,52.0093],[70.9459,52.0093],[70.9459,52.0093],[70.9459,52.0093],[70.9459,52.0093],[70.9459,52.0093],[70.9459,52.0093],[70.9459,52.0093],[70.9459,52.0093],[70.9459,52.0093],[70.9459,52.0093],[70.9459,52.0093],[70.9459,52.0093],[70.9459,52.0092],[70.9459,52.0092],[70.9459,52.0092],[70.9459,52.0092],[70.9459,52.0092],[70.9459,52.0092],[70.9459,52.0092],[70.9459,52.0092],[70.9459,52.0092],[70.9459,52.0092],[70.9459,52.0092],[70.9459,52.0092],[70.9459,52.0092],[70.9459,52.0092],[70.9459,52.0092],[70.9459,52.0092],[70.9459,52.0092],[70.9459,52.0092],[70.9459,52.0092],[70.9459,52.0092],[70.9459,52.0092],[70.9459,52.0092],[70.9459,52.0092],[70.9459,52.0092],[70.9459,52.0092],[70.9459,52.0091],[70.9459,52.0091],[70.9459,52.0091],[70.9459,52.0091],[70.9459,52.0091],[70.9459,52.0091],[70.9459,52.0091],[70.9459,52.0091],[70.9459,52.0091],[70.9459,52.0091],[70.9459,52.0091],[70.9459,52.0091],[70.9459,52.0091],[70.9459,52.0091],[70.9459,52.0091],[70.9459,52.0091],[70.9459,52.0091],[70.9459,52.0091],[70.9459,52.0091],[70.9459,52.0091],[70.9459,52.0091],[70.9459,52.0091],[70.9459,52.0091],[70.9459,52.0091],[70.9459,52.009],[70.9459,52.009],[70.9459,52.009],[70.9459,52.009],[70.9459,52.009],[70.9459,52.009],[70.9459,52.009],[70.9459,52.009],[70.9459,52.009],[70.9459,52.009],[70.9459,52.009],[70.9459,52.009],[70.9458,52.009],[70.9458,52.009],[70.9458,52.009],[70.9458,52.009],[70.9458,52.009],[70.9458,52.009],[70.9458,52.009],[70.9458,52.009],[70.9458,52.009],[70.9458,52.009],[70.9458,52.009],[70.9458,52.009],[70.9458,52.009],[70.9458,52.0089],[70.9458,52.0089],[70.9458,52.0089],[70.9458,52.0089],[70.9458,52.0089],[70.9458,52.0089],[70.9458,52.0089],[70.9458,52.0089],[70.9458,52.0089],[70.9458,52.0089],[70.9458,52.0089],[70.9458,52.0089],[70.9458,52.0089],[70.9458,52.0089],[70.9458,52.0089],[70.9458,52.0089],[70.9458,52.0089],[70.9458,52.0089],[70.9458,52.0089],[70.9458,52.0089],[70.9458,52.0089],[70.9458,52.0089],[70.9458,52.0089],[70.9458,52.0089],[70.9458,52.0088],[70.9458,52.0088],[70.9458,52.0088],[70.9458,52.0088],[70.9458,52.0088],[70.9458,52.0088],[70.9458,52.0088],[70.9458,52.0088],[70.9458,52.0088],[70.9458,52.0088],[70.9458,52.0088],[70.9458,52.0088],[70.9458,52.0088],[70.9458,52.0088],[70.9458,52.0088],[70.9458,52.0088],[70.9458,52.0088],[70.9458,52.0087],[70.9458,52.0087],[70.9458,52.0087],[70.9458,52.0087],[70.9458,52.0087],[70.9458,52.0087],[70.9458,52.0087],[70.9458,52.0087],[70.9458,52.0087],[70.9458,52.0087],[70.9458,52.0087],[70.9458,52.0087],[70.9458,52.0087],[70.9458,52.0087],[70.9458,52.0086],[70.9458,52.0086],[70.9458,52.0086],[70.9458,52.0086],[70.9458,52.0086],[70.9458,52.0086],[70.9458,52.0086],[70.9458,52.0086],[70.9458,52.0086],[70.9458,52.0086],[70.9458,52.0086],[70.9458,52.0086],[70.9458,52.0086],[70.9458,52.0086],[70.9458,52.0086],[70.9458,52.0085],[70.9458,52.0085],[70.9458,52.0085],[70.9458,52.0085],[70.9458,52.0085],[70.9458,52.0085],[70.9458,52.0085],[70.9458,52.0085],[70.9458,52.0085],[70.9458,52.0085],[70.9458,52.0085],[70.9458,52.0085],[70.9458,52.0085],[70.9458,52.0085],[70.9458,52.0085],[70.9458,52.0084],[70.9458,52.0084],[70.9458,52.0084],[70.9458,52.0084],[70.9458,52.0084],[70.9458,52.0084],[70.9458,52.0084],[70.9458,52.0084],[70.9458,52.0084],[70.9458,52.0084],[70.9458,52.0084],[70.9458,52.0084],[70.9458,52.0084],[70.9458,52.0084],[70.9458,52.0084],[70.9458,52.0084],[70.9458,52.0084],[70.9458,52.0084],[70.9458,52.0083],[70.9458,52.0083],[70.9458,52.0083],[70.9458,52.0083],[70.9458,52.0083],[70.9458,52.0083],[70.9458,52.0083],[70.9459,52.0083],[70.9459,52.0083],[70.9459,52.0083],[70.9459,52.0083],[70.9459,52.0083],[70.9459,52.0083],[70.9459,52.0083],[70.9459,52.0083],[70.9459,52.0083],[70.9459,52.0083],[70.9459,52.0083],[70.9459,52.0083],[70.9459,52.0083],[70.9459,52.0083],[70.9459,52.0083],[70.9459,52.0083],[70.9459,52.0083],[70.9459,52.0083],[70.9459,52.0082],[70.9459,52.0082],[70.9459,52.0082],[70.9459,52.0082],[70.9459,52.0082],[70.9459,52.0082],[70.9459,52.0082],[70.9459,52.0082],[70.9459,52.0082],[70.9459,52.0082],[70.9459,52.0082],[70.9459,52.0082],[70.9459,52.0082],[70.9459,52.0082],[70.9459,52.0082],[70.9459,52.0082],[70.9459,52.0082],[70.9459,52.0082],[70.9459,52.0082],[70.9459,52.0082],[70.9459,52.0082],[70.9459,52.0082],[70.9459,52.0082],[70.9459,52.0082],[70.9459,52.0082],[70.9459,52.0081],[70.9459,52.0081],[70.9459,52.0081],[70.9459,52.0081],[70.9459,52.0081],[70.9459,52.0079],[70.9459,52.0078],[70.9459,52.0078],[70.946,52.0076],[70.946,52.0076],[70.946,52.0076],[70.946,52.0076],[70.946,52.0076],[70.946,52.0076],[70.946,52.0076],[70.946,52.0076],[70.946,52.0076],[70.946,52.0076],[70.946,52.0076],[70.946,52.0076],[70.946,52.0076],[70.946,52.0076],[70.946,52.0076],[70.946,52.0075],[70.946,52.0075],[70.946,52.0075],[70.946,52.0075],[70.946,52.0075],[70.946,52.0075],[70.946,52.0075],[70.946,52.0075],[70.946,52.0075],[70.946,52.0075],[70.946,52.0075],[70.946,52.0075],[70.946,52.0075],[70.946,52.0075],[70.946,52.0075],[70.946,52.0075],[70.946,52.0075],[70.946,52.0075],[70.946,52.0074],[70.946,52.0074],[70.946,52.0074],[70.946,52.0074],[70.946,52.0074],[70.946,52.0074],[70.946,52.0074],[70.946,52.0074],[70.946,52.0074],[70.946,52.0074],[70.946,52.0074],[70.946,52.0073],[70.946,52.0073],[70.946,52.0073],[70.946,52.0073],[70.946,52.0073],[70.946,52.0073],[70.946,52.0073],[70.946,52.0073],[70.946,52.0073],[70.946,52.0073],[70.946,52.0072],[70.946,52.0072],[70.946,52.0072],[70.946,52.0072],[70.946,52.0072],[70.946,52.0072],[70.9461,52.0072],[70.9461,52.0072],[70.9461,52.0072],[70.9461,52.0072],[70.9461,52.0072],[70.9461,52.0071],[70.9461,52.0071],[70.9461,52.0071],[70.9461,52.0071],[70.9461,52.0071],[70.9461,52.0071],[70.9461,52.0071],[70.9461,52.0071],[70.9461,52.0071],[70.9461,52.0071],[70.9461,52.007],[70.9461,52.007],[70.9461,52.007],[70.9461,52.007],[70.9461,52.007],[70.9461,52.007],[70.9461,52.007],[70.9461,52.007],[70.9461,52.007],[70.9461,52.007],[70.9461,52.007],[70.9461,52.0069],[70.9461,52.0069],[70.9461,52.0069],[70.9461,52.0069],[70.9461,52.0069],[70.9461,52.0069],[70.9461,52.0069],[70.9461,52.0069],[70.9461,52.0069],[70.9461,52.0069],[70.9461,52.0068],[70.9461,52.0068],[70.9461,52.0068],[70.9461,52.0068],[70.9461,52.0068],[70.9461,52.0068],[70.9461,52.0068],[70.9461,52.0068],[70.9461,52.0068],[70.9461,52.0068],[70.9461,52.0068],[70.9461,52.0068],[70.9461,52.0068],[70.9461,52.0068],[70.9461,52.0068],[70.9461,52.0068],[70.9461,52.0067],[70.9461,52.0067],[70.9461,52.0067],[70.9461,52.0067],[70.9461,52.0067],[70.9461,52.0067],[70.9462,52.0067],[70.9462,52.0067],[70.9462,52.0067],[70.9462,52.0067],[70.9462,52.0067],[70.9462,52.0067],[70.9462,52.0067],[70.9462,52.0067],[70.9462,52.0067],[70.9462,52.0066],[70.9462,52.0066],[70.9462,52.0066],[70.9462,52.0066],[70.9462,52.0066],[70.9462,52.0066],[70.9462,52.0066],[70.9462,52.0066],[70.9462,52.0066],[70.9462,52.0066],[70.9462,52.0066],[70.9462,52.0066],[70.9462,52.0066],[70.9462,52.0066],[70.9462,52.0066],[70.9462,52.0066],[70.9462,52.0065],[70.9462,52.0065],[70.9462,52.0065],[70.9462,52.0065],[70.9462,52.0065],[70.9462,52.0065],[70.9462,52.0065],[70.9462,52.0065],[70.9462,52.0065],[70.9462,52.0065],[70.9462,52.0065],[70.9462,52.0065],[70.9462,52.0065],[70.9462,52.0065],[70.9462,52.0065],[70.9462,52.0065],[70.9462,52.0064],[70.9462,52.0064],[70.9462,52.0064],[70.9462,52.0064],[70.9462,52.0064],[70.9462,52.0064],[70.9462,52.0064],[70.9462,52.0064],[70.9462,52.0064],[70.9462,52.0064],[70.9462,52.0064],[70.9462,52.0064],[70.9462,52.0064],[70.9462,52.0064],[70.9462,52.0064],[70.9462,52.0064],[70.9462,52.0064],[70.9462,52.0063],[70.9462,52.0063],[70.9462,52.0063],[70.9462,52.0063],[70.9462,52.0063],[70.9463,52.0063],[70.9463,52.0063],[70.9463,52.0063],[70.9463,52.0063],[70.9463,52.0063],[70.9463,52.0063],[70.9463,52.0063],[70.9463,52.0063],[70.9463,52.0063],[70.9463,52.0063],[70.9463,52.0063],[70.9463,52.0062],[70.9463,52.0062],[70.9463,52.0062],[70.9463,52.0062],[70.9463,52.0062],[70.9463,52.0062],[70.9463,52.0062],[70.9463,52.0062],[70.9463,52.0062],[70.9464,52.0062],[70.9464,52.0062],[70.9464,52.0061],[70.9464,52.0061],[70.9464,52.0061],[70.9464,52.0061],[70.9464,52.0061],[70.9464,52.0061],[70.9464,52.0061],[70.9464,52.0061],[70.9464,52.0061],[70.9464,52.0061],[70.9464,52.0061],[70.9464,52.0061],[70.9464,52.0061],[70.9464,52.0061],[70.9464,52.0061],[70.9465,52.0061],[70.9465,52.0061],[70.9465,52.0061],[70.9465,52.0061],[70.9465,52.0061],[70.9465,52.0061],[70.9465,52.0061],[70.9465,52.0061],[70.9465,52.0061],[70.9465,52.006],[70.9465,52.006],[70.9465,52.006],[70.9465,52.006],[70.9465,52.006],[70.9465,52.006],[70.9465,52.006],[70.9465,52.006],[70.9465,52.006],[70.9465,52.006],[70.9465,52.006],[70.9465,52.006],[70.9465,52.006],[70.9465,52.006],[70.9465,52.006],[70.9465,52.006],[70.9465,52.006],[70.9465,52.006],[70.9465,52.006],[70.9465,52.006],[70.9465,52.006],[70.9465,52.006],[70.9465,52.006],[70.9465,52.006],[70.9465,52.006],[70.9465,52.006],[70.9465,52.006],[70.9465,52.006],[70.9465,52.006],[70.9465,52.006],[70.9465,52.006],[70.9465,52.006],[70.9465,52.006],[70.9465,52.006],[70.9465,52.006],[70.9465,52.006],[70.9465,52.006],[70.9465,52.006],[70.9465,52.006],[70.9465,52.006],[70.9465,52.006],[70.9465,52.006],[70.9465,52.006],[70.9465,52.006],[70.9465,52.006],[70.9465,52.006],[70.9465,52.006],[70.9465,52.006],[70.9465,52.006],[70.9465,52.006],[70.9465,52.006],[70.9465,52.006],[70.9465,52.006],[70.9465,52.006],[70.9465,52.006],[70.9465,52.006],[70.9465,52.0059],[70.9465,52.0059],[70.9465,52.0059],[70.9465,52.0059],[70.9465,52.0059],[70.9465,52.0059],[70.9465,52.0059],[70.9465,52.0059],[70.9465,52.0059],[70.9465,52.0059],[70.9465,52.0059],[70.9465,52.0059],[70.9465,52.0059],[70.9465,52.0059],[70.9465,52.0059],[70.9465,52.0059],[70.9465,52.0059],[70.9465,52.0059],[70.9465,52.0059],[70.9465,52.0059],[70.9465,52.0059],[70.9465,52.0059],[70.9465,52.0059],[70.9465,52.0059],[70.9465,52.0059],[70.9465,52.0059],[70.9465,52.0059],[70.9465,52.0059],[70.9465,52.0059],[70.9465,52.0059],[70.9465,52.0059],[70.9465,52.0059],[70.9465,52.0059],[70.9465,52.0059],[70.9465,52.0059],[70.9465,52.0059],[70.9465,52.0059],[70.9465,52.0059],[70.9465,52.0059],[70.9465,52.0059],[70.9465,52.0059],[70.9465,52.0059],[70.9465,52.0059],[70.9465,52.0059],[70.9465,52.0058],[70.9465,52.0058],[70.9465,52.0058],[70.9465,52.0058],[70.9465,52.0058],[70.9465,52.0058],[70.9465,52.0058],[70.9465,52.0058],[70.9465,52.0058],[70.9465,52.0058],[70.9465,52.0058],[70.9465,52.0058],[70.9465,52.0058],[70.9465,52.0058],[70.9465,52.0058],[70.9465,52.0058],[70.9465,52.0058],[70.9465,52.0058],[70.9465,52.0058],[70.9465,52.0058],[70.9465,52.0058],[70.9465,52.0058],[70.9465,52.0058],[70.9465,52.0057],[70.9465,52.0057],[70.9465,52.0057],[70.9465,52.0057],[70.9465,52.0056],[70.9465,52.0056],[70.9465,52.0056],[70.9465,52.0056],[70.9465,52.0055],[70.9465,52.0055],[70.9465,52.0055],[70.9464,52.0055],[70.9464,52.0054],[70.9464,52.0054],[70.9464,52.0054],[70.9464,52.0054],[70.9464,52.0053],[70.9464,52.0053],[70.9464,52.0053],[70.9464,52.0053],[70.9464,52.0053],[70.9463,52.0053],[70.9463,52.0052],[70.9463,52.0052],[70.9463,52.0052],[70.9463,52.0052],[70.9463,52.0052],[70.9463,52.0051],[70.9463,52.0051],[70.9463,52.0051],[70.9463,52.0051],[70.9463,52.0051],[70.9463,52.0051],[70.9463,52.0051],[70.9463,52.005],[70.9463,52.005],[70.9463,52.005],[70.9462,52.005],[70.9462,52.005],[70.9462,52.005],[70.9462,52.005],[70.9462,52.0049],[70.9462,52.0049],[70.9462,52.0049],[70.9462,52.0049],[70.9462,52.0049],[70.9462,52.0049],[70.9462,52.0048],[70.9462,52.0048],[70.9462,52.0048],[70.9462,52.0048],[70.9462,52.0048],[70.9462,52.0047],[70.9462,52.0047],[70.9462,52.0047],[70.9462,52.0047],[70.9462,52.0047],[70.9462,52.0047],[70.9462,52.0046],[70.9462,52.0046],[70.9462,52.0046],[70.9462,52.0046],[70.9462,52.0046],[70.9462,52.0045],[70.9462,52.0045],[70.9462,52.0045],[70.9462,52.0045],[70.9462,52.0045],[70.9462,52.0045],[70.9463,52.0044],[70.9463,52.0044],[70.9463,52.0044],[70.9463,52.0044],[70.9463,52.0044],[70.9463,52.0043],[70.9463,52.0043],[70.9463,52.0043],[70.9463,52.0043],[70.9463,52.0043],[70.9463,52.0042],[70.9463,52.0042],[70.9463,52.0042],[70.9463,52.0042],[70.9463,52.0042],[70.9463,52.0042],[70.9463,52.0041],[70.9463,52.0041],[70.9463,52.0041],[70.9463,52.0041],[70.9464,52.0041],[70.9464,52.004],[70.9464,52.004],[70.9464,52.004],[70.9464,52.004],[70.9464,52.004],[70.9464,52.004],[70.9464,52.0039],[70.9464,52.0039],[70.9464,52.0039],[70.9464,52.0039],[70.9464,52.0039],[70.9464,52.0039],[70.9464,52.0038],[70.9464,52.0038],[70.9465,52.0038],[70.9465,52.0038],[70.9465,52.0038],[70.9465,52.0038],[70.9465,52.0037],[70.9465,52.0037],[70.9461,52.0037],[70.9461,52.0037],[70.9461,52.0037],[70.9461,52.0038],[70.9461,52.0039],[70.946,52.0039],[70.9458,52.0042],[70.9458,52.0042],[70.9457,52.0043],[70.9457,52.0044],[70.9456,52.0044],[70.9456,52.0045],[70.9455,52.0045],[70.9455,52.0046],[70.9455,52.0046],[70.9454,52.0047],[70.9454,52.0047],[70.9454,52.0048],[70.9453,52.0048],[70.9453,52.0049],[70.9453,52.0049],[70.9452,52.005],[70.9452,52.005],[70.9452,52.0051],[70.9451,52.0051],[70.9451,52.0052],[70.9451,52.0053],[70.945,52.0053],[70.945,52.0054],[70.945,52.0055],[70.9449,52.0055],[70.9449,52.0056],[70.9448,52.0057],[70.9448,52.0057],[70.9448,52.0058],[70.9447,52.0059],[70.9447,52.0059],[70.9447,52.0059],[70.9447,52.006],[70.9446,52.006],[70.9445,52.006],[70.9444,52.006],[70.9442,52.006],[70.9433,52.006],[70.9434,52.0062],[70.9434,52.0062],[70.9434,52.0065],[70.9435,52.0074],[70.9436,52.0079],[70.9436,52.0079],[70.9436,52.008],[70.9436,52.0083],[70.9436,52.0087],[70.9437,52.0087],[70.9437,52.0088],[70.9437,52.0089],[70.9437,52.0089],[70.9437,52.009],[70.9437,52.009],[70.9437,52.0091],[70.9437,52.0091],[70.9437,52.0092],[70.9437,52.0092],[70.9437,52.0093],[70.9437,52.0093],[70.9437,52.0094],[70.9437,52.0094],[70.9437,52.0095],[70.9437,52.0096],[70.9437,52.0096],[70.9437,52.0097],[70.9437,52.0097],[70.9438,52.0098],[70.9438,52.0099],[70.9438,52.0099],[70.9438,52.0099],[70.9438,52.01],[70.9438,52.01],[70.9438,52.01],[70.9438,52.0101],[70.9438,52.0101],[70.9438,52.0102],[70.9438,52.0102],[70.9438,52.0103],[70.9439,52.0103],[70.9439,52.0104],[70.9439,52.0105],[70.9439,52.0105],[70.9439,52.0106],[70.9439,52.0106],[70.9439,52.0107],[70.9439,52.0107],[70.9439,52.0108],[70.9439,52.0108],[70.9439,52.0109],[70.9439,52.011],[70.944,52.011],[70.944,52.0111],[70.944,52.0112],[70.944,52.0112],[70.944,52.0113],[70.944,52.0113],[70.944,52.0113],[70.944,52.0114],[70.9449,52.0114],[70.9449,52.0114],[70.9449,52.0114],[70.9449,52.0114],[70.9449,52.0114],[70.9449,52.0114],[70.9449,52.0114],[70.9449,52.0114],[70.9449,52.0114],[70.9449,52.0114],[70.9449,52.0114],[70.9449,52.0114],[70.9449,52.0114],[70.9449,52.0114],[70.9449,52.0114],[70.9449,52.0114],[70.9449,52.0114],[70.9449,52.0114],[70.9449,52.0114],[70.945,52.0114],[70.945,52.0114],[70.945,52.0114],[70.945,52.0114],[70.945,52.0114],[70.945,52.0114],[70.945,52.0114],[70.945,52.0114],[70.945,52.0114],[70.9451,52.0114],[70.9451,52.0114],[70.9452,52.0114]]]],"type":"MultiPolygon"},"geometry_name":"shape","id":"gp_functional_zones.fid--7752831e_19fb67eabdc_7d54","properties":{"area":11.0312516009419,"creation_doc_id":3617,"deactivation_doc_id":null,"func_zone_status_id":2,"ggk_zone_code":"11010000","ggk_zone_name":"Территория усадебной застройки","gp_func_zone_code":"11010000","gp_func_zone_code_id":19,"id":4731851,"zone_type_id":8},"type":"Feature"},{"bbox":[70.9237,52.0095,70.9274,52.0117],"geometry":{"coordinates":[[[70.9247,52.0102],[70.9246,52.0102],[70.9246,52.0103],[70.9238,52.0108],[70.9239,52.011],[70.9245,52.0117],[70.9249,52.0115],[70.925,52.0115],[70.925,52.0114],[70.9251,52.0114],[70.9252,52.0114],[70.9256,52.0112],[70.9257,52.0112],[70.9274,52.0107],[70.9274,52.0106],[70.927,52.0102],[70.9269,52.0102],[70.9266,52.0097],[70.9265,52.0097],[70.9265,52.0096],[70.9264,52.0096],[70.9264,52.0095],[70.9263,52.0095],[70.9247,52.0102]]],"type":"Polygon"},"geometry_name":"shape","id":"gp_functional_zones.fid--7752831e_19fb67eabdc_7d55","properties":{"area":3.02595545672104,"creation_doc_id":3617,"deactivation_doc_id":null,"func_zone_status_id":2,"ggk_zone_code":"11010000","ggk_zone_name":"Территория усадебной застройки","gp_func_zone_code":"11010000","gp_func_zone_code_id":19,"id":4731852,"zone_type_id":8},"type":"Feature"},{"bbox":[70.9277,52.0092,70.9331,52.0112],"geometry":{"coordinates":[[[[70.9323,52.0094],[70.9319,52.0092],[70.9319,52.0092],[70.9319,52.0092],[70.9319,52.0092],[70.9319,52.0092],[70.9319,52.0092],[70.9319,52.0092],[70.9319,52.0092],[70.9319,52.0093],[70.9319,52.0093],[70.9319,52.0093],[70.9319,52.0093],[70.9319,52.0093],[70.9318,52.0093],[70.9318,52.0093],[70.9318,52.0093],[70.9318,52.0093],[70.9318,52.0093],[70.9318,52.0093],[70.9318,52.0093],[70.9318,52.0093],[70.9318,52.0093],[70.9318,52.0093],[70.9318,52.0094],[70.9318,52.0094],[70.9318,52.0094],[70.9318,52.0094],[70.9318,52.0094],[70.9318,52.0094],[70.9318,52.0094],[70.9318,52.0094],[70.9318,52.0094],[70.9317,52.0094],[70.9317,52.0094],[70.9317,52.0094],[70.9317,52.0094],[70.9317,52.0094],[70.9317,52.0095],[70.9317,52.0095],[70.9317,52.0095],[70.9317,52.0095],[70.9317,52.0095],[70.9317,52.0095],[70.9316,52.0095],[70.9316,52.0095],[70.9316,52.0095],[70.9316,52.0095],[70.9316,52.0095],[70.9316,52.0095],[70.9316,52.0095],[70.9316,52.0096],[70.9315,52.0096],[70.9315,52.0096],[70.9315,52.0096],[70.9315,52.0096],[70.9315,52.0096],[70.9315,52.0096],[70.9315,52.0096],[70.9315,52.0096],[70.9314,52.0096],[70.9314,52.0096],[70.9314,52.0096],[70.9314,52.0096],[70.9314,52.0096],[70.9314,52.0096],[70.9314,52.0096],[70.9314,52.0096],[70.9314,52.0096],[70.9314,52.0096],[70.9313,52.0097],[70.9313,52.0097],[70.9313,52.0097],[70.9313,52.0097],[70.9313,52.0097],[70.9313,52.0097],[70.9313,52.0097],[70.9312,52.0097],[70.9312,52.0097],[70.9312,52.0097],[70.9312,52.0097],[70.9312,52.0097],[70.9312,52.0097],[70.9312,52.0097],[70.9302,52.01],[70.9299,52.0101],[70.9299,52.0101],[70.9293,52.0103],[70.9292,52.0103],[70.9291,52.0104],[70.9277,52.0108],[70.9277,52.0108],[70.9277,52.0108],[70.9277,52.0108],[70.9277,52.0108],[70.9277,52.0108],[70.9277,52.0108],[70.9277,52.0109],[70.9277,52.0109],[70.9277,52.0109],[70.9277,52.0109],[70.9277,52.0109],[70.9278,52.0109],[70.9278,52.0109],[70.9278,52.0109],[70.9278,52.0109],[70.9278,52.0109],[70.9282,52.011],[70.9288,52.011],[70.9289,52.011],[70.9291,52.011],[70.9299,52.011],[70.9304,52.011],[70.9304,52.011],[70.9304,52.011],[70.9304,52.011],[70.9304,52.011],[70.9305,52.011],[70.9305,52.011],[70.9305,52.011],[70.9305,52.011],[70.9305,52.011],[70.9306,52.011],[70.9306,52.011],[70.9306,52.011],[70.9306,52.011],[70.9306,52.011],[70.9306,52.011],[70.9307,52.011],[70.9307,52.011],[70.9307,52.011],[70.9307,52.011],[70.9307,52.011],[70.9308,52.011],[70.9308,52.011],[70.9308,52.011],[70.9308,52.011],[70.9308,52.011],[70.9308,52.011],[70.9309,52.011],[70.9309,52.011],[70.9309,52.011],[70.9309,52.011],[70.9309,52.011],[70.931,52.011],[70.931,52.011],[70.931,52.011],[70.931,52.011],[70.931,52.011],[70.9311,52.011],[70.9311,52.011],[70.9311,52.011],[70.9311,52.011],[70.9311,52.011],[70.9312,52.011],[70.9312,52.011],[70.9312,52.011],[70.9312,52.011],[70.9312,52.011],[70.9313,52.011],[70.9313,52.011],[70.9313,52.011],[70.9313,52.0111],[70.9313,52.0111],[70.9314,52.0111],[70.9314,52.0111],[70.9314,52.0111],[70.9314,52.0111],[70.9314,52.0111],[70.9315,52.0111],[70.9315,52.0111],[70.9315,52.0111],[70.9315,52.0111],[70.9315,52.0111],[70.9316,52.0111],[70.9316,52.0111],[70.9316,52.0111],[70.9316,52.0111],[70.9316,52.0111],[70.9316,52.0111],[70.9317,52.0111],[70.9317,52.0111],[70.9317,52.0111],[70.9317,52.0111],[70.9317,52.0111],[70.9321,52.0112],[70.9323,52.011],[70.9323,52.0109],[70.9325,52.0107],[70.9327,52.0104],[70.9328,52.0104],[70.9328,52.0104],[70.9328,52.0104],[70.9328,52.0103],[70.9328,52.0103],[70.9328,52.0103],[70.9328,52.0103],[70.9328,52.0103],[70.9328,52.0103],[70.9328,52.0103],[70.9328,52.0103],[70.9328,52.0103],[70.9328,52.0103],[70.9328,52.0103],[70.9328,52.0103],[70.9328,52.0103],[70.9328,52.0103],[70.9328,52.0103],[70.9328,52.0103],[70.9329,52.0102],[70.9329,52.0102],[70.9329,52.0102],[70.9329,52.0102],[70.9329,52.0102],[70.9329,52.0102],[70.9329,52.0102],[70.9329,52.0102],[70.9329,52.0102],[70.9329,52.0102],[70.9329,52.0102],[70.9329,52.0102],[70.9329,52.0102],[70.9331,52.01],[70.9331,52.01],[70.9331,52.01],[70.9331,52.01],[70.9331,52.01],[70.9331,52.01],[70.9331,52.01],[70.9331,52.0099],[70.9331,52.0099],[70.9331,52.0099],[70.9331,52.0099],[70.9331,52.0099],[70.9331,52.0099],[70.9331,52.0099],[70.9331,52.0099],[70.933,52.0099],[70.933,52.0099],[70.933,52.0099],[70.933,52.0099],[70.933,52.0099],[70.933,52.0098],[70.933,52.0098],[70.933,52.0098],[70.933,52.0098],[70.9329,52.0098],[70.9329,52.0098],[70.9329,52.0098],[70.9323,52.0094]]]],"type":"MultiPolygon"},"geometry_name":"shape","id":"gp_functional_zones.fid--7752831e_19fb67eabdc_7d56","properties":{"area":3.82768922368789,"creation_doc_id":3617,"deactivation_doc_id":null,"func_zone_status_id":2,"ggk_zone_code":"11010000","ggk_zone_name":"Территория усадебной застройки","gp_func_zone_code":"11010000","gp_func_zone_code_id":19,"id":4731853,"zone_type_id":8},"type":"Feature"},{"bbox":[70.9424,52.0085,70.9436,52.0109],"geometry":{"coordinates":[[[[70.9433,52.0085],[70.9428,52.0085],[70.9428,52.0085],[70.9428,52.0085],[70.9428,52.0085],[70.9427,52.0085],[70.9427,52.0086],[70.9427,52.0086],[70.9427,52.0086],[70.9427,52.0086],[70.9427,52.0086],[70.9427,52.0086],[70.9427,52.0086],[70.9426,52.0086],[70.9426,52.0086],[70.9426,52.0086],[70.9426,52.0086],[70.9426,52.0086],[70.9426,52.0086],[70.9426,52.0086],[70.9426,52.0086],[70.9426,52.0086],[70.9426,52.0086],[70.9425,52.0086],[70.9425,52.0086],[70.9425,52.0086],[70.9425,52.0086],[70.9425,52.0086],[70.9425,52.0086],[70.9425,52.0086],[70.9425,52.0086],[70.9425,52.0086],[70.9425,52.0086],[70.9425,52.0086],[70.9425,52.0086],[70.9425,52.0086],[70.9425,52.0086],[70.9425,52.0086],[70.9425,52.0087],[70.9425,52.0087],[70.9425,52.0087],[70.9425,52.0087],[70.9425,52.0087],[70.9424,52.0087],[70.9424,52.0087],[70.9424,52.0087],[70.9424,52.0087],[70.9424,52.0087],[70.9424,52.0087],[70.9424,52.0087],[70.9424,52.0087],[70.9424,52.0087],[70.9424,52.0087],[70.9424,52.0088],[70.9424,52.0088],[70.9424,52.0088],[70.9424,52.0088],[70.9424,52.0088],[70.9424,52.0088],[70.9424,52.0088],[70.9424,52.0088],[70.9424,52.0088],[70.9424,52.0088],[70.9424,52.0088],[70.9424,52.0088],[70.9424,52.0088],[70.9424,52.0088],[70.9424,52.0088],[70.9424,52.0089],[70.9424,52.0089],[70.9424,52.0089],[70.9424,52.0089],[70.9424,52.0089],[70.9424,52.0089],[70.9424,52.0089],[70.9424,52.0089],[70.9424,52.0089],[70.9424,52.0089],[70.9424,52.0089],[70.9424,52.0089],[70.9424,52.0089],[70.9424,52.0089],[70.9424,52.0089],[70.9424,52.0089],[70.9424,52.0089],[70.9424,52.0089],[70.9424,52.009],[70.9424,52.009],[70.9424,52.009],[70.9424,52.009],[70.9424,52.009],[70.9424,52.009],[70.9424,52.009],[70.9424,52.009],[70.9424,52.009],[70.9424,52.009],[70.9424,52.009],[70.9424,52.009],[70.9424,52.009],[70.9424,52.009],[70.9424,52.009],[70.9424,52.009],[70.9424,52.009],[70.9424,52.0091],[70.9424,52.0091],[70.9424,52.0091],[70.9424,52.0091],[70.9424,52.0091],[70.9424,52.0091],[70.9424,52.0091],[70.9424,52.0091],[70.9424,52.0091],[70.9424,52.0091],[70.9424,52.0091],[70.9424,52.0091],[70.9424,52.0091],[70.9424,52.0091],[70.9424,52.0091],[70.9425,52.0091],[70.9425,52.0091],[70.9425,52.0091],[70.9425,52.0092],[70.9425,52.0092],[70.9425,52.0092],[70.9425,52.0092],[70.9425,52.0092],[70.9425,52.0092],[70.9425,52.0092],[70.9425,52.0092],[70.9425,52.0092],[70.9425,52.0092],[70.9425,52.0092],[70.9425,52.0092],[70.9425,52.0092],[70.9425,52.0092],[70.9425,52.0092],[70.9425,52.0092],[70.9425,52.0092],[70.9425,52.0092],[70.9425,52.0093],[70.9425,52.0093],[70.9425,52.0093],[70.9425,52.0093],[70.9425,52.0093],[70.9425,52.0093],[70.9425,52.0093],[70.9425,52.0093],[70.9425,52.0093],[70.9425,52.0093],[70.9425,52.0093],[70.9425,52.0093],[70.9425,52.0093],[70.9425,52.0093],[70.9425,52.0093],[70.9425,52.0093],[70.9425,52.0093],[70.9425,52.0093],[70.9425,52.0094],[70.9425,52.0094],[70.9425,52.0094],[70.9425,52.0094],[70.9425,52.0094],[70.9425,52.0094],[70.9425,52.0094],[70.9425,52.0094],[70.9425,52.0094],[70.9425,52.0094],[70.9425,52.0095],[70.9425,52.0095],[70.9425,52.0095],[70.9425,52.0095],[70.9425,52.0095],[70.9425,52.0095],[70.9425,52.0095],[70.9425,52.0095],[70.9425,52.0095],[70.9425,52.0095],[70.9425,52.0095],[70.9425,52.0095],[70.9425,52.0095],[70.9425,52.0095],[70.9425,52.0095],[70.9425,52.0096],[70.9425,52.0096],[70.9425,52.0096],[70.9425,52.0097],[70.9425,52.0097],[70.9425,52.0097],[70.9425,52.0098],[70.9425,52.0098],[70.9425,52.0098],[70.9425,52.0099],[70.9425,52.0099],[70.9425,52.01],[70.9426,52.01],[70.9426,52.01],[70.9426,52.0101],[70.9426,52.0101],[70.9426,52.0101],[70.9426,52.0101],[70.9426,52.0101],[70.9426,52.0102],[70.9426,52.0102],[70.9426,52.0102],[70.9426,52.0102],[70.9426,52.0102],[70.9426,52.0102],[70.9426,52.0102],[70.9426,52.0102],[70.9426,52.0102],[70.9426,52.0102],[70.9426,52.0102],[70.9426,52.0102],[70.9426,52.0102],[70.9426,52.0102],[70.9426,52.0102],[70.9426,52.0102],[70.9426,52.0102],[70.9426,52.0102],[70.9426,52.0103],[70.9426,52.0103],[70.9426,52.0103],[70.9426,52.0103],[70.9426,52.0103],[70.9426,52.0103],[70.9426,52.0103],[70.9426,52.0103],[70.9426,52.0103],[70.9426,52.0103],[70.9426,52.0103],[70.9426,52.0103],[70.9426,52.0103],[70.9426,52.0103],[70.9426,52.0103],[70.9426,52.0103],[70.9426,52.0103],[70.9426,52.0103],[70.9426,52.0104],[70.9426,52.0104],[70.9426,52.0104],[70.9426,52.0104],[70.9426,52.0104],[70.9426,52.0104],[70.9426,52.0104],[70.9426,52.0104],[70.9426,52.0104],[70.9426,52.0104],[70.9426,52.0104],[70.9426,52.0104],[70.9426,52.0104],[70.9426,52.0104],[70.9426,52.0104],[70.9426,52.0104],[70.9426,52.0104],[70.9426,52.0104],[70.9426,52.0104],[70.9426,52.0105],[70.9426,52.0105],[70.9426,52.0105],[70.9426,52.0105],[70.9426,52.0105],[70.9426,52.0105],[70.9426,52.0105],[70.9426,52.0105],[70.9426,52.0105],[70.9426,52.0105],[70.9426,52.0105],[70.9426,52.0105],[70.9426,52.0105],[70.9426,52.0105],[70.9426,52.0105],[70.9426,52.0105],[70.9426,52.0105],[70.9426,52.0106],[70.9426,52.0106],[70.9426,52.0106],[70.9426,52.0106],[70.9427,52.0106],[70.9427,52.0106],[70.9427,52.0106],[70.9427,52.0106],[70.9427,52.0106],[70.9427,52.0106],[70.9427,52.0106],[70.9427,52.0106],[70.9427,52.0106],[70.9427,52.0106],[70.9427,52.0106],[70.9427,52.0106],[70.9427,52.0106],[70.9427,52.0106],[70.9427,52.0107],[70.9427,52.0107],[70.9427,52.0107],[70.9427,52.0107],[70.9427,52.0107],[70.9427,52.0107],[70.9427,52.0107],[70.9427,52.0107],[70.9427,52.0107],[70.9427,52.0107],[70.9428,52.0107],[70.9428,52.0107],[70.9428,52.0107],[70.9428,52.0107],[70.9428,52.0107],[70.9428,52.0107],[70.9428,52.0107],[70.9428,52.0107],[70.9428,52.0107],[70.9428,52.0107],[70.9428,52.0107],[70.9428,52.0107],[70.9428,52.0107],[70.9428,52.0107],[70.9429,52.0108],[70.9429,52.0108],[70.9429,52.0108],[70.9429,52.0108],[70.9429,52.0108],[70.9429,52.0108],[70.9429,52.0108],[70.9429,52.0108],[70.9429,52.0108],[70.9429,52.0108],[70.943,52.0108],[70.943,52.0108],[70.943,52.0108],[70.943,52.0108],[70.943,52.0108],[70.943,52.0108],[70.943,52.0108],[70.943,52.0108],[70.943,52.0108],[70.9431,52.0108],[70.9431,52.0108],[70.9431,52.0108],[70.9431,52.0108],[70.9431,52.0108],[70.9431,52.0108],[70.9431,52.0108],[70.9431,52.0108],[70.9431,52.0109],[70.9432,52.0109],[70.9432,52.0109],[70.9432,52.0109],[70.9432,52.0109],[70.9432,52.0109],[70.9432,52.0109],[70.9432,52.0109],[70.9432,52.0109],[70.9433,52.0109],[70.9433,52.0109],[70.9433,52.0109],[70.9433,52.0109],[70.9433,52.0109],[70.9433,52.0109],[70.9433,52.0109],[70.9433,52.0109],[70.9433,52.0109],[70.9434,52.0109],[70.9434,52.0109],[70.9434,52.0109],[70.9434,52.0109],[70.9434,52.0109],[70.9434,52.0109],[70.9434,52.0109],[70.9434,52.0109],[70.9435,52.0109],[70.9435,52.0109],[70.9435,52.0109],[70.9435,52.0109],[70.9435,52.0109],[70.9435,52.0109],[70.9435,52.0109],[70.9436,52.0109],[70.9436,52.0109],[70.9436,52.0109],[70.9436,52.0109],[70.9436,52.0109],[70.9436,52.0109],[70.9436,52.0109],[70.9436,52.0109],[70.9436,52.0109],[70.9436,52.0109],[70.9436,52.0109],[70.9436,52.0108],[70.9436,52.0108],[70.9436,52.0108],[70.9436,52.0108],[70.9436,52.0108],[70.9436,52.0108],[70.9436,52.0108],[70.9436,52.0108],[70.9436,52.0108],[70.9436,52.0108],[70.9436,52.0108],[70.9436,52.0108],[70.9436,52.0108],[70.9436,52.0108],[70.9436,52.0107],[70.9436,52.0107],[70.9436,52.0107],[70.9436,52.0107],[70.9436,52.0107],[70.9436,52.0107],[70.9435,52.0107],[70.9435,52.0107],[70.9435,52.0107],[70.9435,52.0107],[70.9435,52.0107],[70.9435,52.0107],[70.9435,52.0107],[70.9435,52.0107],[70.9435,52.0106],[70.9435,52.0106],[70.9435,52.0106],[70.9435,52.0106],[70.9435,52.0106],[70.9435,52.0106],[70.9435,52.0106],[70.9435,52.0106],[70.9435,52.0106],[70.9435,52.0106],[70.9435,52.0106],[70.9435,52.0106],[70.9435,52.0106],[70.9435,52.0106],[70.9435,52.0106],[70.9435,52.0105],[70.9435,52.0105],[70.9435,52.0105],[70.9435,52.0105],[70.9435,52.0105],[70.9435,52.0105],[70.9435,52.0105],[70.9435,52.0105],[70.9435,52.0105],[70.9435,52.0105],[70.9435,52.0105],[70.9435,52.0105],[70.9435,52.0105],[70.9435,52.0105],[70.9435,52.0104],[70.9435,52.0104],[70.9435,52.0104],[70.9435,52.0104],[70.9435,52.0104],[70.9435,52.0104],[70.9435,52.0104],[70.9435,52.0104],[70.9435,52.0104],[70.9435,52.0104],[70.9435,52.0104],[70.9435,52.0104],[70.9435,52.0104],[70.9435,52.0104],[70.9435,52.0103],[70.9435,52.0103],[70.9435,52.0103],[70.9435,52.0103],[70.9435,52.0103],[70.9435,52.0103],[70.9435,52.0103],[70.9435,52.0103],[70.9435,52.0103],[70.9435,52.0103],[70.9435,52.0103],[70.9435,52.0103],[70.9435,52.0103],[70.9435,52.0103],[70.9435,52.0102],[70.9435,52.0102],[70.9435,52.0102],[70.9435,52.0102],[70.9435,52.0102],[70.9435,52.0102],[70.9435,52.0102],[70.9435,52.0102],[70.9435,52.0102],[70.9435,52.0102],[70.9435,52.0102],[70.9435,52.0102],[70.9435,52.0102],[70.9435,52.0102],[70.9435,52.0101],[70.9435,52.0101],[70.9435,52.0101],[70.9434,52.0101],[70.9434,52.0101],[70.9434,52.0101],[70.9434,52.0101],[70.9434,52.0101],[70.9434,52.0101],[70.9434,52.0101],[70.9434,52.0101],[70.9434,52.0101],[70.9434,52.0101],[70.9434,52.0101],[70.9434,52.01],[70.9434,52.01],[70.9434,52.01],[70.9434,52.01],[70.9434,52.01],[70.9434,52.01],[70.9434,52.01],[70.9434,52.01],[70.9434,52.01],[70.9434,52.01],[70.9434,52.01],[70.9434,52.01],[70.9434,52.01],[70.9434,52.01],[70.9434,52.0099],[70.9434,52.0099],[70.9434,52.0099],[70.9434,52.0099],[70.9434,52.0099],[70.9434,52.0099],[70.9434,52.0099],[70.9434,52.0099],[70.9434,52.0099],[70.9434,52.0099],[70.9434,52.0099],[70.9434,52.0099],[70.9434,52.0099],[70.9434,52.0098],[70.9434,52.0098],[70.9434,52.0098],[70.9434,52.0098],[70.9434,52.0098],[70.9434,52.0098],[70.9434,52.0098],[70.9434,52.0098],[70.9434,52.0098],[70.9434,52.0098],[70.9434,52.0098],[70.9434,52.0098],[70.9434,52.0097],[70.9434,52.0097],[70.9434,52.0097],[70.9434,52.0097],[70.9434,52.0097],[70.9434,52.0097],[70.9434,52.0097],[70.9434,52.0097],[70.9434,52.0097],[70.9434,52.0097],[70.9434,52.0097],[70.9434,52.0097],[70.9434,52.0097],[70.9434,52.0096],[70.9434,52.0096],[70.9434,52.0096],[70.9434,52.0096],[70.9434,52.0096],[70.9434,52.0096],[70.9434,52.0096],[70.9434,52.0096],[70.9434,52.0096],[70.9434,52.0096],[70.9434,52.0096],[70.9434,52.0096],[70.9434,52.0096],[70.9434,52.0095],[70.9434,52.0095],[70.9434,52.0095],[70.9434,52.0095],[70.9434,52.0095],[70.9434,52.0095],[70.9434,52.0095],[70.9433,52.0095],[70.9433,52.0095],[70.9433,52.0095],[70.9433,52.0095],[70.9433,52.0095],[70.9433,52.0095],[70.9433,52.0094],[70.9433,52.0094],[70.9433,52.0094],[70.9433,52.0094],[70.9433,52.0094],[70.9433,52.0094],[70.9433,52.0094],[70.9433,52.0094],[70.9433,52.0094],[70.9433,52.0094],[70.9433,52.0094],[70.9433,52.0094],[70.9433,52.0093],[70.9433,52.0093],[70.9433,52.0093],[70.9433,52.0093],[70.9433,52.0093],[70.9433,52.0093],[70.9433,52.0093],[70.9433,52.0093],[70.9433,52.0093],[70.9433,52.0093],[70.9433,52.0093],[70.9433,52.0093],[70.9433,52.0093],[70.9433,52.0092],[70.9433,52.0092],[70.9433,52.0092],[70.9433,52.0092],[70.9433,52.0092],[70.9433,52.0092],[70.9433,52.0092],[70.9433,52.0092],[70.9433,52.0092],[70.9433,52.0092],[70.9433,52.0092],[70.9433,52.0092],[70.9433,52.0092],[70.9433,52.0091],[70.9433,52.0091],[70.9433,52.0091],[70.9433,52.0091],[70.9433,52.0091],[70.9433,52.0091],[70.9433,52.0091],[70.9433,52.0091],[70.9433,52.0091],[70.9433,52.009],[70.9433,52.009],[70.9433,52.009],[70.9433,52.009],[70.9433,52.009],[70.9433,52.009],[70.9433,52.009],[70.9433,52.009],[70.9433,52.009],[70.9433,52.009],[70.9433,52.009],[70.9433,52.009],[70.9433,52.009],[70.9433,52.0089],[70.9433,52.0089],[70.9433,52.0089],[70.9433,52.0089],[70.9433,52.0089],[70.9433,52.0089],[70.9433,52.0089],[70.9433,52.0089],[70.9433,52.0089],[70.9433,52.0089],[70.9433,52.0089],[70.9433,52.0089],[70.9433,52.0088],[70.9433,52.0088],[70.9433,52.0088],[70.9433,52.0088],[70.9433,52.0088],[70.9433,52.0088],[70.9433,52.0088],[70.9433,52.0088],[70.9433,52.0088],[70.9433,52.0088],[70.9433,52.0088],[70.9433,52.0088],[70.9433,52.0087],[70.9433,52.0087],[70.9433,52.0087],[70.9433,52.0087],[70.9433,52.0087],[70.9433,52.0087],[70.9433,52.0087],[70.9433,52.0087],[70.9433,52.0085]]]],"type":"MultiPolygon"},"geometry_name":"shape","id":"gp_functional_zones.fid--7752831e_19fb67eabdc_7d57","properties":{"area":1.50479089875098,"creation_doc_id":3617,"deactivation_doc_id":null,"func_zone_status_id":2,"ggk_zone_code":"11010000","ggk_zone_name":"Территория усадебной застройки","gp_func_zone_code":"11010000","gp_func_zone_code_id":19,"id":4731854,"zone_type_id":8},"type":"Feature"},{"bbox":[70.9333,52.0081,70.935,52.0105],"geometry":{"coordinates":[[[[70.9347,52.0083],[70.9338,52.0081],[70.9336,52.0088],[70.9334,52.0094],[70.9334,52.0095],[70.9334,52.0095],[70.9334,52.0095],[70.9334,52.0095],[70.9334,52.0096],[70.9334,52.0096],[70.9334,52.0096],[70.9334,52.0096],[70.9334,52.0097],[70.9334,52.0097],[70.9334,52.0097],[70.9333,52.0097],[70.9333,52.0098],[70.9333,52.0098],[70.9333,52.0098],[70.9333,52.0099],[70.9333,52.0099],[70.9334,52.0099],[70.9334,52.0099],[70.9334,52.0099],[70.9335,52.0099],[70.9335,52.01],[70.9335,52.01],[70.9336,52.01],[70.9336,52.01],[70.9337,52.01],[70.9337,52.01],[70.9337,52.0101],[70.9338,52.0101],[70.9338,52.0101],[70.9339,52.0101],[70.9339,52.0101],[70.9339,52.0101],[70.934,52.0102],[70.934,52.0102],[70.9341,52.0102],[70.9341,52.0102],[70.9341,52.0102],[70.9341,52.0102],[70.9342,52.0102],[70.9342,52.0102],[70.9343,52.0103],[70.9343,52.0103],[70.9343,52.0103],[70.9344,52.0103],[70.9344,52.0103],[70.9345,52.0103],[70.9345,52.0103],[70.9345,52.0103],[70.9346,52.0104],[70.9346,52.0104],[70.9346,52.0104],[70.9347,52.0104],[70.9347,52.0104],[70.9348,52.0104],[70.9348,52.0104],[70.9348,52.0105],[70.9349,52.0105],[70.9349,52.0105],[70.935,52.0105],[70.935,52.0102],[70.9341,52.0099],[70.9341,52.0093],[70.9347,52.0083]]]],"type":"MultiPolygon"},"geometry_name":"shape","id":"gp_functional_zones.fid--7752831e_19fb67eabdc_7d58","properties":{"area":1.28472909679529,"creation_doc_id":3617,"deactivation_doc_id":null,"func_zone_status_id":2,"ggk_zone_code":"11010000","ggk_zone_name":"Территория усадебной застройки","gp_func_zone_code":"11010000","gp_func_zone_code_id":19,"id":4731855,"zone_type_id":8},"type":"Feature"},{"bbox":[70.9268,52.0072,70.9326,52.0106],"geometry":{"coordinates":[[[[70.9316,52.0074],[70.9307,52.0072],[70.9305,52.0074],[70.9305,52.0074],[70.9305,52.0074],[70.9305,52.0075],[70.9305,52.0075],[70.9305,52.0075],[70.9305,52.0075],[70.9305,52.0075],[70.9304,52.0075],[70.9304,52.0075],[70.9304,52.0075],[70.9304,52.0075],[70.9304,52.0075],[70.9304,52.0075],[70.9304,52.0075],[70.9304,52.0075],[70.9303,52.0076],[70.9303,52.0076],[70.9303,52.0076],[70.9303,52.0076],[70.9303,52.0076],[70.9303,52.0076],[70.9302,52.0076],[70.9302,52.0076],[70.9302,52.0076],[70.9302,52.0076],[70.9302,52.0076],[70.9302,52.0076],[70.9302,52.0076],[70.9302,52.0077],[70.9302,52.0077],[70.9302,52.0077],[70.9301,52.0077],[70.9301,52.0077],[70.9301,52.0077],[70.9301,52.0077],[70.9301,52.0077],[70.9301,52.0078],[70.9301,52.0078],[70.9301,52.0078],[70.9301,52.0078],[70.9301,52.0078],[70.9301,52.0078],[70.9301,52.0078],[70.9301,52.0078],[70.9301,52.0079],[70.9301,52.0079],[70.9301,52.0079],[70.9301,52.0079],[70.9301,52.0079],[70.93,52.0079],[70.93,52.0079],[70.93,52.008],[70.93,52.008],[70.93,52.008],[70.93,52.008],[70.93,52.008],[70.93,52.008],[70.93,52.008],[70.93,52.008],[70.93,52.008],[70.93,52.008],[70.93,52.0081],[70.93,52.0081],[70.93,52.0081],[70.93,52.0081],[70.9299,52.0081],[70.9299,52.0081],[70.9299,52.0081],[70.9299,52.0081],[70.9299,52.0081],[70.9299,52.0081],[70.9299,52.0081],[70.9299,52.0082],[70.9299,52.0082],[70.9299,52.0082],[70.9299,52.0082],[70.9299,52.0082],[70.9299,52.0082],[70.9298,52.0082],[70.9298,52.0082],[70.9298,52.0082],[70.9298,52.0082],[70.9298,52.0082],[70.9298,52.0083],[70.9298,52.0083],[70.9297,52.0083],[70.9297,52.0084],[70.9297,52.0084],[70.9296,52.0084],[70.9296,52.0084],[70.9296,52.0085],[70.9296,52.0085],[70.9296,52.0085],[70.9295,52.0085],[70.9295,52.0085],[70.9295,52.0085],[70.9295,52.0086],[70.9295,52.0086],[70.9295,52.0086],[70.9295,52.0086],[70.9294,52.0086],[70.9294,52.0086],[70.9294,52.0086],[70.9294,52.0086],[70.9294,52.0086],[70.9294,52.0086],[70.9294,52.0087],[70.9294,52.0087],[70.9294,52.0087],[70.9293,52.0087],[70.9293,52.0087],[70.9293,52.0087],[70.9293,52.0087],[70.9293,52.0087],[70.9293,52.0087],[70.9293,52.0087],[70.9292,52.0087],[70.9292,52.0088],[70.9292,52.0088],[70.9292,52.0088],[70.9292,52.0088],[70.9292,52.0088],[70.9292,52.0088],[70.9291,52.0088],[70.9291,52.0088],[70.9291,52.0088],[70.9291,52.0088],[70.9291,52.0088],[70.9291,52.0088],[70.9291,52.0089],[70.9291,52.0089],[70.9291,52.0089],[70.9291,52.0089],[70.929,52.0089],[70.929,52.0089],[70.929,52.0089],[70.929,52.0089],[70.929,52.0089],[70.929,52.0089],[70.929,52.0089],[70.929,52.0089],[70.929,52.0089],[70.929,52.0089],[70.9289,52.0089],[70.9289,52.0089],[70.9289,52.0089],[70.9289,52.009],[70.9289,52.009],[70.9289,52.009],[70.9289,52.009],[70.9289,52.009],[70.9289,52.009],[70.9289,52.009],[70.9289,52.009],[70.9289,52.009],[70.9288,52.009],[70.9288,52.009],[70.9288,52.009],[70.9288,52.009],[70.9288,52.009],[70.9288,52.009],[70.9288,52.009],[70.9288,52.009],[70.9288,52.0091],[70.9287,52.0091],[70.9287,52.0091],[70.9287,52.0091],[70.9287,52.0091],[70.9287,52.0091],[70.9287,52.0091],[70.9286,52.0091],[70.9286,52.0091],[70.9286,52.0091],[70.9286,52.0091],[70.9286,52.0092],[70.9286,52.0092],[70.9285,52.0092],[70.9285,52.0092],[70.9285,52.0092],[70.9285,52.0092],[70.9285,52.0092],[70.9285,52.0092],[70.9284,52.0092],[70.9284,52.0092],[70.9284,52.0092],[70.9284,52.0092],[70.9284,52.0093],[70.9284,52.0093],[70.9283,52.0093],[70.9283,52.0093],[70.9283,52.0093],[70.9283,52.0093],[70.9283,52.0093],[70.9282,52.0093],[70.9282,52.0093],[70.9282,52.0093],[70.9282,52.0093],[70.9282,52.0093],[70.9282,52.0093],[70.9281,52.0093],[70.9281,52.0093],[70.9281,52.0094],[70.9281,52.0094],[70.9281,52.0094],[70.9281,52.0094],[70.9281,52.0094],[70.928,52.0094],[70.928,52.0094],[70.928,52.0094],[70.928,52.0094],[70.928,52.0094],[70.928,52.0094],[70.9279,52.0094],[70.9279,52.0094],[70.9279,52.0094],[70.9279,52.0094],[70.9279,52.0094],[70.9279,52.0095],[70.9278,52.0095],[70.9278,52.0095],[70.9278,52.0095],[70.9278,52.0095],[70.9278,52.0095],[70.9278,52.0095],[70.9277,52.0095],[70.9277,52.0095],[70.9277,52.0095],[70.9277,52.0095],[70.9277,52.0095],[70.9276,52.0095],[70.9276,52.0095],[70.9276,52.0095],[70.9276,52.0095],[70.9276,52.0096],[70.9276,52.0096],[70.9275,52.0096],[70.9275,52.0096],[70.9275,52.0096],[70.9275,52.0096],[70.9275,52.0096],[70.9274,52.0096],[70.9274,52.0096],[70.9274,52.0096],[70.9274,52.0096],[70.9274,52.0096],[70.9273,52.0096],[70.9273,52.0096],[70.9273,52.0096],[70.9273,52.0096],[70.9273,52.0097],[70.9272,52.0097],[70.9272,52.0097],[70.9272,52.0097],[70.9272,52.0097],[70.9272,52.0097],[70.9271,52.0097],[70.9271,52.0097],[70.9271,52.0097],[70.9271,52.0097],[70.9271,52.0097],[70.927,52.0097],[70.927,52.0097],[70.927,52.0097],[70.927,52.0097],[70.927,52.0097],[70.9269,52.0097],[70.9269,52.0097],[70.9269,52.0097],[70.9269,52.0097],[70.9269,52.0098],[70.9269,52.0098],[70.9268,52.0098],[70.9271,52.0101],[70.9276,52.0106],[70.9276,52.0106],[70.9276,52.0106],[70.9291,52.0101],[70.93,52.0099],[70.9301,52.0098],[70.9301,52.0098],[70.931,52.0095],[70.931,52.0095],[70.931,52.0095],[70.9311,52.0095],[70.9311,52.0095],[70.9311,52.0095],[70.9311,52.0095],[70.9311,52.0095],[70.9311,52.0095],[70.9311,52.0095],[70.9311,52.0095],[70.9311,52.0095],[70.9312,52.0095],[70.9312,52.0095],[70.9312,52.0095],[70.9312,52.0095],[70.9312,52.0095],[70.9312,52.0095],[70.9312,52.0095],[70.9312,52.0095],[70.9312,52.0095],[70.9313,52.0094],[70.9313,52.0094],[70.9313,52.0094],[70.9313,52.0094],[70.9313,52.0094],[70.9313,52.0094],[70.9313,52.0094],[70.9313,52.0094],[70.9313,52.0094],[70.9314,52.0094],[70.9314,52.0094],[70.9314,52.0094],[70.9314,52.0094],[70.9314,52.0094],[70.9314,52.0094],[70.9314,52.0094],[70.9314,52.0094],[70.9314,52.0093],[70.9315,52.0093],[70.9315,52.0093],[70.9315,52.0093],[70.9315,52.0093],[70.9315,52.0093],[70.9315,52.0093],[70.9315,52.0093],[70.9315,52.0093],[70.9315,52.0093],[70.9315,52.0092],[70.9315,52.0092],[70.9315,52.0092],[70.9315,52.0092],[70.9316,52.0092],[70.9316,52.0092],[70.9316,52.0092],[70.9316,52.0092],[70.9316,52.0092],[70.9316,52.0092],[70.9316,52.0092],[70.9316,52.0091],[70.9316,52.0091],[70.9316,52.0091],[70.9316,52.0091],[70.9316,52.0091],[70.9316,52.0091],[70.9317,52.0091],[70.9317,52.0091],[70.9317,52.0091],[70.9317,52.0091],[70.9317,52.009],[70.9317,52.009],[70.9317,52.009],[70.9317,52.009],[70.9317,52.009],[70.9317,52.009],[70.9317,52.009],[70.9317,52.009],[70.9317,52.009],[70.9317,52.009],[70.9317,52.009],[70.9318,52.009],[70.9318,52.009],[70.9318,52.009],[70.9318,52.009],[70.9318,52.009],[70.9318,52.0089],[70.9318,52.0089],[70.9318,52.0089],[70.9318,52.0089],[70.9318,52.0089],[70.9318,52.0089],[70.9318,52.0089],[70.9318,52.0089],[70.9318,52.0089],[70.9318,52.0089],[70.9318,52.0089],[70.9318,52.0089],[70.9318,52.0089],[70.9318,52.0089],[70.9319,52.0089],[70.9319,52.0088],[70.9319,52.0088],[70.9319,52.0088],[70.9319,52.0088],[70.9319,52.0088],[70.9319,52.0088],[70.9319,52.0088],[70.9319,52.0088],[70.9319,52.0088],[70.9319,52.0088],[70.9319,52.0088],[70.9319,52.0087],[70.9319,52.0087],[70.932,52.0087],[70.932,52.0087],[70.932,52.0087],[70.932,52.0087],[70.932,52.0087],[70.932,52.0087],[70.932,52.0086],[70.932,52.0086],[70.932,52.0086],[70.932,52.0086],[70.9321,52.0086],[70.9321,52.0086],[70.9321,52.0086],[70.9321,52.0086],[70.9321,52.0085],[70.9321,52.0085],[70.9321,52.0085],[70.9321,52.0085],[70.9321,52.0085],[70.9321,52.0085],[70.9321,52.0085],[70.9321,52.0084],[70.9322,52.0084],[70.9322,52.0084],[70.9322,52.0084],[70.9322,52.0084],[70.9322,52.0084],[70.9322,52.0084],[70.9322,52.0084],[70.9322,52.0084],[70.9322,52.0083],[70.9322,52.0083],[70.9322,52.0083],[70.9322,52.0083],[70.9322,52.0083],[70.9322,52.0083],[70.9323,52.0083],[70.9323,52.0083],[70.9323,52.0083],[70.9323,52.0082],[70.9323,52.0082],[70.9323,52.0082],[70.9323,52.0082],[70.9323,52.0082],[70.9323,52.0082],[70.9323,52.0082],[70.9323,52.0082],[70.9323,52.0082],[70.9323,52.0082],[70.9323,52.0081],[70.9323,52.0081],[70.9324,52.0081],[70.9324,52.0081],[70.9324,52.0081],[70.9324,52.0081],[70.9324,52.0081],[70.9324,52.0081],[70.9324,52.0081],[70.9324,52.008],[70.9324,52.008],[70.9324,52.008],[70.9324,52.008],[70.9324,52.008],[70.9324,52.008],[70.9324,52.008],[70.9325,52.008],[70.9325,52.008],[70.9325,52.008],[70.9325,52.0079],[70.9325,52.0079],[70.9325,52.0079],[70.9325,52.0079],[70.9325,52.0079],[70.9325,52.0079],[70.9325,52.0079],[70.9325,52.0079],[70.9325,52.0079],[70.9325,52.0078],[70.9325,52.0078],[70.9325,52.0078],[70.9326,52.0078],[70.9326,52.0078],[70.9326,52.0078],[70.9326,52.0078],[70.9326,52.0078],[70.9326,52.0078],[70.9326,52.0078],[70.9326,52.0077],[70.9326,52.0077],[70.9326,52.0077],[70.9316,52.0074]]]],"type":"MultiPolygon"},"geometry_name":"shape","id":"gp_functional_zones.fid--7752831e_19fb67eabdc_7d59","properties":{"area":6.03087427615645,"creation_doc_id":3617,"deactivation_doc_id":null,"func_zone_status_id":2,"ggk_zone_code":"11010000","ggk_zone_name":"Территория усадебной застройки","gp_func_zone_code":"11010000","gp_func_zone_code_id":19,"id":4731856,"zone_type_id":8},"type":"Feature"},{"bbox":[70.9248,52.0086,70.9262,52.01],"geometry":{"coordinates":[[[[70.9256,52.0087],[70.9255,52.0086],[70.9248,52.01],[70.9262,52.0093],[70.9262,52.0093],[70.9262,52.0093],[70.9262,52.0093],[70.9262,52.0093],[70.9262,52.0093],[70.9262,52.0093],[70.9262,52.0093],[70.9262,52.0093],[70.9262,52.0093],[70.9262,52.0093],[70.9262,52.0093],[70.9262,52.0093],[70.9262,52.0093],[70.9261,52.0093],[70.9261,52.0093],[70.9261,52.0093],[70.9261,52.0093],[70.9261,52.0093],[70.9261,52.0093],[70.9261,52.0093],[70.9261,52.0093],[70.9261,52.0093],[70.9261,52.0093],[70.9261,52.0093],[70.9261,52.0093],[70.9261,52.0092],[70.9261,52.0092],[70.9261,52.0092],[70.9261,52.0092],[70.9261,52.0092],[70.9261,52.0092],[70.9261,52.0092],[70.9261,52.0092],[70.9261,52.0092],[70.9261,52.0092],[70.9261,52.0092],[70.9261,52.0092],[70.9261,52.0092],[70.9261,52.0092],[70.9261,52.0092],[70.9261,52.0092],[70.9261,52.0092],[70.9261,52.0092],[70.9261,52.0092],[70.9261,52.0092],[70.9261,52.0092],[70.926,52.0092],[70.926,52.0092],[70.926,52.0092],[70.926,52.0092],[70.926,52.0092],[70.926,52.0092],[70.926,52.0092],[70.926,52.0092],[70.926,52.0092],[70.926,52.0092],[70.926,52.0092],[70.926,52.0091],[70.926,52.0091],[70.926,52.0091],[70.926,52.0091],[70.926,52.0091],[70.926,52.0091],[70.926,52.0091],[70.926,52.0091],[70.926,52.0091],[70.926,52.0091],[70.926,52.0091],[70.9256,52.0087]]]],"type":"MultiPolygon"},"geometry_name":"shape","id":"gp_functional_zones.fid--7752831e_19fb67eabdc_7d5a","properties":{"area":0.559001541235086,"creation_doc_id":3617,"deactivation_doc_id":null,"func_zone_status_id":2,"ggk_zone_code":"11010000","ggk_zone_name":"Территория усадебной застройки","gp_func_zone_code":"11010000","gp_func_zone_code_id":19,"id":4731857,"zone_type_id":8},"type":"Feature"},{"bbox":[70.932,52.0078,70.9336,52.0097],"geometry":{"coordinates":[[[[70.9336,52.008],[70.9329,52.0078],[70.9329,52.0079],[70.9329,52.0079],[70.9328,52.0079],[70.9328,52.0079],[70.9328,52.008],[70.9328,52.008],[70.9328,52.008],[70.9328,52.008],[70.9328,52.008],[70.9327,52.0081],[70.9327,52.0081],[70.9327,52.0081],[70.9327,52.0081],[70.9327,52.0082],[70.9327,52.0082],[70.9327,52.0082],[70.9326,52.0082],[70.9326,52.0082],[70.9326,52.0083],[70.9326,52.0083],[70.9326,52.0083],[70.9326,52.0083],[70.9326,52.0084],[70.9325,52.0084],[70.9325,52.0084],[70.9325,52.0084],[70.9325,52.0084],[70.9325,52.0085],[70.9325,52.0085],[70.9324,52.0085],[70.9324,52.0085],[70.9324,52.0086],[70.9324,52.0086],[70.9324,52.0086],[70.9324,52.0087],[70.9323,52.0087],[70.9323,52.0087],[70.9323,52.0087],[70.9323,52.0088],[70.9323,52.0088],[70.9322,52.0088],[70.9322,52.0088],[70.9322,52.0089],[70.9322,52.0089],[70.9322,52.0089],[70.9321,52.0089],[70.9321,52.009],[70.9321,52.009],[70.9321,52.009],[70.9321,52.009],[70.932,52.0091],[70.932,52.0091],[70.9324,52.0093],[70.9331,52.0097],[70.9331,52.0097],[70.9331,52.0097],[70.9331,52.0097],[70.9331,52.0097],[70.9331,52.0097],[70.9331,52.0097],[70.9331,52.0096],[70.9332,52.0096],[70.9332,52.0096],[70.9332,52.0096],[70.9332,52.0095],[70.9332,52.0095],[70.9332,52.0095],[70.9332,52.0095],[70.9332,52.0095],[70.9332,52.0094],[70.9332,52.0094],[70.9332,52.0094],[70.9334,52.0088],[70.9336,52.008],[70.9336,52.008]]]],"type":"MultiPolygon"},"geometry_name":"shape","id":"gp_functional_zones.fid--7752831e_19fb67eabdc_7d5b","properties":{"area":1.22487983681605,"creation_doc_id":3617,"deactivation_doc_id":null,"func_zone_status_id":2,"ggk_zone_code":"11010000","ggk_zone_name":"Территория усадебной застройки","gp_func_zone_code":"11010000","gp_func_zone_code_id":19,"id":4731858,"zone_type_id":8},"type":"Feature"},{"bbox":[70.9265,52.0069,70.9304,52.0096],"geometry":{"coordinates":[[[[70.9304,52.0071],[70.9289,52.0069],[70.9285,52.0082],[70.9285,52.0082],[70.9285,52.0082],[70.9285,52.0082],[70.9285,52.0082],[70.9285,52.0082],[70.9285,52.0082],[70.9285,52.0082],[70.9284,52.0082],[70.9284,52.0082],[70.9284,52.0082],[70.9284,52.0083],[70.9284,52.0083],[70.9284,52.0083],[70.9284,52.0083],[70.9284,52.0083],[70.9284,52.0083],[70.9284,52.0083],[70.9284,52.0083],[70.9284,52.0083],[70.9284,52.0083],[70.9284,52.0083],[70.9284,52.0083],[70.9284,52.0083],[70.9284,52.0083],[70.9284,52.0083],[70.9284,52.0083],[70.9284,52.0083],[70.9284,52.0083],[70.9284,52.0083],[70.9284,52.0084],[70.9284,52.0084],[70.9284,52.0084],[70.9284,52.0084],[70.9284,52.0084],[70.9284,52.0084],[70.9284,52.0084],[70.9283,52.0084],[70.9283,52.0084],[70.9283,52.0084],[70.9283,52.0084],[70.9283,52.0084],[70.9283,52.0084],[70.9283,52.0084],[70.9283,52.0084],[70.9283,52.0084],[70.9283,52.0084],[70.9283,52.0084],[70.9283,52.0084],[70.9283,52.0085],[70.9283,52.0085],[70.9283,52.0085],[70.9283,52.0085],[70.9283,52.0085],[70.9283,52.0085],[70.9283,52.0085],[70.9283,52.0085],[70.9282,52.0085],[70.9282,52.0085],[70.9282,52.0085],[70.9282,52.0085],[70.9282,52.0085],[70.9282,52.0085],[70.9282,52.0085],[70.9282,52.0085],[70.9282,52.0085],[70.9282,52.0085],[70.9282,52.0085],[70.9282,52.0085],[70.9282,52.0086],[70.9282,52.0086],[70.9282,52.0086],[70.9281,52.0086],[70.9281,52.0086],[70.9281,52.0086],[70.9265,52.0094],[70.9265,52.0094],[70.9265,52.0094],[70.9265,52.0094],[70.9265,52.0094],[70.9265,52.0094],[70.9265,52.0094],[70.9265,52.0094],[70.9265,52.0094],[70.9265,52.0094],[70.9265,52.0094],[70.9265,52.0094],[70.9265,52.0094],[70.9265,52.0094],[70.9266,52.0094],[70.9266,52.0094],[70.9266,52.0095],[70.9266,52.0095],[70.9266,52.0095],[70.9266,52.0095],[70.9266,52.0095],[70.9266,52.0095],[70.9266,52.0095],[70.9266,52.0095],[70.9266,52.0095],[70.9266,52.0095],[70.9266,52.0095],[70.9266,52.0095],[70.9266,52.0095],[70.9266,52.0095],[70.9266,52.0095],[70.9266,52.0095],[70.9266,52.0095],[70.9266,52.0096],[70.9267,52.0096],[70.9267,52.0096],[70.9267,52.0096],[70.9267,52.0096],[70.9267,52.0096],[70.9267,52.0096],[70.9267,52.0096],[70.9267,52.0096],[70.9267,52.0096],[70.9267,52.0096],[70.9267,52.0096],[70.9267,52.0096],[70.9268,52.0096],[70.9268,52.0096],[70.9268,52.0096],[70.9268,52.0096],[70.9268,52.0096],[70.9268,52.0096],[70.9268,52.0096],[70.9268,52.0096],[70.9268,52.0096],[70.9268,52.0096],[70.9269,52.0096],[70.9269,52.0096],[70.9269,52.0096],[70.9269,52.0096],[70.9269,52.0096],[70.9269,52.0095],[70.9269,52.0095],[70.9269,52.0095],[70.9269,52.0095],[70.927,52.0095],[70.927,52.0095],[70.927,52.0095],[70.927,52.0095],[70.927,52.0095],[70.927,52.0095],[70.927,52.0095],[70.927,52.0095],[70.927,52.0095],[70.927,52.0095],[70.9271,52.0095],[70.9271,52.0095],[70.9271,52.0095],[70.9271,52.0095],[70.9271,52.0095],[70.9271,52.0095],[70.9271,52.0095],[70.9271,52.0095],[70.9271,52.0095],[70.9271,52.0095],[70.9271,52.0095],[70.9272,52.0095],[70.9272,52.0095],[70.9272,52.0095],[70.9272,52.0095],[70.9272,52.0095],[70.9272,52.0095],[70.9272,52.0095],[70.9272,52.0095],[70.9272,52.0095],[70.9272,52.0095],[70.9272,52.0095],[70.9273,52.0095],[70.9273,52.0094],[70.9273,52.0094],[70.9273,52.0094],[70.9273,52.0094],[70.9273,52.0094],[70.9273,52.0094],[70.9273,52.0094],[70.9273,52.0094],[70.9273,52.0094],[70.9273,52.0094],[70.9274,52.0094],[70.9274,52.0094],[70.9274,52.0094],[70.9274,52.0094],[70.9274,52.0094],[70.9274,52.0094],[70.9274,52.0094],[70.9274,52.0094],[70.9274,52.0094],[70.9274,52.0094],[70.9274,52.0094],[70.9275,52.0094],[70.9275,52.0094],[70.9275,52.0094],[70.9275,52.0094],[70.9275,52.0094],[70.9275,52.0094],[70.9275,52.0094],[70.9275,52.0094],[70.9275,52.0094],[70.9275,52.0094],[70.9275,52.0094],[70.9276,52.0094],[70.9276,52.0094],[70.9276,52.0093],[70.9276,52.0093],[70.9276,52.0093],[70.9276,52.0093],[70.9276,52.0093],[70.9276,52.0093],[70.9276,52.0093],[70.9276,52.0093],[70.9276,52.0093],[70.9276,52.0093],[70.9277,52.0093],[70.9277,52.0093],[70.9277,52.0093],[70.9277,52.0093],[70.9277,52.0093],[70.9277,52.0093],[70.9277,52.0093],[70.9277,52.0093],[70.9277,52.0093],[70.9277,52.0093],[70.9277,52.0093],[70.9277,52.0093],[70.9278,52.0093],[70.9278,52.0093],[70.9278,52.0093],[70.9278,52.0093],[70.9278,52.0093],[70.9278,52.0093],[70.9278,52.0093],[70.9278,52.0093],[70.9278,52.0093],[70.9278,52.0093],[70.9278,52.0092],[70.9278,52.0092],[70.9278,52.0092],[70.9279,52.0092],[70.9279,52.0092],[70.9279,52.0092],[70.9279,52.0092],[70.9279,52.0092],[70.9279,52.0092],[70.9279,52.0092],[70.9279,52.0092],[70.9279,52.0092],[70.9279,52.0092],[70.9279,52.0092],[70.9279,52.0092],[70.928,52.0092],[70.928,52.0092],[70.928,52.0092],[70.928,52.0092],[70.928,52.0092],[70.928,52.0092],[70.928,52.0092],[70.928,52.0092],[70.928,52.0092],[70.928,52.0092],[70.928,52.0092],[70.928,52.0092],[70.9281,52.0092],[70.9281,52.0092],[70.9281,52.0092],[70.9281,52.0092],[70.9281,52.0092],[70.9281,52.0091],[70.9281,52.0091],[70.9281,52.0091],[70.9281,52.0091],[70.9281,52.0091],[70.9281,52.0091],[70.9281,52.0091],[70.9281,52.0091],[70.9282,52.0091],[70.9282,52.0091],[70.9282,52.0091],[70.9282,52.0091],[70.9282,52.0091],[70.9282,52.0091],[70.9282,52.0091],[70.9282,52.0091],[70.9282,52.0091],[70.9282,52.0091],[70.9282,52.0091],[70.9282,52.0091],[70.9283,52.0091],[70.9283,52.0091],[70.9283,52.0091],[70.9283,52.0091],[70.9283,52.0091],[70.9283,52.0091],[70.9283,52.0091],[70.9283,52.0091],[70.9283,52.0091],[70.9283,52.009],[70.9283,52.009],[70.9283,52.009],[70.9283,52.009],[70.9284,52.009],[70.9284,52.009],[70.9284,52.009],[70.9284,52.009],[70.9284,52.009],[70.9284,52.009],[70.9284,52.009],[70.9284,52.009],[70.9284,52.009],[70.9284,52.009],[70.9284,52.009],[70.9284,52.009],[70.9284,52.009],[70.9285,52.009],[70.9285,52.009],[70.9285,52.009],[70.9285,52.009],[70.9285,52.009],[70.9285,52.009],[70.9285,52.009],[70.9285,52.009],[70.9285,52.009],[70.9285,52.0089],[70.9285,52.0089],[70.9285,52.0089],[70.9285,52.0089],[70.9285,52.0089],[70.9286,52.0089],[70.9286,52.0089],[70.9286,52.0089],[70.9286,52.0089],[70.9286,52.0089],[70.9286,52.0089],[70.9286,52.0089],[70.9286,52.0089],[70.9286,52.0089],[70.9286,52.0089],[70.9286,52.0089],[70.9286,52.0089],[70.9286,52.0089],[70.9286,52.0089],[70.9287,52.0089],[70.9287,52.0089],[70.9287,52.0089],[70.9287,52.0089],[70.9287,52.0088],[70.9287,52.0088],[70.9287,52.0088],[70.9287,52.0088],[70.9287,52.0088],[70.9287,52.0088],[70.9287,52.0088],[70.9288,52.0088],[70.9288,52.0088],[70.9288,52.0088],[70.9288,52.0088],[70.9288,52.0088],[70.9288,52.0088],[70.9288,52.0088],[70.9288,52.0088],[70.9288,52.0088],[70.9288,52.0087],[70.9288,52.0087],[70.9289,52.0087],[70.9289,52.0087],[70.9289,52.0087],[70.9289,52.0087],[70.9289,52.0087],[70.9289,52.0087],[70.9289,52.0087],[70.9289,52.0087],[70.9289,52.0087],[70.9289,52.0087],[70.9289,52.0087],[70.9289,52.0087],[70.929,52.0087],[70.929,52.0087],[70.929,52.0087],[70.929,52.0087],[70.929,52.0087],[70.929,52.0087],[70.929,52.0087],[70.929,52.0086],[70.929,52.0086],[70.929,52.0086],[70.929,52.0086],[70.929,52.0086],[70.929,52.0086],[70.929,52.0086],[70.929,52.0086],[70.929,52.0086],[70.9291,52.0086],[70.9291,52.0086],[70.9291,52.0086],[70.9291,52.0086],[70.9291,52.0086],[70.9291,52.0086],[70.9291,52.0086],[70.9291,52.0086],[70.9291,52.0086],[70.9291,52.0086],[70.9291,52.0086],[70.9291,52.0086],[70.9291,52.0086],[70.9291,52.0086],[70.9291,52.0086],[70.9291,52.0085],[70.9291,52.0085],[70.9292,52.0085],[70.9292,52.0085],[70.9292,52.0085],[70.9292,52.0085],[70.9292,52.0085],[70.9292,52.0085],[70.9292,52.0085],[70.9292,52.0085],[70.9292,52.0085],[70.9292,52.0085],[70.9292,52.0085],[70.9292,52.0085],[70.9292,52.0085],[70.9292,52.0085],[70.9292,52.0085],[70.9292,52.0085],[70.9292,52.0085],[70.9292,52.0085],[70.9292,52.0085],[70.9293,52.0085],[70.9293,52.0084],[70.9293,52.0084],[70.9293,52.0084],[70.9293,52.0084],[70.9293,52.0084],[70.9293,52.0084],[70.9293,52.0084],[70.9293,52.0084],[70.9294,52.0083],[70.9294,52.0083],[70.9295,52.0083],[70.9295,52.0082],[70.9295,52.0082],[70.9296,52.0082],[70.9296,52.0081],[70.9296,52.0081],[70.9296,52.0081],[70.9296,52.0081],[70.9296,52.0081],[70.9296,52.0081],[70.9296,52.0081],[70.9296,52.0081],[70.9296,52.0081],[70.9296,52.0081],[70.9296,52.0081],[70.9296,52.0081],[70.9296,52.0081],[70.9297,52.008],[70.9297,52.008],[70.9297,52.008],[70.9297,52.008],[70.9297,52.008],[70.9297,52.008],[70.9297,52.008],[70.9297,52.008],[70.9297,52.008],[70.9297,52.008],[70.9297,52.008],[70.9297,52.008],[70.9297,52.0079],[70.9297,52.0079],[70.9297,52.0079],[70.9297,52.0079],[70.9297,52.0079],[70.9298,52.0079],[70.9298,52.0079],[70.9298,52.0079],[70.9298,52.0079],[70.9298,52.0079],[70.9298,52.0079],[70.9298,52.0079],[70.9298,52.0079],[70.9298,52.0079],[70.9298,52.0078],[70.9298,52.0078],[70.9298,52.0078],[70.9298,52.0078],[70.9298,52.0078],[70.9298,52.0078],[70.9298,52.0078],[70.9298,52.0078],[70.9298,52.0078],[70.9298,52.0078],[70.9298,52.0078],[70.9298,52.0078],[70.9298,52.0078],[70.9298,52.0078],[70.9298,52.0078],[70.9298,52.0078],[70.9298,52.0078],[70.9298,52.0077],[70.9298,52.0077],[70.9298,52.0077],[70.9298,52.0077],[70.9298,52.0077],[70.9298,52.0077],[70.9298,52.0077],[70.9298,52.0077],[70.9298,52.0077],[70.9298,52.0077],[70.9298,52.0077],[70.9299,52.0077],[70.9299,52.0077],[70.9299,52.0077],[70.9299,52.0076],[70.9299,52.0076],[70.9299,52.0076],[70.9299,52.0076],[70.9299,52.0076],[70.9299,52.0076],[70.9299,52.0076],[70.9299,52.0076],[70.9299,52.0076],[70.9299,52.0076],[70.9299,52.0076],[70.9299,52.0076],[70.9299,52.0076],[70.9299,52.0076],[70.9299,52.0076],[70.9299,52.0076],[70.9299,52.0076],[70.9299,52.0076],[70.9299,52.0075],[70.9299,52.0075],[70.9299,52.0075],[70.9299,52.0075],[70.93,52.0075],[70.93,52.0075],[70.93,52.0075],[70.93,52.0075],[70.93,52.0075],[70.93,52.0075],[70.93,52.0075],[70.93,52.0075],[70.93,52.0075],[70.93,52.0075],[70.93,52.0075],[70.93,52.0075],[70.93,52.0075],[70.93,52.0075],[70.9301,52.0075],[70.9301,52.0075],[70.9301,52.0075],[70.9301,52.0075],[70.9301,52.0074],[70.9301,52.0074],[70.9301,52.0074],[70.9301,52.0074],[70.9301,52.0074],[70.9301,52.0074],[70.9301,52.0074],[70.9302,52.0074],[70.9302,52.0074],[70.9302,52.0074],[70.9302,52.0074],[70.9302,52.0074],[70.9302,52.0074],[70.9302,52.0074],[70.9302,52.0074],[70.9302,52.0074],[70.9302,52.0074],[70.9303,52.0074],[70.9304,52.0071]]]],"type":"MultiPolygon"},"geometry_name":"shape","id":"gp_functional_zones.fid--7752831e_19fb67eabdc_7d5c","properties":{"area":2.19499429433585,"creation_doc_id":3617,"deactivation_doc_id":null,"func_zone_status_id":2,"ggk_zone_code":"11010000","ggk_zone_name":"Территория усадебной застройки","gp_func_zone_code":"11010000","gp_func_zone_code_id":19,"id":4731859,"zone_type_id":8},"type":"Feature"},{"bbox":[70.9256,52.0066,70.9287,52.0092],"geometry":{"coordinates":[[[[70.9287,52.0069],[70.9267,52.0066],[70.9262,52.0075],[70.9261,52.0076],[70.9256,52.0085],[70.9258,52.0086],[70.9262,52.009],[70.9262,52.0091],[70.9262,52.0091],[70.9262,52.0091],[70.9262,52.0091],[70.9262,52.0091],[70.9262,52.0091],[70.9262,52.0091],[70.9262,52.0091],[70.9262,52.0091],[70.9262,52.0091],[70.9262,52.0091],[70.9262,52.0091],[70.9262,52.0091],[70.9263,52.0091],[70.9263,52.0091],[70.9263,52.0091],[70.9263,52.0092],[70.9263,52.0092],[70.9263,52.0092],[70.9263,52.0092],[70.9263,52.0092],[70.9263,52.0092],[70.9263,52.0092],[70.9263,52.0092],[70.9263,52.0092],[70.9263,52.0092],[70.9263,52.0092],[70.9263,52.0092],[70.9263,52.0092],[70.9264,52.0092],[70.9264,52.0092],[70.9264,52.0092],[70.9264,52.0092],[70.928,52.0085],[70.928,52.0085],[70.928,52.0084],[70.928,52.0084],[70.928,52.0084],[70.928,52.0084],[70.9281,52.0084],[70.9281,52.0084],[70.9281,52.0084],[70.9281,52.0084],[70.9281,52.0084],[70.9281,52.0084],[70.9281,52.0084],[70.9281,52.0084],[70.9281,52.0084],[70.9281,52.0083],[70.9281,52.0083],[70.9281,52.0083],[70.9282,52.0083],[70.9282,52.0083],[70.9282,52.0083],[70.9282,52.0083],[70.9282,52.0083],[70.9282,52.0083],[70.9282,52.0083],[70.9282,52.0083],[70.9282,52.0083],[70.9282,52.0082],[70.9282,52.0082],[70.9282,52.0082],[70.9282,52.0082],[70.9282,52.0082],[70.9282,52.0082],[70.9282,52.0082],[70.9282,52.0082],[70.9283,52.0082],[70.9283,52.0082],[70.9287,52.0069]]]],"type":"MultiPolygon"},"geometry_name":"shape","id":"gp_functional_zones.fid--7752831e_19fb67eabdc_7d5d","properties":{"area":3.79073984148887,"creation_doc_id":3617,"deactivation_doc_id":null,"func_zone_status_id":2,"ggk_zone_code":"11010000","ggk_zone_name":"Территория усадебной застройки","gp_func_zone_code":"11010000","gp_func_zone_code_id":19,"id":4731860,"zone_type_id":8},"type":"Feature"},{"bbox":[70.9387,52.0064,70.9401,52.009],"geometry":{"coordinates":[[[[70.9397,52.0064],[70.9397,52.0064],[70.9394,52.0067],[70.9394,52.0067],[70.9394,52.0067],[70.9394,52.0067],[70.9394,52.0067],[70.9394,52.0068],[70.9394,52.0068],[70.9394,52.0068],[70.9394,52.0068],[70.9393,52.0068],[70.9393,52.0068],[70.9393,52.0068],[70.9393,52.0068],[70.9393,52.0068],[70.9393,52.0068],[70.9393,52.0068],[70.9393,52.0068],[70.9393,52.0069],[70.9393,52.0069],[70.9392,52.0069],[70.9392,52.0069],[70.9392,52.0069],[70.9392,52.0069],[70.9392,52.0069],[70.9392,52.0069],[70.9392,52.0069],[70.9392,52.0069],[70.9392,52.0069],[70.9392,52.0069],[70.9391,52.007],[70.9391,52.007],[70.9391,52.007],[70.9391,52.007],[70.9391,52.007],[70.9391,52.007],[70.9391,52.007],[70.9391,52.007],[70.9391,52.007],[70.9391,52.007],[70.9391,52.007],[70.939,52.007],[70.939,52.007],[70.939,52.007],[70.939,52.007],[70.939,52.007],[70.939,52.007],[70.939,52.0071],[70.939,52.0071],[70.939,52.0071],[70.939,52.0071],[70.939,52.0071],[70.939,52.0071],[70.939,52.0071],[70.939,52.0071],[70.9389,52.0071],[70.9389,52.0071],[70.9389,52.0071],[70.9389,52.0071],[70.9389,52.0071],[70.9389,52.0071],[70.9389,52.0071],[70.9389,52.0071],[70.9389,52.0071],[70.9389,52.0071],[70.9389,52.0072],[70.9389,52.0072],[70.9389,52.0072],[70.9388,52.0072],[70.9388,52.0072],[70.9388,52.0072],[70.9388,52.0072],[70.9388,52.0072],[70.9388,52.0072],[70.9388,52.0072],[70.9388,52.0072],[70.9388,52.0072],[70.9388,52.0072],[70.9388,52.0073],[70.9388,52.0073],[70.9388,52.0073],[70.9388,52.0073],[70.9387,52.0073],[70.9387,52.0073],[70.9387,52.0073],[70.9387,52.0073],[70.9387,52.0073],[70.9387,52.0073],[70.9387,52.0074],[70.9387,52.0074],[70.9387,52.0074],[70.9387,52.0074],[70.9387,52.0074],[70.9387,52.0074],[70.9387,52.0074],[70.9387,52.0074],[70.9387,52.0074],[70.9387,52.0074],[70.9387,52.0074],[70.9387,52.0074],[70.9387,52.0074],[70.9387,52.0075],[70.9387,52.0075],[70.9387,52.0075],[70.9387,52.0075],[70.9387,52.0075],[70.9388,52.0078],[70.9388,52.0082],[70.9388,52.0082],[70.9389,52.0082],[70.9389,52.0082],[70.9389,52.0082],[70.9389,52.0082],[70.9389,52.0083],[70.9389,52.0083],[70.9389,52.0083],[70.9389,52.0083],[70.9389,52.0083],[70.9389,52.0083],[70.9389,52.0083],[70.9389,52.0083],[70.9389,52.0083],[70.9389,52.0083],[70.9389,52.0083],[70.9389,52.0083],[70.9389,52.0083],[70.9389,52.0083],[70.9389,52.0083],[70.9389,52.0084],[70.9389,52.0084],[70.9389,52.0084],[70.9389,52.0084],[70.9389,52.0084],[70.9389,52.0084],[70.9389,52.0084],[70.9389,52.0084],[70.9389,52.0084],[70.9389,52.0084],[70.9389,52.0084],[70.9389,52.0084],[70.9389,52.0084],[70.9389,52.0084],[70.9389,52.0084],[70.9389,52.0085],[70.9389,52.0085],[70.9389,52.0085],[70.9389,52.0085],[70.9389,52.0085],[70.9389,52.0085],[70.9389,52.0085],[70.9389,52.0085],[70.9389,52.0085],[70.9389,52.0085],[70.9389,52.0085],[70.9389,52.0085],[70.9389,52.0085],[70.9389,52.0085],[70.9389,52.0086],[70.9389,52.0086],[70.9389,52.0086],[70.9389,52.0086],[70.9389,52.0086],[70.9389,52.0086],[70.9389,52.0086],[70.9389,52.0086],[70.9389,52.0086],[70.9389,52.0086],[70.9389,52.0086],[70.9389,52.0086],[70.9389,52.0086],[70.9389,52.0086],[70.9389,52.0086],[70.9389,52.0086],[70.9389,52.0086],[70.9389,52.0086],[70.9389,52.0087],[70.9389,52.0087],[70.9389,52.0087],[70.9389,52.0087],[70.9389,52.0087],[70.9389,52.0087],[70.9389,52.0087],[70.9389,52.0087],[70.9389,52.0087],[70.939,52.0087],[70.939,52.0087],[70.939,52.0087],[70.939,52.0087],[70.939,52.0087],[70.939,52.0087],[70.939,52.0087],[70.939,52.0087],[70.939,52.0087],[70.939,52.0087],[70.939,52.0088],[70.939,52.0088],[70.939,52.0088],[70.939,52.0088],[70.939,52.0088],[70.939,52.0088],[70.939,52.0088],[70.939,52.0088],[70.939,52.0088],[70.939,52.0088],[70.9391,52.0088],[70.9391,52.0088],[70.9391,52.0088],[70.9391,52.0088],[70.9391,52.0088],[70.9391,52.0088],[70.9391,52.0089],[70.9391,52.0089],[70.9391,52.0089],[70.9392,52.0089],[70.9392,52.0089],[70.9392,52.0089],[70.9392,52.0089],[70.9392,52.0089],[70.9392,52.0089],[70.9392,52.0089],[70.9392,52.0089],[70.9393,52.0089],[70.9393,52.0089],[70.9393,52.0089],[70.9393,52.009],[70.9393,52.009],[70.9393,52.009],[70.9393,52.009],[70.94,52.0067],[70.9401,52.0065],[70.9401,52.0065],[70.9401,52.0065],[70.9401,52.0065],[70.94,52.0065],[70.94,52.0065],[70.94,52.0065],[70.94,52.0065],[70.94,52.0065],[70.94,52.0065],[70.94,52.0065],[70.94,52.0065],[70.94,52.0065],[70.94,52.0065],[70.9399,52.0065],[70.9399,52.0065],[70.9399,52.0065],[70.9399,52.0065],[70.9399,52.0065],[70.9399,52.0065],[70.9399,52.0065],[70.9399,52.0065],[70.9399,52.0064],[70.9399,52.0064],[70.9399,52.0064],[70.9398,52.0064],[70.9398,52.0064],[70.9398,52.0064],[70.9398,52.0064],[70.9398,52.0064],[70.9398,52.0064],[70.9398,52.0064],[70.9398,52.0064],[70.9398,52.0064],[70.9398,52.0064],[70.9397,52.0064],[70.9397,52.0064],[70.9397,52.0064],[70.9397,52.0064]]]],"type":"MultiPolygon"},"geometry_name":"shape","id":"gp_functional_zones.fid--7752831e_19fb67eabdc_7d5e","properties":{"area":1.38265939136636,"creation_doc_id":3617,"deactivation_doc_id":null,"func_zone_status_id":2,"ggk_zone_code":"11010000","ggk_zone_name":"Территория усадебной застройки","gp_func_zone_code":"11010000","gp_func_zone_code_id":19,"id":4731862,"zone_type_id":8},"type":"Feature"},{"bbox":[70.9221,52.007,70.9253,52.0089],"geometry":{"coordinates":[[[[70.9248,52.0083],[70.9248,52.0083],[70.9248,52.0083],[70.9247,52.0082],[70.9247,52.0082],[70.9247,52.0082],[70.9246,52.0082],[70.9246,52.0082],[70.9246,52.0082],[70.9246,52.0082],[70.9245,52.0081],[70.9245,52.0081],[70.9245,52.0081],[70.9245,52.0081],[70.9245,52.0081],[70.9244,52.0081],[70.9244,52.0081],[70.9244,52.008],[70.9244,52.008],[70.9244,52.008],[70.9244,52.008],[70.9244,52.008],[70.9243,52.0079],[70.9243,52.0079],[70.9243,52.0079],[70.9243,52.0079],[70.9243,52.0078],[70.9243,52.0078],[70.9243,52.0078],[70.9243,52.0076],[70.9244,52.0073],[70.9244,52.0073],[70.9244,52.0072],[70.9244,52.0072],[70.9244,52.0072],[70.9244,52.0072],[70.9244,52.0072],[70.9244,52.0072],[70.9244,52.0071],[70.9244,52.0071],[70.9244,52.0071],[70.9244,52.0071],[70.9244,52.007],[70.9244,52.007],[70.9244,52.007],[70.9235,52.007],[70.9234,52.007],[70.923,52.007],[70.9229,52.007],[70.9229,52.007],[70.9229,52.007],[70.9229,52.007],[70.9228,52.007],[70.9228,52.007],[70.9228,52.007],[70.9228,52.007],[70.9227,52.007],[70.9227,52.007],[70.9227,52.007],[70.9226,52.007],[70.9226,52.007],[70.9226,52.007],[70.9226,52.007],[70.9225,52.007],[70.9225,52.0071],[70.9225,52.0071],[70.9225,52.0071],[70.9225,52.0071],[70.9224,52.0071],[70.9224,52.0071],[70.9223,52.0071],[70.9223,52.0072],[70.9223,52.0072],[70.9223,52.0072],[70.9223,52.0072],[70.9223,52.0072],[70.9222,52.0073],[70.9222,52.0073],[70.9222,52.0073],[70.9222,52.0073],[70.9222,52.0074],[70.9222,52.0074],[70.9222,52.0074],[70.9222,52.0074],[70.9222,52.0075],[70.9222,52.0075],[70.9222,52.0075],[70.9222,52.0075],[70.9222,52.0075],[70.9222,52.0076],[70.9222,52.0076],[70.9222,52.0076],[70.9222,52.0076],[70.9222,52.0077],[70.9222,52.0077],[70.9222,52.0077],[70.9221,52.0077],[70.9221,52.0077],[70.9221,52.0078],[70.9221,52.0078],[70.9221,52.0078],[70.9221,52.0078],[70.9221,52.0079],[70.9221,52.0079],[70.9221,52.0079],[70.9221,52.0079],[70.9221,52.008],[70.9221,52.008],[70.9221,52.008],[70.9221,52.008],[70.9221,52.0081],[70.9221,52.0081],[70.9221,52.0081],[70.9225,52.008],[70.9225,52.0081],[70.9226,52.0081],[70.9227,52.0081],[70.9227,52.0081],[70.9228,52.0081],[70.9228,52.0082],[70.9229,52.0082],[70.9229,52.0082],[70.9229,52.0083],[70.923,52.0083],[70.923,52.0083],[70.923,52.0083],[70.923,52.0083],[70.9231,52.0083],[70.9231,52.0083],[70.9231,52.0084],[70.9231,52.0084],[70.9231,52.0084],[70.9232,52.0084],[70.9232,52.0084],[70.9232,52.0084],[70.9232,52.0084],[70.9232,52.0085],[70.9232,52.0085],[70.9232,52.0085],[70.9232,52.0085],[70.9232,52.0085],[70.9232,52.0085],[70.9232,52.0085],[70.9232,52.0086],[70.9233,52.0086],[70.9233,52.0086],[70.9233,52.0086],[70.9233,52.0086],[70.9233,52.0086],[70.9233,52.0086],[70.9233,52.0086],[70.9233,52.0086],[70.9233,52.0086],[70.9234,52.0087],[70.9234,52.0087],[70.9234,52.0087],[70.9234,52.0087],[70.9234,52.0087],[70.9234,52.0087],[70.9235,52.0087],[70.9235,52.0087],[70.9235,52.0087],[70.9235,52.0087],[70.9236,52.0087],[70.9236,52.0086],[70.9237,52.0086],[70.9237,52.0086],[70.9237,52.0086],[70.9238,52.0086],[70.9238,52.0086],[70.9238,52.0086],[70.9238,52.0086],[70.9238,52.0086],[70.9238,52.0086],[70.9238,52.0086],[70.9238,52.0086],[70.9238,52.0086],[70.9238,52.0086],[70.9239,52.0086],[70.9239,52.0086],[70.9239,52.0086],[70.9239,52.0086],[70.9239,52.0086],[70.9239,52.0086],[70.9239,52.0085],[70.9239,52.0085],[70.9239,52.0085],[70.9239,52.0084],[70.9239,52.0084],[70.9239,52.0084],[70.9239,52.0084],[70.9239,52.0084],[70.9239,52.0084],[70.9239,52.0084],[70.9239,52.0084],[70.9239,52.0083],[70.924,52.0083],[70.924,52.0083],[70.924,52.0083],[70.924,52.0083],[70.924,52.0083],[70.924,52.0083],[70.924,52.0083],[70.924,52.0083],[70.9241,52.0083],[70.9241,52.0083],[70.9241,52.0083],[70.9241,52.0083],[70.9241,52.0083],[70.9241,52.0083],[70.9241,52.0083],[70.9241,52.0083],[70.9241,52.0083],[70.9241,52.0083],[70.9241,52.0083],[70.9241,52.0083],[70.9241,52.0083],[70.9241,52.0083],[70.9241,52.0083],[70.9241,52.0083],[70.9241,52.0083],[70.9241,52.0083],[70.9241,52.0083],[70.9241,52.0083],[70.9241,52.0083],[70.9241,52.0083],[70.9241,52.0083],[70.9241,52.0083],[70.9241,52.0083],[70.9241,52.0083],[70.9241,52.0083],[70.9241,52.0083],[70.9241,52.0083],[70.9241,52.0083],[70.9241,52.0083],[70.9241,52.0083],[70.9241,52.0083],[70.9241,52.0083],[70.9241,52.0083],[70.9242,52.0083],[70.9242,52.0083],[70.9242,52.0083],[70.9242,52.0083],[70.9242,52.0083],[70.9242,52.0083],[70.9242,52.0083],[70.9242,52.0083],[70.9242,52.0083],[70.9242,52.0083],[70.9243,52.0084],[70.9243,52.0084],[70.9243,52.0084],[70.9243,52.0084],[70.9243,52.0084],[70.9243,52.0084],[70.9243,52.0084],[70.9243,52.0084],[70.9243,52.0084],[70.9243,52.0084],[70.9243,52.0084],[70.9243,52.0084],[70.9243,52.0085],[70.9243,52.0085],[70.9243,52.0085],[70.9243,52.0085],[70.9243,52.0085],[70.9243,52.0085],[70.9243,52.0085],[70.9243,52.0085],[70.9243,52.0085],[70.9243,52.0085],[70.9243,52.0085],[70.9243,52.0085],[70.9244,52.0086],[70.9244,52.0086],[70.9245,52.0086],[70.9245,52.0087],[70.9246,52.0087],[70.9246,52.0088],[70.9247,52.0088],[70.9247,52.0088],[70.9247,52.0088],[70.9251,52.0089],[70.9251,52.0089],[70.9253,52.0085],[70.9253,52.0085],[70.9252,52.0085],[70.9252,52.0084],[70.9252,52.0084],[70.9252,52.0084],[70.9251,52.0084],[70.9251,52.0084],[70.9251,52.0084],[70.925,52.0084],[70.925,52.0084],[70.925,52.0083],[70.925,52.0083],[70.9249,52.0083],[70.9249,52.0083],[70.9249,52.0083],[70.9249,52.0083],[70.9248,52.0083]]]],"type":"MultiPolygon"},"geometry_name":"shape","id":"gp_functional_zones.fid--7752831e_19fb67eabdc_7d5f","properties":{"area":2.55182542228739,"creation_doc_id":3617,"deactivation_doc_id":null,"func_zone_status_id":2,"ggk_zone_code":"11010000","ggk_zone_name":"Территория усадебной застройки","gp_func_zone_code":"11010000","gp_func_zone_code_id":19,"id":4731866,"zone_type_id":8},"type":"Feature"},{"bbox":[70.9362,52.0056,70.9394,52.0086],"geometry":{"coordinates":[[[[70.9375,52.0057],[70.9372,52.0056],[70.9372,52.0056],[70.9372,52.0056],[70.9371,52.0056],[70.9371,52.0056],[70.9371,52.0057],[70.937,52.0057],[70.937,52.0057],[70.9369,52.0057],[70.9369,52.0057],[70.9369,52.0057],[70.9368,52.0057],[70.9368,52.0057],[70.9367,52.0057],[70.9367,52.0057],[70.9367,52.0057],[70.9366,52.0057],[70.9366,52.0057],[70.9365,52.0058],[70.9365,52.0058],[70.9364,52.0058],[70.9364,52.0058],[70.9364,52.0058],[70.9363,52.0058],[70.9363,52.0058],[70.9362,52.0058],[70.9362,52.0058],[70.9369,52.0062],[70.9367,52.0065],[70.9378,52.0068],[70.937,52.0079],[70.9386,52.0086],[70.9386,52.0086],[70.9386,52.0085],[70.9386,52.0085],[70.9386,52.0085],[70.9386,52.0084],[70.9386,52.0084],[70.9386,52.0084],[70.9386,52.0084],[70.9386,52.0083],[70.9386,52.0083],[70.9386,52.0083],[70.9386,52.0083],[70.9386,52.0082],[70.9385,52.0078],[70.9384,52.0075],[70.9384,52.0075],[70.9384,52.0075],[70.9384,52.0074],[70.9384,52.0074],[70.9384,52.0074],[70.9384,52.0074],[70.9384,52.0074],[70.9384,52.0074],[70.9384,52.0073],[70.9384,52.0073],[70.9385,52.0073],[70.9385,52.0072],[70.9385,52.0072],[70.9385,52.0072],[70.9385,52.0071],[70.9386,52.0071],[70.9386,52.0071],[70.9386,52.0071],[70.9386,52.0071],[70.9386,52.007],[70.9387,52.007],[70.9387,52.007],[70.9387,52.007],[70.9388,52.007],[70.9388,52.0069],[70.9388,52.0069],[70.9389,52.0069],[70.9389,52.0069],[70.9389,52.0068],[70.9389,52.0068],[70.9389,52.0068],[70.939,52.0068],[70.939,52.0068],[70.939,52.0068],[70.939,52.0068],[70.939,52.0067],[70.9391,52.0067],[70.9391,52.0067],[70.9391,52.0067],[70.9391,52.0067],[70.9391,52.0067],[70.9391,52.0066],[70.9392,52.0066],[70.9392,52.0066],[70.9394,52.0063],[70.9391,52.0063],[70.9391,52.0063],[70.939,52.0062],[70.939,52.0062],[70.9389,52.0062],[70.9389,52.0062],[70.9388,52.0062],[70.9388,52.0062],[70.9387,52.0062],[70.9387,52.0062],[70.9386,52.0061],[70.9386,52.0061],[70.9385,52.0061],[70.9385,52.0061],[70.9385,52.0061],[70.9384,52.0061],[70.9384,52.006],[70.9375,52.0057]]]],"type":"MultiPolygon"},"geometry_name":"shape","id":"gp_functional_zones.fid--7752831e_19fb67eabdc_7d60","properties":{"area":3.01180480002948,"creation_doc_id":3617,"deactivation_doc_id":null,"func_zone_status_id":2,"ggk_zone_code":"11010000","ggk_zone_name":"Территория усадебной застройки","gp_func_zone_code":"11010000","gp_func_zone_code_id":19,"id":4731867,"zone_type_id":8},"type":"Feature"},{"bbox":[70.9425,52.0066,70.9433,52.0084],"geometry":{"coordinates":[[[[70.9426,52.0084],[70.9428,52.0084],[70.9433,52.0084],[70.9433,52.0084],[70.9431,52.0075],[70.943,52.0066],[70.943,52.0068],[70.9429,52.0069],[70.9428,52.0071],[70.9428,52.0073],[70.9427,52.0075],[70.9427,52.0076],[70.9426,52.0078],[70.9426,52.0079],[70.9426,52.008],[70.9425,52.0081],[70.9425,52.0082],[70.9425,52.0082],[70.9425,52.0083],[70.9425,52.0084],[70.9425,52.0084],[70.9425,52.0084],[70.9426,52.0084]]]],"type":"MultiPolygon"},"geometry_name":"shape","id":"gp_functional_zones.fid--7752831e_19fb67eabdc_7d61","properties":{"area":0.567509447697043,"creation_doc_id":3617,"deactivation_doc_id":null,"func_zone_status_id":2,"ggk_zone_code":"11010000","ggk_zone_name":"Территория усадебной застройки","gp_func_zone_code":"11010000","gp_func_zone_code_id":19,"id":4731868,"zone_type_id":8},"type":"Feature"},{"bbox":[70.9245,52.0065,70.9261,52.0083],"geometry":{"coordinates":[[[[70.9254,52.0068],[70.925,52.0065],[70.9247,52.0069],[70.9247,52.0069],[70.9247,52.0069],[70.9247,52.0069],[70.9247,52.0069],[70.9247,52.0069],[70.9247,52.0069],[70.9247,52.0069],[70.9247,52.0069],[70.9247,52.0069],[70.9247,52.007],[70.9247,52.007],[70.9247,52.007],[70.9247,52.007],[70.9247,52.007],[70.9246,52.007],[70.9246,52.007],[70.9246,52.007],[70.9246,52.007],[70.9246,52.007],[70.9246,52.007],[70.9246,52.007],[70.9246,52.007],[70.9246,52.007],[70.9246,52.007],[70.9246,52.007],[70.9246,52.007],[70.9246,52.007],[70.9246,52.0071],[70.9246,52.0071],[70.9246,52.0071],[70.9246,52.0071],[70.9246,52.0071],[70.9246,52.0071],[70.9246,52.0071],[70.9246,52.0071],[70.9246,52.0071],[70.9246,52.0071],[70.9246,52.0071],[70.9246,52.0071],[70.9246,52.0071],[70.9246,52.0071],[70.9246,52.0071],[70.9246,52.0071],[70.9246,52.0071],[70.9246,52.0071],[70.9246,52.0071],[70.9246,52.0071],[70.9246,52.0071],[70.9246,52.0071],[70.9246,52.0071],[70.9246,52.0072],[70.9246,52.0072],[70.9246,52.0072],[70.9246,52.0072],[70.9246,52.0072],[70.9246,52.0072],[70.9246,52.0072],[70.9246,52.0072],[70.9246,52.0072],[70.9246,52.0072],[70.9246,52.0072],[70.9246,52.0072],[70.9246,52.0072],[70.9246,52.0072],[70.9246,52.0072],[70.9246,52.0072],[70.9246,52.0072],[70.9246,52.0072],[70.9246,52.0072],[70.9246,52.0072],[70.9246,52.0072],[70.9246,52.0073],[70.9246,52.0073],[70.9246,52.0073],[70.9246,52.0073],[70.9246,52.0073],[70.9246,52.0073],[70.9246,52.0073],[70.9246,52.0073],[70.9246,52.0073],[70.9246,52.0076],[70.9245,52.0078],[70.9245,52.0078],[70.9245,52.0078],[70.9245,52.0078],[70.9245,52.0078],[70.9245,52.0078],[70.9245,52.0078],[70.9245,52.0078],[70.9245,52.0078],[70.9245,52.0078],[70.9245,52.0078],[70.9245,52.0078],[70.9245,52.0079],[70.9245,52.0079],[70.9245,52.0079],[70.9245,52.0079],[70.9245,52.0079],[70.9245,52.0079],[70.9245,52.0079],[70.9245,52.0079],[70.9246,52.0079],[70.9246,52.0079],[70.9246,52.0079],[70.9246,52.0079],[70.9246,52.0079],[70.9246,52.0079],[70.9246,52.0079],[70.9246,52.0079],[70.9246,52.0079],[70.9246,52.0079],[70.9246,52.0079],[70.9246,52.0079],[70.9246,52.0079],[70.9246,52.0079],[70.9246,52.008],[70.9246,52.008],[70.9246,52.008],[70.9246,52.008],[70.9246,52.008],[70.9246,52.008],[70.9246,52.008],[70.9246,52.008],[70.9246,52.008],[70.9246,52.008],[70.9246,52.008],[70.9246,52.008],[70.9246,52.008],[70.9246,52.008],[70.9247,52.008],[70.9247,52.008],[70.9247,52.008],[70.9247,52.008],[70.9247,52.008],[70.9247,52.008],[70.9247,52.008],[70.9247,52.008],[70.9247,52.008],[70.9247,52.0081],[70.9247,52.0081],[70.9247,52.0081],[70.9247,52.0081],[70.9247,52.0081],[70.9247,52.0081],[70.9247,52.0081],[70.9247,52.0081],[70.9247,52.0081],[70.9248,52.0081],[70.9248,52.0081],[70.9248,52.0081],[70.9248,52.0081],[70.9248,52.0081],[70.9248,52.0081],[70.9248,52.0081],[70.9248,52.0081],[70.9248,52.0081],[70.9248,52.0081],[70.9248,52.0081],[70.9248,52.0081],[70.9248,52.0081],[70.9248,52.0081],[70.9248,52.0081],[70.9248,52.0081],[70.9249,52.0081],[70.9249,52.0081],[70.9249,52.0081],[70.9249,52.0081],[70.9249,52.0081],[70.9249,52.0081],[70.9249,52.0081],[70.9249,52.0082],[70.9249,52.0082],[70.9249,52.0082],[70.9249,52.0082],[70.9249,52.0082],[70.9249,52.0082],[70.9249,52.0082],[70.925,52.0082],[70.925,52.0082],[70.925,52.0082],[70.925,52.0082],[70.925,52.0082],[70.925,52.0082],[70.925,52.0082],[70.925,52.0082],[70.9251,52.0082],[70.9251,52.0082],[70.9251,52.0082],[70.9251,52.0082],[70.9251,52.0082],[70.9251,52.0082],[70.9251,52.0082],[70.9251,52.0083],[70.9252,52.0083],[70.9252,52.0083],[70.9252,52.0083],[70.9252,52.0083],[70.9253,52.0083],[70.9253,52.0083],[70.9253,52.0083],[70.9253,52.0083],[70.9254,52.0083],[70.9261,52.0071],[70.9257,52.0069],[70.9256,52.0069],[70.9256,52.0069],[70.9256,52.0069],[70.9256,52.0069],[70.9256,52.0069],[70.9256,52.0069],[70.9256,52.0069],[70.9256,52.0069],[70.9256,52.0069],[70.9256,52.0069],[70.9255,52.0069],[70.9255,52.0069],[70.9255,52.0069],[70.9255,52.0069],[70.9255,52.0069],[70.9255,52.0069],[70.9255,52.0069],[70.9255,52.0069],[70.9255,52.0069],[70.9255,52.0069],[70.9255,52.0069],[70.9254,52.0069],[70.9254,52.0069],[70.9254,52.0069],[70.9254,52.0068],[70.9254,52.0068],[70.9254,52.0068],[70.9254,52.0068],[70.9254,52.0068],[70.9254,52.0068],[70.9254,52.0068],[70.9254,52.0068]]]],"type":"MultiPolygon"},"geometry_name":"shape","id":"gp_functional_zones.fid--7752831e_19fb67eabdc_7d62","properties":{"area":1.289727592804,"creation_doc_id":3617,"deactivation_doc_id":null,"func_zone_status_id":2,"ggk_zone_code":"11010000","ggk_zone_name":"Территория усадебной застройки","gp_func_zone_code":"11010000","gp_func_zone_code_id":19,"id":4731869,"zone_type_id":8},"type":"Feature"},{"bbox":[70.9268,52.0054,70.9334,52.0076],"geometry":{"coordinates":[[[[70.9275,52.0055],[70.9274,52.0054],[70.9268,52.0065],[70.9306,52.007],[70.9316,52.0072],[70.9317,52.0073],[70.9318,52.0073],[70.9327,52.0076],[70.9327,52.0076],[70.9327,52.0076],[70.9327,52.0076],[70.9327,52.0076],[70.9327,52.0076],[70.9327,52.0076],[70.9327,52.0075],[70.9327,52.0075],[70.9328,52.0075],[70.9328,52.0075],[70.9328,52.0075],[70.9328,52.0075],[70.9328,52.0075],[70.9328,52.0075],[70.9328,52.0075],[70.9328,52.0075],[70.9328,52.0075],[70.9328,52.0075],[70.9328,52.0074],[70.9328,52.0074],[70.9328,52.0074],[70.9328,52.0074],[70.9328,52.0074],[70.9328,52.0074],[70.9329,52.0074],[70.9329,52.0074],[70.9329,52.0074],[70.9329,52.0074],[70.9329,52.0074],[70.9329,52.0074],[70.9329,52.0074],[70.9329,52.0073],[70.9331,52.0071],[70.9331,52.0071],[70.9334,52.0066],[70.9332,52.0065],[70.9321,52.0063],[70.932,52.0063],[70.9309,52.0061],[70.9281,52.0057],[70.9281,52.0057],[70.9281,52.0057],[70.9281,52.0057],[70.928,52.0057],[70.928,52.0057],[70.928,52.0057],[70.928,52.0057],[70.928,52.0057],[70.928,52.0057],[70.9279,52.0056],[70.9279,52.0056],[70.9279,52.0056],[70.9279,52.0056],[70.9279,52.0056],[70.9278,52.0056],[70.9278,52.0056],[70.9278,52.0056],[70.9278,52.0056],[70.9278,52.0056],[70.9277,52.0056],[70.9277,52.0056],[70.9277,52.0056],[70.9277,52.0056],[70.9277,52.0056],[70.9277,52.0056],[70.9276,52.0055],[70.9276,52.0055],[70.9276,52.0055],[70.9276,52.0055],[70.9276,52.0055],[70.9275,52.0055],[70.9275,52.0055]]]],"type":"MultiPolygon"},"geometry_name":"shape","id":"gp_functional_zones.fid--7752831e_19fb67eabdc_7d63","properties":{"area":4.67150439625138,"creation_doc_id":3617,"deactivation_doc_id":null,"func_zone_status_id":2,"ggk_zone_code":"11010000","ggk_zone_name":"Территория усадебной застройки","gp_func_zone_code":"11010000","gp_func_zone_code_id":19,"id":4731870,"zone_type_id":8},"type":"Feature"},{"bbox":[70.9251,52.0048,70.9271,52.0069],"geometry":{"coordinates":[[[[70.9271,52.0053],[70.9261,52.0048],[70.9255,52.0057],[70.9251,52.0063],[70.9256,52.0067],[70.9256,52.0067],[70.9256,52.0067],[70.9256,52.0067],[70.9256,52.0067],[70.9256,52.0067],[70.9256,52.0067],[70.9256,52.0067],[70.9256,52.0067],[70.9256,52.0067],[70.9256,52.0067],[70.9256,52.0067],[70.9256,52.0067],[70.9256,52.0067],[70.9257,52.0067],[70.9257,52.0067],[70.9257,52.0067],[70.9257,52.0067],[70.9257,52.0067],[70.9257,52.0067],[70.9257,52.0068],[70.9257,52.0068],[70.9257,52.0068],[70.9257,52.0068],[70.9257,52.0068],[70.9257,52.0068],[70.9257,52.0068],[70.9257,52.0068],[70.9257,52.0068],[70.9258,52.0068],[70.9258,52.0068],[70.9258,52.0068],[70.9258,52.0068],[70.9262,52.0069],[70.9271,52.0053]]]],"type":"MultiPolygon"},"geometry_name":"shape","id":"gp_functional_zones.fid--7752831e_19fb67eabdc_7d64","properties":{"area":1.75230055899053,"creation_doc_id":3617,"deactivation_doc_id":null,"func_zone_status_id":2,"ggk_zone_code":"11010000","ggk_zone_name":"Территория усадебной застройки","gp_func_zone_code":"11010000","gp_func_zone_code_id":19,"id":4731871,"zone_type_id":8},"type":"Feature"},{"bbox":[70.9227,52.0055,70.9248,52.0069],"geometry":{"coordinates":[[[[70.9245,52.0068],[70.9248,52.0064],[70.9248,52.0064],[70.9247,52.0064],[70.9247,52.0064],[70.9247,52.0064],[70.9245,52.0063],[70.9244,52.0063],[70.9244,52.0063],[70.9244,52.0062],[70.9243,52.0062],[70.9243,52.0062],[70.9242,52.0062],[70.9242,52.0062],[70.9242,52.0062],[70.9238,52.0059],[70.9238,52.0058],[70.9237,52.0058],[70.9237,52.0058],[70.9237,52.0058],[70.9228,52.0055],[70.9227,52.0055],[70.9227,52.0055],[70.9227,52.0055],[70.9227,52.0055],[70.9227,52.0055],[70.9227,52.0055],[70.9227,52.0056],[70.9227,52.0056],[70.9227,52.0056],[70.9227,52.0056],[70.9227,52.0056],[70.9227,52.0056],[70.9227,52.0057],[70.9227,52.0057],[70.9227,52.0057],[70.9227,52.0057],[70.9227,52.0057],[70.9227,52.0057],[70.9227,52.0058],[70.9227,52.0058],[70.9227,52.0058],[70.9227,52.0058],[70.9229,52.0061],[70.9231,52.0063],[70.9231,52.0063],[70.9231,52.0063],[70.9231,52.0063],[70.9231,52.0063],[70.9231,52.0063],[70.9231,52.0064],[70.9231,52.0064],[70.9231,52.0064],[70.9231,52.0064],[70.9231,52.0064],[70.9231,52.0064],[70.9231,52.0064],[70.9231,52.0064],[70.9231,52.0064],[70.9231,52.0064],[70.9231,52.0064],[70.9231,52.0064],[70.9231,52.0064],[70.9231,52.0064],[70.9231,52.0064],[70.9231,52.0064],[70.9231,52.0064],[70.9232,52.0064],[70.9232,52.0064],[70.9232,52.0064],[70.9232,52.0064],[70.9232,52.0064],[70.9232,52.0064],[70.9232,52.0064],[70.9232,52.0064],[70.9232,52.0064],[70.9232,52.0064],[70.9232,52.0064],[70.9232,52.0064],[70.9232,52.0064],[70.9232,52.0064],[70.9232,52.0064],[70.9232,52.0064],[70.9232,52.0064],[70.9232,52.0064],[70.9232,52.0064],[70.9232,52.0064],[70.9232,52.0064],[70.9232,52.0064],[70.9233,52.0065],[70.9233,52.0065],[70.9234,52.0065],[70.9234,52.0065],[70.9234,52.0065],[70.9234,52.0065],[70.9234,52.0065],[70.9234,52.0065],[70.9235,52.0065],[70.9235,52.0065],[70.9235,52.0065],[70.9235,52.0065],[70.9235,52.0065],[70.9235,52.0065],[70.9235,52.0065],[70.9235,52.0065],[70.9235,52.0065],[70.9235,52.0065],[70.9235,52.0065],[70.9235,52.0065],[70.9235,52.0065],[70.9235,52.0065],[70.9235,52.0065],[70.9235,52.0065],[70.9235,52.0065],[70.9235,52.0065],[70.9235,52.0065],[70.9235,52.0065],[70.9235,52.0065],[70.9235,52.0065],[70.9235,52.0065],[70.9235,52.0065],[70.9235,52.0065],[70.9235,52.0065],[70.9235,52.0065],[70.9235,52.0065],[70.9235,52.0065],[70.9235,52.0065],[70.9235,52.0065],[70.9235,52.0065],[70.9235,52.0065],[70.9235,52.0065],[70.9235,52.0065],[70.9235,52.0065],[70.9236,52.0065],[70.9236,52.0065],[70.9236,52.0065],[70.9236,52.0065],[70.9236,52.0065],[70.9236,52.0065],[70.9236,52.0065],[70.9236,52.0065],[70.9236,52.0065],[70.9236,52.0065],[70.9236,52.0065],[70.9236,52.0065],[70.9236,52.0065],[70.9236,52.0065],[70.9236,52.0065],[70.9236,52.0065],[70.9236,52.0065],[70.9236,52.0065],[70.9236,52.0065],[70.9236,52.0065],[70.9236,52.0065],[70.9236,52.0065],[70.9236,52.0065],[70.9236,52.0065],[70.9237,52.0064],[70.9237,52.0064],[70.9237,52.0064],[70.9237,52.0064],[70.9237,52.0064],[70.9238,52.0064],[70.9238,52.0064],[70.9238,52.0064],[70.9238,52.0064],[70.9238,52.0065],[70.9238,52.0065],[70.9238,52.0065],[70.9238,52.0065],[70.9239,52.0065],[70.9239,52.0065],[70.9239,52.0065],[70.9239,52.0065],[70.9239,52.0065],[70.9239,52.0065],[70.9239,52.0065],[70.9239,52.0065],[70.9239,52.0065],[70.9239,52.0065],[70.9239,52.0065],[70.9239,52.0065],[70.9239,52.0065],[70.9239,52.0065],[70.9239,52.0065],[70.9239,52.0065],[70.9239,52.0065],[70.9239,52.0065],[70.9239,52.0065],[70.9239,52.0065],[70.9239,52.0065],[70.9239,52.0065],[70.9239,52.0065],[70.9239,52.0065],[70.9239,52.0065],[70.9239,52.0065],[70.9239,52.0065],[70.9239,52.0065],[70.9239,52.0065],[70.9239,52.0065],[70.9239,52.0065],[70.9239,52.0065],[70.9239,52.0065],[70.9239,52.0065],[70.9239,52.0065],[70.9239,52.0065],[70.9239,52.0065],[70.9239,52.0065],[70.9239,52.0065],[70.9239,52.0065],[70.9239,52.0065],[70.9239,52.0065],[70.9239,52.0065],[70.9239,52.0065],[70.9239,52.0065],[70.9239,52.0065],[70.9239,52.0065],[70.9239,52.0066],[70.9239,52.0066],[70.9239,52.0066],[70.9239,52.0066],[70.9239,52.0066],[70.9239,52.0066],[70.9239,52.0066],[70.9239,52.0066],[70.9239,52.0066],[70.9239,52.0066],[70.9239,52.0066],[70.9239,52.0066],[70.9239,52.0066],[70.9239,52.0066],[70.9239,52.0066],[70.9239,52.0066],[70.9239,52.0066],[70.9239,52.0066],[70.9239,52.0066],[70.9239,52.0066],[70.9239,52.0066],[70.9239,52.0066],[70.9239,52.0066],[70.9239,52.0066],[70.9239,52.0066],[70.9239,52.0066],[70.9239,52.0066],[70.9239,52.0066],[70.9239,52.0066],[70.9239,52.0066],[70.9239,52.0066],[70.9239,52.0066],[70.9239,52.0066],[70.9239,52.0066],[70.9239,52.0066],[70.9239,52.0066],[70.9239,52.0066],[70.9239,52.0066],[70.9239,52.0066],[70.9239,52.0066],[70.9239,52.0066],[70.9239,52.0066],[70.9239,52.0066],[70.9239,52.0066],[70.9239,52.0066],[70.9239,52.0066],[70.9239,52.0066],[70.9239,52.0066],[70.9239,52.0066],[70.9239,52.0066],[70.9239,52.0066],[70.9239,52.0066],[70.9239,52.0066],[70.9239,52.0066],[70.9239,52.0066],[70.9239,52.0066],[70.9239,52.0066],[70.9239,52.0066],[70.9239,52.0066],[70.9239,52.0066],[70.9239,52.0066],[70.9239,52.0066],[70.9239,52.0066],[70.9239,52.0066],[70.9239,52.0066],[70.9239,52.0066],[70.9239,52.0066],[70.9239,52.0066],[70.9239,52.0066],[70.9239,52.0066],[70.9239,52.0066],[70.9239,52.0066],[70.9239,52.0066],[70.9239,52.0066],[70.9239,52.0066],[70.9239,52.0066],[70.9239,52.0066],[70.9239,52.0066],[70.9239,52.0066],[70.9239,52.0066],[70.9239,52.0066],[70.9239,52.0066],[70.9239,52.0066],[70.9239,52.0066],[70.9239,52.0066],[70.9239,52.0066],[70.9239,52.0066],[70.9239,52.0066],[70.9239,52.0066],[70.9239,52.0066],[70.9239,52.0066],[70.9239,52.0066],[70.9239,52.0066],[70.9239,52.0066],[70.9239,52.0066],[70.9239,52.0066],[70.9239,52.0066],[70.9239,52.0066],[70.9239,52.0066],[70.9239,52.0066],[70.9239,52.0066],[70.9239,52.0066],[70.9239,52.0066],[70.9239,52.0066],[70.9239,52.0066],[70.9239,52.0066],[70.9239,52.0066],[70.9239,52.0066],[70.9239,52.0066],[70.9239,52.0066],[70.9239,52.0066],[70.9239,52.0066],[70.9239,52.0066],[70.9239,52.0066],[70.9239,52.0066],[70.9239,52.0066],[70.9239,52.0066],[70.9239,52.0066],[70.9239,52.0066],[70.9239,52.0066],[70.9239,52.0066],[70.9239,52.0066],[70.9239,52.0066],[70.9239,52.0066],[70.9239,52.0066],[70.9239,52.0066],[70.9239,52.0066],[70.9239,52.0066],[70.9239,52.0066],[70.9239,52.0066],[70.9239,52.0066],[70.9239,52.0066],[70.9239,52.0066],[70.9239,52.0066],[70.9239,52.0066],[70.9239,52.0066],[70.9239,52.0066],[70.9239,52.0066],[70.9239,52.0066],[70.9239,52.0066],[70.9239,52.0066],[70.9239,52.0066],[70.9239,52.0066],[70.9239,52.0066],[70.9239,52.0066],[70.9239,52.0066],[70.9239,52.0066],[70.9239,52.0066],[70.9239,52.0066],[70.9239,52.0066],[70.9239,52.0066],[70.9239,52.0066],[70.9239,52.0066],[70.9239,52.0066],[70.9239,52.0066],[70.9239,52.0066],[70.9239,52.0066],[70.9239,52.0066],[70.9239,52.0066],[70.9239,52.0066],[70.9239,52.0066],[70.9239,52.0066],[70.9239,52.0066],[70.9239,52.0066],[70.9239,52.0066],[70.9239,52.0066],[70.9239,52.0066],[70.9239,52.0066],[70.9239,52.0066],[70.9239,52.0066],[70.9239,52.0066],[70.9239,52.0066],[70.9239,52.0066],[70.9239,52.0066],[70.9239,52.0066],[70.9239,52.0066],[70.9239,52.0066],[70.9239,52.0066],[70.9239,52.0066],[70.9239,52.0066],[70.9239,52.0066],[70.9239,52.0066],[70.9239,52.0066],[70.9239,52.0066],[70.9239,52.0066],[70.9239,52.0066],[70.9239,52.0066],[70.9239,52.0066],[70.9239,52.0066],[70.9239,52.0066],[70.9239,52.0066],[70.9239,52.0066],[70.9239,52.0066],[70.9239,52.0066],[70.9239,52.0066],[70.9239,52.0066],[70.9239,52.0066],[70.9239,52.0066],[70.9239,52.0066],[70.9239,52.0066],[70.9239,52.0066],[70.9239,52.0066],[70.9239,52.0066],[70.9239,52.0066],[70.9239,52.0066],[70.9239,52.0066],[70.9239,52.0066],[70.9239,52.0066],[70.9239,52.0066],[70.9239,52.0066],[70.9239,52.0066],[70.9239,52.0066],[70.9239,52.0066],[70.9239,52.0066],[70.9239,52.0066],[70.9239,52.0066],[70.9239,52.0066],[70.9239,52.0066],[70.9239,52.0066],[70.9239,52.0066],[70.9238,52.0066],[70.9238,52.0066],[70.9238,52.0066],[70.9238,52.0066],[70.9238,52.0066],[70.9238,52.0066],[70.9238,52.0066],[70.9238,52.0066],[70.9238,52.0066],[70.9238,52.0066],[70.9238,52.0066],[70.9238,52.0067],[70.9238,52.0067],[70.9237,52.0067],[70.9237,52.0067],[70.9237,52.0067],[70.9237,52.0067],[70.9237,52.0067],[70.9237,52.0067],[70.9237,52.0067],[70.9237,52.0067],[70.9237,52.0067],[70.9237,52.0067],[70.9237,52.0067],[70.9237,52.0067],[70.9237,52.0067],[70.9237,52.0067],[70.9237,52.0067],[70.9237,52.0067],[70.9237,52.0067],[70.9237,52.0067],[70.9237,52.0067],[70.9237,52.0067],[70.9237,52.0067],[70.9236,52.0067],[70.9236,52.0067],[70.9236,52.0067],[70.9236,52.0067],[70.9236,52.0067],[70.9236,52.0067],[70.9236,52.0067],[70.9236,52.0067],[70.9236,52.0067],[70.9236,52.0067],[70.9236,52.0067],[70.9236,52.0067],[70.9236,52.0067],[70.9236,52.0067],[70.9236,52.0067],[70.9236,52.0067],[70.9236,52.0068],[70.9236,52.0068],[70.9236,52.0068],[70.9236,52.0068],[70.9236,52.0068],[70.9236,52.0068],[70.9236,52.0068],[70.9237,52.0068],[70.9237,52.0068],[70.9237,52.0068],[70.9237,52.0068],[70.9237,52.0068],[70.9237,52.0068],[70.9237,52.0068],[70.9237,52.0068],[70.9237,52.0068],[70.9237,52.0068],[70.9237,52.0068],[70.9237,52.0068],[70.9237,52.0068],[70.9237,52.0068],[70.9237,52.0068],[70.9237,52.0068],[70.9237,52.0068],[70.9237,52.0068],[70.9237,52.0068],[70.9237,52.0068],[70.9237,52.0068],[70.9237,52.0068],[70.9237,52.0068],[70.9237,52.0068],[70.9237,52.0068],[70.9237,52.0069],[70.9237,52.0069],[70.9237,52.0069],[70.9237,52.0069],[70.9237,52.0069],[70.9237,52.0069],[70.924,52.0069],[70.9245,52.0069],[70.9245,52.0068]]]],"type":"MultiPolygon"},"geometry_name":"shape","id":"gp_functional_zones.fid--7752831e_19fb67eabdc_7d65","properties":{"area":1.02197752156744,"creation_doc_id":3617,"deactivation_doc_id":null,"func_zone_status_id":2,"ggk_zone_code":"11010000","ggk_zone_name":"Территория усадебной застройки","gp_func_zone_code":"11010000","gp_func_zone_code_id":19,"id":4731872,"zone_type_id":8},"type":"Feature"},{"bbox":[70.9398,52.0051,70.9406,52.0064],"geometry":{"coordinates":[[[[70.9401,52.0064],[70.9406,52.0051],[70.9406,52.0051],[70.9404,52.0055],[70.9404,52.0055],[70.9404,52.0055],[70.9404,52.0055],[70.9404,52.0055],[70.9404,52.0055],[70.9404,52.0055],[70.9403,52.0055],[70.9403,52.0055],[70.9403,52.0055],[70.9403,52.0056],[70.9403,52.0056],[70.9403,52.0056],[70.9403,52.0056],[70.9403,52.0056],[70.9403,52.0056],[70.9403,52.0056],[70.9403,52.0056],[70.9403,52.0056],[70.9403,52.0056],[70.9403,52.0056],[70.9403,52.0056],[70.9403,52.0057],[70.9403,52.0057],[70.9403,52.0057],[70.9403,52.0057],[70.9403,52.0057],[70.9403,52.0057],[70.9403,52.0057],[70.9403,52.0057],[70.9403,52.0057],[70.9403,52.0057],[70.9402,52.0057],[70.9402,52.0057],[70.9402,52.0058],[70.9402,52.0058],[70.9402,52.0058],[70.9402,52.0058],[70.9402,52.0058],[70.9402,52.0058],[70.9402,52.0058],[70.9402,52.0058],[70.9402,52.0058],[70.9402,52.0058],[70.9402,52.0058],[70.9402,52.0058],[70.9402,52.0059],[70.9402,52.0059],[70.9402,52.0059],[70.9402,52.0059],[70.9402,52.0059],[70.9402,52.0059],[70.9401,52.0059],[70.9401,52.0059],[70.9401,52.0059],[70.9401,52.0059],[70.9401,52.0059],[70.9401,52.0059],[70.9401,52.0059],[70.9401,52.006],[70.9401,52.006],[70.9401,52.006],[70.9401,52.006],[70.9401,52.006],[70.9401,52.006],[70.9398,52.0063],[70.9398,52.0063],[70.9398,52.0063],[70.9398,52.0063],[70.9398,52.0063],[70.9399,52.0063],[70.9399,52.0063],[70.9399,52.0063],[70.9399,52.0063],[70.9399,52.0063],[70.9399,52.0063],[70.9399,52.0063],[70.9399,52.0063],[70.9399,52.0063],[70.9399,52.0063],[70.9399,52.0063],[70.94,52.0063],[70.94,52.0063],[70.94,52.0063],[70.94,52.0063],[70.94,52.0063],[70.94,52.0063],[70.94,52.0063],[70.94,52.0063],[70.94,52.0063],[70.94,52.0063],[70.94,52.0063],[70.94,52.0063],[70.9401,52.0063],[70.9401,52.0063],[70.9401,52.0063],[70.9401,52.0063],[70.9401,52.0064],[70.9401,52.0064],[70.9401,52.0064],[70.9401,52.0064],[70.9401,52.0064]]]],"type":"MultiPolygon"},"geometry_name":"shape","id":"gp_functional_zones.fid--7752831e_19fb67eabdc_7d66","properties":{"area":0.121170224686741,"creation_doc_id":3617,"deactivation_doc_id":null,"func_zone_status_id":2,"ggk_zone_code":"11010000","ggk_zone_name":"Территория усадебной застройки","gp_func_zone_code":"11010000","gp_func_zone_code_id":19,"id":4731873,"zone_type_id":8},"type":"Feature"},{"bbox":[70.9298,52.0045,70.9349,52.0064],"geometry":{"coordinates":[[[[70.9323,52.0048],[70.9312,52.0045],[70.9304,52.0049],[70.9304,52.0049],[70.9304,52.0049],[70.9303,52.0049],[70.9303,52.0049],[70.9303,52.0049],[70.9303,52.0049],[70.9303,52.005],[70.9303,52.005],[70.9303,52.005],[70.9303,52.005],[70.9303,52.005],[70.9303,52.005],[70.9302,52.005],[70.9302,52.005],[70.9302,52.005],[70.9302,52.005],[70.9302,52.005],[70.9302,52.005],[70.9302,52.005],[70.9302,52.005],[70.9302,52.005],[70.9302,52.005],[70.9302,52.0051],[70.9301,52.0051],[70.9301,52.0051],[70.9301,52.0051],[70.9301,52.0051],[70.9301,52.0051],[70.9301,52.0051],[70.9301,52.0051],[70.9301,52.0051],[70.9301,52.0051],[70.9301,52.0051],[70.9301,52.0051],[70.9301,52.0051],[70.9301,52.0051],[70.9301,52.0052],[70.93,52.0052],[70.93,52.0052],[70.93,52.0052],[70.93,52.0052],[70.93,52.0052],[70.93,52.0052],[70.93,52.0052],[70.93,52.0052],[70.93,52.0052],[70.93,52.0052],[70.93,52.0052],[70.93,52.0052],[70.93,52.0053],[70.93,52.0053],[70.93,52.0053],[70.93,52.0053],[70.93,52.0053],[70.93,52.0053],[70.9299,52.0053],[70.9299,52.0053],[70.9299,52.0053],[70.9299,52.0053],[70.9299,52.0053],[70.9299,52.0053],[70.9299,52.0053],[70.9299,52.0054],[70.9299,52.0054],[70.9299,52.0054],[70.9299,52.0054],[70.9298,52.0058],[70.931,52.006],[70.9319,52.0062],[70.932,52.0062],[70.9328,52.0063],[70.9328,52.0063],[70.9333,52.0064],[70.9335,52.0064],[70.9335,52.0064],[70.9335,52.0064],[70.9335,52.0064],[70.9335,52.0064],[70.9336,52.0064],[70.9336,52.0064],[70.9336,52.0064],[70.9336,52.0064],[70.9336,52.0064],[70.9336,52.0064],[70.9336,52.0063],[70.9336,52.0063],[70.9336,52.0063],[70.9336,52.0063],[70.9336,52.0063],[70.9336,52.0063],[70.9336,52.0063],[70.9336,52.0063],[70.9336,52.0063],[70.9336,52.0063],[70.9337,52.0063],[70.9337,52.0063],[70.9337,52.0063],[70.9337,52.0063],[70.9337,52.0063],[70.9337,52.0062],[70.9337,52.0062],[70.9337,52.0062],[70.9337,52.0062],[70.9337,52.0062],[70.9337,52.0062],[70.9337,52.0062],[70.9337,52.0062],[70.9338,52.0062],[70.9338,52.0062],[70.9338,52.0062],[70.9338,52.0062],[70.9338,52.0062],[70.9338,52.0062],[70.9338,52.0062],[70.9338,52.0062],[70.9338,52.0061],[70.9338,52.0061],[70.9338,52.0061],[70.9339,52.0061],[70.9339,52.0061],[70.9339,52.0061],[70.9339,52.0061],[70.9339,52.0061],[70.9339,52.0061],[70.9339,52.0061],[70.9339,52.0061],[70.9339,52.0061],[70.934,52.0061],[70.934,52.0061],[70.934,52.0061],[70.934,52.0061],[70.934,52.0061],[70.934,52.0061],[70.934,52.006],[70.934,52.006],[70.934,52.006],[70.934,52.006],[70.9341,52.006],[70.9341,52.006],[70.9341,52.006],[70.9341,52.006],[70.9341,52.006],[70.9341,52.006],[70.9341,52.006],[70.9341,52.006],[70.9342,52.006],[70.9342,52.006],[70.9342,52.006],[70.9342,52.006],[70.9342,52.006],[70.9342,52.006],[70.9342,52.006],[70.9342,52.006],[70.9342,52.006],[70.9343,52.006],[70.9343,52.006],[70.9343,52.006],[70.9343,52.006],[70.9343,52.006],[70.9343,52.006],[70.9343,52.0059],[70.9343,52.0059],[70.9344,52.0059],[70.9344,52.0059],[70.9344,52.0059],[70.9344,52.0059],[70.9344,52.0059],[70.9344,52.0059],[70.9344,52.0059],[70.9345,52.0059],[70.9345,52.0059],[70.9345,52.0059],[70.9345,52.0059],[70.9345,52.0059],[70.9345,52.0059],[70.9345,52.0059],[70.9345,52.0059],[70.9345,52.0059],[70.9349,52.0059],[70.9345,52.0057],[70.9335,52.0052],[70.9335,52.0052],[70.9335,52.0052],[70.9335,52.0052],[70.9335,52.0052],[70.9335,52.0052],[70.9335,52.0052],[70.9334,52.0052],[70.9334,52.0052],[70.9334,52.0052],[70.9334,52.0052],[70.9334,52.0052],[70.9334,52.0052],[70.9334,52.0052],[70.9333,52.0052],[70.9333,52.0051],[70.9333,52.0051],[70.9333,52.0051],[70.9333,52.0051],[70.9333,52.0051],[70.9333,52.0051],[70.9333,52.0051],[70.9332,52.0051],[70.9332,52.0051],[70.9332,52.0051],[70.9332,52.0051],[70.9332,52.0051],[70.9332,52.0051],[70.9332,52.0051],[70.9332,52.0051],[70.9331,52.0051],[70.9331,52.0051],[70.9331,52.0051],[70.9326,52.0049],[70.9326,52.0049],[70.9326,52.0049],[70.9326,52.0049],[70.9326,52.0049],[70.9326,52.0049],[70.9326,52.0049],[70.9325,52.0049],[70.9325,52.0049],[70.9325,52.0049],[70.9325,52.0049],[70.9325,52.0048],[70.9325,52.0048],[70.9325,52.0048],[70.9325,52.0048],[70.9325,52.0048],[70.9325,52.0048],[70.9324,52.0048],[70.9324,52.0048],[70.9324,52.0048],[70.9324,52.0048],[70.9324,52.0048],[70.9324,52.0048],[70.9324,52.0048],[70.9324,52.0048],[70.9324,52.0048],[70.9324,52.0048],[70.9324,52.0048],[70.9323,52.0048],[70.9323,52.0048],[70.9323,52.0048],[70.9323,52.0048],[70.9323,52.0048]]]],"type":"MultiPolygon"},"geometry_name":"shape","id":"gp_functional_zones.fid--7752831e_19fb67eabdc_7d67","properties":{"area":4.14625469226491,"creation_doc_id":3617,"deactivation_doc_id":null,"func_zone_status_id":2,"ggk_zone_code":"11010000","ggk_zone_name":"Территория усадебной застройки","gp_func_zone_code":"11010000","gp_func_zone_code_id":19,"id":4731874,"zone_type_id":8},"type":"Feature"},{"bbox":[70.9375,52.0042,70.9404,52.0062],"geometry":{"coordinates":[[[[70.9402,52.0044],[70.9397,52.0042],[70.9397,52.0042],[70.9397,52.0042],[70.9397,52.0042],[70.9397,52.0042],[70.9397,52.0042],[70.9397,52.0042],[70.9397,52.0042],[70.9397,52.0042],[70.9397,52.0042],[70.9396,52.0042],[70.9396,52.0042],[70.9396,52.0042],[70.9396,52.0042],[70.9396,52.0042],[70.9396,52.0042],[70.9396,52.0042],[70.9396,52.0043],[70.9396,52.0043],[70.9396,52.0043],[70.9395,52.0043],[70.9395,52.0043],[70.9395,52.0043],[70.9395,52.0043],[70.9395,52.0043],[70.9395,52.0043],[70.9395,52.0043],[70.9395,52.0043],[70.9395,52.0043],[70.9395,52.0043],[70.9394,52.0043],[70.9394,52.0043],[70.9394,52.0043],[70.9394,52.0043],[70.9394,52.0043],[70.9394,52.0043],[70.9394,52.0043],[70.9394,52.0043],[70.9394,52.0043],[70.9394,52.0043],[70.9394,52.0043],[70.9393,52.0043],[70.9393,52.0043],[70.9393,52.0043],[70.9393,52.0043],[70.9393,52.0043],[70.9393,52.0043],[70.9393,52.0043],[70.9393,52.0043],[70.9393,52.0043],[70.9393,52.0043],[70.9393,52.0043],[70.9393,52.0043],[70.9393,52.0044],[70.9393,52.0044],[70.9392,52.0044],[70.9392,52.0044],[70.9392,52.0044],[70.9392,52.0044],[70.9392,52.0044],[70.9392,52.0044],[70.9392,52.0044],[70.9392,52.0044],[70.9392,52.0044],[70.9392,52.0044],[70.9392,52.0044],[70.9392,52.0044],[70.9392,52.0044],[70.9392,52.0044],[70.9391,52.0044],[70.9391,52.0044],[70.9391,52.0044],[70.9391,52.0044],[70.9391,52.0044],[70.9391,52.0044],[70.9391,52.0044],[70.9391,52.0044],[70.9391,52.0044],[70.9391,52.0044],[70.9391,52.0044],[70.9391,52.0044],[70.9391,52.0044],[70.9391,52.0045],[70.9391,52.0045],[70.939,52.0045],[70.939,52.0045],[70.939,52.0045],[70.939,52.0045],[70.939,52.0045],[70.939,52.0045],[70.939,52.0045],[70.939,52.0045],[70.939,52.0045],[70.939,52.0045],[70.939,52.0045],[70.939,52.0045],[70.939,52.0045],[70.9385,52.0048],[70.9379,52.0053],[70.9379,52.0053],[70.9378,52.0053],[70.9378,52.0053],[70.9378,52.0053],[70.9378,52.0053],[70.9378,52.0053],[70.9378,52.0053],[70.9378,52.0053],[70.9378,52.0053],[70.9378,52.0053],[70.9378,52.0054],[70.9378,52.0054],[70.9378,52.0054],[70.9378,52.0054],[70.9377,52.0054],[70.9377,52.0054],[70.9377,52.0054],[70.9377,52.0054],[70.9377,52.0054],[70.9377,52.0054],[70.9377,52.0054],[70.9377,52.0054],[70.9377,52.0054],[70.9377,52.0054],[70.9377,52.0054],[70.9377,52.0054],[70.9377,52.0054],[70.9376,52.0054],[70.9376,52.0054],[70.9376,52.0054],[70.9376,52.0055],[70.9376,52.0055],[70.9376,52.0055],[70.9376,52.0055],[70.9376,52.0055],[70.9376,52.0055],[70.9376,52.0055],[70.9376,52.0055],[70.9376,52.0055],[70.9375,52.0055],[70.9375,52.0055],[70.9375,52.0055],[70.9375,52.0055],[70.9375,52.0055],[70.9375,52.0055],[70.9375,52.0055],[70.9375,52.0055],[70.9375,52.0055],[70.9378,52.0057],[70.9379,52.0057],[70.9385,52.0059],[70.9385,52.0059],[70.9385,52.0059],[70.9385,52.0059],[70.9385,52.0059],[70.9385,52.0059],[70.9385,52.006],[70.9386,52.006],[70.9386,52.006],[70.9386,52.006],[70.9386,52.006],[70.9386,52.006],[70.9386,52.006],[70.9386,52.006],[70.9386,52.006],[70.9386,52.006],[70.9386,52.006],[70.9387,52.006],[70.9387,52.006],[70.9387,52.006],[70.9387,52.006],[70.9387,52.006],[70.9387,52.006],[70.9387,52.006],[70.9387,52.006],[70.9387,52.006],[70.9388,52.006],[70.9388,52.006],[70.9388,52.006],[70.9388,52.006],[70.9388,52.006],[70.9388,52.006],[70.9388,52.006],[70.9388,52.0061],[70.9388,52.0061],[70.9389,52.0061],[70.9389,52.0061],[70.9389,52.0061],[70.9389,52.0061],[70.9389,52.0061],[70.9389,52.0061],[70.9389,52.0061],[70.9389,52.0061],[70.9389,52.0061],[70.939,52.0061],[70.939,52.0061],[70.939,52.0061],[70.939,52.0061],[70.939,52.0061],[70.939,52.0061],[70.939,52.0061],[70.939,52.0061],[70.9391,52.0061],[70.9391,52.0061],[70.9391,52.0061],[70.9391,52.0061],[70.9391,52.0061],[70.9391,52.0061],[70.9391,52.0061],[70.9391,52.0061],[70.9391,52.0061],[70.9392,52.0061],[70.9392,52.0061],[70.9392,52.0061],[70.9392,52.0061],[70.9395,52.0062],[70.9398,52.0059],[70.9398,52.0059],[70.9398,52.0059],[70.9398,52.0059],[70.9398,52.0059],[70.9399,52.0059],[70.9399,52.0059],[70.9399,52.0059],[70.9399,52.0058],[70.9399,52.0058],[70.9399,52.0058],[70.9399,52.0058],[70.9399,52.0058],[70.9399,52.0058],[70.9399,52.0058],[70.9399,52.0058],[70.9399,52.0058],[70.9399,52.0058],[70.9399,52.0058],[70.9399,52.0058],[70.9399,52.0058],[70.9399,52.0058],[70.9399,52.0057],[70.9399,52.0057],[70.9399,52.0057],[70.94,52.0057],[70.94,52.0057],[70.94,52.0057],[70.94,52.0057],[70.94,52.0057],[70.94,52.0057],[70.94,52.0057],[70.94,52.0057],[70.94,52.0057],[70.94,52.0057],[70.94,52.0056],[70.94,52.0056],[70.94,52.0056],[70.94,52.0056],[70.94,52.0056],[70.94,52.0056],[70.94,52.0056],[70.94,52.0056],[70.94,52.0056],[70.94,52.0056],[70.94,52.0056],[70.94,52.0056],[70.94,52.0056],[70.94,52.0055],[70.94,52.0055],[70.9401,52.0055],[70.9401,52.0055],[70.9401,52.0055],[70.9401,52.0055],[70.9401,52.0055],[70.9401,52.0055],[70.9401,52.0055],[70.9401,52.0055],[70.9401,52.0055],[70.9401,52.0055],[70.9401,52.0054],[70.9401,52.0054],[70.9401,52.0054],[70.9401,52.0054],[70.9404,52.0049],[70.9404,52.0049],[70.9404,52.0049],[70.9404,52.0049],[70.9404,52.0048],[70.9404,52.0048],[70.9404,52.0048],[70.9404,52.0048],[70.9404,52.0048],[70.9404,52.0048],[70.9404,52.0048],[70.9404,52.0048],[70.9404,52.0048],[70.9404,52.0048],[70.9404,52.0048],[70.9404,52.0048],[70.9404,52.0048],[70.9404,52.0048],[70.9404,52.0048],[70.9404,52.0048],[70.9404,52.0048],[70.9404,52.0048],[70.9404,52.0048],[70.9404,52.0048],[70.9404,52.0048],[70.9404,52.0047],[70.9404,52.0047],[70.9404,52.0047],[70.9404,52.0047],[70.9404,52.0047],[70.9404,52.0047],[70.9404,52.0047],[70.9404,52.0047],[70.9404,52.0047],[70.9404,52.0047],[70.9404,52.0047],[70.9404,52.0047],[70.9404,52.0047],[70.9404,52.0047],[70.9404,52.0047],[70.9404,52.0047],[70.9404,52.0047],[70.9404,52.0046],[70.9404,52.0046],[70.9404,52.0046],[70.9404,52.0046],[70.9404,52.0046],[70.9404,52.0046],[70.9404,52.0046],[70.9404,52.0046],[70.9404,52.0046],[70.9404,52.0046],[70.9404,52.0046],[70.9404,52.0046],[70.9404,52.0046],[70.9404,52.0046],[70.9404,52.0046],[70.9404,52.0046],[70.9404,52.0045],[70.9404,52.0045],[70.9404,52.0045],[70.9404,52.0045],[70.9404,52.0045],[70.9404,52.0045],[70.9403,52.0045],[70.9403,52.0045],[70.9403,52.0045],[70.9403,52.0045],[70.9403,52.0045],[70.9403,52.0045],[70.9403,52.0045],[70.9403,52.0045],[70.9403,52.0045],[70.9403,52.0045],[70.9403,52.0045],[70.9403,52.0045],[70.9403,52.0045],[70.9403,52.0045],[70.9403,52.0045],[70.9403,52.0045],[70.9403,52.0045],[70.9403,52.0044],[70.9403,52.0044],[70.9403,52.0044],[70.9403,52.0044],[70.9402,52.0044],[70.9402,52.0044],[70.9402,52.0044],[70.9402,52.0044],[70.9402,52.0044],[70.9402,52.0044],[70.9402,52.0044],[70.9402,52.0044],[70.9402,52.0044],[70.9402,52.0044],[70.9402,52.0044],[70.9402,52.0044]]]],"type":"MultiPolygon"},"geometry_name":"shape","id":"gp_functional_zones.fid--7752831e_19fb67eabdc_7d68","properties":{"area":2.54578760778675,"creation_doc_id":3617,"deactivation_doc_id":null,"func_zone_status_id":2,"ggk_zone_code":"11010000","ggk_zone_name":"Территория усадебной застройки","gp_func_zone_code":"11010000","gp_func_zone_code_id":19,"id":4731877,"zone_type_id":8},"type":"Feature"},{"bbox":[70.9226,52.0027,70.9272,52.0062],"geometry":{"coordinates":[[[[70.9253,52.0057],[70.9266,52.0037],[70.9272,52.0028],[70.927,52.0028],[70.927,52.0028],[70.9269,52.0028],[70.9269,52.0028],[70.9268,52.0028],[70.9268,52.0028],[70.9268,52.0027],[70.9267,52.0027],[70.9267,52.0027],[70.9266,52.0027],[70.9266,52.0027],[70.9266,52.0027],[70.9265,52.0027],[70.9265,52.0027],[70.9265,52.0027],[70.9262,52.0034],[70.9253,52.0036],[70.9248,52.0039],[70.924,52.0039],[70.924,52.0043],[70.9244,52.0043],[70.9244,52.0044],[70.923,52.0045],[70.9226,52.0052],[70.9226,52.0052],[70.9238,52.0056],[70.9238,52.0057],[70.9238,52.0057],[70.9239,52.0057],[70.9239,52.0057],[70.9239,52.0057],[70.9239,52.0057],[70.9239,52.0057],[70.924,52.0057],[70.924,52.0057],[70.924,52.0058],[70.9244,52.006],[70.9244,52.006],[70.9244,52.006],[70.9244,52.006],[70.9244,52.0061],[70.9245,52.0061],[70.9245,52.0061],[70.9245,52.0061],[70.9245,52.0061],[70.9245,52.0061],[70.9245,52.0061],[70.9246,52.0061],[70.9246,52.0061],[70.9246,52.0061],[70.9246,52.0061],[70.9246,52.0061],[70.9247,52.0062],[70.9249,52.0062],[70.9249,52.0062],[70.9249,52.0062],[70.9253,52.0057]]]],"type":"MultiPolygon"},"geometry_name":"shape","id":"gp_functional_zones.fid--7752831e_19fb67eabdc_7d69","properties":{"area":4.64454611840778,"creation_doc_id":3617,"deactivation_doc_id":null,"func_zone_status_id":2,"ggk_zone_code":"11010000","ggk_zone_name":"Территория усадебной застройки","gp_func_zone_code":"11010000","gp_func_zone_code_id":19,"id":4731878,"zone_type_id":8},"type":"Feature"},{"bbox":[70.9433,51.9988,70.9495,52.0059],"geometry":{"coordinates":[[[[70.9472,52.002],[70.9472,52.002],[70.9472,52.002],[70.9472,52.002],[70.9477,52.0015],[70.9477,52.0015],[70.9477,52.0015],[70.9484,52.0009],[70.9489,52.0003],[70.9491,52.0001],[70.9491,52.0001],[70.9491,52.0],[70.9491,52.0],[70.9491,52.0],[70.9491,52.0],[70.9491,52.0],[70.9491,52.0],[70.9492,52.0],[70.9492,52.0],[70.9492,51.9999],[70.9492,51.9999],[70.9492,51.9999],[70.9492,51.9999],[70.9492,51.9999],[70.9492,51.9999],[70.9493,51.9999],[70.9493,51.9999],[70.9493,51.9998],[70.9493,51.9998],[70.9493,51.9998],[70.9493,51.9998],[70.9494,51.9998],[70.9494,51.9998],[70.9494,51.9998],[70.9494,51.9997],[70.9494,51.9997],[70.9494,51.9997],[70.9494,51.9997],[70.9494,51.9997],[70.9495,51.9997],[70.9495,51.9997],[70.9495,51.9996],[70.9495,51.9996],[70.9495,51.9996],[70.9495,51.9996],[70.9495,51.9996],[70.9492,51.9993],[70.9491,51.9993],[70.9491,51.9992],[70.9491,51.9992],[70.949,51.9992],[70.949,51.9992],[70.949,51.9992],[70.949,51.9992],[70.949,51.9992],[70.949,51.9992],[70.9489,51.9992],[70.9489,51.9991],[70.9486,51.9988],[70.9485,51.9988],[70.9485,51.9988],[70.9485,51.9988],[70.9484,51.9988],[70.9484,51.9988],[70.9483,51.9989],[70.9483,51.9989],[70.9483,51.9989],[70.9483,51.9989],[70.9482,51.9989],[70.9482,51.9989],[70.9482,51.999],[70.9481,51.999],[70.9481,51.999],[70.9481,51.999],[70.948,51.999],[70.948,51.999],[70.948,51.999],[70.948,51.9991],[70.9479,51.9991],[70.9479,51.9991],[70.9479,51.9991],[70.9479,51.9991],[70.9478,51.9991],[70.9478,51.9991],[70.9478,51.9991],[70.9478,51.9992],[70.9478,51.9992],[70.9477,51.9992],[70.9477,51.9992],[70.9477,51.9992],[70.9476,51.9992],[70.9476,51.9992],[70.9476,51.9993],[70.9476,51.9993],[70.9475,51.9993],[70.9475,51.9993],[70.9475,51.9993],[70.9474,51.9993],[70.9474,51.9994],[70.9474,51.9994],[70.9473,51.9994],[70.9473,51.9994],[70.9473,51.9994],[70.9473,51.9994],[70.9472,51.9994],[70.9472,51.9995],[70.9472,51.9995],[70.9471,51.9995],[70.9471,51.9995],[70.9471,51.9995],[70.9471,51.9995],[70.947,51.9995],[70.947,51.9996],[70.947,51.9996],[70.9469,51.9996],[70.9469,51.9996],[70.9469,51.9996],[70.9469,51.9996],[70.9468,51.9996],[70.9468,51.9997],[70.9468,51.9997],[70.9468,51.9997],[70.9467,51.9997],[70.9467,51.9997],[70.9467,51.9997],[70.9467,51.9997],[70.9466,51.9997],[70.9466,51.9998],[70.9466,51.9998],[70.9466,51.9998],[70.9466,51.9998],[70.9465,51.9998],[70.9465,51.9998],[70.9465,51.9998],[70.9465,51.9998],[70.9464,51.9999],[70.9464,51.9999],[70.9464,51.9999],[70.9464,51.9999],[70.9463,51.9999],[70.9463,51.9999],[70.9463,51.9999],[70.9463,51.9999],[70.9463,52.0],[70.9462,52.0],[70.9462,52.0],[70.9462,52.0],[70.9462,52.0],[70.9461,52.0],[70.9461,52.0],[70.9461,52.0001],[70.946,52.0001],[70.946,52.0001],[70.946,52.0001],[70.9459,52.0001],[70.9459,52.0001],[70.9459,52.0002],[70.9458,52.0002],[70.9458,52.0002],[70.9458,52.0002],[70.9458,52.0002],[70.9457,52.0003],[70.9457,52.0003],[70.9457,52.0003],[70.9457,52.0003],[70.9456,52.0003],[70.9456,52.0003],[70.9456,52.0004],[70.9456,52.0004],[70.9456,52.0004],[70.9456,52.0004],[70.9455,52.0004],[70.9455,52.0004],[70.9455,52.0004],[70.9455,52.0005],[70.9455,52.0005],[70.9454,52.0005],[70.9454,52.0005],[70.9454,52.0005],[70.9454,52.0005],[70.9454,52.0005],[70.9454,52.0005],[70.9453,52.0006],[70.9453,52.0006],[70.9453,52.0006],[70.9453,52.0006],[70.9453,52.0006],[70.9453,52.0006],[70.9452,52.0006],[70.9452,52.0007],[70.9452,52.0007],[70.9452,52.0007],[70.9452,52.0007],[70.9452,52.0007],[70.9451,52.0007],[70.9451,52.0007],[70.9451,52.0008],[70.9451,52.0008],[70.9451,52.0008],[70.945,52.0008],[70.945,52.0008],[70.945,52.0009],[70.945,52.0009],[70.9449,52.0009],[70.9449,52.0009],[70.9449,52.001],[70.9449,52.001],[70.9448,52.001],[70.9448,52.001],[70.9448,52.001],[70.9448,52.001],[70.9448,52.001],[70.9448,52.0011],[70.9447,52.0011],[70.9447,52.0011],[70.9447,52.0012],[70.9449,52.0013],[70.9448,52.0014],[70.9447,52.0014],[70.9446,52.0017],[70.9448,52.0018],[70.9446,52.0021],[70.9445,52.002],[70.9444,52.0021],[70.9444,52.0022],[70.9443,52.0025],[70.9442,52.0029],[70.944,52.0037],[70.944,52.0037],[70.944,52.0037],[70.944,52.0038],[70.9433,52.0059],[70.9437,52.0059],[70.944,52.0059],[70.9441,52.0059],[70.9442,52.0059],[70.9442,52.0059],[70.9443,52.0059],[70.9443,52.0059],[70.9443,52.0059],[70.9444,52.0059],[70.9444,52.0059],[70.9444,52.0059],[70.9445,52.0059],[70.9445,52.0059],[70.9445,52.0059],[70.9445,52.0059],[70.9445,52.0058],[70.9445,52.0058],[70.9446,52.0058],[70.9446,52.0058],[70.9446,52.0058],[70.9446,52.0057],[70.9446,52.0057],[70.9446,52.0057],[70.9446,52.0057],[70.9446,52.0057],[70.9446,52.0056],[70.9446,52.0056],[70.9446,52.0056],[70.9447,52.0056],[70.9447,52.0056],[70.9447,52.0056],[70.9447,52.0055],[70.9447,52.0055],[70.9447,52.0055],[70.9447,52.0055],[70.9447,52.0055],[70.9447,52.0054],[70.9447,52.0054],[70.9448,52.0054],[70.9448,52.0054],[70.9448,52.0054],[70.9448,52.0054],[70.9448,52.0053],[70.9448,52.0053],[70.9448,52.0053],[70.9448,52.0053],[70.9448,52.0053],[70.9448,52.0053],[70.9448,52.0052],[70.9449,52.0052],[70.9449,52.0052],[70.9449,52.0052],[70.9449,52.0052],[70.9449,52.0052],[70.9449,52.0052],[70.9449,52.0051],[70.9449,52.0051],[70.9449,52.0051],[70.9449,52.0051],[70.9449,52.0051],[70.9449,52.0051],[70.945,52.0051],[70.945,52.005],[70.945,52.005],[70.945,52.005],[70.945,52.005],[70.945,52.005],[70.945,52.005],[70.945,52.005],[70.945,52.0049],[70.945,52.0049],[70.945,52.0049],[70.9451,52.0049],[70.9451,52.0049],[70.9451,52.0049],[70.9451,52.0049],[70.9451,52.0049],[70.9451,52.0048],[70.9451,52.0048],[70.9451,52.0048],[70.9451,52.0048],[70.9452,52.0048],[70.9452,52.0047],[70.9452,52.0047],[70.9452,52.0047],[70.9452,52.0047],[70.9452,52.0046],[70.9453,52.0046],[70.9453,52.0046],[70.9453,52.0046],[70.9453,52.0045],[70.9453,52.0045],[70.9453,52.0045],[70.9454,52.0045],[70.9454,52.0044],[70.9454,52.0044],[70.9454,52.0044],[70.9454,52.0044],[70.9454,52.0044],[70.9454,52.0043],[70.9454,52.0043],[70.9455,52.0043],[70.9455,52.0043],[70.9455,52.0043],[70.9455,52.0043],[70.9455,52.0043],[70.9455,52.0042],[70.9455,52.0042],[70.9455,52.0042],[70.9456,52.0042],[70.9456,52.0042],[70.9456,52.0042],[70.9456,52.0042],[70.9456,52.0041],[70.9456,52.0041],[70.9458,52.0039],[70.9458,52.0038],[70.9459,52.0038],[70.9459,52.0038],[70.9459,52.0038],[70.9459,52.0037],[70.9459,52.0037],[70.9459,52.0037],[70.9459,52.0037],[70.9459,52.0036],[70.9459,52.0036],[70.9459,52.0036],[70.9459,52.0036],[70.946,52.0036],[70.946,52.0036],[70.946,52.0035],[70.946,52.0035],[70.946,52.0035],[70.946,52.0035],[70.946,52.0035],[70.946,52.0035],[70.946,52.0034],[70.946,52.0034],[70.9461,52.0034],[70.9461,52.0034],[70.9461,52.0034],[70.9461,52.0034],[70.9461,52.0033],[70.9461,52.0033],[70.9461,52.0033],[70.9461,52.0033],[70.9461,52.0033],[70.9462,52.0032],[70.9462,52.0032],[70.9462,52.0032],[70.9462,52.0032],[70.9462,52.0032],[70.9462,52.0031],[70.9462,52.0031],[70.9462,52.0031],[70.9463,52.0031],[70.9463,52.0031],[70.9463,52.003],[70.9463,52.003],[70.9463,52.003],[70.9463,52.003],[70.9463,52.003],[70.9463,52.003],[70.9463,52.003],[70.9463,52.0029],[70.9464,52.0029],[70.9464,52.0029],[70.9464,52.0029],[70.9464,52.0029],[70.9464,52.0029],[70.9464,52.0029],[70.9464,52.0029],[70.9464,52.0028],[70.9465,52.0028],[70.9465,52.0028],[70.9465,52.0028],[70.9465,52.0028],[70.9465,52.0028],[70.9465,52.0028],[70.9465,52.0027],[70.9466,52.0027],[70.9466,52.0027],[70.9466,52.0027],[70.9466,52.0027],[70.9466,52.0026],[70.9467,52.0026],[70.9467,52.0026],[70.9467,52.0026],[70.9467,52.0025],[70.9467,52.0025],[70.9467,52.0025],[70.9468,52.0025],[70.9468,52.0025],[70.9468,52.0024],[70.9468,52.0024],[70.9468,52.0024],[70.9469,52.0024],[70.9469,52.0023],[70.9469,52.0023],[70.9469,52.0023],[70.9469,52.0023],[70.947,52.0023],[70.947,52.0022],[70.947,52.0022],[70.947,52.0022],[70.947,52.0022],[70.9471,52.0021],[70.9471,52.0021],[70.9471,52.0021],[70.9471,52.0021],[70.9471,52.0021],[70.9471,52.0021],[70.9471,52.002],[70.9472,52.002],[70.9472,52.002]]]],"type":"MultiPolygon"},"geometry_name":"shape","id":"gp_functional_zones.fid--7752831e_19fb67eabdc_7d6a","properties":{"area":11.9161038818268,"creation_doc_id":3617,"deactivation_doc_id":null,"func_zone_status_id":2,"ggk_zone_code":"11010000","ggk_zone_name":"Территория усадебной застройки","gp_func_zone_code":"11010000","gp_func_zone_code_id":19,"id":4731880,"zone_type_id":8},"type":"Feature"},{"bbox":[70.9314,52.0035,70.9369,52.0058],"geometry":{"coordinates":[[[[70.9322,52.0036],[70.9321,52.0035],[70.932,52.0039],[70.932,52.0039],[70.932,52.0039],[70.932,52.0039],[70.932,52.004],[70.932,52.004],[70.932,52.004],[70.932,52.004],[70.932,52.004],[70.932,52.004],[70.932,52.004],[70.9319,52.004],[70.9319,52.004],[70.9319,52.0041],[70.9319,52.0041],[70.9319,52.0041],[70.9319,52.0041],[70.9319,52.0041],[70.9319,52.0041],[70.9319,52.0041],[70.9319,52.0041],[70.9318,52.0041],[70.9318,52.0042],[70.9318,52.0042],[70.9318,52.0042],[70.9318,52.0042],[70.9318,52.0042],[70.9318,52.0042],[70.9318,52.0042],[70.9317,52.0042],[70.9317,52.0042],[70.9317,52.0042],[70.9317,52.0042],[70.9314,52.0044],[70.9324,52.0047],[70.9324,52.0047],[70.9324,52.0047],[70.9324,52.0047],[70.9324,52.0047],[70.9324,52.0047],[70.9325,52.0047],[70.9325,52.0047],[70.9325,52.0047],[70.9325,52.0047],[70.9325,52.0047],[70.9325,52.0047],[70.9325,52.0047],[70.9325,52.0047],[70.9325,52.0047],[70.9325,52.0047],[70.9326,52.0047],[70.9326,52.0047],[70.9326,52.0047],[70.9326,52.0047],[70.9326,52.0047],[70.9326,52.0047],[70.9326,52.0047],[70.9326,52.0047],[70.9326,52.0047],[70.9326,52.0047],[70.9327,52.0047],[70.9327,52.0047],[70.9327,52.0048],[70.9327,52.0048],[70.9327,52.0048],[70.9327,52.0048],[70.9327,52.0048],[70.9332,52.0049],[70.9332,52.0049],[70.9332,52.005],[70.9333,52.005],[70.9333,52.005],[70.9333,52.005],[70.9333,52.005],[70.9333,52.005],[70.9333,52.005],[70.9333,52.005],[70.9334,52.005],[70.9334,52.005],[70.9334,52.005],[70.9334,52.005],[70.9334,52.005],[70.9334,52.005],[70.9334,52.005],[70.9335,52.005],[70.9335,52.005],[70.9335,52.005],[70.9335,52.0051],[70.9335,52.0051],[70.9335,52.0051],[70.9335,52.0051],[70.9336,52.0051],[70.9336,52.0051],[70.9336,52.0051],[70.9336,52.0051],[70.9336,52.0051],[70.9336,52.0051],[70.9336,52.0051],[70.9336,52.0051],[70.9337,52.0051],[70.9347,52.0056],[70.9352,52.0058],[70.9359,52.0057],[70.9359,52.0057],[70.9359,52.0057],[70.936,52.0057],[70.936,52.0057],[70.936,52.0057],[70.936,52.0057],[70.936,52.0057],[70.936,52.0057],[70.936,52.0057],[70.936,52.0057],[70.9361,52.0057],[70.9361,52.0057],[70.9361,52.0057],[70.9361,52.0056],[70.9361,52.0056],[70.9361,52.0056],[70.9361,52.0056],[70.9361,52.0056],[70.9361,52.0056],[70.9362,52.0056],[70.9362,52.0056],[70.9362,52.0056],[70.9362,52.0056],[70.9362,52.0056],[70.9362,52.0056],[70.9362,52.0056],[70.9362,52.0056],[70.9362,52.0056],[70.9363,52.0056],[70.9363,52.0056],[70.9363,52.0056],[70.9363,52.0056],[70.9363,52.0056],[70.9363,52.0056],[70.9363,52.0056],[70.9363,52.0056],[70.9363,52.0056],[70.9364,52.0056],[70.9364,52.0056],[70.9364,52.0056],[70.9364,52.0056],[70.9364,52.0056],[70.9364,52.0056],[70.9364,52.0056],[70.9364,52.0056],[70.9365,52.0056],[70.9365,52.0056],[70.9365,52.0056],[70.9365,52.0056],[70.9365,52.0056],[70.9365,52.0055],[70.9365,52.0055],[70.9366,52.0055],[70.9366,52.0055],[70.9366,52.0055],[70.9366,52.0055],[70.9366,52.0055],[70.9366,52.0055],[70.9366,52.0055],[70.9367,52.0055],[70.9367,52.0055],[70.9367,52.0055],[70.9367,52.0055],[70.9367,52.0055],[70.9367,52.0055],[70.9367,52.0055],[70.9368,52.0055],[70.9368,52.0055],[70.9368,52.0055],[70.9368,52.0055],[70.9368,52.0055],[70.9368,52.0055],[70.9368,52.0055],[70.9369,52.0055],[70.9369,52.0055],[70.9369,52.0055],[70.936,52.0051],[70.9352,52.0048],[70.9344,52.0044],[70.9344,52.0044],[70.9344,52.0044],[70.9344,52.0044],[70.9344,52.0044],[70.9344,52.0044],[70.9344,52.0044],[70.9344,52.0044],[70.9344,52.0044],[70.9344,52.0044],[70.9343,52.0044],[70.9343,52.0044],[70.9343,52.0044],[70.9343,52.0044],[70.9343,52.0043],[70.9343,52.0043],[70.9343,52.0043],[70.9343,52.0043],[70.9343,52.0043],[70.9343,52.0043],[70.9342,52.0043],[70.9342,52.0043],[70.9342,52.0043],[70.9342,52.0043],[70.9342,52.0043],[70.9342,52.0043],[70.9342,52.0043],[70.9342,52.0043],[70.9342,52.0043],[70.9342,52.0043],[70.9341,52.0043],[70.9341,52.0043],[70.9341,52.0043],[70.9341,52.0043],[70.9341,52.0043],[70.9341,52.0043],[70.9341,52.0042],[70.9341,52.0042],[70.9341,52.0042],[70.934,52.0042],[70.934,52.0042],[70.934,52.0042],[70.934,52.0042],[70.934,52.0042],[70.934,52.0042],[70.934,52.0042],[70.934,52.0042],[70.934,52.0042],[70.934,52.0042],[70.9339,52.0042],[70.9339,52.0042],[70.9339,52.0042],[70.9339,52.0042],[70.9339,52.0042],[70.9339,52.0042],[70.9339,52.0042],[70.9339,52.0042],[70.9339,52.0042],[70.9338,52.0042],[70.9338,52.0042],[70.9338,52.0042],[70.9338,52.0041],[70.9338,52.0041],[70.9338,52.0041],[70.9338,52.0041],[70.9332,52.0039],[70.9331,52.0039],[70.9331,52.0039],[70.9331,52.0039],[70.9331,52.0039],[70.9331,52.0039],[70.9331,52.0039],[70.933,52.0039],[70.933,52.0039],[70.933,52.0039],[70.933,52.0039],[70.933,52.0039],[70.933,52.0039],[70.9329,52.0039],[70.9329,52.0039],[70.9329,52.0039],[70.9329,52.0039],[70.9329,52.0039],[70.9329,52.0038],[70.9329,52.0038],[70.9328,52.0038],[70.9328,52.0038],[70.9328,52.0038],[70.9328,52.0038],[70.9328,52.0038],[70.9328,52.0038],[70.9327,52.0038],[70.9327,52.0038],[70.9327,52.0038],[70.9327,52.0038],[70.9327,52.0038],[70.9327,52.0038],[70.9326,52.0038],[70.9326,52.0038],[70.9326,52.0038],[70.9326,52.0038],[70.9326,52.0037],[70.9326,52.0037],[70.9326,52.0037],[70.9325,52.0037],[70.9325,52.0037],[70.9325,52.0037],[70.9325,52.0037],[70.9325,52.0037],[70.9325,52.0037],[70.9324,52.0037],[70.9324,52.0037],[70.9324,52.0037],[70.9324,52.0037],[70.9324,52.0037],[70.9324,52.0037],[70.9324,52.0037],[70.9323,52.0037],[70.9323,52.0036],[70.9323,52.0036],[70.9323,52.0036],[70.9323,52.0036],[70.9323,52.0036],[70.9323,52.0036],[70.9322,52.0036],[70.9322,52.0036],[70.9322,52.0036],[70.9322,52.0036],[70.9322,52.0036],[70.9322,52.0036]]]],"type":"MultiPolygon"},"geometry_name":"shape","id":"gp_functional_zones.fid--7752831e_19fb67eabdc_7d6b","properties":{"area":3.24323472799202,"creation_doc_id":3617,"deactivation_doc_id":null,"func_zone_status_id":2,"ggk_zone_code":"11010000","ggk_zone_name":"Территория усадебной застройки","gp_func_zone_code":"11010000","gp_func_zone_code_id":19,"id":4731883,"zone_type_id":8},"type":"Feature"},{"bbox":[70.9274,52.0022,70.9319,52.0058],"geometry":{"coordinates":[[[[70.9307,52.0028],[70.9303,52.0025],[70.93,52.0023],[70.93,52.0023],[70.93,52.0023],[70.93,52.0023],[70.93,52.0023],[70.93,52.0022],[70.93,52.0022],[70.93,52.0022],[70.93,52.0022],[70.93,52.0022],[70.9299,52.0022],[70.9299,52.0022],[70.9298,52.0023],[70.9298,52.0023],[70.93,52.0024],[70.9298,52.0026],[70.9298,52.0026],[70.9296,52.0025],[70.9293,52.0024],[70.9293,52.0024],[70.9294,52.0023],[70.9292,52.0022],[70.9287,52.0032],[70.9278,52.0046],[70.9278,52.0046],[70.9277,52.0048],[70.9274,52.0053],[70.9277,52.0054],[70.9277,52.0054],[70.9277,52.0054],[70.9277,52.0054],[70.9277,52.0054],[70.9277,52.0054],[70.9278,52.0054],[70.9278,52.0054],[70.9278,52.0054],[70.9278,52.0055],[70.9278,52.0055],[70.9278,52.0055],[70.9279,52.0055],[70.9279,52.0055],[70.9279,52.0055],[70.9279,52.0055],[70.9279,52.0055],[70.9279,52.0055],[70.9279,52.0055],[70.928,52.0055],[70.928,52.0055],[70.928,52.0055],[70.928,52.0055],[70.928,52.0055],[70.928,52.0055],[70.9281,52.0055],[70.9281,52.0055],[70.9281,52.0055],[70.9281,52.0055],[70.9281,52.0055],[70.9282,52.0056],[70.9282,52.0056],[70.9282,52.0056],[70.9295,52.0058],[70.9297,52.0053],[70.9297,52.0053],[70.9297,52.0053],[70.9297,52.0053],[70.9297,52.0053],[70.9297,52.0053],[70.9297,52.0053],[70.9297,52.0053],[70.9297,52.0053],[70.9297,52.0052],[70.9298,52.0052],[70.9298,52.0052],[70.9298,52.0052],[70.9298,52.0052],[70.9298,52.0052],[70.9298,52.0052],[70.9298,52.0052],[70.9298,52.0052],[70.9298,52.0052],[70.9298,52.0052],[70.9298,52.0051],[70.9298,52.0051],[70.9298,52.0051],[70.9298,52.0051],[70.9298,52.0051],[70.9298,52.0051],[70.9299,52.0051],[70.9299,52.0051],[70.9299,52.0051],[70.9299,52.0051],[70.9299,52.0051],[70.9299,52.0051],[70.9299,52.005],[70.9299,52.005],[70.9299,52.005],[70.9299,52.005],[70.9299,52.005],[70.9299,52.005],[70.93,52.005],[70.93,52.005],[70.93,52.005],[70.93,52.005],[70.93,52.005],[70.93,52.005],[70.93,52.0049],[70.93,52.0049],[70.93,52.0049],[70.93,52.0049],[70.9301,52.0049],[70.9301,52.0049],[70.9301,52.0049],[70.9301,52.0049],[70.9301,52.0049],[70.9301,52.0049],[70.9301,52.0049],[70.9301,52.0049],[70.9301,52.0049],[70.9302,52.0049],[70.9302,52.0048],[70.9302,52.0048],[70.9302,52.0048],[70.9302,52.0048],[70.9302,52.0048],[70.9302,52.0048],[70.9302,52.0048],[70.9316,52.0041],[70.9316,52.0041],[70.9316,52.0041],[70.9316,52.0041],[70.9316,52.0041],[70.9316,52.0041],[70.9316,52.0041],[70.9316,52.0041],[70.9316,52.0041],[70.9317,52.0041],[70.9317,52.0041],[70.9317,52.0041],[70.9317,52.0041],[70.9317,52.004],[70.9317,52.004],[70.9317,52.004],[70.9317,52.004],[70.9317,52.004],[70.9317,52.004],[70.9317,52.004],[70.9317,52.004],[70.9317,52.004],[70.9317,52.004],[70.9318,52.004],[70.9318,52.004],[70.9318,52.0039],[70.9318,52.0039],[70.9318,52.0039],[70.9318,52.0039],[70.9318,52.0039],[70.9318,52.0039],[70.9318,52.0039],[70.9318,52.0039],[70.9319,52.0034],[70.9314,52.0032],[70.9313,52.0032],[70.9313,52.0032],[70.9313,52.0032],[70.9313,52.0032],[70.9313,52.0031],[70.9313,52.0031],[70.9313,52.0031],[70.9313,52.0031],[70.9313,52.0031],[70.9313,52.0031],[70.9312,52.0031],[70.9312,52.0031],[70.9312,52.0031],[70.9312,52.0031],[70.9312,52.0031],[70.9312,52.0031],[70.9312,52.0031],[70.9312,52.0031],[70.9312,52.0031],[70.9312,52.0031],[70.9311,52.0031],[70.9311,52.0031],[70.9311,52.003],[70.9311,52.003],[70.9311,52.003],[70.9311,52.003],[70.9311,52.003],[70.9311,52.003],[70.9311,52.003],[70.9311,52.003],[70.9311,52.003],[70.931,52.003],[70.931,52.003],[70.9307,52.0028]]]],"type":"MultiPolygon"},"geometry_name":"shape","id":"gp_functional_zones.fid--7752831e_19fb67eabdc_7d6c","properties":{"area":6.45714114263019,"creation_doc_id":3617,"deactivation_doc_id":null,"func_zone_status_id":2,"ggk_zone_code":"11010000","ggk_zone_name":"Территория усадебной застройки","gp_func_zone_code":"11010000","gp_func_zone_code_id":19,"id":4731887,"zone_type_id":8},"type":"Feature"},{"bbox":[70.9344,52.0028,70.939,52.0054],"geometry":{"coordinates":[[[[70.9381,52.0038],[70.936,52.0028],[70.936,52.0028],[70.9359,52.0028],[70.9359,52.0028],[70.9359,52.0028],[70.9359,52.0028],[70.9359,52.0028],[70.9359,52.0028],[70.9359,52.0028],[70.9359,52.0029],[70.9359,52.0029],[70.9359,52.0029],[70.9359,52.0029],[70.9359,52.0029],[70.9359,52.0029],[70.9359,52.0029],[70.9358,52.0029],[70.9358,52.0029],[70.9358,52.0029],[70.9358,52.0029],[70.9358,52.0029],[70.9358,52.0029],[70.9358,52.0029],[70.9358,52.003],[70.9358,52.003],[70.9358,52.003],[70.9358,52.003],[70.9358,52.003],[70.9358,52.003],[70.9358,52.003],[70.9357,52.003],[70.9357,52.003],[70.9357,52.003],[70.9353,52.0034],[70.9353,52.0034],[70.9344,52.0042],[70.9344,52.0042],[70.9344,52.0042],[70.9344,52.0042],[70.9345,52.0043],[70.9345,52.0043],[70.9345,52.0043],[70.9345,52.0043],[70.9345,52.0043],[70.9345,52.0043],[70.9345,52.0043],[70.9345,52.0043],[70.9345,52.0043],[70.9346,52.0043],[70.9346,52.0043],[70.9346,52.0043],[70.9346,52.0043],[70.9353,52.0047],[70.9361,52.005],[70.9372,52.0054],[70.9372,52.0054],[70.9372,52.0054],[70.9372,52.0054],[70.9372,52.0054],[70.9372,52.0054],[70.9372,52.0054],[70.9372,52.0054],[70.9373,52.0054],[70.9373,52.0054],[70.9373,52.0054],[70.9373,52.0054],[70.9373,52.0054],[70.9373,52.0054],[70.9373,52.0054],[70.9373,52.0054],[70.9373,52.0054],[70.9373,52.0054],[70.9373,52.0053],[70.9373,52.0053],[70.9374,52.0053],[70.9374,52.0053],[70.9374,52.0053],[70.9374,52.0053],[70.9374,52.0053],[70.9374,52.0053],[70.9374,52.0053],[70.9374,52.0053],[70.9374,52.0053],[70.9374,52.0053],[70.9374,52.0053],[70.9374,52.0053],[70.9374,52.0053],[70.9375,52.0053],[70.9375,52.0053],[70.9375,52.0053],[70.9375,52.0053],[70.9375,52.0053],[70.9375,52.0053],[70.9375,52.0053],[70.9375,52.0052],[70.9375,52.0052],[70.9375,52.0052],[70.9375,52.0052],[70.9375,52.0052],[70.9375,52.0052],[70.9375,52.0052],[70.9376,52.0052],[70.9376,52.0052],[70.9376,52.0052],[70.9376,52.0052],[70.9376,52.0052],[70.9376,52.0052],[70.9376,52.0052],[70.9376,52.0052],[70.9376,52.0052],[70.9376,52.0052],[70.9382,52.0048],[70.9382,52.0047],[70.9382,52.0047],[70.9387,52.0044],[70.9387,52.0044],[70.9387,52.0044],[70.9388,52.0044],[70.9388,52.0044],[70.9388,52.0044],[70.9388,52.0043],[70.9388,52.0043],[70.9388,52.0043],[70.9388,52.0043],[70.9388,52.0043],[70.9388,52.0043],[70.9388,52.0043],[70.9388,52.0043],[70.9388,52.0043],[70.9388,52.0043],[70.9388,52.0043],[70.9388,52.0043],[70.9389,52.0043],[70.9389,52.0043],[70.9389,52.0043],[70.9389,52.0043],[70.9389,52.0043],[70.9389,52.0043],[70.9389,52.0043],[70.9389,52.0043],[70.9389,52.0043],[70.9389,52.0043],[70.9389,52.0043],[70.9389,52.0043],[70.9389,52.0042],[70.939,52.0042],[70.939,52.0042],[70.9381,52.0038]]]],"type":"MultiPolygon"},"geometry_name":"shape","id":"gp_functional_zones.fid--7752831e_19fb67eabdc_7d6d","properties":{"area":4.6907027878358,"creation_doc_id":3617,"deactivation_doc_id":null,"func_zone_status_id":2,"ggk_zone_code":"11010000","ggk_zone_name":"Территория усадебной застройки","gp_func_zone_code":"11010000","gp_func_zone_code_id":19,"id":4731888,"zone_type_id":8},"type":"Feature"},{"bbox":[70.9262,52.0029,70.9284,52.0052],"geometry":{"coordinates":[[[[70.9284,52.0031],[70.9274,52.0029],[70.9268,52.0037],[70.9263,52.0046],[70.9262,52.0046],[70.9272,52.0052],[70.9274,52.0048],[70.9284,52.0031]]]],"type":"MultiPolygon"},"geometry_name":"shape","id":"gp_functional_zones.fid--7752831e_19fb67eabdc_7d6e","properties":{"area":1.7650834268569,"creation_doc_id":3617,"deactivation_doc_id":null,"func_zone_status_id":2,"ggk_zone_code":"11010000","ggk_zone_name":"Территория усадебной застройки","gp_func_zone_code":"11010000","gp_func_zone_code_id":19,"id":4731889,"zone_type_id":8},"type":"Feature"},{"bbox":[70.9186,52.0044,70.9196,52.0053],"geometry":{"coordinates":[[[[70.9196,52.0045],[70.9192,52.0044],[70.9186,52.0051],[70.919,52.0053],[70.9191,52.0052],[70.9192,52.0051],[70.9193,52.005],[70.9194,52.0049],[70.9194,52.0047],[70.9195,52.0046],[70.9196,52.0045]]]],"type":"MultiPolygon"},"geometry_name":"shape","id":"gp_functional_zones.fid--7752831e_19fb67eabdc_7d6f","properties":{"area":0.310756152091209,"creation_doc_id":3617,"deactivation_doc_id":null,"func_zone_status_id":2,"ggk_zone_code":"11010000","ggk_zone_name":"Территория усадебной застройки","gp_func_zone_code":"11010000","gp_func_zone_code_id":19,"id":4731890,"zone_type_id":8},"type":"Feature"},{"bbox":[70.94,52.004,70.9409,52.0047],"geometry":{"coordinates":[[[[70.9402,52.004],[70.9402,52.004],[70.9402,52.004],[70.9402,52.004],[70.9402,52.004],[70.9402,52.004],[70.9402,52.004],[70.9402,52.004],[70.9401,52.004],[70.9401,52.004],[70.9401,52.004],[70.9401,52.004],[70.9401,52.004],[70.9401,52.004],[70.9401,52.004],[70.9401,52.004],[70.9401,52.004],[70.9401,52.004],[70.9401,52.004],[70.9401,52.004],[70.94,52.004],[70.94,52.004],[70.94,52.004],[70.94,52.004],[70.94,52.0041],[70.94,52.0041],[70.94,52.0041],[70.94,52.0041],[70.94,52.0041],[70.94,52.0041],[70.9404,52.0043],[70.9404,52.0043],[70.9404,52.0043],[70.9404,52.0043],[70.9404,52.0043],[70.9404,52.0043],[70.9404,52.0043],[70.9404,52.0043],[70.9404,52.0043],[70.9404,52.0043],[70.9404,52.0043],[70.9404,52.0043],[70.9405,52.0043],[70.9405,52.0043],[70.9405,52.0043],[70.9405,52.0043],[70.9405,52.0043],[70.9405,52.0043],[70.9405,52.0043],[70.9405,52.0043],[70.9405,52.0043],[70.9405,52.0044],[70.9405,52.0044],[70.9405,52.0044],[70.9405,52.0044],[70.9405,52.0044],[70.9406,52.0044],[70.9406,52.0044],[70.9406,52.0044],[70.9406,52.0044],[70.9406,52.0044],[70.9406,52.0044],[70.9406,52.0044],[70.9406,52.0044],[70.9406,52.0044],[70.9406,52.0044],[70.9406,52.0044],[70.9406,52.0044],[70.9406,52.0044],[70.9406,52.0044],[70.9406,52.0044],[70.9406,52.0045],[70.9406,52.0045],[70.9406,52.0045],[70.9406,52.0045],[70.9406,52.0045],[70.9406,52.0045],[70.9407,52.0045],[70.9407,52.0045],[70.9407,52.0045],[70.9407,52.0045],[70.9407,52.0045],[70.9407,52.0045],[70.9407,52.0045],[70.9407,52.0045],[70.9407,52.0045],[70.9407,52.0045],[70.9407,52.0045],[70.9407,52.0045],[70.9407,52.0045],[70.9407,52.0045],[70.9407,52.0045],[70.9407,52.0046],[70.9407,52.0046],[70.9407,52.0046],[70.9407,52.0046],[70.9407,52.0046],[70.9407,52.0046],[70.9407,52.0046],[70.9407,52.0046],[70.9407,52.0046],[70.9407,52.0046],[70.9407,52.0046],[70.9407,52.0046],[70.9407,52.0046],[70.9407,52.0046],[70.9407,52.0046],[70.9407,52.0046],[70.9407,52.0046],[70.9407,52.0046],[70.9407,52.0046],[70.9407,52.0046],[70.9407,52.0047],[70.9407,52.0047],[70.9407,52.0047],[70.9407,52.0047],[70.9407,52.0047],[70.9407,52.0047],[70.9407,52.0047],[70.9409,52.0041],[70.9406,52.0041],[70.9406,52.0041],[70.9406,52.0041],[70.9406,52.004],[70.9406,52.004],[70.9406,52.004],[70.9405,52.004],[70.9405,52.004],[70.9405,52.004],[70.9405,52.004],[70.9405,52.004],[70.9405,52.004],[70.9405,52.004],[70.9405,52.004],[70.9405,52.004],[70.9404,52.004],[70.9404,52.004],[70.9404,52.004],[70.9404,52.004],[70.9404,52.004],[70.9404,52.004],[70.9404,52.004],[70.9404,52.004],[70.9404,52.004],[70.9404,52.004],[70.9403,52.004],[70.9403,52.004],[70.9403,52.004],[70.9403,52.004],[70.9403,52.004],[70.9403,52.004],[70.9403,52.004],[70.9403,52.004],[70.9403,52.004],[70.9402,52.004],[70.9402,52.004]]]],"type":"MultiPolygon"},"geometry_name":"shape","id":"gp_functional_zones.fid--7752831e_19fb67eabdc_7d70","properties":{"area":0.179208343466997,"creation_doc_id":3617,"deactivation_doc_id":null,"func_zone_status_id":2,"ggk_zone_code":"11010000","ggk_zone_name":"Территория усадебной застройки","gp_func_zone_code":"11010000","gp_func_zone_code_id":19,"id":4731893,"zone_type_id":8},"type":"Feature"},{"bbox":[70.9297,52.0008,70.9358,52.0042],"geometry":{"coordinates":[[[[70.9311,52.0008],[70.9311,52.0008],[70.9311,52.0008],[70.9311,52.0008],[70.9311,52.0008],[70.9311,52.0008],[70.9311,52.0008],[70.9311,52.0008],[70.931,52.0008],[70.931,52.0008],[70.931,52.0008],[70.931,52.0008],[70.931,52.0008],[70.931,52.0008],[70.931,52.0009],[70.9309,52.0009],[70.9309,52.0009],[70.9309,52.0009],[70.9309,52.0009],[70.9309,52.0009],[70.9309,52.0009],[70.9309,52.0009],[70.9309,52.0009],[70.9308,52.0009],[70.9308,52.0009],[70.9308,52.0009],[70.9308,52.0009],[70.9308,52.0009],[70.9308,52.0009],[70.9308,52.0009],[70.9307,52.001],[70.9307,52.001],[70.9307,52.001],[70.9307,52.001],[70.9307,52.001],[70.9307,52.001],[70.9306,52.001],[70.9306,52.001],[70.9306,52.001],[70.9306,52.001],[70.9306,52.001],[70.9306,52.001],[70.9306,52.001],[70.9306,52.001],[70.9305,52.001],[70.9305,52.001],[70.9305,52.001],[70.9305,52.001],[70.9305,52.001],[70.9305,52.001],[70.9305,52.0011],[70.9305,52.0011],[70.9305,52.0011],[70.9304,52.0011],[70.9304,52.0011],[70.9304,52.0011],[70.9304,52.0011],[70.9304,52.0011],[70.9304,52.0011],[70.9304,52.0011],[70.9304,52.0011],[70.9303,52.0011],[70.9303,52.0011],[70.9303,52.0011],[70.9303,52.0011],[70.9303,52.0011],[70.9303,52.0011],[70.9303,52.0011],[70.9303,52.0011],[70.9303,52.0012],[70.9302,52.0012],[70.9302,52.0012],[70.9302,52.0012],[70.9302,52.0012],[70.9302,52.0012],[70.9302,52.0012],[70.9302,52.0012],[70.9302,52.0012],[70.9302,52.0012],[70.9302,52.0012],[70.9301,52.0012],[70.9301,52.0012],[70.9301,52.0012],[70.9301,52.0012],[70.9301,52.0012],[70.9301,52.0012],[70.9301,52.0012],[70.9301,52.0012],[70.9301,52.0013],[70.9301,52.0013],[70.93,52.0013],[70.93,52.0013],[70.93,52.0013],[70.93,52.0013],[70.93,52.0013],[70.93,52.0013],[70.93,52.0013],[70.93,52.0013],[70.93,52.0013],[70.93,52.0013],[70.9299,52.0013],[70.9299,52.0013],[70.9299,52.0014],[70.9299,52.0014],[70.9299,52.0014],[70.9299,52.0014],[70.9299,52.0014],[70.9299,52.0014],[70.9299,52.0014],[70.9299,52.0014],[70.9298,52.0014],[70.9298,52.0014],[70.9298,52.0014],[70.9298,52.0014],[70.9298,52.0014],[70.9298,52.0015],[70.9298,52.0015],[70.9298,52.0015],[70.9298,52.0015],[70.9298,52.0015],[70.9298,52.0015],[70.9297,52.0015],[70.9297,52.0015],[70.9297,52.0015],[70.9297,52.0015],[70.9297,52.0015],[70.9297,52.0016],[70.9297,52.0016],[70.9297,52.0016],[70.9297,52.0016],[70.9297,52.0016],[70.9297,52.0016],[70.9297,52.0016],[70.9297,52.0016],[70.9297,52.0016],[70.9297,52.0016],[70.9297,52.0017],[70.9297,52.0017],[70.9297,52.0017],[70.9297,52.0017],[70.9298,52.0017],[70.9298,52.0017],[70.9298,52.0017],[70.9298,52.0017],[70.9298,52.0017],[70.9298,52.0017],[70.9298,52.0018],[70.9298,52.0018],[70.9298,52.0018],[70.9298,52.0018],[70.9298,52.0018],[70.9298,52.0018],[70.9298,52.0018],[70.9299,52.0018],[70.9299,52.0018],[70.9299,52.0019],[70.9299,52.0019],[70.9299,52.0019],[70.9299,52.0019],[70.9299,52.0019],[70.9299,52.0019],[70.9299,52.0019],[70.9299,52.0019],[70.9299,52.0019],[70.9299,52.0019],[70.93,52.002],[70.93,52.002],[70.93,52.002],[70.93,52.002],[70.93,52.002],[70.93,52.002],[70.93,52.002],[70.93,52.002],[70.93,52.002],[70.93,52.002],[70.93,52.002],[70.9301,52.0021],[70.9301,52.0021],[70.9301,52.0021],[70.9301,52.0021],[70.9301,52.0021],[70.9301,52.0021],[70.9301,52.0021],[70.9301,52.0021],[70.9301,52.0021],[70.9301,52.0021],[70.9302,52.0022],[70.9302,52.0022],[70.9302,52.0022],[70.9302,52.0022],[70.9302,52.0022],[70.9302,52.0022],[70.9302,52.0022],[70.9305,52.0024],[70.9309,52.0027],[70.9312,52.0029],[70.9312,52.0029],[70.9312,52.0029],[70.9312,52.0029],[70.9312,52.0029],[70.9312,52.0029],[70.9313,52.0029],[70.9313,52.0029],[70.9313,52.0029],[70.9313,52.0029],[70.9313,52.003],[70.9313,52.003],[70.9313,52.003],[70.9313,52.003],[70.9313,52.003],[70.9313,52.003],[70.9313,52.003],[70.9313,52.003],[70.9314,52.003],[70.9314,52.003],[70.9314,52.003],[70.9314,52.003],[70.9314,52.003],[70.9314,52.003],[70.9314,52.003],[70.9314,52.003],[70.9314,52.003],[70.9314,52.003],[70.9314,52.003],[70.9315,52.0031],[70.9315,52.0031],[70.9315,52.0031],[70.9315,52.0031],[70.9315,52.0031],[70.932,52.0034],[70.9323,52.0035],[70.9323,52.0035],[70.9323,52.0035],[70.9323,52.0035],[70.9323,52.0035],[70.9324,52.0035],[70.9324,52.0035],[70.9324,52.0035],[70.9324,52.0035],[70.9324,52.0035],[70.9324,52.0035],[70.9324,52.0035],[70.9325,52.0035],[70.9325,52.0035],[70.9325,52.0036],[70.9325,52.0036],[70.9325,52.0036],[70.9325,52.0036],[70.9326,52.0036],[70.9326,52.0036],[70.9326,52.0036],[70.9326,52.0036],[70.9326,52.0036],[70.9326,52.0036],[70.9326,52.0036],[70.9327,52.0036],[70.9327,52.0036],[70.9327,52.0036],[70.9327,52.0036],[70.9327,52.0036],[70.9327,52.0036],[70.9327,52.0036],[70.9328,52.0037],[70.9328,52.0037],[70.9328,52.0037],[70.9328,52.0037],[70.9328,52.0037],[70.9328,52.0037],[70.9329,52.0037],[70.9329,52.0037],[70.9329,52.0037],[70.9329,52.0037],[70.9329,52.0037],[70.9329,52.0037],[70.9329,52.0037],[70.933,52.0037],[70.933,52.0037],[70.933,52.0037],[70.933,52.0037],[70.933,52.0037],[70.933,52.0037],[70.9331,52.0038],[70.9331,52.0038],[70.9331,52.0038],[70.9331,52.0038],[70.9331,52.0038],[70.9331,52.0038],[70.9331,52.0038],[70.9332,52.0038],[70.9332,52.0038],[70.9332,52.0038],[70.9332,52.0038],[70.9332,52.0038],[70.9332,52.0038],[70.9333,52.0038],[70.9339,52.004],[70.9339,52.004],[70.9339,52.004],[70.9339,52.004],[70.9339,52.004],[70.9339,52.004],[70.9339,52.004],[70.934,52.004],[70.934,52.004],[70.934,52.0041],[70.934,52.0041],[70.934,52.0041],[70.934,52.0041],[70.934,52.0041],[70.934,52.0041],[70.9341,52.0041],[70.9341,52.0041],[70.9341,52.0041],[70.9341,52.0041],[70.9341,52.0041],[70.9341,52.0041],[70.9341,52.0041],[70.9341,52.0041],[70.9341,52.0041],[70.9342,52.0041],[70.9342,52.0041],[70.9342,52.0041],[70.9342,52.0041],[70.9342,52.0041],[70.9342,52.0041],[70.9342,52.0041],[70.9342,52.0041],[70.9342,52.0042],[70.9347,52.0037],[70.9347,52.0037],[70.9351,52.0034],[70.9351,52.0033],[70.9356,52.0029],[70.9356,52.0029],[70.9356,52.0029],[70.9356,52.0029],[70.9356,52.0029],[70.9356,52.0029],[70.9356,52.0029],[70.9356,52.0029],[70.9356,52.0029],[70.9356,52.0029],[70.9356,52.0029],[70.9356,52.0029],[70.9356,52.0029],[70.9356,52.0028],[70.9357,52.0028],[70.9357,52.0028],[70.9357,52.0028],[70.9357,52.0028],[70.9357,52.0028],[70.9357,52.0028],[70.9357,52.0028],[70.9357,52.0028],[70.9357,52.0028],[70.9357,52.0028],[70.9357,52.0028],[70.9357,52.0028],[70.9357,52.0027],[70.9357,52.0027],[70.9358,52.0027],[70.9358,52.0027],[70.9358,52.0027],[70.9358,52.0027],[70.9358,52.0027],[70.9345,52.0021],[70.9345,52.0021],[70.9344,52.0021],[70.9344,52.0021],[70.9344,52.0021],[70.9344,52.002],[70.9344,52.002],[70.9344,52.002],[70.9343,52.002],[70.9343,52.002],[70.9343,52.002],[70.9343,52.002],[70.9343,52.002],[70.9343,52.002],[70.9342,52.002],[70.9342,52.002],[70.9342,52.0019],[70.9342,52.0019],[70.9342,52.0019],[70.9342,52.0019],[70.9341,52.0019],[70.9341,52.0019],[70.9341,52.0019],[70.9341,52.0019],[70.9341,52.0019],[70.9341,52.0019],[70.934,52.0019],[70.934,52.0018],[70.934,52.0018],[70.934,52.0018],[70.934,52.0018],[70.934,52.0018],[70.9339,52.0018],[70.9339,52.0018],[70.9339,52.0018],[70.9339,52.0018],[70.9339,52.0018],[70.9339,52.0018],[70.9339,52.0018],[70.9339,52.0018],[70.9339,52.0017],[70.9339,52.0017],[70.9338,52.0017],[70.9338,52.0017],[70.9338,52.0017],[70.9338,52.0017],[70.9338,52.0017],[70.9338,52.0017],[70.9338,52.0017],[70.9338,52.0017],[70.9338,52.0017],[70.9338,52.0017],[70.9337,52.0017],[70.9337,52.0017],[70.9337,52.0017],[70.9337,52.0017],[70.9337,52.0017],[70.9337,52.0016],[70.9337,52.0016],[70.9337,52.0016],[70.9337,52.0016],[70.9337,52.0016],[70.9336,52.0016],[70.9336,52.0016],[70.9336,52.0016],[70.9336,52.0016],[70.9336,52.0016],[70.9336,52.0016],[70.9336,52.0016],[70.9336,52.0016],[70.9336,52.0016],[70.9335,52.0016],[70.9335,52.0016],[70.9335,52.0016],[70.9335,52.0016],[70.9335,52.0015],[70.9335,52.0015],[70.9335,52.0015],[70.9335,52.0015],[70.9335,52.0015],[70.9335,52.0015],[70.9334,52.0015],[70.9334,52.0015],[70.9334,52.0015],[70.9334,52.0015],[70.9334,52.0015],[70.9334,52.0015],[70.9334,52.0015],[70.9334,52.0015],[70.9334,52.0015],[70.9333,52.0015],[70.9333,52.0015],[70.9333,52.0015],[70.9333,52.0014],[70.9333,52.0014],[70.9333,52.0014],[70.9333,52.0014],[70.9333,52.0014],[70.9333,52.0014],[70.9332,52.0014],[70.9332,52.0014],[70.9332,52.0014],[70.9332,52.0014],[70.9332,52.0014],[70.9332,52.0014],[70.9332,52.0014],[70.9332,52.0014],[70.9332,52.0014],[70.9331,52.0014],[70.9331,52.0014],[70.9331,52.0014],[70.9331,52.0014],[70.9331,52.0014],[70.9331,52.0013],[70.9331,52.0013],[70.9331,52.0013],[70.9331,52.0013],[70.933,52.0013],[70.933,52.0013],[70.933,52.0013],[70.933,52.0013],[70.933,52.0013],[70.933,52.0013],[70.933,52.0013],[70.933,52.0013],[70.933,52.0013],[70.9329,52.0013],[70.9329,52.0013],[70.9329,52.0013],[70.9329,52.0013],[70.9329,52.0013],[70.9329,52.0013],[70.9329,52.0013],[70.9329,52.0012],[70.9328,52.0012],[70.9328,52.0012],[70.9328,52.0012],[70.9328,52.0012],[70.9328,52.0012],[70.9328,52.0012],[70.9328,52.0012],[70.9328,52.0012],[70.9328,52.0012],[70.9327,52.0012],[70.9327,52.0012],[70.9327,52.0012],[70.9327,52.0012],[70.9327,52.0012],[70.9327,52.0012],[70.9327,52.0012],[70.9327,52.0012],[70.9326,52.0012],[70.9326,52.0012],[70.9326,52.0012],[70.9326,52.0012],[70.9326,52.0012],[70.9326,52.0011],[70.9326,52.0011],[70.9326,52.0011],[70.9325,52.0011],[70.9325,52.0011],[70.9315,52.0008],[70.9315,52.0008],[70.9315,52.0008],[70.9315,52.0008],[70.9315,52.0008],[70.9315,52.0008],[70.9314,52.0008],[70.9314,52.0008],[70.9314,52.0008],[70.9314,52.0008],[70.9314,52.0008],[70.9314,52.0008],[70.9314,52.0008],[70.9314,52.0008],[70.9314,52.0008],[70.9313,52.0008],[70.9313,52.0008],[70.9313,52.0008],[70.9313,52.0008],[70.9313,52.0008],[70.9313,52.0008],[70.9313,52.0008],[70.9313,52.0008],[70.9312,52.0008],[70.9312,52.0008],[70.9312,52.0008],[70.9312,52.0008],[70.9312,52.0008],[70.9312,52.0008],[70.9312,52.0008],[70.9312,52.0008],[70.9311,52.0008]]]],"type":"MultiPolygon"},"geometry_name":"shape","id":"gp_functional_zones.fid--7752831e_19fb67eabdc_7d71","properties":{"area":8.15852829874111,"creation_doc_id":3617,"deactivation_doc_id":null,"func_zone_status_id":2,"ggk_zone_code":"11010000","ggk_zone_name":"Территория усадебной застройки","gp_func_zone_code":"11010000","gp_func_zone_code_id":19,"id":4731894,"zone_type_id":8},"type":"Feature"},{"bbox":[70.969,51.9995,70.9732,52.003],"geometry":{"coordinates":[[[[70.9719,52.0017],[70.972,52.0017],[70.9721,52.0016],[70.9722,52.0016],[70.9723,52.0016],[70.9724,52.0016],[70.9725,52.0016],[70.9726,52.0016],[70.9727,52.0016],[70.9728,52.0015],[70.9727,52.0013],[70.9724,51.9997],[70.9723,51.9996],[70.9723,51.9995],[70.9722,51.9996],[70.9715,51.9996],[70.9694,51.9997],[70.9693,51.9997],[70.9692,51.9997],[70.9691,51.9997],[70.969,51.9997],[70.969,51.9998],[70.9691,51.9998],[70.9691,51.9999],[70.9691,52.0],[70.9692,52.0],[70.9692,52.0001],[70.9692,52.0002],[70.9693,52.0002],[70.9693,52.0003],[70.9694,52.0004],[70.9694,52.0005],[70.9695,52.0005],[70.9695,52.0006],[70.9696,52.0007],[70.9697,52.0008],[70.9698,52.0009],[70.9698,52.001],[70.9699,52.001],[70.97,52.0011],[70.9701,52.0012],[70.9701,52.0013],[70.9702,52.0013],[70.9702,52.0014],[70.9703,52.0014],[70.9703,52.0015],[70.9704,52.0015],[70.9704,52.0016],[70.9705,52.0017],[70.9706,52.0018],[70.9706,52.0017],[70.9718,52.0017],[70.9719,52.0017]]],[[[70.9727,52.0018],[70.9726,52.0018],[70.9725,52.0018],[70.9724,52.0018],[70.9722,52.0018],[70.9721,52.0018],[70.972,52.0018],[70.9719,52.0018],[70.9718,52.0018],[70.9707,52.0019],[70.9707,52.002],[70.9707,52.0021],[70.9708,52.0021],[70.9708,52.0022],[70.9709,52.0022],[70.9709,52.0023],[70.9709,52.0024],[70.971,52.0024],[70.971,52.0025],[70.971,52.0026],[70.9711,52.0026],[70.9711,52.0027],[70.9711,52.0028],[70.9712,52.0028],[70.9712,52.0029],[70.9712,52.003],[70.9713,52.003],[70.9714,52.003],[70.9717,52.0029],[70.9732,52.0027],[70.9731,52.0023],[70.973,52.0023],[70.9729,52.0017],[70.9728,52.0017],[70.9727,52.0018]]]],"type":"MultiPolygon"},"geometry_name":"shape","id":"gp_functional_zones.fid--7752831e_19fb67eabdc_7d72","properties":{"area":6.20574887577037,"creation_doc_id":3617,"deactivation_doc_id":null,"func_zone_status_id":2,"ggk_zone_code":"11010000","ggk_zone_name":"Территория усадебной застройки","gp_func_zone_code":"11010000","gp_func_zone_code_id":19,"id":4731895,"zone_type_id":8},"type":"Feature"},{"bbox":[70.9733,52.0015,70.9748,52.0026],"geometry":{"coordinates":[[[[70.9748,52.0025],[70.9745,52.0015],[70.9733,52.0016],[70.9735,52.0023],[70.9736,52.0026],[70.9748,52.0025]]]],"type":"MultiPolygon"},"geometry_name":"shape","id":"gp_functional_zones.fid--7752831e_19fb67eabdc_7d73","properties":{"area":0.986342472706165,"creation_doc_id":3617,"deactivation_doc_id":null,"func_zone_status_id":2,"ggk_zone_code":"11010000","ggk_zone_name":"Территория усадебной застройки","gp_func_zone_code":"11010000","gp_func_zone_code_id":19,"id":4731896,"zone_type_id":8},"type":"Feature"},{"bbox":[70.9196,51.9999,70.9212,52.0028],"geometry":{"coordinates":[[[[70.9212,52.0],[70.9204,51.9999],[70.92,52.0016],[70.9196,52.0028],[70.9204,52.0028],[70.9204,52.0028],[70.9207,52.0017],[70.9207,52.0017],[70.921,52.0007],[70.9212,52.0]]]],"type":"MultiPolygon"},"geometry_name":"shape","id":"gp_functional_zones.fid--7752831e_19fb67eabdc_7d74","properties":{"area":1.77933361744142,"creation_doc_id":3617,"deactivation_doc_id":null,"func_zone_status_id":2,"ggk_zone_code":"11010000","ggk_zone_name":"Территория усадебной застройки","gp_func_zone_code":"11010000","gp_func_zone_code_id":19,"id":4731897,"zone_type_id":8},"type":"Feature"},{"bbox":[70.9342,51.9977,70.9367,52.0025],"geometry":{"coordinates":[[[[70.9363,51.9977],[70.9356,51.9977],[70.9358,51.9988],[70.9359,51.999],[70.9359,51.9991],[70.9359,51.9991],[70.9359,51.9991],[70.9359,51.9991],[70.9359,51.9991],[70.9359,51.9991],[70.9359,51.9992],[70.9359,51.9992],[70.9359,51.9992],[70.9359,51.9992],[70.9359,51.9992],[70.9359,51.9992],[70.9359,51.9993],[70.9359,51.9993],[70.9359,51.9993],[70.9359,51.9993],[70.9359,51.9993],[70.9359,51.9993],[70.9359,51.9994],[70.9359,51.9994],[70.9359,51.9994],[70.9359,51.9994],[70.9358,51.9994],[70.9358,51.9994],[70.9358,51.9995],[70.9358,51.9995],[70.9358,51.9995],[70.9358,51.9995],[70.9358,51.9995],[70.9358,51.9995],[70.9358,51.9996],[70.9358,51.9996],[70.9358,51.9996],[70.9358,51.9996],[70.9358,51.9996],[70.9358,51.9996],[70.9358,51.9997],[70.9358,51.9997],[70.9358,51.9997],[70.9358,51.9997],[70.9357,51.9997],[70.9357,51.9997],[70.9357,51.9998],[70.9357,51.9998],[70.9357,51.9998],[70.9357,51.9998],[70.9357,51.9998],[70.9357,51.9998],[70.9357,51.9998],[70.9357,51.9999],[70.9357,51.9999],[70.9356,51.9999],[70.9356,51.9999],[70.9356,51.9999],[70.9356,51.9999],[70.9356,52.0],[70.9356,52.0],[70.9356,52.0],[70.9356,52.0],[70.9356,52.0],[70.9355,52.0],[70.9355,52.0],[70.9355,52.0001],[70.9355,52.0001],[70.9342,52.0016],[70.9342,52.0016],[70.9342,52.0016],[70.9342,52.0016],[70.9342,52.0017],[70.9342,52.0017],[70.9343,52.0017],[70.9343,52.0017],[70.9343,52.0017],[70.9343,52.0017],[70.9343,52.0017],[70.9343,52.0017],[70.9344,52.0017],[70.9344,52.0017],[70.9344,52.0017],[70.9344,52.0018],[70.9344,52.0018],[70.9344,52.0018],[70.9344,52.0018],[70.9345,52.0018],[70.9345,52.0018],[70.9345,52.0018],[70.9345,52.0018],[70.9345,52.0018],[70.9345,52.0018],[70.9346,52.0018],[70.9346,52.0018],[70.9346,52.0019],[70.9346,52.0019],[70.9346,52.0019],[70.9346,52.0019],[70.9347,52.0019],[70.9347,52.0019],[70.9347,52.0019],[70.9347,52.0019],[70.9359,52.0025],[70.9359,52.0025],[70.936,52.0025],[70.936,52.0025],[70.936,52.0024],[70.936,52.0024],[70.936,52.0024],[70.936,52.0024],[70.936,52.0024],[70.936,52.0024],[70.936,52.0024],[70.936,52.0023],[70.936,52.0023],[70.9361,52.0023],[70.9361,52.0023],[70.9361,52.0023],[70.9361,52.0023],[70.9364,52.0016],[70.9366,52.001],[70.9366,52.001],[70.9366,52.001],[70.9367,52.001],[70.9367,52.0009],[70.9367,52.0009],[70.9367,52.0009],[70.9367,52.0009],[70.9367,52.0009],[70.9367,52.0009],[70.9367,52.0009],[70.9367,52.0009],[70.9367,52.0009],[70.9367,52.0009],[70.9367,52.0008],[70.9367,52.0008],[70.9367,52.0008],[70.9367,52.0008],[70.9367,52.0008],[70.9367,52.0008],[70.9367,52.0008],[70.9367,52.0008],[70.9367,52.0008],[70.9367,52.0008],[70.9367,52.0007],[70.9367,52.0007],[70.9367,52.0007],[70.9367,52.0007],[70.9367,52.0007],[70.9367,52.0007],[70.9367,52.0007],[70.9367,52.0007],[70.9367,52.0007],[70.9367,52.0007],[70.9367,52.0007],[70.9367,52.0006],[70.9367,52.0006],[70.9367,52.0006],[70.9367,52.0006],[70.9367,52.0006],[70.9367,52.0006],[70.9367,52.0006],[70.9367,52.0006],[70.9367,52.0006],[70.9367,52.0006],[70.9367,52.0005],[70.9367,52.0005],[70.9367,52.0005],[70.9367,52.0005],[70.9367,52.0005],[70.9367,52.0005],[70.9367,52.0005],[70.9367,52.0005],[70.9367,52.0005],[70.9367,52.0005],[70.9367,52.0004],[70.9367,52.0004],[70.9367,52.0004],[70.9367,52.0004],[70.9367,52.0004],[70.9367,52.0004],[70.9367,52.0004],[70.9367,52.0004],[70.9367,52.0004],[70.9367,52.0004],[70.9367,51.9996],[70.9366,51.9985],[70.9364,51.9978],[70.9364,51.9978],[70.9364,51.9978],[70.9364,51.9978],[70.9364,51.9978],[70.9364,51.9978],[70.9364,51.9977],[70.9364,51.9977],[70.9364,51.9977],[70.9364,51.9977],[70.9364,51.9977],[70.9363,51.9977],[70.9363,51.9977],[70.9363,51.9977],[70.9363,51.9977],[70.9363,51.9977],[70.9363,51.9977]]]],"type":"MultiPolygon"},"geometry_name":"shape","id":"gp_functional_zones.fid--7752831e_19fb67eabdc_7d75","properties":{"area":4.45022626178537,"creation_doc_id":3617,"deactivation_doc_id":null,"func_zone_status_id":2,"ggk_zone_code":"11010000","ggk_zone_name":"Территория усадебной застройки","gp_func_zone_code":"11010000","gp_func_zone_code_id":19,"id":4731900,"zone_type_id":8},"type":"Feature"},{"bbox":[70.9218,51.9999,70.9243,52.0024],"geometry":{"coordinates":[[[[70.9235,52.0024],[70.9241,52.0008],[70.9243,52.0004],[70.9237,52.0003],[70.9234,52.0013],[70.9229,52.0012],[70.9233,51.9999],[70.9232,51.9999],[70.9222,51.9999],[70.9221,51.9999],[70.9218,52.0013],[70.9222,52.0013],[70.9221,52.0018],[70.922,52.0019],[70.922,52.002],[70.9225,52.002],[70.9225,52.0022],[70.9225,52.0022],[70.9235,52.0024],[70.9235,52.0024]]]],"type":"MultiPolygon"},"geometry_name":"shape","id":"gp_functional_zones.fid--7752831e_19fb67eabdc_7d76","properties":{"area":2.8354400114075,"creation_doc_id":3617,"deactivation_doc_id":null,"func_zone_status_id":2,"ggk_zone_code":"11010000","ggk_zone_name":"Территория усадебной застройки","gp_func_zone_code":"11010000","gp_func_zone_code_id":19,"id":4731901,"zone_type_id":8},"type":"Feature"},{"bbox":[70.9729,52,70.9745,52.0014],"geometry":{"coordinates":[[[[70.9743,52.0005],[70.9742,52.0],[70.9729,52.0001],[70.9732,52.0013],[70.9732,52.0014],[70.9745,52.0013],[70.9743,52.0005]]]],"type":"MultiPolygon"},"geometry_name":"shape","id":"gp_functional_zones.fid--7752831e_19fb67eabdc_7d77","properties":{"area":1.29368117900358,"creation_doc_id":3617,"deactivation_doc_id":null,"func_zone_status_id":2,"ggk_zone_code":"11010000","ggk_zone_name":"Территория усадебной застройки","gp_func_zone_code":"11010000","gp_func_zone_code_id":19,"id":4731902,"zone_type_id":8},"type":"Feature"},{"bbox":[70.9315,51.9994,70.9355,52.0015],"geometry":{"coordinates":[[[[70.9355,51.9995],[70.9319,51.9994],[70.9318,52.0001],[70.9318,52.0001],[70.9318,52.0001],[70.9318,52.0001],[70.9318,52.0001],[70.9318,52.0001],[70.9318,52.0002],[70.9318,52.0002],[70.9318,52.0002],[70.9318,52.0002],[70.9318,52.0002],[70.9318,52.0002],[70.9317,52.0002],[70.9317,52.0002],[70.9317,52.0002],[70.9317,52.0002],[70.9317,52.0002],[70.9317,52.0002],[70.9317,52.0003],[70.9317,52.0003],[70.9317,52.0003],[70.9317,52.0003],[70.9317,52.0003],[70.9317,52.0003],[70.9317,52.0003],[70.9317,52.0003],[70.9317,52.0003],[70.9317,52.0003],[70.9317,52.0003],[70.9317,52.0003],[70.9317,52.0003],[70.9317,52.0004],[70.9317,52.0004],[70.9317,52.0004],[70.9317,52.0004],[70.9316,52.0004],[70.9316,52.0004],[70.9316,52.0004],[70.9316,52.0004],[70.9316,52.0004],[70.9316,52.0004],[70.9316,52.0004],[70.9316,52.0004],[70.9316,52.0004],[70.9316,52.0004],[70.9316,52.0005],[70.9316,52.0005],[70.9316,52.0005],[70.9316,52.0005],[70.9316,52.0005],[70.9316,52.0005],[70.9315,52.0005],[70.9315,52.0005],[70.9315,52.0005],[70.9315,52.0005],[70.9315,52.0005],[70.9315,52.0005],[70.9315,52.0005],[70.9315,52.0005],[70.9315,52.0006],[70.9315,52.0006],[70.9315,52.0006],[70.9315,52.0006],[70.9315,52.0006],[70.9315,52.0006],[70.9315,52.0006],[70.9315,52.0006],[70.9315,52.0006],[70.9315,52.0006],[70.9315,52.0006],[70.9315,52.0006],[70.9315,52.0006],[70.9316,52.0006],[70.9316,52.0006],[70.9316,52.0006],[70.9316,52.0006],[70.9316,52.0006],[70.9316,52.0006],[70.9316,52.0006],[70.9317,52.0006],[70.9317,52.0006],[70.9327,52.0009],[70.9327,52.0009],[70.9327,52.0009],[70.9327,52.0009],[70.9327,52.0009],[70.9328,52.0009],[70.9328,52.001],[70.9328,52.001],[70.9328,52.001],[70.9328,52.001],[70.9328,52.001],[70.9328,52.001],[70.9328,52.001],[70.9328,52.001],[70.9328,52.001],[70.9329,52.001],[70.9329,52.001],[70.9329,52.001],[70.9329,52.001],[70.9329,52.001],[70.9329,52.001],[70.9329,52.001],[70.9329,52.001],[70.9329,52.001],[70.9329,52.001],[70.933,52.001],[70.933,52.001],[70.933,52.001],[70.933,52.001],[70.933,52.001],[70.933,52.001],[70.933,52.001],[70.933,52.001],[70.933,52.0011],[70.933,52.0011],[70.9331,52.0011],[70.9331,52.0011],[70.9331,52.0011],[70.9331,52.0011],[70.9331,52.0011],[70.9331,52.0011],[70.9331,52.0011],[70.9331,52.0011],[70.9331,52.0011],[70.9331,52.0011],[70.9332,52.0011],[70.9332,52.0011],[70.9332,52.0011],[70.9332,52.0011],[70.9332,52.0011],[70.9332,52.0011],[70.9332,52.0011],[70.9332,52.0011],[70.9332,52.0011],[70.9332,52.0011],[70.9333,52.0011],[70.9333,52.0011],[70.9333,52.0012],[70.9333,52.0012],[70.9333,52.0012],[70.9333,52.0012],[70.9333,52.0012],[70.9333,52.0012],[70.9333,52.0012],[70.9333,52.0012],[70.9334,52.0012],[70.9334,52.0012],[70.9334,52.0012],[70.9334,52.0012],[70.9334,52.0012],[70.9334,52.0012],[70.9334,52.0012],[70.9334,52.0012],[70.9334,52.0012],[70.9334,52.0012],[70.9334,52.0012],[70.9335,52.0012],[70.9335,52.0012],[70.9335,52.0012],[70.9335,52.0012],[70.9335,52.0012],[70.9335,52.0013],[70.9335,52.0013],[70.9335,52.0013],[70.9335,52.0013],[70.9335,52.0013],[70.9336,52.0013],[70.9336,52.0013],[70.9336,52.0013],[70.9336,52.0013],[70.9336,52.0013],[70.9336,52.0013],[70.9336,52.0013],[70.9336,52.0013],[70.9336,52.0013],[70.9336,52.0013],[70.9336,52.0013],[70.9337,52.0013],[70.9337,52.0013],[70.9337,52.0013],[70.9337,52.0013],[70.9337,52.0013],[70.9337,52.0013],[70.9337,52.0014],[70.9337,52.0014],[70.9337,52.0014],[70.9337,52.0014],[70.9337,52.0014],[70.9338,52.0014],[70.9338,52.0014],[70.9338,52.0014],[70.9338,52.0014],[70.9338,52.0014],[70.9338,52.0014],[70.9338,52.0014],[70.9338,52.0014],[70.9338,52.0014],[70.9338,52.0014],[70.9338,52.0014],[70.9339,52.0014],[70.9339,52.0014],[70.9339,52.0014],[70.9339,52.0014],[70.9339,52.0015],[70.9339,52.0015],[70.9339,52.0015],[70.9339,52.0015],[70.9339,52.0015],[70.9339,52.0015],[70.9352,52.0],[70.9352,52.0],[70.9352,52.0],[70.9352,52.0],[70.9353,51.9999],[70.9353,51.9999],[70.9353,51.9999],[70.9353,51.9999],[70.9353,51.9999],[70.9353,51.9999],[70.9353,51.9999],[70.9353,51.9999],[70.9353,51.9999],[70.9353,51.9999],[70.9353,51.9999],[70.9353,51.9999],[70.9353,51.9999],[70.9353,51.9999],[70.9353,51.9998],[70.9353,51.9998],[70.9353,51.9998],[70.9353,51.9998],[70.9354,51.9998],[70.9354,51.9998],[70.9354,51.9998],[70.9354,51.9998],[70.9354,51.9998],[70.9354,51.9998],[70.9354,51.9998],[70.9354,51.9998],[70.9354,51.9997],[70.9354,51.9997],[70.9354,51.9997],[70.9354,51.9997],[70.9354,51.9997],[70.9354,51.9997],[70.9354,51.9997],[70.9354,51.9997],[70.9354,51.9997],[70.9354,51.9997],[70.9354,51.9997],[70.9354,51.9997],[70.9354,51.9997],[70.9354,51.9996],[70.9355,51.9996],[70.9355,51.9996],[70.9355,51.9996],[70.9355,51.9996],[70.9355,51.9996],[70.9355,51.9996],[70.9355,51.9996],[70.9355,51.9996],[70.9355,51.9996],[70.9355,51.9996],[70.9355,51.9996],[70.9355,51.9995],[70.9355,51.9995],[70.9355,51.9995],[70.9355,51.9995],[70.9355,51.9995],[70.9355,51.9995],[70.9355,51.9995],[70.9355,51.9995],[70.9355,51.9995],[70.9355,51.9995]]]],"type":"MultiPolygon"},"geometry_name":"shape","id":"gp_functional_zones.fid--7752831e_19fb67eabdc_7d78","properties":{"area":3.97024390347341,"creation_doc_id":3617,"deactivation_doc_id":null,"func_zone_status_id":2,"ggk_zone_code":"11010000","ggk_zone_name":"Территория усадебной застройки","gp_func_zone_code":"11010000","gp_func_zone_code_id":19,"id":4731908,"zone_type_id":8},"type":"Feature"},{"bbox":[70.9368,51.9984,70.9375,52.0006],"geometry":{"coordinates":[[[[70.9375,51.9984],[70.9375,51.9984],[70.9368,51.9984],[70.9368,51.9984],[70.9368,51.9984],[70.9368,51.9986],[70.9368,51.9986],[70.9369,51.9991],[70.9369,51.9991],[70.9369,51.9995],[70.9369,51.9996],[70.9369,51.9997],[70.9369,51.9997],[70.937,51.9998],[70.937,52.0001],[70.937,52.0003],[70.937,52.0004],[70.937,52.0004],[70.937,52.0004],[70.937,52.0004],[70.937,52.0004],[70.937,52.0005],[70.937,52.0005],[70.937,52.0005],[70.937,52.0005],[70.937,52.0005],[70.937,52.0006],[70.937,52.0006],[70.9372,52.0004],[70.9375,51.9995],[70.9375,51.9984]]]],"type":"MultiPolygon"},"geometry_name":"shape","id":"gp_functional_zones.fid--7752831e_19fb67eabdc_7d79","properties":{"area":0.821181277280125,"creation_doc_id":3617,"deactivation_doc_id":null,"func_zone_status_id":2,"ggk_zone_code":"11010000","ggk_zone_name":"Территория усадебной застройки","gp_func_zone_code":"11010000","gp_func_zone_code_id":19,"id":4731909,"zone_type_id":8},"type":"Feature"},{"bbox":[70.9721,51.9967,70.9736,51.9999],"geometry":{"coordinates":[[[[70.9728,51.9968],[70.9721,51.9967],[70.9721,51.9968],[70.9722,51.997],[70.9722,51.9971],[70.9723,51.9976],[70.9724,51.9979],[70.9725,51.9982],[70.9725,51.9984],[70.9726,51.9989],[70.9726,51.9991],[70.9728,51.9996],[70.9729,51.9999],[70.9736,51.9999],[70.9729,51.997],[70.9728,51.9968],[70.9728,51.9968]]]],"type":"MultiPolygon"},"geometry_name":"shape","id":"gp_functional_zones.fid--7752831e_19fb67eabdc_7d7a","properties":{"area":1.72327357121348,"creation_doc_id":3617,"deactivation_doc_id":null,"func_zone_status_id":2,"ggk_zone_code":"11010000","ggk_zone_name":"Территория усадебной застройки","gp_func_zone_code":"11010000","gp_func_zone_code_id":19,"id":4731910,"zone_type_id":8},"type":"Feature"},{"bbox":[70.9692,51.9979,70.9723,51.9995],"geometry":{"coordinates":[[[[70.9714,51.9995],[70.9722,51.9994],[70.9723,51.9994],[70.9722,51.9991],[70.9722,51.9989],[70.9721,51.9984],[70.972,51.9982],[70.972,51.998],[70.972,51.9979],[70.9719,51.9979],[70.9719,51.9979],[70.9718,51.9979],[70.9718,51.9979],[70.9718,51.9979],[70.9718,51.9979],[70.9718,51.9979],[70.9718,51.9979],[70.9718,51.9979],[70.9718,51.9979],[70.9718,51.9979],[70.9718,51.9979],[70.9718,51.9979],[70.9718,51.9979],[70.9718,51.9979],[70.9718,51.9979],[70.9717,51.9979],[70.9717,51.9979],[70.9717,51.9979],[70.9717,51.9979],[70.9717,51.9979],[70.9717,51.9979],[70.9717,51.9979],[70.9717,51.9979],[70.9717,51.9979],[70.9717,51.9979],[70.9717,51.9979],[70.9717,51.9979],[70.9717,51.9979],[70.9717,51.9979],[70.9716,51.9979],[70.9716,51.998],[70.9716,51.998],[70.9716,51.998],[70.9716,51.998],[70.9716,51.998],[70.9716,51.998],[70.9716,51.998],[70.9716,51.998],[70.9716,51.998],[70.9716,51.998],[70.9716,51.998],[70.9716,51.998],[70.9716,51.998],[70.9715,51.998],[70.9715,51.998],[70.9715,51.998],[70.9715,51.998],[70.9715,51.998],[70.9715,51.998],[70.9715,51.998],[70.9715,51.998],[70.9715,51.998],[70.9715,51.998],[70.9715,51.998],[70.9715,51.998],[70.9715,51.998],[70.9715,51.998],[70.9714,51.998],[70.9714,51.998],[70.9714,51.998],[70.9714,51.998],[70.9714,51.998],[70.9714,51.998],[70.9714,51.998],[70.9714,51.998],[70.9714,51.998],[70.9714,51.998],[70.9714,51.998],[70.9714,51.998],[70.9714,51.998],[70.9714,51.998],[70.9713,51.998],[70.9713,51.998],[70.9713,51.998],[70.9713,51.998],[70.9713,51.998],[70.9713,51.998],[70.9713,51.998],[70.9713,51.998],[70.9713,51.998],[70.9713,51.998],[70.9713,51.998],[70.9713,51.998],[70.9713,51.998],[70.9713,51.998],[70.9713,51.998],[70.9712,51.998],[70.9712,51.998],[70.9712,51.998],[70.9712,51.998],[70.9712,51.998],[70.9712,51.998],[70.9712,51.998],[70.9712,51.998],[70.9712,51.998],[70.9712,51.998],[70.9712,51.998],[70.9712,51.998],[70.9712,51.998],[70.9711,51.998],[70.9711,51.998],[70.9711,51.998],[70.9711,51.998],[70.9711,51.998],[70.9711,51.998],[70.9711,51.998],[70.9711,51.998],[70.9711,51.998],[70.9711,51.998],[70.9711,51.998],[70.971,51.998],[70.971,51.998],[70.971,51.998],[70.971,51.998],[70.971,51.998],[70.971,51.998],[70.971,51.998],[70.971,51.998],[70.971,51.998],[70.971,51.998],[70.971,51.998],[70.9709,51.998],[70.9709,51.998],[70.9709,51.998],[70.9709,51.998],[70.9709,51.998],[70.9709,51.998],[70.9709,51.998],[70.9709,51.998],[70.9709,51.998],[70.9709,51.998],[70.9709,51.998],[70.9709,51.998],[70.9708,51.998],[70.9708,51.9981],[70.9708,51.9981],[70.9708,51.9981],[70.9708,51.9981],[70.9708,51.9981],[70.9708,51.9981],[70.9708,51.9981],[70.9708,51.9981],[70.9708,51.9981],[70.9708,51.9981],[70.9707,51.9981],[70.9707,51.9981],[70.9707,51.9981],[70.9707,51.9981],[70.9707,51.9981],[70.9707,51.9981],[70.9707,51.9981],[70.9707,51.9981],[70.9707,51.9981],[70.9707,51.9981],[70.9707,51.9981],[70.9706,51.9981],[70.9706,51.9981],[70.9706,51.9981],[70.9706,51.9981],[70.9706,51.9981],[70.9706,51.9981],[70.9706,51.9981],[70.9706,51.9981],[70.9706,51.9981],[70.9705,51.9981],[70.9705,51.9981],[70.9705,51.9981],[70.9705,51.9981],[70.9705,51.9981],[70.9705,51.9981],[70.9705,51.9981],[70.9705,51.9981],[70.9705,51.9981],[70.9704,51.9981],[70.9704,51.9981],[70.9704,51.9981],[70.9704,51.9981],[70.9704,51.9981],[70.9704,51.9981],[70.9704,51.9981],[70.9704,51.9981],[70.9703,51.9981],[70.9703,51.9981],[70.9703,51.9981],[70.9703,51.9981],[70.9703,51.9981],[70.9703,51.9981],[70.9703,51.9981],[70.9703,51.9981],[70.9703,51.9981],[70.9703,51.998],[70.9702,51.998],[70.9702,51.998],[70.9702,51.998],[70.9702,51.998],[70.9702,51.998],[70.9702,51.998],[70.9702,51.998],[70.9702,51.998],[70.9702,51.998],[70.9702,51.998],[70.9702,51.998],[70.9702,51.998],[70.9702,51.998],[70.9702,51.998],[70.9702,51.998],[70.9701,51.998],[70.9701,51.998],[70.9701,51.998],[70.9701,51.998],[70.9701,51.998],[70.9701,51.998],[70.9701,51.998],[70.9701,51.998],[70.9701,51.998],[70.9701,51.998],[70.9701,51.998],[70.9701,51.998],[70.9701,51.998],[70.9701,51.998],[70.9701,51.998],[70.9701,51.998],[70.97,51.998],[70.97,51.998],[70.97,51.998],[70.97,51.998],[70.97,51.998],[70.97,51.998],[70.97,51.998],[70.97,51.998],[70.97,51.998],[70.97,51.998],[70.97,51.998],[70.97,51.998],[70.97,51.998],[70.97,51.998],[70.97,51.998],[70.9699,51.998],[70.9699,51.998],[70.9699,51.9979],[70.9699,51.9979],[70.9699,51.9979],[70.9699,51.9979],[70.9699,51.9979],[70.9699,51.9979],[70.9699,51.9979],[70.9699,51.9979],[70.9699,51.9979],[70.9699,51.9979],[70.9699,51.9979],[70.9699,51.9979],[70.9698,51.9979],[70.9698,51.9979],[70.9698,51.9979],[70.9698,51.9979],[70.9698,51.9979],[70.9698,51.9979],[70.9698,51.9979],[70.9698,51.9979],[70.9698,51.9979],[70.9698,51.9979],[70.9698,51.9979],[70.9698,51.9979],[70.9698,51.9979],[70.9698,51.9979],[70.9698,51.9979],[70.9697,51.9979],[70.9697,51.9979],[70.9697,51.9979],[70.9697,51.9979],[70.9697,51.9979],[70.9697,51.9979],[70.9697,51.9979],[70.9697,51.9979],[70.9697,51.9979],[70.9697,51.9979],[70.9697,51.9979],[70.9697,51.9979],[70.9697,51.9979],[70.9697,51.9979],[70.9696,51.9979],[70.9696,51.9979],[70.9696,51.9979],[70.9693,51.9979],[70.9692,51.9979],[70.9692,51.9979],[70.9692,51.9979],[70.9692,51.998],[70.9692,51.998],[70.9692,51.998],[70.9692,51.998],[70.9692,51.998],[70.9692,51.998],[70.9692,51.998],[70.9692,51.998],[70.9692,51.9981],[70.9692,51.9981],[70.9692,51.9981],[70.9692,51.9981],[70.9692,51.9981],[70.9692,51.9981],[70.9692,51.9981],[70.9692,51.9981],[70.9692,51.9981],[70.9693,51.9982],[70.9693,51.9982],[70.9693,51.9982],[70.9693,51.9982],[70.9693,51.9982],[70.9693,51.9982],[70.9693,51.9982],[70.9693,51.9982],[70.9693,51.9982],[70.9693,51.9982],[70.9693,51.9983],[70.9693,51.9983],[70.9693,51.9983],[70.9693,51.9983],[70.9693,51.9983],[70.9693,51.9983],[70.9693,51.9983],[70.9693,51.9983],[70.9693,51.9983],[70.9693,51.9983],[70.9693,51.9983],[70.9693,51.9983],[70.9693,51.9983],[70.9693,51.9983],[70.9693,51.9983],[70.9693,51.9983],[70.9694,51.9983],[70.9694,51.9983],[70.9694,51.9983],[70.9694,51.9983],[70.9694,51.9984],[70.9694,51.9984],[70.9694,51.9984],[70.9694,51.9984],[70.9694,51.9984],[70.9694,51.9984],[70.9694,51.9984],[70.9694,51.9984],[70.9694,51.9984],[70.9694,51.9984],[70.9694,51.9984],[70.9694,51.9984],[70.9696,51.9986],[70.9696,51.9986],[70.9696,51.9986],[70.9696,51.9986],[70.9696,51.9986],[70.9696,51.9986],[70.9696,51.9986],[70.9696,51.9986],[70.9696,51.9986],[70.9696,51.9986],[70.9696,51.9986],[70.9696,51.9986],[70.9696,51.9986],[70.9696,51.9986],[70.9696,51.9986],[70.9696,51.9986],[70.9696,51.9986],[70.9696,51.9986],[70.9696,51.9986],[70.9696,51.9986],[70.9696,51.9987],[70.9696,51.9987],[70.9696,51.9987],[70.9696,51.9987],[70.9696,51.9987],[70.9697,51.9987],[70.9697,51.9987],[70.9697,51.9987],[70.9697,51.9987],[70.9697,51.9987],[70.9697,51.9987],[70.9697,51.9987],[70.9697,51.9988],[70.9697,51.9988],[70.9697,51.9988],[70.9697,51.9988],[70.9697,51.9988],[70.9697,51.9988],[70.9697,51.9988],[70.9697,51.9988],[70.9697,51.9988],[70.9697,51.9988],[70.9697,51.9988],[70.9697,51.9988],[70.9697,51.9988],[70.9697,51.9988],[70.9697,51.9989],[70.9697,51.9989],[70.9697,51.9989],[70.9697,51.9989],[70.9697,51.9989],[70.9697,51.9989],[70.9697,51.9989],[70.9697,51.9989],[70.9697,51.9989],[70.9697,51.9989],[70.9697,51.9989],[70.9697,51.9989],[70.9697,51.9989],[70.9697,51.999],[70.9697,51.999],[70.9697,51.999],[70.9697,51.999],[70.9697,51.999],[70.9697,51.999],[70.9697,51.999],[70.9696,51.999],[70.9696,51.999],[70.9696,51.999],[70.9696,51.9991],[70.9696,51.9991],[70.9696,51.9991],[70.9696,51.9991],[70.9696,51.9991],[70.9696,51.9991],[70.9696,51.9991],[70.9696,51.9991],[70.9696,51.9991],[70.9696,51.9991],[70.9696,51.9992],[70.9696,51.9992],[70.9696,51.9992],[70.9696,51.9992],[70.9696,51.9992],[70.9696,51.9992],[70.9696,51.9992],[70.9696,51.9992],[70.9696,51.9992],[70.9696,51.9992],[70.9696,51.9993],[70.9696,51.9993],[70.9695,51.9993],[70.9695,51.9993],[70.9695,51.9993],[70.9695,51.9993],[70.9695,51.9993],[70.9695,51.9993],[70.9695,51.9993],[70.9695,51.9993],[70.9695,51.9993],[70.9695,51.9993],[70.9695,51.9994],[70.9695,51.9994],[70.9695,51.9994],[70.9695,51.9994],[70.9695,51.9994],[70.9695,51.9994],[70.9695,51.9994],[70.9695,51.9994],[70.9695,51.9994],[70.9695,51.9994],[70.9695,51.9994],[70.9695,51.9994],[70.9694,51.9995],[70.9694,51.9995],[70.9694,51.9995],[70.9694,51.9995],[70.9694,51.9995],[70.9694,51.9995],[70.9694,51.9995],[70.9695,51.9995],[70.9695,51.9995],[70.9697,51.9995],[70.9714,51.9995]]]],"type":"MultiPolygon"},"geometry_name":"shape","id":"gp_functional_zones.fid--7752831e_19fb67eabdc_7d7b","properties":{"area":2.97062153790583,"creation_doc_id":3617,"deactivation_doc_id":null,"func_zone_status_id":2,"ggk_zone_code":"11010000","ggk_zone_name":"Территория усадебной застройки","gp_func_zone_code":"11010000","gp_func_zone_code_id":19,"id":4731915,"zone_type_id":8},"type":"Feature"},{"bbox":[70.9222,51.9954,70.9247,51.9998],"geometry":{"coordinates":[[[[70.9239,51.9954],[70.9234,51.9954],[70.9228,51.9975],[70.9227,51.998],[70.9222,51.9997],[70.9224,51.9997],[70.924,51.9998],[70.9241,51.9998],[70.9241,51.9998],[70.9241,51.9998],[70.9241,51.9998],[70.9241,51.9998],[70.9242,51.9998],[70.9242,51.9998],[70.9242,51.9998],[70.9242,51.9998],[70.9242,51.9998],[70.9242,51.9998],[70.9243,51.9998],[70.9243,51.9998],[70.9243,51.9998],[70.9243,51.9998],[70.9243,51.9998],[70.9243,51.9998],[70.9244,51.9998],[70.9244,51.9998],[70.9244,51.9998],[70.9244,51.9998],[70.9244,51.9998],[70.9245,51.9998],[70.9245,51.9998],[70.9245,51.9998],[70.9247,51.9992],[70.9245,51.9992],[70.9244,51.9992],[70.923,51.999],[70.9239,51.9954]]]],"type":"MultiPolygon"},"geometry_name":"shape","id":"gp_functional_zones.fid--7752831e_19fb67eabdc_7d7c","properties":{"area":2.54793249870636,"creation_doc_id":3617,"deactivation_doc_id":null,"func_zone_status_id":2,"ggk_zone_code":"11010000","ggk_zone_name":"Территория усадебной застройки","gp_func_zone_code":"11010000","gp_func_zone_code_id":19,"id":4731916,"zone_type_id":8},"type":"Feature"},{"bbox":[70.9191,51.996,70.9223,51.9998],"geometry":{"coordinates":[[[[70.9213,51.9998],[70.9218,51.9981],[70.9218,51.998],[70.9222,51.9967],[70.9222,51.9966],[70.9223,51.9963],[70.9223,51.9963],[70.9217,51.9962],[70.9208,51.9961],[70.9201,51.9961],[70.92,51.996],[70.9195,51.996],[70.9192,51.9973],[70.9192,51.9974],[70.9191,51.9977],[70.9195,51.9977],[70.9195,51.9982],[70.9195,51.9982],[70.92,51.9983],[70.9204,51.9982],[70.9204,51.9997],[70.9204,51.9997],[70.9208,51.9997],[70.9209,51.9997],[70.9209,51.9997],[70.9213,51.9998]]]],"type":"MultiPolygon"},"geometry_name":"shape","id":"gp_functional_zones.fid--7752831e_19fb67eabdc_7d7d","properties":{"area":5.57877110122358,"creation_doc_id":3617,"deactivation_doc_id":null,"func_zone_status_id":2,"ggk_zone_code":"11010000","ggk_zone_name":"Территория усадебной застройки","gp_func_zone_code":"11010000","gp_func_zone_code_id":19,"id":4731917,"zone_type_id":8},"type":"Feature"},{"bbox":[70.9335,51.9976,70.9356,51.9994],"geometry":{"coordinates":[[[[70.9355,51.9988],[70.9353,51.9976],[70.9336,51.9976],[70.9336,51.9976],[70.9336,51.9976],[70.9335,51.9976],[70.9335,51.9976],[70.9335,51.9976],[70.9335,51.9976],[70.9335,51.9976],[70.9335,51.9976],[70.9335,51.9977],[70.9335,51.9977],[70.9335,51.9977],[70.9335,51.9977],[70.9335,51.9977],[70.9335,51.9977],[70.9335,51.9977],[70.9335,51.9977],[70.9335,51.9982],[70.9336,51.9993],[70.9355,51.9994],[70.9355,51.9994],[70.9355,51.9994],[70.9355,51.9994],[70.9355,51.9994],[70.9355,51.9994],[70.9355,51.9994],[70.9355,51.9993],[70.9355,51.9993],[70.9355,51.9993],[70.9355,51.9993],[70.9355,51.9993],[70.9355,51.9993],[70.9355,51.9993],[70.9355,51.9993],[70.9355,51.9993],[70.9355,51.9993],[70.9355,51.9993],[70.9355,51.9993],[70.9355,51.9993],[70.9355,51.9993],[70.9355,51.9993],[70.9355,51.9993],[70.9355,51.9993],[70.9356,51.9993],[70.9356,51.9993],[70.9356,51.9993],[70.9356,51.9992],[70.9356,51.9992],[70.9356,51.9992],[70.9356,51.9992],[70.9356,51.9992],[70.9356,51.9992],[70.9356,51.9992],[70.9356,51.9992],[70.9356,51.9992],[70.9356,51.9992],[70.9356,51.9992],[70.9356,51.9992],[70.9356,51.9992],[70.9356,51.9992],[70.9356,51.9992],[70.9356,51.9992],[70.9356,51.9992],[70.9356,51.9992],[70.9356,51.9992],[70.9356,51.9992],[70.9356,51.9991],[70.9356,51.9991],[70.9356,51.9991],[70.9356,51.9991],[70.9356,51.9991],[70.9356,51.9991],[70.9356,51.9991],[70.9356,51.9991],[70.9356,51.9991],[70.9356,51.9991],[70.9356,51.9991],[70.9356,51.9991],[70.9355,51.9991],[70.9355,51.9991],[70.9355,51.9991],[70.9355,51.9991],[70.9355,51.9991],[70.9355,51.9991],[70.9355,51.9988]]]],"type":"MultiPolygon"},"geometry_name":"shape","id":"gp_functional_zones.fid--7752831e_19fb67eabdc_7d7e","properties":{"area":2.55129172153287,"creation_doc_id":3617,"deactivation_doc_id":null,"func_zone_status_id":2,"ggk_zone_code":"11010000","ggk_zone_name":"Территория усадебной застройки","gp_func_zone_code":"11010000","gp_func_zone_code_id":19,"id":4731918,"zone_type_id":8},"type":"Feature"},{"bbox":[70.9473,51.9975,70.9481,51.9981],"geometry":{"coordinates":[[[[70.9479,51.9976],[70.9479,51.9976],[70.9479,51.9976],[70.9479,51.9976],[70.9477,51.9976],[70.9475,51.9975],[70.9474,51.9975],[70.9474,51.9975],[70.9474,51.9975],[70.9474,51.9975],[70.9474,51.9975],[70.9474,51.9975],[70.9474,51.9975],[70.9473,51.998],[70.9479,51.9981],[70.9479,51.9981],[70.9481,51.9981],[70.9481,51.9981],[70.9481,51.9981],[70.9481,51.9981],[70.9481,51.9981],[70.9481,51.9981],[70.9481,51.9981],[70.9481,51.9981],[70.9481,51.9981],[70.9481,51.9981],[70.9481,51.9981],[70.9481,51.9981],[70.9481,51.9981],[70.9481,51.9981],[70.9481,51.9981],[70.9481,51.9981],[70.9481,51.9981],[70.9481,51.9981],[70.9481,51.9981],[70.9481,51.998],[70.9481,51.998],[70.9481,51.998],[70.9481,51.998],[70.9481,51.998],[70.9481,51.998],[70.9481,51.998],[70.9481,51.998],[70.9481,51.998],[70.9481,51.998],[70.9481,51.998],[70.9481,51.998],[70.9481,51.998],[70.9481,51.998],[70.9481,51.998],[70.9481,51.998],[70.948,51.998],[70.948,51.998],[70.948,51.998],[70.948,51.998],[70.948,51.998],[70.948,51.998],[70.948,51.998],[70.948,51.998],[70.948,51.998],[70.948,51.998],[70.948,51.998],[70.948,51.998],[70.948,51.998],[70.948,51.998],[70.948,51.998],[70.948,51.998],[70.948,51.998],[70.948,51.998],[70.948,51.998],[70.948,51.998],[70.948,51.998],[70.948,51.998],[70.948,51.998],[70.948,51.998],[70.948,51.998],[70.948,51.998],[70.948,51.998],[70.948,51.998],[70.948,51.998],[70.948,51.998],[70.948,51.998],[70.948,51.998],[70.948,51.998],[70.948,51.998],[70.948,51.998],[70.948,51.998],[70.948,51.9979],[70.948,51.9979],[70.948,51.9979],[70.948,51.9979],[70.948,51.9979],[70.948,51.9979],[70.948,51.9979],[70.948,51.9979],[70.948,51.9979],[70.948,51.9979],[70.948,51.9979],[70.948,51.9979],[70.948,51.9979],[70.948,51.9979],[70.948,51.9979],[70.948,51.9979],[70.948,51.9979],[70.948,51.9979],[70.948,51.9979],[70.948,51.9979],[70.948,51.9979],[70.948,51.9979],[70.948,51.9979],[70.948,51.9979],[70.948,51.9979],[70.948,51.9979],[70.948,51.9979],[70.948,51.9979],[70.948,51.9979],[70.948,51.9979],[70.9479,51.9978],[70.9479,51.9978],[70.9479,51.9978],[70.9479,51.9978],[70.9479,51.9978],[70.9479,51.9978],[70.9479,51.9978],[70.9479,51.9978],[70.9479,51.9978],[70.9479,51.9978],[70.9479,51.9978],[70.9479,51.9978],[70.9479,51.9978],[70.9479,51.9978],[70.9479,51.9978],[70.9479,51.9978],[70.9479,51.9978],[70.9479,51.9978],[70.9479,51.9978],[70.9479,51.9978],[70.9479,51.9978],[70.9479,51.9978],[70.9479,51.9978],[70.9479,51.9978],[70.9479,51.9978],[70.9479,51.9978],[70.9479,51.9977],[70.9479,51.9977],[70.9479,51.9977],[70.9479,51.9977],[70.9479,51.9977],[70.9479,51.9977],[70.9479,51.9976],[70.9479,51.9976],[70.9479,51.9976],[70.9479,51.9976],[70.9479,51.9976],[70.9479,51.9976],[70.9479,51.9976],[70.9479,51.9976],[70.9479,51.9976],[70.9479,51.9976],[70.9479,51.9976],[70.9479,51.9976],[70.9479,51.9976],[70.9479,51.9976],[70.9479,51.9976],[70.9479,51.9976],[70.9479,51.9976],[70.9479,51.9976]]]],"type":"MultiPolygon"},"geometry_name":"shape","id":"gp_functional_zones.fid--7752831e_19fb67eabdc_7d7f","properties":{"area":0.228636907236413,"creation_doc_id":3617,"deactivation_doc_id":null,"func_zone_status_id":2,"ggk_zone_code":"11010000","ggk_zone_name":"Территория усадебной застройки","gp_func_zone_code":"11010000","gp_func_zone_code_id":19,"id":4731919,"zone_type_id":8},"type":"Feature"},{"bbox":[70.9502,51.9964,70.9515,51.9967],"geometry":{"coordinates":[[[[70.9514,51.9964],[70.9503,51.9964],[70.9503,51.9964],[70.9502,51.9964],[70.9502,51.9967],[70.9514,51.9967],[70.9515,51.9967],[70.9515,51.9967],[70.9515,51.9967],[70.9515,51.9967],[70.9515,51.9967],[70.9515,51.9967],[70.9515,51.9967],[70.9515,51.9967],[70.9515,51.9967],[70.9515,51.9967],[70.9515,51.9967],[70.9515,51.9967],[70.9515,51.9967],[70.9515,51.9967],[70.9515,51.9967],[70.9515,51.9967],[70.9515,51.9967],[70.9515,51.9964],[70.9514,51.9964]]]],"type":"MultiPolygon"},"geometry_name":"shape","id":"gp_functional_zones.fid--7752831e_19fb67eabdc_7d80","properties":{"area":0.29179133575023,"creation_doc_id":3617,"deactivation_doc_id":null,"func_zone_status_id":2,"ggk_zone_code":"11010000","ggk_zone_name":"Территория усадебной застройки","gp_func_zone_code":"11010000","gp_func_zone_code_id":19,"id":4731920,"zone_type_id":8},"type":"Feature"},{"bbox":[70.9211,51.993,70.9231,51.9962],"geometry":{"coordinates":[[[[70.9231,51.9932],[70.9222,51.993],[70.9215,51.9951],[70.9211,51.996],[70.9223,51.9962],[70.9226,51.9952],[70.9226,51.9952],[70.9225,51.9952],[70.9225,51.9952],[70.9225,51.9952],[70.9225,51.9952],[70.9225,51.9952],[70.9225,51.9952],[70.9225,51.9952],[70.9224,51.9952],[70.9224,51.9951],[70.9224,51.9951],[70.9224,51.9951],[70.9224,51.9951],[70.9224,51.9951],[70.9224,51.9951],[70.9224,51.9951],[70.9224,51.9951],[70.9224,51.9951],[70.9224,51.995],[70.9224,51.995],[70.9224,51.995],[70.9224,51.995],[70.9224,51.995],[70.9224,51.995],[70.9224,51.995],[70.9224,51.9949],[70.9224,51.9949],[70.9224,51.9949],[70.9224,51.9949],[70.9224,51.9949],[70.9224,51.9949],[70.9224,51.9949],[70.9224,51.9948],[70.9224,51.9948],[70.9224,51.9948],[70.9224,51.9948],[70.9224,51.9948],[70.9224,51.9948],[70.9224,51.9948],[70.9224,51.9948],[70.9225,51.9948],[70.9225,51.9947],[70.9225,51.9947],[70.9225,51.9947],[70.9225,51.9947],[70.9225,51.9947],[70.9225,51.9947],[70.9225,51.9947],[70.9226,51.9947],[70.9226,51.9947],[70.9226,51.9947],[70.9226,51.9947],[70.9226,51.9947],[70.9226,51.9947],[70.9227,51.9947],[70.9227,51.9947],[70.9227,51.9947],[70.9231,51.9932]]]],"type":"MultiPolygon"},"geometry_name":"shape","id":"gp_functional_zones.fid--7752831e_19fb67eabdc_7d81","properties":{"area":2.4234449586895,"creation_doc_id":3617,"deactivation_doc_id":null,"func_zone_status_id":2,"ggk_zone_code":"11010000","ggk_zone_name":"Территория усадебной застройки","gp_func_zone_code":"11010000","gp_func_zone_code_id":19,"id":4731921,"zone_type_id":8},"type":"Feature"},{"bbox":[70.92,51.9929,70.922,51.996],"geometry":{"coordinates":[[[[70.922,51.993],[70.9211,51.9929],[70.921,51.9934],[70.921,51.9934],[70.9209,51.9934],[70.9205,51.9946],[70.9203,51.9953],[70.92,51.9959],[70.9209,51.996],[70.921,51.996],[70.9213,51.9951],[70.9218,51.9936],[70.9218,51.9935],[70.922,51.993]]]],"type":"MultiPolygon"},"geometry_name":"shape","id":"gp_functional_zones.fid--7752831e_19fb67eabdc_7d82","properties":{"area":2.20416937285536,"creation_doc_id":3617,"deactivation_doc_id":null,"func_zone_status_id":2,"ggk_zone_code":"11010000","ggk_zone_name":"Территория усадебной застройки","gp_func_zone_code":"11010000","gp_func_zone_code_id":19,"id":4731922,"zone_type_id":8},"type":"Feature"},{"bbox":[70.9684,51.9941,70.9711,51.995],"geometry":{"coordinates":[[[[70.9693,51.995],[70.9693,51.995],[70.9693,51.995],[70.9693,51.9949],[70.9693,51.9949],[70.9693,51.9949],[70.9693,51.9949],[70.9693,51.9949],[70.9693,51.9949],[70.9693,51.9949],[70.9693,51.9949],[70.9693,51.9949],[70.9693,51.9949],[70.9693,51.9949],[70.9693,51.9949],[70.9693,51.9949],[70.9693,51.9949],[70.9693,51.9949],[70.9693,51.9949],[70.9693,51.9949],[70.9693,51.9949],[70.9693,51.9949],[70.9693,51.9949],[70.9693,51.9949],[70.9693,51.9949],[70.9693,51.9949],[70.9693,51.9949],[70.9694,51.9949],[70.9694,51.9949],[70.9694,51.9949],[70.9694,51.9949],[70.9694,51.9949],[70.9694,51.9949],[70.9694,51.9949],[70.9694,51.9949],[70.9694,51.9949],[70.9694,51.9949],[70.9694,51.9949],[70.9694,51.9949],[70.9694,51.9949],[70.9694,51.9949],[70.9694,51.9949],[70.9694,51.9949],[70.9694,51.9949],[70.9694,51.9949],[70.9694,51.9949],[70.9694,51.9949],[70.9694,51.9949],[70.9694,51.9949],[70.9694,51.9949],[70.9694,51.9949],[70.9694,51.9949],[70.9694,51.9949],[70.9694,51.9949],[70.9694,51.9949],[70.9694,51.9949],[70.9694,51.9949],[70.9694,51.9949],[70.9694,51.9949],[70.9694,51.9949],[70.9695,51.9949],[70.9695,51.9949],[70.9695,51.9949],[70.9695,51.9949],[70.9695,51.9949],[70.9695,51.9949],[70.9695,51.9949],[70.9695,51.9949],[70.9695,51.9949],[70.9695,51.9949],[70.9695,51.9949],[70.9695,51.9949],[70.9695,51.9949],[70.9695,51.9949],[70.9695,51.9949],[70.9695,51.9949],[70.9695,51.9949],[70.9695,51.9949],[70.9695,51.9949],[70.9695,51.9949],[70.9695,51.9949],[70.9695,51.9949],[70.9695,51.9949],[70.9695,51.9949],[70.9695,51.9949],[70.9695,51.9949],[70.9696,51.9949],[70.9696,51.9949],[70.9696,51.9949],[70.9696,51.9949],[70.9696,51.9949],[70.9696,51.9949],[70.9696,51.9948],[70.9696,51.9948],[70.9696,51.9948],[70.9696,51.9948],[70.9696,51.9948],[70.9696,51.9948],[70.9696,51.9948],[70.9696,51.9948],[70.9696,51.9948],[70.9696,51.9948],[70.9696,51.9948],[70.9696,51.9948],[70.9696,51.9948],[70.9696,51.9948],[70.9696,51.9948],[70.9696,51.9948],[70.9697,51.9948],[70.9697,51.9948],[70.9697,51.9948],[70.9697,51.9948],[70.9697,51.9948],[70.9697,51.9948],[70.9697,51.9948],[70.9697,51.9948],[70.9697,51.9948],[70.9697,51.9948],[70.9697,51.9948],[70.9697,51.9948],[70.9697,51.9948],[70.9697,51.9948],[70.9697,51.9948],[70.9697,51.9948],[70.9697,51.9948],[70.9697,51.9948],[70.9697,51.9948],[70.9697,51.9948],[70.9697,51.9948],[70.9698,51.9948],[70.9698,51.9948],[70.9698,51.9948],[70.9698,51.9948],[70.9698,51.9948],[70.9698,51.9948],[70.9698,51.9948],[70.9698,51.9948],[70.9698,51.9948],[70.9698,51.9948],[70.9698,51.9948],[70.9698,51.9948],[70.9698,51.9948],[70.97,51.9948],[70.9709,51.9948],[70.9709,51.9948],[70.9709,51.9948],[70.9711,51.9948],[70.9711,51.9947],[70.9711,51.9942],[70.9711,51.9941],[70.971,51.9941],[70.971,51.9941],[70.971,51.9941],[70.971,51.9941],[70.971,51.9941],[70.971,51.9941],[70.971,51.9941],[70.9709,51.9941],[70.9709,51.9941],[70.9709,51.9942],[70.9709,51.9942],[70.9709,51.9942],[70.9708,51.9942],[70.9699,51.9944],[70.9698,51.9944],[70.9698,51.9944],[70.9698,51.9944],[70.9697,51.9944],[70.9697,51.9944],[70.9697,51.9944],[70.9696,51.9944],[70.9696,51.9944],[70.9696,51.9944],[70.9695,51.9944],[70.9695,51.9944],[70.9695,51.9944],[70.9694,51.9944],[70.9694,51.9944],[70.9694,51.9944],[70.9693,51.9944],[70.9685,51.9944],[70.9684,51.9944],[70.9684,51.9944],[70.9684,51.9949],[70.9684,51.9949],[70.9684,51.9949],[70.9684,51.995],[70.9685,51.995],[70.9685,51.995],[70.9685,51.995],[70.9685,51.995],[70.9691,51.995],[70.9691,51.995],[70.9691,51.995],[70.9691,51.995],[70.9691,51.995],[70.9691,51.995],[70.9691,51.995],[70.9691,51.995],[70.9691,51.995],[70.9691,51.995],[70.9691,51.995],[70.9691,51.995],[70.9691,51.995],[70.9691,51.995],[70.9691,51.995],[70.9691,51.995],[70.9692,51.995],[70.9692,51.995],[70.9692,51.995],[70.9692,51.995],[70.9692,51.995],[70.9692,51.995],[70.9692,51.995],[70.9692,51.995],[70.9692,51.995],[70.9692,51.995],[70.9692,51.995],[70.9692,51.995],[70.9692,51.995],[70.9692,51.995],[70.9692,51.995],[70.9692,51.995],[70.9692,51.995],[70.9692,51.995],[70.9692,51.995],[70.9692,51.995],[70.9692,51.995],[70.9692,51.995],[70.9692,51.995],[70.9692,51.995],[70.9692,51.995],[70.9692,51.995],[70.9692,51.995],[70.9692,51.995],[70.9692,51.995],[70.9693,51.995],[70.9693,51.995],[70.9693,51.995],[70.9693,51.995],[70.9693,51.995],[70.9693,51.995]]]],"type":"MultiPolygon"},"geometry_name":"shape","id":"gp_functional_zones.fid--7752831e_19fb67eabdc_7d83","properties":{"area":1.08603632731229,"creation_doc_id":3617,"deactivation_doc_id":null,"func_zone_status_id":2,"ggk_zone_code":"11010000","ggk_zone_name":"Территория усадебной застройки","gp_func_zone_code":"11010000","gp_func_zone_code_id":19,"id":4731923,"zone_type_id":8},"type":"Feature"},{"bbox":[70.9562,51.9943,70.9583,51.995],"geometry":{"coordinates":[[[[70.9583,51.9943],[70.9568,51.9943],[70.9562,51.9943],[70.9562,51.9946],[70.9563,51.9946],[70.9563,51.9946],[70.9564,51.9946],[70.9564,51.9946],[70.9565,51.9946],[70.9565,51.9946],[70.9566,51.9947],[70.9566,51.9947],[70.9567,51.9947],[70.9567,51.9947],[70.9567,51.9947],[70.9568,51.9948],[70.9569,51.9949],[70.9569,51.9949],[70.957,51.995],[70.957,51.995],[70.9571,51.995],[70.9571,51.995],[70.9572,51.995],[70.9572,51.995],[70.9583,51.995],[70.9583,51.9943]]]],"type":"MultiPolygon"},"geometry_name":"shape","id":"gp_functional_zones.fid--7752831e_19fb67eabdc_7d84","properties":{"area":0.989373531640756,"creation_doc_id":3617,"deactivation_doc_id":null,"func_zone_status_id":2,"ggk_zone_code":"11010000","ggk_zone_name":"Территория усадебной застройки","gp_func_zone_code":"11010000","gp_func_zone_code_id":19,"id":4731924,"zone_type_id":8},"type":"Feature"},{"bbox":[70.9533,51.9942,70.9558,51.9947],"geometry":{"coordinates":[[[[70.955,51.9946],[70.955,51.9946],[70.9551,51.9946],[70.9556,51.9946],[70.9558,51.9946],[70.9558,51.9943],[70.9558,51.9943],[70.9558,51.9943],[70.9558,51.9943],[70.9558,51.9943],[70.9558,51.9943],[70.9557,51.9943],[70.9557,51.9943],[70.9557,51.9943],[70.9557,51.9943],[70.9557,51.9943],[70.9557,51.9943],[70.9556,51.9943],[70.9556,51.9943],[70.9556,51.9943],[70.9556,51.9943],[70.9556,51.9943],[70.9556,51.9943],[70.9555,51.9943],[70.9555,51.9943],[70.9555,51.9943],[70.9555,51.9943],[70.9555,51.9943],[70.9555,51.9943],[70.9555,51.9943],[70.9554,51.9943],[70.9554,51.9943],[70.9554,51.9943],[70.9554,51.9943],[70.9554,51.9943],[70.9554,51.9943],[70.9553,51.9943],[70.9553,51.9943],[70.9553,51.9943],[70.9553,51.9943],[70.9553,51.9943],[70.9553,51.9943],[70.9552,51.9943],[70.9552,51.9943],[70.9552,51.9943],[70.9552,51.9943],[70.9552,51.9943],[70.9552,51.9943],[70.9551,51.9943],[70.9551,51.9943],[70.9551,51.9943],[70.9551,51.9943],[70.9551,51.9943],[70.9551,51.9943],[70.955,51.9943],[70.955,51.9943],[70.955,51.9943],[70.955,51.9943],[70.9543,51.9942],[70.9543,51.9942],[70.9543,51.9942],[70.9542,51.9942],[70.9542,51.9942],[70.9542,51.9942],[70.9542,51.9942],[70.9542,51.9942],[70.9542,51.9942],[70.9542,51.9942],[70.9542,51.9942],[70.9541,51.9942],[70.9541,51.9942],[70.9541,51.9942],[70.9541,51.9942],[70.9541,51.9942],[70.9541,51.9942],[70.9541,51.9942],[70.954,51.9942],[70.954,51.9942],[70.954,51.9942],[70.954,51.9942],[70.954,51.9942],[70.954,51.9942],[70.954,51.9942],[70.954,51.9942],[70.9539,51.9942],[70.9539,51.9942],[70.9539,51.9942],[70.9539,51.9942],[70.9539,51.9942],[70.9539,51.9942],[70.9539,51.9942],[70.9534,51.9942],[70.9533,51.9947],[70.9547,51.9947],[70.9547,51.9947],[70.9547,51.9947],[70.9548,51.9946],[70.9548,51.9946],[70.9549,51.9946],[70.955,51.9946]]]],"type":"MultiPolygon"},"geometry_name":"shape","id":"gp_functional_zones.fid--7752831e_19fb67eabdc_7d85","properties":{"area":0.804362951826453,"creation_doc_id":3617,"deactivation_doc_id":null,"func_zone_status_id":2,"ggk_zone_code":"11010000","ggk_zone_name":"Территория усадебной застройки","gp_func_zone_code":"11010000","gp_func_zone_code_id":19,"id":4731925,"zone_type_id":8},"type":"Feature"},{"bbox":[70.9676,51.9927,70.9709,51.9943],"geometry":{"coordinates":[[[[70.9697,51.993],[70.9697,51.9927],[70.9697,51.9927],[70.9697,51.9927],[70.9697,51.9927],[70.9697,51.9927],[70.9697,51.9927],[70.9686,51.9928],[70.9678,51.9928],[70.9678,51.9928],[70.9678,51.9928],[70.9678,51.9928],[70.9678,51.9928],[70.9677,51.9928],[70.9677,51.9928],[70.9677,51.9928],[70.9677,51.9928],[70.9677,51.993],[70.9677,51.9935],[70.9676,51.9943],[70.9677,51.9943],[70.9681,51.9943],[70.9693,51.9943],[70.9693,51.9943],[70.9693,51.9943],[70.9694,51.9943],[70.9694,51.9943],[70.9694,51.9943],[70.9694,51.9943],[70.9694,51.9943],[70.9694,51.9943],[70.9694,51.9943],[70.9694,51.9943],[70.9694,51.9943],[70.9694,51.9943],[70.9694,51.9943],[70.9694,51.9943],[70.9694,51.9943],[70.9694,51.9943],[70.9695,51.9943],[70.9695,51.9943],[70.9695,51.9943],[70.9695,51.9943],[70.9695,51.9943],[70.9695,51.9943],[70.9695,51.9943],[70.9695,51.9943],[70.9695,51.9943],[70.9695,51.9943],[70.9695,51.9943],[70.9695,51.9943],[70.9695,51.9943],[70.9696,51.9943],[70.9696,51.9943],[70.9696,51.9943],[70.9696,51.9943],[70.9696,51.9943],[70.9696,51.9943],[70.9696,51.9943],[70.9696,51.9943],[70.9696,51.9943],[70.9696,51.9943],[70.9696,51.9943],[70.9696,51.9943],[70.9696,51.9943],[70.9696,51.9943],[70.9697,51.9943],[70.9697,51.9943],[70.9697,51.9943],[70.9697,51.9943],[70.9697,51.9943],[70.9697,51.9943],[70.9697,51.9943],[70.9697,51.9943],[70.9697,51.9943],[70.9697,51.9943],[70.9697,51.9943],[70.9697,51.9943],[70.9697,51.9943],[70.9697,51.9943],[70.9698,51.9943],[70.9698,51.9943],[70.9698,51.9943],[70.9698,51.9943],[70.9698,51.9943],[70.9698,51.9943],[70.9698,51.9943],[70.9708,51.9941],[70.9708,51.9941],[70.9708,51.994],[70.9708,51.994],[70.9708,51.994],[70.9708,51.994],[70.9708,51.994],[70.9708,51.994],[70.9708,51.994],[70.9708,51.994],[70.9708,51.994],[70.9708,51.994],[70.9708,51.994],[70.9708,51.994],[70.9708,51.994],[70.9708,51.994],[70.9708,51.994],[70.9708,51.994],[70.9709,51.994],[70.9709,51.994],[70.9709,51.994],[70.9709,51.994],[70.9709,51.994],[70.9709,51.994],[70.9709,51.994],[70.9709,51.994],[70.9709,51.994],[70.9709,51.994],[70.9709,51.994],[70.9709,51.994],[70.9709,51.994],[70.9709,51.9939],[70.9709,51.9939],[70.9708,51.9935],[70.9708,51.9932],[70.9708,51.993],[70.9697,51.993]]]],"type":"MultiPolygon"},"geometry_name":"shape","id":"gp_functional_zones.fid--7752831e_19fb67eabdc_7d86","properties":{"area":3.35239940030268,"creation_doc_id":3617,"deactivation_doc_id":null,"func_zone_status_id":2,"ggk_zone_code":"11010000","ggk_zone_name":"Территория усадебной застройки","gp_func_zone_code":"11010000","gp_func_zone_code_id":19,"id":4731929,"zone_type_id":8},"type":"Feature"},{"bbox":[70.9591,51.9926,70.9658,51.9943],"geometry":{"coordinates":[[[[70.9658,51.9943],[70.9641,51.9933],[70.9622,51.9931],[70.9622,51.9928],[70.9622,51.9927],[70.9622,51.9927],[70.9622,51.9927],[70.9621,51.9927],[70.9615,51.9927],[70.9593,51.9926],[70.9592,51.9926],[70.9592,51.9933],[70.9614,51.9934],[70.9614,51.9935],[70.9614,51.9935],[70.9614,51.9936],[70.9591,51.9935],[70.9591,51.9942],[70.9607,51.9942],[70.9608,51.9942],[70.9625,51.9942],[70.9631,51.9942],[70.9631,51.9942],[70.9631,51.9942],[70.9631,51.9942],[70.9632,51.9942],[70.9654,51.9943],[70.9658,51.9943]]]],"type":"MultiPolygon"},"geometry_name":"shape","id":"gp_functional_zones.fid--7752831e_19fb67eabdc_7d87","properties":{"area":5.37507192440559,"creation_doc_id":3617,"deactivation_doc_id":null,"func_zone_status_id":2,"ggk_zone_code":"11010000","ggk_zone_name":"Территория усадебной застройки","gp_func_zone_code":"11010000","gp_func_zone_code_id":19,"id":4731930,"zone_type_id":8},"type":"Feature"},{"bbox":[70.9236,51.9936,70.9257,51.9949],"geometry":{"coordinates":[[[[70.9249,51.9938],[70.9239,51.9936],[70.9236,51.9947],[70.9256,51.9949],[70.9257,51.9944],[70.9257,51.9944],[70.9257,51.9944],[70.9257,51.9944],[70.9257,51.9944],[70.9257,51.9944],[70.9257,51.9944],[70.9257,51.9944],[70.9257,51.9944],[70.9257,51.9944],[70.9257,51.9944],[70.9257,51.9944],[70.9257,51.9944],[70.9257,51.9944],[70.9257,51.9944],[70.9257,51.9944],[70.9257,51.9944],[70.9257,51.9944],[70.9257,51.9944],[70.9257,51.9943],[70.9257,51.9943],[70.9257,51.9943],[70.9257,51.9943],[70.9257,51.9943],[70.9257,51.9943],[70.9257,51.9943],[70.9257,51.9943],[70.9257,51.9943],[70.9257,51.9943],[70.9257,51.9943],[70.9257,51.9943],[70.9257,51.9943],[70.9257,51.9943],[70.9257,51.9943],[70.9257,51.9943],[70.9257,51.9943],[70.9257,51.9943],[70.9257,51.9943],[70.9257,51.9943],[70.9257,51.9943],[70.9257,51.9943],[70.9257,51.9943],[70.9257,51.9943],[70.9257,51.9943],[70.9257,51.9942],[70.9257,51.9942],[70.9257,51.9942],[70.9257,51.9942],[70.9257,51.9942],[70.9257,51.9942],[70.9257,51.9942],[70.9257,51.9942],[70.9257,51.9942],[70.9257,51.9942],[70.9257,51.9942],[70.9257,51.9942],[70.9257,51.9942],[70.9257,51.9942],[70.9257,51.9942],[70.9257,51.9942],[70.9257,51.9942],[70.9257,51.9942],[70.9257,51.9942],[70.9257,51.9942],[70.9257,51.9942],[70.9257,51.9942],[70.9257,51.9942],[70.9257,51.9942],[70.9257,51.9942],[70.9257,51.9941],[70.9257,51.9941],[70.9257,51.9941],[70.9257,51.9941],[70.9257,51.9941],[70.9257,51.9941],[70.9257,51.9941],[70.9257,51.9941],[70.9257,51.9941],[70.9257,51.9941],[70.9257,51.9941],[70.9257,51.9941],[70.9257,51.9941],[70.9257,51.9941],[70.9257,51.9941],[70.9257,51.9941],[70.9257,51.9941],[70.9257,51.9941],[70.9257,51.9941],[70.9257,51.9941],[70.9257,51.9941],[70.9257,51.9941],[70.9257,51.9941],[70.9257,51.9941],[70.9257,51.9941],[70.9257,51.994],[70.9257,51.994],[70.9257,51.994],[70.9257,51.994],[70.9257,51.994],[70.9257,51.994],[70.9257,51.994],[70.9257,51.994],[70.9257,51.994],[70.9257,51.994],[70.9257,51.994],[70.9257,51.994],[70.9257,51.994],[70.9257,51.994],[70.9257,51.994],[70.9257,51.994],[70.9257,51.994],[70.9257,51.994],[70.9257,51.994],[70.9257,51.994],[70.9257,51.994],[70.9257,51.994],[70.9256,51.994],[70.9256,51.994],[70.9256,51.994],[70.9256,51.9939],[70.9256,51.9939],[70.9256,51.9939],[70.9256,51.9939],[70.9256,51.9939],[70.9256,51.9939],[70.9256,51.9939],[70.9256,51.9939],[70.9256,51.9939],[70.9256,51.9939],[70.9256,51.9939],[70.9256,51.9939],[70.9256,51.9939],[70.9256,51.9939],[70.9256,51.9939],[70.9256,51.9939],[70.9256,51.9939],[70.9256,51.9939],[70.9256,51.9939],[70.9256,51.9939],[70.9256,51.9939],[70.9256,51.9939],[70.9256,51.9939],[70.9256,51.9939],[70.9256,51.9938],[70.9256,51.9938],[70.9249,51.9938],[70.9249,51.9938]]]],"type":"MultiPolygon"},"geometry_name":"shape","id":"gp_functional_zones.fid--7752831e_19fb67eabdc_7d88","properties":{"area":1.52383790948182,"creation_doc_id":3617,"deactivation_doc_id":null,"func_zone_status_id":2,"ggk_zone_code":"11010000","ggk_zone_name":"Территория усадебной застройки","gp_func_zone_code":"11010000","gp_func_zone_code_id":19,"id":4731931,"zone_type_id":8},"type":"Feature"},{"bbox":[70.9562,51.9934,70.9589,51.9942],"geometry":{"coordinates":[[[[70.9589,51.9942],[70.9589,51.9935],[70.9563,51.9934],[70.9562,51.9941],[70.9568,51.9941],[70.9589,51.9942]]]],"type":"MultiPolygon"},"geometry_name":"shape","id":"gp_functional_zones.fid--7752831e_19fb67eabdc_7d89","properties":{"area":1.42077073735846,"creation_doc_id":3617,"deactivation_doc_id":null,"func_zone_status_id":2,"ggk_zone_code":"11010000","ggk_zone_name":"Территория усадебной застройки","gp_func_zone_code":"11010000","gp_func_zone_code_id":19,"id":4731932,"zone_type_id":8},"type":"Feature"},{"bbox":[70.9651,51.9928,70.9675,51.994],"geometry":{"coordinates":[[[[70.9658,51.9928],[70.9651,51.9928],[70.9671,51.994],[70.9674,51.994],[70.9675,51.9928],[70.9668,51.9928],[70.9658,51.9928]]]],"type":"MultiPolygon"},"geometry_name":"shape","id":"gp_functional_zones.fid--7752831e_19fb67eabdc_7d8a","properties":{"area":1.18412422239138,"creation_doc_id":3617,"deactivation_doc_id":null,"func_zone_status_id":2,"ggk_zone_code":"11010000","ggk_zone_name":"Территория усадебной застройки","gp_func_zone_code":"11010000","gp_func_zone_code_id":19,"id":4731933,"zone_type_id":8},"type":"Feature"},{"bbox":[70.9534,51.9925,70.956,51.9942],"geometry":{"coordinates":[[[[70.9537,51.9925],[70.9535,51.9925],[70.9535,51.9928],[70.9534,51.994],[70.9534,51.9941],[70.9539,51.9941],[70.9539,51.9941],[70.9539,51.9941],[70.9539,51.9941],[70.9539,51.9941],[70.9539,51.9941],[70.9539,51.9941],[70.9539,51.9941],[70.9539,51.9941],[70.9539,51.9941],[70.9539,51.9941],[70.954,51.9941],[70.954,51.9941],[70.954,51.9941],[70.954,51.9941],[70.954,51.9941],[70.954,51.9941],[70.954,51.9941],[70.954,51.9941],[70.954,51.9941],[70.954,51.9941],[70.954,51.9941],[70.954,51.9941],[70.954,51.9941],[70.954,51.9941],[70.954,51.9941],[70.954,51.9941],[70.9541,51.9941],[70.9541,51.9941],[70.9541,51.9941],[70.9541,51.9941],[70.9541,51.9941],[70.9541,51.9941],[70.9541,51.9941],[70.9541,51.9941],[70.9541,51.9941],[70.9541,51.9941],[70.9541,51.9941],[70.9541,51.9941],[70.9541,51.9941],[70.9541,51.9941],[70.9541,51.9941],[70.9542,51.9941],[70.9542,51.9941],[70.9542,51.9941],[70.9542,51.9941],[70.9542,51.9941],[70.9542,51.9941],[70.9542,51.9941],[70.9542,51.9941],[70.9542,51.9941],[70.9542,51.9941],[70.9542,51.9941],[70.9542,51.9941],[70.9542,51.9941],[70.9542,51.9941],[70.9542,51.9941],[70.9543,51.9941],[70.9543,51.9941],[70.9543,51.9941],[70.9543,51.9941],[70.9543,51.9941],[70.9543,51.9941],[70.9543,51.9941],[70.9543,51.9941],[70.955,51.9941],[70.955,51.9941],[70.955,51.9941],[70.955,51.9941],[70.955,51.9941],[70.9551,51.9941],[70.9551,51.9941],[70.9551,51.9941],[70.9551,51.9941],[70.9551,51.9941],[70.9551,51.9941],[70.9551,51.9941],[70.9551,51.9941],[70.9551,51.9941],[70.9551,51.9941],[70.9551,51.9941],[70.9551,51.9941],[70.9551,51.9941],[70.9552,51.9941],[70.9552,51.9941],[70.9552,51.9941],[70.9552,51.9941],[70.9552,51.9941],[70.9552,51.9941],[70.9552,51.9941],[70.9552,51.9941],[70.9552,51.9941],[70.9552,51.9941],[70.9552,51.9941],[70.9552,51.9942],[70.9552,51.9942],[70.9553,51.9942],[70.9553,51.9942],[70.9553,51.9942],[70.9553,51.9942],[70.9553,51.9942],[70.9553,51.9942],[70.9553,51.9942],[70.9553,51.9942],[70.9553,51.9942],[70.9553,51.9942],[70.9553,51.9942],[70.9553,51.9942],[70.9553,51.9942],[70.9554,51.9942],[70.9554,51.9942],[70.9554,51.9942],[70.9554,51.9942],[70.9554,51.9942],[70.9554,51.9942],[70.9554,51.9942],[70.9554,51.9942],[70.9554,51.9942],[70.9554,51.9942],[70.9554,51.9942],[70.9554,51.9942],[70.9554,51.9942],[70.9555,51.9942],[70.9555,51.9942],[70.9555,51.9942],[70.9555,51.9942],[70.9555,51.9942],[70.9555,51.9942],[70.9555,51.9942],[70.9555,51.9942],[70.9555,51.9942],[70.9555,51.9942],[70.9555,51.9942],[70.9555,51.9942],[70.9555,51.9942],[70.9556,51.9942],[70.9556,51.9942],[70.9556,51.9942],[70.9556,51.9942],[70.9556,51.9942],[70.9556,51.9942],[70.9556,51.9942],[70.9556,51.9942],[70.9556,51.9942],[70.9556,51.9942],[70.9556,51.9942],[70.9556,51.9942],[70.9556,51.9942],[70.9557,51.9942],[70.9557,51.9942],[70.9557,51.9942],[70.9557,51.9942],[70.9557,51.9942],[70.9557,51.9942],[70.9557,51.9942],[70.9557,51.9942],[70.9557,51.9942],[70.9557,51.9942],[70.9557,51.9942],[70.9557,51.9942],[70.9557,51.9942],[70.9558,51.9942],[70.9558,51.9942],[70.9558,51.9942],[70.9558,51.9942],[70.9558,51.9942],[70.9558,51.9942],[70.9558,51.9942],[70.9558,51.9942],[70.9558,51.9942],[70.9558,51.9942],[70.9558,51.9942],[70.9558,51.9942],[70.9558,51.9942],[70.9559,51.9942],[70.9559,51.9942],[70.956,51.9926],[70.9559,51.9926],[70.9554,51.9925],[70.9537,51.9925]]]],"type":"MultiPolygon"},"geometry_name":"shape","id":"gp_functional_zones.fid--7752831e_19fb67eabdc_7d8b","properties":{"area":3.04355490216226,"creation_doc_id":3617,"deactivation_doc_id":null,"func_zone_status_id":2,"ggk_zone_code":"11010000","ggk_zone_name":"Территория усадебной застройки","gp_func_zone_code":"11010000","gp_func_zone_code_id":19,"id":4731936,"zone_type_id":8},"type":"Feature"},{"bbox":[70.9479,51.9931,70.9506,51.994],"geometry":{"coordinates":[[[[70.9506,51.9931],[70.948,51.9931],[70.948,51.9932],[70.9479,51.9939],[70.9505,51.994],[70.9506,51.9935],[70.9506,51.9931]]]],"type":"MultiPolygon"},"geometry_name":"shape","id":"gp_functional_zones.fid--7752831e_19fb67eabdc_7d8c","properties":{"area":1.70652157919561,"creation_doc_id":3617,"deactivation_doc_id":null,"func_zone_status_id":2,"ggk_zone_code":"11010000","ggk_zone_name":"Территория усадебной застройки","gp_func_zone_code":"11010000","gp_func_zone_code_id":19,"id":4731937,"zone_type_id":8},"type":"Feature"},{"bbox":[70.9472,51.9923,70.9479,51.9939],"geometry":{"coordinates":[[[[70.9479,51.9923],[70.9478,51.9923],[70.9472,51.9939],[70.9477,51.9939],[70.9478,51.9932],[70.9479,51.9926],[70.9479,51.9923]]]],"type":"MultiPolygon"},"geometry_name":"shape","id":"gp_functional_zones.fid--7752831e_19fb67eabdc_7d8d","properties":{"area":0.333929275225113,"creation_doc_id":3617,"deactivation_doc_id":null,"func_zone_status_id":2,"ggk_zone_code":"11010000","ggk_zone_name":"Территория усадебной застройки","gp_func_zone_code":"11010000","gp_func_zone_code_id":19,"id":4731938,"zone_type_id":8},"type":"Feature"},{"bbox":[70.9418,51.9922,70.9446,51.9939],"geometry":{"coordinates":[[[[70.9446,51.9923],[70.9419,51.9922],[70.9419,51.993],[70.9419,51.9931],[70.9419,51.9932],[70.9418,51.9938],[70.9418,51.9938],[70.9419,51.9938],[70.9419,51.9938],[70.9419,51.9938],[70.9419,51.9938],[70.9419,51.9938],[70.9419,51.9938],[70.9419,51.9938],[70.9419,51.9938],[70.9419,51.9938],[70.9419,51.9938],[70.942,51.9938],[70.942,51.9938],[70.942,51.9938],[70.942,51.9938],[70.942,51.9938],[70.942,51.9938],[70.942,51.9938],[70.942,51.9938],[70.942,51.9938],[70.9421,51.9938],[70.9421,51.9938],[70.9421,51.9938],[70.9421,51.9938],[70.9421,51.9938],[70.9421,51.9938],[70.9421,51.9938],[70.9421,51.9938],[70.9421,51.9938],[70.9421,51.9938],[70.9422,51.9938],[70.9422,51.9938],[70.9422,51.9938],[70.9422,51.9938],[70.9422,51.9938],[70.9422,51.9938],[70.9422,51.9938],[70.9422,51.9938],[70.9422,51.9938],[70.9422,51.9938],[70.9423,51.9938],[70.9423,51.9938],[70.9423,51.9938],[70.9423,51.9938],[70.9423,51.9938],[70.9423,51.9938],[70.9423,51.9938],[70.9423,51.9938],[70.9423,51.9938],[70.9423,51.9938],[70.9424,51.9938],[70.9424,51.9938],[70.9424,51.9938],[70.9424,51.9938],[70.9424,51.9938],[70.9424,51.9938],[70.9424,51.9938],[70.9424,51.9938],[70.9424,51.9938],[70.9424,51.9938],[70.9425,51.9938],[70.9425,51.9938],[70.9425,51.9938],[70.9425,51.9938],[70.9425,51.9938],[70.9425,51.9938],[70.9425,51.9938],[70.9425,51.9938],[70.9425,51.9938],[70.9426,51.9938],[70.9426,51.9938],[70.9426,51.9938],[70.9426,51.9938],[70.9426,51.9938],[70.9426,51.9938],[70.9426,51.9938],[70.9426,51.9938],[70.9426,51.9938],[70.9426,51.9938],[70.9427,51.9938],[70.9427,51.9938],[70.9427,51.9938],[70.9427,51.9938],[70.9427,51.9938],[70.9427,51.9938],[70.9427,51.9938],[70.9427,51.9938],[70.9427,51.9938],[70.9427,51.9938],[70.9428,51.9938],[70.9428,51.9938],[70.9428,51.9938],[70.9428,51.9938],[70.9428,51.9938],[70.9428,51.9938],[70.9428,51.9938],[70.9428,51.9938],[70.9428,51.9938],[70.9428,51.9938],[70.9429,51.9938],[70.9429,51.9938],[70.9429,51.9938],[70.9429,51.9938],[70.9429,51.9938],[70.9429,51.9938],[70.9429,51.9938],[70.9429,51.9938],[70.9429,51.9938],[70.943,51.9938],[70.943,51.9938],[70.943,51.9938],[70.943,51.9938],[70.943,51.9938],[70.943,51.9938],[70.943,51.9938],[70.943,51.9938],[70.943,51.9938],[70.943,51.9938],[70.9431,51.9938],[70.9431,51.9938],[70.9431,51.9938],[70.9431,51.9938],[70.9431,51.9938],[70.9431,51.9938],[70.9431,51.9938],[70.9431,51.9938],[70.9431,51.9938],[70.9431,51.9938],[70.9432,51.9938],[70.9432,51.9938],[70.9432,51.9938],[70.9432,51.9938],[70.9432,51.9938],[70.9432,51.9938],[70.9432,51.9938],[70.9432,51.9938],[70.9432,51.9938],[70.9432,51.9938],[70.9433,51.9938],[70.9433,51.9938],[70.9433,51.9939],[70.9433,51.9939],[70.9433,51.9939],[70.9433,51.9939],[70.9433,51.9939],[70.9433,51.9939],[70.9433,51.9939],[70.9433,51.9939],[70.9434,51.9939],[70.9434,51.9939],[70.9434,51.9939],[70.9434,51.9939],[70.9434,51.9939],[70.9434,51.9939],[70.9434,51.9939],[70.9434,51.9939],[70.9434,51.9939],[70.9434,51.9939],[70.9435,51.9939],[70.9435,51.9939],[70.9435,51.9939],[70.9435,51.9939],[70.9435,51.9939],[70.9435,51.9939],[70.9435,51.9939],[70.9435,51.9939],[70.9435,51.9939],[70.9436,51.9939],[70.9436,51.9939],[70.9436,51.9939],[70.9436,51.9939],[70.9436,51.9939],[70.9436,51.9939],[70.9436,51.9939],[70.9436,51.9939],[70.9436,51.9939],[70.9436,51.9939],[70.9437,51.9939],[70.9437,51.9939],[70.9437,51.9939],[70.9437,51.9939],[70.9437,51.9939],[70.9437,51.9939],[70.9437,51.9939],[70.9437,51.9939],[70.9437,51.9939],[70.9437,51.9939],[70.9438,51.9939],[70.9438,51.9939],[70.9438,51.9939],[70.9438,51.9939],[70.9438,51.9939],[70.9438,51.9939],[70.9438,51.9939],[70.9438,51.9939],[70.9438,51.9939],[70.9438,51.9939],[70.9439,51.9939],[70.9439,51.9939],[70.9439,51.9939],[70.9439,51.9939],[70.9439,51.9939],[70.9439,51.9939],[70.9439,51.9939],[70.9439,51.9939],[70.9439,51.9939],[70.9439,51.9939],[70.944,51.9939],[70.944,51.9939],[70.944,51.9939],[70.944,51.9939],[70.944,51.9939],[70.944,51.9939],[70.944,51.9939],[70.944,51.9939],[70.944,51.9939],[70.944,51.9939],[70.9441,51.9939],[70.9441,51.9939],[70.9441,51.9939],[70.9441,51.9939],[70.9441,51.9939],[70.9441,51.9939],[70.9441,51.9939],[70.9441,51.9939],[70.9441,51.9939],[70.9442,51.9939],[70.9442,51.9939],[70.9442,51.9939],[70.9442,51.9939],[70.9442,51.9939],[70.9442,51.9939],[70.9442,51.9939],[70.9445,51.9933],[70.9445,51.9933],[70.9445,51.9932],[70.9445,51.9931],[70.9445,51.9931],[70.9445,51.993],[70.9446,51.9923]]]],"type":"MultiPolygon"},"geometry_name":"shape","id":"gp_functional_zones.fid--7752831e_19fb67eabdc_7d8e","properties":{"area":3.19393342538877,"creation_doc_id":3617,"deactivation_doc_id":null,"func_zone_status_id":2,"ggk_zone_code":"11010000","ggk_zone_name":"Территория усадебной застройки","gp_func_zone_code":"11010000","gp_func_zone_code_id":19,"id":4731939,"zone_type_id":8},"type":"Feature"},{"bbox":[70.939,51.9921,70.9417,51.9938],"geometry":{"coordinates":[[[[70.9412,51.9922],[70.9391,51.9921],[70.939,51.9927],[70.939,51.993],[70.939,51.993],[70.939,51.993],[70.939,51.9934],[70.939,51.9937],[70.9416,51.9938],[70.9417,51.993],[70.9417,51.993],[70.9417,51.993],[70.9417,51.9922],[70.9412,51.9922]]]],"type":"MultiPolygon"},"geometry_name":"shape","id":"gp_functional_zones.fid--7752831e_19fb67eabdc_7d8f","properties":{"area":3.18060960895092,"creation_doc_id":3617,"deactivation_doc_id":null,"func_zone_status_id":2,"ggk_zone_code":"11010000","ggk_zone_name":"Территория усадебной застройки","gp_func_zone_code":"11010000","gp_func_zone_code_id":19,"id":4731940,"zone_type_id":8},"type":"Feature"},{"bbox":[70.9256,51.9919,70.9358,51.994],"geometry":{"coordinates":[[[[70.9296,51.9936],[70.9296,51.9936],[70.9296,51.9936],[70.9296,51.9936],[70.9297,51.9936],[70.9297,51.9936],[70.9314,51.9936],[70.9325,51.9936],[70.9326,51.9936],[70.9354,51.9937],[70.9358,51.9937],[70.9358,51.9931],[70.9358,51.9928],[70.9358,51.9928],[70.9358,51.992],[70.935,51.992],[70.9334,51.992],[70.9333,51.992],[70.9301,51.9919],[70.9301,51.9919],[70.93,51.9919],[70.929,51.9919],[70.929,51.9919],[70.9289,51.9919],[70.9289,51.9919],[70.926,51.9919],[70.9256,51.9919],[70.9257,51.9927],[70.9257,51.9928],[70.9257,51.9928],[70.9258,51.9933],[70.9258,51.9933],[70.9258,51.9934],[70.9258,51.9934],[70.9258,51.9934],[70.9258,51.9934],[70.9258,51.9934],[70.9258,51.9934],[70.9258,51.9935],[70.9258,51.9935],[70.9258,51.9935],[70.9258,51.9935],[70.9258,51.9935],[70.9258,51.9935],[70.9258,51.9936],[70.9258,51.9936],[70.9258,51.9936],[70.9258,51.9936],[70.9258,51.9936],[70.9258,51.9936],[70.9258,51.9937],[70.9258,51.9937],[70.9258,51.9937],[70.9258,51.9937],[70.9259,51.9937],[70.9259,51.9937],[70.9259,51.9938],[70.9259,51.9938],[70.9259,51.9938],[70.9259,51.9938],[70.9259,51.9938],[70.9259,51.9938],[70.9259,51.9939],[70.9259,51.9939],[70.9259,51.9939],[70.9259,51.9939],[70.9259,51.9939],[70.9259,51.9939],[70.9259,51.994],[70.9259,51.994],[70.926,51.994],[70.9276,51.9938],[70.9276,51.9938],[70.9277,51.9938],[70.9277,51.9938],[70.9277,51.9938],[70.9278,51.9938],[70.9278,51.9938],[70.9278,51.9938],[70.9279,51.9938],[70.9279,51.9938],[70.9279,51.9938],[70.928,51.9938],[70.928,51.9938],[70.928,51.9938],[70.9281,51.9938],[70.9281,51.9938],[70.9281,51.9938],[70.9289,51.9936],[70.929,51.9936],[70.929,51.9936],[70.929,51.9936],[70.929,51.9936],[70.9291,51.9936],[70.9291,51.9936],[70.9291,51.9936],[70.9291,51.9936],[70.9291,51.9936],[70.9292,51.9936],[70.9292,51.9936],[70.9292,51.9936],[70.9292,51.9936],[70.9292,51.9936],[70.9292,51.9936],[70.9293,51.9936],[70.9293,51.9936],[70.9293,51.9936],[70.9293,51.9936],[70.9294,51.9936],[70.9294,51.9936],[70.9294,51.9936],[70.9294,51.9936],[70.9295,51.9936],[70.9295,51.9936],[70.9295,51.9936],[70.9295,51.9936],[70.9296,51.9936],[70.9296,51.9936]]]],"type":"MultiPolygon"},"geometry_name":"shape","id":"gp_functional_zones.fid--7752831e_19fb67eabdc_7d90","properties":{"area":13.3608683837844,"creation_doc_id":3617,"deactivation_doc_id":null,"func_zone_status_id":2,"ggk_zone_code":"11010000","ggk_zone_name":"Территория усадебной застройки","gp_func_zone_code":"11010000","gp_func_zone_code_id":19,"id":4731941,"zone_type_id":8},"type":"Feature"},{"bbox":[70.936,51.992,70.9389,51.9937],"geometry":{"coordinates":[[[[70.9389,51.9921],[70.936,51.992],[70.936,51.9928],[70.936,51.9928],[70.936,51.9929],[70.936,51.9931],[70.936,51.9937],[70.9383,51.9937],[70.9388,51.9937],[70.9388,51.9934],[70.9388,51.9927],[70.9389,51.9921]]]],"type":"MultiPolygon"},"geometry_name":"shape","id":"gp_functional_zones.fid--7752831e_19fb67eabdc_7d91","properties":{"area":3.43344585391149,"creation_doc_id":3617,"deactivation_doc_id":null,"func_zone_status_id":2,"ggk_zone_code":"11010000","ggk_zone_name":"Территория усадебной застройки","gp_func_zone_code":"11010000","gp_func_zone_code_id":19,"id":4731942,"zone_type_id":8},"type":"Feature"},{"bbox":[70.9508,51.9924,70.953,51.9935],"geometry":{"coordinates":[[[[70.9519,51.9924],[70.9509,51.9924],[70.9509,51.9931],[70.9508,51.9934],[70.9529,51.9935],[70.953,51.9928],[70.953,51.9925],[70.9519,51.9924]]]],"type":"MultiPolygon"},"geometry_name":"shape","id":"gp_functional_zones.fid--7752831e_19fb67eabdc_7d92","properties":{"area":1.63860526176045,"creation_doc_id":3617,"deactivation_doc_id":null,"func_zone_status_id":2,"ggk_zone_code":"11010000","ggk_zone_name":"Территория усадебной застройки","gp_func_zone_code":"11010000","gp_func_zone_code_id":19,"id":4731943,"zone_type_id":8},"type":"Feature"},{"bbox":[70.9563,51.9926,70.959,51.9933],"geometry":{"coordinates":[[[[70.9572,51.9926],[70.9563,51.9926],[70.9563,51.9932],[70.9589,51.9933],[70.959,51.9926],[70.9572,51.9926]]]],"type":"MultiPolygon"},"geometry_name":"shape","id":"gp_functional_zones.fid--7752831e_19fb67eabdc_7d93","properties":{"area":1.35586079317266,"creation_doc_id":3617,"deactivation_doc_id":null,"func_zone_status_id":2,"ggk_zone_code":"11010000","ggk_zone_name":"Территория усадебной застройки","gp_func_zone_code":"11010000","gp_func_zone_code_id":19,"id":4731944,"zone_type_id":8},"type":"Feature"},{"bbox":[70.9239,51.9919,70.9255,51.9937],"geometry":{"coordinates":[[[[70.9255,51.9933],[70.9254,51.9927],[70.9253,51.9919],[70.9244,51.9919],[70.9244,51.9919],[70.9241,51.9928],[70.9239,51.9935],[70.9245,51.9935],[70.9246,51.9933],[70.925,51.9933],[70.9249,51.9936],[70.9249,51.9936],[70.9255,51.9937],[70.9255,51.9936],[70.9255,51.9936],[70.9255,51.9936],[70.9255,51.9936],[70.9255,51.9936],[70.9255,51.9936],[70.9255,51.9936],[70.9255,51.9936],[70.9255,51.9936],[70.9255,51.9936],[70.9255,51.9936],[70.9255,51.9936],[70.9255,51.9936],[70.9255,51.9936],[70.9255,51.9936],[70.9255,51.9936],[70.9255,51.9936],[70.9255,51.9936],[70.9255,51.9936],[70.9255,51.9936],[70.9255,51.9935],[70.9255,51.9935],[70.9255,51.9935],[70.9255,51.9935],[70.9255,51.9935],[70.9255,51.9935],[70.9255,51.9935],[70.9255,51.9935],[70.9255,51.9935],[70.9255,51.9935],[70.9255,51.9935],[70.9255,51.9935],[70.9255,51.9935],[70.9255,51.9935],[70.9255,51.9935],[70.9255,51.9935],[70.9255,51.9935],[70.9255,51.9935],[70.9255,51.9935],[70.9255,51.9935],[70.9255,51.9934],[70.9255,51.9934],[70.9255,51.9934],[70.9255,51.9934],[70.9255,51.9934],[70.9255,51.9934],[70.9255,51.9934],[70.9255,51.9934],[70.9255,51.9934],[70.9255,51.9934],[70.9255,51.9934],[70.9255,51.9934],[70.9255,51.9934],[70.9255,51.9934],[70.9255,51.9934],[70.9255,51.9934],[70.9255,51.9934],[70.9255,51.9934],[70.9255,51.9934],[70.9255,51.9934],[70.9255,51.9933],[70.9255,51.9933],[70.9255,51.9933],[70.9255,51.9933]]]],"type":"MultiPolygon"},"geometry_name":"shape","id":"gp_functional_zones.fid--7752831e_19fb67eabdc_7d94","properties":{"area":1.53107400644035,"creation_doc_id":3617,"deactivation_doc_id":null,"func_zone_status_id":2,"ggk_zone_code":"11010000","ggk_zone_name":"Территория усадебной застройки","gp_func_zone_code":"11010000","gp_func_zone_code_id":19,"id":4731945,"zone_type_id":8},"type":"Feature"},{"bbox":[70.948,51.9923,70.9507,51.993],"geometry":{"coordinates":[[[[70.9487,51.9923],[70.9481,51.9923],[70.9481,51.9926],[70.948,51.9929],[70.9489,51.993],[70.9489,51.993],[70.9507,51.993],[70.9507,51.9924],[70.9491,51.9924],[70.9487,51.9923]]]],"type":"MultiPolygon"},"geometry_name":"shape","id":"gp_functional_zones.fid--7752831e_19fb67eabdc_7d95","properties":{"area":1.23380003771101,"creation_doc_id":3617,"deactivation_doc_id":null,"func_zone_status_id":2,"ggk_zone_code":"11010000","ggk_zone_name":"Территория усадебной застройки","gp_func_zone_code":"11010000","gp_func_zone_code_id":19,"id":4731946,"zone_type_id":8},"type":"Feature"},{"bbox":[70.9619,51.9907,70.9677,51.9926],"geometry":{"coordinates":[[[[70.9677,51.9915],[70.9662,51.9915],[70.965,51.9915],[70.9641,51.9915],[70.9641,51.9915],[70.964,51.9915],[70.964,51.9915],[70.964,51.9915],[70.964,51.9915],[70.964,51.9915],[70.964,51.9915],[70.964,51.9915],[70.964,51.9915],[70.964,51.9915],[70.9639,51.9915],[70.9639,51.9915],[70.9639,51.9915],[70.9639,51.9915],[70.9639,51.9915],[70.9639,51.9915],[70.9639,51.9915],[70.9639,51.9915],[70.9638,51.9915],[70.9638,51.9915],[70.9638,51.9915],[70.9638,51.9915],[70.9638,51.9915],[70.9638,51.9915],[70.9638,51.9915],[70.9638,51.9915],[70.9638,51.9915],[70.9637,51.9915],[70.9637,51.9915],[70.9637,51.9915],[70.9637,51.9915],[70.9637,51.9915],[70.9637,51.9915],[70.9636,51.9914],[70.9636,51.9914],[70.9636,51.9914],[70.9636,51.9914],[70.9636,51.9914],[70.9637,51.9914],[70.9637,51.9914],[70.9637,51.9914],[70.9637,51.9914],[70.9637,51.9914],[70.9637,51.9914],[70.9637,51.9914],[70.9638,51.9914],[70.9638,51.9914],[70.9638,51.9914],[70.9638,51.9914],[70.9638,51.9914],[70.9638,51.9914],[70.9638,51.9914],[70.9639,51.9914],[70.9639,51.9914],[70.9639,51.9914],[70.9639,51.9914],[70.9639,51.9914],[70.9639,51.9914],[70.9639,51.9914],[70.964,51.9914],[70.964,51.9914],[70.964,51.9914],[70.964,51.9914],[70.964,51.9914],[70.964,51.9914],[70.964,51.9914],[70.9641,51.9914],[70.9641,51.9914],[70.9644,51.9914],[70.9653,51.9914],[70.9664,51.9914],[70.9666,51.9914],[70.967,51.9914],[70.9674,51.9914],[70.9677,51.9914],[70.9677,51.9907],[70.9677,51.9907],[70.9677,51.9907],[70.9677,51.9907],[70.9677,51.9907],[70.9677,51.9907],[70.9677,51.9907],[70.9677,51.9907],[70.9677,51.9907],[70.9657,51.9907],[70.9657,51.9907],[70.9644,51.9907],[70.9639,51.9907],[70.9632,51.9907],[70.9625,51.9908],[70.9622,51.9908],[70.962,51.9908],[70.962,51.9915],[70.962,51.9917],[70.962,51.9917],[70.962,51.9919],[70.9619,51.9921],[70.9632,51.9921],[70.9632,51.9925],[70.965,51.9925],[70.9656,51.9925],[70.966,51.9925],[70.9667,51.9925],[70.9668,51.9926],[70.9671,51.9926],[70.9676,51.9926],[70.9676,51.9926],[70.9676,51.9926],[70.9676,51.9926],[70.9676,51.9926],[70.9676,51.9926],[70.9676,51.9926],[70.9676,51.9926],[70.9677,51.9926],[70.9677,51.992],[70.9677,51.9915]]]],"type":"MultiPolygon"},"geometry_name":"shape","id":"gp_functional_zones.fid--7752831e_19fb67eabdc_7d96","properties":{"area":7.04461568723776,"creation_doc_id":3617,"deactivation_doc_id":null,"func_zone_status_id":2,"ggk_zone_code":"11010000","ggk_zone_name":"Территория усадебной застройки","gp_func_zone_code":"11010000","gp_func_zone_code_id":19,"id":4731947,"zone_type_id":8},"type":"Feature"},{"bbox":[70.9679,51.9915,70.9711,51.9925],"geometry":{"coordinates":[[[[70.9711,51.9921],[70.9706,51.9915],[70.9705,51.9915],[70.9705,51.9915],[70.9705,51.9915],[70.9705,51.9915],[70.9705,51.9915],[70.9705,51.9915],[70.9705,51.9915],[70.9705,51.9915],[70.9705,51.9916],[70.9705,51.9916],[70.9705,51.9916],[70.9704,51.9916],[70.9704,51.9916],[70.9704,51.9916],[70.9704,51.9916],[70.9704,51.9916],[70.9704,51.9916],[70.9704,51.9916],[70.9704,51.9916],[70.9704,51.9916],[70.9704,51.9916],[70.9704,51.9916],[70.9704,51.9916],[70.9703,51.9916],[70.9703,51.9916],[70.9703,51.9916],[70.9703,51.9916],[70.9703,51.9916],[70.9703,51.9916],[70.9703,51.9916],[70.9703,51.9916],[70.9703,51.9916],[70.9703,51.9916],[70.9702,51.9916],[70.9702,51.9916],[70.9702,51.9916],[70.9702,51.9916],[70.9702,51.9916],[70.9702,51.9916],[70.9702,51.9916],[70.9702,51.9916],[70.9702,51.9916],[70.9702,51.9916],[70.9702,51.9916],[70.9701,51.9916],[70.9701,51.9916],[70.9701,51.9916],[70.9701,51.9916],[70.9701,51.9916],[70.9701,51.9916],[70.9701,51.9916],[70.9701,51.9916],[70.9701,51.9916],[70.9701,51.9916],[70.9701,51.9916],[70.97,51.9916],[70.97,51.9916],[70.97,51.9916],[70.97,51.9916],[70.97,51.9916],[70.97,51.9916],[70.97,51.9916],[70.97,51.9916],[70.97,51.9916],[70.968,51.9918],[70.9679,51.9925],[70.9683,51.9925],[70.9686,51.9925],[70.9696,51.9924],[70.9696,51.9924],[70.9696,51.9924],[70.9697,51.9924],[70.9697,51.9924],[70.9697,51.9924],[70.9697,51.9924],[70.9697,51.9924],[70.9697,51.9924],[70.9697,51.9924],[70.9697,51.9924],[70.9697,51.9924],[70.9697,51.9924],[70.9697,51.9924],[70.9697,51.9924],[70.9698,51.9924],[70.9698,51.9924],[70.9698,51.9924],[70.9698,51.9924],[70.9698,51.9924],[70.9698,51.9924],[70.9698,51.9924],[70.9698,51.9924],[70.9698,51.9924],[70.9698,51.9924],[70.9698,51.9924],[70.9698,51.9924],[70.9699,51.9924],[70.9699,51.9924],[70.9699,51.9924],[70.9699,51.9924],[70.9699,51.9924],[70.9699,51.9924],[70.9706,51.9922],[70.9706,51.9922],[70.9706,51.9922],[70.9706,51.9922],[70.9706,51.9922],[70.9706,51.9922],[70.9706,51.9922],[70.9707,51.9922],[70.9707,51.9922],[70.9707,51.9922],[70.9707,51.9922],[70.9707,51.9922],[70.9707,51.9922],[70.9707,51.9922],[70.9707,51.9922],[70.9707,51.9922],[70.9707,51.9922],[70.9707,51.9922],[70.9707,51.9922],[70.9708,51.9922],[70.9708,51.9922],[70.9708,51.9922],[70.9708,51.9922],[70.9708,51.9922],[70.9708,51.9922],[70.9708,51.9922],[70.9708,51.9922],[70.9708,51.9922],[70.9708,51.9922],[70.9708,51.9922],[70.9708,51.9922],[70.9709,51.9922],[70.9709,51.9922],[70.9709,51.9922],[70.9709,51.9922],[70.9709,51.9922],[70.9709,51.9922],[70.9709,51.9922],[70.9709,51.9922],[70.9709,51.9922],[70.9709,51.9922],[70.9709,51.9922],[70.9709,51.9922],[70.971,51.9922],[70.971,51.9922],[70.971,51.9922],[70.971,51.9922],[70.971,51.9921],[70.971,51.9921],[70.971,51.9921],[70.971,51.9921],[70.971,51.9921],[70.971,51.9921],[70.971,51.9921],[70.971,51.9921],[70.9711,51.9921],[70.9711,51.9921],[70.9711,51.9921],[70.9711,51.9921],[70.9711,51.9921],[70.9711,51.9921],[70.9711,51.9921],[70.9711,51.9921],[70.9711,51.9921],[70.9711,51.9921],[70.9711,51.9921]]]],"type":"MultiPolygon"},"geometry_name":"shape","id":"gp_functional_zones.fid--7752831e_19fb67eabdc_7d97","properties":{"area":1.67905895412636,"creation_doc_id":3617,"deactivation_doc_id":null,"func_zone_status_id":2,"ggk_zone_code":"11010000","ggk_zone_name":"Территория усадебной застройки","gp_func_zone_code":"11010000","gp_func_zone_code_id":19,"id":4731949,"zone_type_id":8},"type":"Feature"},{"bbox":[70.9222,51.9912,70.9237,51.993],"geometry":{"coordinates":[[[[70.9232,51.993],[70.9235,51.9917],[70.9236,51.9917],[70.9237,51.9912],[70.9237,51.9912],[70.9228,51.9912],[70.9222,51.9929],[70.9232,51.993]]]],"type":"MultiPolygon"},"geometry_name":"shape","id":"gp_functional_zones.fid--7752831e_19fb67eabdc_7d98","properties":{"area":1.25597555202537,"creation_doc_id":3617,"deactivation_doc_id":null,"func_zone_status_id":2,"ggk_zone_code":"11010000","ggk_zone_name":"Территория усадебной застройки","gp_func_zone_code":"11010000","gp_func_zone_code_id":19,"id":4731950,"zone_type_id":8},"type":"Feature"},{"bbox":[70.9564,51.9914,70.9606,51.9924],"geometry":{"coordinates":[[[[70.9605,51.9922],[70.9589,51.9916],[70.9576,51.9914],[70.9576,51.9914],[70.9576,51.9914],[70.957,51.9922],[70.9566,51.9922],[70.9565,51.9922],[70.9564,51.9922],[70.9564,51.9923],[70.9565,51.9923],[70.9566,51.9923],[70.9572,51.9923],[70.9593,51.9924],[70.9605,51.9924],[70.9606,51.9924],[70.9606,51.9924],[70.9606,51.9924],[70.9606,51.9923],[70.9606,51.9923],[70.9606,51.9923],[70.9606,51.9923],[70.9606,51.9923],[70.9606,51.9923],[70.9606,51.9923],[70.9606,51.9923],[70.9606,51.9923],[70.9606,51.9923],[70.9606,51.9923],[70.9606,51.9923],[70.9606,51.9923],[70.9606,51.9923],[70.9606,51.9922],[70.9606,51.9922],[70.9605,51.9922],[70.9605,51.9922],[70.9605,51.9922],[70.9605,51.9922]]]],"type":"MultiPolygon"},"geometry_name":"shape","id":"gp_functional_zones.fid--7752831e_19fb67eabdc_7d99","properties":{"area":1.755736330458,"creation_doc_id":3617,"deactivation_doc_id":null,"func_zone_status_id":2,"ggk_zone_code":"11010000","ggk_zone_name":"Территория усадебной застройки","gp_func_zone_code":"11010000","gp_func_zone_code_id":19,"id":4731951,"zone_type_id":8},"type":"Feature"},{"bbox":[70.9212,51.9912,70.9227,51.9929],"geometry":{"coordinates":[[[[70.9227,51.9912],[70.9219,51.9912],[70.9217,51.9917],[70.9212,51.9928],[70.9214,51.9928],[70.9221,51.9929],[70.9227,51.9912]]]],"type":"MultiPolygon"},"geometry_name":"shape","id":"gp_functional_zones.fid--7752831e_19fb67eabdc_7d9a","properties":{"area":1.0429455210538,"creation_doc_id":3617,"deactivation_doc_id":null,"func_zone_status_id":2,"ggk_zone_code":"11010000","ggk_zone_name":"Территория усадебной застройки","gp_func_zone_code":"11010000","gp_func_zone_code_id":19,"id":4731952,"zone_type_id":8},"type":"Feature"},{"bbox":[70.9543,51.9909,70.9574,51.9923],"geometry":{"coordinates":[[[70.9565,51.992],[70.9566,51.992],[70.9569,51.992],[70.9573,51.9914],[70.9574,51.9913],[70.9573,51.9913],[70.9572,51.9913],[70.9571,51.9913],[70.9571,51.9912],[70.957,51.9912],[70.9568,51.991],[70.9567,51.991],[70.9566,51.991],[70.9565,51.991],[70.9565,51.9909],[70.9564,51.9909],[70.9546,51.9909],[70.9544,51.9909],[70.9545,51.991],[70.9545,51.9911],[70.9545,51.9912],[70.9546,51.9913],[70.9546,51.9914],[70.9546,51.9916],[70.9546,51.9917],[70.9546,51.9918],[70.9546,51.9919],[70.9545,51.9919],[70.9545,51.992],[70.9545,51.9921],[70.9544,51.9921],[70.9544,51.9922],[70.9543,51.9922],[70.9554,51.9923],[70.956,51.9923],[70.956,51.9922],[70.956,51.9921],[70.956,51.992],[70.9561,51.992],[70.9562,51.992],[70.9565,51.992]]],"type":"Polygon"},"geometry_name":"shape","id":"gp_functional_zones.fid--7752831e_19fb67eabdc_7d9b","properties":{"area":2.39648733708509,"creation_doc_id":3617,"deactivation_doc_id":null,"func_zone_status_id":2,"ggk_zone_code":"11010000","ggk_zone_name":"Территория усадебной застройки","gp_func_zone_code":"11010000","gp_func_zone_code_id":19,"id":4731953,"zone_type_id":8},"type":"Feature"},{"bbox":[70.9519,51.9916,70.9541,51.9922],"geometry":{"coordinates":[[[[70.9525,51.9916],[70.9519,51.9916],[70.9519,51.9919],[70.9519,51.9922],[70.9519,51.9922],[70.9536,51.9922],[70.9539,51.9921],[70.9539,51.9921],[70.9539,51.9921],[70.9539,51.9921],[70.954,51.992],[70.954,51.992],[70.954,51.992],[70.954,51.992],[70.954,51.992],[70.954,51.992],[70.954,51.992],[70.954,51.992],[70.954,51.992],[70.954,51.992],[70.954,51.992],[70.954,51.992],[70.9541,51.992],[70.9541,51.9919],[70.9541,51.9919],[70.9541,51.9919],[70.9541,51.9919],[70.9541,51.9919],[70.9541,51.9919],[70.9541,51.9919],[70.9541,51.9919],[70.9541,51.9919],[70.9541,51.9919],[70.9541,51.9919],[70.9541,51.9918],[70.9541,51.9918],[70.9541,51.9918],[70.9541,51.9918],[70.9541,51.9918],[70.9541,51.9918],[70.9541,51.9918],[70.9539,51.9918],[70.9534,51.9917],[70.9525,51.9916]]]],"type":"MultiPolygon"},"geometry_name":"shape","id":"gp_functional_zones.fid--7752831e_19fb67eabdc_7d9c","properties":{"area":0.815704103797837,"creation_doc_id":3617,"deactivation_doc_id":null,"func_zone_status_id":2,"ggk_zone_code":"11010000","ggk_zone_name":"Территория усадебной застройки","gp_func_zone_code":"11010000","gp_func_zone_code_id":19,"id":4731954,"zone_type_id":8},"type":"Feature"},{"bbox":[70.948,51.9909,70.9518,51.9922],"geometry":{"coordinates":[[[[70.9518,51.9909],[70.9484,51.9909],[70.9484,51.9911],[70.9484,51.9911],[70.9483,51.9911],[70.948,51.9921],[70.9481,51.9921],[70.9481,51.9921],[70.9487,51.9921],[70.949,51.9921],[70.9508,51.9921],[70.9509,51.9921],[70.9517,51.9922],[70.9518,51.9912],[70.9518,51.9912],[70.9518,51.9909]]]],"type":"MultiPolygon"},"geometry_name":"shape","id":"gp_functional_zones.fid--7752831e_19fb67eabdc_7d9d","properties":{"area":3.21201334367648,"creation_doc_id":3617,"deactivation_doc_id":null,"func_zone_status_id":2,"ggk_zone_code":"11010000","ggk_zone_name":"Территория усадебной застройки","gp_func_zone_code":"11010000","gp_func_zone_code_id":19,"id":4731955,"zone_type_id":8},"type":"Feature"},{"bbox":[70.9442,51.9916,70.9446,51.992],"geometry":{"coordinates":[[[[70.9446,51.9916],[70.9442,51.9916],[70.9442,51.9916],[70.9442,51.9916],[70.9442,51.9916],[70.9442,51.9916],[70.9442,51.9916],[70.9442,51.9916],[70.9442,51.9916],[70.9442,51.992],[70.9446,51.992],[70.9446,51.9916]]]],"type":"MultiPolygon"},"geometry_name":"shape","id":"gp_functional_zones.fid--7752831e_19fb67eabdc_7d9e","properties":{"area":0.116679351815553,"creation_doc_id":3617,"deactivation_doc_id":null,"func_zone_status_id":2,"ggk_zone_code":"11010000","ggk_zone_name":"Территория усадебной застройки","gp_func_zone_code":"11010000","gp_func_zone_code_id":19,"id":4731956,"zone_type_id":8},"type":"Feature"},{"bbox":[70.9419,51.9911,70.9439,51.992],"geometry":{"coordinates":[[[[70.9431,51.9913],[70.9431,51.9911],[70.9425,51.9911],[70.9425,51.9911],[70.9424,51.9912],[70.942,51.9912],[70.9419,51.9919],[70.9439,51.992],[70.9439,51.992],[70.9438,51.9915],[70.9437,51.9916],[70.9437,51.9913],[70.9431,51.9913]]]],"type":"MultiPolygon"},"geometry_name":"shape","id":"gp_functional_zones.fid--7752831e_19fb67eabdc_7d9f","properties":{"area":1.07577208083623,"creation_doc_id":3617,"deactivation_doc_id":null,"func_zone_status_id":2,"ggk_zone_code":"11010000","ggk_zone_name":"Территория усадебной застройки","gp_func_zone_code":"11010000","gp_func_zone_code_id":19,"id":4731957,"zone_type_id":8},"type":"Feature"},{"bbox":[70.968,51.9904,70.9704,51.9916],"geometry":{"coordinates":[[[[70.9704,51.9914],[70.9694,51.9904],[70.9693,51.9905],[70.9693,51.9905],[70.9693,51.9905],[70.9693,51.9905],[70.9693,51.9905],[70.9693,51.9905],[70.9693,51.9905],[70.9693,51.9905],[70.9693,51.9905],[70.9693,51.9905],[70.9693,51.9905],[70.9693,51.9905],[70.9693,51.9905],[70.9693,51.9905],[70.9693,51.9905],[70.9693,51.9905],[70.9692,51.9905],[70.9692,51.9905],[70.9692,51.9905],[70.9692,51.9905],[70.9692,51.9905],[70.9692,51.9905],[70.9692,51.9905],[70.9692,51.9905],[70.9692,51.9905],[70.9692,51.9905],[70.9692,51.9905],[70.9692,51.9905],[70.9692,51.9905],[70.9692,51.9905],[70.9692,51.9905],[70.9692,51.9905],[70.9692,51.9905],[70.9692,51.9905],[70.9692,51.9905],[70.9692,51.9905],[70.9692,51.9905],[70.9692,51.9905],[70.9692,51.9905],[70.9691,51.9905],[70.9691,51.9905],[70.9691,51.9905],[70.9691,51.9905],[70.9691,51.9905],[70.9691,51.9905],[70.9691,51.9905],[70.9691,51.9905],[70.9691,51.9905],[70.9691,51.9905],[70.9691,51.9905],[70.9691,51.9905],[70.9691,51.9905],[70.9691,51.9905],[70.9691,51.9905],[70.9691,51.9905],[70.9691,51.9905],[70.9691,51.9905],[70.9691,51.9905],[70.9691,51.9905],[70.9691,51.9905],[70.9691,51.9905],[70.9691,51.9905],[70.969,51.9906],[70.969,51.9906],[70.969,51.9906],[70.969,51.9906],[70.969,51.9906],[70.969,51.9906],[70.969,51.9906],[70.969,51.9906],[70.969,51.9906],[70.969,51.9906],[70.969,51.9906],[70.969,51.9906],[70.969,51.9906],[70.969,51.9906],[70.969,51.9906],[70.969,51.9906],[70.969,51.9906],[70.969,51.9906],[70.969,51.9906],[70.969,51.9906],[70.969,51.9906],[70.969,51.9906],[70.9689,51.9906],[70.9689,51.9906],[70.9689,51.9906],[70.9689,51.9906],[70.9689,51.9906],[70.9689,51.9906],[70.9689,51.9906],[70.9689,51.9906],[70.9689,51.9906],[70.9689,51.9906],[70.9689,51.9906],[70.9689,51.9906],[70.9689,51.9906],[70.9689,51.9906],[70.9689,51.9906],[70.9689,51.9906],[70.9689,51.9906],[70.9689,51.9906],[70.9689,51.9906],[70.9689,51.9906],[70.9689,51.9906],[70.9689,51.9906],[70.9688,51.9906],[70.9688,51.9906],[70.9688,51.9906],[70.9688,51.9906],[70.9688,51.9906],[70.9688,51.9906],[70.9688,51.9906],[70.9688,51.9906],[70.9688,51.9906],[70.9688,51.9906],[70.9688,51.9906],[70.9688,51.9906],[70.9688,51.9906],[70.9688,51.9906],[70.9688,51.9906],[70.9688,51.9906],[70.9688,51.9906],[70.9688,51.9906],[70.9688,51.9906],[70.9688,51.9906],[70.9688,51.9906],[70.9687,51.9906],[70.9687,51.9906],[70.9687,51.9906],[70.9687,51.9906],[70.9687,51.9906],[70.9687,51.9906],[70.9687,51.9906],[70.9687,51.9906],[70.9687,51.9906],[70.9687,51.9906],[70.9687,51.9906],[70.9687,51.9906],[70.9687,51.9906],[70.9687,51.9906],[70.9687,51.9906],[70.9687,51.9906],[70.9687,51.9906],[70.9687,51.9906],[70.9687,51.9906],[70.9687,51.9906],[70.9687,51.9906],[70.9686,51.9906],[70.9686,51.9906],[70.9686,51.9906],[70.9686,51.9906],[70.9686,51.9906],[70.9686,51.9906],[70.9686,51.9906],[70.9686,51.9906],[70.9686,51.9906],[70.9686,51.9906],[70.9686,51.9906],[70.9686,51.9906],[70.9686,51.9906],[70.9686,51.9906],[70.9686,51.9906],[70.9686,51.9906],[70.9686,51.9906],[70.9686,51.9906],[70.9686,51.9906],[70.9686,51.9906],[70.9686,51.9906],[70.9685,51.9906],[70.9685,51.9906],[70.9685,51.9906],[70.9685,51.9906],[70.9685,51.9906],[70.9685,51.9906],[70.9685,51.9907],[70.9685,51.9907],[70.9685,51.9907],[70.9685,51.9907],[70.9685,51.9907],[70.9685,51.9907],[70.9685,51.9907],[70.9685,51.9907],[70.9685,51.9907],[70.9685,51.9907],[70.9685,51.9907],[70.9685,51.9907],[70.9685,51.9907],[70.9685,51.9907],[70.9684,51.9907],[70.9684,51.9907],[70.9684,51.9907],[70.9684,51.9907],[70.9684,51.9907],[70.9684,51.9907],[70.9684,51.9907],[70.9684,51.9907],[70.9684,51.9907],[70.9684,51.9907],[70.9684,51.9907],[70.9684,51.9907],[70.9684,51.9907],[70.9684,51.9907],[70.9684,51.9907],[70.9684,51.9907],[70.9684,51.9907],[70.9684,51.9907],[70.9684,51.9907],[70.9684,51.9907],[70.9683,51.9907],[70.9683,51.9907],[70.9683,51.9907],[70.9683,51.9907],[70.9683,51.9907],[70.9683,51.9907],[70.9683,51.9907],[70.9683,51.9907],[70.9683,51.9907],[70.9683,51.9907],[70.9683,51.9907],[70.9683,51.9907],[70.9683,51.9907],[70.9683,51.9907],[70.9683,51.9907],[70.9683,51.9907],[70.9683,51.9907],[70.9683,51.9907],[70.9683,51.9907],[70.9683,51.9907],[70.9683,51.9907],[70.9682,51.9907],[70.9682,51.9907],[70.9682,51.9907],[70.9682,51.9907],[70.9682,51.9907],[70.9682,51.9907],[70.9682,51.9907],[70.9682,51.9907],[70.9682,51.9907],[70.9682,51.9907],[70.9682,51.9907],[70.9682,51.9907],[70.9682,51.9907],[70.9682,51.9907],[70.9682,51.9907],[70.9682,51.9907],[70.9682,51.9907],[70.9682,51.9907],[70.9682,51.9907],[70.9682,51.9907],[70.9682,51.9907],[70.9681,51.9907],[70.9681,51.9907],[70.9681,51.9907],[70.9681,51.9907],[70.9681,51.9907],[70.9681,51.9907],[70.9681,51.9907],[70.968,51.9907],[70.968,51.9907],[70.968,51.9907],[70.968,51.9907],[70.968,51.9907],[70.968,51.9907],[70.968,51.9907],[70.968,51.9907],[70.968,51.9907],[70.968,51.9907],[70.968,51.9907],[70.968,51.9907],[70.968,51.9907],[70.968,51.9907],[70.968,51.9907],[70.968,51.9907],[70.968,51.9907],[70.968,51.9916],[70.9699,51.9914],[70.9699,51.9914],[70.9699,51.9914],[70.97,51.9914],[70.97,51.9914],[70.97,51.9914],[70.97,51.9914],[70.97,51.9914],[70.97,51.9914],[70.97,51.9914],[70.97,51.9914],[70.97,51.9914],[70.97,51.9914],[70.97,51.9914],[70.97,51.9914],[70.97,51.9914],[70.97,51.9914],[70.9701,51.9914],[70.9701,51.9914],[70.9701,51.9914],[70.9701,51.9914],[70.9701,51.9914],[70.9701,51.9914],[70.9701,51.9914],[70.9701,51.9914],[70.9701,51.9914],[70.9701,51.9914],[70.9701,51.9914],[70.9701,51.9914],[70.9701,51.9914],[70.9702,51.9914],[70.9702,51.9914],[70.9702,51.9914],[70.9702,51.9914],[70.9702,51.9914],[70.9702,51.9914],[70.9702,51.9914],[70.9702,51.9914],[70.9702,51.9914],[70.9702,51.9914],[70.9702,51.9914],[70.9702,51.9914],[70.9702,51.9914],[70.9702,51.9914],[70.9702,51.9914],[70.9703,51.9914],[70.9703,51.9914],[70.9703,51.9914],[70.9703,51.9914],[70.9703,51.9914],[70.9703,51.9914],[70.9703,51.9914],[70.9703,51.9914],[70.9703,51.9914],[70.9703,51.9914],[70.9703,51.9914],[70.9703,51.9914],[70.9703,51.9914],[70.9703,51.9914],[70.9704,51.9914],[70.9704,51.9914],[70.9704,51.9914],[70.9704,51.9914],[70.9704,51.9914],[70.9704,51.9914]]]],"type":"MultiPolygon"},"geometry_name":"shape","id":"gp_functional_zones.fid--7752831e_19fb67eabdc_7da0","properties":{"area":1.42071365630361,"creation_doc_id":3617,"deactivation_doc_id":null,"func_zone_status_id":2,"ggk_zone_code":"11010000","ggk_zone_name":"Территория усадебной застройки","gp_func_zone_code":"11010000","gp_func_zone_code_id":19,"id":4731958,"zone_type_id":8},"type":"Feature"},{"bbox":[70.9391,51.9905,70.9418,51.9919],"geometry":{"coordinates":[[[[70.9395,51.9906],[70.9392,51.9905],[70.9392,51.9906],[70.9392,51.9906],[70.9392,51.9906],[70.9392,51.9906],[70.9392,51.9906],[70.9392,51.9906],[70.9392,51.9906],[70.9392,51.9906],[70.9392,51.9906],[70.9392,51.9906],[70.9392,51.9906],[70.9392,51.9906],[70.9392,51.9906],[70.9392,51.9906],[70.9392,51.9906],[70.9392,51.9906],[70.9392,51.9906],[70.9392,51.9907],[70.9392,51.9907],[70.9392,51.9907],[70.9392,51.9907],[70.9392,51.9907],[70.9392,51.9907],[70.9392,51.9907],[70.9392,51.9907],[70.9392,51.9907],[70.9392,51.9907],[70.9392,51.9907],[70.9392,51.9907],[70.9392,51.9907],[70.9392,51.9907],[70.9392,51.9907],[70.9392,51.9907],[70.9392,51.991],[70.9392,51.9911],[70.9392,51.9913],[70.9392,51.9913],[70.9392,51.9913],[70.9392,51.9913],[70.9392,51.9913],[70.9392,51.9913],[70.9392,51.9913],[70.9392,51.9913],[70.9392,51.9913],[70.9392,51.9913],[70.9392,51.9913],[70.9392,51.9913],[70.9392,51.9913],[70.9392,51.9913],[70.9392,51.9913],[70.9392,51.9913],[70.9392,51.9913],[70.9392,51.9913],[70.9392,51.9913],[70.9392,51.9913],[70.9392,51.9913],[70.9392,51.9913],[70.9392,51.9913],[70.9392,51.9913],[70.9392,51.9913],[70.9392,51.9913],[70.9392,51.9914],[70.9392,51.9914],[70.9392,51.9914],[70.9392,51.9914],[70.9392,51.9914],[70.9392,51.9914],[70.9392,51.9914],[70.9392,51.9914],[70.9392,51.9914],[70.9392,51.9914],[70.9392,51.9914],[70.9392,51.9914],[70.9392,51.9914],[70.9392,51.9914],[70.9392,51.9914],[70.9392,51.9914],[70.9392,51.9914],[70.9392,51.9914],[70.9392,51.9914],[70.9392,51.9914],[70.9392,51.9914],[70.9392,51.9914],[70.9392,51.9914],[70.9392,51.9914],[70.9392,51.9914],[70.9392,51.9914],[70.9392,51.9914],[70.9392,51.9914],[70.9392,51.9914],[70.9392,51.9915],[70.9392,51.9915],[70.9392,51.9915],[70.9392,51.9915],[70.9392,51.9915],[70.9392,51.9915],[70.9392,51.9915],[70.9392,51.9915],[70.9392,51.9915],[70.9392,51.9915],[70.9392,51.9915],[70.9392,51.9915],[70.9392,51.9915],[70.9392,51.9915],[70.9392,51.9915],[70.9392,51.9915],[70.9392,51.9915],[70.9392,51.9915],[70.9392,51.9915],[70.9392,51.9915],[70.9392,51.9915],[70.9392,51.9915],[70.9392,51.9915],[70.9392,51.9915],[70.9392,51.9915],[70.9392,51.9915],[70.9392,51.9915],[70.9392,51.9915],[70.9392,51.9916],[70.9392,51.9916],[70.9392,51.9916],[70.9392,51.9916],[70.9392,51.9916],[70.9391,51.9916],[70.9391,51.9916],[70.9391,51.9916],[70.9391,51.9916],[70.9391,51.9916],[70.9391,51.9916],[70.9391,51.9916],[70.9391,51.9916],[70.9391,51.9916],[70.9391,51.9916],[70.9391,51.9916],[70.9391,51.9916],[70.9391,51.9916],[70.9391,51.9916],[70.9391,51.9916],[70.9391,51.9916],[70.9391,51.9916],[70.9391,51.9916],[70.9391,51.9916],[70.9391,51.9916],[70.9391,51.9916],[70.9391,51.9917],[70.9391,51.9917],[70.9391,51.9917],[70.9391,51.9917],[70.9391,51.9917],[70.9391,51.9917],[70.9391,51.9917],[70.9391,51.9917],[70.9391,51.9917],[70.9391,51.9917],[70.9391,51.9917],[70.9391,51.9917],[70.9391,51.9917],[70.9391,51.9917],[70.9391,51.9917],[70.9391,51.9917],[70.9391,51.9917],[70.9391,51.9919],[70.9417,51.9919],[70.9417,51.9916],[70.9418,51.9909],[70.9413,51.9908],[70.9402,51.9907],[70.9395,51.9906]]]],"type":"MultiPolygon"},"geometry_name":"shape","id":"gp_functional_zones.fid--7752831e_19fb67eabdc_7da1","properties":{"area":2.2866118721528,"creation_doc_id":3617,"deactivation_doc_id":null,"func_zone_status_id":2,"ggk_zone_code":"11010000","ggk_zone_name":"Территория усадебной застройки","gp_func_zone_code":"11010000","gp_func_zone_code_id":19,"id":4731960,"zone_type_id":8},"type":"Feature"},{"bbox":[70.9359,51.9901,70.939,51.9919],"geometry":{"coordinates":[[[[70.939,51.9904],[70.9359,51.9901],[70.9359,51.9904],[70.936,51.9909],[70.936,51.9909],[70.936,51.9909],[70.936,51.9909],[70.936,51.9909],[70.936,51.9909],[70.936,51.991],[70.936,51.991],[70.936,51.991],[70.936,51.991],[70.936,51.991],[70.936,51.991],[70.936,51.991],[70.936,51.991],[70.936,51.991],[70.936,51.991],[70.936,51.991],[70.936,51.991],[70.936,51.991],[70.936,51.991],[70.936,51.991],[70.936,51.991],[70.936,51.9911],[70.936,51.9911],[70.936,51.9911],[70.936,51.9911],[70.936,51.9911],[70.936,51.9911],[70.936,51.9911],[70.936,51.9911],[70.936,51.9911],[70.936,51.9911],[70.936,51.9911],[70.936,51.9911],[70.936,51.9911],[70.936,51.9911],[70.936,51.9911],[70.936,51.9912],[70.936,51.9912],[70.936,51.9912],[70.936,51.9912],[70.936,51.9912],[70.936,51.9912],[70.936,51.9912],[70.936,51.9912],[70.936,51.9912],[70.936,51.9912],[70.936,51.9912],[70.936,51.9912],[70.936,51.9912],[70.936,51.9912],[70.936,51.9912],[70.936,51.9913],[70.936,51.9913],[70.936,51.9913],[70.936,51.9913],[70.936,51.9913],[70.936,51.9913],[70.936,51.9913],[70.936,51.9913],[70.936,51.9913],[70.936,51.9913],[70.936,51.9913],[70.936,51.9913],[70.936,51.9913],[70.936,51.9913],[70.936,51.9913],[70.936,51.9914],[70.936,51.9914],[70.936,51.9914],[70.936,51.9914],[70.936,51.9914],[70.936,51.9914],[70.936,51.9914],[70.936,51.9914],[70.936,51.9914],[70.936,51.9914],[70.936,51.9914],[70.936,51.9914],[70.936,51.9914],[70.936,51.9914],[70.936,51.9915],[70.936,51.9915],[70.936,51.9915],[70.936,51.9915],[70.936,51.9915],[70.936,51.9915],[70.936,51.9915],[70.936,51.9915],[70.936,51.9915],[70.936,51.9915],[70.936,51.9915],[70.936,51.9915],[70.936,51.9915],[70.936,51.9915],[70.936,51.9916],[70.936,51.9916],[70.936,51.9916],[70.936,51.9916],[70.936,51.9916],[70.936,51.9916],[70.936,51.9916],[70.936,51.9916],[70.936,51.9916],[70.936,51.9916],[70.936,51.9916],[70.936,51.9916],[70.936,51.9916],[70.936,51.9916],[70.936,51.9916],[70.936,51.9917],[70.936,51.9917],[70.936,51.9917],[70.936,51.9917],[70.936,51.9917],[70.936,51.9917],[70.936,51.9917],[70.936,51.9917],[70.936,51.9917],[70.936,51.9917],[70.936,51.9917],[70.936,51.9917],[70.936,51.9917],[70.936,51.9917],[70.936,51.9917],[70.936,51.9918],[70.936,51.9918],[70.936,51.9918],[70.936,51.9918],[70.936,51.9918],[70.9374,51.9918],[70.9389,51.9919],[70.9389,51.9917],[70.9389,51.9917],[70.9389,51.9917],[70.9389,51.9917],[70.9389,51.9917],[70.9389,51.9917],[70.9389,51.9917],[70.9389,51.9917],[70.9389,51.9916],[70.9389,51.9916],[70.9389,51.9916],[70.9389,51.9916],[70.9389,51.9916],[70.9389,51.9916],[70.9389,51.9916],[70.9389,51.9916],[70.9389,51.9916],[70.9389,51.9916],[70.9389,51.9916],[70.9389,51.9916],[70.9389,51.9916],[70.9389,51.9916],[70.9389,51.9915],[70.9389,51.9915],[70.9389,51.9915],[70.9389,51.9915],[70.9389,51.9915],[70.9389,51.9915],[70.9389,51.9915],[70.9389,51.9915],[70.9389,51.9915],[70.9389,51.9915],[70.9389,51.9915],[70.9389,51.9915],[70.9389,51.9915],[70.9389,51.9915],[70.9389,51.9914],[70.939,51.9914],[70.939,51.9914],[70.939,51.9914],[70.939,51.9914],[70.939,51.9914],[70.939,51.9914],[70.939,51.9914],[70.939,51.9914],[70.939,51.9914],[70.939,51.9914],[70.939,51.9914],[70.939,51.9914],[70.939,51.9914],[70.939,51.9914],[70.939,51.9913],[70.939,51.9913],[70.939,51.9913],[70.939,51.9913],[70.939,51.9913],[70.939,51.9913],[70.939,51.9913],[70.939,51.9913],[70.939,51.9913],[70.939,51.9913],[70.939,51.9913],[70.939,51.9913],[70.939,51.9913],[70.939,51.9913],[70.939,51.9911],[70.939,51.991],[70.939,51.9907],[70.939,51.9907],[70.939,51.9907],[70.939,51.9907],[70.939,51.9907],[70.939,51.9907],[70.939,51.9907],[70.939,51.9907],[70.939,51.9907],[70.939,51.9907],[70.939,51.9907],[70.939,51.9907],[70.939,51.9907],[70.939,51.9907],[70.939,51.9907],[70.939,51.9907],[70.939,51.9906],[70.939,51.9906],[70.939,51.9906],[70.939,51.9906],[70.939,51.9906],[70.939,51.9906],[70.939,51.9906],[70.939,51.9906],[70.939,51.9906],[70.939,51.9906],[70.939,51.9906],[70.939,51.9906],[70.939,51.9906],[70.939,51.9906],[70.939,51.9906],[70.939,51.9906],[70.939,51.9906],[70.939,51.9904]]]],"type":"MultiPolygon"},"geometry_name":"shape","id":"gp_functional_zones.fid--7752831e_19fb67eabdc_7da2","properties":{"area":3.50314175700606,"creation_doc_id":3617,"deactivation_doc_id":null,"func_zone_status_id":2,"ggk_zone_code":"11010000","ggk_zone_name":"Территория усадебной застройки","gp_func_zone_code":"11010000","gp_func_zone_code_id":19,"id":4731961,"zone_type_id":8},"type":"Feature"},{"bbox":[70.9289,51.9899,70.9358,51.9918],"geometry":{"coordinates":[[[[70.9339,51.9912],[70.934,51.9904],[70.9349,51.9905],[70.9349,51.9901],[70.9346,51.99],[70.9346,51.99],[70.9346,51.99],[70.9346,51.99],[70.9345,51.99],[70.9345,51.99],[70.9345,51.99],[70.9345,51.99],[70.9345,51.99],[70.9344,51.99],[70.9344,51.99],[70.9344,51.99],[70.9344,51.99],[70.9344,51.99],[70.9343,51.99],[70.9343,51.99],[70.9343,51.99],[70.9337,51.99],[70.9336,51.99],[70.9329,51.99],[70.9327,51.99],[70.9326,51.99],[70.9304,51.99],[70.9303,51.99],[70.93,51.9899],[70.9289,51.9899],[70.929,51.991],[70.929,51.9916],[70.93,51.9916],[70.9301,51.9916],[70.9301,51.9916],[70.9301,51.9916],[70.9301,51.9916],[70.9338,51.9917],[70.9339,51.9917],[70.935,51.9918],[70.9351,51.9918],[70.9355,51.9918],[70.9358,51.9918],[70.9358,51.9918],[70.9358,51.9917],[70.9358,51.9917],[70.9358,51.9917],[70.9358,51.9917],[70.9358,51.9917],[70.9358,51.9917],[70.9358,51.9917],[70.9358,51.9917],[70.9358,51.9916],[70.9358,51.9916],[70.9358,51.9916],[70.9358,51.9916],[70.9358,51.9916],[70.9358,51.9916],[70.9358,51.9916],[70.9358,51.9915],[70.9358,51.9915],[70.9358,51.9915],[70.9358,51.9915],[70.9358,51.9915],[70.9358,51.9915],[70.9358,51.9915],[70.9358,51.9915],[70.9358,51.9914],[70.9358,51.9914],[70.9339,51.9914],[70.9339,51.9912]]]],"type":"MultiPolygon"},"geometry_name":"shape","id":"gp_functional_zones.fid--7752831e_19fb67eabdc_7da3","properties":{"area":7.17686483477814,"creation_doc_id":3617,"deactivation_doc_id":null,"func_zone_status_id":2,"ggk_zone_code":"11010000","ggk_zone_name":"Территория усадебной застройки","gp_func_zone_code":"11010000","gp_func_zone_code_id":19,"id":4731962,"zone_type_id":8},"type":"Feature"},{"bbox":[70.9609,51.9907,70.9617,51.9912],"geometry":{"coordinates":[[[[70.9617,51.9907],[70.9609,51.9907],[70.9609,51.9911],[70.9617,51.9912],[70.9617,51.9907]]]],"type":"MultiPolygon"},"geometry_name":"shape","id":"gp_functional_zones.fid--7752831e_19fb67eabdc_7da4","properties":{"area":0.26608388709929,"creation_doc_id":3617,"deactivation_doc_id":null,"func_zone_status_id":2,"ggk_zone_code":"11010000","ggk_zone_name":"Территория усадебной застройки","gp_func_zone_code":"11010000","gp_func_zone_code_id":19,"id":4731963,"zone_type_id":8},"type":"Feature"},{"bbox":[70.9257,51.9899,70.9288,51.9917],"geometry":{"coordinates":[[[[70.9287,51.9899],[70.9271,51.9899],[70.9266,51.9905],[70.9266,51.9905],[70.9263,51.9908],[70.9263,51.9908],[70.9263,51.9908],[70.9263,51.9908],[70.9263,51.9908],[70.9263,51.9908],[70.9263,51.9908],[70.9263,51.9908],[70.9263,51.9908],[70.9263,51.9908],[70.9263,51.9908],[70.9263,51.9908],[70.9263,51.9908],[70.9263,51.9908],[70.9263,51.9908],[70.9263,51.9908],[70.9263,51.9908],[70.9263,51.9908],[70.9263,51.9908],[70.9263,51.9908],[70.9262,51.9908],[70.9262,51.9909],[70.9262,51.9909],[70.9262,51.9909],[70.9262,51.9909],[70.9262,51.9909],[70.9262,51.9909],[70.9262,51.9909],[70.9262,51.9909],[70.9262,51.9909],[70.9262,51.9909],[70.9262,51.9909],[70.9262,51.9909],[70.9262,51.9909],[70.9262,51.9909],[70.9262,51.9909],[70.9262,51.9909],[70.9262,51.9909],[70.9262,51.9909],[70.9262,51.9909],[70.9262,51.9909],[70.9262,51.9909],[70.9262,51.9909],[70.9262,51.9909],[70.9262,51.9909],[70.9262,51.9909],[70.9262,51.9909],[70.9262,51.9909],[70.9262,51.991],[70.9262,51.991],[70.9262,51.991],[70.9262,51.991],[70.9262,51.991],[70.9262,51.991],[70.9262,51.991],[70.9262,51.991],[70.9261,51.991],[70.9261,51.991],[70.9261,51.991],[70.9261,51.991],[70.9261,51.991],[70.9261,51.991],[70.9261,51.991],[70.9261,51.991],[70.9261,51.991],[70.9259,51.9914],[70.9257,51.9917],[70.9288,51.9916],[70.9288,51.991],[70.9288,51.9905],[70.9288,51.9905],[70.9287,51.9899]]]],"type":"MultiPolygon"},"geometry_name":"shape","id":"gp_functional_zones.fid--7752831e_19fb67eabdc_7da5","properties":{"area":3.2174849382105,"creation_doc_id":3617,"deactivation_doc_id":null,"func_zone_status_id":2,"ggk_zone_code":"11010000","ggk_zone_name":"Территория усадебной застройки","gp_func_zone_code":"11010000","gp_func_zone_code_id":19,"id":4731964,"zone_type_id":8},"type":"Feature"},{"bbox":[70.9244,51.9897,70.9268,51.9917],"geometry":{"coordinates":[[[[70.925,51.9897],[70.925,51.9897],[70.9246,51.9908],[70.9244,51.9916],[70.9254,51.9917],[70.9259,51.991],[70.9259,51.9909],[70.9259,51.9909],[70.9259,51.9909],[70.9259,51.9909],[70.9259,51.9909],[70.9259,51.9909],[70.9259,51.9909],[70.9259,51.9909],[70.9259,51.9909],[70.9259,51.9909],[70.9259,51.9909],[70.9259,51.9909],[70.9259,51.9909],[70.9259,51.9909],[70.9259,51.9909],[70.9259,51.9909],[70.9259,51.9909],[70.9259,51.9909],[70.9259,51.9909],[70.9259,51.9909],[70.9259,51.9909],[70.9259,51.9909],[70.9259,51.9909],[70.9259,51.9908],[70.9259,51.9908],[70.9259,51.9908],[70.9259,51.9908],[70.9259,51.9908],[70.9259,51.9908],[70.9259,51.9908],[70.9259,51.9908],[70.926,51.9908],[70.926,51.9908],[70.926,51.9908],[70.926,51.9908],[70.926,51.9908],[70.926,51.9908],[70.926,51.9908],[70.926,51.9908],[70.926,51.9908],[70.926,51.9908],[70.926,51.9908],[70.926,51.9908],[70.926,51.9908],[70.926,51.9908],[70.926,51.9908],[70.926,51.9908],[70.926,51.9907],[70.926,51.9907],[70.926,51.9907],[70.926,51.9907],[70.926,51.9907],[70.926,51.9907],[70.926,51.9907],[70.926,51.9907],[70.926,51.9907],[70.926,51.9907],[70.926,51.9907],[70.926,51.9907],[70.926,51.9907],[70.926,51.9907],[70.9261,51.9907],[70.9261,51.9907],[70.9261,51.9907],[70.9268,51.9899],[70.9261,51.9898],[70.926,51.9898],[70.926,51.9898],[70.926,51.9898],[70.926,51.9898],[70.926,51.9898],[70.926,51.9898],[70.926,51.9898],[70.926,51.9898],[70.926,51.9898],[70.926,51.9898],[70.926,51.9898],[70.926,51.9898],[70.926,51.9898],[70.926,51.9898],[70.926,51.9898],[70.926,51.9898],[70.9259,51.9898],[70.9259,51.9898],[70.9259,51.9898],[70.9259,51.9898],[70.9259,51.9898],[70.9259,51.9898],[70.9259,51.9898],[70.9259,51.9898],[70.9259,51.9898],[70.9259,51.9898],[70.9259,51.9898],[70.9259,51.9898],[70.9259,51.9898],[70.9259,51.9898],[70.9259,51.9898],[70.9258,51.9898],[70.925,51.9897]]]],"type":"MultiPolygon"},"geometry_name":"shape","id":"gp_functional_zones.fid--7752831e_19fb67eabdc_7da6","properties":{"area":2.05195547361061,"creation_doc_id":3617,"deactivation_doc_id":null,"func_zone_status_id":2,"ggk_zone_code":"11010000","ggk_zone_name":"Территория усадебной застройки","gp_func_zone_code":"11010000","gp_func_zone_code_id":19,"id":4731965,"zone_type_id":8},"type":"Feature"},{"bbox":[70.9576,51.9905,70.9606,51.9911],"geometry":{"coordinates":[[[[70.9581,51.9905],[70.9576,51.9905],[70.9576,51.9906],[70.9577,51.9908],[70.959,51.9909],[70.9592,51.991],[70.9599,51.991],[70.9606,51.9911],[70.9606,51.9907],[70.9605,51.9907],[70.9595,51.9906],[70.9592,51.9906],[70.9581,51.9905]]]],"type":"MultiPolygon"},"geometry_name":"shape","id":"gp_functional_zones.fid--7752831e_19fb67eabdc_7da7","properties":{"area":0.726253026453535,"creation_doc_id":3617,"deactivation_doc_id":null,"func_zone_status_id":2,"ggk_zone_code":"11010000","ggk_zone_name":"Территория усадебной застройки","gp_func_zone_code":"11010000","gp_func_zone_code_id":19,"id":4731966,"zone_type_id":8},"type":"Feature"},{"bbox":[70.9609,51.9891,70.9618,51.9906],"geometry":{"coordinates":[[[[70.9618,51.9891],[70.9614,51.9891],[70.9614,51.9897],[70.9609,51.9901],[70.9609,51.9903],[70.9609,51.9906],[70.9617,51.9906],[70.9617,51.9904],[70.9618,51.99],[70.9618,51.9894],[70.9618,51.9891]]]],"type":"MultiPolygon"},"geometry_name":"shape","id":"gp_functional_zones.fid--7752831e_19fb67eabdc_7da8","properties":{"area":0.681586144603793,"creation_doc_id":3617,"deactivation_doc_id":null,"func_zone_status_id":2,"ggk_zone_code":"11010000","ggk_zone_name":"Территория усадебной застройки","gp_func_zone_code":"11010000","gp_func_zone_code_id":19,"id":4731967,"zone_type_id":8},"type":"Feature"},{"bbox":[70.9675,51.9891,70.9693,51.9905],"geometry":{"coordinates":[[[[70.9683,51.9905],[70.9684,51.9905],[70.9684,51.9905],[70.9684,51.9905],[70.9684,51.9905],[70.9684,51.9905],[70.9684,51.9905],[70.9684,51.9905],[70.9684,51.9905],[70.9684,51.9905],[70.9684,51.9905],[70.9684,51.9905],[70.9684,51.9905],[70.9685,51.9905],[70.9685,51.9905],[70.9685,51.9905],[70.9685,51.9905],[70.9685,51.9905],[70.9685,51.9905],[70.9685,51.9905],[70.9685,51.9905],[70.9685,51.9904],[70.9685,51.9904],[70.9685,51.9904],[70.9685,51.9904],[70.9686,51.9904],[70.9686,51.9904],[70.9686,51.9904],[70.9686,51.9904],[70.9686,51.9904],[70.9686,51.9904],[70.9686,51.9904],[70.9686,51.9904],[70.9686,51.9904],[70.9686,51.9904],[70.9686,51.9904],[70.9686,51.9904],[70.9687,51.9904],[70.9687,51.9904],[70.9687,51.9904],[70.9687,51.9904],[70.9687,51.9904],[70.9687,51.9904],[70.9687,51.9904],[70.9687,51.9904],[70.9687,51.9904],[70.9687,51.9904],[70.9687,51.9904],[70.9687,51.9904],[70.9687,51.9904],[70.9688,51.9904],[70.9688,51.9904],[70.9688,51.9904],[70.9688,51.9904],[70.9688,51.9904],[70.9688,51.9904],[70.9688,51.9904],[70.9688,51.9904],[70.9688,51.9904],[70.9688,51.9904],[70.9688,51.9904],[70.9688,51.9904],[70.9689,51.9904],[70.9689,51.9904],[70.9689,51.9904],[70.9689,51.9904],[70.9689,51.9904],[70.9689,51.9904],[70.9689,51.9904],[70.9689,51.9904],[70.9689,51.9904],[70.9689,51.9904],[70.9689,51.9904],[70.9689,51.9904],[70.9689,51.9904],[70.969,51.9904],[70.969,51.9904],[70.969,51.9904],[70.969,51.9904],[70.969,51.9904],[70.969,51.9903],[70.969,51.9903],[70.969,51.9903],[70.969,51.9903],[70.969,51.9903],[70.969,51.9903],[70.969,51.9903],[70.969,51.9903],[70.969,51.9903],[70.9691,51.9903],[70.9691,51.9903],[70.9691,51.9903],[70.9691,51.9903],[70.9691,51.9903],[70.9691,51.9903],[70.9691,51.9903],[70.9691,51.9903],[70.9691,51.9903],[70.9691,51.9903],[70.9691,51.9903],[70.9691,51.9903],[70.9691,51.9903],[70.9693,51.9902],[70.9683,51.9893],[70.9682,51.9891],[70.9675,51.9891],[70.9675,51.9896],[70.9675,51.9896],[70.9675,51.9896],[70.9675,51.9896],[70.9675,51.9896],[70.9675,51.9896],[70.9675,51.9896],[70.9675,51.9896],[70.9675,51.9896],[70.9675,51.9896],[70.9675,51.9896],[70.9675,51.9896],[70.9675,51.9896],[70.9675,51.9896],[70.9675,51.9896],[70.9675,51.9896],[70.9675,51.9896],[70.9675,51.9897],[70.9675,51.9897],[70.9675,51.9897],[70.9675,51.9897],[70.9675,51.9897],[70.9675,51.9897],[70.9675,51.9897],[70.9675,51.9897],[70.9675,51.9897],[70.9675,51.9897],[70.9675,51.9897],[70.9675,51.9897],[70.9675,51.9897],[70.9675,51.9897],[70.9675,51.9897],[70.9675,51.9897],[70.9675,51.9897],[70.9675,51.9897],[70.9675,51.9897],[70.9675,51.9897],[70.9675,51.9897],[70.9675,51.9898],[70.9675,51.9898],[70.9675,51.9898],[70.9675,51.9898],[70.9675,51.9898],[70.9675,51.9898],[70.9675,51.9898],[70.9675,51.9898],[70.9676,51.9898],[70.9676,51.9898],[70.9676,51.9898],[70.9676,51.9898],[70.9676,51.9898],[70.9676,51.9898],[70.9676,51.9898],[70.9676,51.9898],[70.9676,51.9898],[70.9676,51.9898],[70.9676,51.9898],[70.9676,51.9898],[70.9676,51.9899],[70.9676,51.9899],[70.9676,51.9899],[70.9676,51.9899],[70.9676,51.9899],[70.9676,51.9899],[70.9676,51.9899],[70.9679,51.9904],[70.9679,51.9904],[70.9679,51.9904],[70.9679,51.9904],[70.9679,51.9904],[70.9679,51.9904],[70.9679,51.9904],[70.9679,51.9904],[70.9679,51.9904],[70.9679,51.9904],[70.9679,51.9904],[70.9679,51.9904],[70.9679,51.9904],[70.9679,51.9904],[70.9679,51.9904],[70.9679,51.9904],[70.9679,51.9904],[70.9679,51.9904],[70.9679,51.9904],[70.9679,51.9904],[70.9679,51.9904],[70.9679,51.9904],[70.9679,51.9904],[70.9679,51.9904],[70.9679,51.9904],[70.9679,51.9904],[70.9679,51.9905],[70.9679,51.9905],[70.9679,51.9905],[70.9679,51.9905],[70.9679,51.9905],[70.9679,51.9905],[70.9679,51.9905],[70.9681,51.9905],[70.9681,51.9905],[70.9681,51.9905],[70.9681,51.9905],[70.9682,51.9905],[70.9682,51.9905],[70.9682,51.9905],[70.9682,51.9905],[70.9682,51.9905],[70.9682,51.9905],[70.9682,51.9905],[70.9682,51.9905],[70.9682,51.9905],[70.9682,51.9905],[70.9682,51.9905],[70.9682,51.9905],[70.9683,51.9905],[70.9683,51.9905],[70.9683,51.9905],[70.9683,51.9905],[70.9683,51.9905],[70.9683,51.9905],[70.9683,51.9905],[70.9683,51.9905],[70.9683,51.9905],[70.9683,51.9905],[70.9683,51.9905],[70.9683,51.9905]]]],"type":"MultiPolygon"},"geometry_name":"shape","id":"gp_functional_zones.fid--7752831e_19fb67eabdc_7da9","properties":{"area":1.14414209592074,"creation_doc_id":3617,"deactivation_doc_id":null,"func_zone_status_id":2,"ggk_zone_code":"11010000","ggk_zone_name":"Территория усадебной застройки","gp_func_zone_code":"11010000","gp_func_zone_code_id":19,"id":4731968,"zone_type_id":8},"type":"Feature"},{"bbox":[70.962,51.9891,70.9676,51.9906],"geometry":{"coordinates":[[[[70.9672,51.9891],[70.9621,51.9891],[70.962,51.9904],[70.962,51.9906],[70.9625,51.9906],[70.9627,51.9906],[70.9643,51.9905],[70.9676,51.9905],[70.9676,51.9905],[70.9676,51.9905],[70.9676,51.9904],[70.9676,51.9904],[70.9673,51.9899],[70.9673,51.9899],[70.9673,51.9899],[70.9673,51.9899],[70.9673,51.9899],[70.9673,51.9899],[70.9673,51.9899],[70.9673,51.9899],[70.9673,51.9898],[70.9673,51.9898],[70.9673,51.9898],[70.9673,51.9898],[70.9673,51.9898],[70.9673,51.9898],[70.9672,51.9898],[70.9672,51.9898],[70.9672,51.9898],[70.9672,51.9897],[70.9672,51.9897],[70.9672,51.9897],[70.9672,51.9897],[70.9672,51.9897],[70.9672,51.9897],[70.9672,51.9897],[70.9672,51.9897],[70.9672,51.9896],[70.9672,51.9896],[70.9672,51.9896],[70.9672,51.9896],[70.9672,51.9896],[70.9672,51.9896],[70.9672,51.9896],[70.9672,51.9896],[70.9672,51.9891]]]],"type":"MultiPolygon"},"geometry_name":"shape","id":"gp_functional_zones.fid--7752831e_19fb67eabdc_7daa","properties":{"area":5.71027567672458,"creation_doc_id":3617,"deactivation_doc_id":null,"func_zone_status_id":2,"ggk_zone_code":"11010000","ggk_zone_name":"Территория усадебной застройки","gp_func_zone_code":"11010000","gp_func_zone_code_id":19,"id":4731969,"zone_type_id":8},"type":"Feature"},{"bbox":[70.9593,51.989,70.9611,51.9905],"geometry":{"coordinates":[[[[70.9604,51.9891],[70.9594,51.989],[70.9593,51.9905],[70.9597,51.9905],[70.9602,51.9905],[70.9606,51.9905],[70.9606,51.9905],[70.9607,51.9901],[70.9611,51.9896],[70.9611,51.9891],[70.9604,51.9891]]]],"type":"MultiPolygon"},"geometry_name":"shape","id":"gp_functional_zones.fid--7752831e_19fb67eabdc_7dab","properties":{"area":1.7213067446756,"creation_doc_id":3617,"deactivation_doc_id":null,"func_zone_status_id":2,"ggk_zone_code":"11010000","ggk_zone_name":"Территория усадебной застройки","gp_func_zone_code":"11010000","gp_func_zone_code_id":19,"id":4731970,"zone_type_id":8},"type":"Feature"},{"bbox":[70.9219,51.988,70.9246,51.9911],"geometry":{"coordinates":[[[[70.9246,51.9884],[70.9233,51.988],[70.9223,51.9903],[70.9219,51.9911],[70.922,51.9911],[70.9238,51.9911],[70.9246,51.9884]]]],"type":"MultiPolygon"},"geometry_name":"shape","id":"gp_functional_zones.fid--7752831e_19fb67eabdc_7dac","properties":{"area":3.62980487131281,"creation_doc_id":3617,"deactivation_doc_id":null,"func_zone_status_id":2,"ggk_zone_code":"11010000","ggk_zone_name":"Территория усадебной застройки","gp_func_zone_code":"11010000","gp_func_zone_code_id":19,"id":4731971,"zone_type_id":8},"type":"Feature"},{"bbox":[70.9542,51.9889,70.9592,51.9905],"geometry":{"coordinates":[[[[70.9555,51.9889],[70.9542,51.9889],[70.9543,51.9897],[70.9543,51.9903],[70.9563,51.9903],[70.957,51.9903],[70.9576,51.9904],[70.9586,51.9904],[70.9591,51.9905],[70.9592,51.989],[70.9571,51.989],[70.9555,51.9889]]]],"type":"MultiPolygon"},"geometry_name":"shape","id":"gp_functional_zones.fid--7752831e_19fb67eabdc_7dad","properties":{"area":5.06302383035657,"creation_doc_id":3617,"deactivation_doc_id":null,"func_zone_status_id":2,"ggk_zone_code":"11010000","ggk_zone_name":"Территория усадебной застройки","gp_func_zone_code":"11010000","gp_func_zone_code_id":19,"id":4731972,"zone_type_id":8},"type":"Feature"},{"bbox":[70.9449,51.9888,70.9463,51.9904],"geometry":{"coordinates":[[[[70.9463,51.9888],[70.9451,51.9888],[70.945,51.9894],[70.9449,51.9903],[70.9456,51.9904],[70.9463,51.9888]]]],"type":"MultiPolygon"},"geometry_name":"shape","id":"gp_functional_zones.fid--7752831e_19fb67eabdc_7dae","properties":{"area":1.13224031468097,"creation_doc_id":3617,"deactivation_doc_id":null,"func_zone_status_id":2,"ggk_zone_code":"11010000","ggk_zone_name":"Территория усадебной застройки","gp_func_zone_code":"11010000","gp_func_zone_code_id":19,"id":4731973,"zone_type_id":8},"type":"Feature"},{"bbox":[70.949,51.9888,70.9539,51.9901],"geometry":{"coordinates":[[[[70.9499,51.9888],[70.9493,51.9888],[70.949,51.9895],[70.9498,51.9895],[70.9499,51.9895],[70.9503,51.9895],[70.9517,51.9895],[70.9517,51.9895],[70.9518,51.9895],[70.9518,51.9895],[70.9518,51.9895],[70.9518,51.9895],[70.9518,51.9896],[70.9519,51.9896],[70.9519,51.9896],[70.9519,51.9896],[70.9519,51.9896],[70.9519,51.9896],[70.952,51.9896],[70.952,51.9896],[70.952,51.9896],[70.952,51.9896],[70.952,51.9896],[70.952,51.9896],[70.952,51.9896],[70.952,51.9896],[70.9521,51.9897],[70.9521,51.9897],[70.9521,51.9897],[70.9521,51.9897],[70.9521,51.9897],[70.9521,51.9897],[70.9521,51.9897],[70.9521,51.9897],[70.9521,51.9897],[70.9521,51.9898],[70.9521,51.9898],[70.9521,51.9898],[70.9521,51.9898],[70.9521,51.99],[70.9521,51.9901],[70.9539,51.9901],[70.9539,51.9901],[70.9539,51.9901],[70.9539,51.9897],[70.9538,51.9889],[70.9512,51.9888],[70.95,51.9888],[70.9499,51.9888]]]],"type":"MultiPolygon"},"geometry_name":"shape","id":"gp_functional_zones.fid--7752831e_19fb67eabdc_7daf","properties":{"area":3.24053999748491,"creation_doc_id":3617,"deactivation_doc_id":null,"func_zone_status_id":2,"ggk_zone_code":"11010000","ggk_zone_name":"Территория усадебной застройки","gp_func_zone_code":"11010000","gp_func_zone_code_id":19,"id":4731974,"zone_type_id":8},"type":"Feature"},{"bbox":[70.9421,51.9887,70.9449,51.99],"geometry":{"coordinates":[[[[70.9449,51.9888],[70.9421,51.9887],[70.9421,51.9895],[70.9421,51.9895],[70.9421,51.9899],[70.9447,51.99],[70.9447,51.99],[70.9448,51.9895],[70.9448,51.9895],[70.9448,51.9894],[70.9449,51.9888]]]],"type":"MultiPolygon"},"geometry_name":"shape","id":"gp_functional_zones.fid--7752831e_19fb67eabdc_7db0","properties":{"area":2.41598529680736,"creation_doc_id":3617,"deactivation_doc_id":null,"func_zone_status_id":2,"ggk_zone_code":"11010000","ggk_zone_name":"Территория усадебной застройки","gp_func_zone_code":"11010000","gp_func_zone_code_id":19,"id":4731975,"zone_type_id":8},"type":"Feature"},{"bbox":[70.9324,51.9896,70.9349,51.9899],"geometry":{"coordinates":[[[[70.9349,51.9897],[70.9324,51.9896],[70.9324,51.9898],[70.9327,51.9898],[70.9329,51.9898],[70.9329,51.9898],[70.933,51.9898],[70.9333,51.9898],[70.9336,51.9898],[70.9342,51.9898],[70.9343,51.9898],[70.9343,51.9898],[70.9343,51.9898],[70.9344,51.9898],[70.9344,51.9898],[70.9344,51.9898],[70.9344,51.9898],[70.9345,51.9898],[70.9345,51.9898],[70.9345,51.9898],[70.9345,51.9898],[70.9346,51.9898],[70.9346,51.9898],[70.9346,51.9898],[70.9346,51.9898],[70.9347,51.9898],[70.9347,51.9898],[70.9349,51.9899],[70.9349,51.9899],[70.9349,51.9897]]]],"type":"MultiPolygon"},"geometry_name":"shape","id":"gp_functional_zones.fid--7752831e_19fb67eabdc_7db1","properties":{"area":0.358351494299072,"creation_doc_id":3617,"deactivation_doc_id":null,"func_zone_status_id":2,"ggk_zone_code":"11010000","ggk_zone_name":"Территория усадебной застройки","gp_func_zone_code":"11010000","gp_func_zone_code_id":19,"id":4731976,"zone_type_id":8},"type":"Feature"},{"bbox":[70.9392,51.9887,70.9419,51.9896],"geometry":{"coordinates":[[[[70.9411,51.9887],[70.9393,51.9887],[70.9392,51.9894],[70.9419,51.9896],[70.9419,51.9887],[70.9411,51.9887]]]],"type":"MultiPolygon"},"geometry_name":"shape","id":"gp_functional_zones.fid--7752831e_19fb67eabdc_7db2","properties":{"area":1.57935727342384,"creation_doc_id":3617,"deactivation_doc_id":null,"func_zone_status_id":2,"ggk_zone_code":"11010000","ggk_zone_name":"Территория усадебной застройки","gp_func_zone_code":"11010000","gp_func_zone_code_id":19,"id":4731977,"zone_type_id":8},"type":"Feature"},{"bbox":[70.9283,51.9894,70.9287,51.9897],"geometry":{"coordinates":[[[[70.9287,51.9894],[70.9283,51.9894],[70.9283,51.9895],[70.9283,51.9895],[70.9283,51.9897],[70.9287,51.9897],[70.9287,51.9894]]]],"type":"MultiPolygon"},"geometry_name":"shape","id":"gp_functional_zones.fid--7752831e_19fb67eabdc_7db3","properties":{"area":0.114547984110391,"creation_doc_id":3617,"deactivation_doc_id":null,"func_zone_status_id":2,"ggk_zone_code":"11010000","ggk_zone_name":"Территория усадебной застройки","gp_func_zone_code":"11010000","gp_func_zone_code_id":19,"id":4731978,"zone_type_id":8},"type":"Feature"},{"bbox":[70.9356,51.9886,70.9391,51.9896],"geometry":{"coordinates":[[[[70.9382,51.9896],[70.9382,51.9894],[70.939,51.9894],[70.9391,51.9887],[70.9356,51.9886],[70.9356,51.9886],[70.9356,51.9887],[70.9356,51.9887],[70.9356,51.9887],[70.9356,51.9887],[70.9356,51.9887],[70.9356,51.9887],[70.9356,51.9888],[70.9356,51.9888],[70.9356,51.9888],[70.9356,51.9888],[70.9356,51.9888],[70.9356,51.9888],[70.9356,51.9888],[70.9356,51.9888],[70.9356,51.9888],[70.9357,51.9888],[70.9357,51.9888],[70.9357,51.9888],[70.9357,51.9888],[70.9357,51.9889],[70.9368,51.9889],[70.937,51.9891],[70.937,51.9894],[70.9373,51.9895],[70.9382,51.9896]]]],"type":"MultiPolygon"},"geometry_name":"shape","id":"gp_functional_zones.fid--7752831e_19fb67eabdc_7db4","properties":{"area":1.46511441050428,"creation_doc_id":3617,"deactivation_doc_id":null,"func_zone_status_id":2,"ggk_zone_code":"11010000","ggk_zone_name":"Территория усадебной застройки","gp_func_zone_code":"11010000","gp_func_zone_code_id":19,"id":4731979,"zone_type_id":8},"type":"Feature"},{"bbox":[70.925,51.9887,70.9262,51.9896],"geometry":{"coordinates":[[[[70.9258,51.9888],[70.9253,51.9887],[70.925,51.9895],[70.9253,51.9895],[70.9257,51.9896],[70.9259,51.9896],[70.9259,51.9896],[70.9259,51.9896],[70.9259,51.9896],[70.9259,51.9896],[70.9259,51.9896],[70.9259,51.9896],[70.9259,51.9896],[70.926,51.9896],[70.926,51.9896],[70.926,51.9896],[70.926,51.9896],[70.926,51.9896],[70.926,51.9896],[70.926,51.9896],[70.926,51.9896],[70.926,51.9896],[70.926,51.9896],[70.926,51.9896],[70.926,51.9896],[70.926,51.9896],[70.926,51.9896],[70.926,51.9896],[70.926,51.9896],[70.926,51.9896],[70.9261,51.9896],[70.9261,51.9896],[70.9261,51.9896],[70.9261,51.9896],[70.9261,51.9896],[70.9261,51.9896],[70.9261,51.9896],[70.9261,51.9896],[70.9261,51.9896],[70.9261,51.9896],[70.9262,51.9894],[70.926,51.9894],[70.926,51.9892],[70.9257,51.9892],[70.9258,51.9888]]]],"type":"MultiPolygon"},"geometry_name":"shape","id":"gp_functional_zones.fid--7752831e_19fb67eabdc_7db5","properties":{"area":0.494998590314852,"creation_doc_id":3617,"deactivation_doc_id":null,"func_zone_status_id":2,"ggk_zone_code":"11010000","ggk_zone_name":"Территория усадебной застройки","gp_func_zone_code":"11010000","gp_func_zone_code_id":19,"id":4731980,"zone_type_id":8},"type":"Feature"},{"bbox":[70.9681,51.9874,70.9702,51.9886],"geometry":{"coordinates":[[[[70.9702,51.9874],[70.9682,51.9874],[70.9682,51.9875],[70.9681,51.9885],[70.9681,51.9886],[70.9702,51.9886],[70.9702,51.9874]]]],"type":"MultiPolygon"},"geometry_name":"shape","id":"gp_functional_zones.fid--7752831e_19fb67eabdc_7db6","properties":{"area":1.90433983535306,"creation_doc_id":3617,"deactivation_doc_id":null,"func_zone_status_id":2,"ggk_zone_code":"11010000","ggk_zone_name":"Территория усадебной застройки","gp_func_zone_code":"11010000","gp_func_zone_code_id":19,"id":4731981,"zone_type_id":8},"type":"Feature"},{"bbox":[70.9622,51.9873,70.968,51.9886],"geometry":{"coordinates":[[[[70.9641,51.9873],[70.9624,51.9873],[70.9623,51.9874],[70.9622,51.9884],[70.9622,51.9885],[70.9622,51.9885],[70.9649,51.9886],[70.9679,51.9886],[70.9679,51.9885],[70.968,51.9875],[70.968,51.9874],[70.9668,51.9874],[70.9659,51.9874],[70.965,51.9874],[70.9641,51.9873]]]],"type":"MultiPolygon"},"geometry_name":"shape","id":"gp_functional_zones.fid--7752831e_19fb67eabdc_7db7","properties":{"area":5.35358142617202,"creation_doc_id":3617,"deactivation_doc_id":null,"func_zone_status_id":2,"ggk_zone_code":"11010000","ggk_zone_name":"Территория усадебной застройки","gp_func_zone_code":"11010000","gp_func_zone_code_id":19,"id":4731982,"zone_type_id":8},"type":"Feature"},{"bbox":[70.9614,51.9872,70.9621,51.9885],"geometry":{"coordinates":[[[[70.9621,51.9872],[70.9615,51.9872],[70.9614,51.9885],[70.9619,51.9885],[70.9619,51.9884],[70.9621,51.9873],[70.9621,51.9872]]]],"type":"MultiPolygon"},"geometry_name":"shape","id":"gp_functional_zones.fid--7752831e_19fb67eabdc_7db8","properties":{"area":0.53633919445951,"creation_doc_id":3617,"deactivation_doc_id":null,"func_zone_status_id":2,"ggk_zone_code":"11010000","ggk_zone_name":"Территория усадебной застройки","gp_func_zone_code":"11010000","gp_func_zone_code_id":19,"id":4731983,"zone_type_id":8},"type":"Feature"},{"bbox":[70.9595,51.9871,70.9612,51.9885],"geometry":{"coordinates":[[[[70.9612,51.9872],[70.9596,51.9871],[70.9596,51.9873],[70.9595,51.9884],[70.9595,51.9885],[70.9595,51.9885],[70.9611,51.9885],[70.9612,51.9872],[70.9612,51.9872]]]],"type":"MultiPolygon"},"geometry_name":"shape","id":"gp_functional_zones.fid--7752831e_19fb67eabdc_7db9","properties":{"area":1.63367705483244,"creation_doc_id":3617,"deactivation_doc_id":null,"func_zone_status_id":2,"ggk_zone_code":"11010000","ggk_zone_name":"Территория усадебной застройки","gp_func_zone_code":"11010000","gp_func_zone_code_id":19,"id":4731984,"zone_type_id":8},"type":"Feature"},{"bbox":[70.9542,51.9869,70.9594,51.9885],"geometry":{"coordinates":[[[[70.9594,51.9874],[70.9594,51.9872],[70.9594,51.9872],[70.9594,51.9871],[70.9582,51.9871],[70.9581,51.9871],[70.9567,51.987],[70.9566,51.987],[70.9563,51.987],[70.9562,51.987],[70.9562,51.987],[70.9562,51.987],[70.9562,51.987],[70.9562,51.987],[70.9562,51.987],[70.9562,51.987],[70.9561,51.987],[70.9561,51.987],[70.9561,51.987],[70.9561,51.987],[70.9561,51.987],[70.9561,51.987],[70.9561,51.987],[70.956,51.987],[70.956,51.987],[70.956,51.987],[70.956,51.987],[70.956,51.987],[70.956,51.987],[70.956,51.987],[70.9559,51.987],[70.9559,51.987],[70.9559,51.987],[70.9559,51.987],[70.9559,51.987],[70.9559,51.987],[70.9559,51.9869],[70.9558,51.9869],[70.9558,51.9869],[70.9558,51.9869],[70.9558,51.9869],[70.9554,51.9869],[70.9554,51.9869],[70.9554,51.9869],[70.9554,51.9869],[70.9554,51.9869],[70.9554,51.9869],[70.9554,51.9869],[70.9553,51.9869],[70.9553,51.9869],[70.9553,51.9869],[70.9553,51.9869],[70.9553,51.9869],[70.9553,51.9869],[70.9553,51.987],[70.9553,51.987],[70.9552,51.987],[70.9552,51.987],[70.9552,51.987],[70.9552,51.987],[70.9552,51.987],[70.9552,51.987],[70.9552,51.987],[70.9551,51.987],[70.9551,51.987],[70.9551,51.987],[70.9551,51.987],[70.9551,51.9871],[70.9551,51.9871],[70.9551,51.9871],[70.955,51.9871],[70.955,51.9871],[70.955,51.9871],[70.955,51.9871],[70.9546,51.9873],[70.9545,51.9873],[70.9545,51.9873],[70.9545,51.9873],[70.9545,51.9873],[70.9545,51.9873],[70.9545,51.9873],[70.9545,51.9873],[70.9545,51.9873],[70.9545,51.9874],[70.9544,51.9874],[70.9544,51.9874],[70.9544,51.9874],[70.9544,51.9874],[70.9544,51.9874],[70.9544,51.9874],[70.9544,51.9874],[70.9544,51.9874],[70.9544,51.9874],[70.9544,51.9874],[70.9543,51.9874],[70.9543,51.9874],[70.9543,51.9874],[70.9543,51.9875],[70.9543,51.9875],[70.9543,51.9875],[70.9543,51.9875],[70.9543,51.9875],[70.9543,51.9875],[70.9543,51.9875],[70.9543,51.9875],[70.9543,51.9875],[70.9543,51.9875],[70.9542,51.9875],[70.9542,51.9875],[70.9542,51.9875],[70.9542,51.9876],[70.9542,51.9876],[70.9542,51.9876],[70.9542,51.9876],[70.9542,51.9876],[70.9542,51.9876],[70.9542,51.9876],[70.9542,51.9876],[70.9542,51.9876],[70.9542,51.9876],[70.9542,51.9876],[70.9542,51.9876],[70.9542,51.9877],[70.9542,51.9877],[70.9542,51.9877],[70.9542,51.9877],[70.9542,51.9877],[70.9542,51.9877],[70.9542,51.9877],[70.9542,51.9877],[70.9542,51.9877],[70.9542,51.9877],[70.9542,51.9877],[70.9542,51.9878],[70.9542,51.9878],[70.9542,51.9878],[70.9542,51.9878],[70.9542,51.9878],[70.9542,51.9878],[70.9542,51.9881],[70.9542,51.9884],[70.9568,51.9884],[70.9593,51.9885],[70.9593,51.9884],[70.9593,51.9884],[70.9593,51.9884],[70.9593,51.9882],[70.9593,51.9879],[70.9594,51.9874]]]],"type":"MultiPolygon"},"geometry_name":"shape","id":"gp_functional_zones.fid--7752831e_19fb67eabdc_7dba","properties":{"area":5.3600819553226,"creation_doc_id":3617,"deactivation_doc_id":null,"func_zone_status_id":2,"ggk_zone_code":"11010000","ggk_zone_name":"Территория усадебной застройки","gp_func_zone_code":"11010000","gp_func_zone_code_id":19,"id":4731986,"zone_type_id":8},"type":"Feature"},{"bbox":[70.9289,51.9885,70.9328,51.9888],"geometry":{"coordinates":[[[[70.9311,51.9888],[70.9316,51.9887],[70.9328,51.9888],[70.9328,51.9886],[70.9315,51.9885],[70.9304,51.9885],[70.9289,51.9885],[70.9289,51.9886],[70.9293,51.9887],[70.9298,51.9887],[70.9301,51.9888],[70.9303,51.9888],[70.9305,51.9888],[70.9311,51.9888]]]],"type":"MultiPolygon"},"geometry_name":"shape","id":"gp_functional_zones.fid--7752831e_19fb67eabdc_7dbb","properties":{"area":0.697880043755176,"creation_doc_id":3617,"deactivation_doc_id":null,"func_zone_status_id":2,"ggk_zone_code":"11010000","ggk_zone_name":"Территория усадебной застройки","gp_func_zone_code":"11010000","gp_func_zone_code_id":19,"id":4731987,"zone_type_id":8},"type":"Feature"},{"bbox":[70.9276,51.9884,70.9287,51.9886],"geometry":{"coordinates":[[[[70.9287,51.9885],[70.9277,51.9884],[70.9276,51.9886],[70.9287,51.9886],[70.9287,51.9885]]]],"type":"MultiPolygon"},"geometry_name":"shape","id":"gp_functional_zones.fid--7752831e_19fb67eabdc_7dbc","properties":{"area":0.143871864991711,"creation_doc_id":3617,"deactivation_doc_id":null,"func_zone_status_id":2,"ggk_zone_code":"11010000","ggk_zone_name":"Территория усадебной застройки","gp_func_zone_code":"11010000","gp_func_zone_code_id":19,"id":4731988,"zone_type_id":8},"type":"Feature"},{"bbox":[70.9451,51.9865,70.9471,51.9883],"geometry":{"coordinates":[[[[70.9468,51.9874],[70.9471,51.9868],[70.9471,51.9868],[70.9467,51.9867],[70.9455,51.9865],[70.9455,51.9865],[70.9455,51.9865],[70.9455,51.9865],[70.9455,51.9865],[70.9454,51.9874],[70.9452,51.9874],[70.9452,51.9874],[70.9452,51.9874],[70.9452,51.9877],[70.9452,51.9877],[70.9451,51.9882],[70.9465,51.9883],[70.9467,51.9877],[70.9467,51.9877],[70.9467,51.9877],[70.9468,51.9874]]]],"type":"MultiPolygon"},"geometry_name":"shape","id":"gp_functional_zones.fid--7752831e_19fb67eabdc_7dbd","properties":{"area":1.89541070114998,"creation_doc_id":3617,"deactivation_doc_id":null,"func_zone_status_id":2,"ggk_zone_code":"11010000","ggk_zone_name":"Территория усадебной застройки","gp_func_zone_code":"11010000","gp_func_zone_code_id":19,"id":4731989,"zone_type_id":8},"type":"Feature"},{"bbox":[70.9423,51.9864,70.945,51.9882],"geometry":{"coordinates":[[[[70.9432,51.9874],[70.9432,51.9871],[70.9432,51.9871],[70.9432,51.9871],[70.9432,51.9864],[70.9432,51.9864],[70.9431,51.9864],[70.9424,51.9864],[70.9424,51.9871],[70.9424,51.9871],[70.9423,51.9878],[70.9423,51.9882],[70.9423,51.9882],[70.9438,51.9882],[70.9439,51.9882],[70.9449,51.9882],[70.9449,51.9882],[70.945,51.9874],[70.945,51.9874],[70.945,51.9874],[70.9432,51.9874]]]],"type":"MultiPolygon"},"geometry_name":"shape","id":"gp_functional_zones.fid--7752831e_19fb67eabdc_7dbe","properties":{"area":2.29987950181521,"creation_doc_id":3617,"deactivation_doc_id":null,"func_zone_status_id":2,"ggk_zone_code":"11010000","ggk_zone_name":"Территория усадебной застройки","gp_func_zone_code":"11010000","gp_func_zone_code_id":19,"id":4731990,"zone_type_id":8},"type":"Feature"},{"bbox":[70.9393,51.9864,70.942,51.9882],"geometry":{"coordinates":[[[[70.9419,51.9878],[70.942,51.9864],[70.9407,51.9865],[70.9406,51.9865],[70.9401,51.9865],[70.9401,51.9865],[70.9401,51.9865],[70.9401,51.9865],[70.9401,51.9865],[70.9401,51.9865],[70.9401,51.9865],[70.94,51.9865],[70.94,51.9865],[70.94,51.9865],[70.94,51.9865],[70.94,51.9865],[70.94,51.9865],[70.94,51.9865],[70.94,51.9865],[70.94,51.9865],[70.94,51.9865],[70.94,51.9865],[70.94,51.9865],[70.94,51.9865],[70.9399,51.9865],[70.9399,51.9865],[70.9399,51.9865],[70.9399,51.9865],[70.9399,51.9865],[70.9399,51.9865],[70.9399,51.9865],[70.9399,51.9865],[70.9399,51.9865],[70.9399,51.9865],[70.9399,51.9865],[70.9399,51.9865],[70.9399,51.9865],[70.9398,51.9865],[70.9398,51.9865],[70.9398,51.9865],[70.9398,51.9865],[70.9398,51.9865],[70.9398,51.9865],[70.9398,51.9865],[70.9398,51.9865],[70.9398,51.9865],[70.9398,51.9865],[70.9398,51.9866],[70.9398,51.9866],[70.9398,51.9866],[70.9397,51.9866],[70.9397,51.9866],[70.9397,51.9866],[70.9397,51.9866],[70.9397,51.9866],[70.9397,51.9866],[70.9397,51.9866],[70.9397,51.9866],[70.9397,51.9866],[70.9397,51.9866],[70.9397,51.9866],[70.9397,51.9866],[70.9397,51.9866],[70.9396,51.9866],[70.9396,51.9866],[70.9396,51.9866],[70.9396,51.9866],[70.9396,51.9866],[70.9396,51.9866],[70.9395,51.9873],[70.9395,51.9873],[70.9395,51.9873],[70.9395,51.9873],[70.9395,51.9874],[70.9395,51.9874],[70.9395,51.9874],[70.9395,51.9874],[70.9395,51.9874],[70.9395,51.9874],[70.9395,51.9874],[70.9395,51.9874],[70.9395,51.9874],[70.9395,51.9874],[70.9395,51.9874],[70.9395,51.9874],[70.9395,51.9874],[70.9395,51.9874],[70.9395,51.9874],[70.9395,51.9874],[70.9395,51.9874],[70.9395,51.9874],[70.9395,51.9874],[70.9395,51.9874],[70.9395,51.9874],[70.9395,51.9874],[70.9395,51.9874],[70.9395,51.9874],[70.9395,51.9875],[70.9395,51.9875],[70.9395,51.9875],[70.9395,51.9875],[70.9395,51.9875],[70.9395,51.9875],[70.9395,51.9875],[70.9395,51.9875],[70.9395,51.9875],[70.9395,51.9875],[70.9395,51.9875],[70.9395,51.9875],[70.9395,51.9875],[70.9395,51.9875],[70.9395,51.9875],[70.9395,51.9875],[70.9395,51.9875],[70.9395,51.9875],[70.9395,51.9875],[70.9395,51.9875],[70.9395,51.9875],[70.9395,51.9875],[70.9395,51.9875],[70.9395,51.9875],[70.9394,51.9876],[70.9394,51.9876],[70.9394,51.9876],[70.9394,51.9876],[70.9394,51.9876],[70.9394,51.9876],[70.9394,51.9876],[70.9394,51.9876],[70.9394,51.9876],[70.9394,51.9876],[70.9394,51.9876],[70.9394,51.9876],[70.9394,51.9876],[70.9394,51.9878],[70.9394,51.9879],[70.9394,51.988],[70.9394,51.988],[70.9394,51.988],[70.9394,51.988],[70.9394,51.988],[70.9393,51.988],[70.9393,51.988],[70.9393,51.988],[70.9393,51.988],[70.9393,51.9881],[70.9393,51.9881],[70.9393,51.9881],[70.9393,51.9881],[70.9393,51.9881],[70.9393,51.9881],[70.9393,51.9881],[70.9393,51.9881],[70.9393,51.9881],[70.9393,51.9881],[70.9393,51.9881],[70.9393,51.9881],[70.9393,51.9881],[70.9393,51.9881],[70.9393,51.9881],[70.9393,51.9882],[70.9393,51.9882],[70.9419,51.9882],[70.9419,51.9879],[70.9419,51.9878],[70.9419,51.9878]]]],"type":"MultiPolygon"},"geometry_name":"shape","id":"gp_functional_zones.fid--7752831e_19fb67eabdc_7dbf","properties":{"area":3.19540041151616,"creation_doc_id":3617,"deactivation_doc_id":null,"func_zone_status_id":2,"ggk_zone_code":"11010000","ggk_zone_name":"Территория усадебной застройки","gp_func_zone_code":"11010000","gp_func_zone_code_id":19,"id":4731991,"zone_type_id":8},"type":"Feature"},{"bbox":[70.9346,51.9866,70.9394,51.9882],"geometry":{"coordinates":[[[[70.9393,51.9873],[70.9394,51.9866],[70.9394,51.9866],[70.939,51.9866],[70.9386,51.9867],[70.9386,51.9867],[70.9386,51.9867],[70.9386,51.9867],[70.9386,51.9867],[70.9386,51.9867],[70.9385,51.9867],[70.9385,51.9867],[70.9385,51.9867],[70.9385,51.9867],[70.9385,51.9867],[70.9385,51.9867],[70.9385,51.9867],[70.9385,51.9867],[70.9384,51.9867],[70.9384,51.9867],[70.9384,51.9867],[70.9384,51.9867],[70.9384,51.9867],[70.9384,51.9867],[70.9384,51.9867],[70.9384,51.9867],[70.9384,51.9867],[70.9383,51.9867],[70.9383,51.9867],[70.9383,51.9867],[70.9383,51.9867],[70.9383,51.9867],[70.9383,51.9867],[70.9383,51.9867],[70.9383,51.9867],[70.9382,51.9867],[70.9382,51.9867],[70.9382,51.9867],[70.9382,51.9867],[70.9382,51.9867],[70.9382,51.9867],[70.9382,51.9867],[70.9382,51.9867],[70.9382,51.9867],[70.9381,51.9867],[70.9381,51.9867],[70.9381,51.9867],[70.9381,51.9867],[70.9381,51.9867],[70.9381,51.9867],[70.9381,51.9867],[70.9381,51.9867],[70.938,51.9867],[70.938,51.9867],[70.938,51.9867],[70.938,51.9867],[70.938,51.9867],[70.938,51.9867],[70.938,51.9867],[70.938,51.9867],[70.938,51.9867],[70.9379,51.9867],[70.9379,51.9867],[70.9379,51.9867],[70.9379,51.9867],[70.9379,51.9867],[70.9379,51.9867],[70.9379,51.9867],[70.9379,51.9867],[70.9361,51.9867],[70.9355,51.9866],[70.9346,51.9866],[70.9353,51.9879],[70.9354,51.9881],[70.9391,51.9882],[70.9391,51.9882],[70.9391,51.9881],[70.9391,51.9881],[70.9391,51.9881],[70.9391,51.9881],[70.9391,51.9881],[70.9391,51.9881],[70.9391,51.9881],[70.9391,51.9881],[70.9391,51.9881],[70.9391,51.9881],[70.9391,51.9881],[70.9391,51.9881],[70.9391,51.9881],[70.9391,51.9881],[70.9391,51.988],[70.9391,51.988],[70.9391,51.988],[70.9391,51.988],[70.9391,51.988],[70.9391,51.988],[70.9391,51.988],[70.9391,51.988],[70.9391,51.988],[70.9391,51.988],[70.9391,51.988],[70.9392,51.9876],[70.9392,51.9876],[70.9392,51.9876],[70.9392,51.9876],[70.9392,51.9876],[70.9392,51.9875],[70.9392,51.9875],[70.9392,51.9875],[70.9392,51.9875],[70.9392,51.9875],[70.9392,51.9875],[70.9392,51.9875],[70.9392,51.9875],[70.9392,51.9875],[70.9392,51.9875],[70.9392,51.9875],[70.9392,51.9875],[70.9392,51.9874],[70.9392,51.9874],[70.9392,51.9874],[70.9392,51.9874],[70.9393,51.9874],[70.9393,51.9874],[70.9393,51.9874],[70.9393,51.9874],[70.9393,51.9874],[70.9393,51.9874],[70.9393,51.9874],[70.9393,51.9874],[70.9393,51.9873],[70.9393,51.9873],[70.9393,51.9873],[70.9393,51.9873]]]],"type":"MultiPolygon"},"geometry_name":"shape","id":"gp_functional_zones.fid--7752831e_19fb67eabdc_7dc0","properties":{"area":4.73775251453137,"creation_doc_id":3617,"deactivation_doc_id":null,"func_zone_status_id":2,"ggk_zone_code":"11010000","ggk_zone_name":"Территория усадебной застройки","gp_func_zone_code":"11010000","gp_func_zone_code_id":19,"id":4731994,"zone_type_id":8},"type":"Feature"},{"bbox":[70.9332,51.9872,70.935,51.9881],"geometry":{"coordinates":[[[[70.9333,51.9872],[70.9332,51.9872],[70.9332,51.988],[70.935,51.9881],[70.935,51.9881],[70.9349,51.9879],[70.9346,51.9873],[70.934,51.9873],[70.9333,51.9872]]]],"type":"MultiPolygon"},"geometry_name":"shape","id":"gp_functional_zones.fid--7752831e_19fb67eabdc_7dc1","properties":{"area":0.952939664552665,"creation_doc_id":3617,"deactivation_doc_id":null,"func_zone_status_id":2,"ggk_zone_code":"11010000","ggk_zone_name":"Территория усадебной застройки","gp_func_zone_code":"11010000","gp_func_zone_code_id":19,"id":4731995,"zone_type_id":8},"type":"Feature"},{"bbox":[70.9293,51.987,70.933,51.988],"geometry":{"coordinates":[[[[70.9308,51.9871],[70.9296,51.987],[70.9294,51.9876],[70.9294,51.9876],[70.9294,51.9876],[70.9294,51.9876],[70.9294,51.9876],[70.9294,51.9876],[70.9294,51.9876],[70.9294,51.9877],[70.9294,51.9877],[70.9294,51.9877],[70.9294,51.9877],[70.9294,51.9877],[70.9294,51.9877],[70.9294,51.9877],[70.9293,51.9877],[70.9293,51.9877],[70.9293,51.9878],[70.9293,51.9879],[70.9293,51.9879],[70.9329,51.988],[70.933,51.9872],[70.9329,51.9872],[70.9326,51.9872],[70.9315,51.9871],[70.9308,51.9871]]]],"type":"MultiPolygon"},"geometry_name":"shape","id":"gp_functional_zones.fid--7752831e_19fb67eabdc_7dc2","properties":{"area":2.35810765105929,"creation_doc_id":3617,"deactivation_doc_id":null,"func_zone_status_id":2,"ggk_zone_code":"11010000","ggk_zone_name":"Территория усадебной застройки","gp_func_zone_code":"11010000","gp_func_zone_code_id":19,"id":4731996,"zone_type_id":8},"type":"Feature"},{"bbox":[70.9264,51.9833,70.9321,51.9879],"geometry":{"coordinates":[[[[70.9278,51.9858],[70.9278,51.9858],[70.9278,51.9858],[70.9279,51.9858],[70.9287,51.9859],[70.9295,51.986],[70.9296,51.986],[70.9297,51.986],[70.9298,51.9861],[70.9299,51.9861],[70.9301,51.9861],[70.9304,51.9861],[70.9312,51.9862],[70.9315,51.9862],[70.9316,51.9859],[70.9317,51.9858],[70.9317,51.9857],[70.9318,51.9852],[70.9318,51.9851],[70.9321,51.9841],[70.9321,51.9841],[70.931,51.9835],[70.9307,51.9834],[70.9307,51.9834],[70.9307,51.9834],[70.9307,51.9834],[70.9307,51.9834],[70.9307,51.9834],[70.9306,51.9833],[70.9306,51.9833],[70.9306,51.9833],[70.9306,51.9834],[70.9305,51.9834],[70.9301,51.9844],[70.9311,51.9845],[70.9309,51.985],[70.9309,51.985],[70.9309,51.985],[70.9309,51.9851],[70.9309,51.9851],[70.9306,51.9857],[70.9306,51.9858],[70.93,51.9857],[70.93,51.9857],[70.9298,51.9857],[70.9282,51.9855],[70.9273,51.9854],[70.9267,51.9868],[70.9264,51.9878],[70.9273,51.9879],[70.9274,51.9879],[70.9274,51.9879],[70.9275,51.9879],[70.9276,51.9879],[70.929,51.9879],[70.929,51.9879],[70.9291,51.9877],[70.9291,51.9877],[70.9291,51.9877],[70.9291,51.9877],[70.9291,51.9877],[70.9291,51.9877],[70.9291,51.9877],[70.9291,51.9876],[70.9291,51.9876],[70.9291,51.9876],[70.9291,51.9876],[70.9291,51.9876],[70.9291,51.9876],[70.9291,51.9876],[70.9291,51.9876],[70.9291,51.9876],[70.9291,51.9875],[70.9293,51.987],[70.9278,51.9868],[70.9277,51.9868],[70.9276,51.9868],[70.9276,51.9868],[70.9275,51.9868],[70.9275,51.9868],[70.9275,51.9868],[70.9274,51.9868],[70.9274,51.9867],[70.9274,51.9867],[70.9274,51.9867],[70.9274,51.9867],[70.9273,51.9867],[70.9273,51.9867],[70.9273,51.9866],[70.9273,51.9866],[70.9273,51.9866],[70.9273,51.9866],[70.9273,51.9866],[70.9275,51.986],[70.9275,51.986],[70.9275,51.986],[70.9275,51.9859],[70.9275,51.9859],[70.9276,51.9859],[70.9276,51.9859],[70.9276,51.9859],[70.9276,51.9859],[70.9277,51.9859],[70.9277,51.9859],[70.9277,51.9858],[70.9277,51.9858],[70.9278,51.9858]]]],"type":"MultiPolygon"},"geometry_name":"shape","id":"gp_functional_zones.fid--7752831e_19fb67eabdc_7dc3","properties":{"area":5.73822946319174,"creation_doc_id":3617,"deactivation_doc_id":null,"func_zone_status_id":2,"ggk_zone_code":"11010000","ggk_zone_name":"Территория усадебной застройки","gp_func_zone_code":"11010000","gp_func_zone_code_id":19,"id":4731997,"zone_type_id":8},"type":"Feature"},{"bbox":[70.9652,51.9865,70.9703,51.9872],"geometry":{"coordinates":[[[[70.9653,51.9865],[70.9652,51.9865],[70.9652,51.9871],[70.9702,51.9872],[70.9703,51.9866],[70.9679,51.9866],[70.9664,51.9865],[70.9657,51.9865],[70.9657,51.9865],[70.9656,51.9865],[70.9656,51.9865],[70.9656,51.9865],[70.9656,51.9865],[70.9656,51.9865],[70.9656,51.9865],[70.9656,51.9865],[70.9656,51.9865],[70.9655,51.9865],[70.9655,51.9865],[70.9655,51.9865],[70.9655,51.9865],[70.9655,51.9865],[70.9655,51.9865],[70.9655,51.9865],[70.9653,51.9865]]]],"type":"MultiPolygon"},"geometry_name":"shape","id":"gp_functional_zones.fid--7752831e_19fb67eabdc_7dc4","properties":{"area":2.35719930424187,"creation_doc_id":3617,"deactivation_doc_id":null,"func_zone_status_id":2,"ggk_zone_code":"11010000","ggk_zone_name":"Территория усадебной застройки","gp_func_zone_code":"11010000","gp_func_zone_code_id":19,"id":4731998,"zone_type_id":8},"type":"Feature"},{"bbox":[70.9236,51.9843,70.9259,51.9879],"geometry":{"coordinates":[[[[70.9259,51.9846],[70.925,51.9843],[70.9245,51.9851],[70.9243,51.9855],[70.9243,51.9855],[70.9243,51.9855],[70.9243,51.9855],[70.9243,51.9856],[70.9243,51.9856],[70.9243,51.9856],[70.9243,51.9856],[70.9243,51.9856],[70.9243,51.9856],[70.9243,51.9856],[70.9243,51.9856],[70.9242,51.9856],[70.9242,51.9856],[70.9242,51.9856],[70.9242,51.9856],[70.9242,51.9857],[70.9242,51.9857],[70.9242,51.9857],[70.9242,51.9857],[70.9242,51.9857],[70.9242,51.9857],[70.9242,51.9857],[70.9242,51.9857],[70.9242,51.9857],[70.9242,51.9857],[70.9242,51.9857],[70.9242,51.9857],[70.9242,51.9858],[70.9242,51.9858],[70.9242,51.9858],[70.9242,51.9858],[70.9242,51.9858],[70.9242,51.9858],[70.9242,51.9858],[70.9242,51.9858],[70.9242,51.9858],[70.9242,51.9858],[70.9242,51.9858],[70.9242,51.9858],[70.9242,51.9859],[70.9242,51.9859],[70.9242,51.9859],[70.9242,51.9859],[70.9242,51.9859],[70.9242,51.9859],[70.9242,51.9859],[70.9242,51.9859],[70.9242,51.9859],[70.9242,51.9859],[70.9242,51.9859],[70.9242,51.9859],[70.9242,51.9859],[70.9242,51.986],[70.9242,51.986],[70.9242,51.986],[70.9242,51.986],[70.9242,51.986],[70.9242,51.986],[70.9242,51.986],[70.9242,51.986],[70.9242,51.986],[70.9242,51.986],[70.9242,51.986],[70.9242,51.9861],[70.9242,51.9861],[70.9242,51.9861],[70.9242,51.9861],[70.9242,51.9861],[70.9242,51.9861],[70.9242,51.9861],[70.9242,51.9861],[70.9242,51.9861],[70.9242,51.9861],[70.9242,51.9862],[70.9242,51.9862],[70.9242,51.9862],[70.9242,51.9862],[70.9242,51.9862],[70.9242,51.9862],[70.9242,51.9862],[70.9242,51.9862],[70.9242,51.9862],[70.9242,51.9862],[70.9242,51.9863],[70.9242,51.9863],[70.9242,51.9863],[70.9242,51.9863],[70.9241,51.9863],[70.9241,51.9863],[70.9241,51.9863],[70.9241,51.9863],[70.9241,51.9863],[70.9241,51.9863],[70.9241,51.9864],[70.9241,51.9864],[70.9241,51.9864],[70.9241,51.9864],[70.9241,51.9864],[70.9241,51.9864],[70.9241,51.9864],[70.9241,51.9864],[70.9241,51.9864],[70.9241,51.9864],[70.9241,51.9865],[70.9241,51.9865],[70.9241,51.9865],[70.9241,51.9865],[70.9241,51.9865],[70.9241,51.9865],[70.9241,51.9865],[70.9241,51.9865],[70.9241,51.9865],[70.9241,51.9865],[70.9241,51.9866],[70.9241,51.9866],[70.9241,51.9866],[70.9241,51.9866],[70.9241,51.9866],[70.9241,51.9866],[70.924,51.9866],[70.924,51.9866],[70.924,51.9866],[70.924,51.9866],[70.924,51.9866],[70.924,51.9867],[70.924,51.9867],[70.924,51.9867],[70.924,51.9867],[70.924,51.9867],[70.9236,51.9875],[70.9236,51.9875],[70.9248,51.9879],[70.9248,51.9877],[70.9248,51.9876],[70.9248,51.9876],[70.9251,51.9866],[70.9253,51.9863],[70.9259,51.9846]]]],"type":"MultiPolygon"},"geometry_name":"shape","id":"gp_functional_zones.fid--7752831e_19fb67eabdc_7dc5","properties":{"area":2.95796496349458,"creation_doc_id":3617,"deactivation_doc_id":null,"func_zone_status_id":2,"ggk_zone_code":"11010000","ggk_zone_name":"Территория усадебной застройки","gp_func_zone_code":"11010000","gp_func_zone_code_id":19,"id":4731999,"zone_type_id":8},"type":"Feature"},{"bbox":[70.9255,51.9848,70.9273,51.9878],"geometry":{"coordinates":[[[[70.9273,51.9849],[70.9266,51.9848],[70.926,51.9863],[70.9259,51.9867],[70.9258,51.987],[70.9258,51.987],[70.9255,51.9877],[70.9262,51.9878],[70.9265,51.9868],[70.9273,51.9849]]]],"type":"MultiPolygon"},"geometry_name":"shape","id":"gp_functional_zones.fid--7752831e_19fb67eabdc_7dc6","properties":{"area":1.56450878500895,"creation_doc_id":3617,"deactivation_doc_id":null,"func_zone_status_id":2,"ggk_zone_code":"11010000","ggk_zone_name":"Территория усадебной застройки","gp_func_zone_code":"11010000","gp_func_zone_code_id":19,"id":4732000,"zone_type_id":8},"type":"Feature"},{"bbox":[70.9557,51.9845,70.959,51.9869],"geometry":{"coordinates":[[[[70.959,51.9849],[70.9571,51.9845],[70.9568,51.985],[70.9562,51.9861],[70.9562,51.9861],[70.9562,51.9861],[70.9562,51.9861],[70.9562,51.9861],[70.9562,51.9861],[70.9562,51.9861],[70.9562,51.9861],[70.9562,51.9861],[70.9562,51.9861],[70.9562,51.9862],[70.9562,51.9862],[70.9561,51.9862],[70.9561,51.9862],[70.9561,51.9862],[70.9561,51.9862],[70.9561,51.9862],[70.9561,51.9862],[70.9561,51.9862],[70.9561,51.9862],[70.9561,51.9862],[70.9561,51.9862],[70.9561,51.9862],[70.9561,51.9862],[70.9561,51.9862],[70.9561,51.9862],[70.9561,51.9862],[70.9561,51.9862],[70.9561,51.9862],[70.9561,51.9862],[70.9561,51.9862],[70.9561,51.9863],[70.9561,51.9863],[70.9561,51.9863],[70.9561,51.9863],[70.9561,51.9863],[70.9561,51.9863],[70.9561,51.9863],[70.9561,51.9863],[70.9561,51.9863],[70.9561,51.9863],[70.9561,51.9863],[70.9561,51.9863],[70.956,51.9863],[70.956,51.9863],[70.956,51.9863],[70.956,51.9863],[70.956,51.9863],[70.956,51.9863],[70.956,51.9863],[70.956,51.9863],[70.956,51.9863],[70.956,51.9863],[70.956,51.9864],[70.956,51.9864],[70.956,51.9864],[70.956,51.9864],[70.956,51.9864],[70.956,51.9864],[70.956,51.9864],[70.956,51.9864],[70.956,51.9864],[70.956,51.9864],[70.956,51.9864],[70.956,51.9864],[70.956,51.9864],[70.956,51.9864],[70.956,51.9864],[70.956,51.9864],[70.9559,51.9864],[70.9559,51.9864],[70.9559,51.9864],[70.9559,51.9864],[70.9559,51.9864],[70.9559,51.9864],[70.9559,51.9864],[70.9559,51.9865],[70.9559,51.9865],[70.9559,51.9865],[70.9559,51.9865],[70.9559,51.9865],[70.9559,51.9865],[70.9559,51.9865],[70.9559,51.9865],[70.9559,51.9865],[70.9559,51.9865],[70.9559,51.9865],[70.9559,51.9865],[70.9559,51.9865],[70.9559,51.9865],[70.9559,51.9865],[70.9559,51.9865],[70.9559,51.9865],[70.9558,51.9865],[70.9558,51.9865],[70.9558,51.9865],[70.9558,51.9865],[70.9558,51.9865],[70.9558,51.9865],[70.9558,51.9866],[70.9558,51.9866],[70.9558,51.9866],[70.9558,51.9866],[70.9558,51.9866],[70.9558,51.9866],[70.9558,51.9866],[70.9558,51.9866],[70.9558,51.9866],[70.9558,51.9866],[70.9558,51.9866],[70.9558,51.9866],[70.9558,51.9866],[70.9558,51.9866],[70.9558,51.9866],[70.9558,51.9866],[70.9557,51.9866],[70.9557,51.9866],[70.9557,51.9866],[70.9557,51.9866],[70.9557,51.9866],[70.9557,51.9866],[70.9557,51.9866],[70.9557,51.9866],[70.9557,51.9866],[70.9557,51.9867],[70.9557,51.9867],[70.9557,51.9867],[70.9557,51.9867],[70.9557,51.9867],[70.9559,51.9867],[70.9559,51.9867],[70.9559,51.9867],[70.956,51.9867],[70.956,51.9867],[70.956,51.9867],[70.956,51.9867],[70.956,51.9867],[70.956,51.9867],[70.956,51.9867],[70.956,51.9867],[70.956,51.9868],[70.9561,51.9868],[70.9561,51.9868],[70.9561,51.9868],[70.9561,51.9868],[70.9561,51.9868],[70.9561,51.9868],[70.9561,51.9868],[70.9561,51.9868],[70.9561,51.9868],[70.9562,51.9868],[70.9562,51.9868],[70.9562,51.9868],[70.9562,51.9868],[70.9562,51.9868],[70.9562,51.9868],[70.9562,51.9868],[70.9562,51.9868],[70.9563,51.9868],[70.9563,51.9868],[70.9563,51.9868],[70.9563,51.9868],[70.958,51.9869],[70.9585,51.9858],[70.9588,51.9853],[70.959,51.9849]]]],"type":"MultiPolygon"},"geometry_name":"shape","id":"gp_functional_zones.fid--7752831e_19fb67eabdc_7dc7","properties":{"area":3.50102165928256,"creation_doc_id":3617,"deactivation_doc_id":null,"func_zone_status_id":2,"ggk_zone_code":"11010000","ggk_zone_name":"Территория усадебной застройки","gp_func_zone_code":"11010000","gp_func_zone_code_id":19,"id":4732001,"zone_type_id":8},"type":"Feature"},{"bbox":[70.9316,51.9864,70.9335,51.987],"geometry":{"coordinates":[[[[70.9322,51.9868],[70.9322,51.9868],[70.9322,51.9868],[70.9322,51.9868],[70.9322,51.9868],[70.9333,51.9868],[70.9333,51.9868],[70.9333,51.9868],[70.9333,51.9868],[70.9333,51.9868],[70.9333,51.9868],[70.9333,51.9868],[70.9333,51.9868],[70.9333,51.9868],[70.9333,51.9868],[70.9333,51.9868],[70.9333,51.9868],[70.9333,51.9868],[70.9334,51.9868],[70.9334,51.9868],[70.9334,51.9868],[70.9334,51.9868],[70.9334,51.9868],[70.9334,51.9868],[70.9334,51.9868],[70.9334,51.9868],[70.9334,51.9868],[70.9334,51.9868],[70.9334,51.9868],[70.9334,51.9868],[70.9334,51.9868],[70.9334,51.9868],[70.9334,51.9868],[70.9334,51.9868],[70.9334,51.9868],[70.9334,51.9868],[70.9334,51.9867],[70.9334,51.9867],[70.9334,51.9867],[70.9334,51.9867],[70.9335,51.9865],[70.9335,51.9865],[70.9335,51.9865],[70.9335,51.9865],[70.9334,51.9865],[70.933,51.9865],[70.9318,51.9864],[70.9316,51.987],[70.932,51.987],[70.9321,51.987],[70.9321,51.987],[70.9321,51.987],[70.9321,51.9868],[70.9321,51.9868],[70.9321,51.9868],[70.9321,51.9868],[70.9321,51.9868],[70.9321,51.9868],[70.9321,51.9868],[70.9321,51.9868],[70.9321,51.9868],[70.9321,51.9868],[70.9321,51.9868],[70.9321,51.9868],[70.9321,51.9868],[70.9322,51.9868],[70.9322,51.9868],[70.9322,51.9868],[70.9322,51.9868]]]],"type":"MultiPolygon"},"geometry_name":"shape","id":"gp_functional_zones.fid--7752831e_19fb67eabdc_7dc8","properties":{"area":0.591605867906509,"creation_doc_id":3617,"deactivation_doc_id":null,"func_zone_status_id":2,"ggk_zone_code":"11010000","ggk_zone_name":"Территория усадебной застройки","gp_func_zone_code":"11010000","gp_func_zone_code_id":19,"id":4732002,"zone_type_id":8},"type":"Feature"},{"bbox":[70.9296,51.9862,70.9315,51.987],"geometry":{"coordinates":[[[[70.9301,51.9862],[70.9298,51.9862],[70.9298,51.9863],[70.9298,51.9864],[70.9296,51.9869],[70.9309,51.987],[70.9313,51.987],[70.9315,51.9863],[70.9311,51.9863],[70.9304,51.9862],[70.9301,51.9862]]]],"type":"MultiPolygon"},"geometry_name":"shape","id":"gp_functional_zones.fid--7752831e_19fb67eabdc_7dc9","properties":{"area":0.863365288905355,"creation_doc_id":3617,"deactivation_doc_id":null,"func_zone_status_id":2,"ggk_zone_code":"11010000","ggk_zone_name":"Территория усадебной застройки","gp_func_zone_code":"11010000","gp_func_zone_code_id":19,"id":4732003,"zone_type_id":8},"type":"Feature"},{"bbox":[70.9624,51.9851,70.9673,51.9863],"geometry":{"coordinates":[[[70.9673,51.9859],[70.9649,51.9855],[70.9627,51.9852],[70.9625,51.9852],[70.9624,51.9852],[70.9624,51.986],[70.9633,51.986],[70.9634,51.986],[70.9635,51.986],[70.9636,51.986],[70.9655,51.9863],[70.9656,51.9863],[70.9657,51.9863],[70.9673,51.9863],[70.9673,51.9859]]],"type":"Polygon"},"geometry_name":"shape","id":"gp_functional_zones.fid--7752831e_19fb67eabdc_7dca","properties":{"area":2.51501951962644,"creation_doc_id":3617,"deactivation_doc_id":null,"func_zone_status_id":2,"ggk_zone_code":"11010000","ggk_zone_name":"Территория усадебной застройки","gp_func_zone_code":"11010000","gp_func_zone_code_id":19,"id":4732004,"zone_type_id":8},"type":"Feature"},{"bbox":[70.9454,51.9848,70.9477,51.9866],"geometry":{"coordinates":[[[[70.9477,51.9848],[70.9455,51.9848],[70.9454,51.9853],[70.9454,51.9854],[70.9454,51.9854],[70.9454,51.9858],[70.9454,51.9858],[70.9454,51.9858],[70.9454,51.9858],[70.9454,51.9858],[70.9454,51.9859],[70.9454,51.9859],[70.9454,51.9859],[70.9454,51.9859],[70.9454,51.9859],[70.9454,51.9859],[70.9454,51.9859],[70.9454,51.9859],[70.9454,51.9859],[70.9454,51.9859],[70.9454,51.9859],[70.9454,51.9859],[70.9454,51.9863],[70.9455,51.9863],[70.9455,51.9863],[70.9455,51.9863],[70.9455,51.9863],[70.9455,51.9863],[70.9455,51.9863],[70.9455,51.9863],[70.9455,51.9863],[70.9455,51.9863],[70.9455,51.9863],[70.9455,51.9863],[70.9455,51.9863],[70.9455,51.9863],[70.9456,51.9863],[70.9456,51.9863],[70.9456,51.9863],[70.9456,51.9863],[70.9467,51.9865],[70.9472,51.9866],[70.9472,51.9866],[70.9477,51.9854],[70.9477,51.9854],[70.9477,51.9854],[70.9477,51.9854],[70.9477,51.9854],[70.9477,51.9854],[70.9477,51.9854],[70.9477,51.9854],[70.9477,51.9854],[70.9477,51.9853],[70.9477,51.9853],[70.9477,51.9853],[70.9477,51.9853],[70.9477,51.9853],[70.9477,51.9853],[70.9477,51.9853],[70.9477,51.9853],[70.9477,51.9853],[70.9477,51.9853],[70.9477,51.9853],[70.9477,51.9853],[70.9477,51.9853],[70.9477,51.9853],[70.9477,51.9853],[70.9477,51.9852],[70.9477,51.9852],[70.9477,51.9852],[70.9477,51.9852],[70.9477,51.9852],[70.9477,51.9852],[70.9477,51.9852],[70.9477,51.9852],[70.9477,51.9852],[70.9477,51.9852],[70.9477,51.9852],[70.9477,51.9852],[70.9477,51.9852],[70.9477,51.9852],[70.9477,51.9851],[70.9477,51.9851],[70.9477,51.9851],[70.9477,51.9851],[70.9477,51.9851],[70.9477,51.9851],[70.9477,51.9851],[70.9477,51.9851],[70.9477,51.9851],[70.9477,51.9851],[70.9477,51.9851],[70.9477,51.9851],[70.9477,51.9851],[70.9477,51.9851],[70.9477,51.985],[70.9477,51.985],[70.9477,51.985],[70.9477,51.985],[70.9477,51.985],[70.9477,51.985],[70.9477,51.985],[70.9477,51.985],[70.9477,51.985],[70.9477,51.985],[70.9477,51.985],[70.9477,51.985],[70.9477,51.985],[70.9477,51.985],[70.9477,51.9849],[70.9477,51.9849],[70.9477,51.9849],[70.9477,51.9849],[70.9477,51.9849],[70.9477,51.9849],[70.9477,51.9849],[70.9477,51.9849],[70.9477,51.9849],[70.9477,51.9849],[70.9477,51.9849],[70.9477,51.9849],[70.9477,51.9849],[70.9477,51.9849],[70.9477,51.9848],[70.9477,51.9848],[70.9477,51.9848],[70.9477,51.9848],[70.9477,51.9848],[70.9477,51.9848],[70.9477,51.9848]]]],"type":"MultiPolygon"},"geometry_name":"shape","id":"gp_functional_zones.fid--7752831e_19fb67eabdc_7dcb","properties":{"area":2.66147220864188,"creation_doc_id":3617,"deactivation_doc_id":null,"func_zone_status_id":2,"ggk_zone_code":"11010000","ggk_zone_name":"Территория усадебной застройки","gp_func_zone_code":"11010000","gp_func_zone_code_id":19,"id":4732005,"zone_type_id":8},"type":"Feature"},{"bbox":[70.9275,51.986,70.9296,51.9868],"geometry":{"coordinates":[[[70.9277,51.986],[70.9275,51.9866],[70.9276,51.9866],[70.9276,51.9867],[70.9293,51.9868],[70.9294,51.9866],[70.9295,51.9862],[70.9287,51.9861],[70.9278,51.986],[70.9277,51.986]]],"type":"Polygon"},"geometry_name":"shape","id":"gp_functional_zones.fid--7752831e_19fb67eabdc_7dcc","properties":{"area":0.993481270403426,"creation_doc_id":3617,"deactivation_doc_id":null,"func_zone_status_id":2,"ggk_zone_code":"11010000","ggk_zone_name":"Территория усадебной застройки","gp_func_zone_code":"11010000","gp_func_zone_code_id":19,"id":4732006,"zone_type_id":8},"type":"Feature"},{"bbox":[70.9381,51.9855,70.9421,51.9865],"geometry":{"coordinates":[[[[70.9421,51.9862],[70.9421,51.9855],[70.941,51.9855],[70.941,51.9855],[70.941,51.9855],[70.941,51.9855],[70.941,51.9855],[70.9409,51.9855],[70.9409,51.9855],[70.9409,51.9855],[70.9409,51.9855],[70.9409,51.9855],[70.9409,51.9855],[70.9408,51.9855],[70.9408,51.9855],[70.9408,51.9855],[70.9408,51.9855],[70.9408,51.9855],[70.9408,51.9855],[70.9408,51.9855],[70.9407,51.9855],[70.9407,51.9855],[70.9407,51.9855],[70.9407,51.9855],[70.9407,51.9855],[70.9407,51.9855],[70.9407,51.9855],[70.9406,51.9855],[70.9406,51.9855],[70.9406,51.9855],[70.9406,51.9855],[70.9406,51.9855],[70.9406,51.9855],[70.9406,51.9855],[70.9405,51.9855],[70.9405,51.9855],[70.9405,51.9855],[70.9405,51.9855],[70.9405,51.9855],[70.9405,51.9855],[70.9405,51.9855],[70.9404,51.9856],[70.9404,51.9856],[70.9404,51.9856],[70.9404,51.9856],[70.9404,51.9856],[70.9404,51.9856],[70.9404,51.9856],[70.9403,51.9856],[70.9403,51.9856],[70.9403,51.9856],[70.9403,51.9856],[70.9403,51.9856],[70.9403,51.9856],[70.9403,51.9856],[70.9403,51.9856],[70.9402,51.9856],[70.9402,51.9856],[70.9402,51.9856],[70.9402,51.9856],[70.9402,51.9856],[70.9402,51.9857],[70.9402,51.9857],[70.9402,51.9857],[70.9401,51.9857],[70.9401,51.9857],[70.9401,51.9857],[70.9398,51.9858],[70.9398,51.9858],[70.9398,51.9858],[70.9398,51.9858],[70.9398,51.9858],[70.9398,51.9859],[70.9398,51.9859],[70.9398,51.9859],[70.9398,51.9859],[70.9398,51.9859],[70.9398,51.9859],[70.9398,51.9859],[70.9398,51.9859],[70.9398,51.9859],[70.9397,51.9859],[70.9397,51.9859],[70.9397,51.9859],[70.9397,51.9859],[70.9397,51.9859],[70.9397,51.9859],[70.9397,51.9859],[70.9397,51.9859],[70.9397,51.9859],[70.9397,51.9859],[70.9397,51.9859],[70.9397,51.9859],[70.9397,51.9859],[70.9396,51.9859],[70.9396,51.9859],[70.9396,51.9859],[70.9396,51.9859],[70.9396,51.9859],[70.9396,51.9859],[70.9396,51.9859],[70.9396,51.9859],[70.9396,51.986],[70.9396,51.986],[70.9396,51.986],[70.9396,51.986],[70.9396,51.986],[70.9395,51.986],[70.9395,51.986],[70.9395,51.986],[70.9395,51.986],[70.9395,51.986],[70.9395,51.986],[70.9395,51.986],[70.9395,51.986],[70.9395,51.986],[70.9395,51.986],[70.9395,51.986],[70.9395,51.986],[70.9394,51.986],[70.9394,51.986],[70.9394,51.986],[70.9394,51.986],[70.9394,51.986],[70.9394,51.986],[70.9394,51.986],[70.9394,51.986],[70.9394,51.986],[70.9394,51.986],[70.9394,51.986],[70.9394,51.986],[70.9393,51.986],[70.9393,51.986],[70.9393,51.986],[70.9393,51.986],[70.9393,51.986],[70.9393,51.986],[70.9393,51.986],[70.9393,51.986],[70.9393,51.986],[70.9393,51.986],[70.9393,51.986],[70.9393,51.986],[70.9392,51.986],[70.9392,51.986],[70.9392,51.986],[70.9392,51.9861],[70.9392,51.9861],[70.9392,51.9861],[70.9392,51.9861],[70.9392,51.9861],[70.9392,51.9861],[70.9392,51.9861],[70.9392,51.9861],[70.9391,51.9861],[70.9391,51.9861],[70.9391,51.9861],[70.9391,51.9861],[70.9391,51.9861],[70.9391,51.9861],[70.9391,51.9861],[70.9391,51.9861],[70.9391,51.9861],[70.9391,51.9861],[70.9391,51.9861],[70.939,51.9861],[70.939,51.9861],[70.939,51.9861],[70.939,51.9861],[70.939,51.9861],[70.939,51.9861],[70.939,51.9861],[70.939,51.9861],[70.939,51.9861],[70.939,51.9861],[70.939,51.9861],[70.9389,51.9861],[70.9389,51.9861],[70.9389,51.9861],[70.9389,51.9861],[70.9389,51.9861],[70.9389,51.9861],[70.9389,51.9861],[70.9389,51.9861],[70.9389,51.9861],[70.9389,51.9861],[70.9389,51.9861],[70.9388,51.9861],[70.9388,51.9861],[70.9388,51.9861],[70.9388,51.9861],[70.9388,51.9861],[70.9388,51.9861],[70.9388,51.9861],[70.9388,51.9861],[70.9388,51.9861],[70.9381,51.9861],[70.9381,51.9865],[70.9381,51.9865],[70.9381,51.9865],[70.9381,51.9865],[70.9382,51.9865],[70.9382,51.9865],[70.9382,51.9865],[70.9382,51.9865],[70.9382,51.9865],[70.9382,51.9865],[70.9382,51.9865],[70.9383,51.9865],[70.9383,51.9865],[70.9383,51.9865],[70.9383,51.9865],[70.9383,51.9865],[70.9383,51.9865],[70.9383,51.9865],[70.9384,51.9865],[70.9384,51.9865],[70.9384,51.9864],[70.9384,51.9864],[70.9384,51.9864],[70.9384,51.9864],[70.9384,51.9864],[70.9385,51.9864],[70.9385,51.9864],[70.9385,51.9864],[70.9385,51.9864],[70.9385,51.9864],[70.9385,51.9864],[70.9385,51.9864],[70.9386,51.9864],[70.9389,51.9864],[70.9393,51.9864],[70.9393,51.9864],[70.9393,51.9864],[70.9393,51.9864],[70.9394,51.9864],[70.9394,51.9864],[70.9394,51.9864],[70.9394,51.9864],[70.9394,51.9864],[70.9394,51.9864],[70.9394,51.9864],[70.9394,51.9864],[70.9395,51.9863],[70.9395,51.9863],[70.9395,51.9863],[70.9395,51.9863],[70.9395,51.9863],[70.9395,51.9863],[70.9395,51.9863],[70.9395,51.9863],[70.9395,51.9863],[70.9396,51.9863],[70.9396,51.9863],[70.9396,51.9863],[70.9396,51.9863],[70.9396,51.9863],[70.9396,51.9863],[70.9396,51.9863],[70.9396,51.9863],[70.9397,51.9863],[70.9397,51.9863],[70.9397,51.9863],[70.9397,51.9863],[70.9397,51.9863],[70.9397,51.9863],[70.9397,51.9863],[70.9397,51.9863],[70.9398,51.9863],[70.9398,51.9863],[70.9398,51.9863],[70.9398,51.9863],[70.9398,51.9863],[70.9398,51.9863],[70.9398,51.9863],[70.9398,51.9863],[70.9398,51.9863],[70.9399,51.9863],[70.9399,51.9863],[70.9399,51.9863],[70.9399,51.9863],[70.9399,51.9863],[70.9399,51.9863],[70.9399,51.9863],[70.9399,51.9863],[70.94,51.9863],[70.94,51.9863],[70.94,51.9863],[70.94,51.9863],[70.94,51.9863],[70.94,51.9863],[70.94,51.9863],[70.94,51.9863],[70.9401,51.9863],[70.9401,51.9863],[70.9401,51.9863],[70.9421,51.9862]]]],"type":"MultiPolygon"},"geometry_name":"shape","id":"gp_functional_zones.fid--7752831e_19fb67eabdc_7dcd","properties":{"area":1.72782166221582,"creation_doc_id":3617,"deactivation_doc_id":null,"func_zone_status_id":2,"ggk_zone_code":"11010000","ggk_zone_name":"Территория усадебной застройки","gp_func_zone_code":"11010000","gp_func_zone_code_id":19,"id":4732007,"zone_type_id":8},"type":"Feature"},{"bbox":[70.9338,51.9849,70.9377,51.9865],"geometry":{"coordinates":[[[[70.9355,51.9855],[70.9351,51.9849],[70.9351,51.9849],[70.9351,51.9849],[70.935,51.9849],[70.935,51.9849],[70.935,51.9849],[70.935,51.9849],[70.935,51.9849],[70.935,51.9849],[70.935,51.9849],[70.935,51.9849],[70.9349,51.9849],[70.9349,51.9849],[70.9349,51.9849],[70.9349,51.985],[70.9349,51.985],[70.9349,51.985],[70.9349,51.985],[70.9348,51.985],[70.9348,51.985],[70.9348,51.985],[70.9348,51.985],[70.9348,51.985],[70.9348,51.985],[70.9348,51.985],[70.9348,51.985],[70.9347,51.985],[70.9347,51.985],[70.9347,51.985],[70.9347,51.985],[70.9347,51.985],[70.9347,51.985],[70.9347,51.985],[70.9339,51.9852],[70.9339,51.9852],[70.9339,51.9852],[70.9339,51.9852],[70.9339,51.9852],[70.9339,51.9852],[70.9339,51.9852],[70.9338,51.9852],[70.9338,51.9852],[70.9344,51.9863],[70.9345,51.9864],[70.9355,51.9864],[70.9362,51.9864],[70.9377,51.9865],[70.9377,51.9861],[70.937,51.9861],[70.937,51.9861],[70.9369,51.9861],[70.9369,51.9861],[70.9369,51.9861],[70.9369,51.9861],[70.9369,51.9861],[70.9369,51.9861],[70.9369,51.9861],[70.9368,51.9861],[70.9368,51.9861],[70.9368,51.9861],[70.9368,51.9861],[70.9368,51.9861],[70.9368,51.9861],[70.9368,51.9861],[70.9367,51.9861],[70.9367,51.9861],[70.9367,51.9861],[70.9367,51.9861],[70.9367,51.9861],[70.9367,51.9861],[70.9367,51.9861],[70.9366,51.9861],[70.9366,51.9861],[70.9366,51.9861],[70.9366,51.9861],[70.9366,51.9861],[70.9366,51.9861],[70.9366,51.9861],[70.9365,51.986],[70.9365,51.986],[70.9365,51.986],[70.9365,51.986],[70.9365,51.986],[70.9365,51.986],[70.9365,51.986],[70.9364,51.986],[70.9364,51.986],[70.9364,51.986],[70.9364,51.986],[70.9364,51.986],[70.9364,51.986],[70.9364,51.986],[70.9364,51.986],[70.9363,51.986],[70.9363,51.986],[70.9363,51.986],[70.9363,51.986],[70.9363,51.986],[70.9363,51.986],[70.9363,51.986],[70.9362,51.986],[70.9362,51.986],[70.9362,51.986],[70.9362,51.986],[70.9362,51.986],[70.9362,51.986],[70.9362,51.986],[70.9362,51.9859],[70.9361,51.9859],[70.9361,51.9859],[70.9361,51.9859],[70.9361,51.9859],[70.9361,51.9859],[70.9361,51.9859],[70.9361,51.9859],[70.9361,51.9859],[70.9361,51.9859],[70.936,51.9859],[70.936,51.9859],[70.936,51.9859],[70.936,51.9859],[70.936,51.9859],[70.936,51.9859],[70.936,51.9859],[70.936,51.9859],[70.936,51.9859],[70.9359,51.9859],[70.9359,51.9858],[70.9359,51.9858],[70.9359,51.9858],[70.9359,51.9858],[70.9359,51.9858],[70.9359,51.9858],[70.9359,51.9858],[70.9359,51.9858],[70.9358,51.9858],[70.9358,51.9858],[70.9358,51.9858],[70.9358,51.9858],[70.9358,51.9858],[70.9358,51.9858],[70.9358,51.9858],[70.9358,51.9858],[70.9358,51.9857],[70.9358,51.9857],[70.9357,51.9857],[70.9357,51.9857],[70.9357,51.9857],[70.9357,51.9857],[70.9357,51.9857],[70.9357,51.9857],[70.9357,51.9857],[70.9357,51.9857],[70.9357,51.9857],[70.9357,51.9857],[70.9357,51.9857],[70.9357,51.9857],[70.9356,51.9856],[70.9356,51.9856],[70.9356,51.9856],[70.9356,51.9856],[70.9356,51.9856],[70.9356,51.9856],[70.9356,51.9856],[70.9356,51.9856],[70.9356,51.9856],[70.9356,51.9856],[70.9356,51.9856],[70.9356,51.9856],[70.9356,51.9856],[70.9355,51.9855],[70.9355,51.9855],[70.9355,51.9855],[70.9355,51.9855],[70.9355,51.9855],[70.9355,51.9855],[70.9355,51.9855]]]],"type":"MultiPolygon"},"geometry_name":"shape","id":"gp_functional_zones.fid--7752831e_19fb67eabdc_7dce","properties":{"area":2.17422000688005,"creation_doc_id":3617,"deactivation_doc_id":null,"func_zone_status_id":2,"ggk_zone_code":"11010000","ggk_zone_name":"Территория усадебной застройки","gp_func_zone_code":"11010000","gp_func_zone_code_id":19,"id":4732010,"zone_type_id":8},"type":"Feature"},{"bbox":[70.9439,51.9847,70.9453,51.9862],"geometry":{"coordinates":[[[[70.9444,51.9848],[70.9439,51.9847],[70.9439,51.9862],[70.9443,51.9862],[70.9447,51.9862],[70.9449,51.9862],[70.9449,51.9862],[70.9449,51.9862],[70.9449,51.9862],[70.9449,51.9862],[70.9449,51.9862],[70.945,51.9862],[70.945,51.9862],[70.945,51.9862],[70.945,51.9862],[70.945,51.9862],[70.945,51.9862],[70.945,51.9862],[70.945,51.9862],[70.945,51.9862],[70.945,51.9862],[70.945,51.9862],[70.945,51.9862],[70.945,51.9862],[70.945,51.9862],[70.9451,51.9862],[70.9451,51.9862],[70.9451,51.9862],[70.9451,51.9862],[70.9451,51.9862],[70.9451,51.9862],[70.9451,51.9862],[70.9451,51.9862],[70.9451,51.9862],[70.9451,51.9862],[70.9451,51.9862],[70.9451,51.9862],[70.9451,51.9862],[70.9451,51.9859],[70.9451,51.9859],[70.9451,51.9859],[70.9451,51.9859],[70.9451,51.9859],[70.9451,51.9859],[70.9451,51.9859],[70.9451,51.9859],[70.9451,51.9859],[70.9451,51.9859],[70.9451,51.9859],[70.9451,51.9859],[70.9451,51.9859],[70.9451,51.9859],[70.9451,51.9859],[70.9451,51.9859],[70.9451,51.9859],[70.9451,51.9859],[70.9451,51.9859],[70.9451,51.9859],[70.9451,51.9859],[70.9451,51.9859],[70.9451,51.9858],[70.9451,51.9858],[70.9451,51.9858],[70.9451,51.9858],[70.9451,51.9858],[70.9452,51.9858],[70.9452,51.9858],[70.9452,51.9858],[70.9452,51.9858],[70.9452,51.9858],[70.9452,51.9858],[70.9452,51.9854],[70.9453,51.9848],[70.9444,51.9848]]]],"type":"MultiPolygon"},"geometry_name":"shape","id":"gp_functional_zones.fid--7752831e_19fb67eabdc_7dcf","properties":{"area":1.41631858199986,"creation_doc_id":3617,"deactivation_doc_id":null,"func_zone_status_id":2,"ggk_zone_code":"11010000","ggk_zone_name":"Территория усадебной застройки","gp_func_zone_code":"11010000","gp_func_zone_code_id":19,"id":4732011,"zone_type_id":8},"type":"Feature"},{"bbox":[70.923,51.9851,70.9242,51.9866],"geometry":{"coordinates":[[[[70.9237,51.9851],[70.9237,51.9851],[70.923,51.9864],[70.923,51.9864],[70.9238,51.9866],[70.9238,51.9866],[70.9238,51.9866],[70.9238,51.9866],[70.9238,51.9866],[70.9238,51.9866],[70.9238,51.9866],[70.9238,51.9866],[70.9238,51.9866],[70.9238,51.9865],[70.9239,51.9865],[70.9239,51.9865],[70.9239,51.9865],[70.9239,51.9865],[70.9239,51.9865],[70.9239,51.9865],[70.9239,51.9865],[70.9239,51.9865],[70.9239,51.9865],[70.9239,51.9865],[70.9239,51.9865],[70.9239,51.9865],[70.9239,51.9865],[70.9239,51.9865],[70.9239,51.9865],[70.9239,51.9865],[70.9239,51.9865],[70.9239,51.9865],[70.9239,51.9865],[70.9239,51.9865],[70.9239,51.9865],[70.9239,51.9865],[70.9239,51.9865],[70.9239,51.9865],[70.9239,51.9864],[70.9239,51.9864],[70.9239,51.9864],[70.9239,51.9864],[70.9239,51.9864],[70.9239,51.9864],[70.9239,51.9864],[70.9239,51.9864],[70.9239,51.9864],[70.9239,51.9864],[70.9239,51.9864],[70.9239,51.9864],[70.9239,51.9864],[70.9239,51.9864],[70.9239,51.9864],[70.9239,51.9864],[70.9239,51.9864],[70.9239,51.9864],[70.9239,51.9864],[70.9239,51.9864],[70.9239,51.9864],[70.9239,51.9864],[70.9239,51.9864],[70.9239,51.9864],[70.9239,51.9864],[70.9239,51.9863],[70.9239,51.9863],[70.9239,51.9863],[70.9239,51.9863],[70.9239,51.9863],[70.9239,51.9863],[70.9239,51.9863],[70.9239,51.9863],[70.9239,51.9863],[70.9239,51.9863],[70.9239,51.9863],[70.9239,51.9863],[70.9239,51.9863],[70.9239,51.9863],[70.9239,51.9863],[70.9239,51.9863],[70.9239,51.9863],[70.9239,51.9863],[70.9239,51.9863],[70.9239,51.9863],[70.9239,51.9863],[70.9239,51.9863],[70.9239,51.9863],[70.9239,51.9863],[70.9239,51.9862],[70.9239,51.9862],[70.9239,51.9862],[70.9239,51.9862],[70.9239,51.9862],[70.9239,51.9862],[70.9239,51.9862],[70.9239,51.9862],[70.9239,51.9862],[70.9239,51.9862],[70.9239,51.9862],[70.9239,51.9862],[70.9239,51.9862],[70.9239,51.9862],[70.9239,51.9862],[70.9239,51.9862],[70.9239,51.9862],[70.9239,51.9862],[70.9239,51.9862],[70.9239,51.9862],[70.9239,51.9862],[70.9239,51.9862],[70.9239,51.9862],[70.9239,51.9862],[70.9239,51.9861],[70.9239,51.9861],[70.9239,51.9861],[70.9239,51.9861],[70.9239,51.9861],[70.9239,51.9861],[70.9239,51.9861],[70.9239,51.9861],[70.9239,51.9861],[70.9239,51.9861],[70.9239,51.9861],[70.9239,51.9861],[70.9239,51.9861],[70.9239,51.9861],[70.9239,51.9861],[70.9239,51.9861],[70.9239,51.9861],[70.9239,51.9861],[70.9239,51.9861],[70.9239,51.9861],[70.9239,51.9861],[70.9239,51.9861],[70.9239,51.9861],[70.9239,51.9861],[70.9239,51.986],[70.9239,51.986],[70.9239,51.986],[70.9239,51.986],[70.9239,51.986],[70.9239,51.986],[70.9239,51.986],[70.9239,51.986],[70.9239,51.986],[70.9239,51.986],[70.9239,51.986],[70.9239,51.986],[70.9239,51.986],[70.9239,51.986],[70.9239,51.986],[70.9239,51.986],[70.9239,51.986],[70.9239,51.986],[70.924,51.986],[70.924,51.986],[70.924,51.986],[70.924,51.986],[70.924,51.9859],[70.924,51.9859],[70.924,51.9859],[70.924,51.9859],[70.924,51.9859],[70.924,51.9859],[70.924,51.9859],[70.924,51.9859],[70.924,51.9859],[70.924,51.9859],[70.924,51.9859],[70.924,51.9859],[70.924,51.9859],[70.924,51.9859],[70.924,51.9859],[70.924,51.9859],[70.924,51.9859],[70.924,51.9859],[70.924,51.9859],[70.924,51.9859],[70.924,51.9859],[70.924,51.9858],[70.924,51.9858],[70.924,51.9858],[70.924,51.9858],[70.924,51.9858],[70.924,51.9858],[70.924,51.9858],[70.924,51.9858],[70.924,51.9858],[70.924,51.9858],[70.924,51.9858],[70.924,51.9858],[70.924,51.9858],[70.924,51.9858],[70.924,51.9858],[70.924,51.9858],[70.924,51.9858],[70.924,51.9858],[70.924,51.9858],[70.924,51.9858],[70.924,51.9858],[70.924,51.9858],[70.924,51.9857],[70.924,51.9857],[70.924,51.9857],[70.924,51.9857],[70.924,51.9857],[70.924,51.9857],[70.924,51.9857],[70.924,51.9857],[70.924,51.9857],[70.924,51.9857],[70.924,51.9857],[70.924,51.9857],[70.924,51.9857],[70.924,51.9857],[70.924,51.9857],[70.924,51.9857],[70.924,51.9857],[70.924,51.9857],[70.924,51.9857],[70.924,51.9857],[70.924,51.9857],[70.924,51.9857],[70.924,51.9856],[70.924,51.9856],[70.924,51.9856],[70.924,51.9856],[70.924,51.9856],[70.924,51.9856],[70.924,51.9856],[70.924,51.9856],[70.924,51.9856],[70.924,51.9856],[70.924,51.9856],[70.924,51.9856],[70.924,51.9856],[70.924,51.9856],[70.924,51.9856],[70.924,51.9856],[70.924,51.9856],[70.924,51.9856],[70.924,51.9856],[70.924,51.9856],[70.924,51.9856],[70.9241,51.9856],[70.9241,51.9856],[70.9241,51.9855],[70.9241,51.9855],[70.9241,51.9855],[70.9241,51.9855],[70.9241,51.9855],[70.9241,51.9855],[70.9241,51.9855],[70.9241,51.9855],[70.9241,51.9855],[70.9241,51.9855],[70.9241,51.9855],[70.9241,51.9855],[70.9241,51.9855],[70.9241,51.9855],[70.9241,51.9855],[70.9241,51.9855],[70.9242,51.9852],[70.9237,51.9851]]]],"type":"MultiPolygon"},"geometry_name":"shape","id":"gp_functional_zones.fid--7752831e_19fb67eabdc_7dd0","properties":{"area":0.75033388579116,"creation_doc_id":3617,"deactivation_doc_id":null,"func_zone_status_id":2,"ggk_zone_code":"11010000","ggk_zone_name":"Территория усадебной застройки","gp_func_zone_code":"11010000","gp_func_zone_code_id":19,"id":4732018,"zone_type_id":8},"type":"Feature"},{"bbox":[70.9318,51.984,70.9341,51.9864],"geometry":{"coordinates":[[[[70.9331,51.9846],[70.9328,51.984],[70.9324,51.9841],[70.9324,51.9841],[70.9323,51.9846],[70.9323,51.9847],[70.9321,51.9851],[70.9321,51.9851],[70.9321,51.9852],[70.932,51.9858],[70.9319,51.9858],[70.9319,51.9859],[70.9318,51.9862],[70.933,51.9863],[70.9341,51.9864],[70.9338,51.9859],[70.9338,51.9858],[70.9334,51.9852],[70.9334,51.9852],[70.9334,51.9852],[70.9331,51.9847],[70.9331,51.9846]]]],"type":"MultiPolygon"},"geometry_name":"shape","id":"gp_functional_zones.fid--7752831e_19fb67eabdc_7dd1","properties":{"area":2.24634146607703,"creation_doc_id":3617,"deactivation_doc_id":null,"func_zone_status_id":2,"ggk_zone_code":"11010000","ggk_zone_name":"Территория усадебной застройки","gp_func_zone_code":"11010000","gp_func_zone_code_id":19,"id":4732019,"zone_type_id":8},"type":"Feature"},{"bbox":[70.9548,51.9842,70.9567,51.986],"geometry":{"coordinates":[[[[70.9567,51.9844],[70.9557,51.9842],[70.9548,51.9857],[70.9548,51.9857],[70.9548,51.9857],[70.9548,51.9857],[70.9548,51.9858],[70.9548,51.9858],[70.9548,51.9858],[70.9548,51.9858],[70.9548,51.9858],[70.9548,51.9858],[70.9549,51.9858],[70.9549,51.9858],[70.9549,51.9858],[70.9549,51.9858],[70.9549,51.9858],[70.9549,51.9858],[70.9549,51.9858],[70.9558,51.986],[70.9564,51.9849],[70.9567,51.9844]]]],"type":"MultiPolygon"},"geometry_name":"shape","id":"gp_functional_zones.fid--7752831e_19fb67eabdc_7dd2","properties":{"area":1.33731047135153,"creation_doc_id":3617,"deactivation_doc_id":null,"func_zone_status_id":2,"ggk_zone_code":"11010000","ggk_zone_name":"Территория усадебной застройки","gp_func_zone_code":"11010000","gp_func_zone_code_id":19,"id":4732020,"zone_type_id":8},"type":"Feature"},{"bbox":[70.9424,51.9847,70.9436,51.9862],"geometry":{"coordinates":[[[[70.9436,51.9847],[70.9425,51.9847],[70.9424,51.9862],[70.9431,51.9862],[70.9435,51.9862],[70.9436,51.9862],[70.9436,51.9847]]]],"type":"MultiPolygon"},"geometry_name":"shape","id":"gp_functional_zones.fid--7752831e_19fb67eabdc_7dd3","properties":{"area":1.31822390775028,"creation_doc_id":3617,"deactivation_doc_id":null,"func_zone_status_id":2,"ggk_zone_code":"11010000","ggk_zone_name":"Территория усадебной застройки","gp_func_zone_code":"11010000","gp_func_zone_code_id":19,"id":4732021,"zone_type_id":8},"type":"Feature"},{"bbox":[70.9599,51.9849,70.9611,51.9859],"geometry":{"coordinates":[[[[70.9604,51.9849],[70.9604,51.9849],[70.9599,51.9857],[70.9605,51.9859],[70.9611,51.985],[70.9604,51.9849]]]],"type":"MultiPolygon"},"geometry_name":"shape","id":"gp_functional_zones.fid--7752831e_19fb67eabdc_7dd4","properties":{"area":0.501411526777251,"creation_doc_id":3617,"deactivation_doc_id":null,"func_zone_status_id":2,"ggk_zone_code":"11010000","ggk_zone_name":"Территория усадебной застройки","gp_func_zone_code":"11010000","gp_func_zone_code_id":19,"id":4732022,"zone_type_id":8},"type":"Feature"},{"bbox":[70.9652,51.9846,70.9673,51.9856],"geometry":{"coordinates":[[[[70.9673,51.985],[70.9656,51.9846],[70.9654,51.985],[70.9652,51.9853],[70.9673,51.9856],[70.9673,51.985]]]],"type":"MultiPolygon"},"geometry_name":"shape","id":"gp_functional_zones.fid--7752831e_19fb67eabdc_7dd5","properties":{"area":1.05796933058946,"creation_doc_id":3617,"deactivation_doc_id":null,"func_zone_status_id":2,"ggk_zone_code":"11010000","ggk_zone_name":"Территория усадебной застройки","gp_func_zone_code":"11010000","gp_func_zone_code_id":19,"id":4732023,"zone_type_id":8},"type":"Feature"},{"bbox":[70.959,51.9847,70.9602,51.9857],"geometry":{"coordinates":[[[[70.9602,51.9848],[70.9594,51.9847],[70.9593,51.9848],[70.9591,51.9853],[70.959,51.9855],[70.9597,51.9857],[70.9602,51.9848],[70.9602,51.9848]]]],"type":"MultiPolygon"},"geometry_name":"shape","id":"gp_functional_zones.fid--7752831e_19fb67eabdc_7dd6","properties":{"area":0.540846393814522,"creation_doc_id":3617,"deactivation_doc_id":null,"func_zone_status_id":2,"ggk_zone_code":"11010000","ggk_zone_name":"Территория усадебной застройки","gp_func_zone_code":"11010000","gp_func_zone_code_id":19,"id":4732024,"zone_type_id":8},"type":"Feature"},{"bbox":[70.9615,51.9838,70.9654,51.9853],"geometry":{"coordinates":[[[[70.9652,51.9849],[70.9652,51.9848],[70.9654,51.9846],[70.9621,51.9838],[70.962,51.9841],[70.9619,51.9842],[70.9618,51.9843],[70.9615,51.9849],[70.9622,51.985],[70.9622,51.985],[70.9622,51.985],[70.9622,51.985],[70.9622,51.985],[70.9622,51.985],[70.9622,51.985],[70.9622,51.985],[70.9622,51.985],[70.9626,51.9849],[70.9626,51.9849],[70.9626,51.9849],[70.9626,51.9849],[70.9626,51.9849],[70.9626,51.9849],[70.9626,51.9849],[70.9626,51.9849],[70.9626,51.9849],[70.9627,51.9849],[70.9627,51.9849],[70.9627,51.9849],[70.9627,51.9849],[70.9627,51.9849],[70.9627,51.9849],[70.9627,51.9849],[70.9627,51.9849],[70.9627,51.9849],[70.9627,51.9849],[70.9627,51.9849],[70.9627,51.9849],[70.9628,51.9849],[70.9628,51.9849],[70.9628,51.9849],[70.9628,51.9849],[70.9628,51.9849],[70.9628,51.9849],[70.9628,51.9849],[70.9628,51.9849],[70.9628,51.9849],[70.9628,51.9849],[70.9628,51.9849],[70.9628,51.9849],[70.9631,51.985],[70.9632,51.985],[70.9649,51.9853],[70.9652,51.9849]]]],"type":"MultiPolygon"},"geometry_name":"shape","id":"gp_functional_zones.fid--7752831e_19fb67eabdc_7dd7","properties":{"area":2.41642824875292,"creation_doc_id":3617,"deactivation_doc_id":null,"func_zone_status_id":2,"ggk_zone_code":"11010000","ggk_zone_name":"Территория усадебной застройки","gp_func_zone_code":"11010000","gp_func_zone_code_id":19,"id":4732025,"zone_type_id":8},"type":"Feature"},{"bbox":[70.9402,51.9843,70.9422,51.9854],"geometry":{"coordinates":[[[[70.9409,51.9853],[70.941,51.9853],[70.941,51.9853],[70.941,51.9853],[70.941,51.9853],[70.941,51.9853],[70.941,51.9853],[70.941,51.9853],[70.941,51.9853],[70.941,51.9853],[70.941,51.9853],[70.9421,51.9853],[70.9422,51.9846],[70.9422,51.9846],[70.9422,51.9846],[70.9422,51.9846],[70.9422,51.9846],[70.9422,51.9846],[70.9422,51.9846],[70.9422,51.9846],[70.9422,51.9846],[70.9421,51.9846],[70.9421,51.9846],[70.9421,51.9846],[70.9421,51.9846],[70.9421,51.9846],[70.9421,51.9846],[70.9421,51.9846],[70.9421,51.9846],[70.9421,51.9846],[70.9421,51.9846],[70.9421,51.9846],[70.9421,51.9846],[70.9421,51.9846],[70.9421,51.9846],[70.9421,51.9846],[70.9421,51.9846],[70.9421,51.9846],[70.9421,51.9846],[70.9421,51.9846],[70.9421,51.9846],[70.9421,51.9846],[70.9421,51.9846],[70.942,51.9846],[70.942,51.9846],[70.942,51.9846],[70.942,51.9846],[70.942,51.9846],[70.942,51.9846],[70.942,51.9846],[70.942,51.9846],[70.942,51.9846],[70.942,51.9846],[70.942,51.9846],[70.942,51.9846],[70.942,51.9846],[70.9419,51.9846],[70.9419,51.9846],[70.9419,51.9846],[70.9419,51.9846],[70.9419,51.9846],[70.9419,51.9846],[70.9419,51.9846],[70.9419,51.9846],[70.9419,51.9846],[70.9419,51.9846],[70.9419,51.9846],[70.9419,51.9846],[70.9418,51.9846],[70.9418,51.9846],[70.9418,51.9846],[70.9418,51.9846],[70.9418,51.9846],[70.9418,51.9846],[70.9418,51.9846],[70.9418,51.9846],[70.9418,51.9846],[70.9418,51.9846],[70.9418,51.9846],[70.9418,51.9846],[70.9418,51.9846],[70.9417,51.9846],[70.9417,51.9846],[70.9417,51.9846],[70.9417,51.9846],[70.9417,51.9846],[70.9417,51.9846],[70.9417,51.9846],[70.9417,51.9846],[70.9417,51.9846],[70.9417,51.9846],[70.9417,51.9846],[70.9417,51.9846],[70.9416,51.9846],[70.9416,51.9846],[70.9416,51.9846],[70.9416,51.9846],[70.9416,51.9846],[70.9416,51.9846],[70.9416,51.9846],[70.9416,51.9846],[70.9416,51.9846],[70.9416,51.9846],[70.9416,51.9846],[70.9416,51.9846],[70.9416,51.9846],[70.9415,51.9846],[70.9415,51.9846],[70.9415,51.9846],[70.9415,51.9846],[70.9415,51.9846],[70.9415,51.9846],[70.9415,51.9846],[70.9415,51.9846],[70.9415,51.9846],[70.9415,51.9846],[70.9415,51.9846],[70.9415,51.9846],[70.9415,51.9846],[70.9414,51.9846],[70.9414,51.9846],[70.9414,51.9846],[70.9414,51.9846],[70.9414,51.9846],[70.9414,51.9846],[70.9414,51.9846],[70.9414,51.9845],[70.9414,51.9845],[70.9414,51.9845],[70.9414,51.9845],[70.9414,51.9845],[70.9414,51.9845],[70.9413,51.9845],[70.9413,51.9845],[70.9413,51.9845],[70.9413,51.9845],[70.9413,51.9845],[70.9413,51.9845],[70.9413,51.9845],[70.9413,51.9845],[70.9413,51.9845],[70.9413,51.9845],[70.9413,51.9845],[70.9413,51.9845],[70.9412,51.9845],[70.9412,51.9845],[70.9412,51.9845],[70.9412,51.9845],[70.9412,51.9845],[70.9412,51.9845],[70.9412,51.9845],[70.9412,51.9845],[70.9412,51.9845],[70.9412,51.9845],[70.9412,51.9845],[70.9412,51.9845],[70.9412,51.9845],[70.9411,51.9845],[70.9411,51.9845],[70.9411,51.9845],[70.9411,51.9845],[70.9411,51.9845],[70.9411,51.9845],[70.9411,51.9845],[70.9411,51.9845],[70.9411,51.9845],[70.9411,51.9845],[70.9411,51.9845],[70.9411,51.9845],[70.9411,51.9845],[70.941,51.9845],[70.941,51.9845],[70.941,51.9845],[70.941,51.9845],[70.941,51.9845],[70.941,51.9845],[70.941,51.9845],[70.941,51.9845],[70.941,51.9845],[70.941,51.9845],[70.941,51.9845],[70.941,51.9845],[70.941,51.9845],[70.9409,51.9845],[70.9409,51.9845],[70.9409,51.9845],[70.9409,51.9845],[70.9409,51.9845],[70.9409,51.9845],[70.9409,51.9845],[70.9409,51.9845],[70.9409,51.9845],[70.9409,51.9845],[70.9409,51.9845],[70.9409,51.9845],[70.9409,51.9845],[70.9408,51.9845],[70.9408,51.9845],[70.9408,51.9845],[70.9408,51.9845],[70.9408,51.9845],[70.9408,51.9845],[70.9408,51.9845],[70.9408,51.9845],[70.9408,51.9845],[70.9408,51.9845],[70.9408,51.9845],[70.9408,51.9844],[70.9408,51.9844],[70.9407,51.9844],[70.9407,51.9844],[70.9407,51.9844],[70.9407,51.9844],[70.9407,51.9844],[70.9407,51.9844],[70.9407,51.9844],[70.9407,51.9844],[70.9407,51.9844],[70.9407,51.9844],[70.9407,51.9844],[70.9407,51.9844],[70.9407,51.9844],[70.9406,51.9844],[70.9406,51.9844],[70.9406,51.9844],[70.9406,51.9844],[70.9406,51.9844],[70.9406,51.9844],[70.9406,51.9844],[70.9406,51.9844],[70.9406,51.9844],[70.9406,51.9844],[70.9406,51.9844],[70.9406,51.9844],[70.9406,51.9844],[70.9405,51.9844],[70.9405,51.9844],[70.9405,51.9844],[70.9405,51.9844],[70.9405,51.9844],[70.9405,51.9844],[70.9405,51.9844],[70.9405,51.9844],[70.9405,51.9844],[70.9405,51.9844],[70.9405,51.9844],[70.9405,51.9844],[70.9405,51.9844],[70.9404,51.9844],[70.9404,51.9844],[70.9404,51.9844],[70.9404,51.9844],[70.9404,51.9844],[70.9404,51.9844],[70.9404,51.9844],[70.9404,51.9844],[70.9404,51.9844],[70.9404,51.9844],[70.9404,51.9844],[70.9404,51.9844],[70.9404,51.9844],[70.9403,51.9844],[70.9403,51.9844],[70.9403,51.9844],[70.9403,51.9844],[70.9403,51.9844],[70.9403,51.9844],[70.9403,51.9844],[70.9403,51.9844],[70.9403,51.9844],[70.9403,51.9844],[70.9403,51.9844],[70.9403,51.9844],[70.9403,51.9843],[70.9403,51.9843],[70.9403,51.9843],[70.9403,51.9843],[70.9403,51.9843],[70.9403,51.9843],[70.9402,51.9843],[70.9402,51.9843],[70.9402,51.9843],[70.9402,51.9843],[70.9402,51.9843],[70.9402,51.9843],[70.9402,51.9843],[70.9402,51.9843],[70.9402,51.9843],[70.9402,51.9843],[70.9402,51.9843],[70.9402,51.9843],[70.9402,51.9843],[70.9402,51.9843],[70.9402,51.9843],[70.9402,51.9843],[70.9402,51.9843],[70.9402,51.9854],[70.9402,51.9854],[70.9402,51.9854],[70.9402,51.9854],[70.9402,51.9854],[70.9402,51.9854],[70.9402,51.9854],[70.9402,51.9854],[70.9402,51.9854],[70.9402,51.9854],[70.9402,51.9854],[70.9402,51.9854],[70.9402,51.9854],[70.9402,51.9854],[70.9402,51.9854],[70.9402,51.9854],[70.9403,51.9854],[70.9403,51.9854],[70.9403,51.9854],[70.9403,51.9854],[70.9403,51.9854],[70.9403,51.9854],[70.9403,51.9854],[70.9403,51.9854],[70.9403,51.9854],[70.9403,51.9854],[70.9403,51.9854],[70.9403,51.9854],[70.9403,51.9854],[70.9403,51.9854],[70.9403,51.9854],[70.9403,51.9854],[70.9404,51.9854],[70.9404,51.9854],[70.9404,51.9854],[70.9404,51.9854],[70.9404,51.9854],[70.9404,51.9854],[70.9404,51.9854],[70.9404,51.9854],[70.9404,51.9854],[70.9404,51.9854],[70.9404,51.9854],[70.9404,51.9854],[70.9404,51.9854],[70.9404,51.9854],[70.9404,51.9854],[70.9405,51.9854],[70.9405,51.9854],[70.9405,51.9854],[70.9405,51.9853],[70.9405,51.9853],[70.9405,51.9853],[70.9405,51.9853],[70.9405,51.9853],[70.9405,51.9853],[70.9405,51.9853],[70.9405,51.9853],[70.9405,51.9853],[70.9405,51.9853],[70.9405,51.9853],[70.9405,51.9853],[70.9406,51.9853],[70.9406,51.9853],[70.9406,51.9853],[70.9406,51.9853],[70.9406,51.9853],[70.9406,51.9853],[70.9406,51.9853],[70.9406,51.9853],[70.9406,51.9853],[70.9406,51.9853],[70.9406,51.9853],[70.9406,51.9853],[70.9406,51.9853],[70.9406,51.9853],[70.9407,51.9853],[70.9407,51.9853],[70.9407,51.9853],[70.9407,51.9853],[70.9407,51.9853],[70.9407,51.9853],[70.9407,51.9853],[70.9407,51.9853],[70.9407,51.9853],[70.9407,51.9853],[70.9407,51.9853],[70.9407,51.9853],[70.9407,51.9853],[70.9407,51.9853],[70.9407,51.9853],[70.9408,51.9853],[70.9408,51.9853],[70.9408,51.9853],[70.9408,51.9853],[70.9408,51.9853],[70.9408,51.9853],[70.9408,51.9853],[70.9408,51.9853],[70.9408,51.9853],[70.9408,51.9853],[70.9408,51.9853],[70.9408,51.9853],[70.9408,51.9853],[70.9408,51.9853],[70.9409,51.9853],[70.9409,51.9853],[70.9409,51.9853],[70.9409,51.9853],[70.9409,51.9853],[70.9409,51.9853],[70.9409,51.9853],[70.9409,51.9853],[70.9409,51.9853],[70.9409,51.9853],[70.9409,51.9853],[70.9409,51.9853],[70.9409,51.9853],[70.9409,51.9853]]]],"type":"MultiPolygon"},"geometry_name":"shape","id":"gp_functional_zones.fid--7752831e_19fb67eabdc_7dd8","properties":{"area":1.2338774577713,"creation_doc_id":3617,"deactivation_doc_id":null,"func_zone_status_id":2,"ggk_zone_code":"11010000","ggk_zone_name":"Территория усадебной застройки","gp_func_zone_code":"11010000","gp_func_zone_code_id":19,"id":4732028,"zone_type_id":8},"type":"Feature"},{"bbox":[70.9584,51.9825,70.9602,51.9847],"geometry":{"coordinates":[[[[70.9602,51.9827],[70.9596,51.9825],[70.9587,51.9839],[70.9584,51.9845],[70.9591,51.9847],[70.9602,51.9827]]]],"type":"MultiPolygon"},"geometry_name":"shape","id":"gp_functional_zones.fid--7752831e_19fb67eabdc_7dd9","properties":{"area":1.20618895129007,"creation_doc_id":3617,"deactivation_doc_id":null,"func_zone_status_id":2,"ggk_zone_code":"11010000","ggk_zone_name":"Территория усадебной застройки","gp_func_zone_code":"11010000","gp_func_zone_code_id":19,"id":4732029,"zone_type_id":8},"type":"Feature"},{"bbox":[70.9325,51.9827,70.9349,51.985],"geometry":{"coordinates":[[[[70.9343,51.9839],[70.9335,51.9827],[70.9325,51.9829],[70.9325,51.9829],[70.9332,51.9841],[70.9332,51.9842],[70.9337,51.985],[70.9337,51.985],[70.9337,51.985],[70.9337,51.985],[70.9337,51.985],[70.9338,51.985],[70.9338,51.985],[70.9338,51.985],[70.9338,51.985],[70.9345,51.9848],[70.9345,51.9848],[70.9346,51.9848],[70.9346,51.9848],[70.9346,51.9848],[70.9346,51.9848],[70.9346,51.9848],[70.9346,51.9848],[70.9346,51.9848],[70.9346,51.9848],[70.9347,51.9848],[70.9347,51.9848],[70.9347,51.9848],[70.9347,51.9848],[70.9347,51.9848],[70.9347,51.9848],[70.9347,51.9848],[70.9347,51.9847],[70.9348,51.9847],[70.9348,51.9847],[70.9348,51.9847],[70.9348,51.9847],[70.9348,51.9847],[70.9348,51.9847],[70.9348,51.9847],[70.9348,51.9847],[70.9349,51.9847],[70.9349,51.9847],[70.9349,51.9847],[70.9349,51.9847],[70.9349,51.9847],[70.9349,51.9847],[70.9349,51.9847],[70.9344,51.9839],[70.9343,51.9839]]]],"type":"MultiPolygon"},"geometry_name":"shape","id":"gp_functional_zones.fid--7752831e_19fb67eabdc_7dda","properties":{"area":1.9830642228223,"creation_doc_id":3617,"deactivation_doc_id":null,"func_zone_status_id":2,"ggk_zone_code":"11010000","ggk_zone_name":"Территория усадебной застройки","gp_func_zone_code":"11010000","gp_func_zone_code_id":19,"id":4732030,"zone_type_id":8},"type":"Feature"},{"bbox":[70.9572,51.9823,70.9593,51.9845],"geometry":{"coordinates":[[[[70.9593,51.9825],[70.9584,51.9823],[70.9575,51.9839],[70.9572,51.9843],[70.9582,51.9845],[70.9593,51.9825]]]],"type":"MultiPolygon"},"geometry_name":"shape","id":"gp_functional_zones.fid--7752831e_19fb67eabdc_7ddb","properties":{"area":1.59170679555146,"creation_doc_id":3617,"deactivation_doc_id":null,"func_zone_status_id":2,"ggk_zone_code":"11010000","ggk_zone_name":"Территория усадебной застройки","gp_func_zone_code":"11010000","gp_func_zone_code_id":19,"id":4732031,"zone_type_id":8},"type":"Feature"},{"bbox":[70.9623,51.983,70.9659,51.9843],"geometry":{"coordinates":[[[[70.9659,51.9837],[70.9627,51.983],[70.9625,51.9832],[70.9623,51.9836],[70.9655,51.9843],[70.9659,51.9837]]]],"type":"MultiPolygon"},"geometry_name":"shape","id":"gp_functional_zones.fid--7752831e_19fb67eabdc_7ddc","properties":{"area":1.72798648417398,"creation_doc_id":3617,"deactivation_doc_id":null,"func_zone_status_id":2,"ggk_zone_code":"11010000","ggk_zone_name":"Территория усадебной застройки","gp_func_zone_code":"11010000","gp_func_zone_code_id":19,"id":4732032,"zone_type_id":8},"type":"Feature"},{"bbox":[70.9455,51.9814,70.9477,51.9846],"geometry":{"coordinates":[[[[70.947,51.9814],[70.9469,51.9814],[70.9469,51.9814],[70.9469,51.9814],[70.9469,51.9814],[70.9469,51.9814],[70.9469,51.9814],[70.9468,51.9814],[70.9468,51.9814],[70.9468,51.9814],[70.9468,51.9814],[70.9468,51.9814],[70.9468,51.9814],[70.9467,51.9814],[70.9467,51.9814],[70.9467,51.9814],[70.9467,51.9814],[70.9467,51.9814],[70.9466,51.9814],[70.9466,51.9814],[70.9466,51.9814],[70.9466,51.9814],[70.9466,51.9814],[70.9466,51.9814],[70.9465,51.9814],[70.9465,51.9814],[70.9465,51.9814],[70.9465,51.9814],[70.9465,51.9814],[70.9465,51.9814],[70.9464,51.9814],[70.9464,51.9814],[70.9464,51.9814],[70.9464,51.9814],[70.9464,51.9814],[70.9463,51.9814],[70.9463,51.9814],[70.9463,51.9814],[70.9463,51.9814],[70.9463,51.9814],[70.9463,51.9814],[70.9462,51.9814],[70.9462,51.9814],[70.9462,51.9814],[70.9462,51.9814],[70.9462,51.9814],[70.9462,51.9814],[70.9461,51.9814],[70.9461,51.9814],[70.9461,51.9814],[70.9461,51.9814],[70.9461,51.9814],[70.946,51.9814],[70.946,51.9814],[70.946,51.9814],[70.946,51.9814],[70.946,51.9814],[70.946,51.9814],[70.9459,51.9814],[70.9459,51.9814],[70.9459,51.9814],[70.9459,51.9814],[70.9459,51.9814],[70.9458,51.9814],[70.9458,51.9814],[70.9458,51.9814],[70.9458,51.9814],[70.9458,51.9815],[70.9458,51.9815],[70.9458,51.9815],[70.9458,51.9815],[70.9458,51.9815],[70.9458,51.9815],[70.9458,51.9815],[70.9458,51.9815],[70.9458,51.9815],[70.9457,51.9815],[70.9457,51.9816],[70.9457,51.9816],[70.9457,51.9816],[70.9457,51.9816],[70.9457,51.9816],[70.9457,51.9816],[70.9457,51.9816],[70.9457,51.9816],[70.9457,51.9816],[70.9457,51.9816],[70.9457,51.9816],[70.9457,51.9816],[70.9457,51.9817],[70.9457,51.9817],[70.9457,51.9817],[70.9457,51.9817],[70.9457,51.9817],[70.9457,51.9817],[70.9457,51.9817],[70.9457,51.9817],[70.9457,51.9817],[70.9457,51.9817],[70.9457,51.9817],[70.9456,51.9824],[70.9456,51.9828],[70.9456,51.9831],[70.9456,51.9831],[70.9456,51.9831],[70.9456,51.9831],[70.9456,51.9831],[70.9456,51.9831],[70.9456,51.9832],[70.9456,51.9832],[70.9456,51.9832],[70.9456,51.9832],[70.9456,51.9832],[70.9456,51.9832],[70.9456,51.9832],[70.9456,51.9832],[70.9456,51.9832],[70.9456,51.9833],[70.9456,51.9833],[70.9456,51.9836],[70.9456,51.9836],[70.9456,51.9837],[70.9456,51.9837],[70.9456,51.9837],[70.9456,51.9838],[70.9456,51.9838],[70.9456,51.9838],[70.9456,51.9838],[70.9456,51.9838],[70.9456,51.9838],[70.9456,51.9838],[70.9456,51.9838],[70.9456,51.9838],[70.9456,51.9838],[70.9456,51.9838],[70.9456,51.9839],[70.9456,51.9839],[70.9456,51.9839],[70.9456,51.984],[70.9455,51.9846],[70.9477,51.9846],[70.9477,51.9846],[70.9477,51.9846],[70.9477,51.9846],[70.9477,51.9846],[70.9477,51.9845],[70.9477,51.9845],[70.9477,51.9845],[70.9477,51.9845],[70.9477,51.9845],[70.9477,51.9845],[70.9477,51.9845],[70.9477,51.9845],[70.9477,51.9844],[70.9477,51.9844],[70.9477,51.9844],[70.9477,51.9844],[70.9477,51.9844],[70.9477,51.9844],[70.9477,51.9844],[70.9477,51.9844],[70.9477,51.9843],[70.9477,51.9843],[70.9477,51.9843],[70.9477,51.9843],[70.9477,51.9843],[70.9477,51.9843],[70.9477,51.9843],[70.9477,51.9843],[70.9477,51.9842],[70.9477,51.9842],[70.9477,51.9842],[70.9477,51.9842],[70.9477,51.9842],[70.9477,51.9842],[70.9477,51.9842],[70.9477,51.9842],[70.9477,51.9841],[70.9477,51.9841],[70.9477,51.9841],[70.9477,51.9841],[70.9477,51.9841],[70.9477,51.9841],[70.9476,51.9841],[70.9476,51.9841],[70.9476,51.984],[70.9476,51.984],[70.9476,51.984],[70.9476,51.984],[70.9476,51.984],[70.9476,51.984],[70.9476,51.984],[70.9476,51.984],[70.9476,51.9839],[70.9476,51.9839],[70.9476,51.9839],[70.9476,51.9839],[70.9476,51.9839],[70.9476,51.9839],[70.9476,51.9839],[70.9476,51.9839],[70.9476,51.9838],[70.9476,51.9838],[70.9476,51.9838],[70.9476,51.9838],[70.9476,51.9838],[70.9476,51.9838],[70.9476,51.9838],[70.9476,51.9838],[70.9476,51.9837],[70.9476,51.9837],[70.9476,51.9837],[70.9476,51.9837],[70.9476,51.9837],[70.9476,51.9837],[70.9476,51.9837],[70.9476,51.9837],[70.9476,51.9836],[70.9476,51.9836],[70.9476,51.9836],[70.9476,51.9836],[70.9476,51.9836],[70.9476,51.9836],[70.9476,51.9836],[70.9476,51.9836],[70.9476,51.9835],[70.9476,51.9835],[70.9476,51.9835],[70.9476,51.9835],[70.9476,51.9835],[70.9476,51.9835],[70.9476,51.9835],[70.9476,51.9835],[70.9475,51.9834],[70.9475,51.9834],[70.9475,51.9834],[70.9475,51.9834],[70.9475,51.9834],[70.9475,51.9834],[70.9475,51.9834],[70.9475,51.9834],[70.9475,51.9833],[70.9475,51.9833],[70.9475,51.9833],[70.9475,51.9833],[70.9475,51.9833],[70.9475,51.9833],[70.9475,51.9833],[70.9475,51.9833],[70.9475,51.9832],[70.9475,51.9832],[70.9475,51.9832],[70.9475,51.9832],[70.9475,51.9832],[70.9475,51.9832],[70.9475,51.9832],[70.9475,51.9832],[70.9475,51.9831],[70.9475,51.9831],[70.9475,51.9831],[70.9475,51.9831],[70.9475,51.9831],[70.9475,51.9831],[70.9475,51.9831],[70.9475,51.9831],[70.9475,51.983],[70.9475,51.983],[70.9475,51.983],[70.9475,51.983],[70.9475,51.983],[70.9474,51.983],[70.9474,51.983],[70.9474,51.983],[70.9474,51.9829],[70.9474,51.9829],[70.9474,51.9829],[70.9474,51.9829],[70.9474,51.9829],[70.9474,51.9829],[70.9474,51.9829],[70.9474,51.9829],[70.9474,51.9828],[70.9474,51.9828],[70.9474,51.9828],[70.9474,51.9828],[70.9474,51.9828],[70.9474,51.9828],[70.9474,51.9828],[70.9474,51.9828],[70.9474,51.9827],[70.9474,51.9827],[70.9474,51.9827],[70.9474,51.9827],[70.9474,51.9827],[70.9474,51.9827],[70.9474,51.9827],[70.9474,51.9827],[70.9474,51.9826],[70.9474,51.9826],[70.9474,51.9826],[70.9474,51.9826],[70.9473,51.9826],[70.9473,51.9826],[70.9473,51.9826],[70.9473,51.9826],[70.9473,51.9825],[70.9473,51.9825],[70.9473,51.9825],[70.9473,51.9825],[70.9473,51.9825],[70.9473,51.9825],[70.9473,51.9825],[70.9473,51.9825],[70.9473,51.9824],[70.9473,51.9824],[70.9473,51.9824],[70.9473,51.9824],[70.9473,51.9824],[70.9473,51.9824],[70.9473,51.9824],[70.9473,51.9824],[70.9473,51.9823],[70.9473,51.9823],[70.9473,51.9823],[70.9473,51.9823],[70.9473,51.9823],[70.9473,51.9823],[70.9473,51.9823],[70.9472,51.9823],[70.9472,51.9823],[70.9472,51.9822],[70.9472,51.9822],[70.9472,51.9822],[70.9472,51.9822],[70.9472,51.9822],[70.9472,51.9822],[70.9472,51.9822],[70.9472,51.9822],[70.9472,51.9821],[70.9472,51.9821],[70.9472,51.9821],[70.9472,51.9821],[70.9472,51.9821],[70.9472,51.9821],[70.9472,51.9821],[70.9472,51.9821],[70.9472,51.982],[70.9472,51.982],[70.9472,51.982],[70.9472,51.982],[70.9472,51.982],[70.9472,51.982],[70.9472,51.982],[70.9471,51.982],[70.9471,51.9819],[70.9471,51.9819],[70.9471,51.9819],[70.9471,51.9819],[70.9471,51.9819],[70.9471,51.9819],[70.9471,51.9819],[70.9471,51.9819],[70.9471,51.9818],[70.9471,51.9818],[70.9471,51.9818],[70.9471,51.9818],[70.9471,51.9818],[70.9471,51.9818],[70.9471,51.9818],[70.9471,51.9818],[70.9471,51.9817],[70.9471,51.9817],[70.9471,51.9817],[70.9471,51.9817],[70.9471,51.9817],[70.947,51.9817],[70.947,51.9817],[70.947,51.9817],[70.947,51.9817],[70.947,51.9816],[70.947,51.9816],[70.947,51.9816],[70.947,51.9816],[70.947,51.9816],[70.947,51.9816],[70.947,51.9816],[70.947,51.9816],[70.947,51.9815],[70.947,51.9815],[70.947,51.9815],[70.947,51.9815],[70.947,51.9815],[70.947,51.9815],[70.947,51.9815],[70.947,51.9815],[70.947,51.9814]]]],"type":"MultiPolygon"},"geometry_name":"shape","id":"gp_functional_zones.fid--7752831e_19fb67eabdc_7ddd","properties":{"area":4.34260506988296,"creation_doc_id":3617,"deactivation_doc_id":null,"func_zone_status_id":2,"ggk_zone_code":"11010000","ggk_zone_name":"Территория усадебной застройки","gp_func_zone_code":"11010000","gp_func_zone_code_id":19,"id":4732033,"zone_type_id":8},"type":"Feature"},{"bbox":[70.9426,51.9835,70.9454,51.9846],"geometry":{"coordinates":[[[[70.9454,51.9836],[70.9428,51.9835],[70.9427,51.9839],[70.9426,51.9845],[70.9439,51.9845],[70.9453,51.9846],[70.9454,51.984],[70.9454,51.9839],[70.9454,51.9839],[70.9454,51.9839],[70.9454,51.9839],[70.9454,51.9839],[70.9454,51.9839],[70.9454,51.9838],[70.9454,51.9838],[70.9454,51.9838],[70.9454,51.9838],[70.9454,51.9838],[70.9454,51.9838],[70.9454,51.9838],[70.9454,51.9838],[70.9454,51.9838],[70.9454,51.9838],[70.9454,51.9838],[70.9454,51.9838],[70.9454,51.9838],[70.9454,51.9838],[70.9454,51.9838],[70.9454,51.9838],[70.9454,51.9838],[70.9454,51.9838],[70.9454,51.9838],[70.9454,51.9838],[70.9454,51.9838],[70.9454,51.9838],[70.9454,51.9838],[70.9454,51.9837],[70.9454,51.9837],[70.9454,51.9837],[70.9454,51.9837],[70.9454,51.9836]]]],"type":"MultiPolygon"},"geometry_name":"shape","id":"gp_functional_zones.fid--7752831e_19fb67eabdc_7dde","properties":{"area":2.03626830662272,"creation_doc_id":3617,"deactivation_doc_id":null,"func_zone_status_id":2,"ggk_zone_code":"11010000","ggk_zone_name":"Территория усадебной застройки","gp_func_zone_code":"11010000","gp_func_zone_code_id":19,"id":4732034,"zone_type_id":8},"type":"Feature"},{"bbox":[70.947,51.9803,70.9494,51.9845],"geometry":{"coordinates":[[[[70.9494,51.9804],[70.9472,51.9803],[70.9471,51.9806],[70.947,51.9806],[70.947,51.9806],[70.947,51.9806],[70.947,51.9806],[70.947,51.9806],[70.947,51.9807],[70.947,51.9807],[70.947,51.9807],[70.947,51.9807],[70.947,51.9807],[70.947,51.9807],[70.947,51.9808],[70.947,51.9808],[70.947,51.9808],[70.947,51.9808],[70.947,51.9808],[70.947,51.9808],[70.9471,51.9809],[70.9471,51.9809],[70.9471,51.9809],[70.9471,51.9809],[70.9471,51.9809],[70.9471,51.9809],[70.9471,51.9809],[70.9471,51.981],[70.9471,51.981],[70.9471,51.981],[70.9471,51.981],[70.9471,51.981],[70.9471,51.981],[70.9471,51.981],[70.9472,51.9811],[70.9472,51.9811],[70.9472,51.9811],[70.9472,51.9811],[70.9472,51.9811],[70.9472,51.9811],[70.9472,51.9811],[70.9472,51.9811],[70.9472,51.9812],[70.9472,51.9812],[70.9472,51.9812],[70.9472,51.9812],[70.9472,51.9812],[70.9472,51.9812],[70.9472,51.9812],[70.9472,51.9813],[70.9473,51.9813],[70.9473,51.9813],[70.9473,51.9813],[70.9473,51.9813],[70.9473,51.9813],[70.9473,51.9813],[70.9473,51.9813],[70.9473,51.9814],[70.9473,51.9814],[70.9473,51.9814],[70.9473,51.9814],[70.9473,51.9814],[70.9473,51.9814],[70.9473,51.9814],[70.9473,51.9814],[70.9473,51.9815],[70.9473,51.9815],[70.9473,51.9815],[70.9473,51.9815],[70.9474,51.9815],[70.9474,51.9815],[70.9474,51.9815],[70.9474,51.9815],[70.9474,51.9816],[70.9474,51.9816],[70.9474,51.9816],[70.9474,51.9816],[70.9474,51.9816],[70.9474,51.9816],[70.9474,51.9816],[70.9474,51.9816],[70.9474,51.9817],[70.9474,51.9817],[70.9474,51.9817],[70.9474,51.9817],[70.9474,51.9817],[70.9474,51.9817],[70.9474,51.9817],[70.9474,51.9818],[70.9475,51.9818],[70.9475,51.9818],[70.9475,51.9818],[70.9475,51.9818],[70.9475,51.9818],[70.9475,51.9818],[70.9475,51.9818],[70.9475,51.9819],[70.9475,51.9819],[70.9475,51.9819],[70.9475,51.9819],[70.9475,51.9819],[70.9475,51.9819],[70.9475,51.9819],[70.9475,51.9819],[70.9475,51.982],[70.9475,51.982],[70.9475,51.982],[70.9475,51.982],[70.9475,51.982],[70.9475,51.982],[70.9475,51.982],[70.9476,51.982],[70.9476,51.9821],[70.9476,51.9821],[70.9476,51.9821],[70.9476,51.9821],[70.9476,51.9821],[70.9476,51.9821],[70.9476,51.9821],[70.9476,51.9822],[70.9476,51.9822],[70.9476,51.9822],[70.9476,51.9822],[70.9476,51.9822],[70.9476,51.9822],[70.9476,51.9822],[70.9476,51.9822],[70.9476,51.9823],[70.9476,51.9823],[70.9476,51.9823],[70.9476,51.9823],[70.9476,51.9823],[70.9476,51.9823],[70.9476,51.9823],[70.9476,51.9823],[70.9476,51.9824],[70.9477,51.9824],[70.9477,51.9824],[70.9477,51.9824],[70.9477,51.9824],[70.9477,51.9824],[70.9477,51.9824],[70.9477,51.9824],[70.9477,51.9825],[70.9477,51.9825],[70.9477,51.9825],[70.9477,51.9825],[70.9477,51.9825],[70.9477,51.9825],[70.9477,51.9825],[70.9477,51.9826],[70.9477,51.9826],[70.9477,51.9826],[70.9477,51.9826],[70.9477,51.9826],[70.9477,51.9826],[70.9477,51.9826],[70.9477,51.9826],[70.9477,51.9827],[70.9477,51.9827],[70.9477,51.9827],[70.9477,51.9827],[70.9477,51.9827],[70.9478,51.9827],[70.9478,51.9827],[70.9478,51.9827],[70.9478,51.9828],[70.9478,51.9828],[70.9478,51.9828],[70.9478,51.9828],[70.9478,51.9828],[70.9478,51.9828],[70.9478,51.9828],[70.9478,51.9828],[70.9478,51.9829],[70.9478,51.9829],[70.9478,51.9829],[70.9478,51.9829],[70.9478,51.9829],[70.9478,51.9829],[70.9478,51.9829],[70.9478,51.983],[70.9478,51.983],[70.9478,51.983],[70.9478,51.983],[70.9478,51.983],[70.9478,51.983],[70.9478,51.983],[70.9478,51.983],[70.9478,51.9831],[70.9478,51.9831],[70.9478,51.9831],[70.9478,51.9831],[70.9478,51.9831],[70.9478,51.9831],[70.9479,51.9831],[70.9479,51.9831],[70.9479,51.9832],[70.9479,51.9832],[70.9479,51.9832],[70.9479,51.9832],[70.9479,51.9832],[70.9479,51.9832],[70.9479,51.9832],[70.9479,51.9833],[70.9479,51.9833],[70.9479,51.9833],[70.9479,51.9833],[70.9479,51.9833],[70.9479,51.9833],[70.9479,51.9833],[70.9479,51.9833],[70.9479,51.9834],[70.9479,51.9834],[70.9479,51.9834],[70.9479,51.9834],[70.9479,51.9834],[70.9479,51.9834],[70.9479,51.9834],[70.9479,51.9834],[70.9479,51.9835],[70.9479,51.9835],[70.9479,51.9835],[70.9479,51.9835],[70.9479,51.9835],[70.9479,51.9835],[70.9479,51.9835],[70.9479,51.9836],[70.9479,51.9836],[70.9479,51.9836],[70.9479,51.9836],[70.9479,51.9836],[70.9479,51.9836],[70.9479,51.9836],[70.948,51.9836],[70.948,51.9837],[70.948,51.9837],[70.948,51.9837],[70.948,51.9837],[70.948,51.9837],[70.948,51.9837],[70.948,51.9837],[70.948,51.9837],[70.948,51.9838],[70.948,51.9838],[70.948,51.9838],[70.948,51.9838],[70.948,51.9838],[70.948,51.9838],[70.948,51.9838],[70.948,51.9839],[70.948,51.9839],[70.948,51.9839],[70.948,51.9839],[70.948,51.9839],[70.948,51.9839],[70.948,51.9839],[70.948,51.9839],[70.948,51.984],[70.948,51.984],[70.948,51.984],[70.948,51.984],[70.948,51.984],[70.948,51.984],[70.948,51.984],[70.948,51.984],[70.948,51.9841],[70.948,51.9841],[70.948,51.9841],[70.948,51.9841],[70.948,51.9841],[70.948,51.9841],[70.948,51.9841],[70.948,51.9842],[70.948,51.9842],[70.948,51.9842],[70.948,51.9842],[70.948,51.9842],[70.948,51.9842],[70.948,51.9842],[70.948,51.9842],[70.948,51.9843],[70.948,51.9843],[70.948,51.9843],[70.948,51.9843],[70.948,51.9843],[70.948,51.9843],[70.948,51.9843],[70.948,51.9843],[70.948,51.9844],[70.948,51.9844],[70.948,51.9844],[70.9481,51.9844],[70.9481,51.9844],[70.9481,51.9844],[70.9481,51.9844],[70.9481,51.9845],[70.9481,51.9845],[70.9481,51.9845],[70.9481,51.9845],[70.9482,51.984],[70.9489,51.982],[70.9494,51.9804]]]],"type":"MultiPolygon"},"geometry_name":"shape","id":"gp_functional_zones.fid--7752831e_19fb67eabdc_7ddf","properties":{"area":3.59423896115672,"creation_doc_id":3617,"deactivation_doc_id":null,"func_zone_status_id":2,"ggk_zone_code":"11010000","ggk_zone_name":"Территория усадебной застройки","gp_func_zone_code":"11010000","gp_func_zone_code_id":19,"id":4732037,"zone_type_id":8},"type":"Feature"},{"bbox":[70.9402,51.9832,70.9424,51.9844],"geometry":{"coordinates":[[[[70.9402,51.9832],[70.9402,51.9832],[70.9402,51.9841],[70.9402,51.9841],[70.9402,51.9841],[70.9402,51.9841],[70.9402,51.9841],[70.9402,51.9841],[70.9402,51.9841],[70.9402,51.9841],[70.9403,51.9841],[70.9403,51.9841],[70.9403,51.9841],[70.9403,51.9841],[70.9403,51.9841],[70.9403,51.9841],[70.9403,51.9841],[70.9403,51.9841],[70.9403,51.9841],[70.9403,51.9842],[70.9403,51.9842],[70.9403,51.9842],[70.9403,51.9842],[70.9404,51.9842],[70.9404,51.9842],[70.9404,51.9842],[70.9404,51.9842],[70.9404,51.9842],[70.9404,51.9842],[70.9404,51.9842],[70.9404,51.9842],[70.9404,51.9842],[70.9404,51.9842],[70.9404,51.9842],[70.9404,51.9842],[70.9404,51.9842],[70.9405,51.9842],[70.9405,51.9842],[70.9405,51.9842],[70.9405,51.9842],[70.9405,51.9842],[70.9405,51.9842],[70.9405,51.9842],[70.9405,51.9842],[70.9405,51.9842],[70.9405,51.9842],[70.9405,51.9842],[70.9405,51.9842],[70.9405,51.9842],[70.9406,51.9842],[70.9406,51.9842],[70.9406,51.9842],[70.9406,51.9842],[70.9406,51.9842],[70.9406,51.9842],[70.9406,51.9842],[70.9406,51.9842],[70.9406,51.9842],[70.9406,51.9842],[70.9406,51.9842],[70.9406,51.9842],[70.9406,51.9842],[70.9407,51.9842],[70.9407,51.9842],[70.9407,51.9842],[70.9407,51.9842],[70.9407,51.9842],[70.9407,51.9842],[70.9407,51.9842],[70.9407,51.9842],[70.9407,51.9842],[70.9407,51.9842],[70.9407,51.9842],[70.9407,51.9842],[70.9407,51.9842],[70.9408,51.9842],[70.9408,51.9842],[70.9408,51.9842],[70.9408,51.9842],[70.9408,51.9842],[70.9408,51.9842],[70.9408,51.9843],[70.9408,51.9843],[70.9408,51.9843],[70.9408,51.9843],[70.9408,51.9843],[70.9408,51.9843],[70.9408,51.9843],[70.9409,51.9843],[70.9409,51.9843],[70.9409,51.9843],[70.9409,51.9843],[70.9409,51.9843],[70.9409,51.9843],[70.9409,51.9843],[70.9409,51.9843],[70.9409,51.9843],[70.9409,51.9843],[70.9409,51.9843],[70.9409,51.9843],[70.941,51.9843],[70.941,51.9843],[70.941,51.9843],[70.941,51.9843],[70.941,51.9843],[70.941,51.9843],[70.941,51.9843],[70.941,51.9843],[70.941,51.9843],[70.941,51.9843],[70.941,51.9843],[70.941,51.9843],[70.941,51.9843],[70.9411,51.9843],[70.9411,51.9843],[70.9411,51.9843],[70.9411,51.9843],[70.9411,51.9843],[70.9411,51.9843],[70.9411,51.9843],[70.9411,51.9843],[70.9411,51.9843],[70.9411,51.9843],[70.9411,51.9843],[70.9411,51.9843],[70.9411,51.9843],[70.9412,51.9843],[70.9412,51.9843],[70.9412,51.9843],[70.9412,51.9843],[70.9412,51.9843],[70.9412,51.9843],[70.9412,51.9843],[70.9412,51.9843],[70.9412,51.9843],[70.9412,51.9843],[70.9412,51.9843],[70.9412,51.9843],[70.9412,51.9843],[70.9413,51.9843],[70.9413,51.9843],[70.9413,51.9843],[70.9413,51.9843],[70.9413,51.9843],[70.9413,51.9843],[70.9413,51.9843],[70.9413,51.9843],[70.9413,51.9843],[70.9413,51.9843],[70.9413,51.9843],[70.9413,51.9843],[70.9414,51.9843],[70.9414,51.9843],[70.9414,51.9843],[70.9414,51.9843],[70.9414,51.9843],[70.9414,51.9843],[70.9414,51.9843],[70.9414,51.9843],[70.9414,51.9844],[70.9414,51.9844],[70.9414,51.9844],[70.9414,51.9844],[70.9414,51.9844],[70.9415,51.9844],[70.9415,51.9844],[70.9415,51.9844],[70.9415,51.9844],[70.9415,51.9844],[70.9415,51.9844],[70.9415,51.9844],[70.9415,51.9844],[70.9415,51.9844],[70.9415,51.9844],[70.9415,51.9844],[70.9415,51.9844],[70.9416,51.9844],[70.9416,51.9844],[70.9416,51.9844],[70.9416,51.9844],[70.9416,51.9844],[70.9416,51.9844],[70.9416,51.9844],[70.9416,51.9844],[70.9416,51.9844],[70.9416,51.9844],[70.9416,51.9844],[70.9416,51.9844],[70.9416,51.9844],[70.9417,51.9844],[70.9417,51.9844],[70.9417,51.9844],[70.9417,51.9844],[70.9417,51.9844],[70.9417,51.9844],[70.9417,51.9844],[70.9417,51.9844],[70.9417,51.9844],[70.9417,51.9844],[70.9417,51.9844],[70.9417,51.9844],[70.9418,51.9844],[70.9418,51.9844],[70.9418,51.9844],[70.9418,51.9844],[70.9418,51.9844],[70.9418,51.9844],[70.9418,51.9844],[70.9418,51.9844],[70.9418,51.9844],[70.9418,51.9844],[70.9418,51.9844],[70.9418,51.9844],[70.9418,51.9844],[70.9419,51.9844],[70.9419,51.9844],[70.9419,51.9844],[70.9419,51.9844],[70.9419,51.9844],[70.9419,51.9844],[70.9419,51.9844],[70.9419,51.9844],[70.9419,51.9844],[70.9419,51.9844],[70.9419,51.9844],[70.9419,51.9844],[70.942,51.9844],[70.942,51.9844],[70.942,51.9844],[70.942,51.9844],[70.942,51.9844],[70.942,51.9844],[70.942,51.9844],[70.942,51.9844],[70.942,51.9844],[70.942,51.9844],[70.942,51.9844],[70.942,51.9844],[70.942,51.9844],[70.9421,51.9844],[70.9421,51.9844],[70.9421,51.9844],[70.9421,51.9844],[70.9421,51.9844],[70.9421,51.9844],[70.9421,51.9844],[70.9421,51.9844],[70.9421,51.9844],[70.9421,51.9844],[70.9421,51.9844],[70.9421,51.9844],[70.9422,51.9844],[70.9422,51.9844],[70.9422,51.9844],[70.9422,51.9844],[70.9422,51.9844],[70.9422,51.9844],[70.9422,51.9844],[70.9422,51.9844],[70.9424,51.9835],[70.9419,51.9835],[70.9419,51.9835],[70.9419,51.9835],[70.9419,51.9835],[70.9419,51.9835],[70.9419,51.9835],[70.9419,51.9835],[70.9419,51.9835],[70.9419,51.9835],[70.9419,51.9835],[70.9418,51.9835],[70.9418,51.9835],[70.9418,51.9835],[70.9418,51.9835],[70.9418,51.9835],[70.9418,51.9835],[70.9418,51.9835],[70.9418,51.9835],[70.9418,51.9835],[70.9418,51.9835],[70.9418,51.9835],[70.9418,51.9835],[70.9418,51.9835],[70.9418,51.9835],[70.9418,51.9835],[70.9417,51.9834],[70.9417,51.9834],[70.9417,51.9834],[70.9417,51.9834],[70.9417,51.9834],[70.9417,51.9834],[70.9417,51.9834],[70.9417,51.9834],[70.9417,51.9834],[70.9417,51.9834],[70.9417,51.9834],[70.9417,51.9834],[70.9417,51.9834],[70.9417,51.9834],[70.9416,51.9834],[70.9416,51.9834],[70.9416,51.9834],[70.9416,51.9834],[70.9416,51.9834],[70.9416,51.9834],[70.9416,51.9834],[70.9416,51.9834],[70.9416,51.9834],[70.9416,51.9834],[70.9416,51.9834],[70.9416,51.9834],[70.9416,51.9834],[70.9416,51.9834],[70.9416,51.9834],[70.9415,51.9834],[70.9415,51.9834],[70.9415,51.9834],[70.9415,51.9834],[70.9415,51.9834],[70.9415,51.9834],[70.9415,51.9834],[70.9415,51.9834],[70.9415,51.9834],[70.9415,51.9834],[70.9415,51.9834],[70.9415,51.9834],[70.9415,51.9834],[70.9415,51.9834],[70.9415,51.9834],[70.9414,51.9834],[70.9414,51.9834],[70.9414,51.9834],[70.9414,51.9834],[70.9414,51.9834],[70.9414,51.9834],[70.9414,51.9834],[70.9414,51.9834],[70.9414,51.9834],[70.9414,51.9834],[70.9414,51.9834],[70.9414,51.9834],[70.9414,51.9834],[70.9414,51.9834],[70.9414,51.9834],[70.9413,51.9834],[70.9413,51.9834],[70.9413,51.9834],[70.9413,51.9834],[70.9413,51.9834],[70.9413,51.9834],[70.9413,51.9834],[70.9413,51.9834],[70.9413,51.9834],[70.9413,51.9834],[70.9413,51.9834],[70.9413,51.9834],[70.9413,51.9834],[70.9413,51.9834],[70.9413,51.9834],[70.9412,51.9834],[70.9412,51.9834],[70.9412,51.9834],[70.9412,51.9834],[70.9412,51.9834],[70.9412,51.9834],[70.9412,51.9834],[70.9412,51.9834],[70.9412,51.9834],[70.9412,51.9834],[70.9412,51.9834],[70.9412,51.9834],[70.9412,51.9834],[70.9412,51.9834],[70.9412,51.9834],[70.9411,51.9834],[70.9411,51.9834],[70.9411,51.9834],[70.9411,51.9834],[70.9411,51.9834],[70.9411,51.9834],[70.9411,51.9834],[70.9411,51.9834],[70.9411,51.9834],[70.9411,51.9834],[70.9411,51.9834],[70.9411,51.9834],[70.9411,51.9834],[70.9411,51.9834],[70.9411,51.9834],[70.941,51.9834],[70.941,51.9834],[70.941,51.9834],[70.941,51.9834],[70.941,51.9834],[70.941,51.9834],[70.941,51.9834],[70.941,51.9834],[70.941,51.9834],[70.941,51.9834],[70.941,51.9834],[70.941,51.9834],[70.941,51.9834],[70.941,51.9834],[70.941,51.9834],[70.9409,51.9834],[70.9409,51.9834],[70.9409,51.9833],[70.9409,51.9833],[70.9409,51.9833],[70.9409,51.9833],[70.9409,51.9833],[70.9409,51.9833],[70.9409,51.9833],[70.9409,51.9833],[70.9409,51.9833],[70.9409,51.9833],[70.9409,51.9833],[70.9409,51.9833],[70.9409,51.9833],[70.9408,51.9833],[70.9408,51.9833],[70.9408,51.9833],[70.9408,51.9833],[70.9408,51.9833],[70.9408,51.9833],[70.9408,51.9833],[70.9408,51.9833],[70.9408,51.9833],[70.9408,51.9833],[70.9408,51.9833],[70.9408,51.9833],[70.9408,51.9833],[70.9408,51.9833],[70.9408,51.9833],[70.9407,51.9833],[70.9407,51.9833],[70.9407,51.9833],[70.9407,51.9833],[70.9407,51.9833],[70.9407,51.9833],[70.9407,51.9833],[70.9407,51.9833],[70.9407,51.9833],[70.9407,51.9833],[70.9407,51.9833],[70.9407,51.9833],[70.9407,51.9833],[70.9407,51.9833],[70.9407,51.9833],[70.9406,51.9833],[70.9406,51.9833],[70.9406,51.9833],[70.9406,51.9833],[70.9406,51.9833],[70.9406,51.9833],[70.9406,51.9833],[70.9406,51.9833],[70.9406,51.9833],[70.9406,51.9833],[70.9406,51.9833],[70.9406,51.9833],[70.9406,51.9833],[70.9406,51.9833],[70.9406,51.9833],[70.9406,51.9833],[70.9405,51.9833],[70.9405,51.9833],[70.9405,51.9833],[70.9405,51.9833],[70.9405,51.9833],[70.9405,51.9833],[70.9405,51.9833],[70.9405,51.9833],[70.9405,51.9833],[70.9405,51.9833],[70.9405,51.9833],[70.9405,51.9833],[70.9405,51.9833],[70.9405,51.9833],[70.9405,51.9833],[70.9405,51.9832],[70.9404,51.9832],[70.9404,51.9832],[70.9404,51.9832],[70.9404,51.9832],[70.9404,51.9832],[70.9404,51.9832],[70.9404,51.9832],[70.9404,51.9832],[70.9404,51.9832],[70.9404,51.9832],[70.9404,51.9832],[70.9404,51.9832],[70.9404,51.9832],[70.9404,51.9832],[70.9404,51.9832],[70.9403,51.9832],[70.9403,51.9832],[70.9403,51.9832],[70.9403,51.9832],[70.9403,51.9832],[70.9403,51.9832],[70.9403,51.9832],[70.9403,51.9832],[70.9403,51.9832],[70.9403,51.9832],[70.9403,51.9832],[70.9403,51.9832],[70.9403,51.9832],[70.9403,51.9832],[70.9403,51.9832],[70.9403,51.9832],[70.9402,51.9832],[70.9402,51.9832],[70.9402,51.9832],[70.9402,51.9832]]]],"type":"MultiPolygon"},"geometry_name":"shape","id":"gp_functional_zones.fid--7752831e_19fb67eabdc_7de0","properties":{"area":1.50872240305354,"creation_doc_id":3617,"deactivation_doc_id":null,"func_zone_status_id":2,"ggk_zone_code":"11010000","ggk_zone_name":"Территория усадебной застройки","gp_func_zone_code":"11010000","gp_func_zone_code_id":19,"id":4732038,"zone_type_id":8},"type":"Feature"},{"bbox":[70.9628,51.9819,70.9665,51.9835],"geometry":{"coordinates":[[[[70.965,51.9823],[70.9633,51.9819],[70.963,51.9824],[70.9628,51.9828],[70.966,51.9835],[70.9665,51.9827],[70.965,51.9823]]]],"type":"MultiPolygon"},"geometry_name":"shape","id":"gp_functional_zones.fid--7752831e_19fb67eabdc_7de1","properties":{"area":2.33529629098117,"creation_doc_id":3617,"deactivation_doc_id":null,"func_zone_status_id":2,"ggk_zone_code":"11010000","ggk_zone_name":"Территория усадебной застройки","gp_func_zone_code":"11010000","gp_func_zone_code_id":19,"id":4732039,"zone_type_id":8},"type":"Feature"},{"bbox":[70.9603,51.9826,70.9624,51.9835],"geometry":{"coordinates":[[[[70.9615,51.9827],[70.9607,51.9826],[70.9603,51.9832],[70.962,51.9835],[70.9624,51.9829],[70.9615,51.9827]]]],"type":"MultiPolygon"},"geometry_name":"shape","id":"gp_functional_zones.fid--7752831e_19fb67eabdc_7de2","properties":{"area":0.904809831933794,"creation_doc_id":3617,"deactivation_doc_id":null,"func_zone_status_id":2,"ggk_zone_code":"11010000","ggk_zone_name":"Территория усадебной застройки","gp_func_zone_code":"11010000","gp_func_zone_code_id":19,"id":4732040,"zone_type_id":8},"type":"Feature"},{"bbox":[70.9312,51.983,70.9327,51.984],"geometry":{"coordinates":[[[[70.9327,51.9839],[70.9322,51.983],[70.9322,51.983],[70.9322,51.983],[70.9322,51.983],[70.9322,51.983],[70.9321,51.983],[70.9321,51.983],[70.9321,51.983],[70.9321,51.983],[70.9321,51.983],[70.9321,51.983],[70.9321,51.983],[70.9321,51.983],[70.9321,51.983],[70.9321,51.983],[70.9321,51.983],[70.9321,51.983],[70.9321,51.983],[70.9321,51.983],[70.9321,51.983],[70.9321,51.983],[70.9321,51.983],[70.9321,51.983],[70.9321,51.9831],[70.9321,51.9831],[70.9321,51.9831],[70.932,51.9831],[70.932,51.9831],[70.932,51.9831],[70.932,51.9831],[70.932,51.9831],[70.932,51.9831],[70.932,51.9831],[70.932,51.9831],[70.932,51.9831],[70.932,51.9831],[70.932,51.9831],[70.932,51.9831],[70.932,51.9831],[70.932,51.9831],[70.932,51.9831],[70.932,51.9831],[70.932,51.9831],[70.932,51.9831],[70.932,51.9831],[70.932,51.9831],[70.9319,51.9831],[70.9319,51.9831],[70.9319,51.9831],[70.9319,51.9831],[70.9319,51.9831],[70.9319,51.9831],[70.9319,51.9831],[70.9319,51.9831],[70.9319,51.9831],[70.9319,51.9831],[70.9319,51.9831],[70.9319,51.9831],[70.9319,51.9831],[70.9319,51.9831],[70.9319,51.9831],[70.9319,51.9831],[70.9319,51.9831],[70.9319,51.9831],[70.9319,51.9831],[70.9319,51.9831],[70.9319,51.9831],[70.9318,51.9831],[70.9318,51.9831],[70.9318,51.9831],[70.9318,51.9831],[70.9318,51.9831],[70.9318,51.9831],[70.9318,51.9831],[70.9318,51.9831],[70.9318,51.9831],[70.9318,51.9831],[70.9318,51.9831],[70.9318,51.9831],[70.9318,51.9831],[70.9318,51.9831],[70.9318,51.9831],[70.9318,51.9831],[70.9318,51.9831],[70.9318,51.9831],[70.9318,51.9831],[70.9318,51.9831],[70.9318,51.9831],[70.9317,51.9831],[70.9317,51.9831],[70.9317,51.9831],[70.9317,51.9831],[70.9317,51.9831],[70.9317,51.9831],[70.9317,51.9831],[70.9317,51.9831],[70.9317,51.9831],[70.9317,51.9831],[70.9317,51.9831],[70.9317,51.9832],[70.9317,51.9832],[70.9317,51.9832],[70.9317,51.9832],[70.9317,51.9832],[70.9317,51.9832],[70.9317,51.9832],[70.9317,51.9832],[70.9317,51.9832],[70.9317,51.9832],[70.9317,51.9832],[70.9316,51.9832],[70.9316,51.9832],[70.9316,51.9832],[70.9316,51.9832],[70.9316,51.9832],[70.9316,51.9832],[70.9316,51.9832],[70.9316,51.9832],[70.9316,51.9832],[70.9316,51.9832],[70.9316,51.9832],[70.9316,51.9832],[70.9316,51.9832],[70.9316,51.9832],[70.9316,51.9832],[70.9316,51.9832],[70.9316,51.9832],[70.9316,51.9832],[70.9316,51.9832],[70.9316,51.9832],[70.9316,51.9832],[70.9316,51.9832],[70.9315,51.9832],[70.9315,51.9832],[70.9315,51.9832],[70.9315,51.9832],[70.9315,51.9832],[70.9315,51.9832],[70.9315,51.9832],[70.9315,51.9832],[70.9315,51.9832],[70.9315,51.9832],[70.9315,51.9832],[70.9315,51.9832],[70.9315,51.9832],[70.9315,51.9832],[70.9315,51.9832],[70.9315,51.9832],[70.9315,51.9832],[70.9315,51.9832],[70.9315,51.9832],[70.9315,51.9832],[70.9315,51.9832],[70.9315,51.9832],[70.9315,51.9832],[70.9315,51.9832],[70.9315,51.9832],[70.9315,51.9832],[70.9315,51.9832],[70.9315,51.9832],[70.9315,51.9832],[70.9315,51.9832],[70.9315,51.9832],[70.9314,51.9832],[70.9314,51.9832],[70.9314,51.9832],[70.9314,51.9832],[70.9314,51.9832],[70.9314,51.9833],[70.9314,51.9833],[70.9314,51.9833],[70.9314,51.9833],[70.9314,51.9833],[70.9314,51.9833],[70.9314,51.9833],[70.9314,51.9833],[70.9314,51.9833],[70.9314,51.9833],[70.9314,51.9833],[70.9314,51.9833],[70.9314,51.9833],[70.9314,51.9833],[70.9314,51.9833],[70.9314,51.9833],[70.9314,51.9833],[70.9314,51.9833],[70.9314,51.9833],[70.9314,51.9833],[70.9314,51.9833],[70.9314,51.9833],[70.9314,51.9833],[70.9314,51.9833],[70.9314,51.9833],[70.9314,51.9833],[70.9313,51.9833],[70.9313,51.9833],[70.9313,51.9833],[70.9313,51.9833],[70.9313,51.9833],[70.9313,51.9833],[70.9313,51.9833],[70.9313,51.9833],[70.9313,51.9833],[70.9313,51.9833],[70.9313,51.9833],[70.9313,51.9833],[70.9313,51.9833],[70.9313,51.9833],[70.9313,51.9833],[70.9313,51.9833],[70.9313,51.9833],[70.9313,51.9833],[70.9313,51.9833],[70.9313,51.9833],[70.9313,51.9833],[70.9313,51.9833],[70.9313,51.9833],[70.9313,51.9833],[70.9313,51.9833],[70.9313,51.9833],[70.9313,51.9833],[70.9313,51.9833],[70.9313,51.9833],[70.9313,51.9833],[70.9313,51.9833],[70.9313,51.9833],[70.9313,51.9833],[70.9312,51.9833],[70.9312,51.9833],[70.9312,51.9833],[70.9312,51.9833],[70.9312,51.9833],[70.9312,51.9834],[70.9312,51.9834],[70.9312,51.9834],[70.9312,51.9834],[70.9312,51.9834],[70.9312,51.9834],[70.9312,51.9834],[70.9312,51.9834],[70.9312,51.9834],[70.9312,51.9834],[70.9312,51.9834],[70.9312,51.9834],[70.9312,51.9834],[70.9312,51.9834],[70.9312,51.9834],[70.9312,51.9834],[70.9312,51.9834],[70.9312,51.9834],[70.9312,51.9834],[70.9312,51.9834],[70.9312,51.9834],[70.9312,51.9834],[70.9312,51.9834],[70.9312,51.9834],[70.9312,51.9834],[70.9323,51.984],[70.9323,51.984],[70.9323,51.984],[70.9323,51.984],[70.9323,51.984],[70.9323,51.984],[70.9323,51.984],[70.9323,51.984],[70.9323,51.984],[70.9327,51.9839]]]],"type":"MultiPolygon"},"geometry_name":"shape","id":"gp_functional_zones.fid--7752831e_19fb67eabdc_7de3","properties":{"area":0.540541216148476,"creation_doc_id":3617,"deactivation_doc_id":null,"func_zone_status_id":2,"ggk_zone_code":"11010000","ggk_zone_name":"Территория усадебной застройки","gp_func_zone_code":"11010000","gp_func_zone_code_id":19,"id":4732042,"zone_type_id":8},"type":"Feature"},{"bbox":[70.9442,51.9828,70.9454,51.9834],"geometry":{"coordinates":[[[[70.9454,51.9829],[70.9443,51.9828],[70.9443,51.9831],[70.9442,51.9834],[70.9454,51.9834],[70.9453,51.9833],[70.9453,51.9833],[70.9453,51.9833],[70.9453,51.9833],[70.9453,51.9833],[70.9453,51.9833],[70.9453,51.9833],[70.9453,51.9833],[70.9453,51.9833],[70.9453,51.9833],[70.9453,51.9833],[70.9453,51.9832],[70.9453,51.9832],[70.9453,51.9832],[70.9453,51.9832],[70.9453,51.9832],[70.9453,51.9832],[70.9453,51.9832],[70.9453,51.9832],[70.9453,51.9832],[70.9453,51.9832],[70.9453,51.9832],[70.9453,51.9832],[70.9453,51.9832],[70.9453,51.9832],[70.9453,51.9832],[70.9453,51.9832],[70.9453,51.9832],[70.9453,51.9832],[70.9453,51.9832],[70.9453,51.9832],[70.9453,51.9832],[70.9453,51.9832],[70.9453,51.9832],[70.9453,51.9832],[70.9453,51.9832],[70.9453,51.9832],[70.9453,51.9832],[70.9453,51.9832],[70.9453,51.9832],[70.9453,51.9832],[70.9453,51.9832],[70.9453,51.9832],[70.9453,51.9832],[70.9453,51.9832],[70.9453,51.9832],[70.9453,51.9832],[70.9453,51.9832],[70.9453,51.9832],[70.9453,51.9832],[70.9453,51.9832],[70.9453,51.9832],[70.9453,51.9832],[70.9453,51.9832],[70.9453,51.9832],[70.9453,51.9832],[70.9453,51.9832],[70.9453,51.9832],[70.9453,51.9832],[70.9453,51.9832],[70.9453,51.9832],[70.9453,51.9832],[70.9453,51.9832],[70.9453,51.9832],[70.9453,51.9832],[70.9453,51.9832],[70.9453,51.9832],[70.9453,51.9832],[70.9453,51.9832],[70.9453,51.9832],[70.9453,51.9832],[70.9453,51.9832],[70.9453,51.9832],[70.9453,51.9832],[70.9453,51.9832],[70.9453,51.9832],[70.9453,51.9832],[70.9453,51.9832],[70.9453,51.9832],[70.9453,51.9832],[70.9453,51.9831],[70.9453,51.9831],[70.9453,51.9831],[70.9453,51.9831],[70.9453,51.9831],[70.9453,51.9831],[70.9453,51.9831],[70.9453,51.9831],[70.9453,51.9831],[70.9453,51.9831],[70.9453,51.9831],[70.9453,51.9831],[70.9453,51.9831],[70.9453,51.9831],[70.9453,51.9831],[70.9453,51.9831],[70.9453,51.9831],[70.9453,51.9831],[70.9453,51.9831],[70.9453,51.9831],[70.9453,51.9831],[70.9453,51.9831],[70.9453,51.9831],[70.9453,51.9831],[70.9453,51.9831],[70.9453,51.9831],[70.9453,51.9831],[70.9453,51.9831],[70.9453,51.9831],[70.9453,51.9831],[70.9453,51.9831],[70.9453,51.9831],[70.9453,51.9831],[70.9453,51.9831],[70.9453,51.9831],[70.9453,51.9831],[70.9453,51.9831],[70.9453,51.9831],[70.9453,51.9831],[70.9453,51.9831],[70.9453,51.9831],[70.9453,51.9831],[70.9453,51.9831],[70.9453,51.9831],[70.9453,51.9831],[70.9453,51.9831],[70.9453,51.9831],[70.9453,51.9831],[70.9453,51.9831],[70.9454,51.9829]]]],"type":"MultiPolygon"},"geometry_name":"shape","id":"gp_functional_zones.fid--7752831e_19fb67eabdc_7de4","properties":{"area":0.463243493693478,"creation_doc_id":3617,"deactivation_doc_id":null,"func_zone_status_id":2,"ggk_zone_code":"11010000","ggk_zone_name":"Территория усадебной застройки","gp_func_zone_code":"11010000","gp_func_zone_code_id":19,"id":4732043,"zone_type_id":8},"type":"Feature"},{"bbox":[70.9608,51.9815,70.963,51.9827],"geometry":{"coordinates":[[[[70.963,51.9819],[70.9613,51.9815],[70.961,51.982],[70.9608,51.9823],[70.9625,51.9827],[70.963,51.9819]]]],"type":"MultiPolygon"},"geometry_name":"shape","id":"gp_functional_zones.fid--7752831e_19fb67eabdc_7de5","properties":{"area":1.29151954868822,"creation_doc_id":3617,"deactivation_doc_id":null,"func_zone_status_id":2,"ggk_zone_code":"11010000","ggk_zone_name":"Территория усадебной застройки","gp_func_zone_code":"11010000","gp_func_zone_code_id":19,"id":4732044,"zone_type_id":8},"type":"Feature"},{"bbox":[70.9597,51.9819,70.9606,51.9825],"geometry":{"coordinates":[[[[70.9606,51.9821],[70.9599,51.9819],[70.9598,51.9821],[70.9597,51.9824],[70.9604,51.9825],[70.9606,51.9821]]]],"type":"MultiPolygon"},"geometry_name":"shape","id":"gp_functional_zones.fid--7752831e_19fb67eabdc_7de6","properties":{"area":0.256379095000281,"creation_doc_id":3617,"deactivation_doc_id":null,"func_zone_status_id":2,"ggk_zone_code":"11010000","ggk_zone_name":"Территория усадебной застройки","gp_func_zone_code":"11010000","gp_func_zone_code_id":19,"id":4732045,"zone_type_id":8},"type":"Feature"},{"bbox":[70.9443,51.9814,70.9456,51.9827],"geometry":{"coordinates":[[[[70.9456,51.9814],[70.9445,51.9814],[70.9444,51.9821],[70.9443,51.9826],[70.9454,51.9827],[70.9454,51.9824],[70.9455,51.9817],[70.9455,51.9817],[70.9455,51.9817],[70.9455,51.9817],[70.9455,51.9817],[70.9455,51.9817],[70.9455,51.9817],[70.9455,51.9817],[70.9455,51.9817],[70.9455,51.9817],[70.9455,51.9817],[70.9455,51.9817],[70.9455,51.9817],[70.9455,51.9817],[70.9455,51.9817],[70.9455,51.9817],[70.9455,51.9817],[70.9455,51.9817],[70.9455,51.9817],[70.9455,51.9816],[70.9455,51.9816],[70.9455,51.9816],[70.9455,51.9816],[70.9455,51.9816],[70.9455,51.9816],[70.9455,51.9816],[70.9455,51.9816],[70.9455,51.9816],[70.9455,51.9816],[70.9455,51.9816],[70.9455,51.9816],[70.9455,51.9816],[70.9455,51.9816],[70.9455,51.9816],[70.9455,51.9816],[70.9455,51.9816],[70.9455,51.9816],[70.9455,51.9816],[70.9455,51.9816],[70.9455,51.9816],[70.9455,51.9815],[70.9455,51.9815],[70.9455,51.9815],[70.9455,51.9815],[70.9455,51.9815],[70.9455,51.9815],[70.9455,51.9815],[70.9455,51.9815],[70.9455,51.9815],[70.9455,51.9815],[70.9455,51.9815],[70.9455,51.9815],[70.9455,51.9815],[70.9455,51.9815],[70.9455,51.9815],[70.9455,51.9815],[70.9455,51.9815],[70.9455,51.9815],[70.9456,51.9815],[70.9456,51.9815],[70.9456,51.9815],[70.9456,51.9815],[70.9456,51.9814],[70.9456,51.9814],[70.9456,51.9814],[70.9456,51.9814]]]],"type":"MultiPolygon"},"geometry_name":"shape","id":"gp_functional_zones.fid--7752831e_19fb67eabdc_7de7","properties":{"area":1.00911169360205,"creation_doc_id":3617,"deactivation_doc_id":null,"func_zone_status_id":2,"ggk_zone_code":"11010000","ggk_zone_name":"Территория усадебной застройки","gp_func_zone_code":"11010000","gp_func_zone_code_id":19,"id":4732050,"zone_type_id":8},"type":"Feature"},{"bbox":[70.9585,51.9817,70.9597,51.9823],"geometry":{"coordinates":[[[[70.9597,51.9819],[70.9588,51.9817],[70.9587,51.9818],[70.9585,51.9821],[70.9595,51.9823],[70.9597,51.9819]]]],"type":"MultiPolygon"},"geometry_name":"shape","id":"gp_functional_zones.fid--7752831e_19fb67eabdc_7de8","properties":{"area":0.351714964858002,"creation_doc_id":3617,"deactivation_doc_id":null,"func_zone_status_id":2,"ggk_zone_code":"11010000","ggk_zone_name":"Территория усадебной застройки","gp_func_zone_code":"11010000","gp_func_zone_code_id":19,"id":4732051,"zone_type_id":8},"type":"Feature"},{"bbox":[70.9634,51.9801,70.9661,51.9822],"geometry":{"coordinates":[[[[70.9661,51.9805],[70.9644,51.9801],[70.9639,51.9809],[70.9639,51.981],[70.9637,51.9814],[70.9636,51.9815],[70.9634,51.9818],[70.9651,51.9822],[70.9652,51.9822],[70.9656,51.9813],[70.9656,51.9813],[70.9661,51.9805]]]],"type":"MultiPolygon"},"geometry_name":"shape","id":"gp_functional_zones.fid--7752831e_19fb67eabdc_7de9","properties":{"area":2.49382635271963,"creation_doc_id":3617,"deactivation_doc_id":null,"func_zone_status_id":2,"ggk_zone_code":"11010000","ggk_zone_name":"Территория усадебной застройки","gp_func_zone_code":"11010000","gp_func_zone_code_id":19,"id":4732052,"zone_type_id":8},"type":"Feature"},{"bbox":[70.9589,51.981,70.961,51.9819],"geometry":{"coordinates":[[[[70.961,51.9814],[70.9592,51.981],[70.959,51.9812],[70.9589,51.9815],[70.9607,51.9819],[70.961,51.9814]]]],"type":"MultiPolygon"},"geometry_name":"shape","id":"gp_functional_zones.fid--7752831e_19fb67eabdc_7dea","properties":{"area":0.804181273489396,"creation_doc_id":3617,"deactivation_doc_id":null,"func_zone_status_id":2,"ggk_zone_code":"11010000","ggk_zone_name":"Территория усадебной застройки","gp_func_zone_code":"11010000","gp_func_zone_code_id":19,"id":4732053,"zone_type_id":8},"type":"Feature"},{"bbox":[70.9614,51.9796,70.9641,51.9817],"geometry":{"coordinates":[[[[70.9622,51.9806],[70.9626,51.9799],[70.964,51.9802],[70.9641,51.98],[70.9624,51.9796],[70.9614,51.9813],[70.9631,51.9817],[70.9633,51.9815],[70.9636,51.9809],[70.9622,51.9806]]]],"type":"MultiPolygon"},"geometry_name":"shape","id":"gp_functional_zones.fid--7752831e_19fb67eabdc_7deb","properties":{"area":1.68268558467023,"creation_doc_id":3617,"deactivation_doc_id":null,"func_zone_status_id":2,"ggk_zone_code":"11010000","ggk_zone_name":"Территория усадебной застройки","gp_func_zone_code":"11010000","gp_func_zone_code_id":19,"id":4732054,"zone_type_id":8},"type":"Feature"},{"bbox":[70.9662,51.9805,70.9689,51.9815],"geometry":{"coordinates":[[[[70.9673,51.9807],[70.9664,51.9805],[70.9662,51.9809],[70.9673,51.9812],[70.9687,51.9815],[70.9689,51.9811],[70.9689,51.9811],[70.9673,51.9807]]]],"type":"MultiPolygon"},"geometry_name":"shape","id":"gp_functional_zones.fid--7752831e_19fb67eabdc_7dec","properties":{"area":0.821764376845985,"creation_doc_id":3617,"deactivation_doc_id":null,"func_zone_status_id":2,"ggk_zone_code":"11010000","ggk_zone_name":"Территория усадебной застройки","gp_func_zone_code":"11010000","gp_func_zone_code_id":19,"id":4732055,"zone_type_id":8},"type":"Feature"},{"bbox":[70.9593,51.9791,70.9621,51.9812],"geometry":{"coordinates":[[[[70.9621,51.9795],[70.9603,51.9791],[70.9599,51.9797],[70.9595,51.9805],[70.9593,51.9808],[70.9611,51.9812],[70.9621,51.9795]]]],"type":"MultiPolygon"},"geometry_name":"shape","id":"gp_functional_zones.fid--7752831e_19fb67eabdc_7ded","properties":{"area":2.56892924813389,"creation_doc_id":3617,"deactivation_doc_id":null,"func_zone_status_id":2,"ggk_zone_code":"11010000","ggk_zone_name":"Территория усадебной застройки","gp_func_zone_code":"11010000","gp_func_zone_code_id":19,"id":4732056,"zone_type_id":8},"type":"Feature"},{"bbox":[70.9668,51.98,70.969,51.9809],"geometry":{"coordinates":[[[[70.9689,51.9804],[70.9671,51.98],[70.9668,51.9804],[70.969,51.9809],[70.9689,51.9807],[70.9689,51.9804]]]],"type":"MultiPolygon"},"geometry_name":"shape","id":"gp_functional_zones.fid--7752831e_19fb67eabdc_7dee","properties":{"area":0.668022464815799,"creation_doc_id":3617,"deactivation_doc_id":null,"func_zone_status_id":2,"ggk_zone_code":"11010000","ggk_zone_name":"Территория усадебной застройки","gp_func_zone_code":"11010000","gp_func_zone_code_id":19,"id":4732057,"zone_type_id":8},"type":"Feature"},{"bbox":[70.9343,51.978,70.9397,51.9804],"geometry":{"coordinates":[[[[70.9395,51.9804],[70.9397,51.978],[70.9397,51.978],[70.9397,51.978],[70.9397,51.978],[70.9397,51.978],[70.9397,51.978],[70.9397,51.978],[70.9396,51.978],[70.9396,51.978],[70.9396,51.978],[70.9396,51.978],[70.9396,51.978],[70.9396,51.978],[70.9396,51.978],[70.9395,51.978],[70.9395,51.978],[70.9395,51.978],[70.9395,51.978],[70.9395,51.978],[70.9395,51.978],[70.9395,51.978],[70.9395,51.978],[70.9394,51.978],[70.9394,51.978],[70.9394,51.978],[70.9394,51.978],[70.9394,51.978],[70.9394,51.978],[70.9394,51.978],[70.9394,51.978],[70.9393,51.978],[70.9393,51.978],[70.9393,51.978],[70.9393,51.978],[70.9393,51.978],[70.9393,51.978],[70.9393,51.978],[70.9392,51.978],[70.9392,51.978],[70.9392,51.978],[70.9392,51.978],[70.9392,51.978],[70.9392,51.978],[70.9392,51.978],[70.9392,51.978],[70.9391,51.978],[70.9391,51.978],[70.9391,51.978],[70.9391,51.978],[70.9391,51.978],[70.9391,51.978],[70.9391,51.978],[70.939,51.978],[70.939,51.978],[70.939,51.978],[70.939,51.978],[70.939,51.978],[70.939,51.978],[70.939,51.978],[70.939,51.978],[70.9389,51.978],[70.9389,51.978],[70.9389,51.978],[70.9389,51.978],[70.9389,51.978],[70.9389,51.978],[70.9389,51.978],[70.9388,51.978],[70.9388,51.978],[70.9388,51.978],[70.9388,51.978],[70.9388,51.978],[70.9388,51.978],[70.9388,51.978],[70.9388,51.978],[70.9387,51.978],[70.9387,51.978],[70.9387,51.978],[70.9387,51.978],[70.9387,51.978],[70.9387,51.978],[70.9387,51.978],[70.9387,51.978],[70.9386,51.978],[70.9386,51.978],[70.9386,51.978],[70.9386,51.978],[70.9386,51.978],[70.9386,51.978],[70.9386,51.978],[70.9385,51.978],[70.9385,51.978],[70.9385,51.978],[70.9385,51.978],[70.9385,51.978],[70.9385,51.978],[70.9385,51.978],[70.9385,51.978],[70.9384,51.978],[70.9384,51.978],[70.9384,51.978],[70.9384,51.978],[70.9384,51.978],[70.9384,51.978],[70.9384,51.978],[70.9383,51.978],[70.9383,51.978],[70.9383,51.978],[70.9383,51.978],[70.9383,51.978],[70.9383,51.978],[70.9383,51.978],[70.9383,51.978],[70.9382,51.978],[70.9382,51.978],[70.9382,51.978],[70.9382,51.978],[70.9382,51.978],[70.9382,51.978],[70.9382,51.978],[70.9381,51.978],[70.9381,51.978],[70.9381,51.978],[70.9381,51.978],[70.9381,51.978],[70.9381,51.978],[70.9381,51.978],[70.9381,51.978],[70.938,51.978],[70.938,51.978],[70.938,51.978],[70.938,51.978],[70.938,51.978],[70.938,51.978],[70.938,51.978],[70.9379,51.978],[70.9379,51.978],[70.9379,51.978],[70.9379,51.978],[70.9379,51.978],[70.9379,51.978],[70.9379,51.978],[70.9379,51.978],[70.9378,51.978],[70.9378,51.978],[70.9378,51.978],[70.9378,51.978],[70.9378,51.978],[70.9378,51.978],[70.9378,51.978],[70.9378,51.978],[70.9377,51.978],[70.9377,51.978],[70.9377,51.978],[70.9377,51.978],[70.9377,51.978],[70.9377,51.978],[70.9377,51.978],[70.9376,51.978],[70.9376,51.978],[70.9376,51.978],[70.9376,51.978],[70.9376,51.978],[70.9376,51.978],[70.9376,51.978],[70.9376,51.978],[70.9375,51.978],[70.9375,51.978],[70.9375,51.978],[70.9375,51.978],[70.9375,51.978],[70.9375,51.978],[70.9375,51.978],[70.9374,51.978],[70.9374,51.978],[70.9374,51.978],[70.9374,51.978],[70.9374,51.978],[70.9374,51.978],[70.9374,51.978],[70.9374,51.978],[70.9373,51.978],[70.9373,51.978],[70.9373,51.978],[70.9373,51.978],[70.9373,51.978],[70.9372,51.978],[70.9372,51.978],[70.9372,51.978],[70.9372,51.978],[70.9371,51.978],[70.9371,51.978],[70.9371,51.978],[70.9371,51.978],[70.937,51.978],[70.937,51.978],[70.937,51.978],[70.937,51.978],[70.9369,51.978],[70.9369,51.978],[70.9369,51.978],[70.9369,51.978],[70.9368,51.978],[70.9368,51.978],[70.9368,51.978],[70.9368,51.978],[70.9368,51.978],[70.9367,51.978],[70.9367,51.978],[70.9367,51.978],[70.9367,51.978],[70.9366,51.978],[70.9366,51.978],[70.9366,51.978],[70.9366,51.978],[70.9365,51.978],[70.9365,51.978],[70.9365,51.978],[70.9365,51.978],[70.9364,51.978],[70.9364,51.978],[70.9364,51.978],[70.9364,51.978],[70.9363,51.978],[70.9363,51.978],[70.9363,51.978],[70.9363,51.978],[70.9362,51.978],[70.9362,51.978],[70.9362,51.978],[70.9362,51.978],[70.9361,51.978],[70.9361,51.978],[70.9361,51.978],[70.9361,51.9781],[70.9361,51.9781],[70.936,51.9781],[70.936,51.9781],[70.936,51.9781],[70.936,51.9781],[70.9359,51.9781],[70.9359,51.9781],[70.9359,51.9781],[70.9359,51.9781],[70.9358,51.9781],[70.9358,51.9781],[70.9358,51.9781],[70.9358,51.9781],[70.9357,51.9781],[70.9357,51.9781],[70.9357,51.9781],[70.9357,51.9781],[70.9357,51.9781],[70.9356,51.9781],[70.9356,51.9781],[70.9356,51.9781],[70.9356,51.9781],[70.9355,51.9781],[70.9355,51.9781],[70.9355,51.9781],[70.9355,51.9782],[70.9354,51.9782],[70.9354,51.9782],[70.9354,51.9782],[70.9354,51.9782],[70.9353,51.9782],[70.9353,51.9782],[70.9353,51.9782],[70.9353,51.9782],[70.9353,51.9782],[70.9352,51.9782],[70.9352,51.9782],[70.9352,51.9782],[70.9352,51.9782],[70.9351,51.9782],[70.9351,51.9782],[70.9351,51.9782],[70.9351,51.9782],[70.935,51.9782],[70.935,51.9782],[70.935,51.9782],[70.935,51.9783],[70.935,51.9783],[70.9349,51.9783],[70.9349,51.9783],[70.9349,51.9783],[70.9349,51.9783],[70.9348,51.9783],[70.9348,51.9783],[70.9348,51.9783],[70.9348,51.9783],[70.9348,51.9783],[70.9347,51.9783],[70.9347,51.9783],[70.9347,51.9783],[70.9347,51.9783],[70.9346,51.9783],[70.9346,51.9783],[70.9346,51.9784],[70.9346,51.9784],[70.9346,51.9784],[70.9345,51.9784],[70.9345,51.9784],[70.9345,51.9784],[70.9345,51.9784],[70.9344,51.9784],[70.9344,51.9784],[70.9344,51.9784],[70.9344,51.9784],[70.9344,51.9784],[70.9343,51.9784],[70.9343,51.9784],[70.9354,51.9804],[70.9354,51.9804],[70.9354,51.9804],[70.9355,51.9803],[70.9355,51.9803],[70.9355,51.9803],[70.9355,51.9803],[70.9355,51.9803],[70.9355,51.9803],[70.9355,51.9803],[70.9356,51.9803],[70.9356,51.9803],[70.9356,51.9803],[70.9356,51.9803],[70.9356,51.9803],[70.9356,51.9803],[70.9357,51.9803],[70.9357,51.9803],[70.9357,51.9803],[70.9357,51.9803],[70.9357,51.9803],[70.9357,51.9803],[70.9357,51.9803],[70.9358,51.9803],[70.9358,51.9803],[70.9358,51.9803],[70.9358,51.9803],[70.9358,51.9803],[70.9358,51.9803],[70.9359,51.9803],[70.9359,51.9803],[70.9359,51.9803],[70.9359,51.9803],[70.9359,51.9803],[70.9359,51.9803],[70.9359,51.9803],[70.936,51.9803],[70.936,51.9802],[70.936,51.9802],[70.936,51.9802],[70.936,51.9802],[70.936,51.9802],[70.936,51.9802],[70.9361,51.9802],[70.9361,51.9802],[70.9361,51.9802],[70.9361,51.9802],[70.9361,51.9802],[70.9361,51.9802],[70.9362,51.9802],[70.9362,51.9802],[70.9362,51.9802],[70.9362,51.9802],[70.9362,51.9802],[70.9362,51.9802],[70.9362,51.9802],[70.9363,51.9802],[70.9363,51.9802],[70.9363,51.9802],[70.9363,51.9802],[70.9363,51.9802],[70.9363,51.9802],[70.9364,51.9802],[70.9364,51.9802],[70.9364,51.9802],[70.9364,51.9802],[70.9364,51.9802],[70.9364,51.9802],[70.9365,51.9802],[70.9365,51.9802],[70.9365,51.9802],[70.9365,51.9802],[70.9365,51.9802],[70.9365,51.9802],[70.9365,51.9802],[70.9366,51.9802],[70.9366,51.9802],[70.9366,51.9802],[70.9366,51.9802],[70.9366,51.9802],[70.9366,51.9802],[70.9367,51.9802],[70.9367,51.9802],[70.9367,51.9802],[70.9367,51.9802],[70.9367,51.9802],[70.9367,51.9802],[70.9367,51.9802],[70.9368,51.9802],[70.9368,51.9802],[70.9368,51.9802],[70.9368,51.9802],[70.9368,51.9802],[70.9368,51.9802],[70.9369,51.9802],[70.9369,51.9802],[70.9369,51.9802],[70.9369,51.9802],[70.9369,51.9802],[70.9369,51.9802],[70.937,51.9802],[70.937,51.9801],[70.937,51.9801],[70.937,51.9801],[70.937,51.9801],[70.937,51.9801],[70.937,51.9801],[70.9371,51.9801],[70.9371,51.9801],[70.9371,51.9801],[70.9371,51.9801],[70.9371,51.9801],[70.9371,51.9801],[70.9372,51.9801],[70.9372,51.9801],[70.9372,51.9801],[70.9372,51.9801],[70.9372,51.9801],[70.9372,51.9801],[70.9373,51.9801],[70.9373,51.9801],[70.9373,51.9801],[70.9373,51.9801],[70.9373,51.9801],[70.9373,51.9801],[70.9373,51.9801],[70.9374,51.9801],[70.9374,51.9801],[70.9374,51.9801],[70.9374,51.9801],[70.9374,51.9801],[70.9375,51.9801],[70.9375,51.9801],[70.9375,51.9801],[70.9375,51.9801],[70.9376,51.9801],[70.9376,51.9801],[70.9376,51.9801],[70.9376,51.9802],[70.9377,51.9802],[70.9377,51.9802],[70.9377,51.9802],[70.9377,51.9802],[70.9378,51.9802],[70.9378,51.9802],[70.9378,51.9802],[70.9378,51.9802],[70.9379,51.9802],[70.9379,51.9802],[70.9379,51.9802],[70.9379,51.9802],[70.938,51.9802],[70.938,51.9802],[70.938,51.9802],[70.938,51.9802],[70.9381,51.9802],[70.9381,51.9802],[70.9381,51.9802],[70.9381,51.9802],[70.9381,51.9802],[70.9382,51.9802],[70.9382,51.9802],[70.9382,51.9802],[70.9382,51.9802],[70.9383,51.9802],[70.9383,51.9802],[70.9383,51.9802],[70.9383,51.9802],[70.9384,51.9802],[70.9384,51.9802],[70.9384,51.9802],[70.9384,51.9802],[70.9385,51.9802],[70.9385,51.9802],[70.9385,51.9802],[70.9385,51.9802],[70.9386,51.9802],[70.9386,51.9802],[70.9386,51.9802],[70.9386,51.9802],[70.9387,51.9802],[70.9387,51.9802],[70.9387,51.9802],[70.9387,51.9802],[70.9387,51.9802],[70.9388,51.9802],[70.9388,51.9803],[70.9388,51.9803],[70.9388,51.9803],[70.9389,51.9803],[70.9389,51.9803],[70.9389,51.9803],[70.9389,51.9803],[70.939,51.9803],[70.939,51.9803],[70.939,51.9803],[70.939,51.9803],[70.9391,51.9803],[70.9391,51.9803],[70.9391,51.9803],[70.9391,51.9803],[70.9391,51.9803],[70.9392,51.9803],[70.9392,51.9803],[70.9392,51.9803],[70.9392,51.9803],[70.9393,51.9803],[70.9393,51.9803],[70.9393,51.9803],[70.9393,51.9803],[70.9394,51.9803],[70.9394,51.9803],[70.9394,51.9804],[70.9394,51.9804],[70.9394,51.9804],[70.9395,51.9804]]]],"type":"MultiPolygon"},"geometry_name":"shape","id":"gp_functional_zones.fid--7752831e_19fb67eabdc_7def","properties":{"area":8.03740212188701,"creation_doc_id":3617,"deactivation_doc_id":null,"func_zone_status_id":3,"ggk_zone_code":"11010000","ggk_zone_name":"Территория усадебной застройки","gp_func_zone_code":"11010000","gp_func_zone_code_id":19,"id":4732058,"zone_type_id":8},"type":"Feature"},{"bbox":[70.9319,51.9785,70.9351,51.9812],"geometry":{"coordinates":[[[[70.9341,51.9788],[70.934,51.9785],[70.934,51.9786],[70.934,51.9786],[70.934,51.9786],[70.9339,51.9786],[70.9339,51.9786],[70.9339,51.9786],[70.9339,51.9786],[70.9339,51.9786],[70.9339,51.9786],[70.9339,51.9786],[70.9339,51.9786],[70.9339,51.9786],[70.9339,51.9786],[70.9339,51.9786],[70.9338,51.9786],[70.9338,51.9786],[70.9338,51.9786],[70.9338,51.9786],[70.9338,51.9786],[70.9338,51.9786],[70.9338,51.9786],[70.9338,51.9786],[70.9338,51.9786],[70.9338,51.9786],[70.9337,51.9786],[70.9337,51.9786],[70.9337,51.9786],[70.9337,51.9786],[70.9337,51.9787],[70.9337,51.9787],[70.9337,51.9787],[70.9337,51.9787],[70.9337,51.9787],[70.9337,51.9787],[70.9337,51.9787],[70.9336,51.9787],[70.9336,51.9787],[70.9336,51.9787],[70.9336,51.9787],[70.9336,51.9787],[70.9336,51.9787],[70.9336,51.9787],[70.9336,51.9787],[70.9336,51.9787],[70.9336,51.9787],[70.9335,51.9787],[70.9335,51.9787],[70.9335,51.9787],[70.9335,51.9787],[70.9335,51.9787],[70.9335,51.9787],[70.9335,51.9787],[70.9335,51.9787],[70.9335,51.9787],[70.9335,51.9788],[70.9335,51.9788],[70.9334,51.9788],[70.9334,51.9788],[70.9334,51.9788],[70.9334,51.9788],[70.9334,51.9788],[70.9334,51.9788],[70.9334,51.9788],[70.9334,51.9788],[70.9334,51.9788],[70.9334,51.9788],[70.9334,51.9788],[70.9333,51.9788],[70.9333,51.9788],[70.9333,51.9788],[70.9333,51.9788],[70.9333,51.9788],[70.9333,51.9788],[70.9333,51.9788],[70.9333,51.9788],[70.9333,51.9788],[70.9333,51.9788],[70.9333,51.9788],[70.9332,51.9788],[70.9332,51.9789],[70.9332,51.9789],[70.9332,51.9789],[70.9332,51.9789],[70.9332,51.9789],[70.9332,51.9789],[70.9332,51.9789],[70.9332,51.9789],[70.9332,51.9789],[70.9332,51.9789],[70.9332,51.9789],[70.9331,51.9789],[70.9331,51.9789],[70.9331,51.9789],[70.9331,51.9789],[70.9331,51.9789],[70.9331,51.9789],[70.9331,51.9789],[70.9331,51.9789],[70.9331,51.9789],[70.9331,51.9789],[70.9331,51.9789],[70.933,51.9789],[70.933,51.9789],[70.933,51.979],[70.933,51.979],[70.933,51.979],[70.933,51.979],[70.933,51.979],[70.933,51.979],[70.933,51.979],[70.933,51.979],[70.933,51.979],[70.933,51.979],[70.9329,51.979],[70.9329,51.979],[70.9329,51.979],[70.9329,51.979],[70.9329,51.979],[70.9329,51.979],[70.9329,51.979],[70.9329,51.979],[70.9329,51.979],[70.9329,51.979],[70.9329,51.979],[70.9329,51.979],[70.9328,51.9791],[70.9328,51.9791],[70.9328,51.9791],[70.9328,51.9791],[70.9328,51.9791],[70.9328,51.9791],[70.9328,51.9791],[70.9328,51.9791],[70.9328,51.9791],[70.9328,51.9791],[70.9328,51.9791],[70.9328,51.9791],[70.9327,51.9791],[70.9327,51.9791],[70.9327,51.9791],[70.9327,51.9791],[70.9327,51.9791],[70.9327,51.9791],[70.9327,51.9791],[70.9327,51.9791],[70.9327,51.9791],[70.9327,51.9791],[70.9327,51.9792],[70.9327,51.9792],[70.9326,51.9792],[70.9326,51.9792],[70.9326,51.9792],[70.9326,51.9792],[70.9326,51.9792],[70.9326,51.9792],[70.9326,51.9792],[70.9326,51.9792],[70.9326,51.9792],[70.9326,51.9792],[70.9326,51.9792],[70.9326,51.9792],[70.9325,51.9792],[70.9325,51.9792],[70.9325,51.9792],[70.9325,51.9792],[70.9325,51.9792],[70.9325,51.9792],[70.9325,51.9792],[70.9325,51.9793],[70.9325,51.9793],[70.9325,51.9793],[70.9325,51.9793],[70.9325,51.9793],[70.9325,51.9793],[70.9324,51.9793],[70.9324,51.9793],[70.9324,51.9793],[70.9324,51.9793],[70.9324,51.9793],[70.9324,51.9793],[70.9324,51.9793],[70.9324,51.9793],[70.9324,51.9793],[70.9324,51.9793],[70.9324,51.9793],[70.9324,51.9793],[70.9324,51.9793],[70.9323,51.9793],[70.9323,51.9794],[70.9323,51.9794],[70.9323,51.9794],[70.9323,51.9794],[70.9323,51.9794],[70.9323,51.9794],[70.9323,51.9794],[70.9323,51.9794],[70.9323,51.9794],[70.9323,51.9794],[70.9323,51.9794],[70.9323,51.9794],[70.9322,51.9794],[70.9322,51.9794],[70.9322,51.9794],[70.9322,51.9794],[70.9322,51.9794],[70.9322,51.9794],[70.9322,51.9794],[70.9322,51.9794],[70.9322,51.9795],[70.9322,51.9795],[70.9322,51.9795],[70.9322,51.9795],[70.9322,51.9795],[70.9321,51.9795],[70.9321,51.9795],[70.9321,51.9795],[70.9321,51.9795],[70.9321,51.9795],[70.9321,51.9795],[70.9321,51.9795],[70.9321,51.9795],[70.9321,51.9795],[70.9321,51.9795],[70.9321,51.9795],[70.9321,51.9795],[70.9321,51.9795],[70.9321,51.9795],[70.932,51.9796],[70.932,51.9796],[70.932,51.9796],[70.932,51.9796],[70.932,51.9796],[70.932,51.9796],[70.932,51.9796],[70.932,51.9796],[70.932,51.9796],[70.932,51.9796],[70.932,51.9796],[70.932,51.9796],[70.932,51.9796],[70.932,51.9796],[70.9319,51.9796],[70.9319,51.9796],[70.9319,51.9796],[70.9319,51.9796],[70.9319,51.9796],[70.9319,51.9797],[70.9319,51.9797],[70.9319,51.9797],[70.9319,51.9797],[70.9319,51.9797],[70.9319,51.9797],[70.9319,51.9797],[70.9319,51.9797],[70.9319,51.9797],[70.9319,51.9797],[70.9319,51.9798],[70.9321,51.9802],[70.9322,51.9802],[70.9328,51.9812],[70.9328,51.9812],[70.9328,51.9812],[70.9328,51.9812],[70.9328,51.9812],[70.9328,51.9812],[70.9328,51.9812],[70.9328,51.9812],[70.9328,51.9812],[70.9329,51.9812],[70.9329,51.9812],[70.9329,51.9812],[70.9329,51.9812],[70.9329,51.9812],[70.9329,51.9812],[70.9329,51.9812],[70.9329,51.9812],[70.9329,51.9812],[70.9329,51.9812],[70.9329,51.9812],[70.933,51.9812],[70.933,51.9812],[70.933,51.9812],[70.933,51.9812],[70.933,51.9812],[70.933,51.9812],[70.933,51.9812],[70.933,51.9812],[70.933,51.9811],[70.933,51.9811],[70.933,51.9811],[70.933,51.9811],[70.9331,51.9811],[70.9331,51.9811],[70.9331,51.9811],[70.9331,51.9811],[70.9331,51.9811],[70.9331,51.9811],[70.9331,51.9811],[70.9331,51.9811],[70.9331,51.9811],[70.9331,51.9811],[70.9331,51.9811],[70.9331,51.9811],[70.9332,51.9811],[70.9332,51.9811],[70.9332,51.9811],[70.9332,51.9811],[70.9332,51.9811],[70.9332,51.9811],[70.9332,51.9811],[70.9332,51.9811],[70.9332,51.9811],[70.9332,51.9811],[70.9332,51.9811],[70.9333,51.9811],[70.9333,51.9811],[70.9333,51.981],[70.9333,51.981],[70.9333,51.981],[70.9333,51.981],[70.9333,51.981],[70.9333,51.981],[70.9333,51.981],[70.9333,51.981],[70.9333,51.981],[70.9333,51.981],[70.9334,51.981],[70.9334,51.981],[70.9334,51.981],[70.9334,51.981],[70.9334,51.981],[70.9334,51.981],[70.9334,51.981],[70.9334,51.981],[70.9334,51.981],[70.9334,51.981],[70.9334,51.981],[70.9335,51.981],[70.9335,51.981],[70.9335,51.981],[70.9335,51.981],[70.9335,51.981],[70.9335,51.981],[70.9335,51.981],[70.9335,51.981],[70.9335,51.9809],[70.9335,51.9809],[70.9335,51.9809],[70.9336,51.9809],[70.9336,51.9809],[70.9336,51.9809],[70.9336,51.9809],[70.9336,51.9809],[70.9336,51.9809],[70.9336,51.9809],[70.9336,51.9809],[70.9336,51.9809],[70.9336,51.9809],[70.9336,51.9809],[70.9336,51.9809],[70.9337,51.9809],[70.9337,51.9809],[70.9337,51.9809],[70.9337,51.9809],[70.9337,51.9809],[70.9337,51.9809],[70.9337,51.9809],[70.9337,51.9809],[70.9337,51.9809],[70.9337,51.9809],[70.9337,51.9809],[70.9338,51.9809],[70.9338,51.9809],[70.9338,51.9809],[70.9338,51.9809],[70.9338,51.9809],[70.9338,51.9808],[70.9338,51.9808],[70.9338,51.9808],[70.9338,51.9808],[70.9338,51.9808],[70.9338,51.9808],[70.9339,51.9808],[70.9339,51.9808],[70.9339,51.9808],[70.9339,51.9808],[70.9339,51.9808],[70.9339,51.9808],[70.9339,51.9808],[70.9339,51.9808],[70.9339,51.9808],[70.9339,51.9808],[70.9339,51.9808],[70.934,51.9808],[70.934,51.9808],[70.934,51.9808],[70.934,51.9808],[70.934,51.9808],[70.934,51.9808],[70.934,51.9808],[70.934,51.9808],[70.934,51.9808],[70.934,51.9808],[70.934,51.9808],[70.9341,51.9808],[70.9341,51.9808],[70.9341,51.9808],[70.9341,51.9808],[70.9341,51.9807],[70.9341,51.9807],[70.9341,51.9807],[70.9341,51.9807],[70.9341,51.9807],[70.9341,51.9807],[70.9341,51.9807],[70.9342,51.9807],[70.9342,51.9807],[70.9342,51.9807],[70.9342,51.9807],[70.9342,51.9807],[70.9342,51.9807],[70.9342,51.9807],[70.9342,51.9807],[70.9342,51.9807],[70.9342,51.9807],[70.9342,51.9807],[70.9343,51.9807],[70.9343,51.9807],[70.9343,51.9807],[70.9343,51.9807],[70.9343,51.9807],[70.9343,51.9807],[70.9343,51.9807],[70.9343,51.9807],[70.9343,51.9807],[70.9343,51.9807],[70.9343,51.9807],[70.9344,51.9807],[70.9344,51.9807],[70.9344,51.9807],[70.9344,51.9807],[70.9344,51.9806],[70.9344,51.9806],[70.9344,51.9806],[70.9344,51.9806],[70.9344,51.9806],[70.9344,51.9806],[70.9344,51.9806],[70.9345,51.9806],[70.9345,51.9806],[70.9345,51.9806],[70.9345,51.9806],[70.9345,51.9806],[70.9345,51.9806],[70.9345,51.9806],[70.9345,51.9806],[70.9345,51.9806],[70.9345,51.9806],[70.9345,51.9806],[70.9346,51.9806],[70.9346,51.9806],[70.9346,51.9806],[70.9346,51.9806],[70.9346,51.9806],[70.9346,51.9806],[70.9346,51.9806],[70.9346,51.9806],[70.9346,51.9806],[70.9346,51.9806],[70.9346,51.9806],[70.9347,51.9806],[70.9347,51.9806],[70.9347,51.9806],[70.9347,51.9806],[70.9347,51.9806],[70.9347,51.9806],[70.9347,51.9806],[70.9347,51.9805],[70.9347,51.9805],[70.9347,51.9805],[70.9348,51.9805],[70.9348,51.9805],[70.9348,51.9805],[70.9348,51.9805],[70.9348,51.9805],[70.9348,51.9805],[70.9348,51.9805],[70.9348,51.9805],[70.9348,51.9805],[70.9348,51.9805],[70.9348,51.9805],[70.9349,51.9805],[70.9349,51.9805],[70.9349,51.9805],[70.9349,51.9805],[70.9349,51.9805],[70.9349,51.9805],[70.9349,51.9805],[70.9349,51.9805],[70.9349,51.9805],[70.9349,51.9805],[70.9349,51.9805],[70.935,51.9805],[70.935,51.9805],[70.935,51.9805],[70.935,51.9805],[70.935,51.9805],[70.935,51.9805],[70.935,51.9805],[70.935,51.9805],[70.935,51.9805],[70.935,51.9805],[70.9351,51.9805],[70.9351,51.9805],[70.9351,51.9804],[70.9351,51.9804],[70.9341,51.9788],[70.9341,51.9788]]]],"type":"MultiPolygon"},"geometry_name":"shape","id":"gp_functional_zones.fid--7752831e_19fb67eabdc_7df0","properties":{"area":3.74743856920625,"creation_doc_id":3617,"deactivation_doc_id":null,"func_zone_status_id":3,"ggk_zone_code":"11010000","ggk_zone_name":"Территория усадебной застройки","gp_func_zone_code":"11010000","gp_func_zone_code_id":19,"id":4732059,"zone_type_id":8},"type":"Feature"},{"bbox":[70.9376,51.9804,70.9403,51.9825],"geometry":{"coordinates":[[[[70.9376,51.9804],[70.9376,51.9804],[70.9376,51.9808],[70.9376,51.9808],[70.9376,51.9808],[70.9376,51.9808],[70.9376,51.9809],[70.9376,51.9809],[70.9376,51.9809],[70.9376,51.9809],[70.9376,51.9809],[70.9376,51.9809],[70.9376,51.9809],[70.9376,51.9809],[70.9376,51.9809],[70.9376,51.9809],[70.9376,51.9809],[70.9376,51.9809],[70.9376,51.9809],[70.9376,51.9809],[70.9376,51.981],[70.9376,51.981],[70.9376,51.981],[70.9376,51.981],[70.9376,51.981],[70.9376,51.981],[70.9376,51.981],[70.9377,51.981],[70.9377,51.981],[70.9377,51.981],[70.9377,51.981],[70.9377,51.981],[70.9377,51.981],[70.9377,51.9811],[70.9377,51.9811],[70.9377,51.9811],[70.9377,51.9811],[70.9377,51.9811],[70.9377,51.9811],[70.9377,51.9811],[70.9377,51.9811],[70.9377,51.9811],[70.9377,51.9811],[70.9377,51.9811],[70.9377,51.9811],[70.9377,51.9811],[70.9377,51.9811],[70.9377,51.9812],[70.9377,51.9812],[70.9377,51.9812],[70.9377,51.9812],[70.9377,51.9812],[70.9377,51.9812],[70.9377,51.9812],[70.9377,51.9812],[70.9377,51.9812],[70.9377,51.9812],[70.9378,51.9812],[70.9378,51.9812],[70.9378,51.9812],[70.9378,51.9813],[70.9378,51.9813],[70.9378,51.9813],[70.9378,51.9813],[70.9378,51.9813],[70.9378,51.9813],[70.9378,51.9813],[70.9378,51.9813],[70.9378,51.9813],[70.9378,51.9813],[70.9378,51.9813],[70.9378,51.9813],[70.9378,51.9813],[70.9378,51.9813],[70.9378,51.9814],[70.9378,51.9814],[70.9378,51.9814],[70.9378,51.9814],[70.9378,51.9814],[70.9378,51.9814],[70.9379,51.9814],[70.9379,51.9814],[70.9379,51.9814],[70.9379,51.9814],[70.9379,51.9814],[70.9379,51.9814],[70.9379,51.9814],[70.9379,51.9814],[70.9379,51.9814],[70.9379,51.9815],[70.9379,51.9815],[70.9379,51.9815],[70.9379,51.9815],[70.9379,51.9815],[70.9379,51.9815],[70.9379,51.9815],[70.9379,51.9815],[70.9379,51.9815],[70.9379,51.9815],[70.9379,51.9815],[70.9379,51.9815],[70.938,51.9815],[70.938,51.9815],[70.938,51.9816],[70.938,51.9816],[70.938,51.9816],[70.938,51.9816],[70.938,51.9816],[70.938,51.9816],[70.938,51.9816],[70.938,51.9816],[70.938,51.9816],[70.938,51.9816],[70.938,51.9816],[70.938,51.9816],[70.938,51.9816],[70.938,51.9816],[70.938,51.9816],[70.938,51.9817],[70.938,51.9817],[70.9381,51.9817],[70.9381,51.9817],[70.9381,51.9817],[70.9381,51.9817],[70.9381,51.9817],[70.9381,51.9817],[70.9381,51.9817],[70.9381,51.9817],[70.9381,51.9817],[70.9381,51.9817],[70.9381,51.9817],[70.9381,51.9817],[70.9381,51.9817],[70.9381,51.9818],[70.9381,51.9818],[70.9381,51.9818],[70.9381,51.9818],[70.9382,51.9818],[70.9382,51.9818],[70.9382,51.9818],[70.9382,51.9818],[70.9382,51.9818],[70.9382,51.9818],[70.9382,51.9818],[70.9382,51.9818],[70.9382,51.9818],[70.9382,51.9818],[70.9382,51.9818],[70.9382,51.9819],[70.9382,51.9819],[70.9382,51.9819],[70.9382,51.9819],[70.9383,51.9819],[70.9383,51.9819],[70.9383,51.9819],[70.9383,51.9819],[70.9383,51.9819],[70.9383,51.9819],[70.9383,51.9819],[70.9383,51.9819],[70.9383,51.9819],[70.9383,51.9819],[70.9383,51.9819],[70.9383,51.9819],[70.9383,51.982],[70.9383,51.982],[70.9383,51.982],[70.9384,51.982],[70.9384,51.982],[70.9384,51.982],[70.9384,51.982],[70.9384,51.982],[70.9384,51.982],[70.9384,51.982],[70.9384,51.982],[70.9384,51.982],[70.9384,51.982],[70.9384,51.982],[70.9384,51.982],[70.9384,51.982],[70.9384,51.9821],[70.9385,51.9821],[70.9385,51.9821],[70.9385,51.9821],[70.9385,51.9821],[70.9385,51.9821],[70.9385,51.9821],[70.9385,51.9821],[70.9385,51.9821],[70.9385,51.9821],[70.9385,51.9821],[70.9385,51.9821],[70.9385,51.9821],[70.9385,51.9821],[70.9385,51.9821],[70.9386,51.9821],[70.9386,51.9822],[70.9386,51.9822],[70.9386,51.9822],[70.9386,51.9822],[70.9386,51.9822],[70.9386,51.9822],[70.9386,51.9822],[70.9386,51.9822],[70.9386,51.9822],[70.9386,51.9822],[70.9386,51.9822],[70.9386,51.9822],[70.9387,51.9822],[70.9387,51.9822],[70.9387,51.9822],[70.9387,51.9822],[70.9387,51.9822],[70.9387,51.9823],[70.9387,51.9823],[70.9387,51.9823],[70.9387,51.9823],[70.9387,51.9823],[70.9387,51.9823],[70.9387,51.9823],[70.9388,51.9823],[70.9388,51.9823],[70.9388,51.9823],[70.9388,51.9823],[70.9388,51.9823],[70.9388,51.9823],[70.9388,51.9823],[70.9388,51.9823],[70.9388,51.9823],[70.9388,51.9823],[70.9388,51.9823],[70.9388,51.9824],[70.9389,51.9824],[70.9389,51.9824],[70.9389,51.9824],[70.9389,51.9824],[70.9389,51.9824],[70.9389,51.9824],[70.9389,51.9824],[70.9389,51.9824],[70.9389,51.9824],[70.9389,51.9824],[70.9389,51.9824],[70.939,51.9824],[70.939,51.9824],[70.939,51.9824],[70.939,51.9824],[70.939,51.9824],[70.939,51.9824],[70.939,51.9824],[70.939,51.9825],[70.939,51.9825],[70.939,51.9825],[70.939,51.9825],[70.9391,51.9825],[70.9391,51.9825],[70.9391,51.9825],[70.9391,51.9825],[70.9391,51.9825],[70.9391,51.9825],[70.9396,51.9821],[70.9399,51.9817],[70.94,51.9815],[70.9403,51.9811],[70.9403,51.9808],[70.9403,51.9808],[70.9403,51.9808],[70.9403,51.9808],[70.9403,51.9808],[70.9403,51.9808],[70.9403,51.9808],[70.9403,51.9808],[70.9403,51.9808],[70.9402,51.9808],[70.9402,51.9808],[70.9402,51.9808],[70.9402,51.9808],[70.9402,51.9808],[70.9402,51.9808],[70.9402,51.9808],[70.9402,51.9808],[70.9402,51.9808],[70.9402,51.9808],[70.9401,51.9808],[70.9401,51.9808],[70.9401,51.9808],[70.9401,51.9808],[70.9401,51.9808],[70.9401,51.9808],[70.9401,51.9808],[70.9401,51.9808],[70.9401,51.9808],[70.94,51.9808],[70.94,51.9807],[70.94,51.9807],[70.94,51.9807],[70.94,51.9807],[70.94,51.9807],[70.94,51.9807],[70.94,51.9807],[70.94,51.9807],[70.94,51.9807],[70.9399,51.9807],[70.9399,51.9807],[70.9399,51.9807],[70.9399,51.9807],[70.9399,51.9807],[70.9399,51.9807],[70.9399,51.9807],[70.9399,51.9807],[70.9399,51.9807],[70.9399,51.9807],[70.9398,51.9807],[70.9398,51.9807],[70.9398,51.9807],[70.9398,51.9807],[70.9398,51.9807],[70.9398,51.9807],[70.9398,51.9807],[70.9398,51.9807],[70.9398,51.9807],[70.9398,51.9807],[70.9397,51.9807],[70.9397,51.9807],[70.9397,51.9807],[70.9397,51.9807],[70.9397,51.9807],[70.9397,51.9807],[70.9397,51.9807],[70.9397,51.9807],[70.9397,51.9806],[70.9396,51.9806],[70.9396,51.9806],[70.9396,51.9806],[70.9396,51.9806],[70.9396,51.9806],[70.9396,51.9806],[70.9396,51.9806],[70.9396,51.9806],[70.9396,51.9806],[70.9396,51.9806],[70.9395,51.9806],[70.9395,51.9806],[70.9395,51.9806],[70.9395,51.9806],[70.9395,51.9806],[70.9395,51.9806],[70.9395,51.9806],[70.9395,51.9806],[70.9395,51.9806],[70.9395,51.9806],[70.9394,51.9806],[70.9394,51.9806],[70.9394,51.9806],[70.9394,51.9806],[70.9394,51.9806],[70.9394,51.9806],[70.9394,51.9806],[70.9394,51.9806],[70.9394,51.9806],[70.9393,51.9806],[70.9393,51.9806],[70.9393,51.9806],[70.9393,51.9806],[70.9393,51.9806],[70.9393,51.9806],[70.9393,51.9806],[70.9393,51.9806],[70.9393,51.9806],[70.9392,51.9806],[70.9392,51.9806],[70.9392,51.9806],[70.9392,51.9806],[70.9392,51.9806],[70.9392,51.9805],[70.9392,51.9805],[70.9392,51.9805],[70.9392,51.9805],[70.9392,51.9805],[70.9391,51.9805],[70.9391,51.9805],[70.9391,51.9805],[70.9391,51.9805],[70.9391,51.9805],[70.9391,51.9805],[70.9391,51.9805],[70.9391,51.9805],[70.9391,51.9805],[70.939,51.9805],[70.939,51.9805],[70.939,51.9805],[70.939,51.9805],[70.939,51.9805],[70.939,51.9805],[70.939,51.9805],[70.939,51.9805],[70.939,51.9805],[70.9389,51.9805],[70.9389,51.9805],[70.9389,51.9805],[70.9389,51.9805],[70.9389,51.9805],[70.9389,51.9805],[70.9389,51.9805],[70.9389,51.9805],[70.9389,51.9805],[70.9389,51.9805],[70.9388,51.9805],[70.9388,51.9805],[70.9388,51.9805],[70.9388,51.9805],[70.9388,51.9805],[70.9388,51.9805],[70.9388,51.9805],[70.9388,51.9805],[70.9388,51.9805],[70.9387,51.9805],[70.9387,51.9805],[70.9387,51.9805],[70.9387,51.9805],[70.9387,51.9805],[70.9387,51.9805],[70.9387,51.9805],[70.9387,51.9805],[70.9387,51.9805],[70.9386,51.9805],[70.9386,51.9805],[70.9386,51.9805],[70.9386,51.9805],[70.9386,51.9805],[70.9386,51.9805],[70.9386,51.9805],[70.9386,51.9805],[70.9386,51.9804],[70.9385,51.9804],[70.9385,51.9804],[70.9385,51.9804],[70.9385,51.9804],[70.9385,51.9804],[70.9385,51.9804],[70.9385,51.9804],[70.9385,51.9804],[70.9385,51.9804],[70.9384,51.9804],[70.9384,51.9804],[70.9384,51.9804],[70.9384,51.9804],[70.9384,51.9804],[70.9384,51.9804],[70.9384,51.9804],[70.9384,51.9804],[70.9384,51.9804],[70.9384,51.9804],[70.9383,51.9804],[70.9383,51.9804],[70.9383,51.9804],[70.9383,51.9804],[70.9383,51.9804],[70.9383,51.9804],[70.9383,51.9804],[70.9383,51.9804],[70.9383,51.9804],[70.9382,51.9804],[70.9382,51.9804],[70.9382,51.9804],[70.9382,51.9804],[70.9382,51.9804],[70.9382,51.9804],[70.9382,51.9804],[70.9382,51.9804],[70.9382,51.9804],[70.9381,51.9804],[70.9381,51.9804],[70.9381,51.9804],[70.9381,51.9804],[70.9381,51.9804],[70.9381,51.9804],[70.9381,51.9804],[70.9381,51.9804],[70.9381,51.9804],[70.938,51.9804],[70.938,51.9804],[70.938,51.9804],[70.938,51.9804],[70.938,51.9804],[70.938,51.9804],[70.938,51.9804],[70.938,51.9804],[70.938,51.9804],[70.9379,51.9804],[70.9379,51.9804],[70.9379,51.9804],[70.9379,51.9804],[70.9379,51.9804],[70.9379,51.9804],[70.9379,51.9804],[70.9379,51.9804],[70.9379,51.9804],[70.9378,51.9804],[70.9378,51.9804],[70.9378,51.9804],[70.9378,51.9804],[70.9378,51.9804],[70.9378,51.9804],[70.9378,51.9804],[70.9378,51.9804],[70.9378,51.9804],[70.9377,51.9804],[70.9377,51.9804],[70.9377,51.9804],[70.9377,51.9804],[70.9377,51.9804],[70.9377,51.9804],[70.9377,51.9804],[70.9377,51.9804],[70.9377,51.9804],[70.9376,51.9804],[70.9376,51.9804],[70.9376,51.9804],[70.9376,51.9804]]]],"type":"MultiPolygon"},"geometry_name":"shape","id":"gp_functional_zones.fid--7752831e_19fb67eabdc_7df1","properties":{"area":2.80994675505748,"creation_doc_id":3617,"deactivation_doc_id":null,"func_zone_status_id":3,"ggk_zone_code":"11010000","ggk_zone_name":"Территория усадебной застройки","gp_func_zone_code":"11010000","gp_func_zone_code_id":19,"id":4732060,"zone_type_id":8},"type":"Feature"},{"bbox":[70.9429,51.9813,70.9442,51.9826],"geometry":{"coordinates":[[[[70.9442,51.9814],[70.9431,51.9813],[70.943,51.9821],[70.9429,51.9825],[70.944,51.9826],[70.9442,51.9814]]]],"type":"MultiPolygon"},"geometry_name":"shape","id":"gp_functional_zones.fid--7752831e_19fb67eabdc_7df2","properties":{"area":1.06055574540295,"creation_doc_id":3617,"deactivation_doc_id":null,"func_zone_status_id":3,"ggk_zone_code":"11010000","ggk_zone_name":"Территория усадебной застройки","gp_func_zone_code":"11010000","gp_func_zone_code_id":19,"id":4732061,"zone_type_id":8},"type":"Feature"},{"bbox":[70.9394,51.9809,70.9428,51.9833],"geometry":{"coordinates":[[[[70.9407,51.9809],[70.9407,51.9809],[70.9406,51.9811],[70.9404,51.9816],[70.9402,51.9818],[70.9399,51.9823],[70.9394,51.9826],[70.9394,51.9826],[70.9394,51.9827],[70.9394,51.9827],[70.9394,51.9827],[70.9394,51.9827],[70.9394,51.9827],[70.9394,51.9827],[70.9394,51.9827],[70.9395,51.9827],[70.9395,51.9827],[70.9395,51.9827],[70.9395,51.9827],[70.9395,51.9827],[70.9395,51.9827],[70.9395,51.9827],[70.9395,51.9827],[70.9395,51.9827],[70.9395,51.9827],[70.9395,51.9827],[70.9396,51.9827],[70.9396,51.9827],[70.9396,51.9827],[70.9396,51.9827],[70.9396,51.9827],[70.9396,51.9827],[70.9396,51.9827],[70.9396,51.9828],[70.9396,51.9828],[70.9396,51.9828],[70.9396,51.9828],[70.9397,51.9828],[70.9397,51.9828],[70.9397,51.9828],[70.9397,51.9828],[70.9397,51.9828],[70.9397,51.9828],[70.9397,51.9828],[70.9397,51.9828],[70.9397,51.9828],[70.9397,51.9828],[70.9397,51.9828],[70.9398,51.9828],[70.9398,51.9828],[70.9398,51.9828],[70.9398,51.9828],[70.9398,51.9828],[70.9398,51.9828],[70.9398,51.9828],[70.9398,51.9828],[70.9398,51.9828],[70.9398,51.9828],[70.9398,51.9828],[70.9399,51.9828],[70.9399,51.9829],[70.9399,51.9829],[70.9399,51.9829],[70.9399,51.9829],[70.9399,51.9829],[70.9399,51.9829],[70.9399,51.9829],[70.9399,51.9829],[70.9399,51.9829],[70.9399,51.9829],[70.94,51.9829],[70.94,51.9829],[70.94,51.9829],[70.94,51.9829],[70.94,51.9829],[70.94,51.9829],[70.94,51.9829],[70.94,51.9829],[70.94,51.9829],[70.94,51.9829],[70.9401,51.9829],[70.9401,51.9829],[70.9401,51.9829],[70.9401,51.9829],[70.9401,51.9829],[70.9401,51.9829],[70.9401,51.9829],[70.9401,51.9829],[70.9401,51.9829],[70.9401,51.9829],[70.9401,51.9829],[70.9402,51.983],[70.9402,51.983],[70.9402,51.983],[70.9402,51.983],[70.9402,51.983],[70.9402,51.983],[70.9402,51.983],[70.9402,51.983],[70.9402,51.983],[70.9402,51.983],[70.9403,51.983],[70.9403,51.983],[70.9403,51.983],[70.9403,51.983],[70.9403,51.983],[70.9403,51.983],[70.9403,51.983],[70.9403,51.983],[70.9403,51.983],[70.9403,51.983],[70.9404,51.983],[70.9404,51.983],[70.9404,51.983],[70.9404,51.983],[70.9404,51.983],[70.9404,51.983],[70.9404,51.983],[70.9404,51.983],[70.9404,51.983],[70.9404,51.983],[70.9405,51.983],[70.9405,51.983],[70.9405,51.983],[70.9405,51.983],[70.9405,51.983],[70.9405,51.983],[70.9405,51.9831],[70.9405,51.9831],[70.9405,51.9831],[70.9405,51.9831],[70.9406,51.9831],[70.9406,51.9831],[70.9406,51.9831],[70.9406,51.9831],[70.9406,51.9831],[70.9406,51.9831],[70.9406,51.9831],[70.9406,51.9831],[70.9406,51.9831],[70.9406,51.9831],[70.9407,51.9831],[70.9407,51.9831],[70.9407,51.9831],[70.9407,51.9831],[70.9407,51.9831],[70.9407,51.9831],[70.9407,51.9831],[70.9407,51.9831],[70.9407,51.9831],[70.9407,51.9831],[70.9408,51.9831],[70.9408,51.9831],[70.9408,51.9831],[70.9408,51.9831],[70.9408,51.9831],[70.9408,51.9831],[70.9408,51.9831],[70.9408,51.9831],[70.9408,51.9831],[70.9409,51.9831],[70.9409,51.9831],[70.9409,51.9831],[70.9409,51.9831],[70.9409,51.9831],[70.9409,51.9831],[70.9409,51.9831],[70.9409,51.9831],[70.9409,51.9831],[70.9409,51.9831],[70.941,51.9831],[70.941,51.9831],[70.941,51.9832],[70.941,51.9832],[70.941,51.9832],[70.941,51.9832],[70.941,51.9832],[70.941,51.9832],[70.941,51.9832],[70.941,51.9832],[70.9411,51.9832],[70.9411,51.9832],[70.9411,51.9832],[70.9411,51.9832],[70.9411,51.9832],[70.9411,51.9832],[70.9411,51.9832],[70.9411,51.9832],[70.9411,51.9832],[70.9412,51.9832],[70.9412,51.9832],[70.9412,51.9832],[70.9412,51.9832],[70.9412,51.9832],[70.9412,51.9832],[70.9412,51.9832],[70.9412,51.9832],[70.9412,51.9832],[70.9412,51.9832],[70.9413,51.9832],[70.9413,51.9832],[70.9413,51.9832],[70.9413,51.9832],[70.9413,51.9832],[70.9413,51.9832],[70.9413,51.9832],[70.9413,51.9832],[70.9413,51.9832],[70.9414,51.9832],[70.9414,51.9832],[70.9414,51.9832],[70.9414,51.9832],[70.9414,51.9832],[70.9414,51.9832],[70.9414,51.9832],[70.9414,51.9832],[70.9414,51.9832],[70.9415,51.9832],[70.9415,51.9832],[70.9415,51.9832],[70.9415,51.9832],[70.9415,51.9832],[70.9415,51.9832],[70.9415,51.9832],[70.9415,51.9832],[70.9415,51.9832],[70.9415,51.9832],[70.9416,51.9832],[70.9416,51.9832],[70.9416,51.9832],[70.9416,51.9832],[70.9416,51.9832],[70.9416,51.9832],[70.9416,51.9832],[70.9416,51.9832],[70.9416,51.9832],[70.9417,51.9832],[70.9417,51.9832],[70.9417,51.9832],[70.9417,51.9832],[70.9417,51.9832],[70.9417,51.9832],[70.9417,51.9832],[70.9417,51.9832],[70.9417,51.9833],[70.9418,51.9833],[70.9418,51.9833],[70.9418,51.9833],[70.9418,51.9833],[70.9418,51.9833],[70.9418,51.9833],[70.9418,51.9833],[70.9418,51.9833],[70.9418,51.9833],[70.9419,51.9833],[70.9419,51.9833],[70.9419,51.9833],[70.9419,51.9833],[70.9419,51.9833],[70.9419,51.9833],[70.9419,51.9833],[70.9419,51.9833],[70.9419,51.9833],[70.9425,51.9833],[70.9425,51.9833],[70.9425,51.9833],[70.9425,51.9833],[70.9425,51.9833],[70.9425,51.9833],[70.9425,51.9832],[70.9425,51.9832],[70.9425,51.9832],[70.9426,51.9827],[70.9428,51.9813],[70.9427,51.9813],[70.9427,51.9813],[70.9427,51.9813],[70.9427,51.9813],[70.9427,51.9813],[70.9427,51.9813],[70.9427,51.9813],[70.9427,51.9813],[70.9427,51.9813],[70.9427,51.9813],[70.9427,51.9813],[70.9427,51.9813],[70.9426,51.9813],[70.9426,51.9813],[70.9426,51.9813],[70.9426,51.9813],[70.9426,51.9813],[70.9426,51.9813],[70.9426,51.9813],[70.9426,51.9813],[70.9426,51.9813],[70.9426,51.9813],[70.9426,51.9813],[70.9426,51.9813],[70.9425,51.9813],[70.9425,51.9813],[70.9425,51.9813],[70.9425,51.9813],[70.9425,51.9813],[70.9425,51.9813],[70.9425,51.9813],[70.9425,51.9813],[70.9425,51.9813],[70.9425,51.9813],[70.9425,51.9813],[70.9425,51.9813],[70.9424,51.9813],[70.9424,51.9813],[70.9424,51.9813],[70.9424,51.9812],[70.9424,51.9812],[70.9424,51.9812],[70.9424,51.9812],[70.9424,51.9812],[70.9424,51.9812],[70.9424,51.9812],[70.9424,51.9812],[70.9424,51.9812],[70.9423,51.9812],[70.9423,51.9812],[70.9423,51.9812],[70.9423,51.9812],[70.9423,51.9812],[70.9423,51.9812],[70.9423,51.9812],[70.9423,51.9812],[70.9423,51.9812],[70.9423,51.9812],[70.9423,51.9812],[70.9423,51.9812],[70.9422,51.9812],[70.9422,51.9812],[70.9422,51.9812],[70.9422,51.9812],[70.9422,51.9812],[70.9422,51.9812],[70.9422,51.9812],[70.9422,51.9812],[70.9422,51.9812],[70.9422,51.9812],[70.9422,51.9812],[70.9422,51.9812],[70.9421,51.9812],[70.9421,51.9812],[70.9421,51.9812],[70.9421,51.9812],[70.9421,51.9812],[70.9421,51.9812],[70.9421,51.9812],[70.9421,51.9812],[70.9421,51.9812],[70.9421,51.9812],[70.9421,51.9812],[70.9421,51.9812],[70.942,51.9812],[70.942,51.9812],[70.942,51.9812],[70.942,51.9812],[70.942,51.9812],[70.942,51.9812],[70.942,51.9812],[70.942,51.9812],[70.942,51.9812],[70.942,51.9812],[70.942,51.9812],[70.942,51.9812],[70.9419,51.9812],[70.9419,51.9812],[70.9419,51.9812],[70.9419,51.9812],[70.9419,51.9812],[70.9419,51.9812],[70.9419,51.9812],[70.9419,51.9812],[70.9419,51.9812],[70.9419,51.9812],[70.9419,51.9812],[70.9419,51.9812],[70.9418,51.9812],[70.9418,51.9812],[70.9418,51.9812],[70.9418,51.9812],[70.9418,51.9812],[70.9418,51.9812],[70.9418,51.9812],[70.9418,51.9812],[70.9418,51.9812],[70.9418,51.9812],[70.9418,51.9812],[70.9418,51.9812],[70.9418,51.9812],[70.9417,51.9812],[70.9417,51.9812],[70.9417,51.9812],[70.9417,51.9812],[70.9417,51.9812],[70.9417,51.9812],[70.9417,51.9812],[70.9417,51.9812],[70.9417,51.9812],[70.9417,51.9812],[70.9417,51.9812],[70.9417,51.9812],[70.9416,51.9812],[70.9416,51.9811],[70.9416,51.9811],[70.9416,51.9811],[70.9416,51.9811],[70.9416,51.9811],[70.9416,51.9811],[70.9416,51.9811],[70.9416,51.9811],[70.9416,51.9811],[70.9416,51.9811],[70.9416,51.9811],[70.9415,51.9811],[70.9415,51.9811],[70.9415,51.9811],[70.9415,51.9811],[70.9415,51.9811],[70.9415,51.9811],[70.9415,51.9811],[70.9415,51.9811],[70.9415,51.9811],[70.9415,51.9811],[70.9415,51.9811],[70.9415,51.9811],[70.9415,51.9811],[70.9414,51.9811],[70.9414,51.9811],[70.9414,51.9811],[70.9414,51.9811],[70.9414,51.9811],[70.9414,51.9811],[70.9414,51.9811],[70.9414,51.9811],[70.9414,51.9811],[70.9414,51.9811],[70.9414,51.9811],[70.9414,51.9811],[70.9413,51.9811],[70.9413,51.9811],[70.9413,51.9811],[70.9413,51.9811],[70.9413,51.9811],[70.9413,51.9811],[70.9413,51.9811],[70.9413,51.9811],[70.9413,51.9811],[70.9413,51.9811],[70.9413,51.9811],[70.9413,51.9811],[70.9412,51.9811],[70.9412,51.9811],[70.9412,51.9811],[70.9412,51.9811],[70.9412,51.9811],[70.9412,51.9811],[70.9412,51.9811],[70.9412,51.9811],[70.9412,51.9811],[70.9412,51.9811],[70.9412,51.9811],[70.9412,51.9811],[70.9412,51.9811],[70.9411,51.9811],[70.9411,51.9811],[70.9411,51.9811],[70.9411,51.981],[70.9411,51.981],[70.9411,51.981],[70.9411,51.981],[70.9411,51.981],[70.9411,51.981],[70.9411,51.981],[70.9411,51.981],[70.9411,51.981],[70.941,51.981],[70.941,51.981],[70.941,51.981],[70.941,51.981],[70.941,51.981],[70.941,51.981],[70.941,51.981],[70.941,51.981],[70.941,51.981],[70.941,51.981],[70.941,51.981],[70.941,51.981],[70.941,51.981],[70.9409,51.981],[70.9409,51.981],[70.9409,51.981],[70.9409,51.981],[70.9409,51.981],[70.9409,51.981],[70.9409,51.981],[70.9409,51.981],[70.9409,51.981],[70.9409,51.981],[70.9409,51.981],[70.9409,51.981],[70.9409,51.981],[70.9408,51.981],[70.9408,51.981],[70.9408,51.981],[70.9408,51.981],[70.9408,51.981],[70.9408,51.981],[70.9408,51.981],[70.9408,51.981],[70.9408,51.981],[70.9408,51.981],[70.9408,51.981],[70.9408,51.981],[70.9408,51.981],[70.9407,51.981],[70.9407,51.981],[70.9407,51.981],[70.9407,51.981],[70.9407,51.981],[70.9407,51.9809],[70.9407,51.9809],[70.9407,51.9809],[70.9407,51.9809]]]],"type":"MultiPolygon"},"geometry_name":"shape","id":"gp_functional_zones.fid--7752831e_19fb67eabdc_7df3","properties":{"area":3.98076279321662,"creation_doc_id":3617,"deactivation_doc_id":null,"func_zone_status_id":3,"ggk_zone_code":"11010000","ggk_zone_name":"Территория усадебной застройки","gp_func_zone_code":"11010000","gp_func_zone_code_id":19,"id":4732062,"zone_type_id":8},"type":"Feature"},{"bbox":[70.9428,51.9827,70.944,51.9833],"geometry":{"coordinates":[[[[70.944,51.9828],[70.9429,51.9827],[70.9429,51.9829],[70.9428,51.9833],[70.9428,51.9833],[70.9428,51.9833],[70.9428,51.9833],[70.9428,51.9833],[70.9428,51.9833],[70.9428,51.9833],[70.9428,51.9833],[70.9428,51.9833],[70.9428,51.9833],[70.9428,51.9833],[70.9428,51.9833],[70.9428,51.9833],[70.9428,51.9833],[70.9428,51.9833],[70.9428,51.9833],[70.9428,51.9833],[70.9439,51.9833],[70.944,51.9828]]]],"type":"MultiPolygon"},"geometry_name":"shape","id":"gp_functional_zones.fid--7752831e_19fb67eabdc_7df4","properties":{"area":0.478420416847111,"creation_doc_id":3617,"deactivation_doc_id":null,"func_zone_status_id":3,"ggk_zone_code":"11010000","ggk_zone_name":"Территория усадебной застройки","gp_func_zone_code":"11010000","gp_func_zone_code_id":19,"id":4732063,"zone_type_id":8},"type":"Feature"},{"bbox":[70.9355,51.9804,70.9388,51.984],"geometry":{"coordinates":[[[70.9375,51.9823],[70.9382,51.9829],[70.9384,51.9828],[70.9388,51.9826],[70.9387,51.9826],[70.9387,51.9825],[70.9386,51.9825],[70.9386,51.9824],[70.9385,51.9824],[70.9384,51.9824],[70.9384,51.9823],[70.9383,51.9823],[70.9383,51.9822],[70.9382,51.9822],[70.9382,51.9821],[70.9381,51.9821],[70.938,51.982],[70.9379,51.982],[70.9379,51.9819],[70.9378,51.9818],[70.9378,51.9817],[70.9377,51.9817],[70.9377,51.9816],[70.9376,51.9816],[70.9376,51.9815],[70.9375,51.9815],[70.9375,51.9814],[70.9375,51.9813],[70.9374,51.9813],[70.9374,51.9812],[70.9374,51.9811],[70.9373,51.9811],[70.9373,51.981],[70.9373,51.9809],[70.9373,51.9808],[70.9373,51.9804],[70.9372,51.9804],[70.9371,51.9804],[70.937,51.9804],[70.9369,51.9804],[70.9368,51.9804],[70.9367,51.9804],[70.9366,51.9804],[70.9365,51.9804],[70.9364,51.9804],[70.9363,51.9804],[70.9362,51.9804],[70.9362,51.9805],[70.9361,51.9805],[70.936,51.9805],[70.9359,51.9805],[70.9358,51.9805],[70.9357,51.9805],[70.9356,51.9805],[70.9356,51.9806],[70.9356,51.9807],[70.9356,51.9808],[70.9357,51.9808],[70.9357,51.9809],[70.9357,51.981],[70.9357,51.9811],[70.9357,51.9812],[70.9358,51.9812],[70.9358,51.9813],[70.9358,51.9814],[70.9357,51.9814],[70.9357,51.9815],[70.9357,51.9816],[70.9357,51.9817],[70.9356,51.9821],[70.9355,51.9821],[70.9355,51.9822],[70.9355,51.9823],[70.9355,51.9824],[70.9355,51.9825],[70.9355,51.9826],[70.9355,51.9827],[70.9356,51.9827],[70.9356,51.9828],[70.9356,51.9829],[70.9357,51.983],[70.9357,51.9831],[70.9361,51.9837],[70.9362,51.9837],[70.9362,51.9838],[70.9363,51.9838],[70.9363,51.9839],[70.9364,51.9839],[70.9364,51.984],[70.9365,51.984],[70.9366,51.984],[70.9367,51.984],[70.9367,51.9839],[70.9368,51.9839],[70.9369,51.9837],[70.937,51.9836],[70.937,51.9835],[70.9371,51.9835],[70.9371,51.9834],[70.9372,51.9834],[70.9373,51.9833],[70.9374,51.9833],[70.9374,51.9832],[70.9375,51.9832],[70.9376,51.9832],[70.9369,51.9826],[70.9375,51.9823]]],"type":"Polygon"},"geometry_name":"shape","id":"gp_functional_zones.fid--7752831e_19fb67eabdc_7df5","properties":{"area":4.77958579106703,"creation_doc_id":3617,"deactivation_doc_id":null,"func_zone_status_id":3,"ggk_zone_code":"11010000","ggk_zone_name":"Территория усадебной застройки","gp_func_zone_code":"11010000","gp_func_zone_code_id":19,"id":4732064,"zone_type_id":8},"type":"Feature"},{"bbox":[70.9379,51.9828,70.9399,51.984],"geometry":{"coordinates":[[[[70.9391,51.9828],[70.9391,51.9828],[70.9391,51.9828],[70.9386,51.983],[70.9379,51.9833],[70.9379,51.9833],[70.9379,51.9833],[70.9379,51.9833],[70.9379,51.9833],[70.9379,51.9833],[70.9379,51.9833],[70.9379,51.9833],[70.9379,51.9833],[70.9379,51.9833],[70.938,51.9833],[70.938,51.9833],[70.938,51.9833],[70.938,51.9833],[70.938,51.9833],[70.938,51.9834],[70.938,51.9834],[70.938,51.9834],[70.938,51.9834],[70.938,51.9834],[70.938,51.9834],[70.938,51.9834],[70.938,51.9834],[70.938,51.9834],[70.938,51.9834],[70.938,51.9834],[70.938,51.9834],[70.938,51.9834],[70.938,51.9834],[70.938,51.9834],[70.938,51.9834],[70.938,51.9834],[70.938,51.9834],[70.938,51.9834],[70.938,51.9834],[70.938,51.9834],[70.938,51.9834],[70.938,51.9834],[70.9381,51.9834],[70.9381,51.9834],[70.9381,51.9834],[70.9381,51.9834],[70.9381,51.9834],[70.9381,51.9834],[70.9381,51.9834],[70.9381,51.9834],[70.9381,51.9834],[70.9381,51.9834],[70.9381,51.9834],[70.9381,51.9834],[70.9381,51.9834],[70.9381,51.9834],[70.9381,51.9834],[70.9381,51.9834],[70.9381,51.9834],[70.9381,51.9834],[70.9381,51.9834],[70.9381,51.9834],[70.9381,51.9834],[70.9381,51.9834],[70.9381,51.9834],[70.9381,51.9834],[70.9381,51.9834],[70.9381,51.9834],[70.9381,51.9834],[70.9381,51.9834],[70.9382,51.9834],[70.9382,51.9834],[70.9382,51.9834],[70.9382,51.9834],[70.9382,51.9834],[70.9382,51.9834],[70.9382,51.9834],[70.9382,51.9834],[70.9382,51.9834],[70.9382,51.9835],[70.9382,51.9835],[70.9382,51.9835],[70.9382,51.9835],[70.9382,51.9835],[70.9382,51.9835],[70.9382,51.9835],[70.9382,51.9835],[70.9382,51.9835],[70.9382,51.9835],[70.9382,51.9835],[70.9382,51.9835],[70.9382,51.9835],[70.9382,51.9835],[70.9382,51.9835],[70.9382,51.9835],[70.9382,51.9835],[70.9382,51.9835],[70.9383,51.9835],[70.9383,51.9835],[70.9383,51.9835],[70.9383,51.9835],[70.9383,51.9835],[70.9383,51.9835],[70.9383,51.9835],[70.9383,51.9835],[70.9383,51.9835],[70.9383,51.9835],[70.9383,51.9835],[70.9383,51.9835],[70.9383,51.9835],[70.9383,51.9835],[70.9383,51.9835],[70.9383,51.9835],[70.9383,51.9835],[70.9383,51.9835],[70.9383,51.9835],[70.9383,51.9835],[70.9383,51.9835],[70.9383,51.9835],[70.9383,51.9835],[70.9383,51.9835],[70.9383,51.9835],[70.9383,51.9835],[70.9383,51.9835],[70.9384,51.9835],[70.9384,51.9835],[70.9384,51.9835],[70.9384,51.9835],[70.9384,51.9835],[70.9384,51.9835],[70.9384,51.9835],[70.9384,51.9835],[70.9384,51.9835],[70.9384,51.9835],[70.9384,51.9835],[70.9384,51.9835],[70.9384,51.9835],[70.9384,51.9835],[70.9384,51.9835],[70.9384,51.9835],[70.9384,51.9835],[70.9384,51.9836],[70.9384,51.9836],[70.9384,51.9836],[70.9384,51.9836],[70.9384,51.9836],[70.9384,51.9836],[70.9384,51.9836],[70.9384,51.9836],[70.9384,51.9836],[70.9384,51.9836],[70.9385,51.9836],[70.9385,51.9836],[70.9385,51.9836],[70.9385,51.9836],[70.9385,51.9836],[70.9385,51.9836],[70.9385,51.9836],[70.9385,51.9836],[70.9385,51.9836],[70.9385,51.9836],[70.9385,51.9836],[70.9385,51.9836],[70.9385,51.9836],[70.9385,51.9836],[70.9385,51.9836],[70.9385,51.9836],[70.9385,51.9836],[70.9385,51.9836],[70.9385,51.9836],[70.9385,51.9836],[70.9385,51.9836],[70.9385,51.9836],[70.9385,51.9836],[70.9385,51.9836],[70.9385,51.9836],[70.9385,51.9836],[70.9386,51.9836],[70.9386,51.9836],[70.9386,51.9836],[70.9386,51.9836],[70.9386,51.9836],[70.9386,51.9836],[70.9386,51.9836],[70.9386,51.9836],[70.9386,51.9836],[70.9386,51.9836],[70.9386,51.9836],[70.9386,51.9836],[70.9386,51.9836],[70.9386,51.9836],[70.9386,51.9836],[70.9386,51.9836],[70.9386,51.9836],[70.9386,51.9836],[70.9386,51.9836],[70.9386,51.9836],[70.9386,51.9836],[70.9386,51.9836],[70.9386,51.9836],[70.9386,51.9836],[70.9386,51.9836],[70.9386,51.9836],[70.9387,51.9836],[70.9387,51.9836],[70.9387,51.9836],[70.9387,51.9836],[70.9387,51.9837],[70.9387,51.9837],[70.9387,51.9837],[70.9387,51.9837],[70.9387,51.9837],[70.9387,51.9837],[70.9387,51.9837],[70.9387,51.9837],[70.9387,51.9837],[70.9387,51.9837],[70.9387,51.9837],[70.9387,51.9837],[70.9387,51.9837],[70.9387,51.9837],[70.9387,51.9837],[70.9387,51.9837],[70.9387,51.9837],[70.9387,51.9837],[70.9387,51.9837],[70.9387,51.9837],[70.9387,51.9837],[70.9387,51.9837],[70.9388,51.9837],[70.9388,51.9837],[70.9388,51.9837],[70.9388,51.9837],[70.9388,51.9837],[70.9388,51.9837],[70.9388,51.9837],[70.9388,51.9837],[70.9388,51.9837],[70.9388,51.9837],[70.9388,51.9837],[70.9388,51.9837],[70.9388,51.9837],[70.9388,51.9837],[70.9388,51.9837],[70.9388,51.9837],[70.9388,51.9837],[70.9388,51.9837],[70.9388,51.9837],[70.9388,51.9837],[70.9388,51.9837],[70.9388,51.9837],[70.9388,51.9837],[70.9388,51.9837],[70.9388,51.9837],[70.9388,51.9837],[70.9389,51.9837],[70.9389,51.9837],[70.9389,51.9837],[70.9389,51.9837],[70.9389,51.9837],[70.9389,51.9837],[70.9389,51.9837],[70.9389,51.9837],[70.9389,51.9837],[70.9389,51.9837],[70.9389,51.9837],[70.9389,51.9837],[70.9389,51.9837],[70.9389,51.9837],[70.9389,51.9837],[70.9389,51.9837],[70.9389,51.9837],[70.9389,51.9837],[70.9389,51.9837],[70.9389,51.9837],[70.9389,51.9837],[70.9389,51.9838],[70.9389,51.9838],[70.9389,51.9838],[70.9389,51.9838],[70.9389,51.9838],[70.939,51.9838],[70.939,51.9838],[70.939,51.9838],[70.939,51.9838],[70.939,51.9838],[70.939,51.9838],[70.939,51.9838],[70.939,51.9838],[70.939,51.9838],[70.939,51.9838],[70.939,51.9838],[70.939,51.9838],[70.939,51.9838],[70.939,51.9838],[70.939,51.9838],[70.939,51.9838],[70.939,51.9838],[70.939,51.9838],[70.939,51.9838],[70.939,51.9838],[70.939,51.9838],[70.939,51.9838],[70.939,51.9838],[70.939,51.9838],[70.939,51.9838],[70.9391,51.9838],[70.9391,51.9838],[70.9391,51.9838],[70.9391,51.9838],[70.9391,51.9838],[70.9391,51.9838],[70.9391,51.9838],[70.9391,51.9838],[70.9391,51.9838],[70.9391,51.9838],[70.9391,51.9838],[70.9391,51.9838],[70.9391,51.9838],[70.9391,51.9838],[70.9391,51.9838],[70.9391,51.9838],[70.9391,51.9838],[70.9391,51.9838],[70.9391,51.9838],[70.9391,51.9838],[70.9391,51.9838],[70.9391,51.9838],[70.9391,51.9838],[70.9391,51.9838],[70.9391,51.9838],[70.9392,51.9838],[70.9392,51.9838],[70.9392,51.9838],[70.9392,51.9838],[70.9392,51.9838],[70.9392,51.9838],[70.9392,51.9838],[70.9392,51.9838],[70.9392,51.9838],[70.9392,51.9838],[70.9392,51.9838],[70.9392,51.9838],[70.9392,51.9838],[70.9392,51.9838],[70.9392,51.9838],[70.9392,51.9838],[70.9392,51.9838],[70.9392,51.9838],[70.9392,51.9838],[70.9392,51.9839],[70.9392,51.9839],[70.9392,51.9839],[70.9392,51.9839],[70.9392,51.9839],[70.9392,51.9839],[70.9392,51.9839],[70.9393,51.9839],[70.9393,51.9839],[70.9393,51.9839],[70.9393,51.9839],[70.9393,51.9839],[70.9393,51.9839],[70.9393,51.9839],[70.9393,51.9839],[70.9393,51.9839],[70.9393,51.9839],[70.9393,51.9839],[70.9393,51.9839],[70.9393,51.9839],[70.9393,51.9839],[70.9393,51.9839],[70.9393,51.9839],[70.9393,51.9839],[70.9393,51.9839],[70.9393,51.9839],[70.9393,51.9839],[70.9393,51.9839],[70.9393,51.9839],[70.9393,51.9839],[70.9393,51.9839],[70.9394,51.9839],[70.9394,51.9839],[70.9394,51.9839],[70.9394,51.9839],[70.9394,51.9839],[70.9394,51.9839],[70.9394,51.9839],[70.9394,51.9839],[70.9394,51.9839],[70.9394,51.9839],[70.9394,51.9839],[70.9394,51.9839],[70.9394,51.9839],[70.9394,51.9839],[70.9394,51.9839],[70.9394,51.9839],[70.9394,51.9839],[70.9394,51.9839],[70.9394,51.9839],[70.9394,51.9839],[70.9394,51.9839],[70.9394,51.9839],[70.9394,51.9839],[70.9394,51.9839],[70.9394,51.9839],[70.9395,51.9839],[70.9395,51.9839],[70.9395,51.9839],[70.9395,51.9839],[70.9395,51.9839],[70.9395,51.9839],[70.9395,51.9839],[70.9395,51.9839],[70.9395,51.9839],[70.9395,51.9839],[70.9395,51.9839],[70.9395,51.9839],[70.9395,51.9839],[70.9395,51.9839],[70.9395,51.9839],[70.9395,51.9839],[70.9395,51.9839],[70.9395,51.9839],[70.9395,51.9839],[70.9395,51.9839],[70.9395,51.9839],[70.9395,51.9839],[70.9395,51.9839],[70.9395,51.9839],[70.9395,51.984],[70.9396,51.984],[70.9396,51.984],[70.9396,51.984],[70.9396,51.984],[70.9396,51.984],[70.9396,51.984],[70.9396,51.984],[70.9396,51.984],[70.9396,51.984],[70.9396,51.984],[70.9396,51.984],[70.9396,51.984],[70.9396,51.984],[70.9396,51.984],[70.9396,51.984],[70.9396,51.984],[70.9396,51.984],[70.9396,51.984],[70.9396,51.984],[70.9396,51.984],[70.9396,51.984],[70.9396,51.984],[70.9396,51.984],[70.9396,51.984],[70.9397,51.984],[70.9397,51.984],[70.9397,51.984],[70.9397,51.984],[70.9397,51.984],[70.9397,51.984],[70.9397,51.984],[70.9397,51.984],[70.9397,51.984],[70.9397,51.984],[70.9397,51.984],[70.9397,51.984],[70.9397,51.984],[70.9397,51.984],[70.9397,51.984],[70.9397,51.984],[70.9397,51.984],[70.9397,51.984],[70.9397,51.984],[70.9397,51.984],[70.9397,51.984],[70.9397,51.984],[70.9397,51.984],[70.9397,51.984],[70.9398,51.984],[70.9398,51.984],[70.9398,51.984],[70.9398,51.984],[70.9398,51.984],[70.9398,51.984],[70.9398,51.984],[70.9398,51.984],[70.9398,51.984],[70.9398,51.984],[70.9398,51.984],[70.9398,51.984],[70.9398,51.984],[70.9398,51.984],[70.9398,51.984],[70.9398,51.984],[70.9398,51.984],[70.9398,51.984],[70.9398,51.984],[70.9398,51.984],[70.9398,51.984],[70.9398,51.984],[70.9398,51.984],[70.9398,51.984],[70.9398,51.984],[70.9399,51.984],[70.9399,51.984],[70.9399,51.984],[70.9399,51.984],[70.9399,51.984],[70.9399,51.984],[70.9399,51.984],[70.9399,51.984],[70.9399,51.984],[70.9399,51.984],[70.9399,51.984],[70.9399,51.984],[70.9399,51.984],[70.9399,51.9831],[70.9399,51.9831],[70.9399,51.9831],[70.9399,51.9831],[70.9399,51.9831],[70.9399,51.9831],[70.9399,51.9831],[70.9399,51.9831],[70.9399,51.9831],[70.9399,51.9831],[70.9399,51.9831],[70.9399,51.9831],[70.9399,51.9831],[70.9398,51.9831],[70.9398,51.9831],[70.9398,51.9831],[70.9398,51.9831],[70.9398,51.9831],[70.9398,51.9831],[70.9398,51.9831],[70.9398,51.9831],[70.9398,51.9831],[70.9398,51.9831],[70.9398,51.9831],[70.9398,51.983],[70.9398,51.983],[70.9398,51.983],[70.9398,51.983],[70.9397,51.983],[70.9397,51.983],[70.9397,51.983],[70.9397,51.983],[70.9397,51.983],[70.9397,51.983],[70.9397,51.983],[70.9397,51.983],[70.9397,51.983],[70.9397,51.983],[70.9397,51.983],[70.9397,51.983],[70.9397,51.983],[70.9397,51.983],[70.9397,51.983],[70.9397,51.983],[70.9396,51.983],[70.9396,51.983],[70.9396,51.983],[70.9396,51.983],[70.9396,51.983],[70.9396,51.983],[70.9396,51.983],[70.9396,51.983],[70.9396,51.983],[70.9396,51.983],[70.9396,51.983],[70.9396,51.983],[70.9396,51.983],[70.9396,51.983],[70.9396,51.983],[70.9396,51.983],[70.9395,51.983],[70.9395,51.983],[70.9395,51.983],[70.9395,51.983],[70.9395,51.983],[70.9395,51.9829],[70.9395,51.9829],[70.9395,51.9829],[70.9395,51.9829],[70.9395,51.9829],[70.9395,51.9829],[70.9395,51.9829],[70.9395,51.9829],[70.9395,51.9829],[70.9395,51.9829],[70.9394,51.9829],[70.9394,51.9829],[70.9394,51.9829],[70.9394,51.9829],[70.9394,51.9829],[70.9394,51.9829],[70.9394,51.9829],[70.9394,51.9829],[70.9394,51.9829],[70.9394,51.9829],[70.9394,51.9829],[70.9394,51.9829],[70.9394,51.9829],[70.9394,51.9829],[70.9394,51.9829],[70.9394,51.9829],[70.9394,51.9829],[70.9393,51.9829],[70.9393,51.9829],[70.9393,51.9829],[70.9393,51.9829],[70.9393,51.9829],[70.9393,51.9829],[70.9393,51.9829],[70.9393,51.9829],[70.9393,51.9829],[70.9393,51.9829],[70.9393,51.9829],[70.9393,51.9828],[70.9393,51.9828],[70.9393,51.9828],[70.9393,51.9828],[70.9393,51.9828],[70.9392,51.9828],[70.9392,51.9828],[70.9392,51.9828],[70.9392,51.9828],[70.9392,51.9828],[70.9392,51.9828],[70.9392,51.9828],[70.9392,51.9828],[70.9392,51.9828],[70.9392,51.9828],[70.9392,51.9828],[70.9392,51.9828],[70.9392,51.9828],[70.9392,51.9828],[70.9392,51.9828],[70.9392,51.9828],[70.9392,51.9828],[70.9391,51.9828],[70.9391,51.9828],[70.9391,51.9828]]]],"type":"MultiPolygon"},"geometry_name":"shape","id":"gp_functional_zones.fid--7752831e_19fb67eabdc_7df6","properties":{"area":1.08384085109044,"creation_doc_id":3617,"deactivation_doc_id":null,"func_zone_status_id":3,"ggk_zone_code":"11010000","ggk_zone_name":"Территория усадебной застройки","gp_func_zone_code":"11010000","gp_func_zone_code_id":19,"id":4732065,"zone_type_id":8},"type":"Feature"},{"bbox":[70.9329,51.9807,70.9362,51.9846],"geometry":{"coordinates":[[[[70.9352,51.9807],[70.9352,51.9807],[70.9352,51.9807],[70.9352,51.9807],[70.9351,51.9807],[70.9351,51.9807],[70.9351,51.9807],[70.9351,51.9807],[70.9351,51.9807],[70.9351,51.9807],[70.935,51.9807],[70.935,51.9807],[70.935,51.9807],[70.935,51.9807],[70.935,51.9807],[70.9349,51.9807],[70.9349,51.9807],[70.9349,51.9807],[70.9349,51.9807],[70.9349,51.9808],[70.9348,51.9808],[70.9348,51.9808],[70.9348,51.9808],[70.9348,51.9808],[70.9348,51.9808],[70.9348,51.9808],[70.9347,51.9808],[70.9347,51.9808],[70.9347,51.9808],[70.9347,51.9808],[70.9347,51.9808],[70.9346,51.9808],[70.9346,51.9808],[70.9346,51.9808],[70.9346,51.9808],[70.9346,51.9808],[70.9346,51.9809],[70.9345,51.9809],[70.9345,51.9809],[70.9345,51.9809],[70.9345,51.9809],[70.9345,51.9809],[70.9344,51.9809],[70.9344,51.9809],[70.9344,51.9809],[70.9344,51.9809],[70.9344,51.9809],[70.9344,51.9809],[70.9343,51.9809],[70.9343,51.9809],[70.9343,51.9809],[70.9343,51.9809],[70.9343,51.9809],[70.9342,51.981],[70.9342,51.981],[70.9342,51.981],[70.9342,51.981],[70.9342,51.981],[70.9342,51.981],[70.9341,51.981],[70.9341,51.981],[70.9341,51.981],[70.9341,51.981],[70.9341,51.981],[70.934,51.981],[70.934,51.981],[70.934,51.981],[70.934,51.981],[70.934,51.981],[70.934,51.9811],[70.9339,51.9811],[70.9339,51.9811],[70.9339,51.9811],[70.9339,51.9811],[70.9339,51.9811],[70.9339,51.9811],[70.9338,51.9811],[70.9338,51.9811],[70.9338,51.9811],[70.9338,51.9811],[70.9338,51.9811],[70.9337,51.9811],[70.9337,51.9811],[70.9337,51.9811],[70.9337,51.9811],[70.9337,51.9812],[70.9337,51.9812],[70.9336,51.9812],[70.9336,51.9812],[70.9336,51.9812],[70.9336,51.9812],[70.9336,51.9812],[70.9336,51.9812],[70.9335,51.9812],[70.9335,51.9812],[70.9335,51.9812],[70.9335,51.9812],[70.9335,51.9812],[70.9334,51.9812],[70.9334,51.9813],[70.9334,51.9813],[70.9334,51.9813],[70.9334,51.9813],[70.9334,51.9813],[70.9333,51.9813],[70.9333,51.9813],[70.9333,51.9813],[70.9333,51.9813],[70.9333,51.9813],[70.9333,51.9813],[70.9332,51.9813],[70.9332,51.9813],[70.9332,51.9813],[70.9332,51.9813],[70.9332,51.9814],[70.9332,51.9814],[70.9331,51.9814],[70.9331,51.9814],[70.9331,51.9814],[70.9331,51.9814],[70.9331,51.9814],[70.9331,51.9814],[70.933,51.9814],[70.933,51.9814],[70.933,51.9814],[70.933,51.9814],[70.933,51.9814],[70.933,51.9815],[70.9329,51.9815],[70.9329,51.9815],[70.9331,51.9818],[70.9333,51.9821],[70.9352,51.9846],[70.9352,51.9846],[70.9352,51.9846],[70.9352,51.9846],[70.9352,51.9846],[70.9353,51.9846],[70.9353,51.9846],[70.9353,51.9846],[70.9353,51.9846],[70.9353,51.9846],[70.9353,51.9846],[70.9353,51.9846],[70.9353,51.9845],[70.9354,51.9845],[70.9354,51.9845],[70.9354,51.9845],[70.9354,51.9845],[70.9354,51.9845],[70.9354,51.9845],[70.9354,51.9845],[70.9355,51.9845],[70.9355,51.9845],[70.9355,51.9845],[70.9355,51.9845],[70.9355,51.9845],[70.9355,51.9845],[70.9355,51.9845],[70.9355,51.9845],[70.9356,51.9845],[70.9356,51.9845],[70.9356,51.9845],[70.9356,51.9844],[70.9356,51.9844],[70.9362,51.9842],[70.9361,51.9841],[70.9361,51.9841],[70.9361,51.9841],[70.9361,51.9841],[70.9361,51.9841],[70.9361,51.9841],[70.9361,51.9841],[70.936,51.984],[70.936,51.984],[70.936,51.984],[70.936,51.984],[70.936,51.984],[70.936,51.984],[70.936,51.984],[70.936,51.984],[70.936,51.9839],[70.9359,51.9839],[70.9359,51.9839],[70.9359,51.9839],[70.9359,51.9839],[70.9359,51.9839],[70.9359,51.9839],[70.9359,51.9839],[70.9359,51.9839],[70.9359,51.9838],[70.9358,51.9838],[70.9358,51.9838],[70.9358,51.9838],[70.9358,51.9838],[70.9358,51.9838],[70.9358,51.9838],[70.9358,51.9838],[70.9358,51.9837],[70.9354,51.9832],[70.9354,51.9832],[70.9354,51.9831],[70.9354,51.9831],[70.9354,51.9831],[70.9354,51.9831],[70.9354,51.9831],[70.9354,51.9831],[70.9353,51.9831],[70.9353,51.9831],[70.9353,51.9831],[70.9353,51.9831],[70.9353,51.9831],[70.9353,51.9831],[70.9353,51.9831],[70.9353,51.983],[70.9353,51.983],[70.9353,51.983],[70.9353,51.983],[70.9353,51.983],[70.9353,51.983],[70.9353,51.983],[70.9353,51.983],[70.9353,51.983],[70.9353,51.983],[70.9353,51.983],[70.9353,51.983],[70.9353,51.9829],[70.9353,51.9829],[70.9353,51.9829],[70.9353,51.9829],[70.9353,51.9829],[70.9352,51.9829],[70.9352,51.9829],[70.9352,51.9829],[70.9352,51.9829],[70.9352,51.9829],[70.9352,51.9829],[70.9352,51.9829],[70.9352,51.9828],[70.9352,51.9828],[70.9352,51.9828],[70.9352,51.9828],[70.9352,51.9828],[70.9352,51.9828],[70.9352,51.9828],[70.9352,51.9828],[70.9352,51.9828],[70.9352,51.9828],[70.9352,51.9828],[70.9352,51.9827],[70.9352,51.9827],[70.9352,51.9827],[70.9352,51.9827],[70.9352,51.9827],[70.9352,51.9827],[70.9352,51.9827],[70.9352,51.9827],[70.9352,51.9827],[70.9352,51.9827],[70.9352,51.9827],[70.9352,51.9827],[70.9352,51.9826],[70.9352,51.9826],[70.9352,51.9826],[70.9352,51.9826],[70.9352,51.9826],[70.9352,51.9826],[70.9352,51.9826],[70.9352,51.9826],[70.9352,51.9826],[70.9352,51.9826],[70.9352,51.9826],[70.9352,51.9826],[70.9352,51.9825],[70.9352,51.9825],[70.9352,51.9825],[70.9352,51.9825],[70.9352,51.9825],[70.9351,51.9825],[70.9351,51.9825],[70.9351,51.9825],[70.9351,51.9825],[70.9351,51.9825],[70.9351,51.9825],[70.9351,51.9824],[70.9351,51.9824],[70.9351,51.9824],[70.9351,51.9824],[70.9351,51.9824],[70.9351,51.9824],[70.9351,51.9824],[70.9351,51.9824],[70.9351,51.9824],[70.9351,51.9824],[70.9351,51.9824],[70.9351,51.9824],[70.9351,51.9823],[70.9351,51.9823],[70.9352,51.9823],[70.9352,51.9823],[70.9352,51.9823],[70.9352,51.9823],[70.9352,51.9823],[70.9352,51.9823],[70.9352,51.9823],[70.9352,51.9823],[70.9352,51.9823],[70.9352,51.9822],[70.9352,51.9822],[70.9352,51.9822],[70.9352,51.9822],[70.9352,51.9822],[70.9352,51.9822],[70.9352,51.9822],[70.9352,51.9822],[70.9352,51.9822],[70.9352,51.9822],[70.9352,51.9822],[70.9352,51.9822],[70.9352,51.9821],[70.9352,51.9821],[70.9352,51.9821],[70.9352,51.9821],[70.9352,51.9821],[70.9352,51.9821],[70.9352,51.9821],[70.9352,51.9821],[70.9352,51.9821],[70.9353,51.9816],[70.9353,51.9816],[70.9354,51.9815],[70.9354,51.9815],[70.9354,51.9815],[70.9354,51.9815],[70.9354,51.9815],[70.9354,51.9815],[70.9354,51.9815],[70.9354,51.9815],[70.9354,51.9814],[70.9354,51.9814],[70.9354,51.9814],[70.9354,51.9814],[70.9354,51.9814],[70.9354,51.9814],[70.9354,51.9814],[70.9354,51.9813],[70.9354,51.9813],[70.9354,51.9813],[70.9354,51.9813],[70.9354,51.9813],[70.9354,51.9813],[70.9354,51.9813],[70.9354,51.9812],[70.9354,51.9812],[70.9354,51.9812],[70.9354,51.9812],[70.9354,51.9812],[70.9354,51.9812],[70.9354,51.9812],[70.9354,51.9812],[70.9354,51.9811],[70.9354,51.9811],[70.9354,51.9811],[70.9354,51.9811],[70.9354,51.9811],[70.9354,51.9811],[70.9354,51.9811],[70.9354,51.981],[70.9354,51.981],[70.9354,51.981],[70.9354,51.981],[70.9353,51.981],[70.9353,51.981],[70.9353,51.981],[70.9353,51.9809],[70.9353,51.9809],[70.9353,51.9809],[70.9353,51.9809],[70.9353,51.9809],[70.9353,51.9809],[70.9353,51.9809],[70.9353,51.9809],[70.9353,51.9808],[70.9353,51.9808],[70.9353,51.9808],[70.9353,51.9808],[70.9353,51.9808],[70.9353,51.9808],[70.9353,51.9808],[70.9353,51.9807],[70.9352,51.9807],[70.9352,51.9807],[70.9352,51.9807]]]],"type":"MultiPolygon"},"geometry_name":"shape","id":"gp_functional_zones.fid--7752831e_19fb67eabdc_7df7","properties":{"area":4.24704580207722,"creation_doc_id":3617,"deactivation_doc_id":null,"func_zone_status_id":3,"ggk_zone_code":"11010000","ggk_zone_name":"Территория усадебной застройки","gp_func_zone_code":"11010000","gp_func_zone_code_id":19,"id":4732068,"zone_type_id":8},"type":"Feature"},{"bbox":[70.9805,51.9835,70.9845,51.9849],"geometry":{"coordinates":[[[[70.9845,51.9846],[70.9845,51.9835],[70.9845,51.9835],[70.9813,51.9838],[70.9805,51.9837],[70.9805,51.9838],[70.9805,51.9847],[70.9805,51.9849],[70.9834,51.9847],[70.9839,51.9847],[70.9845,51.9846]]]],"type":"MultiPolygon"},"geometry_name":"shape","id":"gp_functional_zones.fid--7752831e_19fb67eabdc_7df8","properties":{"area":3.31280587660007,"creation_doc_id":3617,"deactivation_doc_id":null,"func_zone_status_id":3,"ggk_zone_code":"11010000","ggk_zone_name":"Территория усадебной застройки","gp_func_zone_code":"11010000","gp_func_zone_code_id":19,"id":4732069,"zone_type_id":8},"type":"Feature"},{"bbox":[70.9745,51.9833,70.9799,51.9852],"geometry":{"coordinates":[[[[70.9799,51.985],[70.9799,51.9837],[70.9799,51.9837],[70.9773,51.9834],[70.9762,51.9833],[70.9746,51.9834],[70.9746,51.9834],[70.9746,51.9834],[70.9746,51.9834],[70.9746,51.9834],[70.9746,51.9835],[70.9745,51.9846],[70.9745,51.9847],[70.977,51.9845],[70.9771,51.9845],[70.9771,51.9845],[70.9771,51.9845],[70.9771,51.9845],[70.9771,51.9845],[70.9771,51.9845],[70.9771,51.9845],[70.9771,51.9845],[70.9771,51.9845],[70.9771,51.9845],[70.9771,51.9845],[70.9772,51.9845],[70.9772,51.9845],[70.9772,51.9845],[70.9772,51.9845],[70.9772,51.9845],[70.9772,51.9845],[70.9772,51.9845],[70.9772,51.9845],[70.9772,51.9845],[70.9772,51.9845],[70.9772,51.9845],[70.9772,51.9845],[70.9772,51.9845],[70.9772,51.9845],[70.9772,51.9845],[70.9772,51.9846],[70.9772,51.9846],[70.9772,51.9846],[70.9772,51.9846],[70.9773,51.9846],[70.9773,51.9846],[70.9773,51.9846],[70.9773,51.9846],[70.9773,51.9846],[70.9773,51.9846],[70.9772,51.9852],[70.9773,51.9852],[70.9799,51.985]]]],"type":"MultiPolygon"},"geometry_name":"shape","id":"gp_functional_zones.fid--7752831e_19fb67eabdc_7df9","properties":{"area":5.50643808950503,"creation_doc_id":3617,"deactivation_doc_id":null,"func_zone_status_id":3,"ggk_zone_code":"11010000","ggk_zone_name":"Территория усадебной застройки","gp_func_zone_code":"11010000","gp_func_zone_code_id":19,"id":4732070,"zone_type_id":8},"type":"Feature"},{"bbox":[70.9353,51.9844,70.9377,51.9859],"geometry":{"coordinates":[[[[70.9372,51.985],[70.9364,51.9844],[70.9358,51.9846],[70.9358,51.9846],[70.9358,51.9846],[70.9358,51.9846],[70.9358,51.9846],[70.9358,51.9846],[70.9358,51.9846],[70.9358,51.9846],[70.9358,51.9846],[70.9357,51.9847],[70.9357,51.9847],[70.9357,51.9847],[70.9357,51.9847],[70.9357,51.9847],[70.9357,51.9847],[70.9357,51.9847],[70.9357,51.9847],[70.9357,51.9847],[70.9357,51.9847],[70.9357,51.9847],[70.9357,51.9847],[70.9357,51.9847],[70.9357,51.9847],[70.9356,51.9847],[70.9356,51.9847],[70.9356,51.9847],[70.9356,51.9847],[70.9356,51.9847],[70.9356,51.9847],[70.9356,51.9847],[70.9356,51.9847],[70.9356,51.9847],[70.9356,51.9847],[70.9356,51.9847],[70.9356,51.9847],[70.9356,51.9847],[70.9355,51.9847],[70.9355,51.9847],[70.9355,51.9847],[70.9355,51.9847],[70.9355,51.9847],[70.9355,51.9847],[70.9355,51.9848],[70.9355,51.9848],[70.9355,51.9848],[70.9355,51.9848],[70.9355,51.9848],[70.9355,51.9848],[70.9355,51.9848],[70.9355,51.9848],[70.9354,51.9848],[70.9354,51.9848],[70.9354,51.9848],[70.9354,51.9848],[70.9354,51.9848],[70.9354,51.9848],[70.9354,51.9848],[70.9354,51.9848],[70.9354,51.9848],[70.9354,51.9848],[70.9354,51.9848],[70.9354,51.9848],[70.9354,51.9848],[70.9353,51.9848],[70.9353,51.9848],[70.9358,51.9854],[70.9358,51.9854],[70.9358,51.9854],[70.9358,51.9854],[70.9358,51.9854],[70.9358,51.9854],[70.9358,51.9854],[70.9358,51.9855],[70.9358,51.9855],[70.9358,51.9855],[70.9358,51.9855],[70.9358,51.9855],[70.9358,51.9855],[70.9358,51.9855],[70.9358,51.9855],[70.9358,51.9855],[70.9358,51.9855],[70.9358,51.9855],[70.9358,51.9855],[70.9358,51.9855],[70.9358,51.9855],[70.9358,51.9855],[70.9358,51.9855],[70.9358,51.9855],[70.9358,51.9855],[70.9358,51.9855],[70.9358,51.9855],[70.9359,51.9855],[70.9359,51.9855],[70.9359,51.9855],[70.9359,51.9855],[70.9359,51.9855],[70.9359,51.9855],[70.9359,51.9855],[70.9359,51.9855],[70.9359,51.9855],[70.9359,51.9855],[70.9359,51.9855],[70.9359,51.9855],[70.9359,51.9856],[70.9359,51.9856],[70.9359,51.9856],[70.9359,51.9856],[70.9359,51.9856],[70.9359,51.9856],[70.9359,51.9856],[70.9359,51.9856],[70.9359,51.9856],[70.9359,51.9856],[70.9359,51.9856],[70.9359,51.9856],[70.9359,51.9856],[70.9359,51.9856],[70.9359,51.9856],[70.9359,51.9856],[70.9359,51.9856],[70.9359,51.9856],[70.936,51.9856],[70.936,51.9856],[70.936,51.9856],[70.936,51.9856],[70.936,51.9856],[70.936,51.9856],[70.936,51.9856],[70.936,51.9856],[70.936,51.9856],[70.936,51.9856],[70.936,51.9856],[70.936,51.9856],[70.936,51.9856],[70.936,51.9856],[70.936,51.9856],[70.936,51.9856],[70.936,51.9856],[70.936,51.9857],[70.936,51.9857],[70.936,51.9857],[70.936,51.9857],[70.936,51.9857],[70.936,51.9857],[70.936,51.9857],[70.936,51.9857],[70.9361,51.9857],[70.9361,51.9857],[70.9361,51.9857],[70.9361,51.9857],[70.9361,51.9857],[70.9361,51.9857],[70.9361,51.9857],[70.9361,51.9857],[70.9361,51.9857],[70.9361,51.9857],[70.9361,51.9857],[70.9361,51.9857],[70.9361,51.9857],[70.9361,51.9857],[70.9361,51.9857],[70.9361,51.9857],[70.9361,51.9857],[70.9361,51.9857],[70.9361,51.9857],[70.9361,51.9857],[70.9361,51.9857],[70.9361,51.9857],[70.9361,51.9857],[70.9362,51.9857],[70.9362,51.9857],[70.9362,51.9857],[70.9362,51.9857],[70.9362,51.9857],[70.9362,51.9857],[70.9362,51.9857],[70.9362,51.9857],[70.9362,51.9857],[70.9362,51.9857],[70.9362,51.9857],[70.9362,51.9858],[70.9362,51.9858],[70.9362,51.9858],[70.9362,51.9858],[70.9362,51.9858],[70.9362,51.9858],[70.9362,51.9858],[70.9362,51.9858],[70.9362,51.9858],[70.9362,51.9858],[70.9362,51.9858],[70.9363,51.9858],[70.9363,51.9858],[70.9363,51.9858],[70.9363,51.9858],[70.9363,51.9858],[70.9363,51.9858],[70.9363,51.9858],[70.9363,51.9858],[70.9363,51.9858],[70.9363,51.9858],[70.9363,51.9858],[70.9363,51.9858],[70.9363,51.9858],[70.9363,51.9858],[70.9363,51.9858],[70.9363,51.9858],[70.9363,51.9858],[70.9363,51.9858],[70.9363,51.9858],[70.9363,51.9858],[70.9364,51.9858],[70.9364,51.9858],[70.9364,51.9858],[70.9364,51.9858],[70.9364,51.9858],[70.9364,51.9858],[70.9364,51.9858],[70.9364,51.9858],[70.9364,51.9858],[70.9364,51.9858],[70.9364,51.9858],[70.9364,51.9858],[70.9364,51.9858],[70.9364,51.9858],[70.9364,51.9858],[70.9364,51.9858],[70.9364,51.9858],[70.9364,51.9858],[70.9364,51.9858],[70.9365,51.9858],[70.9365,51.9858],[70.9365,51.9858],[70.9365,51.9858],[70.9365,51.9858],[70.9365,51.9858],[70.9365,51.9858],[70.9365,51.9858],[70.9365,51.9859],[70.9365,51.9859],[70.9365,51.9859],[70.9365,51.9859],[70.9365,51.9859],[70.9365,51.9859],[70.9365,51.9859],[70.9365,51.9859],[70.9365,51.9859],[70.9365,51.9859],[70.9366,51.9859],[70.9366,51.9859],[70.9366,51.9859],[70.9366,51.9859],[70.9366,51.9859],[70.9366,51.9859],[70.9366,51.9859],[70.9366,51.9859],[70.9366,51.9859],[70.9366,51.9859],[70.9366,51.9859],[70.9366,51.9859],[70.9366,51.9859],[70.9366,51.9859],[70.9366,51.9859],[70.9366,51.9859],[70.9366,51.9859],[70.9366,51.9859],[70.9367,51.9859],[70.9367,51.9859],[70.9367,51.9859],[70.9367,51.9859],[70.9367,51.9859],[70.9367,51.9859],[70.9367,51.9859],[70.9367,51.9859],[70.9367,51.9859],[70.9367,51.9859],[70.9367,51.9859],[70.9367,51.9859],[70.9367,51.9859],[70.9367,51.9859],[70.9367,51.9859],[70.9367,51.9859],[70.9367,51.9859],[70.9368,51.9859],[70.9368,51.9859],[70.9368,51.9859],[70.9368,51.9859],[70.9368,51.9859],[70.9368,51.9859],[70.9368,51.9859],[70.9368,51.9859],[70.9368,51.9859],[70.9368,51.9859],[70.9368,51.9859],[70.9368,51.9859],[70.9368,51.9859],[70.9368,51.9859],[70.9368,51.9859],[70.9368,51.9859],[70.9368,51.9859],[70.9369,51.9859],[70.9369,51.9859],[70.9369,51.9859],[70.9369,51.9859],[70.9369,51.9859],[70.9369,51.9859],[70.9369,51.9859],[70.9369,51.9859],[70.9369,51.9859],[70.9369,51.9859],[70.9369,51.9859],[70.9369,51.9859],[70.9369,51.9859],[70.9369,51.9859],[70.9369,51.9859],[70.9369,51.9859],[70.9369,51.9859],[70.937,51.9859],[70.937,51.9859],[70.937,51.9859],[70.937,51.9859],[70.9377,51.9859],[70.9377,51.9859],[70.9377,51.9859],[70.9377,51.9859],[70.9377,51.9859],[70.9377,51.9859],[70.9377,51.9859],[70.9377,51.9859],[70.9377,51.9859],[70.9377,51.9859],[70.9377,51.9859],[70.9377,51.9859],[70.9377,51.9859],[70.9377,51.9859],[70.9377,51.9859],[70.9377,51.9859],[70.9377,51.9858],[70.9377,51.9858],[70.9377,51.9858],[70.9377,51.9858],[70.9377,51.9858],[70.9377,51.9858],[70.9377,51.9858],[70.9377,51.9858],[70.9377,51.9858],[70.9377,51.9858],[70.9377,51.9858],[70.9377,51.9858],[70.9377,51.9858],[70.9377,51.9858],[70.9377,51.9858],[70.9377,51.9858],[70.9377,51.9858],[70.9377,51.9858],[70.9377,51.9858],[70.9377,51.9858],[70.9377,51.9858],[70.9377,51.9858],[70.9377,51.9858],[70.9377,51.9858],[70.9377,51.9858],[70.9377,51.9858],[70.9377,51.9858],[70.9377,51.9858],[70.9377,51.9857],[70.9377,51.9857],[70.9377,51.9857],[70.9377,51.9857],[70.9377,51.9857],[70.9377,51.9857],[70.9377,51.9857],[70.9377,51.9857],[70.9377,51.9857],[70.9377,51.9857],[70.9377,51.9857],[70.9377,51.9857],[70.9377,51.9857],[70.9377,51.9857],[70.9377,51.9857],[70.9377,51.9857],[70.9377,51.9857],[70.9377,51.9857],[70.9377,51.9857],[70.9377,51.9857],[70.9377,51.9857],[70.9377,51.9857],[70.9377,51.9857],[70.9377,51.9857],[70.9377,51.9857],[70.9377,51.9857],[70.9377,51.9857],[70.9377,51.9857],[70.9377,51.9856],[70.9377,51.9856],[70.9377,51.9856],[70.9377,51.9856],[70.9377,51.9856],[70.9377,51.9856],[70.9377,51.9856],[70.9377,51.9856],[70.9377,51.9856],[70.9377,51.9856],[70.9377,51.9856],[70.9377,51.9856],[70.9377,51.9856],[70.9377,51.9856],[70.9376,51.9856],[70.9376,51.9856],[70.9376,51.9856],[70.9376,51.9856],[70.9376,51.9856],[70.9376,51.9856],[70.9376,51.9856],[70.9376,51.9856],[70.9376,51.9856],[70.9376,51.9856],[70.9376,51.9856],[70.9376,51.9856],[70.9376,51.9856],[70.9376,51.9856],[70.9376,51.9855],[70.9376,51.9855],[70.9376,51.9855],[70.9376,51.9855],[70.9376,51.9855],[70.9376,51.9855],[70.9376,51.9855],[70.9376,51.9855],[70.9376,51.9855],[70.9376,51.9855],[70.9376,51.9855],[70.9376,51.9855],[70.9376,51.9855],[70.9376,51.9855],[70.9376,51.9855],[70.9376,51.9855],[70.9376,51.9855],[70.9376,51.9855],[70.9376,51.9855],[70.9376,51.9855],[70.9376,51.9855],[70.9376,51.9855],[70.9376,51.9855],[70.9376,51.9855],[70.9376,51.9855],[70.9376,51.9855],[70.9376,51.9855],[70.9376,51.9855],[70.9376,51.9855],[70.9376,51.9854],[70.9376,51.9854],[70.9376,51.9854],[70.9376,51.9854],[70.9376,51.9854],[70.9376,51.9854],[70.9376,51.9854],[70.9376,51.9854],[70.9376,51.9854],[70.9376,51.9854],[70.9376,51.9854],[70.9375,51.9854],[70.9375,51.9854],[70.9375,51.9854],[70.9375,51.9854],[70.9375,51.9854],[70.9375,51.9854],[70.9375,51.9854],[70.9375,51.9854],[70.9375,51.9854],[70.9375,51.9854],[70.9375,51.9854],[70.9375,51.9854],[70.9375,51.9854],[70.9375,51.9854],[70.9375,51.9854],[70.9375,51.9854],[70.9375,51.9854],[70.9375,51.9854],[70.9375,51.9854],[70.9375,51.9853],[70.9375,51.9853],[70.9375,51.9853],[70.9375,51.9853],[70.9375,51.9853],[70.9375,51.9853],[70.9375,51.9853],[70.9375,51.9853],[70.9375,51.9853],[70.9375,51.9853],[70.9375,51.9853],[70.9375,51.9853],[70.9375,51.9853],[70.9375,51.9853],[70.9375,51.9853],[70.9375,51.9853],[70.9375,51.9853],[70.9375,51.9853],[70.9375,51.9853],[70.9375,51.9853],[70.9375,51.9853],[70.9375,51.9853],[70.9375,51.9853],[70.9374,51.9853],[70.9374,51.9853],[70.9374,51.9853],[70.9374,51.9853],[70.9374,51.9853],[70.9374,51.9853],[70.9374,51.9853],[70.9374,51.9853],[70.9374,51.9852],[70.9374,51.9852],[70.9374,51.9852],[70.9374,51.9852],[70.9374,51.9852],[70.9374,51.9852],[70.9374,51.9852],[70.9374,51.9852],[70.9374,51.9852],[70.9374,51.9852],[70.9374,51.9852],[70.9374,51.9852],[70.9374,51.9852],[70.9374,51.9852],[70.9374,51.9852],[70.9374,51.9852],[70.9374,51.9852],[70.9374,51.9852],[70.9374,51.9852],[70.9374,51.9852],[70.9374,51.9852],[70.9374,51.9852],[70.9374,51.9852],[70.9374,51.9852],[70.9374,51.9852],[70.9374,51.9852],[70.9374,51.9852],[70.9373,51.9852],[70.9373,51.9852],[70.9373,51.9852],[70.9373,51.9852],[70.9373,51.9851],[70.9373,51.9851],[70.9373,51.9851],[70.9373,51.9851],[70.9373,51.9851],[70.9373,51.9851],[70.9373,51.9851],[70.9373,51.9851],[70.9373,51.9851],[70.9373,51.9851],[70.9373,51.9851],[70.9373,51.9851],[70.9373,51.9851],[70.9373,51.9851],[70.9373,51.9851],[70.9373,51.9851],[70.9373,51.9851],[70.9373,51.9851],[70.9373,51.9851],[70.9373,51.9851],[70.9373,51.9851],[70.9373,51.9851],[70.9373,51.9851],[70.9373,51.9851],[70.9373,51.9851],[70.9373,51.9851],[70.9373,51.9851],[70.9372,51.9851],[70.9372,51.9851],[70.9372,51.9851],[70.9372,51.9851],[70.9372,51.9851],[70.9372,51.9851],[70.9372,51.985],[70.9372,51.985],[70.9372,51.985]]]],"type":"MultiPolygon"},"geometry_name":"shape","id":"gp_functional_zones.fid--7752831e_19fb67eabdc_7dfa","properties":{"area":1.65006365566079,"creation_doc_id":3617,"deactivation_doc_id":null,"func_zone_status_id":3,"ggk_zone_code":"11010000","ggk_zone_name":"Территория усадебной застройки","gp_func_zone_code":"11010000","gp_func_zone_code_id":19,"id":4732071,"zone_type_id":8},"type":"Feature"},{"bbox":[70.9706,51.9847,70.9741,51.9857],"geometry":{"coordinates":[[[[70.9741,51.9854],[70.9741,51.9847],[70.9707,51.985],[70.9706,51.9857],[70.9741,51.9854]]]],"type":"MultiPolygon"},"geometry_name":"shape","id":"gp_functional_zones.fid--7752831e_19fb67eabdc_7dfb","properties":{"area":1.80539226864335,"creation_doc_id":3617,"deactivation_doc_id":null,"func_zone_status_id":3,"ggk_zone_code":"11010000","ggk_zone_name":"Территория усадебной застройки","gp_func_zone_code":"11010000","gp_func_zone_code_id":19,"id":4732072,"zone_type_id":8},"type":"Feature"},{"bbox":[70.9689,51.985,70.9703,51.9857],"geometry":{"coordinates":[[[[70.9703,51.985],[70.9689,51.985],[70.9689,51.9857],[70.9703,51.9857],[70.9703,51.985]]]],"type":"MultiPolygon"},"geometry_name":"shape","id":"gp_functional_zones.fid--7752831e_19fb67eabdc_7dfc","properties":{"area":0.704527295588442,"creation_doc_id":3617,"deactivation_doc_id":null,"func_zone_status_id":3,"ggk_zone_code":"11010000","ggk_zone_name":"Территория усадебной застройки","gp_func_zone_code":"11010000","gp_func_zone_code_id":19,"id":4732073,"zone_type_id":8},"type":"Feature"},{"bbox":[70.9706,51.9857,70.9741,51.9872],"geometry":{"coordinates":[[[[70.974,51.9872],[70.9741,51.9857],[70.9706,51.9859],[70.9706,51.9872],[70.974,51.9872]]]],"type":"MultiPolygon"},"geometry_name":"shape","id":"gp_functional_zones.fid--7752831e_19fb67eabdc_7dfd","properties":{"area":3.67813680847514,"creation_doc_id":3617,"deactivation_doc_id":null,"func_zone_status_id":3,"ggk_zone_code":"11010000","ggk_zone_name":"Территория усадебной застройки","gp_func_zone_code":"11010000","gp_func_zone_code_id":19,"id":4732074,"zone_type_id":8},"type":"Feature"},{"bbox":[70.9706,51.9874,70.9723,51.9886],"geometry":{"coordinates":[[[[70.9723,51.9874],[70.9706,51.9874],[70.9706,51.9886],[70.9723,51.9886],[70.9723,51.9874]]]],"type":"MultiPolygon"},"geometry_name":"shape","id":"gp_functional_zones.fid--7752831e_19fb67eabdc_7dfe","properties":{"area":1.57018974690797,"creation_doc_id":3617,"deactivation_doc_id":null,"func_zone_status_id":3,"ggk_zone_code":"11010000","ggk_zone_name":"Территория усадебной застройки","gp_func_zone_code":"11010000","gp_func_zone_code_id":19,"id":4732075,"zone_type_id":8},"type":"Feature"},{"bbox":[70.9726,51.9874,70.974,51.9886],"geometry":{"coordinates":[[[[70.974,51.9874],[70.9726,51.9874],[70.9726,51.9886],[70.9726,51.9886],[70.974,51.9886],[70.974,51.9874]]]],"type":"MultiPolygon"},"geometry_name":"shape","id":"gp_functional_zones.fid--7752831e_19fb67eabdc_7dff","properties":{"area":1.29249942856777,"creation_doc_id":3617,"deactivation_doc_id":null,"func_zone_status_id":3,"ggk_zone_code":"11010000","ggk_zone_name":"Территория усадебной застройки","gp_func_zone_code":"11010000","gp_func_zone_code_id":19,"id":4732076,"zone_type_id":8},"type":"Feature"},{"bbox":[70.9804,51.9849,70.9845,51.9887],"geometry":{"coordinates":[[[[70.9844,51.9887],[70.9845,51.9849],[70.9804,51.9852],[70.9804,51.9887],[70.9844,51.9887]]]],"type":"MultiPolygon"},"geometry_name":"shape","id":"gp_functional_zones.fid--7752831e_19fb67eabdc_7e00","properties":{"area":11.3006548390474,"creation_doc_id":3617,"deactivation_doc_id":null,"func_zone_status_id":3,"ggk_zone_code":"11010000","ggk_zone_name":"Территория усадебной застройки","gp_func_zone_code":"11010000","gp_func_zone_code_id":19,"id":4732077,"zone_type_id":8},"type":"Feature"},{"bbox":[70.9706,51.9892,70.9723,51.9898],"geometry":{"coordinates":[[[[70.9723,51.9898],[70.9723,51.9892],[70.9706,51.9892],[70.9706,51.9898],[70.9706,51.9898],[70.9706,51.9898],[70.9706,51.9898],[70.9706,51.9898],[70.9706,51.9898],[70.9706,51.9898],[70.9706,51.9898],[70.9706,51.9898],[70.9723,51.9898]]]],"type":"MultiPolygon"},"geometry_name":"shape","id":"gp_functional_zones.fid--7752831e_19fb67eabdc_7e01","properties":{"area":0.87947223441997,"creation_doc_id":3617,"deactivation_doc_id":null,"func_zone_status_id":3,"ggk_zone_code":"11010000","ggk_zone_name":"Территория усадебной застройки","gp_func_zone_code":"11010000","gp_func_zone_code_id":19,"id":4732078,"zone_type_id":8},"type":"Feature"},{"bbox":[70.9726,51.9892,70.974,51.9899],"geometry":{"coordinates":[[[[70.974,51.9892],[70.9726,51.9892],[70.9726,51.9898],[70.974,51.9899],[70.974,51.9892]]]],"type":"MultiPolygon"},"geometry_name":"shape","id":"gp_functional_zones.fid--7752831e_19fb67eabdc_7e02","properties":{"area":0.72740950457252,"creation_doc_id":3617,"deactivation_doc_id":null,"func_zone_status_id":3,"ggk_zone_code":"11010000","ggk_zone_name":"Территория усадебной застройки","gp_func_zone_code":"11010000","gp_func_zone_code_id":19,"id":4732079,"zone_type_id":8},"type":"Feature"},{"bbox":[70.9744,51.9892,70.9755,51.9899],"geometry":{"coordinates":[[[[70.9755,51.9892],[70.9744,51.9892],[70.9744,51.9899],[70.9746,51.9899],[70.9753,51.9899],[70.9754,51.9899],[70.9755,51.9892]]]],"type":"MultiPolygon"},"geometry_name":"shape","id":"gp_functional_zones.fid--7752831e_19fb67eabdc_7e03","properties":{"area":0.528494903378609,"creation_doc_id":3617,"deactivation_doc_id":null,"func_zone_status_id":3,"ggk_zone_code":"11010000","ggk_zone_name":"Территория усадебной застройки","gp_func_zone_code":"11010000","gp_func_zone_code_id":19,"id":4732080,"zone_type_id":8},"type":"Feature"},{"bbox":[70.9702,51.99,70.9723,51.9911],"geometry":{"coordinates":[[[[70.9706,51.99],[70.9706,51.99],[70.9706,51.99],[70.9706,51.99],[70.9705,51.99],[70.9705,51.99],[70.9705,51.99],[70.9705,51.99],[70.9705,51.99],[70.9705,51.99],[70.9705,51.99],[70.9705,51.99],[70.9705,51.99],[70.9705,51.99],[70.9705,51.99],[70.9705,51.99],[70.9705,51.99],[70.9705,51.99],[70.9705,51.99],[70.9705,51.99],[70.9705,51.99],[70.9705,51.99],[70.9705,51.99],[70.9704,51.99],[70.9704,51.99],[70.9704,51.99],[70.9704,51.99],[70.9704,51.99],[70.9704,51.99],[70.9704,51.99],[70.9704,51.99],[70.9704,51.99],[70.9704,51.99],[70.9704,51.99],[70.9704,51.99],[70.9704,51.99],[70.9704,51.99],[70.9704,51.99],[70.9704,51.99],[70.9704,51.99],[70.9704,51.99],[70.9704,51.99],[70.9704,51.99],[70.9703,51.99],[70.9703,51.99],[70.9703,51.99],[70.9703,51.99],[70.9703,51.99],[70.9703,51.99],[70.9703,51.9901],[70.9703,51.9901],[70.9703,51.9901],[70.9703,51.9901],[70.9703,51.9901],[70.9703,51.9901],[70.9703,51.9901],[70.9703,51.9901],[70.9703,51.9901],[70.9703,51.9901],[70.9703,51.9901],[70.9703,51.9901],[70.9703,51.9901],[70.9702,51.9901],[70.9711,51.9911],[70.972,51.9908],[70.972,51.9908],[70.972,51.9908],[70.972,51.9908],[70.972,51.9908],[70.972,51.9908],[70.972,51.9908],[70.972,51.9908],[70.972,51.9908],[70.972,51.9908],[70.972,51.9908],[70.972,51.9908],[70.972,51.9908],[70.9721,51.9908],[70.9721,51.9908],[70.9721,51.9907],[70.9721,51.9907],[70.9721,51.9907],[70.9721,51.9907],[70.9721,51.9907],[70.9721,51.9907],[70.9721,51.9907],[70.9721,51.9907],[70.9721,51.9907],[70.9721,51.9907],[70.9721,51.9907],[70.9721,51.9907],[70.9721,51.9907],[70.9721,51.9907],[70.9721,51.9907],[70.9722,51.9907],[70.9722,51.9907],[70.9722,51.9907],[70.9722,51.9907],[70.9722,51.9907],[70.9722,51.9907],[70.9722,51.9907],[70.9722,51.9906],[70.9722,51.9906],[70.9722,51.9906],[70.9722,51.9906],[70.9722,51.9906],[70.9722,51.9906],[70.9722,51.9906],[70.9722,51.9906],[70.9722,51.9906],[70.9722,51.9906],[70.9722,51.9906],[70.9722,51.9906],[70.9722,51.9906],[70.9722,51.9906],[70.9722,51.9906],[70.9722,51.9906],[70.9722,51.9906],[70.9722,51.9906],[70.9722,51.9906],[70.9722,51.9905],[70.9722,51.9905],[70.9722,51.9905],[70.9722,51.9905],[70.9722,51.9905],[70.9722,51.9905],[70.9722,51.9905],[70.9722,51.9905],[70.9722,51.9905],[70.9723,51.99],[70.9706,51.99],[70.9706,51.99],[70.9706,51.99],[70.9706,51.99]]]],"type":"MultiPolygon"},"geometry_name":"shape","id":"gp_functional_zones.fid--7752831e_19fb67eabdc_7e04","properties":{"area":1.15481394187408,"creation_doc_id":3617,"deactivation_doc_id":null,"func_zone_status_id":3,"ggk_zone_code":"11010000","ggk_zone_name":"Территория усадебной застройки","gp_func_zone_code":"11010000","gp_func_zone_code_id":19,"id":4732081,"zone_type_id":8},"type":"Feature"},{"bbox":[70.9744,51.99,70.9754,51.9911],"geometry":{"coordinates":[[[70.9754,51.9902],[70.9754,51.9901],[70.9753,51.9901],[70.9746,51.99],[70.9744,51.99],[70.9744,51.991],[70.9745,51.991],[70.9746,51.991],[70.9754,51.9911],[70.9754,51.9902]]],"type":"Polygon"},"geometry_name":"shape","id":"gp_functional_zones.fid--7752831e_19fb67eabdc_7e05","properties":{"area":0.78486593217833,"creation_doc_id":3617,"deactivation_doc_id":null,"func_zone_status_id":3,"ggk_zone_code":"11010000","ggk_zone_name":"Территория усадебной застройки","gp_func_zone_code":"11010000","gp_func_zone_code_id":19,"id":4732082,"zone_type_id":8},"type":"Feature"},{"bbox":[70.9761,51.9901,70.9798,51.9911],"geometry":{"coordinates":[[[[70.9798,51.9901],[70.9762,51.9901],[70.9761,51.9911],[70.9761,51.9911],[70.9797,51.9911],[70.9798,51.9902],[70.9798,51.9901],[70.9798,51.9901]]]],"type":"MultiPolygon"},"geometry_name":"shape","id":"gp_functional_zones.fid--7752831e_19fb67eabdc_7e06","properties":{"area":2.75173924585829,"creation_doc_id":3617,"deactivation_doc_id":null,"func_zone_status_id":3,"ggk_zone_code":"11010000","ggk_zone_name":"Территория усадебной застройки","gp_func_zone_code":"11010000","gp_func_zone_code_id":19,"id":4732083,"zone_type_id":8},"type":"Feature"},{"bbox":[70.9803,51.9892,70.9844,51.9911],"geometry":{"coordinates":[[[[70.9844,51.9893],[70.9804,51.9892],[70.9803,51.9902],[70.9803,51.9911],[70.9832,51.9911],[70.9842,51.9911],[70.9843,51.9911],[70.9844,51.9893]]]],"type":"MultiPolygon"},"geometry_name":"shape","id":"gp_functional_zones.fid--7752831e_19fb67eabdc_7e07","properties":{"area":5.69875946191172,"creation_doc_id":3617,"deactivation_doc_id":null,"func_zone_status_id":3,"ggk_zone_code":"11010000","ggk_zone_name":"Территория усадебной застройки","gp_func_zone_code":"11010000","gp_func_zone_code_id":19,"id":4732084,"zone_type_id":8},"type":"Feature"},{"bbox":[70.9761,51.9913,70.9797,51.9921],"geometry":{"coordinates":[[[[70.9797,51.9914],[70.9761,51.9913],[70.9761,51.9921],[70.9797,51.9921],[70.9797,51.9914]]]],"type":"MultiPolygon"},"geometry_name":"shape","id":"gp_functional_zones.fid--7752831e_19fb67eabdc_7e08","properties":{"area":2.11377332185868,"creation_doc_id":3617,"deactivation_doc_id":null,"func_zone_status_id":3,"ggk_zone_code":"11010000","ggk_zone_name":"Территория усадебной застройки","gp_func_zone_code":"11010000","gp_func_zone_code_id":19,"id":4732085,"zone_type_id":8},"type":"Feature"},{"bbox":[70.9721,51.9913,70.9754,51.9928],"geometry":{"coordinates":[[[[70.9752,51.9921],[70.9752,51.9921],[70.9752,51.9921],[70.9752,51.9921],[70.9752,51.9921],[70.9752,51.9921],[70.9752,51.9921],[70.9754,51.9921],[70.9754,51.992],[70.9754,51.9913],[70.9746,51.9913],[70.9746,51.9913],[70.9746,51.9913],[70.9746,51.9913],[70.9745,51.9913],[70.9745,51.9913],[70.9745,51.9913],[70.9745,51.9913],[70.9745,51.9913],[70.9745,51.9913],[70.9745,51.9913],[70.9745,51.9913],[70.9745,51.9913],[70.9744,51.9913],[70.9744,51.9913],[70.9744,51.9913],[70.9744,51.9913],[70.9744,51.9913],[70.9744,51.9913],[70.9744,51.9913],[70.9744,51.9913],[70.9744,51.9913],[70.9744,51.9913],[70.9743,51.9913],[70.9743,51.9913],[70.9743,51.9913],[70.9743,51.9913],[70.9743,51.9913],[70.9743,51.9913],[70.9743,51.9913],[70.9743,51.9913],[70.9743,51.9913],[70.9743,51.9913],[70.9742,51.9913],[70.9742,51.9913],[70.9742,51.9913],[70.9742,51.9913],[70.9742,51.9913],[70.9742,51.9913],[70.9742,51.9914],[70.9742,51.9914],[70.9742,51.9914],[70.9742,51.9914],[70.9741,51.9914],[70.9741,51.9914],[70.9741,51.9914],[70.9741,51.9914],[70.9741,51.9914],[70.9741,51.9914],[70.9741,51.9914],[70.9741,51.9914],[70.9741,51.9914],[70.9741,51.9914],[70.974,51.9914],[70.974,51.9914],[70.974,51.9914],[70.974,51.9914],[70.974,51.9914],[70.974,51.9914],[70.974,51.9914],[70.974,51.9914],[70.974,51.9914],[70.974,51.9914],[70.974,51.9914],[70.9739,51.9914],[70.9739,51.9914],[70.9721,51.9921],[70.9728,51.9927],[70.9729,51.9928],[70.973,51.9927],[70.9744,51.9922],[70.9744,51.9922],[70.9744,51.9922],[70.9744,51.9922],[70.9745,51.9922],[70.9745,51.9922],[70.9745,51.9922],[70.9745,51.9922],[70.9745,51.9922],[70.9745,51.9922],[70.9745,51.9922],[70.9745,51.9922],[70.9746,51.9922],[70.9746,51.9922],[70.9746,51.9922],[70.9746,51.9922],[70.9746,51.9922],[70.9746,51.9922],[70.9746,51.9922],[70.9746,51.9922],[70.9747,51.9922],[70.9747,51.9921],[70.9747,51.9921],[70.9747,51.9921],[70.9747,51.9921],[70.9747,51.9921],[70.9747,51.9921],[70.9747,51.9921],[70.9748,51.9921],[70.9748,51.9921],[70.9748,51.9921],[70.9748,51.9921],[70.9748,51.9921],[70.9748,51.9921],[70.9748,51.9921],[70.9748,51.9921],[70.9749,51.9921],[70.9749,51.9921],[70.9749,51.9921],[70.9749,51.9921],[70.9749,51.9921],[70.9749,51.9921],[70.9749,51.9921],[70.975,51.9921],[70.975,51.9921],[70.975,51.9921],[70.975,51.9921],[70.975,51.9921],[70.975,51.9921],[70.975,51.9921],[70.975,51.9921],[70.9751,51.9921],[70.9751,51.9921],[70.9751,51.9921],[70.9751,51.9921],[70.9751,51.9921],[70.9751,51.9921],[70.9751,51.9921],[70.9752,51.9921]]]],"type":"MultiPolygon"},"geometry_name":"shape","id":"gp_functional_zones.fid--7752831e_19fb67eabdc_7e09","properties":{"area":2.02610415844921,"creation_doc_id":3617,"deactivation_doc_id":null,"func_zone_status_id":3,"ggk_zone_code":"11010000","ggk_zone_name":"Территория усадебной застройки","gp_func_zone_code":"11010000","gp_func_zone_code_id":19,"id":4732086,"zone_type_id":8},"type":"Feature"},{"bbox":[70.9761,51.9923,70.9797,51.9931],"geometry":{"coordinates":[[[[70.9776,51.9923],[70.9761,51.9923],[70.9761,51.9931],[70.9761,51.9931],[70.9763,51.9931],[70.9797,51.9931],[70.9797,51.9923],[70.9776,51.9923]]]],"type":"MultiPolygon"},"geometry_name":"shape","id":"gp_functional_zones.fid--7752831e_19fb67eabdc_7e0a","properties":{"area":2.24377961733711,"creation_doc_id":3617,"deactivation_doc_id":null,"func_zone_status_id":3,"ggk_zone_code":"11010000","ggk_zone_name":"Территория усадебной застройки","gp_func_zone_code":"11010000","gp_func_zone_code_id":19,"id":4732087,"zone_type_id":8},"type":"Feature"},{"bbox":[70.9803,51.9914,70.9843,51.9932],"geometry":{"coordinates":[[[[70.9842,51.9914],[70.9803,51.9914],[70.9803,51.9931],[70.9841,51.9932],[70.9843,51.9932],[70.9843,51.9914],[70.9842,51.9914]]]],"type":"MultiPolygon"},"geometry_name":"shape","id":"gp_functional_zones.fid--7752831e_19fb67eabdc_7e0b","properties":{"area":5.41440914155265,"creation_doc_id":3617,"deactivation_doc_id":null,"func_zone_status_id":3,"ggk_zone_code":"11010000","ggk_zone_name":"Территория усадебной застройки","gp_func_zone_code":"11010000","gp_func_zone_code_id":19,"id":4732088,"zone_type_id":8},"type":"Feature"},{"bbox":[70.973,51.9923,70.9754,51.9937],"geometry":{"coordinates":[[[[70.9752,51.9923],[70.9752,51.9923],[70.9752,51.9923],[70.9752,51.9923],[70.9752,51.9923],[70.9752,51.9923],[70.9752,51.9923],[70.9751,51.9923],[70.9751,51.9923],[70.9751,51.9923],[70.9751,51.9923],[70.9751,51.9923],[70.9751,51.9923],[70.9751,51.9923],[70.9751,51.9923],[70.9751,51.9923],[70.9751,51.9923],[70.9751,51.9923],[70.9751,51.9923],[70.9751,51.9923],[70.9751,51.9923],[70.9751,51.9923],[70.9751,51.9923],[70.9751,51.9923],[70.9751,51.9923],[70.975,51.9923],[70.975,51.9923],[70.975,51.9923],[70.975,51.9923],[70.975,51.9923],[70.975,51.9923],[70.975,51.9923],[70.975,51.9923],[70.975,51.9923],[70.975,51.9923],[70.975,51.9923],[70.975,51.9923],[70.975,51.9923],[70.975,51.9923],[70.975,51.9923],[70.975,51.9923],[70.975,51.9923],[70.975,51.9923],[70.9749,51.9923],[70.9749,51.9923],[70.9749,51.9923],[70.9749,51.9923],[70.9749,51.9923],[70.9749,51.9923],[70.9749,51.9923],[70.9749,51.9923],[70.9749,51.9923],[70.9749,51.9923],[70.9749,51.9923],[70.9748,51.9923],[70.9748,51.9923],[70.9748,51.9923],[70.9748,51.9923],[70.9748,51.9923],[70.9748,51.9923],[70.9748,51.9923],[70.9748,51.9923],[70.9748,51.9923],[70.9748,51.9923],[70.9748,51.9923],[70.9748,51.9923],[70.9748,51.9923],[70.9748,51.9923],[70.9748,51.9923],[70.9748,51.9923],[70.9748,51.9923],[70.9747,51.9923],[70.9747,51.9923],[70.9747,51.9923],[70.9747,51.9923],[70.9747,51.9923],[70.9747,51.9923],[70.9747,51.9923],[70.9747,51.9923],[70.9747,51.9923],[70.9747,51.9923],[70.9747,51.9923],[70.9747,51.9923],[70.9747,51.9923],[70.9747,51.9923],[70.9747,51.9923],[70.9747,51.9923],[70.9747,51.9923],[70.9747,51.9923],[70.9747,51.9923],[70.9747,51.9923],[70.9746,51.9923],[70.9746,51.9924],[70.9746,51.9924],[70.9746,51.9924],[70.9746,51.9924],[70.9746,51.9924],[70.9746,51.9924],[70.9746,51.9924],[70.9746,51.9924],[70.9746,51.9924],[70.9746,51.9924],[70.9746,51.9924],[70.9746,51.9924],[70.9746,51.9924],[70.9746,51.9924],[70.9746,51.9924],[70.9746,51.9924],[70.9746,51.9924],[70.9746,51.9924],[70.9732,51.9929],[70.973,51.9929],[70.9731,51.993],[70.9738,51.9937],[70.9739,51.9936],[70.9751,51.9932],[70.9751,51.9932],[70.9751,51.9932],[70.9751,51.9932],[70.9751,51.9932],[70.9751,51.9932],[70.9751,51.9932],[70.9751,51.9932],[70.9751,51.9932],[70.9752,51.9932],[70.9752,51.9932],[70.9752,51.9932],[70.9752,51.9932],[70.9752,51.9932],[70.9752,51.9932],[70.9752,51.9932],[70.9752,51.9932],[70.9752,51.9932],[70.9752,51.9932],[70.9752,51.9932],[70.9752,51.9932],[70.9753,51.9932],[70.9753,51.9932],[70.9753,51.9932],[70.9753,51.9932],[70.9753,51.9932],[70.9753,51.9932],[70.9753,51.9932],[70.9753,51.9932],[70.9753,51.9932],[70.9753,51.9932],[70.9754,51.9931],[70.9754,51.9931],[70.9754,51.9931],[70.9754,51.993],[70.9754,51.9923],[70.9754,51.9923],[70.9752,51.9923],[70.9752,51.9923],[70.9752,51.9923],[70.9752,51.9923],[70.9752,51.9923],[70.9752,51.9923],[70.9752,51.9923],[70.9752,51.9923],[70.9752,51.9923],[70.9752,51.9923]]]],"type":"MultiPolygon"},"geometry_name":"shape","id":"gp_functional_zones.fid--7752831e_19fb67eabdc_7e0c","properties":{"area":1.51158004184773,"creation_doc_id":3617,"deactivation_doc_id":null,"func_zone_status_id":3,"ggk_zone_code":"11010000","ggk_zone_name":"Территория усадебной застройки","gp_func_zone_code":"11010000","gp_func_zone_code_id":19,"id":4732089,"zone_type_id":8},"type":"Feature"},{"bbox":[70.9761,51.9934,70.9797,51.9942],"geometry":{"coordinates":[[[[70.9763,51.9934],[70.9761,51.9934],[70.9761,51.9942],[70.9761,51.9942],[70.9797,51.9942],[70.9797,51.9941],[70.9797,51.9934],[70.9763,51.9934]]]],"type":"MultiPolygon"},"geometry_name":"shape","id":"gp_functional_zones.fid--7752831e_19fb67eabdc_7e0d","properties":{"area":2.29308405704806,"creation_doc_id":3617,"deactivation_doc_id":null,"func_zone_status_id":3,"ggk_zone_code":"11010000","ggk_zone_name":"Территория усадебной застройки","gp_func_zone_code":"11010000","gp_func_zone_code_id":19,"id":4732090,"zone_type_id":8},"type":"Feature"},{"bbox":[70.9456,51.9972,70.9474,51.9986],"geometry":{"coordinates":[[[[70.9471,51.998],[70.9471,51.998],[70.9471,51.998],[70.9471,51.998],[70.9471,51.998],[70.9472,51.998],[70.9472,51.998],[70.9472,51.998],[70.9472,51.998],[70.9472,51.998],[70.9473,51.998],[70.9474,51.9975],[70.9474,51.9975],[70.9474,51.9974],[70.9474,51.9974],[70.9474,51.9974],[70.9474,51.9972],[70.9473,51.9972],[70.9459,51.9972],[70.9456,51.9984],[70.9461,51.9986],[70.9465,51.9983],[70.9465,51.9982],[70.9465,51.9982],[70.9465,51.9982],[70.9465,51.9982],[70.9465,51.9982],[70.9465,51.9982],[70.9465,51.9982],[70.9465,51.9982],[70.9465,51.9982],[70.9465,51.9982],[70.9466,51.9982],[70.9466,51.9982],[70.9466,51.9982],[70.9466,51.9982],[70.9466,51.9982],[70.9466,51.9981],[70.9466,51.9981],[70.9466,51.9981],[70.9466,51.9981],[70.9466,51.9981],[70.9467,51.9981],[70.9467,51.9981],[70.9467,51.9981],[70.9467,51.9981],[70.9467,51.9981],[70.9467,51.9981],[70.9467,51.9981],[70.9467,51.9981],[70.9468,51.9981],[70.9468,51.9981],[70.9468,51.9981],[70.9468,51.9981],[70.9468,51.9981],[70.9468,51.9981],[70.9468,51.9981],[70.9468,51.9981],[70.9469,51.9981],[70.9469,51.9981],[70.9469,51.998],[70.9469,51.998],[70.9469,51.998],[70.9469,51.998],[70.9469,51.998],[70.9469,51.998],[70.947,51.998],[70.947,51.998],[70.947,51.998],[70.947,51.998],[70.947,51.998],[70.947,51.998],[70.947,51.998],[70.947,51.998],[70.9471,51.998],[70.9471,51.998],[70.9471,51.998]]]],"type":"MultiPolygon"},"geometry_name":"shape","id":"gp_functional_zones.fid--7752831e_19fb67eabdc_7e0e","properties":{"area":1.232067795928,"creation_doc_id":3617,"deactivation_doc_id":null,"func_zone_status_id":2,"ggk_zone_code":"11010000","ggk_zone_name":"Территория усадебной застройки","gp_func_zone_code":"11010000","gp_func_zone_code_id":19,"id":4732091,"zone_type_id":8},"type":"Feature"},{"bbox":[70.9745,51.9999,70.9761,52.0024],"geometry":{"coordinates":[[[[70.9755,52.0005],[70.9751,51.9999],[70.9745,52.0],[70.9746,52.0004],[70.9746,52.0006],[70.9746,52.0006],[70.9748,52.0014],[70.9751,52.0024],[70.9761,52.0023],[70.976,52.002],[70.9757,52.0012],[70.9757,52.0009],[70.9757,52.0008],[70.9756,52.0008],[70.9756,52.0008],[70.9756,52.0008],[70.9756,52.0007],[70.9756,52.0007],[70.9755,52.0005]]]],"type":"MultiPolygon"},"geometry_name":"shape","id":"gp_functional_zones.fid--7752831e_19fb67eabdc_7e0f","properties":{"area":1.71548789403928,"creation_doc_id":3617,"deactivation_doc_id":null,"func_zone_status_id":3,"ggk_zone_code":"11010000","ggk_zone_name":"Территория усадебной застройки","gp_func_zone_code":"11010000","gp_func_zone_code_id":19,"id":4732092,"zone_type_id":8},"type":"Feature"},{"bbox":[70.9736,52.0027,70.9751,52.0038],"geometry":{"coordinates":[[[[70.9751,52.0037],[70.9748,52.0027],[70.9736,52.0028],[70.9737,52.0033],[70.9739,52.0038],[70.9751,52.0037]]]],"type":"MultiPolygon"},"geometry_name":"shape","id":"gp_functional_zones.fid--7752831e_19fb67eabdc_7e10","properties":{"area":1.0044863144254,"creation_doc_id":3617,"deactivation_doc_id":null,"func_zone_status_id":3,"ggk_zone_code":"11010000","ggk_zone_name":"Территория усадебной застройки","gp_func_zone_code":"11010000","gp_func_zone_code_id":19,"id":4732093,"zone_type_id":8},"type":"Feature"},{"bbox":[70.9751,52.0025,70.9761,52.0048],"geometry":{"coordinates":[[[[70.9761,52.0027],[70.9761,52.0025],[70.9751,52.0026],[70.9754,52.0038],[70.9757,52.0048],[70.9759,52.0038],[70.9761,52.0028],[70.9761,52.0028],[70.9761,52.0028],[70.9761,52.0028],[70.9761,52.0028],[70.9761,52.0028],[70.9761,52.0028],[70.9761,52.0028],[70.9761,52.0028],[70.9761,52.0028],[70.9761,52.0028],[70.9761,52.0028],[70.9761,52.0027],[70.9761,52.0027],[70.9761,52.0027],[70.9761,52.0027],[70.9761,52.0027],[70.9761,52.0027],[70.9761,52.0027],[70.9761,52.0027],[70.9761,52.0027],[70.9761,52.0027],[70.9761,52.0027],[70.9761,52.0027],[70.9761,52.0027],[70.9761,52.0027],[70.9761,52.0027],[70.9761,52.0027],[70.9761,52.0027],[70.9761,52.0027],[70.9761,52.0027],[70.9761,52.0027],[70.9761,52.0027]]]],"type":"MultiPolygon"},"geometry_name":"shape","id":"gp_functional_zones.fid--7752831e_19fb67eabdc_7e11","properties":{"area":0.904232917168931,"creation_doc_id":3617,"deactivation_doc_id":null,"func_zone_status_id":3,"ggk_zone_code":"11010000","ggk_zone_name":"Территория усадебной застройки","gp_func_zone_code":"11010000","gp_func_zone_code_id":19,"id":4732094,"zone_type_id":8},"type":"Feature"},{"bbox":[70.9773,52.0028,70.9801,52.0056],"geometry":{"coordinates":[[[[70.9779,52.003],[70.9777,52.0028],[70.9773,52.0029],[70.9773,52.0029],[70.9775,52.0033],[70.9775,52.0033],[70.9779,52.0038],[70.978,52.0041],[70.9783,52.0045],[70.979,52.0056],[70.9801,52.0053],[70.9797,52.0049],[70.9796,52.0048],[70.9792,52.0044],[70.9789,52.0041],[70.9783,52.0035],[70.9779,52.003]]]],"type":"MultiPolygon"},"geometry_name":"shape","id":"gp_functional_zones.fid--7752831e_19fb67eabdc_7e12","properties":{"area":1.77204812589219,"creation_doc_id":3617,"deactivation_doc_id":null,"func_zone_status_id":3,"ggk_zone_code":"11010000","ggk_zone_name":"Территория усадебной застройки","gp_func_zone_code":"11010000","gp_func_zone_code_id":19,"id":4732095,"zone_type_id":8},"type":"Feature"},{"bbox":[70.9721,52.0029,70.974,52.0062],"geometry":{"coordinates":[[[[70.9733,52.0033],[70.9732,52.0029],[70.9721,52.003],[70.9722,52.0034],[70.9722,52.0034],[70.9722,52.0035],[70.9726,52.0048],[70.9727,52.0053],[70.9727,52.0054],[70.9727,52.0054],[70.9727,52.0054],[70.9729,52.0062],[70.973,52.0062],[70.973,52.0062],[70.973,52.0062],[70.973,52.0062],[70.9736,52.0061],[70.9736,52.0061],[70.974,52.0061],[70.974,52.0061],[70.9738,52.0053],[70.9738,52.0053],[70.9738,52.0052],[70.9738,52.0052],[70.9735,52.0039],[70.9735,52.0039],[70.9733,52.0034],[70.9733,52.0034],[70.9733,52.0034],[70.9733,52.0033]]]],"type":"MultiPolygon"},"geometry_name":"shape","id":"gp_functional_zones.fid--7752831e_19fb67eabdc_7e13","properties":{"area":2.71934910444153,"creation_doc_id":3617,"deactivation_doc_id":null,"func_zone_status_id":3,"ggk_zone_code":"11010000","ggk_zone_name":"Территория усадебной застройки","gp_func_zone_code":"11010000","gp_func_zone_code_id":19,"id":4732096,"zone_type_id":8},"type":"Feature"},{"bbox":[70.9791,52.0054,70.9809,52.0065],"geometry":{"coordinates":[[[[70.9802,52.0055],[70.9802,52.0054],[70.9791,52.0057],[70.9797,52.0065],[70.9809,52.0061],[70.9807,52.0059],[70.9806,52.0058],[70.9805,52.0058],[70.9805,52.0057],[70.9805,52.0057],[70.9804,52.0056],[70.9804,52.0056],[70.9803,52.0055],[70.9803,52.0055],[70.9802,52.0055]]]],"type":"MultiPolygon"},"geometry_name":"shape","id":"gp_functional_zones.fid--7752831e_19fb67eabdc_7e14","properties":{"area":0.76571042626969,"creation_doc_id":3617,"deactivation_doc_id":null,"func_zone_status_id":3,"ggk_zone_code":"11010000","ggk_zone_name":"Территория усадебной застройки","gp_func_zone_code":"11010000","gp_func_zone_code_id":19,"id":4732097,"zone_type_id":8},"type":"Feature"},{"bbox":[70.9763,52.0032,70.9778,52.0066],"geometry":{"coordinates":[[[[70.9776,52.0039],[70.9771,52.0032],[70.9767,52.0048],[70.9763,52.0065],[70.9772,52.0066],[70.9778,52.0042],[70.9776,52.0039]]]],"type":"MultiPolygon"},"geometry_name":"shape","id":"gp_functional_zones.fid--7752831e_19fb67eabdc_7e15","properties":{"area":2.01953629314719,"creation_doc_id":3617,"deactivation_doc_id":null,"func_zone_status_id":3,"ggk_zone_code":"11010000","ggk_zone_name":"Территория усадебной застройки","gp_func_zone_code":"11010000","gp_func_zone_code_id":19,"id":4732098,"zone_type_id":8},"type":"Feature"},{"bbox":[70.9789,52.0061,70.9794,52.0067],"geometry":{"coordinates":[[[[70.9794,52.0065],[70.979,52.0061],[70.9789,52.0067],[70.9794,52.0065]]]],"type":"MultiPolygon"},"geometry_name":"shape","id":"gp_functional_zones.fid--7752831e_19fb67eabdc_7e16","properties":{"area":0.124571382694992,"creation_doc_id":3617,"deactivation_doc_id":null,"func_zone_status_id":3,"ggk_zone_code":"11010000","ggk_zone_name":"Территория усадебной застройки","gp_func_zone_code":"11010000","gp_func_zone_code_id":19,"id":4732099,"zone_type_id":8},"type":"Feature"},{"bbox":[70.9775,52.0045,70.9788,52.0067],"geometry":{"coordinates":[[[[70.978,52.0046],[70.978,52.0045],[70.9777,52.0055],[70.9775,52.0066],[70.9785,52.0067],[70.9785,52.0067],[70.9785,52.0067],[70.9785,52.0067],[70.9786,52.0067],[70.9786,52.0067],[70.9786,52.0067],[70.9786,52.0067],[70.9786,52.0067],[70.9788,52.0059],[70.9788,52.0059],[70.9788,52.0058],[70.9788,52.0058],[70.978,52.0046]]]],"type":"MultiPolygon"},"geometry_name":"shape","id":"gp_functional_zones.fid--7752831e_19fb67eabdc_7e17","properties":{"area":1.39285842986545,"creation_doc_id":3617,"deactivation_doc_id":null,"func_zone_status_id":3,"ggk_zone_code":"11010000","ggk_zone_name":"Территория усадебной застройки","gp_func_zone_code":"11010000","gp_func_zone_code_id":19,"id":4732100,"zone_type_id":8},"type":"Feature"},{"bbox":[70.9743,52.0053,70.9755,52.0077],"geometry":{"coordinates":[[[[70.9755,52.0053],[70.9755,52.0053],[70.9743,52.0054],[70.9745,52.0061],[70.9749,52.0077],[70.975,52.0077],[70.975,52.0077],[70.9753,52.0064],[70.9754,52.0059],[70.9755,52.0054],[70.9755,52.0054],[70.9755,52.0054],[70.9755,52.0054],[70.9755,52.0054],[70.9755,52.0054],[70.9755,52.0054],[70.9755,52.0054],[70.9755,52.0054],[70.9755,52.0054],[70.9755,52.0054],[70.9755,52.0054],[70.9755,52.0054],[70.9755,52.0054],[70.9755,52.0054],[70.9755,52.0054],[70.9755,52.0054],[70.9755,52.0054],[70.9755,52.0054],[70.9755,52.0054],[70.9755,52.0053],[70.9755,52.0053],[70.9755,52.0053],[70.9755,52.0053],[70.9755,52.0053],[70.9755,52.0053],[70.9755,52.0053],[70.9755,52.0053],[70.9755,52.0053],[70.9755,52.0053],[70.9755,52.0053],[70.9755,52.0053],[70.9755,52.0053],[70.9755,52.0053]]]],"type":"MultiPolygon"},"geometry_name":"shape","id":"gp_functional_zones.fid--7752831e_19fb67eabdc_7e18","properties":{"area":1.2719836268022,"creation_doc_id":3617,"deactivation_doc_id":null,"func_zone_status_id":3,"ggk_zone_code":"11010000","ggk_zone_name":"Территория усадебной застройки","gp_func_zone_code":"11010000","gp_func_zone_code_id":19,"id":4732101,"zone_type_id":8},"type":"Feature"},{"bbox":[70.9798,52.0063,70.982,52.0077],"geometry":{"coordinates":[[[[70.982,52.0073],[70.981,52.0063],[70.9798,52.0066],[70.9807,52.0077],[70.982,52.0073]]]],"type":"MultiPolygon"},"geometry_name":"shape","id":"gp_functional_zones.fid--7752831e_19fb67eabdc_7e19","properties":{"area":1.27609457821602,"creation_doc_id":3617,"deactivation_doc_id":null,"func_zone_status_id":3,"ggk_zone_code":"11010000","ggk_zone_name":"Территория усадебной застройки","gp_func_zone_code":"11010000","gp_func_zone_code_id":19,"id":4732102,"zone_type_id":8},"type":"Feature"},{"bbox":[70.9785,52.0067,70.9804,52.0083],"geometry":{"coordinates":[[[[70.9804,52.0078],[70.9796,52.0067],[70.979,52.0069],[70.979,52.0069],[70.979,52.0069],[70.979,52.0069],[70.979,52.0069],[70.9789,52.0069],[70.9789,52.0069],[70.9789,52.0069],[70.9789,52.0069],[70.9789,52.0069],[70.9789,52.0069],[70.9789,52.0069],[70.9789,52.0069],[70.9789,52.0069],[70.9789,52.0069],[70.9789,52.0069],[70.9789,52.0069],[70.9785,52.0083],[70.9804,52.0078]]]],"type":"MultiPolygon"},"geometry_name":"shape","id":"gp_functional_zones.fid--7752831e_19fb67eabdc_7e1a","properties":{"area":1.34173092022669,"creation_doc_id":3617,"deactivation_doc_id":null,"func_zone_status_id":3,"ggk_zone_code":"11010000","ggk_zone_name":"Территория усадебной застройки","gp_func_zone_code":"11010000","gp_func_zone_code_id":19,"id":4732103,"zone_type_id":8},"type":"Feature"},{"bbox":[70.977,52.0068,70.9786,52.0084],"geometry":{"coordinates":[[[[70.9785,52.0069],[70.9774,52.0068],[70.977,52.0084],[70.9782,52.0084],[70.9782,52.0084],[70.9782,52.0084],[70.9782,52.0084],[70.9782,52.0084],[70.9786,52.0069],[70.9785,52.0069],[70.9785,52.0069],[70.9785,52.0069],[70.9785,52.0069],[70.9785,52.0069],[70.9785,52.0069],[70.9785,52.0069],[70.9785,52.0069]]]],"type":"MultiPolygon"},"geometry_name":"shape","id":"gp_functional_zones.fid--7752831e_19fb67eabdc_7e1b","properties":{"area":1.39108572714698,"creation_doc_id":3617,"deactivation_doc_id":null,"func_zone_status_id":3,"ggk_zone_code":"11010000","ggk_zone_name":"Территория усадебной застройки","gp_func_zone_code":"11010000","gp_func_zone_code_id":19,"id":4732104,"zone_type_id":8},"type":"Feature"},{"bbox":[70.9759,52.0067,70.9772,52.0085],"geometry":{"coordinates":[[[[70.9772,52.0068],[70.9763,52.0067],[70.9759,52.0085],[70.9768,52.0084],[70.9772,52.0068]]]],"type":"MultiPolygon"},"geometry_name":"shape","id":"gp_functional_zones.fid--7752831e_19fb67eabdc_7e1c","properties":{"area":1.18747596347585,"creation_doc_id":3617,"deactivation_doc_id":null,"func_zone_status_id":3,"ggk_zone_code":"11010000","ggk_zone_name":"Территория усадебной застройки","gp_func_zone_code":"11010000","gp_func_zone_code_id":19,"id":4732105,"zone_type_id":8},"type":"Feature"},{"bbox":[70.9722,52.0062,70.9747,52.0085],"geometry":{"coordinates":[[[[70.9747,52.0085],[70.9741,52.0062],[70.9731,52.0063],[70.973,52.0063],[70.973,52.0063],[70.973,52.0063],[70.973,52.0063],[70.973,52.0063],[70.973,52.0063],[70.973,52.0063],[70.973,52.0063],[70.9732,52.007],[70.9732,52.007],[70.9732,52.007],[70.9732,52.007],[70.9732,52.007],[70.9732,52.0071],[70.9732,52.0071],[70.9732,52.0071],[70.9732,52.0071],[70.9732,52.0071],[70.9732,52.0071],[70.9732,52.0071],[70.9732,52.0071],[70.9732,52.0071],[70.9732,52.0071],[70.9732,52.0071],[70.9732,52.0071],[70.9732,52.0071],[70.9732,52.0071],[70.9732,52.0071],[70.9732,52.0071],[70.9732,52.0071],[70.9732,52.0071],[70.9732,52.0071],[70.9732,52.0071],[70.9732,52.0072],[70.9732,52.0072],[70.9732,52.0072],[70.9732,52.0072],[70.9732,52.0072],[70.9732,52.0072],[70.9732,52.0072],[70.9732,52.0072],[70.9732,52.0072],[70.9732,52.0072],[70.9732,52.0072],[70.9732,52.0072],[70.9732,52.0072],[70.9732,52.0072],[70.9732,52.0072],[70.9732,52.0072],[70.9732,52.0072],[70.9732,52.0072],[70.9732,52.0072],[70.9732,52.0072],[70.9731,52.0073],[70.9731,52.0073],[70.9731,52.0073],[70.9731,52.0073],[70.9731,52.0073],[70.9731,52.0073],[70.9731,52.0073],[70.9731,52.0073],[70.9731,52.0073],[70.9731,52.0073],[70.9731,52.0073],[70.9731,52.0073],[70.9731,52.0073],[70.9731,52.0073],[70.9731,52.0073],[70.9731,52.0073],[70.9731,52.0073],[70.9731,52.0073],[70.9731,52.0073],[70.9731,52.0073],[70.9724,52.0084],[70.9722,52.0085],[70.9747,52.0085]]]],"type":"MultiPolygon"},"geometry_name":"shape","id":"gp_functional_zones.fid--7752831e_19fb67eabdc_7e1d","properties":{"area":2.56348394788511,"creation_doc_id":3617,"deactivation_doc_id":null,"func_zone_status_id":3,"ggk_zone_code":"11010000","ggk_zone_name":"Территория усадебной застройки","gp_func_zone_code":"11010000","gp_func_zone_code_id":19,"id":4732106,"zone_type_id":8},"type":"Feature"},{"bbox":[70.9808,52.0074,70.983,52.0087],"geometry":{"coordinates":[[[[70.983,52.0082],[70.9822,52.0074],[70.9808,52.0078],[70.9815,52.0087],[70.983,52.0082]]]],"type":"MultiPolygon"},"geometry_name":"shape","id":"gp_functional_zones.fid--7752831e_19fb67eabdc_7e1e","properties":{"area":1.13238113731608,"creation_doc_id":3617,"deactivation_doc_id":null,"func_zone_status_id":3,"ggk_zone_code":"11010000","ggk_zone_name":"Территория усадебной застройки","gp_func_zone_code":"11010000","gp_func_zone_code_id":19,"id":4732107,"zone_type_id":8},"type":"Feature"},{"bbox":[70.9817,52.0084,70.9838,52.0094],"geometry":{"coordinates":[[[[70.9838,52.009],[70.9831,52.0084],[70.9817,52.0088],[70.9822,52.0094],[70.9838,52.009]]]],"type":"MultiPolygon"},"geometry_name":"shape","id":"gp_functional_zones.fid--7752831e_19fb67eabdc_7e1f","properties":{"area":0.910394186693117,"creation_doc_id":3617,"deactivation_doc_id":null,"func_zone_status_id":3,"ggk_zone_code":"11010000","ggk_zone_name":"Территория усадебной застройки","gp_func_zone_code":"11010000","gp_func_zone_code_id":19,"id":4732108,"zone_type_id":8},"type":"Feature"},{"bbox":[70.9791,52.0079,70.9819,52.01],"geometry":{"coordinates":[[[[70.9813,52.0088],[70.9806,52.0079],[70.9791,52.0084],[70.9804,52.01],[70.9819,52.0095],[70.9813,52.0088]]]],"type":"MultiPolygon"},"geometry_name":"shape","id":"gp_functional_zones.fid--7752831e_19fb67eabdc_7e20","properties":{"area":2.32351014943497,"creation_doc_id":3617,"deactivation_doc_id":null,"func_zone_status_id":3,"ggk_zone_code":"11010000","ggk_zone_name":"Территория усадебной застройки","gp_func_zone_code":"11010000","gp_func_zone_code_id":19,"id":4732109,"zone_type_id":8},"type":"Feature"},{"bbox":[70.9824,52.0093,70.9849,52.0106],"geometry":{"coordinates":[[[[70.9849,52.01],[70.9841,52.0093],[70.9824,52.0098],[70.9831,52.0106],[70.9849,52.01]]]],"type":"MultiPolygon"},"geometry_name":"shape","id":"gp_functional_zones.fid--7752831e_19fb67eabdc_7e21","properties":{"area":1.32734149260031,"creation_doc_id":3617,"deactivation_doc_id":null,"func_zone_status_id":3,"ggk_zone_code":"11010000","ggk_zone_name":"Территория усадебной застройки","gp_func_zone_code":"11010000","gp_func_zone_code_id":19,"id":4732110,"zone_type_id":8},"type":"Feature"},{"bbox":[70.9765,52.0086,70.9782,52.0107],"geometry":{"coordinates":[[[[70.9778,52.0101],[70.9782,52.0086],[70.9782,52.0086],[70.977,52.0086],[70.9765,52.0107],[70.9767,52.0107],[70.9767,52.0107],[70.9767,52.0107],[70.9767,52.0107],[70.9767,52.0107],[70.9767,52.0107],[70.9767,52.0107],[70.9767,52.0106],[70.9767,52.0106],[70.9768,52.0106],[70.9768,52.0105],[70.9769,52.0105],[70.977,52.0104],[70.977,52.0104],[70.9771,52.0103],[70.9772,52.0103],[70.9772,52.0102],[70.9773,52.0102],[70.9774,52.0102],[70.9775,52.0102],[70.9776,52.0102],[70.9777,52.0101],[70.9777,52.0101],[70.9778,52.0101],[70.9778,52.0101]]]],"type":"MultiPolygon"},"geometry_name":"shape","id":"gp_functional_zones.fid--7752831e_19fb67eabdc_7e22","properties":{"area":1.55786483726001,"creation_doc_id":3617,"deactivation_doc_id":null,"func_zone_status_id":3,"ggk_zone_code":"11010000","ggk_zone_name":"Территория усадебной застройки","gp_func_zone_code":"11010000","gp_func_zone_code_id":19,"id":4732111,"zone_type_id":8},"type":"Feature"},{"bbox":[70.9754,52.0086,70.9768,52.0107],"geometry":{"coordinates":[[[[70.9763,52.0107],[70.9768,52.0086],[70.9756,52.0086],[70.9754,52.0097],[70.9757,52.0107],[70.9763,52.0107]]]],"type":"MultiPolygon"},"geometry_name":"shape","id":"gp_functional_zones.fid--7752831e_19fb67eabdc_7e23","properties":{"area":1.58895102964943,"creation_doc_id":3617,"deactivation_doc_id":null,"func_zone_status_id":3,"ggk_zone_code":"11010000","ggk_zone_name":"Территория усадебной застройки","gp_func_zone_code":"11010000","gp_func_zone_code_id":19,"id":4732112,"zone_type_id":8},"type":"Feature"},{"bbox":[70.974,52.0087,70.9748,52.0108],"geometry":{"coordinates":[[[[70.9748,52.009],[70.9747,52.0087],[70.9745,52.0087],[70.974,52.0108],[70.974,52.0108],[70.9744,52.0108],[70.9745,52.0108],[70.9748,52.009]]]],"type":"MultiPolygon"},"geometry_name":"shape","id":"gp_functional_zones.fid--7752831e_19fb67eabdc_7e24","properties":{"area":0.666176677229264,"creation_doc_id":3617,"deactivation_doc_id":null,"func_zone_status_id":3,"ggk_zone_code":"11010000","ggk_zone_name":"Территория усадебной застройки","gp_func_zone_code":"11010000","gp_func_zone_code_id":19,"id":4732113,"zone_type_id":8},"type":"Feature"},{"bbox":[70.9728,52.0087,70.9743,52.0108],"geometry":{"coordinates":[[[[70.9737,52.0108],[70.9743,52.0087],[70.9734,52.0087],[70.9728,52.0108],[70.9737,52.0108],[70.9737,52.0108]]]],"type":"MultiPolygon"},"geometry_name":"shape","id":"gp_functional_zones.fid--7752831e_19fb67eabdc_7e25","properties":{"area":1.44375081903919,"creation_doc_id":3617,"deactivation_doc_id":null,"func_zone_status_id":3,"ggk_zone_code":"11010000","ggk_zone_name":"Территория усадебной застройки","gp_func_zone_code":"11010000","gp_func_zone_code_id":19,"id":4732114,"zone_type_id":8},"type":"Feature"},{"bbox":[70.9716,52.0087,70.9731,52.0108],"geometry":{"coordinates":[[[[70.9726,52.0108],[70.9731,52.0087],[70.9721,52.0087],[70.9721,52.0087],[70.9721,52.0087],[70.9721,52.0087],[70.9721,52.0087],[70.972,52.0092],[70.9719,52.0095],[70.9716,52.0105],[70.9717,52.0105],[70.9718,52.0105],[70.9718,52.0106],[70.9719,52.0106],[70.972,52.0106],[70.972,52.0107],[70.9721,52.0107],[70.9721,52.0108],[70.9722,52.0108],[70.9726,52.0108],[70.9726,52.0108]]]],"type":"MultiPolygon"},"geometry_name":"shape","id":"gp_functional_zones.fid--7752831e_19fb67eabdc_7e26","properties":{"area":1.60128132454599,"creation_doc_id":3617,"deactivation_doc_id":null,"func_zone_status_id":3,"ggk_zone_code":"11010000","ggk_zone_name":"Территория усадебной застройки","gp_func_zone_code":"11010000","gp_func_zone_code_id":19,"id":4732115,"zone_type_id":8},"type":"Feature"},{"bbox":[70.9806,52.0099,70.9828,52.0111],"geometry":{"coordinates":[[[[70.9828,52.0107],[70.9822,52.0099],[70.9806,52.0103],[70.9813,52.0111],[70.9828,52.0107]]]],"type":"MultiPolygon"},"geometry_name":"shape","id":"gp_functional_zones.fid--7752831e_19fb67eabdc_7e27","properties":{"area":1.15379659230499,"creation_doc_id":3617,"deactivation_doc_id":null,"func_zone_status_id":3,"ggk_zone_code":"11010000","ggk_zone_name":"Территория усадебной застройки","gp_func_zone_code":"11010000","gp_func_zone_code_id":19,"id":4732116,"zone_type_id":8},"type":"Feature"},{"bbox":[70.9835,52.0104,70.9866,52.0121],"geometry":{"coordinates":[[[[70.9853,52.0104],[70.9853,52.0104],[70.9835,52.011],[70.9844,52.0121],[70.9866,52.0115],[70.9866,52.0115],[70.9866,52.0115],[70.9865,52.0115],[70.9865,52.0115],[70.9865,52.0115],[70.9865,52.0115],[70.9865,52.0115],[70.9865,52.0114],[70.9865,52.0114],[70.9865,52.0114],[70.9865,52.0114],[70.9865,52.0114],[70.9865,52.0114],[70.9865,52.0114],[70.9865,52.0114],[70.9865,52.0114],[70.9865,52.0114],[70.9865,52.0114],[70.9865,52.0114],[70.9864,52.0114],[70.9864,52.0114],[70.9864,52.0114],[70.9864,52.0114],[70.9864,52.0114],[70.9864,52.0114],[70.9864,52.0114],[70.9864,52.0114],[70.9864,52.0114],[70.9864,52.0114],[70.9864,52.0114],[70.9864,52.0114],[70.9864,52.0113],[70.9864,52.0113],[70.9864,52.0113],[70.9864,52.0113],[70.9864,52.0113],[70.9864,52.0113],[70.9863,52.0113],[70.9863,52.0113],[70.9863,52.0113],[70.9863,52.0113],[70.9863,52.0113],[70.9863,52.0113],[70.9863,52.0113],[70.9863,52.0113],[70.9863,52.0113],[70.9863,52.0113],[70.9863,52.0113],[70.9863,52.0113],[70.9863,52.0113],[70.9863,52.0113],[70.9863,52.0113],[70.9863,52.0113],[70.9863,52.0113],[70.9863,52.0112],[70.9862,52.0112],[70.9862,52.0112],[70.9862,52.0112],[70.9862,52.0112],[70.9862,52.0112],[70.9862,52.0112],[70.9862,52.0112],[70.9862,52.0112],[70.9862,52.0112],[70.9862,52.0112],[70.9862,52.0112],[70.9862,52.0112],[70.9862,52.0112],[70.9862,52.0112],[70.9862,52.0112],[70.9862,52.0112],[70.9861,52.0112],[70.9861,52.0112],[70.9861,52.0111],[70.9861,52.0111],[70.9861,52.0111],[70.9861,52.0111],[70.9861,52.0111],[70.9861,52.0111],[70.9861,52.0111],[70.9861,52.0111],[70.9861,52.0111],[70.9861,52.0111],[70.9861,52.0111],[70.9861,52.0111],[70.986,52.0111],[70.986,52.0111],[70.986,52.0111],[70.986,52.0111],[70.986,52.011],[70.986,52.011],[70.986,52.011],[70.986,52.011],[70.986,52.011],[70.986,52.011],[70.986,52.011],[70.986,52.011],[70.986,52.011],[70.986,52.011],[70.9859,52.011],[70.9859,52.011],[70.9859,52.011],[70.9859,52.011],[70.9859,52.011],[70.9859,52.011],[70.9859,52.0109],[70.9859,52.0109],[70.9859,52.0109],[70.9859,52.0109],[70.9859,52.0109],[70.9859,52.0109],[70.9859,52.0109],[70.9859,52.0109],[70.9858,52.0109],[70.9858,52.0109],[70.9858,52.0109],[70.9858,52.0109],[70.9858,52.0109],[70.9858,52.0109],[70.9858,52.0109],[70.9858,52.0109],[70.9858,52.0108],[70.9858,52.0108],[70.9858,52.0108],[70.9858,52.0108],[70.9858,52.0108],[70.9858,52.0108],[70.9857,52.0108],[70.9857,52.0108],[70.9857,52.0108],[70.9857,52.0108],[70.9857,52.0108],[70.9857,52.0108],[70.9857,52.0108],[70.9857,52.0108],[70.9857,52.0108],[70.9857,52.0108],[70.9857,52.0107],[70.9857,52.0107],[70.9857,52.0107],[70.9857,52.0107],[70.9856,52.0107],[70.9856,52.0107],[70.9856,52.0107],[70.9856,52.0107],[70.9856,52.0107],[70.9856,52.0107],[70.9856,52.0107],[70.9856,52.0107],[70.9856,52.0107],[70.9856,52.0107],[70.9856,52.0107],[70.9856,52.0107],[70.9856,52.0106],[70.9856,52.0106],[70.9855,52.0106],[70.9855,52.0106],[70.9855,52.0106],[70.9855,52.0106],[70.9855,52.0106],[70.9855,52.0106],[70.9855,52.0106],[70.9855,52.0106],[70.9855,52.0106],[70.9855,52.0106],[70.9855,52.0106],[70.9855,52.0106],[70.9855,52.0106],[70.9855,52.0106],[70.9855,52.0105],[70.9854,52.0105],[70.9854,52.0105],[70.9854,52.0105],[70.9854,52.0105],[70.9854,52.0105],[70.9854,52.0105],[70.9854,52.0105],[70.9854,52.0105],[70.9854,52.0105],[70.9854,52.0105],[70.9854,52.0105],[70.9854,52.0105],[70.9854,52.0105],[70.9854,52.0105],[70.9853,52.0105],[70.9853,52.0104],[70.9853,52.0104],[70.9853,52.0104],[70.9853,52.0104],[70.9853,52.0104],[70.9853,52.0104]]]],"type":"MultiPolygon"},"geometry_name":"shape","id":"gp_functional_zones.fid--7752831e_19fb67eabdc_7e28","properties":{"area":2.19416326325102,"creation_doc_id":3617,"deactivation_doc_id":null,"func_zone_status_id":3,"ggk_zone_code":"11010000","ggk_zone_name":"Территория усадебной застройки","gp_func_zone_code":"11010000","gp_func_zone_code_id":19,"id":4732121,"zone_type_id":8},"type":"Feature"},{"bbox":[70.9816,52.0111,70.984,52.0127],"geometry":{"coordinates":[[[[70.984,52.0123],[70.9831,52.0111],[70.9816,52.0116],[70.9825,52.0127],[70.984,52.0123]]]],"type":"MultiPolygon"},"geometry_name":"shape","id":"gp_functional_zones.fid--7752831e_19fb67eabdc_7e29","properties":{"area":1.59765616855033,"creation_doc_id":3617,"deactivation_doc_id":null,"func_zone_status_id":3,"ggk_zone_code":"11010000","ggk_zone_name":"Территория усадебной застройки","gp_func_zone_code":"11010000","gp_func_zone_code_id":19,"id":4732122,"zone_type_id":8},"type":"Feature"},{"bbox":[70.9734,52.0113,70.9764,52.0131],"geometry":{"coordinates":[[[[70.9756,52.0116],[70.9753,52.0113],[70.9734,52.0113],[70.9734,52.0113],[70.9741,52.0121],[70.9741,52.0121],[70.9741,52.0122],[70.9748,52.0131],[70.9748,52.0131],[70.9764,52.0126],[70.9756,52.0117],[70.9756,52.0116],[70.9756,52.0116]]]],"type":"MultiPolygon"},"geometry_name":"shape","id":"gp_functional_zones.fid--7752831e_19fb67eabdc_7e2a","properties":{"area":2.23319932880175,"creation_doc_id":3617,"deactivation_doc_id":null,"func_zone_status_id":3,"ggk_zone_code":"11010000","ggk_zone_name":"Территория усадебной застройки","gp_func_zone_code":"11010000","gp_func_zone_code_id":19,"id":4732123,"zone_type_id":8},"type":"Feature"},{"bbox":[70.9792,52.0116,70.9823,52.0131],"geometry":{"coordinates":[[[[70.9823,52.0128],[70.9814,52.0116],[70.9798,52.0121],[70.9792,52.0123],[70.9796,52.0128],[70.9806,52.0125],[70.9811,52.0131],[70.9823,52.0128]]]],"type":"MultiPolygon"},"geometry_name":"shape","id":"gp_functional_zones.fid--7752831e_19fb67eabdc_7e2b","properties":{"area":1.76235734243721,"creation_doc_id":3617,"deactivation_doc_id":null,"func_zone_status_id":3,"ggk_zone_code":"11010000","ggk_zone_name":"Территория усадебной застройки","gp_func_zone_code":"11010000","gp_func_zone_code_id":19,"id":4732124,"zone_type_id":8},"type":"Feature"},{"bbox":[70.9846,52.0117,70.9881,52.0134],"geometry":{"coordinates":[[[[70.9869,52.0117],[70.9869,52.0117],[70.9846,52.0124],[70.9846,52.0124],[70.9846,52.0124],[70.9846,52.0124],[70.9846,52.0124],[70.9846,52.0124],[70.9846,52.0124],[70.9846,52.0124],[70.9846,52.0124],[70.9846,52.0124],[70.9846,52.0124],[70.9846,52.0124],[70.9846,52.0124],[70.9846,52.0124],[70.9846,52.0124],[70.9846,52.0124],[70.9846,52.0125],[70.9846,52.0125],[70.9846,52.0125],[70.9847,52.0125],[70.9847,52.0125],[70.9847,52.0125],[70.9847,52.0125],[70.9847,52.0125],[70.9847,52.0125],[70.9847,52.0125],[70.9847,52.0125],[70.9847,52.0125],[70.9847,52.0125],[70.9847,52.0125],[70.9847,52.0125],[70.9847,52.0125],[70.9847,52.0125],[70.9847,52.0125],[70.9847,52.0125],[70.9847,52.0125],[70.9847,52.0126],[70.9847,52.0126],[70.9847,52.0126],[70.9847,52.0126],[70.9847,52.0126],[70.9847,52.0126],[70.9847,52.0126],[70.9847,52.0126],[70.9847,52.0126],[70.9847,52.0126],[70.9847,52.0126],[70.9847,52.0126],[70.9847,52.0126],[70.9847,52.0126],[70.9847,52.0126],[70.9847,52.0126],[70.9847,52.0126],[70.9847,52.0126],[70.9847,52.0126],[70.9848,52.0127],[70.9848,52.0127],[70.9848,52.0127],[70.9848,52.0127],[70.9848,52.0127],[70.9848,52.0127],[70.9848,52.0127],[70.9848,52.0127],[70.9848,52.0127],[70.9848,52.0127],[70.9848,52.0127],[70.9848,52.0127],[70.9848,52.0127],[70.9848,52.0127],[70.9848,52.0127],[70.9848,52.0127],[70.9848,52.0127],[70.9848,52.0127],[70.9848,52.0127],[70.9848,52.0127],[70.9848,52.0127],[70.9848,52.0128],[70.9848,52.0128],[70.9848,52.0128],[70.9848,52.0128],[70.9848,52.0128],[70.9848,52.0128],[70.9848,52.0128],[70.9848,52.0128],[70.9848,52.0128],[70.9848,52.0128],[70.9848,52.0128],[70.9848,52.0128],[70.9848,52.0128],[70.9848,52.0128],[70.9848,52.0128],[70.9848,52.0128],[70.9848,52.0128],[70.9848,52.0128],[70.9848,52.0128],[70.9848,52.0128],[70.9848,52.0128],[70.9848,52.0128],[70.9848,52.0129],[70.9848,52.0129],[70.9848,52.0129],[70.9848,52.0129],[70.9848,52.0129],[70.9848,52.0129],[70.9848,52.0129],[70.9848,52.0129],[70.9848,52.0129],[70.9848,52.0129],[70.9848,52.0129],[70.9848,52.0129],[70.9848,52.0129],[70.9848,52.0129],[70.9848,52.0129],[70.9848,52.0129],[70.9848,52.0129],[70.9848,52.0129],[70.9848,52.0129],[70.9848,52.0129],[70.9848,52.0129],[70.9848,52.0129],[70.9848,52.013],[70.9848,52.013],[70.9848,52.013],[70.9848,52.013],[70.9848,52.013],[70.9848,52.013],[70.9848,52.013],[70.9848,52.013],[70.9848,52.013],[70.9848,52.013],[70.9848,52.013],[70.9848,52.013],[70.9848,52.013],[70.9848,52.013],[70.9848,52.013],[70.9848,52.013],[70.9848,52.013],[70.9848,52.013],[70.9849,52.013],[70.9849,52.013],[70.9849,52.013],[70.9849,52.013],[70.9849,52.0131],[70.9849,52.0131],[70.9849,52.0131],[70.9849,52.0131],[70.9849,52.0131],[70.9849,52.0131],[70.9849,52.0131],[70.9849,52.0131],[70.9849,52.0131],[70.9849,52.0131],[70.9849,52.0131],[70.9849,52.0131],[70.9849,52.0131],[70.9848,52.0131],[70.9848,52.0131],[70.9848,52.0131],[70.9848,52.0131],[70.9848,52.0131],[70.9848,52.0131],[70.9848,52.0131],[70.9848,52.0131],[70.9848,52.0131],[70.9848,52.0132],[70.9848,52.0132],[70.9848,52.0132],[70.9848,52.0132],[70.9848,52.0132],[70.9848,52.0132],[70.9848,52.0132],[70.9848,52.0132],[70.9848,52.0132],[70.9848,52.0132],[70.9848,52.0132],[70.9848,52.0132],[70.9848,52.0132],[70.9848,52.0132],[70.9848,52.0132],[70.9848,52.0132],[70.9848,52.0132],[70.9848,52.0132],[70.9848,52.0132],[70.9848,52.0132],[70.9848,52.0132],[70.9848,52.0132],[70.9848,52.0133],[70.9848,52.0133],[70.9848,52.0133],[70.9848,52.0133],[70.9848,52.0133],[70.9848,52.0133],[70.9848,52.0133],[70.9859,52.0134],[70.9862,52.0133],[70.9865,52.0132],[70.9868,52.013],[70.9871,52.0129],[70.9874,52.0128],[70.9877,52.0127],[70.988,52.0126],[70.988,52.0126],[70.988,52.0125],[70.988,52.0125],[70.988,52.0125],[70.988,52.0125],[70.988,52.0125],[70.988,52.0124],[70.988,52.0124],[70.988,52.0124],[70.988,52.0124],[70.988,52.0124],[70.988,52.0123],[70.988,52.0123],[70.9881,52.0123],[70.9881,52.0123],[70.9881,52.0123],[70.9881,52.0122],[70.9881,52.0122],[70.9875,52.012],[70.9875,52.012],[70.9875,52.012],[70.9875,52.012],[70.9875,52.012],[70.9875,52.012],[70.9875,52.012],[70.9875,52.012],[70.9875,52.012],[70.9874,52.012],[70.9874,52.012],[70.9874,52.012],[70.9874,52.012],[70.9874,52.012],[70.9874,52.012],[70.9874,52.012],[70.9874,52.012],[70.9874,52.0119],[70.9873,52.0119],[70.9873,52.0119],[70.9873,52.0119],[70.9873,52.0119],[70.9873,52.0119],[70.9873,52.0119],[70.9873,52.0119],[70.9873,52.0119],[70.9873,52.0119],[70.9873,52.0119],[70.9872,52.0119],[70.9872,52.0119],[70.9872,52.0119],[70.9872,52.0119],[70.9872,52.0119],[70.9872,52.0119],[70.9872,52.0119],[70.9872,52.0119],[70.9872,52.0118],[70.9871,52.0118],[70.9871,52.0118],[70.9871,52.0118],[70.9871,52.0118],[70.9871,52.0118],[70.9871,52.0118],[70.9871,52.0118],[70.9871,52.0118],[70.9871,52.0118],[70.9871,52.0118],[70.987,52.0118],[70.987,52.0118],[70.987,52.0118],[70.987,52.0118],[70.987,52.0118],[70.987,52.0118],[70.987,52.0118],[70.987,52.0117],[70.987,52.0117],[70.987,52.0117],[70.9869,52.0117],[70.9869,52.0117],[70.9869,52.0117],[70.9869,52.0117],[70.9869,52.0117],[70.9869,52.0117],[70.9869,52.0117]]]],"type":"MultiPolygon"},"geometry_name":"shape","id":"gp_functional_zones.fid--7752831e_19fb67eabdc_7e2c","properties":{"area":2.75857608485889,"creation_doc_id":3617,"deactivation_doc_id":null,"func_zone_status_id":3,"ggk_zone_code":"11010000","ggk_zone_name":"Территория усадебной застройки","gp_func_zone_code":"11010000","gp_func_zone_code_id":19,"id":4732130,"zone_type_id":8},"type":"Feature"},{"bbox":[70.9774,52.0124,70.9798,52.0139],"geometry":{"coordinates":[[[[70.9782,52.0139],[70.979,52.0137],[70.9791,52.0138],[70.9791,52.0138],[70.9798,52.0135],[70.9789,52.0124],[70.9774,52.0129],[70.9782,52.0139]]]],"type":"MultiPolygon"},"geometry_name":"shape","id":"gp_functional_zones.fid--7752831e_19fb67eabdc_7e2d","properties":{"area":1.59191568932351,"creation_doc_id":3617,"deactivation_doc_id":null,"func_zone_status_id":3,"ggk_zone_code":"11010000","ggk_zone_name":"Территория усадебной застройки","gp_func_zone_code":"11010000","gp_func_zone_code_id":19,"id":4732131,"zone_type_id":8},"type":"Feature"},{"bbox":[70.9827,52.0125,70.9844,52.014],"geometry":{"coordinates":[[[[70.9842,52.0125],[70.9842,52.0125],[70.9827,52.0129],[70.9836,52.014],[70.9836,52.014],[70.9836,52.014],[70.9836,52.014],[70.9836,52.014],[70.9836,52.014],[70.9837,52.014],[70.9837,52.014],[70.9837,52.014],[70.9837,52.014],[70.9837,52.014],[70.9837,52.014],[70.9837,52.014],[70.9837,52.014],[70.9837,52.014],[70.9837,52.014],[70.9837,52.014],[70.9837,52.014],[70.9837,52.014],[70.9837,52.014],[70.9838,52.014],[70.9838,52.014],[70.9838,52.014],[70.9838,52.014],[70.9838,52.014],[70.9838,52.0139],[70.9838,52.0139],[70.9838,52.0139],[70.9838,52.0139],[70.9838,52.0139],[70.9838,52.0139],[70.9838,52.0139],[70.9838,52.0139],[70.9838,52.0139],[70.9839,52.0139],[70.9839,52.0139],[70.9839,52.0139],[70.9839,52.0139],[70.9839,52.0139],[70.9839,52.0139],[70.9839,52.0139],[70.9839,52.0139],[70.9839,52.0139],[70.9839,52.0139],[70.9839,52.0139],[70.9839,52.0139],[70.9839,52.0139],[70.9839,52.0139],[70.9839,52.0139],[70.9839,52.0138],[70.9839,52.0138],[70.984,52.0138],[70.984,52.0138],[70.984,52.0138],[70.984,52.0138],[70.984,52.0138],[70.984,52.0138],[70.984,52.0138],[70.984,52.0138],[70.984,52.0138],[70.984,52.0138],[70.984,52.0138],[70.984,52.0138],[70.984,52.0138],[70.984,52.0138],[70.984,52.0138],[70.984,52.0138],[70.984,52.0138],[70.9841,52.0138],[70.9841,52.0138],[70.9841,52.0138],[70.9841,52.0138],[70.9841,52.0137],[70.9841,52.0137],[70.9841,52.0137],[70.9841,52.0137],[70.9841,52.0137],[70.9841,52.0137],[70.9841,52.0137],[70.9841,52.0137],[70.9841,52.0137],[70.9841,52.0137],[70.9841,52.0137],[70.9841,52.0137],[70.9841,52.0137],[70.9841,52.0137],[70.9841,52.0137],[70.9841,52.0137],[70.9841,52.0137],[70.9842,52.0137],[70.9842,52.0137],[70.9842,52.0137],[70.9842,52.0137],[70.9842,52.0136],[70.9842,52.0136],[70.9842,52.0136],[70.9842,52.0136],[70.9842,52.0136],[70.9842,52.0136],[70.9842,52.0136],[70.9842,52.0136],[70.9842,52.0136],[70.9842,52.0136],[70.9842,52.0136],[70.9842,52.0136],[70.9842,52.0136],[70.9842,52.0136],[70.9842,52.0136],[70.9842,52.0136],[70.9842,52.0136],[70.9842,52.0136],[70.9842,52.0136],[70.9842,52.0136],[70.9843,52.0135],[70.9843,52.0135],[70.9843,52.0135],[70.9843,52.0135],[70.9843,52.0135],[70.9843,52.0135],[70.9843,52.0135],[70.9843,52.0135],[70.9843,52.0135],[70.9843,52.0135],[70.9843,52.0135],[70.9843,52.0135],[70.9843,52.0135],[70.9843,52.0135],[70.9843,52.0135],[70.9843,52.0135],[70.9843,52.0135],[70.9843,52.0135],[70.9843,52.0135],[70.9843,52.0135],[70.9843,52.0134],[70.9843,52.0134],[70.9843,52.0134],[70.9843,52.0134],[70.9843,52.0134],[70.9843,52.0134],[70.9843,52.0134],[70.9843,52.0134],[70.9843,52.0134],[70.9843,52.0134],[70.9843,52.0134],[70.9843,52.0134],[70.9843,52.0134],[70.9843,52.0134],[70.9844,52.0134],[70.9844,52.0134],[70.9844,52.0134],[70.9844,52.0134],[70.9844,52.0134],[70.9844,52.0133],[70.9844,52.0133],[70.9844,52.0133],[70.9844,52.0133],[70.9844,52.0133],[70.9844,52.0133],[70.9844,52.0133],[70.9844,52.0133],[70.9844,52.0133],[70.9844,52.0133],[70.9844,52.0133],[70.9844,52.0133],[70.9844,52.0133],[70.9844,52.0133],[70.9844,52.0133],[70.9844,52.0133],[70.9844,52.0133],[70.9844,52.0133],[70.9844,52.0132],[70.9844,52.0132],[70.9844,52.0132],[70.9844,52.0132],[70.9844,52.0132],[70.9844,52.0132],[70.9844,52.0132],[70.9844,52.0132],[70.9844,52.0132],[70.9844,52.0132],[70.9844,52.0132],[70.9844,52.0132],[70.9844,52.0132],[70.9844,52.0132],[70.9844,52.0132],[70.9844,52.0132],[70.9844,52.0132],[70.9844,52.0132],[70.9844,52.0131],[70.9844,52.0131],[70.9844,52.0131],[70.9844,52.0131],[70.9844,52.0131],[70.9844,52.0131],[70.9844,52.0131],[70.9844,52.0131],[70.9844,52.0131],[70.9844,52.0131],[70.9844,52.0131],[70.9844,52.0131],[70.9844,52.0131],[70.9844,52.0131],[70.9844,52.0131],[70.9844,52.0131],[70.9844,52.0131],[70.9844,52.0131],[70.9844,52.013],[70.9844,52.013],[70.9844,52.013],[70.9844,52.013],[70.9844,52.013],[70.9844,52.013],[70.9844,52.013],[70.9844,52.013],[70.9844,52.013],[70.9844,52.013],[70.9844,52.013],[70.9844,52.013],[70.9844,52.013],[70.9844,52.013],[70.9844,52.013],[70.9844,52.013],[70.9844,52.013],[70.9844,52.013],[70.9844,52.0129],[70.9844,52.0129],[70.9844,52.0129],[70.9844,52.0129],[70.9844,52.0129],[70.9844,52.0129],[70.9844,52.0129],[70.9844,52.0129],[70.9844,52.0129],[70.9844,52.0129],[70.9844,52.0129],[70.9844,52.0129],[70.9844,52.0129],[70.9844,52.0129],[70.9844,52.0129],[70.9844,52.0129],[70.9844,52.0129],[70.9844,52.0129],[70.9844,52.0128],[70.9844,52.0128],[70.9844,52.0128],[70.9844,52.0128],[70.9844,52.0128],[70.9844,52.0128],[70.9844,52.0128],[70.9844,52.0128],[70.9844,52.0128],[70.9844,52.0128],[70.9844,52.0128],[70.9844,52.0128],[70.9844,52.0128],[70.9844,52.0128],[70.9843,52.0128],[70.9843,52.0128],[70.9843,52.0128],[70.9843,52.0128],[70.9843,52.0127],[70.9843,52.0127],[70.9843,52.0127],[70.9843,52.0127],[70.9843,52.0127],[70.9843,52.0127],[70.9843,52.0127],[70.9843,52.0127],[70.9843,52.0127],[70.9843,52.0127],[70.9843,52.0127],[70.9843,52.0127],[70.9843,52.0127],[70.9843,52.0127],[70.9843,52.0127],[70.9843,52.0127],[70.9843,52.0127],[70.9843,52.0127],[70.9843,52.0127],[70.9843,52.0127],[70.9843,52.0127],[70.9843,52.0127],[70.9843,52.0127],[70.9843,52.0126],[70.9843,52.0126],[70.9843,52.0126],[70.9843,52.0126],[70.9843,52.0126],[70.9843,52.0126],[70.9843,52.0126],[70.9843,52.0126],[70.9843,52.0126],[70.9843,52.0126],[70.9843,52.0126],[70.9843,52.0126],[70.9843,52.0126],[70.9843,52.0126],[70.9843,52.0126],[70.9843,52.0126],[70.9843,52.0126],[70.9843,52.0126],[70.9842,52.0126],[70.9842,52.0126],[70.9842,52.0126],[70.9842,52.0126],[70.9842,52.0126],[70.9842,52.0126],[70.9842,52.0125],[70.9842,52.0125],[70.9842,52.0125],[70.9842,52.0125],[70.9842,52.0125],[70.9842,52.0125],[70.9842,52.0125],[70.9842,52.0125],[70.9842,52.0125],[70.9842,52.0125],[70.9842,52.0125],[70.9842,52.0125],[70.9842,52.0125]]]],"type":"MultiPolygon"},"geometry_name":"shape","id":"gp_functional_zones.fid--7752831e_19fb67eabdc_7e2e","properties":{"area":1.15194803957631,"creation_doc_id":3617,"deactivation_doc_id":null,"func_zone_status_id":3,"ggk_zone_code":"11010000","ggk_zone_name":"Территория усадебной застройки","gp_func_zone_code":"11010000","gp_func_zone_code_id":19,"id":4732136,"zone_type_id":8},"type":"Feature"},{"bbox":[70.9839,52.0134,70.9857,52.0144],"geometry":{"coordinates":[[[[70.9857,52.0135],[70.9848,52.0134],[70.9848,52.0134],[70.9848,52.0134],[70.9848,52.0134],[70.9848,52.0134],[70.9848,52.0134],[70.9848,52.0134],[70.9848,52.0134],[70.9848,52.0134],[70.9848,52.0135],[70.9848,52.0135],[70.9848,52.0135],[70.9848,52.0135],[70.9848,52.0135],[70.9848,52.0135],[70.9848,52.0135],[70.9848,52.0135],[70.9848,52.0135],[70.9848,52.0135],[70.9848,52.0135],[70.9847,52.0135],[70.9847,52.0135],[70.9847,52.0135],[70.9847,52.0135],[70.9847,52.0135],[70.9847,52.0135],[70.9847,52.0135],[70.9847,52.0135],[70.9847,52.0135],[70.9847,52.0135],[70.9847,52.0135],[70.9847,52.0135],[70.9847,52.0135],[70.9847,52.0135],[70.9847,52.0135],[70.9847,52.0136],[70.9847,52.0136],[70.9847,52.0136],[70.9847,52.0136],[70.9847,52.0136],[70.9847,52.0136],[70.9847,52.0136],[70.9847,52.0136],[70.9847,52.0136],[70.9847,52.0136],[70.9847,52.0136],[70.9847,52.0136],[70.9847,52.0136],[70.9847,52.0136],[70.9847,52.0136],[70.9847,52.0136],[70.9847,52.0136],[70.9847,52.0136],[70.9847,52.0136],[70.9847,52.0136],[70.9847,52.0136],[70.9847,52.0136],[70.9847,52.0136],[70.9847,52.0136],[70.9847,52.0136],[70.9847,52.0136],[70.9847,52.0136],[70.9847,52.0137],[70.9847,52.0137],[70.9846,52.0137],[70.9846,52.0137],[70.9846,52.0137],[70.9846,52.0137],[70.9846,52.0137],[70.9846,52.0137],[70.9846,52.0137],[70.9846,52.0137],[70.9846,52.0137],[70.9846,52.0137],[70.9846,52.0137],[70.9846,52.0137],[70.9846,52.0137],[70.9846,52.0137],[70.9846,52.0137],[70.9846,52.0137],[70.9846,52.0137],[70.9846,52.0137],[70.9846,52.0137],[70.9846,52.0137],[70.9846,52.0137],[70.9846,52.0137],[70.9846,52.0137],[70.9846,52.0137],[70.9846,52.0137],[70.9846,52.0138],[70.9846,52.0138],[70.9846,52.0138],[70.9846,52.0138],[70.9846,52.0138],[70.9846,52.0138],[70.9846,52.0138],[70.9846,52.0138],[70.9846,52.0138],[70.9845,52.0138],[70.9845,52.0138],[70.9845,52.0138],[70.9845,52.0138],[70.9845,52.0138],[70.9845,52.0138],[70.9845,52.0138],[70.9845,52.0138],[70.9845,52.0138],[70.9845,52.0138],[70.9845,52.0138],[70.9845,52.0138],[70.9845,52.0138],[70.9845,52.0138],[70.9845,52.0138],[70.9845,52.0138],[70.9845,52.0138],[70.9845,52.0138],[70.9845,52.0138],[70.9845,52.0139],[70.9845,52.0139],[70.9845,52.0139],[70.9845,52.0139],[70.9845,52.0139],[70.9845,52.0139],[70.9845,52.0139],[70.9845,52.0139],[70.9845,52.0139],[70.9845,52.0139],[70.9844,52.0139],[70.9844,52.0139],[70.9844,52.0139],[70.9844,52.0139],[70.9844,52.0139],[70.9844,52.0139],[70.9844,52.0139],[70.9844,52.0139],[70.9844,52.0139],[70.9844,52.0139],[70.9844,52.0139],[70.9844,52.0139],[70.9844,52.0139],[70.9844,52.0139],[70.9844,52.0139],[70.9844,52.0139],[70.9844,52.0139],[70.9844,52.0139],[70.9844,52.0139],[70.9844,52.0139],[70.9844,52.0139],[70.9844,52.014],[70.9844,52.014],[70.9844,52.014],[70.9844,52.014],[70.9844,52.014],[70.9843,52.014],[70.9843,52.014],[70.9843,52.014],[70.9843,52.014],[70.9843,52.014],[70.9843,52.014],[70.9843,52.014],[70.9843,52.014],[70.9843,52.014],[70.9843,52.014],[70.9843,52.014],[70.9843,52.014],[70.9843,52.014],[70.9843,52.014],[70.9843,52.014],[70.9843,52.014],[70.9843,52.014],[70.9843,52.014],[70.9843,52.014],[70.9843,52.014],[70.9843,52.014],[70.9843,52.014],[70.9843,52.014],[70.9843,52.014],[70.9842,52.014],[70.9842,52.014],[70.9842,52.014],[70.9842,52.0141],[70.9842,52.0141],[70.9842,52.0141],[70.9842,52.0141],[70.9842,52.0141],[70.9842,52.0141],[70.9842,52.0141],[70.9842,52.0141],[70.9842,52.0141],[70.9842,52.0141],[70.9842,52.0141],[70.9842,52.0141],[70.9842,52.0141],[70.9842,52.0141],[70.9842,52.0141],[70.9842,52.0141],[70.9842,52.0141],[70.9842,52.0141],[70.9842,52.0141],[70.9841,52.0141],[70.9841,52.0141],[70.9841,52.0141],[70.9841,52.0141],[70.9841,52.0141],[70.9841,52.0141],[70.9841,52.0141],[70.9841,52.0141],[70.9841,52.0141],[70.9841,52.0141],[70.9841,52.0141],[70.9841,52.0141],[70.9841,52.0141],[70.9841,52.0141],[70.9841,52.0141],[70.9841,52.0142],[70.9841,52.0142],[70.9841,52.0142],[70.9841,52.0142],[70.9841,52.0142],[70.9841,52.0142],[70.984,52.0142],[70.984,52.0142],[70.984,52.0142],[70.984,52.0142],[70.984,52.0142],[70.984,52.0142],[70.984,52.0142],[70.984,52.0142],[70.984,52.0142],[70.984,52.0142],[70.984,52.0142],[70.984,52.0142],[70.984,52.0142],[70.984,52.0142],[70.984,52.0142],[70.984,52.0142],[70.984,52.0142],[70.984,52.0142],[70.984,52.0142],[70.984,52.0142],[70.9839,52.0142],[70.9839,52.0142],[70.9839,52.0142],[70.9839,52.0142],[70.9839,52.0142],[70.9839,52.0142],[70.9839,52.0142],[70.9839,52.0142],[70.9839,52.0142],[70.9839,52.0142],[70.9839,52.0142],[70.9839,52.0142],[70.9839,52.0142],[70.9839,52.0143],[70.9839,52.0143],[70.9839,52.0143],[70.9839,52.0143],[70.9841,52.0144],[70.9841,52.0144],[70.9843,52.0143],[70.9846,52.0141],[70.9848,52.014],[70.985,52.0139],[70.9852,52.0138],[70.9855,52.0136],[70.9857,52.0135],[70.9857,52.0135]]]],"type":"MultiPolygon"},"geometry_name":"shape","id":"gp_functional_zones.fid--7752831e_19fb67eabdc_7e2f","properties":{"area":0.416152445818703,"creation_doc_id":3617,"deactivation_doc_id":null,"func_zone_status_id":3,"ggk_zone_code":"11010000","ggk_zone_name":"Территория усадебной застройки","gp_func_zone_code":"11010000","gp_func_zone_code_id":19,"id":4732148,"zone_type_id":8},"type":"Feature"},{"bbox":[70.9752,52.0131,70.9776,52.0146],"geometry":{"coordinates":[[[[70.9776,52.0141],[70.9767,52.0131],[70.9758,52.0133],[70.9752,52.0135],[70.976,52.0146],[70.976,52.0146],[70.9776,52.0141]]]],"type":"MultiPolygon"},"geometry_name":"shape","id":"gp_functional_zones.fid--7752831e_19fb67eabdc_7e30","properties":{"area":1.53801232912079,"creation_doc_id":3617,"deactivation_doc_id":null,"func_zone_status_id":3,"ggk_zone_code":"11010000","ggk_zone_name":"Территория усадебной застройки","gp_func_zone_code":"11010000","gp_func_zone_code_id":19,"id":4732149,"zone_type_id":8},"type":"Feature"},{"bbox":[70.9793,52.0138,70.9809,52.0151],"geometry":{"coordinates":[[[[70.9809,52.0149],[70.98,52.0138],[70.9793,52.014],[70.9802,52.0151],[70.9809,52.0149]]]],"type":"MultiPolygon"},"geometry_name":"shape","id":"gp_functional_zones.fid--7752831e_19fb67eabdc_7e31","properties":{"area":0.759715111599881,"creation_doc_id":3617,"deactivation_doc_id":null,"func_zone_status_id":3,"ggk_zone_code":"11010000","ggk_zone_name":"Территория усадебной застройки","gp_func_zone_code":"11010000","gp_func_zone_code_id":19,"id":4732150,"zone_type_id":8},"type":"Feature"},{"bbox":[70.9814,52.0144,70.9839,52.0157],"geometry":{"coordinates":[[[[70.9839,52.0146],[70.9836,52.0144],[70.9814,52.015],[70.9825,52.0157],[70.9827,52.0155],[70.9829,52.0154],[70.9831,52.0152],[70.9833,52.015],[70.9835,52.0149],[70.9837,52.0147],[70.9839,52.0146],[70.9839,52.0146]]]],"type":"MultiPolygon"},"geometry_name":"shape","id":"gp_functional_zones.fid--7752831e_19fb67eabdc_7e32","properties":{"area":1.06052937326468,"creation_doc_id":3617,"deactivation_doc_id":null,"func_zone_status_id":3,"ggk_zone_code":"11010000","ggk_zone_name":"Территория усадебной застройки","gp_func_zone_code":"11010000","gp_func_zone_code_id":19,"id":4732151,"zone_type_id":8},"type":"Feature"},{"bbox":[70.9764,52.0148,70.9779,52.0163],"geometry":{"coordinates":[[[[70.9779,52.016],[70.977,52.0148],[70.9764,52.015],[70.9774,52.0163],[70.9779,52.016]]]],"type":"MultiPolygon"},"geometry_name":"shape","id":"gp_functional_zones.fid--7752831e_19fb67eabdc_7e33","properties":{"area":0.766260551910343,"creation_doc_id":3617,"deactivation_doc_id":null,"func_zone_status_id":3,"ggk_zone_code":"11010000","ggk_zone_name":"Территория усадебной застройки","gp_func_zone_code":"11010000","gp_func_zone_code_id":19,"id":4732152,"zone_type_id":8},"type":"Feature"},{"bbox":[70.9808,52.0155,70.9823,52.0169],"geometry":{"coordinates":[[[[70.9819,52.0156],[70.9818,52.0155],[70.9808,52.0165],[70.9809,52.0166],[70.9809,52.0166],[70.9814,52.0169],[70.9814,52.0169],[70.9823,52.0159],[70.9823,52.0159],[70.9819,52.0156]]]],"type":"MultiPolygon"},"geometry_name":"shape","id":"gp_functional_zones.fid--7752831e_19fb67eabdc_7e34","properties":{"area":0.664022500638009,"creation_doc_id":3617,"deactivation_doc_id":null,"func_zone_status_id":3,"ggk_zone_code":"11010000","ggk_zone_name":"Территория усадебной застройки","gp_func_zone_code":"11010000","gp_func_zone_code_id":19,"id":4732153,"zone_type_id":8},"type":"Feature"},{"bbox":[70.9792,52.0168,70.9811,52.0182],"geometry":{"coordinates":[[[[70.9811,52.0171],[70.9806,52.0168],[70.9792,52.0176],[70.9801,52.0182],[70.9801,52.0182],[70.9811,52.0171]]]],"type":"MultiPolygon"},"geometry_name":"shape","id":"gp_functional_zones.fid--7752831e_19fb67eabdc_7e35","properties":{"area":0.957255707486167,"creation_doc_id":3617,"deactivation_doc_id":null,"func_zone_status_id":3,"ggk_zone_code":"11010000","ggk_zone_name":"Территория усадебной застройки","gp_func_zone_code":"11010000","gp_func_zone_code_id":19,"id":4732154,"zone_type_id":8},"type":"Feature"},{"bbox":[70.95,52.0168,70.9551,52.0183],"geometry":{"coordinates":[[[[70.9503,52.0168],[70.9503,52.0168],[70.9503,52.0168],[70.9503,52.0168],[70.9503,52.0168],[70.9502,52.0168],[70.9502,52.0168],[70.9502,52.0168],[70.9502,52.0168],[70.9502,52.0168],[70.9502,52.0168],[70.9502,52.0168],[70.9502,52.0168],[70.9502,52.0169],[70.9501,52.017],[70.95,52.0171],[70.9508,52.0173],[70.9509,52.0173],[70.9509,52.0173],[70.9522,52.0176],[70.9522,52.0176],[70.9523,52.0176],[70.9537,52.018],[70.9538,52.018],[70.9538,52.018],[70.9538,52.018],[70.9538,52.018],[70.9538,52.018],[70.9539,52.018],[70.9539,52.018],[70.9539,52.018],[70.9539,52.018],[70.9539,52.018],[70.9539,52.0181],[70.9539,52.0181],[70.954,52.0181],[70.954,52.0181],[70.954,52.0181],[70.954,52.0181],[70.954,52.0181],[70.954,52.0181],[70.954,52.0181],[70.954,52.0181],[70.954,52.0181],[70.9541,52.0182],[70.9541,52.0182],[70.9541,52.0182],[70.9541,52.0182],[70.9541,52.0182],[70.9541,52.0182],[70.9541,52.0182],[70.9541,52.0182],[70.9541,52.0182],[70.9541,52.0183],[70.9541,52.0183],[70.9541,52.0183],[70.9551,52.0183],[70.9551,52.0181],[70.9551,52.018],[70.9551,52.018],[70.9551,52.018],[70.9551,52.018],[70.955,52.018],[70.955,52.018],[70.955,52.018],[70.955,52.018],[70.955,52.018],[70.955,52.018],[70.955,52.018],[70.955,52.018],[70.9547,52.0179],[70.9524,52.0173],[70.9524,52.0173],[70.9523,52.0173],[70.9511,52.017],[70.951,52.017],[70.951,52.017],[70.9503,52.0168],[70.9503,52.0168],[70.9503,52.0168],[70.9503,52.0168]]]],"type":"MultiPolygon"},"geometry_name":"shape","id":"gp_functional_zones.fid--7752831e_19fb67eabdc_7e36","properties":{"area":1.40112300828642,"creation_doc_id":3617,"deactivation_doc_id":null,"func_zone_status_id":2,"ggk_zone_code":"11010000","ggk_zone_name":"Территория усадебной застройки","gp_func_zone_code":"11010000","gp_func_zone_code_id":19,"id":4732155,"zone_type_id":8},"type":"Feature"},{"bbox":[70.9488,52.017,70.9538,52.0188],"geometry":{"coordinates":[[[[70.9493,52.0182],[70.9494,52.0182],[70.9495,52.0187],[70.9495,52.0187],[70.9495,52.0187],[70.9495,52.0187],[70.9495,52.0187],[70.9495,52.0187],[70.9496,52.0187],[70.9496,52.0187],[70.9496,52.0187],[70.9496,52.0187],[70.9496,52.0187],[70.9496,52.0187],[70.9496,52.0187],[70.9496,52.0187],[70.9496,52.0187],[70.9497,52.0187],[70.9497,52.0187],[70.9497,52.0187],[70.9497,52.0187],[70.9497,52.0187],[70.9497,52.0187],[70.9497,52.0187],[70.9497,52.0187],[70.9497,52.0187],[70.9497,52.0187],[70.9498,52.0187],[70.9498,52.0187],[70.9498,52.0187],[70.9498,52.0187],[70.9498,52.0187],[70.9498,52.0187],[70.9498,52.0187],[70.9498,52.0187],[70.9498,52.0187],[70.9499,52.0187],[70.9499,52.0187],[70.9499,52.0187],[70.9499,52.0187],[70.9499,52.0187],[70.9499,52.0187],[70.9499,52.0187],[70.9499,52.0187],[70.9499,52.0187],[70.9499,52.0187],[70.95,52.0187],[70.95,52.0187],[70.95,52.0187],[70.95,52.0187],[70.95,52.0187],[70.95,52.0187],[70.95,52.0187],[70.95,52.0187],[70.95,52.0187],[70.9501,52.0187],[70.9501,52.0187],[70.9501,52.0187],[70.9501,52.0187],[70.9501,52.0187],[70.9501,52.0187],[70.9501,52.0187],[70.9501,52.0187],[70.9501,52.0187],[70.9501,52.0187],[70.9502,52.0187],[70.9502,52.0187],[70.9502,52.0187],[70.9502,52.0186],[70.9502,52.0186],[70.9502,52.0186],[70.9502,52.0186],[70.9502,52.0186],[70.9502,52.0186],[70.9503,52.0186],[70.9503,52.0186],[70.9503,52.0186],[70.9503,52.0186],[70.9503,52.0186],[70.9503,52.0186],[70.9503,52.0186],[70.9503,52.0186],[70.9503,52.0186],[70.9504,52.0186],[70.9504,52.0186],[70.9504,52.0186],[70.9504,52.0186],[70.9504,52.0186],[70.9504,52.0186],[70.9504,52.0186],[70.9504,52.0186],[70.9504,52.0186],[70.9504,52.0186],[70.9504,52.0186],[70.9505,52.0186],[70.9505,52.0186],[70.9505,52.0186],[70.9505,52.0186],[70.9505,52.0186],[70.9505,52.0186],[70.9505,52.0186],[70.9505,52.0186],[70.9505,52.0186],[70.9506,52.0186],[70.9506,52.0186],[70.9506,52.0186],[70.9506,52.0186],[70.9506,52.0186],[70.9506,52.0186],[70.9507,52.0186],[70.9507,52.0186],[70.9507,52.0186],[70.9507,52.0186],[70.9507,52.0186],[70.9507,52.0186],[70.9521,52.0185],[70.9522,52.0185],[70.9523,52.0185],[70.9538,52.0184],[70.9538,52.0183],[70.9538,52.0183],[70.9538,52.0183],[70.9538,52.0183],[70.9538,52.0182],[70.9538,52.0182],[70.9538,52.0182],[70.9538,52.0182],[70.9538,52.0182],[70.9538,52.0182],[70.9537,52.0182],[70.9537,52.0182],[70.9537,52.0182],[70.9537,52.0182],[70.9537,52.0182],[70.9537,52.0182],[70.9536,52.0181],[70.9521,52.0178],[70.9521,52.0178],[70.952,52.0178],[70.9508,52.0175],[70.9508,52.0175],[70.9507,52.0175],[70.9498,52.0172],[70.9494,52.0172],[70.9494,52.0172],[70.9494,52.0172],[70.9493,52.0173],[70.9493,52.0173],[70.9494,52.0181],[70.9493,52.0181],[70.9492,52.0172],[70.9492,52.0171],[70.9492,52.0171],[70.949,52.0171],[70.949,52.0171],[70.949,52.0171],[70.949,52.0171],[70.949,52.0171],[70.949,52.0171],[70.9489,52.017],[70.9489,52.017],[70.9489,52.017],[70.9489,52.017],[70.9489,52.017],[70.9489,52.017],[70.9488,52.017],[70.9488,52.017],[70.9488,52.017],[70.9488,52.017],[70.9488,52.017],[70.9488,52.0171],[70.9488,52.0171],[70.9488,52.0171],[70.9488,52.0171],[70.9488,52.0171],[70.9488,52.0171],[70.9488,52.0171],[70.9488,52.0171],[70.9488,52.0171],[70.9488,52.0172],[70.9488,52.0172],[70.9488,52.0172],[70.9488,52.0172],[70.9488,52.0172],[70.9488,52.0172],[70.9488,52.0172],[70.9488,52.0172],[70.9488,52.0173],[70.9488,52.0173],[70.9488,52.0173],[70.9488,52.0173],[70.9488,52.0173],[70.9488,52.0173],[70.9488,52.0173],[70.9488,52.0173],[70.9488,52.0174],[70.9488,52.0174],[70.9488,52.0174],[70.9488,52.0174],[70.9488,52.0174],[70.9488,52.0174],[70.9488,52.0174],[70.9488,52.0174],[70.9488,52.0174],[70.9488,52.0175],[70.9489,52.0175],[70.9489,52.0175],[70.9489,52.0175],[70.9489,52.0175],[70.9489,52.0175],[70.9489,52.0175],[70.9489,52.0175],[70.9489,52.0176],[70.9489,52.0176],[70.9489,52.0176],[70.9489,52.0176],[70.9489,52.0176],[70.9489,52.0176],[70.9489,52.0176],[70.9489,52.0176],[70.9489,52.0177],[70.9489,52.0177],[70.9489,52.0177],[70.9489,52.0177],[70.9489,52.0177],[70.9489,52.0177],[70.9489,52.0177],[70.9489,52.0177],[70.9489,52.0177],[70.9489,52.0178],[70.9489,52.0178],[70.9489,52.0178],[70.9489,52.0178],[70.9489,52.0178],[70.9489,52.0178],[70.9489,52.0178],[70.9489,52.0178],[70.9489,52.0178],[70.9489,52.0179],[70.9489,52.0179],[70.9489,52.0179],[70.9489,52.0179],[70.9489,52.0179],[70.9489,52.0179],[70.9489,52.0179],[70.9489,52.0179],[70.9489,52.0179],[70.9489,52.0179],[70.9489,52.0179],[70.9489,52.018],[70.9489,52.018],[70.9489,52.018],[70.9489,52.018],[70.9489,52.018],[70.9489,52.018],[70.9489,52.018],[70.9489,52.018],[70.9489,52.018],[70.9489,52.018],[70.9489,52.018],[70.9489,52.0181],[70.9489,52.0181],[70.9489,52.0181],[70.9489,52.0181],[70.9489,52.0181],[70.9489,52.0181],[70.9489,52.0181],[70.9489,52.0181],[70.9489,52.0181],[70.9489,52.0181],[70.9489,52.0181],[70.9489,52.0181],[70.9489,52.0181],[70.9489,52.0182],[70.9489,52.0182],[70.9489,52.0182],[70.9489,52.0182],[70.9489,52.0182],[70.9489,52.0182],[70.9489,52.0182],[70.9489,52.0182],[70.9489,52.0182],[70.9489,52.0182],[70.9489,52.0182],[70.9489,52.0182],[70.9489,52.0182],[70.9489,52.0182],[70.9489,52.0182],[70.9489,52.0182],[70.9489,52.0182],[70.9489,52.0182],[70.9489,52.0183],[70.9489,52.0183],[70.9489,52.0183],[70.9489,52.0183],[70.9489,52.0183],[70.9489,52.0183],[70.9489,52.0183],[70.9489,52.0183],[70.9489,52.0183],[70.949,52.0188],[70.949,52.0188],[70.949,52.0188],[70.949,52.0188],[70.949,52.0188],[70.949,52.0188],[70.949,52.0188],[70.949,52.0188],[70.949,52.0188],[70.9491,52.0188],[70.9491,52.0188],[70.9491,52.0188],[70.9491,52.0188],[70.9491,52.0188],[70.9491,52.0188],[70.9491,52.0188],[70.9491,52.0188],[70.9492,52.0188],[70.9492,52.0188],[70.9492,52.0188],[70.9492,52.0188],[70.9492,52.0188],[70.9492,52.0188],[70.9492,52.0188],[70.9492,52.0188],[70.9493,52.0188],[70.9493,52.0188],[70.9493,52.0188],[70.9493,52.0188],[70.9493,52.0187],[70.9493,52.0187],[70.9493,52.0187],[70.9493,52.0187],[70.9493,52.0182]]]],"type":"MultiPolygon"},"geometry_name":"shape","id":"gp_functional_zones.fid--7752831e_19fb67eabdc_7e37","properties":{"area":3.39944125473281,"creation_doc_id":3617,"deactivation_doc_id":null,"func_zone_status_id":2,"ggk_zone_code":"11010000","ggk_zone_name":"Территория усадебной застройки","gp_func_zone_code":"11010000","gp_func_zone_code_id":19,"id":4732158,"zone_type_id":8},"type":"Feature"},{"bbox":[70.9473,52.0177,70.9486,52.0191],"geometry":{"coordinates":[[[[70.9485,52.0177],[70.9485,52.0177],[70.9473,52.0179],[70.9473,52.0179],[70.9476,52.0188],[70.9476,52.0188],[70.9476,52.0188],[70.9476,52.0188],[70.9476,52.0188],[70.9476,52.0188],[70.9476,52.0188],[70.9476,52.0188],[70.9476,52.0188],[70.9476,52.0188],[70.9476,52.0188],[70.9476,52.0188],[70.9476,52.0188],[70.9476,52.0188],[70.9476,52.0188],[70.9476,52.0188],[70.9476,52.0188],[70.9476,52.0188],[70.9476,52.0188],[70.9476,52.0189],[70.9476,52.0189],[70.9476,52.0189],[70.9476,52.0189],[70.9477,52.0189],[70.9477,52.0189],[70.9477,52.0189],[70.9477,52.0189],[70.9477,52.0189],[70.9477,52.0189],[70.9477,52.0189],[70.9477,52.0189],[70.9477,52.0189],[70.9477,52.0189],[70.9477,52.0189],[70.9477,52.0189],[70.9477,52.0189],[70.9477,52.0189],[70.9477,52.0189],[70.9477,52.0189],[70.9477,52.0189],[70.9477,52.019],[70.9477,52.019],[70.9477,52.019],[70.9477,52.019],[70.9477,52.019],[70.9477,52.019],[70.9477,52.019],[70.9477,52.019],[70.9477,52.019],[70.9477,52.019],[70.9477,52.019],[70.9477,52.019],[70.9477,52.019],[70.9477,52.019],[70.9477,52.019],[70.9477,52.019],[70.9477,52.019],[70.9477,52.019],[70.9477,52.019],[70.9477,52.019],[70.9477,52.019],[70.9477,52.0191],[70.9477,52.0191],[70.9477,52.0191],[70.9477,52.0191],[70.9482,52.019],[70.9482,52.019],[70.9482,52.019],[70.9482,52.019],[70.9482,52.019],[70.9482,52.019],[70.9482,52.019],[70.9482,52.019],[70.9483,52.019],[70.9483,52.019],[70.9483,52.019],[70.9483,52.019],[70.9483,52.019],[70.9483,52.019],[70.9483,52.019],[70.9483,52.019],[70.9483,52.019],[70.9483,52.019],[70.9483,52.019],[70.9483,52.019],[70.9483,52.019],[70.9483,52.019],[70.9483,52.019],[70.9483,52.019],[70.9483,52.019],[70.9484,52.0189],[70.9484,52.0189],[70.9484,52.0189],[70.9484,52.0189],[70.9484,52.0189],[70.9484,52.0189],[70.9484,52.0189],[70.9484,52.0189],[70.9484,52.0189],[70.9484,52.0189],[70.9484,52.0189],[70.9484,52.0189],[70.9484,52.0189],[70.9484,52.0189],[70.9484,52.0189],[70.9484,52.0189],[70.9484,52.0189],[70.9485,52.0189],[70.9485,52.0189],[70.9485,52.0189],[70.9485,52.0189],[70.9485,52.0189],[70.9485,52.0189],[70.9485,52.0189],[70.9485,52.0189],[70.9485,52.0189],[70.9485,52.0189],[70.9485,52.0189],[70.9485,52.0189],[70.9485,52.0189],[70.9485,52.0189],[70.9485,52.0189],[70.9485,52.0189],[70.9485,52.0189],[70.9486,52.0189],[70.9486,52.0189],[70.9486,52.0189],[70.9486,52.0189],[70.9486,52.0189],[70.9486,52.0189],[70.9486,52.0189],[70.9486,52.0189],[70.9485,52.0183],[70.9485,52.0183],[70.9485,52.0183],[70.9485,52.0183],[70.9485,52.0183],[70.9485,52.0183],[70.9485,52.0183],[70.9485,52.0183],[70.9485,52.0183],[70.9485,52.0183],[70.9485,52.0183],[70.9485,52.0183],[70.9485,52.0183],[70.9485,52.0183],[70.9485,52.0183],[70.9485,52.0183],[70.9485,52.0183],[70.9485,52.0183],[70.9485,52.0183],[70.9485,52.0183],[70.9485,52.0183],[70.9485,52.0183],[70.9485,52.0182],[70.9485,52.0182],[70.9485,52.0182],[70.9485,52.0182],[70.9485,52.0182],[70.9485,52.0182],[70.9485,52.0182],[70.9485,52.0182],[70.9485,52.0182],[70.9485,52.0182],[70.9485,52.0182],[70.9485,52.0182],[70.9485,52.0182],[70.9485,52.0182],[70.9485,52.0182],[70.9485,52.0182],[70.9485,52.0182],[70.9485,52.0182],[70.9485,52.0182],[70.9485,52.0182],[70.9485,52.0182],[70.9485,52.0182],[70.9485,52.0182],[70.9485,52.0182],[70.9485,52.0182],[70.9485,52.0182],[70.9485,52.0182],[70.9485,52.0182],[70.9485,52.0182],[70.9485,52.0182],[70.9485,52.0182],[70.9485,52.0181],[70.9485,52.0181],[70.9485,52.0181],[70.9485,52.0181],[70.9485,52.0181],[70.9485,52.0181],[70.9485,52.0181],[70.9485,52.0181],[70.9485,52.0181],[70.9485,52.0181],[70.9485,52.0181],[70.9485,52.0181],[70.9485,52.0181],[70.9485,52.0181],[70.9485,52.0181],[70.9485,52.0181],[70.9485,52.0181],[70.9485,52.0181],[70.9485,52.0181],[70.9485,52.0181],[70.9485,52.0181],[70.9485,52.0181],[70.9485,52.0181],[70.9485,52.0181],[70.9485,52.018],[70.9485,52.018],[70.9485,52.018],[70.9485,52.018],[70.9485,52.018],[70.9485,52.018],[70.9485,52.018],[70.9485,52.018],[70.9485,52.018],[70.9485,52.018],[70.9485,52.018],[70.9485,52.018],[70.9485,52.018],[70.9485,52.018],[70.9485,52.018],[70.9485,52.018],[70.9485,52.018],[70.9485,52.018],[70.9485,52.018],[70.9485,52.018],[70.9485,52.018],[70.9485,52.0179],[70.9485,52.0179],[70.9485,52.0179],[70.9485,52.0179],[70.9485,52.0179],[70.9485,52.0179],[70.9485,52.0179],[70.9485,52.0179],[70.9485,52.0179],[70.9485,52.0179],[70.9485,52.0179],[70.9485,52.0179],[70.9485,52.0179],[70.9485,52.0179],[70.9485,52.0179],[70.9485,52.0179],[70.9485,52.0179],[70.9485,52.0179],[70.9485,52.0179],[70.9485,52.0179],[70.9485,52.0179],[70.9485,52.0178],[70.9485,52.0178],[70.9485,52.0178],[70.9485,52.0178],[70.9485,52.0178],[70.9485,52.0178],[70.9485,52.0178],[70.9485,52.0178],[70.9485,52.0178],[70.9485,52.0178],[70.9485,52.0178],[70.9485,52.0178],[70.9485,52.0178],[70.9485,52.0178],[70.9485,52.0178],[70.9485,52.0178],[70.9485,52.0178],[70.9485,52.0178],[70.9485,52.0178],[70.9485,52.0177],[70.9485,52.0177],[70.9485,52.0177],[70.9485,52.0177],[70.9485,52.0177],[70.9485,52.0177]]]],"type":"MultiPolygon"},"geometry_name":"shape","id":"gp_functional_zones.fid--7752831e_19fb67eabdc_7e38","properties":{"area":0.966915481614944,"creation_doc_id":3617,"deactivation_doc_id":null,"func_zone_status_id":2,"ggk_zone_code":"11010000","ggk_zone_name":"Территория усадебной застройки","gp_func_zone_code":"11010000","gp_func_zone_code_id":19,"id":4732161,"zone_type_id":8},"type":"Feature"},{"bbox":[70.9823,51.9934,70.9843,51.9953],"geometry":{"coordinates":[[[[70.9841,51.9934],[70.9823,51.9934],[70.9823,51.9938],[70.9823,51.9938],[70.9825,51.9939],[70.9825,51.994],[70.9825,51.9941],[70.9823,51.9942],[70.9823,51.9942],[70.9823,51.995],[70.9823,51.9951],[70.9825,51.9951],[70.9825,51.9953],[70.9825,51.9953],[70.9842,51.9953],[70.9842,51.9953],[70.9843,51.9934],[70.9841,51.9934]]]],"type":"MultiPolygon"},"geometry_name":"shape","id":"gp_functional_zones.fid--7752831e_19fb67eabdc_7e3c","properties":{"area":2.74060495370435,"creation_doc_id":3617,"deactivation_doc_id":null,"func_zone_status_id":3,"ggk_zone_code":"11010000","ggk_zone_name":"Территория усадебной застройки","gp_func_zone_code":"11010000","gp_func_zone_code_id":19,"id":4732165,"zone_type_id":8},"type":"Feature"},{"bbox":[70.9802,51.9934,70.982,51.9953],"geometry":{"coordinates":[[[[70.982,51.9934],[70.9803,51.9934],[70.9803,51.9941],[70.9802,51.9953],[70.9817,51.9953],[70.9817,51.9953],[70.9817,51.9951],[70.9819,51.9951],[70.982,51.995],[70.982,51.9942],[70.9819,51.9942],[70.9818,51.9941],[70.9818,51.994],[70.9818,51.9939],[70.982,51.9938],[70.982,51.9938],[70.982,51.9934]]]],"type":"MultiPolygon"},"geometry_name":"shape","id":"gp_functional_zones.fid--7752831e_19fb67eabdc_7e3d","properties":{"area":2.39743317549183,"creation_doc_id":3617,"deactivation_doc_id":null,"func_zone_status_id":3,"ggk_zone_code":"11010000","ggk_zone_name":"Территория усадебной застройки","gp_func_zone_code":"11010000","gp_func_zone_code_id":19,"id":4732166,"zone_type_id":8},"type":"Feature"},{"bbox":[70.9143,52.0076,70.9198,52.0132],"geometry":{"coordinates":[[[70.9193,52.0113],[70.9193,52.0108],[70.9192,52.0107],[70.9192,52.0106],[70.9191,52.0106],[70.9191,52.0105],[70.9189,52.0103],[70.9188,52.0103],[70.9188,52.0104],[70.9187,52.0104],[70.9186,52.0104],[70.9185,52.0104],[70.9184,52.0103],[70.9183,52.0102],[70.9182,52.0102],[70.9181,52.0102],[70.9181,52.0101],[70.9182,52.0101],[70.9183,52.0101],[70.9184,52.0101],[70.9185,52.0101],[70.9185,52.01],[70.9179,52.0096],[70.9175,52.0093],[70.9173,52.0093],[70.9173,52.0092],[70.9172,52.0092],[70.9171,52.0092],[70.9171,52.0091],[70.917,52.0091],[70.9169,52.009],[70.9169,52.0089],[70.9168,52.0089],[70.9168,52.0088],[70.9169,52.0088],[70.917,52.0088],[70.917,52.0089],[70.9171,52.0089],[70.9172,52.0089],[70.9172,52.0088],[70.9173,52.0088],[70.9174,52.0088],[70.9174,52.0087],[70.9174,52.0086],[70.9176,52.0081],[70.9176,52.0079],[70.9177,52.0079],[70.9177,52.0078],[70.9176,52.0077],[70.9176,52.0076],[70.9175,52.0076],[70.9159,52.0093],[70.9158,52.0093],[70.915,52.0102],[70.9149,52.0102],[70.9148,52.0103],[70.9148,52.0104],[70.9147,52.0105],[70.9146,52.0106],[70.9145,52.0107],[70.9145,52.0108],[70.9144,52.0109],[70.9144,52.011],[70.9144,52.0111],[70.9143,52.0113],[70.9144,52.0113],[70.9145,52.0113],[70.9146,52.0113],[70.9147,52.0113],[70.9147,52.0114],[70.9148,52.0114],[70.9149,52.0114],[70.915,52.0114],[70.9151,52.0114],[70.9152,52.0114],[70.9153,52.0114],[70.9154,52.0114],[70.9156,52.0114],[70.9157,52.0114],[70.9158,52.0114],[70.9159,52.0114],[70.916,52.0114],[70.9161,52.0114],[70.9162,52.0114],[70.9163,52.0114],[70.9164,52.0114],[70.9165,52.0114],[70.9166,52.0114],[70.9166,52.0115],[70.9167,52.0115],[70.9168,52.0115],[70.9169,52.0115],[70.917,52.0115],[70.917,52.0116],[70.9171,52.0116],[70.9172,52.0116],[70.9172,52.0117],[70.9173,52.0117],[70.9173,52.0118],[70.9174,52.0118],[70.9174,52.0119],[70.9175,52.0119],[70.9175,52.012],[70.9176,52.012],[70.9176,52.0121],[70.9176,52.0122],[70.9176,52.0123],[70.9176,52.0124],[70.9176,52.0125],[70.9176,52.0126],[70.9181,52.0129],[70.9182,52.0129],[70.9186,52.0132],[70.9186,52.0131],[70.9187,52.0131],[70.9188,52.0131],[70.9189,52.0131],[70.919,52.0131],[70.9191,52.0131],[70.9192,52.013],[70.9193,52.013],[70.9194,52.013],[70.9195,52.013],[70.9196,52.013],[70.9197,52.013],[70.9198,52.013],[70.9197,52.0126],[70.9195,52.0119],[70.9195,52.0118],[70.9193,52.0113]],[[70.9181,52.0122],[70.918,52.0122],[70.9179,52.0122],[70.9178,52.0122],[70.9177,52.0122],[70.9177,52.0121],[70.9178,52.0121],[70.9178,52.012],[70.9179,52.012],[70.9182,52.0121],[70.9181,52.0121],[70.9181,52.0122]],[[70.9182,52.012],[70.9182,52.0119],[70.9182,52.0118],[70.9181,52.0118],[70.918,52.0118],[70.9179,52.0118],[70.9179,52.0117],[70.9178,52.0117],[70.9177,52.0117],[70.9176,52.0116],[70.9175,52.0116],[70.9175,52.0115],[70.9176,52.0115],[70.9176,52.0114],[70.9177,52.0114],[70.9178,52.0114],[70.9179,52.0114],[70.9181,52.0114],[70.9182,52.0115],[70.9183,52.0115],[70.9183,52.0116],[70.9184,52.0116],[70.9184,52.0117],[70.9185,52.0117],[70.9185,52.0118],[70.9184,52.0118],[70.9183,52.0118],[70.9183,52.0119],[70.9184,52.0119],[70.9184,52.012],[70.9184,52.0121],[70.9183,52.0121],[70.9182,52.0121],[70.9182,52.012]],[[70.9168,52.0113],[70.9167,52.0113],[70.9166,52.0113],[70.9166,52.0112],[70.9166,52.0111],[70.9167,52.0111],[70.9168,52.0111],[70.9169,52.0111],[70.917,52.0111],[70.9171,52.0111],[70.9172,52.0111],[70.9173,52.0111],[70.9173,52.0112],[70.9172,52.0113],[70.9171,52.0114],[70.917,52.0114],[70.9169,52.0114],[70.9168,52.0114],[70.9168,52.0113]]],"type":"Polygon"},"geometry_name":"shape","id":"gp_functional_zones.fid--7752831e_19fb67eabdc_7e41","properties":{"area":9.01830770937598,"creation_doc_id":3617,"deactivation_doc_id":null,"func_zone_status_id":2,"ggk_zone_code":"11010000","ggk_zone_name":"Территория усадебной застройки","gp_func_zone_code":"11010000","gp_func_zone_code_id":19,"id":4732170,"zone_type_id":8},"type":"Feature"},{"bbox":[70.932,51.996,70.9354,51.9993],"geometry":{"coordinates":[[[[70.9351,51.9968],[70.9351,51.9967],[70.9351,51.9967],[70.9354,51.9966],[70.9354,51.9963],[70.9354,51.9963],[70.9354,51.9962],[70.9354,51.996],[70.9322,51.996],[70.9322,51.9961],[70.9322,51.9961],[70.9322,51.9962],[70.9322,51.9962],[70.9322,51.9962],[70.9322,51.9962],[70.9322,51.9962],[70.9322,51.9962],[70.9322,51.9963],[70.9322,51.9963],[70.9322,51.9963],[70.9322,51.9963],[70.9322,51.9963],[70.9322,51.9963],[70.9322,51.9963],[70.9322,51.9964],[70.9322,51.9964],[70.9322,51.9964],[70.9322,51.9964],[70.9322,51.9964],[70.9322,51.9964],[70.9322,51.9965],[70.9322,51.9965],[70.9322,51.9965],[70.9322,51.9965],[70.9322,51.9965],[70.9322,51.9965],[70.9322,51.9966],[70.9322,51.9966],[70.9322,51.9966],[70.9322,51.9966],[70.9322,51.9966],[70.9322,51.9966],[70.9322,51.9967],[70.9322,51.9967],[70.9322,51.9967],[70.9322,51.9967],[70.9322,51.9967],[70.9322,51.9967],[70.9322,51.9967],[70.9322,51.9968],[70.9322,51.9968],[70.9322,51.9968],[70.9322,51.9968],[70.9322,51.9968],[70.9322,51.9968],[70.9322,51.9968],[70.9322,51.9968],[70.9322,51.9969],[70.9322,51.9969],[70.9322,51.9969],[70.9322,51.9969],[70.9322,51.9969],[70.9322,51.9969],[70.9322,51.997],[70.9322,51.997],[70.9322,51.997],[70.9322,51.997],[70.9322,51.997],[70.9322,51.997],[70.9322,51.9971],[70.9322,51.9971],[70.9322,51.9971],[70.9322,51.9971],[70.9321,51.9971],[70.9321,51.9971],[70.9321,51.9972],[70.9321,51.9972],[70.9321,51.9972],[70.9321,51.9972],[70.9321,51.9972],[70.9321,51.9972],[70.9321,51.9973],[70.9321,51.9973],[70.9321,51.9973],[70.9321,51.9973],[70.9321,51.9973],[70.9321,51.9973],[70.9321,51.9974],[70.9321,51.9974],[70.9321,51.9974],[70.9321,51.9974],[70.9321,51.9974],[70.9321,51.9974],[70.9321,51.9974],[70.9321,51.9975],[70.9321,51.9975],[70.9321,51.9975],[70.9321,51.9975],[70.9321,51.9975],[70.9321,51.9975],[70.9321,51.9976],[70.9321,51.9976],[70.9321,51.9976],[70.9321,51.9976],[70.9321,51.9976],[70.9321,51.9976],[70.9321,51.9977],[70.9321,51.9977],[70.9321,51.9977],[70.9321,51.9977],[70.9321,51.9977],[70.9321,51.9977],[70.9321,51.9978],[70.9321,51.9978],[70.9321,51.9978],[70.9321,51.9978],[70.9321,51.9978],[70.9321,51.9978],[70.9321,51.9979],[70.9321,51.9979],[70.9321,51.9979],[70.9321,51.9979],[70.9321,51.9979],[70.9321,51.9979],[70.9321,51.9979],[70.9321,51.998],[70.9321,51.998],[70.9321,51.998],[70.9321,51.998],[70.9321,51.998],[70.9321,51.998],[70.9321,51.9981],[70.9321,51.9981],[70.9321,51.9981],[70.9321,51.9981],[70.9321,51.9981],[70.9321,51.9981],[70.9321,51.9982],[70.9321,51.9982],[70.9321,51.9982],[70.9321,51.9988],[70.932,51.9993],[70.9335,51.9993],[70.9334,51.9982],[70.9333,51.9977],[70.9333,51.9977],[70.9333,51.9977],[70.9333,51.9977],[70.9333,51.9976],[70.9334,51.9976],[70.9334,51.9976],[70.9334,51.9976],[70.9334,51.9976],[70.9334,51.9976],[70.9334,51.9976],[70.9335,51.9976],[70.9335,51.9976],[70.9335,51.9975],[70.9335,51.9975],[70.9335,51.9975],[70.9336,51.9975],[70.9353,51.9975],[70.9351,51.9968]],[[70.9336,51.9968],[70.9336,51.9962],[70.9346,51.9962],[70.9346,51.9967],[70.9336,51.9968]]]],"type":"MultiPolygon"},"geometry_name":"shape","id":"gp_functional_zones.fid--7752831e_19fb67eabdc_7e42","properties":{"area":5.0565512631039,"creation_doc_id":3617,"deactivation_doc_id":null,"func_zone_status_id":2,"ggk_zone_code":"11010000","ggk_zone_name":"Территория усадебной застройки","gp_func_zone_code":"11010000","gp_func_zone_code_id":19,"id":4732172,"zone_type_id":8},"type":"Feature"}],"name":"AIS GGK lph-household allowed zones","type":"FeatureCollection"}