{"crs":{"properties":{"name":"urn:ogc:def:crs:OGC:1.3:CRS84"},"type":"name"},"features":[{"bbox":[77.1062,43.6062,77.1074,43.6073],"geometry":{"coordinates":[[[[77.1074,43.6072],[77.1071,43.6062],[77.1062,43.6063],[77.1062,43.6063],[77.1062,43.6063],[77.1064,43.607],[77.1068,43.6069],[77.1069,43.6073],[77.1074,43.6072],[77.1074,43.6072],[77.1074,43.6072]]]],"type":"MultiPolygon"},"geometry_name":"shape","id":"gp_functional_zones.fid--7752831e_19fb67eabdc_56c1","properties":{"area":7786.20747813477,"creation_doc_id":3613,"deactivation_doc_id":null,"func_zone_status_id":2,"ggk_zone_code":"11010000","ggk_zone_name":"Территория усадебной застройки","gp_func_zone_code":"11010000","gp_func_zone_code_id":19,"id":4722518,"zone_type_id":8},"type":"Feature"},{"bbox":[77.0235,43.6067,77.0306,43.6112],"geometry":{"coordinates":[[[[77.0292,43.61],[77.024,43.6067],[77.024,43.6067],[77.0238,43.6067],[77.0238,43.6067],[77.0238,43.6067],[77.0238,43.6067],[77.0238,43.6067],[77.0238,43.6068],[77.0238,43.6069],[77.0238,43.6069],[77.0238,43.6069],[77.0237,43.607],[77.0237,43.607],[77.0237,43.607],[77.0237,43.6071],[77.0237,43.6071],[77.0237,43.6071],[77.0237,43.6072],[77.0236,43.6072],[77.0236,43.6072],[77.0236,43.6073],[77.0236,43.6073],[77.0235,43.6073],[77.0235,43.6073],[77.0235,43.6073],[77.0235,43.6074],[77.0235,43.6074],[77.0235,43.6074],[77.0264,43.6092],[77.029,43.6109],[77.029,43.6109],[77.0293,43.6112],[77.0306,43.6108],[77.0306,43.6108],[77.0306,43.6108],[77.0303,43.6105],[77.0294,43.6101],[77.0292,43.61],[77.0292,43.61],[77.0292,43.61]]]],"type":"MultiPolygon"},"geometry_name":"shape","id":"gp_functional_zones.fid--7752831e_19fb67eabdc_56c2","properties":{"area":57751.6151819306,"creation_doc_id":3613,"deactivation_doc_id":null,"func_zone_status_id":2,"ggk_zone_code":"11010000","ggk_zone_name":"Территория усадебной застройки","gp_func_zone_code":"11010000","gp_func_zone_code_id":19,"id":4722519,"zone_type_id":8},"type":"Feature"},{"bbox":[76.9421,43.4007,76.9432,43.4029],"geometry":{"coordinates":[[[[76.9432,43.4007],[76.9422,43.4007],[76.9421,43.4029],[76.9431,43.4029],[76.9432,43.4007]]]],"type":"MultiPolygon"},"geometry_name":"shape","id":"gp_functional_zones.fid--7752831e_19fb67eabdc_56c7","properties":{"area":20200.7246101523,"creation_doc_id":3613,"deactivation_doc_id":null,"func_zone_status_id":2,"ggk_zone_code":"11010000","ggk_zone_name":"Территория усадебной застройки","gp_func_zone_code":"11010000","gp_func_zone_code_id":19,"id":4722524,"zone_type_id":8},"type":"Feature"},{"bbox":[76.9413,43.3883,76.9432,43.3915],"geometry":{"coordinates":[[[[76.9425,43.3884],[76.9413,43.3883],[76.9419,43.3902],[76.942,43.3906],[76.9421,43.3911],[76.9422,43.3915],[76.9432,43.3915],[76.9425,43.3884]]]],"type":"MultiPolygon"},"geometry_name":"shape","id":"gp_functional_zones.fid--7752831e_19fb67eabdc_56c8","properties":{"area":29018.2174916261,"creation_doc_id":3613,"deactivation_doc_id":null,"func_zone_status_id":2,"ggk_zone_code":"11010000","ggk_zone_name":"Территория усадебной застройки","gp_func_zone_code":"11010000","gp_func_zone_code_id":19,"id":4722525,"zone_type_id":8},"type":"Feature"},{"bbox":[77.031,43.7118,77.037,43.7159],"geometry":{"coordinates":[[[[77.0343,43.7138],[77.037,43.7123],[77.037,43.7123],[77.037,43.7123],[77.0363,43.7119],[77.0362,43.7118],[77.0331,43.7136],[77.0331,43.7136],[77.0331,43.7136],[77.0325,43.7137],[77.0325,43.7137],[77.0325,43.7137],[77.0325,43.7137],[77.0319,43.7137],[77.0319,43.7138],[77.0318,43.7138],[77.0318,43.7138],[77.0311,43.7151],[77.031,43.7154],[77.0322,43.7159],[77.0335,43.7153],[77.0331,43.7148],[77.0333,43.7147],[77.0336,43.7144],[77.0341,43.714],[77.0342,43.7139],[77.0342,43.7139],[77.0342,43.7139],[77.0342,43.7139],[77.0342,43.7139],[77.0342,43.7139],[77.0342,43.7139],[77.0342,43.7139],[77.0342,43.7139],[77.0342,43.7139],[77.0342,43.7138],[77.0342,43.7138],[77.0343,43.7138],[77.0343,43.7138]]]],"type":"MultiPolygon"},"geometry_name":"shape","id":"gp_functional_zones.fid--7752831e_19fb67eabdc_56cb","properties":{"area":62446.1953465928,"creation_doc_id":3613,"deactivation_doc_id":null,"func_zone_status_id":2,"ggk_zone_code":"11010000","ggk_zone_name":"Территория усадебной застройки","gp_func_zone_code":"11010000","gp_func_zone_code_id":19,"id":4722528,"zone_type_id":8},"type":"Feature"},{"bbox":[77.0345,43.7125,77.038,43.7145],"geometry":{"coordinates":[[[[77.0351,43.7145],[77.0356,43.7143],[77.0357,43.7144],[77.0367,43.7138],[77.0367,43.7138],[77.0372,43.7135],[77.038,43.713],[77.038,43.713],[77.038,43.713],[77.0372,43.7125],[77.0345,43.7139],[77.0345,43.7139],[77.0345,43.7139],[77.0351,43.7145]]]],"type":"MultiPolygon"},"geometry_name":"shape","id":"gp_functional_zones.fid--7752831e_19fb67eabdc_56cc","properties":{"area":25898.1623060855,"creation_doc_id":3613,"deactivation_doc_id":null,"func_zone_status_id":2,"ggk_zone_code":"11010000","ggk_zone_name":"Территория усадебной застройки","gp_func_zone_code":"11010000","gp_func_zone_code_id":19,"id":4722529,"zone_type_id":8},"type":"Feature"},{"bbox":[76.9549,43.379,76.9563,43.3801],"geometry":{"coordinates":[[[[76.9563,43.3798],[76.9557,43.379],[76.9549,43.3792],[76.9554,43.3801],[76.9563,43.3798]]]],"type":"MultiPolygon"},"geometry_name":"shape","id":"gp_functional_zones.fid--7752831e_19fb67eabdc_5b69","properties":{"area":7201.49269015098,"creation_doc_id":3613,"deactivation_doc_id":null,"func_zone_status_id":2,"ggk_zone_code":"11010000","ggk_zone_name":"Территория усадебной застройки","gp_func_zone_code":"11010000","gp_func_zone_code_id":19,"id":4723727,"zone_type_id":8},"type":"Feature"},{"bbox":[76.9535,43.3793,76.9552,43.3806],"geometry":{"coordinates":[[[[76.9552,43.3802],[76.9547,43.3793],[76.954,43.3795],[76.9535,43.3796],[76.9545,43.3806],[76.9552,43.3802]]]],"type":"MultiPolygon"},"geometry_name":"shape","id":"gp_functional_zones.fid--7752831e_19fb67eabdc_5b6a","properties":{"area":11066.4903494546,"creation_doc_id":3613,"deactivation_doc_id":null,"func_zone_status_id":2,"ggk_zone_code":"11010000","ggk_zone_name":"Территория усадебной застройки","gp_func_zone_code":"11010000","gp_func_zone_code_id":19,"id":4723728,"zone_type_id":8},"type":"Feature"},{"bbox":[76.9522,43.3797,76.9543,43.3812],"geometry":{"coordinates":[[[[76.9543,43.3807],[76.9532,43.3797],[76.9526,43.3799],[76.9525,43.3799],[76.9525,43.3799],[76.9524,43.3799],[76.9524,43.3799],[76.9524,43.3799],[76.9523,43.3799],[76.9523,43.3799],[76.9522,43.3799],[76.9522,43.3799],[76.9522,43.3799],[76.9535,43.3812],[76.9543,43.3807]]]],"type":"MultiPolygon"},"geometry_name":"shape","id":"gp_functional_zones.fid--7752831e_19fb67eabdc_5b6b","properties":{"area":13043.9992452653,"creation_doc_id":3613,"deactivation_doc_id":null,"func_zone_status_id":2,"ggk_zone_code":"11010000","ggk_zone_name":"Территория усадебной застройки","gp_func_zone_code":"11010000","gp_func_zone_code_id":19,"id":4723729,"zone_type_id":8},"type":"Feature"},{"bbox":[76.9555,43.38,76.9571,43.3814],"geometry":{"coordinates":[[[[76.9571,43.3809],[76.9564,43.38],[76.9555,43.3802],[76.9563,43.3814],[76.9571,43.3809]]]],"type":"MultiPolygon"},"geometry_name":"shape","id":"gp_functional_zones.fid--7752831e_19fb67eabdc_5b6c","properties":{"area":10426.0211243225,"creation_doc_id":3613,"deactivation_doc_id":null,"func_zone_status_id":2,"ggk_zone_code":"11010000","ggk_zone_name":"Территория усадебной застройки","gp_func_zone_code":"11010000","gp_func_zone_code_id":19,"id":4723730,"zone_type_id":8},"type":"Feature"},{"bbox":[76.9546,43.3803,76.9561,43.3817],"geometry":{"coordinates":[[[[76.9561,43.3815],[76.9553,43.3803],[76.9546,43.3807],[76.9557,43.3817],[76.9561,43.3815]]]],"type":"MultiPolygon"},"geometry_name":"shape","id":"gp_functional_zones.fid--7752831e_19fb67eabdc_5b6d","properties":{"area":7714.50014280604,"creation_doc_id":3613,"deactivation_doc_id":null,"func_zone_status_id":2,"ggk_zone_code":"11010000","ggk_zone_name":"Территория усадебной застройки","gp_func_zone_code":"11010000","gp_func_zone_code_id":19,"id":4723731,"zone_type_id":8},"type":"Feature"},{"bbox":[76.9536,43.3809,76.9555,43.3823],"geometry":{"coordinates":[[[[76.9555,43.3818],[76.9544,43.3809],[76.9536,43.3813],[76.9546,43.3823],[76.9555,43.3818]]]],"type":"MultiPolygon"},"geometry_name":"shape","id":"gp_functional_zones.fid--7752831e_19fb67eabdc_5b6e","properties":{"area":11441.8489551557,"creation_doc_id":3613,"deactivation_doc_id":null,"func_zone_status_id":2,"ggk_zone_code":"11010000","ggk_zone_name":"Территория усадебной застройки","gp_func_zone_code":"11010000","gp_func_zone_code_id":19,"id":4723732,"zone_type_id":8},"type":"Feature"},{"bbox":[76.9464,43.3803,76.9492,43.3828],"geometry":{"coordinates":[[[[76.9492,43.3821],[76.9478,43.3803],[76.9464,43.3807],[76.9473,43.3828],[76.9492,43.3821]]]],"type":"MultiPolygon"},"geometry_name":"shape","id":"gp_functional_zones.fid--7752831e_19fb67eabdc_5b6f","properties":{"area":34402.9020775609,"creation_doc_id":3613,"deactivation_doc_id":null,"func_zone_status_id":2,"ggk_zone_code":"11010000","ggk_zone_name":"Территория усадебной застройки","gp_func_zone_code":"11010000","gp_func_zone_code_id":19,"id":4723733,"zone_type_id":8},"type":"Feature"},{"bbox":[76.9528,43.3814,76.9544,43.3828],"geometry":{"coordinates":[[[[76.9544,43.3824],[76.9534,43.3814],[76.9528,43.3818],[76.9537,43.3828],[76.9544,43.3824]]]],"type":"MultiPolygon"},"geometry_name":"shape","id":"gp_functional_zones.fid--7752831e_19fb67eabdc_5b70","properties":{"area":9199.26779948593,"creation_doc_id":3613,"deactivation_doc_id":null,"func_zone_status_id":2,"ggk_zone_code":"11010000","ggk_zone_name":"Территория усадебной застройки","gp_func_zone_code":"11010000","gp_func_zone_code_id":19,"id":4723734,"zone_type_id":8},"type":"Feature"},{"bbox":[76.948,43.38,76.952,43.3831],"geometry":{"coordinates":[[[[76.9514,43.3825],[76.9487,43.38],[76.9486,43.38],[76.948,43.3802],[76.9495,43.3821],[76.95,43.3827],[76.9507,43.3829],[76.952,43.3831],[76.9514,43.3825]]]],"type":"MultiPolygon"},"geometry_name":"shape","id":"gp_functional_zones.fid--7752831e_19fb67eabdc_5b71","properties":{"area":32788.2511075004,"creation_doc_id":3613,"deactivation_doc_id":null,"func_zone_status_id":2,"ggk_zone_code":"11010000","ggk_zone_name":"Территория усадебной застройки","gp_func_zone_code":"11010000","gp_func_zone_code_id":19,"id":4723735,"zone_type_id":8},"type":"Feature"},{"bbox":[76.9518,43.3819,76.9535,43.3833],"geometry":{"coordinates":[[[[76.9535,43.3829],[76.9526,43.3819],[76.9518,43.3824],[76.9518,43.3824],[76.9527,43.3832],[76.9528,43.3833],[76.9528,43.3833],[76.9535,43.3829]]]],"type":"MultiPolygon"},"geometry_name":"shape","id":"gp_functional_zones.fid--7752831e_19fb67eabdc_5b72","properties":{"area":9963.29610142165,"creation_doc_id":3613,"deactivation_doc_id":null,"func_zone_status_id":2,"ggk_zone_code":"11010000","ggk_zone_name":"Территория усадебной застройки","gp_func_zone_code":"11010000","gp_func_zone_code_id":19,"id":4723736,"zone_type_id":8},"type":"Feature"},{"bbox":[76.9427,43.3808,76.9471,43.3835],"geometry":{"coordinates":[[[[76.9471,43.3829],[76.9462,43.3808],[76.9447,43.3813],[76.9447,43.3813],[76.9447,43.3813],[76.9445,43.3813],[76.9445,43.3813],[76.9443,43.3813],[76.9443,43.3813],[76.9442,43.3813],[76.9442,43.3813],[76.944,43.3814],[76.944,43.3814],[76.9438,43.3814],[76.9438,43.3814],[76.9437,43.3814],[76.9432,43.3814],[76.9428,43.3814],[76.9427,43.3814],[76.9453,43.3835],[76.9453,43.3835],[76.9471,43.3829]]]],"type":"MultiPolygon"},"geometry_name":"shape","id":"gp_functional_zones.fid--7752831e_19fb67eabdc_5b73","properties":{"area":55838.4538288243,"creation_doc_id":3613,"deactivation_doc_id":null,"func_zone_status_id":2,"ggk_zone_code":"11010000","ggk_zone_name":"Территория усадебной застройки","gp_func_zone_code":"11010000","gp_func_zone_code_id":19,"id":4723737,"zone_type_id":8},"type":"Feature"},{"bbox":[76.9558,43.3811,76.9587,43.3834],"geometry":{"coordinates":[[[[76.9587,43.3832],[76.9572,43.3811],[76.9563,43.3816],[76.9558,43.3819],[76.9573,43.3833],[76.9573,43.3833],[76.9574,43.3833],[76.9574,43.3833],[76.9574,43.3834],[76.9587,43.3832]]]],"type":"MultiPolygon"},"geometry_name":"shape","id":"gp_functional_zones.fid--7752831e_19fb67eabdc_5b74","properties":{"area":28807.4412486927,"creation_doc_id":3613,"deactivation_doc_id":null,"func_zone_status_id":2,"ggk_zone_code":"11010000","ggk_zone_name":"Территория усадебной застройки","gp_func_zone_code":"11010000","gp_func_zone_code_id":19,"id":4723738,"zone_type_id":8},"type":"Feature"},{"bbox":[76.9531,43.383,76.9542,43.3835],"geometry":{"coordinates":[[[[76.9542,43.3835],[76.9537,43.383],[76.9531,43.3833],[76.9542,43.3835]]]],"type":"MultiPolygon"},"geometry_name":"shape","id":"gp_functional_zones.fid--7752831e_19fb67eabdc_5b75","properties":{"area":1804.36646962446,"creation_doc_id":3613,"deactivation_doc_id":null,"func_zone_status_id":2,"ggk_zone_code":"11010000","ggk_zone_name":"Территория усадебной застройки","gp_func_zone_code":"11010000","gp_func_zone_code_id":19,"id":4723739,"zone_type_id":8},"type":"Feature"},{"bbox":[76.9548,43.382,76.9571,43.3835],"geometry":{"coordinates":[[[[76.9571,43.3834],[76.9556,43.382],[76.9548,43.3824],[76.9559,43.3835],[76.9571,43.3834]]]],"type":"MultiPolygon"},"geometry_name":"shape","id":"gp_functional_zones.fid--7752831e_19fb67eabdc_5b76","properties":{"area":14883.1396430422,"creation_doc_id":3613,"deactivation_doc_id":null,"func_zone_status_id":2,"ggk_zone_code":"11010000","ggk_zone_name":"Территория усадебной застройки","gp_func_zone_code":"11010000","gp_func_zone_code_id":19,"id":4723740,"zone_type_id":8},"type":"Feature"},{"bbox":[76.9539,43.3826,76.9556,43.3836],"geometry":{"coordinates":[[[[76.9556,43.3836],[76.9546,43.3826],[76.9539,43.3829],[76.9545,43.3835],[76.9555,43.3836],[76.9556,43.3836]]]],"type":"MultiPolygon"},"geometry_name":"shape","id":"gp_functional_zones.fid--7752831e_19fb67eabdc_5b77","properties":{"area":7927.69667542079,"creation_doc_id":3613,"deactivation_doc_id":null,"func_zone_status_id":2,"ggk_zone_code":"11010000","ggk_zone_name":"Территория усадебной застройки","gp_func_zone_code":"11010000","gp_func_zone_code_id":19,"id":4723741,"zone_type_id":8},"type":"Feature"},{"bbox":[76.9416,43.3831,76.9433,43.3844],"geometry":{"coordinates":[[[[76.9416,43.3832],[76.94161538461537,43.3832],[76.9416,43.3831],[76.9416,43.3832]]],[[[76.9428,43.3843],[76.9433,43.3842],[76.9432,43.3841],[76.9428,43.3839],[76.9425,43.3837],[76.9421,43.3834],[76.9417,43.3832],[76.94161538461537,43.3832],[76.9418,43.3844],[76.9428,43.3843]]]],"type":"MultiPolygon"},"geometry_name":"shape","id":"gp_functional_zones.fid--7752831e_19fb67eabdc_5b78","properties":{"area":8604.36400061414,"creation_doc_id":3613,"deactivation_doc_id":null,"func_zone_status_id":2,"ggk_zone_code":"11010000","ggk_zone_name":"Территория усадебной застройки","gp_func_zone_code":"11010000","gp_func_zone_code_id":19,"id":4723742,"zone_type_id":8},"type":"Feature"},{"bbox":[76.9395,43.383,76.942,43.3862],"geometry":{"coordinates":[[[[76.9399,43.383],[76.9397,43.383],[76.9395,43.3831],[76.9395,43.3831],[76.9401,43.3862],[76.942,43.3861],[76.9416,43.3845],[76.9413,43.3831],[76.9411,43.3831],[76.9408,43.3831],[76.9406,43.3831],[76.9404,43.3831],[76.9402,43.3831],[76.9399,43.383]]]],"type":"MultiPolygon"},"geometry_name":"shape","id":"gp_functional_zones.fid--7752831e_19fb67eabdc_5b79","properties":{"area":50721.2184416563,"creation_doc_id":3613,"deactivation_doc_id":null,"func_zone_status_id":2,"ggk_zone_code":"11010000","ggk_zone_name":"Территория усадебной застройки","gp_func_zone_code":"11010000","gp_func_zone_code_id":19,"id":4723743,"zone_type_id":8},"type":"Feature"},{"bbox":[76.9455,43.383,76.9487,43.3863],"geometry":{"coordinates":[[[[76.9487,43.3863],[76.9472,43.383],[76.9455,43.3837],[76.9487,43.3863]]]],"type":"MultiPolygon"},"geometry_name":"shape","id":"gp_functional_zones.fid--7752831e_19fb67eabdc_5b7a","properties":{"area":29788.7903978202,"creation_doc_id":3613,"deactivation_doc_id":null,"func_zone_status_id":2,"ggk_zone_code":"11010000","ggk_zone_name":"Территория усадебной застройки","gp_func_zone_code":"11010000","gp_func_zone_code_id":19,"id":4723744,"zone_type_id":8},"type":"Feature"},{"bbox":[76.943,43.3843,76.9445,43.387],"geometry":{"coordinates":[[[[76.9436,43.3843],[76.9436,43.3843],[76.943,43.3844],[76.9436,43.387],[76.9445,43.3869],[76.9441,43.3854],[76.9441,43.3853],[76.944,43.3847],[76.9439,43.3846],[76.9438,43.3846],[76.9438,43.3845],[76.9437,43.3844],[76.9436,43.3843]]]],"type":"MultiPolygon"},"geometry_name":"shape","id":"gp_functional_zones.fid--7752831e_19fb67eabdc_5b7b","properties":{"area":20925.0379582298,"creation_doc_id":3613,"deactivation_doc_id":null,"func_zone_status_id":2,"ggk_zone_code":"11010000","ggk_zone_name":"Территория усадебной застройки","gp_func_zone_code":"11010000","gp_func_zone_code_id":19,"id":4723745,"zone_type_id":8},"type":"Feature"},{"bbox":[76.9419,43.3844,76.9434,43.3871],"geometry":{"coordinates":[[[[76.9434,43.387],[76.9427,43.3844],[76.9419,43.3846],[76.9424,43.3871],[76.9434,43.387]]]],"type":"MultiPolygon"},"geometry_name":"shape","id":"gp_functional_zones.fid--7752831e_19fb67eabdc_5b7c","properties":{"area":20973.6756244159,"creation_doc_id":3613,"deactivation_doc_id":null,"func_zone_status_id":2,"ggk_zone_code":"11010000","ggk_zone_name":"Территория усадебной застройки","gp_func_zone_code":"11010000","gp_func_zone_code_id":19,"id":4723746,"zone_type_id":8},"type":"Feature"},{"bbox":[76.9459,43.3866,76.9475,43.3877],"geometry":{"coordinates":[[[[76.9467,43.3869],[76.9459,43.3866],[76.9462,43.3877],[76.9472,43.3876],[76.9475,43.3876],[76.9475,43.3876],[76.9473,43.3872],[76.9472,43.3872],[76.9472,43.3871],[76.9471,43.3871],[76.947,43.387],[76.947,43.387],[76.9469,43.3869],[76.9468,43.3869],[76.9467,43.3869]]]],"type":"MultiPolygon"},"geometry_name":"shape","id":"gp_functional_zones.fid--7752831e_19fb67eabdc_5b7d","properties":{"area":9250.61360744787,"creation_doc_id":3613,"deactivation_doc_id":null,"func_zone_status_id":2,"ggk_zone_code":"11010000","ggk_zone_name":"Территория усадебной застройки","gp_func_zone_code":"11010000","gp_func_zone_code_id":19,"id":4723747,"zone_type_id":8},"type":"Feature"},{"bbox":[76.9444,43.3855,76.9459,43.3879],"geometry":{"coordinates":[[[[76.9445,43.3855],[76.9444,43.3855],[76.9448,43.3869],[76.945,43.3879],[76.9459,43.3878],[76.9456,43.3865],[76.9456,43.3865],[76.9456,43.3865],[76.9455,43.3865],[76.9455,43.3865],[76.9454,43.3864],[76.9454,43.3864],[76.9453,43.3864],[76.9453,43.3864],[76.9453,43.3863],[76.9453,43.3863],[76.9452,43.3863],[76.9452,43.3863],[76.9449,43.3859],[76.9446,43.3856],[76.9445,43.3856],[76.9445,43.3855]]]],"type":"MultiPolygon"},"geometry_name":"shape","id":"gp_functional_zones.fid--7752831e_19fb67eabdc_5b7e","properties":{"area":15094.4314061482,"creation_doc_id":3613,"deactivation_doc_id":null,"func_zone_status_id":2,"ggk_zone_code":"11010000","ggk_zone_name":"Территория усадебной застройки","gp_func_zone_code":"11010000","gp_func_zone_code_id":19,"id":4723748,"zone_type_id":8},"type":"Feature"},{"bbox":[76.9474,43.3823,76.9517,43.3878],"geometry":{"coordinates":[[[[76.9517,43.3875],[76.9505,43.383],[76.9499,43.3829],[76.9499,43.3829],[76.9499,43.3829],[76.9499,43.3829],[76.9499,43.3829],[76.9499,43.3829],[76.9499,43.3829],[76.9499,43.3829],[76.9499,43.3829],[76.9498,43.3829],[76.9498,43.3829],[76.9498,43.3829],[76.9498,43.3829],[76.9498,43.3829],[76.9498,43.3829],[76.9493,43.3823],[76.9474,43.383],[76.9489,43.3861],[76.9489,43.3861],[76.9495,43.3862],[76.9496,43.3859],[76.9492,43.3857],[76.9488,43.3852],[76.9492,43.385],[76.9495,43.3845],[76.9499,43.3845],[76.9504,43.3866],[76.9506,43.3874],[76.9508,43.3878],[76.9508,43.3878],[76.9511,43.3877],[76.9514,43.3876],[76.9517,43.3875]]]],"type":"MultiPolygon"},"geometry_name":"shape","id":"gp_functional_zones.fid--7752831e_19fb67eabdc_5b7f","properties":{"area":88159.1465381751,"creation_doc_id":3613,"deactivation_doc_id":null,"func_zone_status_id":2,"ggk_zone_code":"11010000","ggk_zone_name":"Территория усадебной застройки","gp_func_zone_code":"11010000","gp_func_zone_code_id":19,"id":4723749,"zone_type_id":8},"type":"Feature"},{"bbox":[76.9425,43.3872,76.9436,43.388],"geometry":{"coordinates":[[[[76.9436,43.388],[76.9434,43.3872],[76.9425,43.3873],[76.9426,43.3879],[76.9436,43.388]]]],"type":"MultiPolygon"},"geometry_name":"shape","id":"gp_functional_zones.fid--7752831e_19fb67eabdc_5b80","properties":{"area":6079.68438119991,"creation_doc_id":3613,"deactivation_doc_id":null,"func_zone_status_id":2,"ggk_zone_code":"11010000","ggk_zone_name":"Территория усадебной застройки","gp_func_zone_code":"11010000","gp_func_zone_code_id":19,"id":4723750,"zone_type_id":8},"type":"Feature"},{"bbox":[76.9436,43.387,76.9448,43.3881],"geometry":{"coordinates":[[[[76.9448,43.388],[76.9445,43.387],[76.9436,43.3871],[76.9439,43.388],[76.9448,43.3881],[76.9448,43.388]]]],"type":"MultiPolygon"},"geometry_name":"shape","id":"gp_functional_zones.fid--7752831e_19fb67eabdc_5b81","properties":{"area":8276.127266514,"creation_doc_id":3613,"deactivation_doc_id":null,"func_zone_status_id":2,"ggk_zone_code":"11010000","ggk_zone_name":"Территория усадебной застройки","gp_func_zone_code":"11010000","gp_func_zone_code_id":19,"id":4723751,"zone_type_id":8},"type":"Feature"},{"bbox":[76.945,43.3879,76.946,43.3882],"geometry":{"coordinates":[[[[76.946,43.3882],[76.946,43.3879],[76.945,43.3881],[76.9451,43.3882],[76.9452,43.3882],[76.9456,43.3882],[76.9459,43.3882],[76.946,43.3882]]]],"type":"MultiPolygon"},"geometry_name":"shape","id":"gp_functional_zones.fid--7752831e_19fb67eabdc_5b82","properties":{"area":1610.33182438317,"creation_doc_id":3613,"deactivation_doc_id":null,"func_zone_status_id":2,"ggk_zone_code":"11010000","ggk_zone_name":"Территория усадебной застройки","gp_func_zone_code":"11010000","gp_func_zone_code_id":19,"id":4723752,"zone_type_id":8},"type":"Feature"},{"bbox":[76.9474,43.3877,76.9478,43.3882],"geometry":{"coordinates":[[[[76.9476,43.3879],[76.9476,43.3877],[76.9474,43.3878],[76.9475,43.3882],[76.9475,43.3882],[76.9478,43.3882],[76.9478,43.3882],[76.9476,43.3879]]]],"type":"MultiPolygon"},"geometry_name":"shape","id":"gp_functional_zones.fid--7752831e_19fb67eabdc_5b83","properties":{"area":1196.37719605029,"creation_doc_id":3613,"deactivation_doc_id":null,"func_zone_status_id":2,"ggk_zone_code":"11010000","ggk_zone_name":"Территория усадебной застройки","gp_func_zone_code":"11010000","gp_func_zone_code_id":19,"id":4723753,"zone_type_id":8},"type":"Feature"},{"bbox":[76.9462,43.3878,76.9472,43.3883],"geometry":{"coordinates":[[[[76.9472,43.3883],[76.9471,43.3878],[76.9462,43.3879],[76.9463,43.3882],[76.9465,43.3883],[76.9469,43.3883],[76.9472,43.3883],[76.9472,43.3883]]]],"type":"MultiPolygon"},"geometry_name":"shape","id":"gp_functional_zones.fid--7752831e_19fb67eabdc_5b84","properties":{"area":3236.1432441545,"creation_doc_id":3613,"deactivation_doc_id":null,"func_zone_status_id":2,"ggk_zone_code":"11010000","ggk_zone_name":"Территория усадебной застройки","gp_func_zone_code":"11010000","gp_func_zone_code_id":19,"id":4723754,"zone_type_id":8},"type":"Feature"},{"bbox":[76.9476,43.3888,76.9484,43.3909],"geometry":{"coordinates":[[[[76.9482,43.3888],[76.9481,43.3888],[76.9479,43.3888],[76.9479,43.3888],[76.9476,43.3888],[76.9481,43.3909],[76.9481,43.3909],[76.9482,43.3907],[76.9483,43.3906],[76.9483,43.3904],[76.9484,43.3894],[76.9484,43.3893],[76.9484,43.3893],[76.9484,43.3892],[76.9484,43.3892],[76.9482,43.3888]]]],"type":"MultiPolygon"},"geometry_name":"shape","id":"gp_functional_zones.fid--7752831e_19fb67eabdc_5b85","properties":{"area":8947.65420901555,"creation_doc_id":3613,"deactivation_doc_id":null,"func_zone_status_id":2,"ggk_zone_code":"11010000","ggk_zone_name":"Территория усадебной застройки","gp_func_zone_code":"11010000","gp_func_zone_code_id":19,"id":4723755,"zone_type_id":8},"type":"Feature"},{"bbox":[76.9427,43.3885,76.9444,43.3915],"geometry":{"coordinates":[[[[76.9437,43.3886],[76.9427,43.3885],[76.9434,43.3915],[76.9444,43.3914],[76.9437,43.3886]]]],"type":"MultiPolygon"},"geometry_name":"shape","id":"gp_functional_zones.fid--7752831e_19fb67eabdc_5b86","properties":{"area":25247.4252902801,"creation_doc_id":3613,"deactivation_doc_id":null,"func_zone_status_id":2,"ggk_zone_code":"11010000","ggk_zone_name":"Территория усадебной застройки","gp_func_zone_code":"11010000","gp_func_zone_code_id":19,"id":4723756,"zone_type_id":8},"type":"Feature"},{"bbox":[76.9464,43.3888,76.948,43.3914],"geometry":{"coordinates":[[[[76.9479,43.3911],[76.9473,43.3888],[76.9472,43.3888],[76.9472,43.3888],[76.9469,43.3888],[76.9469,43.3888],[76.9465,43.3888],[76.9465,43.3888],[76.9464,43.3888],[76.947,43.3914],[76.9477,43.3913],[76.9479,43.3912],[76.948,43.3911],[76.9479,43.3911],[76.9479,43.3911],[76.9479,43.3911],[76.9479,43.3911],[76.9479,43.3911],[76.9479,43.3911]]]],"type":"MultiPolygon"},"geometry_name":"shape","id":"gp_functional_zones.fid--7752831e_19fb67eabdc_5b87","properties":{"area":21224.3889844824,"creation_doc_id":3613,"deactivation_doc_id":null,"func_zone_status_id":2,"ggk_zone_code":"11010000","ggk_zone_name":"Территория усадебной застройки","gp_func_zone_code":"11010000","gp_func_zone_code_id":19,"id":4723757,"zone_type_id":8},"type":"Feature"},{"bbox":[76.944,43.3886,76.9456,43.3915],"geometry":{"coordinates":[[[[76.9456,43.3915],[76.9449,43.3887],[76.944,43.3886],[76.9446,43.3914],[76.9452,43.3914],[76.9452,43.3914],[76.9453,43.3914],[76.9453,43.3914],[76.9454,43.3914],[76.9454,43.3914],[76.9455,43.3915],[76.9455,43.3915],[76.9456,43.3915]]]],"type":"MultiPolygon"},"geometry_name":"shape","id":"gp_functional_zones.fid--7752831e_19fb67eabdc_5b88","properties":{"area":24204.5834528822,"creation_doc_id":3613,"deactivation_doc_id":null,"func_zone_status_id":2,"ggk_zone_code":"11010000","ggk_zone_name":"Территория усадебной застройки","gp_func_zone_code":"11010000","gp_func_zone_code_id":19,"id":4723758,"zone_type_id":8},"type":"Feature"},{"bbox":[76.9452,43.3887,76.9468,43.3916],"geometry":{"coordinates":[[[[76.9455,43.3887],[76.9452,43.3887],[76.9459,43.3916],[76.9468,43.3914],[76.9462,43.3888],[76.9458,43.3888],[76.9458,43.3888],[76.9455,43.3887],[76.9455,43.3887]]]],"type":"MultiPolygon"},"geometry_name":"shape","id":"gp_functional_zones.fid--7752831e_19fb67eabdc_5b89","properties":{"area":23358.4412701879,"creation_doc_id":3613,"deactivation_doc_id":null,"func_zone_status_id":2,"ggk_zone_code":"11010000","ggk_zone_name":"Территория усадебной застройки","gp_func_zone_code":"11010000","gp_func_zone_code_id":19,"id":4723759,"zone_type_id":8},"type":"Feature"},{"bbox":[76.9459,43.3915,76.9475,43.3922],"geometry":{"coordinates":[[[[76.9473,43.3916],[76.9475,43.3915],[76.947,43.3916],[76.9459,43.3917],[76.946,43.3921],[76.9461,43.3922],[76.9462,43.3922],[76.9462,43.3922],[76.9464,43.3921],[76.9465,43.392],[76.9467,43.392],[76.9469,43.3919],[76.947,43.3918],[76.9472,43.3917],[76.9473,43.3916]]]],"type":"MultiPolygon"},"geometry_name":"shape","id":"gp_functional_zones.fid--7752831e_19fb67eabdc_5b8a","properties":{"area":3966.72932986384,"creation_doc_id":3613,"deactivation_doc_id":null,"func_zone_status_id":2,"ggk_zone_code":"11010000","ggk_zone_name":"Территория усадебной застройки","gp_func_zone_code":"11010000","gp_func_zone_code_id":19,"id":4723760,"zone_type_id":8},"type":"Feature"},{"bbox":[76.9446,43.3916,76.9459,43.3932],"geometry":{"coordinates":[[[[76.9452,43.3916],[76.9452,43.3916],[76.9446,43.3916],[76.9447,43.3932],[76.9447,43.3932],[76.9448,43.3932],[76.9451,43.3932],[76.9453,43.3931],[76.9455,43.3931],[76.9455,43.3931],[76.9455,43.393],[76.9455,43.393],[76.9455,43.393],[76.9455,43.3929],[76.9455,43.3929],[76.9455,43.3928],[76.9455,43.3928],[76.9456,43.3927],[76.9456,43.3927],[76.9456,43.3926],[76.9456,43.3926],[76.9457,43.3925],[76.9457,43.3925],[76.9457,43.3925],[76.9457,43.3925],[76.9458,43.3924],[76.9458,43.3924],[76.9459,43.3923],[76.9459,43.3923],[76.9459,43.3923],[76.9458,43.3922],[76.9458,43.3922],[76.9458,43.3922],[76.9457,43.3917],[76.9456,43.3917],[76.9455,43.3917],[76.9454,43.3916],[76.9453,43.3916],[76.9452,43.3916]]]],"type":"MultiPolygon"},"geometry_name":"shape","id":"gp_functional_zones.fid--7752831e_19fb67eabdc_5b8b","properties":{"area":13765.4955621173,"creation_doc_id":3613,"deactivation_doc_id":null,"func_zone_status_id":2,"ggk_zone_code":"11010000","ggk_zone_name":"Территория усадебной застройки","gp_func_zone_code":"11010000","gp_func_zone_code_id":19,"id":4723761,"zone_type_id":8},"type":"Feature"},{"bbox":[76.9422,43.3916,76.9445,43.3935],"geometry":{"coordinates":[[[[76.9445,43.3933],[76.9444,43.3926],[76.9428,43.3927],[76.9428,43.3916],[76.9422,43.3917],[76.9422,43.3934],[76.9433,43.3935],[76.9434,43.3935],[76.9435,43.3935],[76.9436,43.3935],[76.9437,43.3935],[76.9438,43.3934],[76.944,43.3934],[76.9443,43.3933],[76.9445,43.3933]]]],"type":"MultiPolygon"},"geometry_name":"shape","id":"gp_functional_zones.fid--7752831e_19fb67eabdc_5b8c","properties":{"area":21476.8467365295,"creation_doc_id":3613,"deactivation_doc_id":null,"func_zone_status_id":2,"ggk_zone_code":"11010000","ggk_zone_name":"Территория усадебной застройки","gp_func_zone_code":"11010000","gp_func_zone_code_id":19,"id":4723762,"zone_type_id":8},"type":"Feature"},{"bbox":[76.9422,43.3936,76.9435,43.3966],"geometry":{"coordinates":[[[[76.9434,43.3966],[76.9435,43.3937],[76.9434,43.3937],[76.9434,43.3937],[76.9433,43.3937],[76.9422,43.3936],[76.9423,43.3966],[76.9434,43.3966]]]],"type":"MultiPolygon"},"geometry_name":"shape","id":"gp_functional_zones.fid--7752831e_19fb67eabdc_5b8d","properties":{"area":32217.9891365651,"creation_doc_id":3613,"deactivation_doc_id":null,"func_zone_status_id":2,"ggk_zone_code":"11010000","ggk_zone_name":"Территория усадебной застройки","gp_func_zone_code":"11010000","gp_func_zone_code_id":19,"id":4723763,"zone_type_id":8},"type":"Feature"},{"bbox":[76.9436,43.3934,76.9447,43.3967],"geometry":{"coordinates":[[[[76.9447,43.3937],[76.9446,43.3934],[76.9446,43.3934],[76.9444,43.3935],[76.9441,43.3935],[76.9439,43.3936],[76.9438,43.3936],[76.9438,43.3936],[76.9437,43.3936],[76.9436,43.3966],[76.9446,43.3967],[76.9447,43.3937]]]],"type":"MultiPolygon"},"geometry_name":"shape","id":"gp_functional_zones.fid--7752831e_19fb67eabdc_5b8e","properties":{"area":25723.0215867636,"creation_doc_id":3613,"deactivation_doc_id":null,"func_zone_status_id":2,"ggk_zone_code":"11010000","ggk_zone_name":"Территория усадебной застройки","gp_func_zone_code":"11010000","gp_func_zone_code_id":19,"id":4723764,"zone_type_id":8},"type":"Feature"},{"bbox":[76.9448,43.3933,76.9471,43.397],"geometry":{"coordinates":[[[[76.9462,43.3943],[76.9461,43.3941],[76.9459,43.3939],[76.9458,43.3939],[76.9458,43.3938],[76.9457,43.3937],[76.9456,43.3936],[76.9456,43.3936],[76.9456,43.3935],[76.9455,43.3934],[76.9455,43.3933],[76.9454,43.3933],[76.9451,43.3933],[76.9449,43.3934],[76.9449,43.3937],[76.9449,43.3937],[76.9448,43.3967],[76.9457,43.3968],[76.9458,43.3942],[76.946,43.3943],[76.9459,43.3968],[76.9469,43.397],[76.9469,43.3969],[76.947,43.3968],[76.947,43.3966],[76.9471,43.3964],[76.9471,43.3963],[76.9471,43.3963],[76.9471,43.3962],[76.9471,43.3962],[76.9471,43.3961],[76.9471,43.3961],[76.9471,43.396],[76.9471,43.396],[76.9468,43.3955],[76.9468,43.3955],[76.9467,43.395],[76.9467,43.3949],[76.9467,43.3948],[76.9466,43.3947],[76.9466,43.3947],[76.9466,43.3946],[76.9464,43.3944],[76.9462,43.3943]]]],"type":"MultiPolygon"},"geometry_name":"shape","id":"gp_functional_zones.fid--7752831e_19fb67eabdc_5b8f","properties":{"area":48518.0138859528,"creation_doc_id":3613,"deactivation_doc_id":null,"func_zone_status_id":2,"ggk_zone_code":"11010000","ggk_zone_name":"Территория усадебной застройки","gp_func_zone_code":"11010000","gp_func_zone_code_id":19,"id":4723765,"zone_type_id":8},"type":"Feature"},{"bbox":[76.9483,43.3887,76.9528,43.3966],"geometry":{"coordinates":[[[[76.9518,43.3938],[76.9515,43.3933],[76.9513,43.3932],[76.951,43.3933],[76.951,43.3933],[76.9504,43.3929],[76.9504,43.3929],[76.95,43.3924],[76.95,43.3922],[76.9498,43.3917],[76.9494,43.3909],[76.9494,43.3903],[76.9494,43.3892],[76.949,43.3887],[76.949,43.3887],[76.949,43.3887],[76.9489,43.3887],[76.9486,43.3887],[76.9486,43.3887],[76.9484,43.3887],[76.9484,43.3888],[76.9486,43.3891],[76.9486,43.3891],[76.9486,43.3891],[76.9486,43.3892],[76.9486,43.3892],[76.9486,43.3892],[76.9487,43.3893],[76.9487,43.3893],[76.9487,43.3893],[76.9487,43.3893],[76.9487,43.3894],[76.9485,43.3904],[76.9485,43.3905],[76.9485,43.3905],[76.9485,43.3906],[76.9484,43.3908],[76.9484,43.3909],[76.9483,43.3911],[76.9483,43.3911],[76.9486,43.3912],[76.9486,43.3912],[76.9487,43.3912],[76.9487,43.3912],[76.9487,43.3912],[76.9487,43.3912],[76.9487,43.3912],[76.9487,43.3912],[76.9487,43.3912],[76.9487,43.3912],[76.9494,43.3923],[76.9494,43.3923],[76.9494,43.3923],[76.9497,43.393],[76.9496,43.393],[76.9496,43.3931],[76.9495,43.3933],[76.949,43.3941],[76.9489,43.3942],[76.9498,43.3946],[76.9497,43.3947],[76.9488,43.3959],[76.9487,43.3959],[76.9494,43.3963],[76.9494,43.3963],[76.9497,43.3964],[76.9502,43.3966],[76.9511,43.3966],[76.9523,43.3966],[76.9528,43.3966],[76.9528,43.3966],[76.9525,43.395],[76.9524,43.3944],[76.9524,43.3941],[76.9518,43.3938]]]],"type":"MultiPolygon"},"geometry_name":"shape","id":"gp_functional_zones.fid--7752831e_19fb67eabdc_5b90","properties":{"area":127166.67673794,"creation_doc_id":3613,"deactivation_doc_id":null,"func_zone_status_id":2,"ggk_zone_code":"11010000","ggk_zone_name":"Территория усадебной застройки","gp_func_zone_code":"11010000","gp_func_zone_code_id":19,"id":4723766,"zone_type_id":8},"type":"Feature"},{"bbox":[76.9423,43.3974,76.9434,43.3984],"geometry":{"coordinates":[[[[76.9433,43.3984],[76.9434,43.3974],[76.9426,43.3974],[76.9423,43.3975],[76.9423,43.3984],[76.9427,43.3984],[76.9433,43.3984]]]],"type":"MultiPolygon"},"geometry_name":"shape","id":"gp_functional_zones.fid--7752831e_19fb67eabdc_5b91","properties":{"area":9170.11139178455,"creation_doc_id":3613,"deactivation_doc_id":null,"func_zone_status_id":2,"ggk_zone_code":"11010000","ggk_zone_name":"Территория усадебной застройки","gp_func_zone_code":"11010000","gp_func_zone_code_id":19,"id":4723767,"zone_type_id":8},"type":"Feature"},{"bbox":[76.9436,43.3973,76.9445,43.3984],"geometry":{"coordinates":[[[[76.9445,43.3984],[76.9445,43.3973],[76.9436,43.3974],[76.9436,43.3984],[76.9436,43.3984],[76.9445,43.3984]]]],"type":"MultiPolygon"},"geometry_name":"shape","id":"gp_functional_zones.fid--7752831e_19fb67eabdc_5b92","properties":{"area":8670.1504945704,"creation_doc_id":3613,"deactivation_doc_id":null,"func_zone_status_id":2,"ggk_zone_code":"11010000","ggk_zone_name":"Территория усадебной застройки","gp_func_zone_code":"11010000","gp_func_zone_code_id":19,"id":4723768,"zone_type_id":8},"type":"Feature"},{"bbox":[76.9447,43.3973,76.9457,43.3984],"geometry":{"coordinates":[[[[76.9456,43.3984],[76.9457,43.3973],[76.9448,43.3973],[76.9447,43.3984],[76.9451,43.3984],[76.9456,43.3984],[76.9456,43.3984]]]],"type":"MultiPolygon"},"geometry_name":"shape","id":"gp_functional_zones.fid--7752831e_19fb67eabdc_5b93","properties":{"area":9055.12632295341,"creation_doc_id":3613,"deactivation_doc_id":null,"func_zone_status_id":2,"ggk_zone_code":"11010000","ggk_zone_name":"Территория усадебной застройки","gp_func_zone_code":"11010000","gp_func_zone_code_id":19,"id":4723769,"zone_type_id":8},"type":"Feature"},{"bbox":[76.9459,43.3972,76.9469,43.3984],"geometry":{"coordinates":[[[[76.9469,43.3973],[76.9469,43.3972],[76.9459,43.3973],[76.9459,43.3984],[76.9462,43.3984],[76.9466,43.3984],[76.9466,43.3983],[76.9467,43.3981],[76.9468,43.3979],[76.9468,43.3977],[76.9468,43.3975],[76.9469,43.3973]]]],"type":"MultiPolygon"},"geometry_name":"shape","id":"gp_functional_zones.fid--7752831e_19fb67eabdc_5b94","properties":{"area":9047.4282540391,"creation_doc_id":3613,"deactivation_doc_id":null,"func_zone_status_id":2,"ggk_zone_code":"11010000","ggk_zone_name":"Территория усадебной застройки","gp_func_zone_code":"11010000","gp_func_zone_code_id":19,"id":4723770,"zone_type_id":8},"type":"Feature"},{"bbox":[76.9422,43.3989,76.9433,43.4005],"geometry":{"coordinates":[[[[76.9427,43.3989],[76.9422,43.3989],[76.9422,43.4005],[76.9432,43.4005],[76.9433,43.3989],[76.9427,43.3989]]]],"type":"MultiPolygon"},"geometry_name":"shape","id":"gp_functional_zones.fid--7752831e_19fb67eabdc_5b95","properties":{"area":14552.4006265732,"creation_doc_id":3613,"deactivation_doc_id":null,"func_zone_status_id":2,"ggk_zone_code":"11010000","ggk_zone_name":"Территория усадебной застройки","gp_func_zone_code":"11010000","gp_func_zone_code_id":19,"id":4723771,"zone_type_id":8},"type":"Feature"},{"bbox":[76.9435,43.3989,76.9445,43.4005],"geometry":{"coordinates":[[[[76.9436,43.3989],[76.9435,43.3989],[76.9435,43.4005],[76.9444,43.4005],[76.9445,43.399],[76.9436,43.3989]]]],"type":"MultiPolygon"},"geometry_name":"shape","id":"gp_functional_zones.fid--7752831e_19fb67eabdc_5b96","properties":{"area":12740.9088227094,"creation_doc_id":3613,"deactivation_doc_id":null,"func_zone_status_id":2,"ggk_zone_code":"11010000","ggk_zone_name":"Территория усадебной застройки","gp_func_zone_code":"11010000","gp_func_zone_code_id":19,"id":4723772,"zone_type_id":8},"type":"Feature"},{"bbox":[76.9446,43.399,76.9456,43.4005],"geometry":{"coordinates":[[[[76.945,43.399],[76.9447,43.399],[76.9446,43.4005],[76.9456,43.4005],[76.9456,43.399],[76.945,43.399]]]],"type":"MultiPolygon"},"geometry_name":"shape","id":"gp_functional_zones.fid--7752831e_19fb67eabdc_5b97","properties":{"area":12968.4064661734,"creation_doc_id":3613,"deactivation_doc_id":null,"func_zone_status_id":2,"ggk_zone_code":"11010000","ggk_zone_name":"Территория усадебной застройки","gp_func_zone_code":"11010000","gp_func_zone_code_id":19,"id":4723773,"zone_type_id":8},"type":"Feature"},{"bbox":[76.9458,43.3989,76.9469,43.4005],"geometry":{"coordinates":[[[[76.9465,43.3991],[76.9465,43.3989],[76.9462,43.399],[76.9459,43.399],[76.9458,43.4005],[76.9469,43.4005],[76.9468,43.4004],[76.9468,43.4003],[76.9467,43.4001],[76.9467,43.3999],[76.9466,43.3997],[76.9466,43.3995],[76.9465,43.3993],[76.9465,43.3991]]]],"type":"MultiPolygon"},"geometry_name":"shape","id":"gp_functional_zones.fid--7752831e_19fb67eabdc_5b98","properties":{"area":11704.4146838533,"creation_doc_id":3613,"deactivation_doc_id":null,"func_zone_status_id":2,"ggk_zone_code":"11010000","ggk_zone_name":"Территория усадебной застройки","gp_func_zone_code":"11010000","gp_func_zone_code_id":19,"id":4723774,"zone_type_id":8},"type":"Feature"},{"bbox":[76.9457,43.4007,76.9477,43.4027],"geometry":{"coordinates":[[[[76.947,43.4007],[76.9458,43.4007],[76.9457,43.4027],[76.9463,43.4027],[76.9467,43.4027],[76.9474,43.4026],[76.9475,43.4026],[76.9476,43.4025],[76.9477,43.4024],[76.9477,43.4016],[76.9477,43.4015],[76.9477,43.4015],[76.9477,43.4014],[76.9476,43.4013],[76.9476,43.4013],[76.9476,43.4012],[76.9475,43.4012],[76.9475,43.4011],[76.9473,43.4011],[76.9472,43.401],[76.9472,43.401],[76.9471,43.4009],[76.947,43.4008],[76.947,43.4007]]]],"type":"MultiPolygon"},"geometry_name":"shape","id":"gp_functional_zones.fid--7752831e_19fb67eabdc_5b99","properties":{"area":31466.024764506,"creation_doc_id":3613,"deactivation_doc_id":null,"func_zone_status_id":2,"ggk_zone_code":"11010000","ggk_zone_name":"Территория усадебной застройки","gp_func_zone_code":"11010000","gp_func_zone_code_id":19,"id":4723775,"zone_type_id":8},"type":"Feature"},{"bbox":[76.9445,43.4007,76.9455,43.4028],"geometry":{"coordinates":[[[[76.9455,43.4007],[76.9446,43.4007],[76.9445,43.4028],[76.9451,43.4028],[76.9455,43.4027],[76.9455,43.4007]]]],"type":"MultiPolygon"},"geometry_name":"shape","id":"gp_functional_zones.fid--7752831e_19fb67eabdc_5b9a","properties":{"area":17001.1260844916,"creation_doc_id":3613,"deactivation_doc_id":null,"func_zone_status_id":2,"ggk_zone_code":"11010000","ggk_zone_name":"Территория усадебной застройки","gp_func_zone_code":"11010000","gp_func_zone_code_id":19,"id":4723776,"zone_type_id":8},"type":"Feature"},{"bbox":[76.9434,43.4007,76.9444,43.4028],"geometry":{"coordinates":[[[[76.9444,43.4007],[76.9435,43.4007],[76.9434,43.4028],[76.9443,43.4028],[76.9443,43.4028],[76.9444,43.4007]]]],"type":"MultiPolygon"},"geometry_name":"shape","id":"gp_functional_zones.fid--7752831e_19fb67eabdc_5b9b","properties":{"area":17363.8095564958,"creation_doc_id":3613,"deactivation_doc_id":null,"func_zone_status_id":2,"ggk_zone_code":"11010000","ggk_zone_name":"Территория усадебной застройки","gp_func_zone_code":"11010000","gp_func_zone_code_id":19,"id":4723777,"zone_type_id":8},"type":"Feature"},{"bbox":[76.9452,43.4029,76.9468,43.4048],"geometry":{"coordinates":[[[[76.9463,43.403],[76.9462,43.4029],[76.9456,43.4029],[76.9452,43.4029],[76.9459,43.4048],[76.9468,43.4047],[76.9463,43.403]]]],"type":"MultiPolygon"},"geometry_name":"shape","id":"gp_functional_zones.fid--7752831e_19fb67eabdc_5b9c","properties":{"area":16430.7965214912,"creation_doc_id":3613,"deactivation_doc_id":null,"func_zone_status_id":2,"ggk_zone_code":"11010000","ggk_zone_name":"Территория усадебной застройки","gp_func_zone_code":"11010000","gp_func_zone_code_id":19,"id":4723778,"zone_type_id":8},"type":"Feature"},{"bbox":[76.9444,43.4029,76.9456,43.405],"geometry":{"coordinates":[[[[76.9456,43.4049],[76.945,43.4029],[76.9444,43.403],[76.945,43.405],[76.9455,43.4049],[76.9456,43.4049]]]],"type":"MultiPolygon"},"geometry_name":"shape","id":"gp_functional_zones.fid--7752831e_19fb67eabdc_5b9d","properties":{"area":10830.2786096405,"creation_doc_id":3613,"deactivation_doc_id":null,"func_zone_status_id":2,"ggk_zone_code":"11010000","ggk_zone_name":"Территория усадебной застройки","gp_func_zone_code":"11010000","gp_func_zone_code_id":19,"id":4723779,"zone_type_id":8},"type":"Feature"},{"bbox":[76.9459,43.4049,76.948,43.4086],"geometry":{"coordinates":[[[[76.9477,43.4078],[76.9468,43.4049],[76.9459,43.405],[76.9466,43.4074],[76.9476,43.4086],[76.948,43.4085],[76.9477,43.4078],[76.9477,43.4078]]]],"type":"MultiPolygon"},"geometry_name":"shape","id":"gp_functional_zones.fid--7752831e_19fb67eabdc_5b9e","properties":{"area":27702.0650781024,"creation_doc_id":3613,"deactivation_doc_id":null,"func_zone_status_id":2,"ggk_zone_code":"11010000","ggk_zone_name":"Территория усадебной застройки","gp_func_zone_code":"11010000","gp_func_zone_code_id":19,"id":4723780,"zone_type_id":8},"type":"Feature"},{"bbox":[76.945,43.405,76.9474,43.409],"geometry":{"coordinates":[[[[76.9464,43.4075],[76.9457,43.405],[76.9456,43.4051],[76.945,43.4051],[76.9455,43.4068],[76.9458,43.4077],[76.9463,43.409],[76.9468,43.4089],[76.947,43.4088],[76.9474,43.4087],[76.9464,43.4075],[76.9464,43.4075],[76.9464,43.4075]]]],"type":"MultiPolygon"},"geometry_name":"shape","id":"gp_functional_zones.fid--7752831e_19fb67eabdc_5b9f","properties":{"area":27180.4421651282,"creation_doc_id":3613,"deactivation_doc_id":null,"func_zone_status_id":2,"ggk_zone_code":"11010000","ggk_zone_name":"Территория усадебной застройки","gp_func_zone_code":"11010000","gp_func_zone_code_id":19,"id":4723781,"zone_type_id":8},"type":"Feature"},{"bbox":[76.9419,43.403,76.9461,43.4096],"geometry":{"coordinates":[[[[76.9448,43.4051],[76.9442,43.403],[76.9433,43.403],[76.9422,43.4031],[76.9419,43.4031],[76.9419,43.4032],[76.942,43.4034],[76.942,43.4035],[76.9421,43.4036],[76.9438,43.4033],[76.944,43.4042],[76.9448,43.4069],[76.9452,43.4082],[76.9436,43.4084],[76.9439,43.4096],[76.9461,43.4091],[76.9455,43.4077],[76.9455,43.4077],[76.9453,43.4068],[76.9448,43.4051],[76.9448,43.4051],[76.9448,43.4051]]]],"type":"MultiPolygon"},"geometry_name":"shape","id":"gp_functional_zones.fid--7752831e_19fb67eabdc_5ba0","properties":{"area":51507.0333408104,"creation_doc_id":3613,"deactivation_doc_id":null,"func_zone_status_id":2,"ggk_zone_code":"11010000","ggk_zone_name":"Территория усадебной застройки","gp_func_zone_code":"11010000","gp_func_zone_code_id":19,"id":4723782,"zone_type_id":8},"type":"Feature"},{"bbox":[76.9592,43.4062,76.963,43.41],"geometry":{"coordinates":[[[[76.9618,43.4067],[76.9616,43.4062],[76.9599,43.4066],[76.96,43.4068],[76.9593,43.4072],[76.9592,43.4072],[76.961,43.4091],[76.961,43.4091],[76.961,43.4092],[76.9616,43.41],[76.963,43.4096],[76.9618,43.4067]]]],"type":"MultiPolygon"},"geometry_name":"shape","id":"gp_functional_zones.fid--7752831e_19fb67eabdc_5ba1","properties":{"area":64233.4957960608,"creation_doc_id":3613,"deactivation_doc_id":null,"func_zone_status_id":2,"ggk_zone_code":"11010000","ggk_zone_name":"Территория усадебной застройки","gp_func_zone_code":"11010000","gp_func_zone_code_id":19,"id":4723783,"zone_type_id":8},"type":"Feature"},{"bbox":[76.9567,43.4071,76.9613,43.4105],"geometry":{"coordinates":[[[[76.9585,43.4071],[76.9583,43.4071],[76.9577,43.4071],[76.9577,43.4071],[76.9577,43.4071],[76.9577,43.4071],[76.9576,43.4071],[76.9576,43.4071],[76.9576,43.4071],[76.9576,43.4071],[76.9576,43.4072],[76.9575,43.4072],[76.9575,43.4072],[76.9575,43.4072],[76.9575,43.4072],[76.9575,43.4072],[76.9575,43.4072],[76.9574,43.4072],[76.9574,43.4072],[76.9574,43.4072],[76.9574,43.4072],[76.9574,43.4072],[76.9573,43.4072],[76.9573,43.4072],[76.9573,43.4072],[76.9573,43.4072],[76.9573,43.4072],[76.9572,43.4072],[76.9572,43.4072],[76.9572,43.4072],[76.9572,43.4072],[76.9572,43.4072],[76.9572,43.4072],[76.9571,43.4072],[76.9571,43.4072],[76.9569,43.4072],[76.9567,43.4073],[76.9567,43.4073],[76.958,43.409],[76.9591,43.4105],[76.9592,43.4105],[76.9613,43.41],[76.9608,43.4092],[76.9589,43.4073],[76.9589,43.4073],[76.9585,43.4071]]]],"type":"MultiPolygon"},"geometry_name":"shape","id":"gp_functional_zones.fid--7752831e_19fb67eabdc_5ba3","properties":{"area":68221.6351789498,"creation_doc_id":3613,"deactivation_doc_id":null,"func_zone_status_id":2,"ggk_zone_code":"11010000","ggk_zone_name":"Территория усадебной застройки","gp_func_zone_code":"11010000","gp_func_zone_code_id":19,"id":4723785,"zone_type_id":8},"type":"Feature"},{"bbox":[76.9497,43.408,76.9519,43.4107],"geometry":{"coordinates":[[[[76.9519,43.4105],[76.9511,43.408],[76.9497,43.4084],[76.9508,43.4107],[76.9519,43.4105]]]],"type":"MultiPolygon"},"geometry_name":"shape","id":"gp_functional_zones.fid--7752831e_19fb67eabdc_5ba4","properties":{"area":29976.6070692785,"creation_doc_id":3613,"deactivation_doc_id":null,"func_zone_status_id":2,"ggk_zone_code":"11010000","ggk_zone_name":"Территория усадебной застройки","gp_func_zone_code":"11010000","gp_func_zone_code_id":19,"id":4723786,"zone_type_id":8},"type":"Feature"},{"bbox":[76.9484,43.4085,76.9503,43.4109],"geometry":{"coordinates":[[[[76.9492,43.4085],[76.9492,43.4085],[76.9484,43.4088],[76.9495,43.4109],[76.9503,43.4108],[76.9499,43.41],[76.9492,43.4085]]]],"type":"MultiPolygon"},"geometry_name":"shape","id":"gp_functional_zones.fid--7752831e_19fb67eabdc_5ba5","properties":{"area":18619.3392112015,"creation_doc_id":3613,"deactivation_doc_id":null,"func_zone_status_id":3,"ggk_zone_code":"11010000","ggk_zone_name":"Территория усадебной застройки","gp_func_zone_code":"11010000","gp_func_zone_code_id":19,"id":4723787,"zone_type_id":8},"type":"Feature"},{"bbox":[76.9473,43.4088,76.9492,43.4111],"geometry":{"coordinates":[[[[76.9492,43.411],[76.9482,43.4088],[76.9473,43.4091],[76.9484,43.4111],[76.9492,43.411]]]],"type":"MultiPolygon"},"geometry_name":"shape","id":"gp_functional_zones.fid--7752831e_19fb67eabdc_5ba6","properties":{"area":18294.2520366806,"creation_doc_id":3613,"deactivation_doc_id":null,"func_zone_status_id":2,"ggk_zone_code":"11010000","ggk_zone_name":"Территория усадебной застройки","gp_func_zone_code":"11010000","gp_func_zone_code_id":19,"id":4723788,"zone_type_id":8},"type":"Feature"},{"bbox":[76.9471,43.4101,76.9481,43.4113],"geometry":{"coordinates":[[[[76.9481,43.4112],[76.9476,43.4101],[76.9471,43.4102],[76.9475,43.4113],[76.9475,43.4113],[76.9481,43.4112]]]],"type":"MultiPolygon"},"geometry_name":"shape","id":"gp_functional_zones.fid--7752831e_19fb67eabdc_5ba7","properties":{"area":5703.0799274528,"creation_doc_id":3613,"deactivation_doc_id":null,"func_zone_status_id":2,"ggk_zone_code":"11010000","ggk_zone_name":"Территория усадебной застройки","gp_func_zone_code":"11010000","gp_func_zone_code_id":19,"id":4723789,"zone_type_id":8},"type":"Feature"},{"bbox":[76.9593,43.4102,76.9618,43.4113],"geometry":{"coordinates":[[[[76.9618,43.4108],[76.9615,43.4102],[76.9593,43.4107],[76.9593,43.4107],[76.9594,43.4109],[76.9595,43.411],[76.9595,43.411],[76.9595,43.411],[76.9597,43.4112],[76.9597,43.4112],[76.9597,43.4113],[76.9618,43.4108]]]],"type":"MultiPolygon"},"geometry_name":"shape","id":"gp_functional_zones.fid--7752831e_19fb67eabdc_5ba8","properties":{"area":14550.3436566743,"creation_doc_id":3613,"deactivation_doc_id":null,"func_zone_status_id":2,"ggk_zone_code":"11010000","ggk_zone_name":"Территория усадебной застройки","gp_func_zone_code":"11010000","gp_func_zone_code_id":19,"id":4723790,"zone_type_id":8},"type":"Feature"},{"bbox":[76.9509,43.4107,76.9523,43.4119],"geometry":{"coordinates":[[[[76.9523,43.4117],[76.952,43.4107],[76.9509,43.4109],[76.9514,43.4119],[76.9523,43.4117]]]],"type":"MultiPolygon"},"geometry_name":"shape","id":"gp_functional_zones.fid--7752831e_19fb67eabdc_5ba9","properties":{"area":9373.22190544624,"creation_doc_id":3613,"deactivation_doc_id":null,"func_zone_status_id":2,"ggk_zone_code":"11010000","ggk_zone_name":"Территория усадебной застройки","gp_func_zone_code":"11010000","gp_func_zone_code_id":19,"id":4723791,"zone_type_id":8},"type":"Feature"},{"bbox":[76.9429,43.4111,76.9439,43.412],"geometry":{"coordinates":[[[[76.9437,43.4111],[76.9437,43.4111],[76.9436,43.4111],[76.9429,43.4112],[76.9429,43.4112],[76.9432,43.412],[76.9439,43.4119],[76.9437,43.4111]]]],"type":"MultiPolygon"},"geometry_name":"shape","id":"gp_functional_zones.fid--7752831e_19fb67eabdc_5baa","properties":{"area":5813.98658396226,"creation_doc_id":3613,"deactivation_doc_id":null,"func_zone_status_id":2,"ggk_zone_code":"11010000","ggk_zone_name":"Территория усадебной застройки","gp_func_zone_code":"11010000","gp_func_zone_code_id":19,"id":4723792,"zone_type_id":8},"type":"Feature"},{"bbox":[76.9496,43.411,76.9509,43.4121],"geometry":{"coordinates":[[[[76.9507,43.4116],[76.9504,43.411],[76.9496,43.4111],[76.9499,43.4121],[76.9509,43.4119],[76.9507,43.4116]]]],"type":"MultiPolygon"},"geometry_name":"shape","id":"gp_functional_zones.fid--7752831e_19fb67eabdc_5bab","properties":{"area":8806.22065099295,"creation_doc_id":3613,"deactivation_doc_id":null,"func_zone_status_id":3,"ggk_zone_code":"11010000","ggk_zone_name":"Территория усадебной застройки","gp_func_zone_code":"11010000","gp_func_zone_code_id":19,"id":4723793,"zone_type_id":8},"type":"Feature"},{"bbox":[76.9412,43.4113,76.9429,43.4124],"geometry":{"coordinates":[[[[76.9429,43.4121],[76.9427,43.4113],[76.9412,43.4115],[76.9414,43.4124],[76.9429,43.4121]]]],"type":"MultiPolygon"},"geometry_name":"shape","id":"gp_functional_zones.fid--7752831e_19fb67eabdc_5bac","properties":{"area":11829.4486009537,"creation_doc_id":3613,"deactivation_doc_id":null,"func_zone_status_id":2,"ggk_zone_code":"11010000","ggk_zone_name":"Территория усадебной застройки","gp_func_zone_code":"11010000","gp_func_zone_code_id":19,"id":4723794,"zone_type_id":8},"type":"Feature"},{"bbox":[76.9484,43.4112,76.9497,43.4123],"geometry":{"coordinates":[[[[76.9497,43.4122],[76.9493,43.4112],[76.9484,43.4113],[76.9488,43.4123],[76.9497,43.4122]]]],"type":"MultiPolygon"},"geometry_name":"shape","id":"gp_functional_zones.fid--7752831e_19fb67eabdc_5bad","properties":{"area":8481.60415357639,"creation_doc_id":3613,"deactivation_doc_id":null,"func_zone_status_id":2,"ggk_zone_code":"11010000","ggk_zone_name":"Территория усадебной застройки","gp_func_zone_code":"11010000","gp_func_zone_code_id":19,"id":4723795,"zone_type_id":8},"type":"Feature"},{"bbox":[76.9473,43.4113,76.9485,43.4125],"geometry":{"coordinates":[[[[76.9485,43.4124],[76.9482,43.4113],[76.9473,43.4115],[76.9476,43.4125],[76.9485,43.4124]]]],"type":"MultiPolygon"},"geometry_name":"shape","id":"gp_functional_zones.fid--7752831e_19fb67eabdc_5bae","properties":{"area":8808.65818606874,"creation_doc_id":3613,"deactivation_doc_id":null,"func_zone_status_id":2,"ggk_zone_code":"11010000","ggk_zone_name":"Территория усадебной застройки","gp_func_zone_code":"11010000","gp_func_zone_code_id":19,"id":4723796,"zone_type_id":8},"type":"Feature"},{"bbox":[76.9461,43.4116,76.9474,43.4127],"geometry":{"coordinates":[[[[76.9474,43.4126],[76.947,43.4116],[76.9461,43.4117],[76.9465,43.4127],[76.9474,43.4126]]]],"type":"MultiPolygon"},"geometry_name":"shape","id":"gp_functional_zones.fid--7752831e_19fb67eabdc_5baf","properties":{"area":8763.86162072256,"creation_doc_id":3613,"deactivation_doc_id":null,"func_zone_status_id":2,"ggk_zone_code":"11010000","ggk_zone_name":"Территория усадебной застройки","gp_func_zone_code":"11010000","gp_func_zone_code_id":19,"id":4723797,"zone_type_id":8},"type":"Feature"},{"bbox":[76.9515,43.4119,76.9528,43.4134],"geometry":{"coordinates":[[[[76.9525,43.4124],[76.9524,43.4119],[76.9515,43.412],[76.9522,43.4134],[76.9528,43.4133],[76.9527,43.4128],[76.9525,43.4124]]]],"type":"MultiPolygon"},"geometry_name":"shape","id":"gp_functional_zones.fid--7752831e_19fb67eabdc_5bb0","properties":{"area":10695.1097079974,"creation_doc_id":3613,"deactivation_doc_id":null,"func_zone_status_id":2,"ggk_zone_code":"11010000","ggk_zone_name":"Территория усадебной застройки","gp_func_zone_code":"11010000","gp_func_zone_code_id":19,"id":4723798,"zone_type_id":8},"type":"Feature"},{"bbox":[76.9432,43.4121,76.9444,43.4137],"geometry":{"coordinates":[[[[76.9443,43.4132],[76.944,43.4121],[76.9432,43.4122],[76.9437,43.4137],[76.9444,43.4135],[76.9443,43.4132]]]],"type":"MultiPolygon"},"geometry_name":"shape","id":"gp_functional_zones.fid--7752831e_19fb67eabdc_5bb1","properties":{"area":9864.64711204706,"creation_doc_id":3613,"deactivation_doc_id":null,"func_zone_status_id":2,"ggk_zone_code":"11010000","ggk_zone_name":"Территория усадебной застройки","gp_func_zone_code":"11010000","gp_func_zone_code_id":19,"id":4723799,"zone_type_id":8},"type":"Feature"},{"bbox":[76.95,43.4121,76.9516,43.4138],"geometry":{"coordinates":[[[[76.9515,43.4133],[76.951,43.4121],[76.95,43.4123],[76.9504,43.4138],[76.9508,43.4137],[76.9508,43.4137],[76.9516,43.4135],[76.9515,43.4133]]]],"type":"MultiPolygon"},"geometry_name":"shape","id":"gp_functional_zones.fid--7752831e_19fb67eabdc_5bb2","properties":{"area":15396.9722245322,"creation_doc_id":3613,"deactivation_doc_id":null,"func_zone_status_id":3,"ggk_zone_code":"11010000","ggk_zone_name":"Территория усадебной застройки","gp_func_zone_code":"11010000","gp_func_zone_code_id":19,"id":4723800,"zone_type_id":8},"type":"Feature"},{"bbox":[76.9488,43.4123,76.9502,43.414],"geometry":{"coordinates":[[[[76.9502,43.4138],[76.9497,43.4123],[76.9488,43.4125],[76.9493,43.414],[76.9502,43.4138]]]],"type":"MultiPolygon"},"geometry_name":"shape","id":"gp_functional_zones.fid--7752831e_19fb67eabdc_5bb3","properties":{"area":12837.7422774296,"creation_doc_id":3613,"deactivation_doc_id":null,"func_zone_status_id":2,"ggk_zone_code":"11010000","ggk_zone_name":"Территория усадебной застройки","gp_func_zone_code":"11010000","gp_func_zone_code_id":19,"id":4723801,"zone_type_id":8},"type":"Feature"},{"bbox":[76.9654,43.4122,76.9668,43.4138],"geometry":{"coordinates":[[[[76.9668,43.4136],[76.9664,43.4122],[76.9663,43.4123],[76.966,43.4123],[76.9657,43.4124],[76.9654,43.4124],[76.9654,43.4124],[76.9659,43.4138],[76.9668,43.4136],[76.9668,43.4136]]]],"type":"MultiPolygon"},"geometry_name":"shape","id":"gp_functional_zones.fid--7752831e_19fb67eabdc_5bb4","properties":{"area":12601.9814160134,"creation_doc_id":3613,"deactivation_doc_id":null,"func_zone_status_id":2,"ggk_zone_code":"11010000","ggk_zone_name":"Территория усадебной застройки","gp_func_zone_code":"11010000","gp_func_zone_code_id":19,"id":4723802,"zone_type_id":8},"type":"Feature"},{"bbox":[76.9477,43.4125,76.9491,43.4142],"geometry":{"coordinates":[[[[76.9491,43.4141],[76.9486,43.4125],[76.9477,43.4127],[76.9482,43.4142],[76.9491,43.4141]]]],"type":"MultiPolygon"},"geometry_name":"shape","id":"gp_functional_zones.fid--7752831e_19fb67eabdc_5bb5","properties":{"area":13110.1572793178,"creation_doc_id":3613,"deactivation_doc_id":null,"func_zone_status_id":2,"ggk_zone_code":"11010000","ggk_zone_name":"Территория усадебной застройки","gp_func_zone_code":"11010000","gp_func_zone_code_id":19,"id":4723803,"zone_type_id":8},"type":"Feature"},{"bbox":[76.9641,43.4124,76.9656,43.414],"geometry":{"coordinates":[[[[76.9656,43.4138],[76.9651,43.4124],[76.9651,43.4124],[76.9648,43.4125],[76.9646,43.4125],[76.9641,43.4126],[76.9648,43.414],[76.9656,43.4138]]]],"type":"MultiPolygon"},"geometry_name":"shape","id":"gp_functional_zones.fid--7752831e_19fb67eabdc_5bb6","properties":{"area":12483.1550728355,"creation_doc_id":3613,"deactivation_doc_id":null,"func_zone_status_id":2,"ggk_zone_code":"11010000","ggk_zone_name":"Территория усадебной застройки","gp_func_zone_code":"11010000","gp_func_zone_code_id":19,"id":4723804,"zone_type_id":8},"type":"Feature"},{"bbox":[76.9631,43.4126,76.9646,43.414],"geometry":{"coordinates":[[[[76.9646,43.414],[76.9639,43.4126],[76.9636,43.4127],[76.9631,43.4128],[76.9633,43.4131],[76.9637,43.4138],[76.9637,43.4139],[76.9637,43.4139],[76.9637,43.414],[76.9646,43.414]]]],"type":"MultiPolygon"},"geometry_name":"shape","id":"gp_functional_zones.fid--7752831e_19fb67eabdc_5bb7","properties":{"area":9976.62838921136,"creation_doc_id":3613,"deactivation_doc_id":null,"func_zone_status_id":2,"ggk_zone_code":"11010000","ggk_zone_name":"Территория усадебной застройки","gp_func_zone_code":"11010000","gp_func_zone_code_id":19,"id":4723805,"zone_type_id":8},"type":"Feature"},{"bbox":[76.9465,43.4127,76.9479,43.4145],"geometry":{"coordinates":[[[[76.9479,43.4143],[76.9474,43.4127],[76.9465,43.4129],[76.947,43.4145],[76.9479,43.4143]]]],"type":"MultiPolygon"},"geometry_name":"shape","id":"gp_functional_zones.fid--7752831e_19fb67eabdc_5bb8","properties":{"area":13595.7473359793,"creation_doc_id":3613,"deactivation_doc_id":null,"func_zone_status_id":2,"ggk_zone_code":"11010000","ggk_zone_name":"Территория усадебной застройки","gp_func_zone_code":"11010000","gp_func_zone_code_id":19,"id":4723806,"zone_type_id":8},"type":"Feature"},{"bbox":[76.9607,43.4128,76.9635,43.4145],"geometry":{"coordinates":[[[[76.9635,43.4139],[76.9631,43.4132],[76.9613,43.4136],[76.9613,43.4134],[76.963,43.4131],[76.9628,43.4128],[76.9625,43.4129],[76.962,43.413],[76.9615,43.4131],[76.961,43.4132],[76.9607,43.4133],[76.9611,43.4145],[76.9615,43.4143],[76.9615,43.4143],[76.9615,43.4143],[76.9615,43.4143],[76.9635,43.414],[76.9635,43.4139]]]],"type":"MultiPolygon"},"geometry_name":"shape","id":"gp_functional_zones.fid--7752831e_19fb67eabdc_5bb9","properties":{"area":22363.8041562404,"creation_doc_id":3613,"deactivation_doc_id":null,"func_zone_status_id":2,"ggk_zone_code":"11010000","ggk_zone_name":"Территория усадебной застройки","gp_func_zone_code":"11010000","gp_func_zone_code_id":19,"id":4723807,"zone_type_id":8},"type":"Feature"},{"bbox":[76.9494,43.414,76.9505,43.4148],"geometry":{"coordinates":[[[[76.9505,43.4144],[76.9503,43.414],[76.9494,43.4142],[76.9498,43.4148],[76.9505,43.4144]]]],"type":"MultiPolygon"},"geometry_name":"shape","id":"gp_functional_zones.fid--7752831e_19fb67eabdc_5bba","properties":{"area":4303.01555215776,"creation_doc_id":3613,"deactivation_doc_id":null,"func_zone_status_id":2,"ggk_zone_code":"11010000","ggk_zone_name":"Территория усадебной застройки","gp_func_zone_code":"11010000","gp_func_zone_code_id":19,"id":4723808,"zone_type_id":8},"type":"Feature"},{"bbox":[76.9483,43.4142,76.9496,43.4152],"geometry":{"coordinates":[[[[76.9496,43.4149],[76.9491,43.4142],[76.9483,43.4144],[76.9489,43.4152],[76.9496,43.4149]]]],"type":"MultiPolygon"},"geometry_name":"shape","id":"gp_functional_zones.fid--7752831e_19fb67eabdc_5bbb","properties":{"area":6661.44028728851,"creation_doc_id":3613,"deactivation_doc_id":null,"func_zone_status_id":2,"ggk_zone_code":"11010000","ggk_zone_name":"Территория усадебной застройки","gp_func_zone_code":"11010000","gp_func_zone_code_id":19,"id":4723809,"zone_type_id":8},"type":"Feature"},{"bbox":[76.9471,43.4144,76.9486,43.4157],"geometry":{"coordinates":[[[[76.9486,43.4153],[76.948,43.4144],[76.9471,43.4146],[76.9479,43.4157],[76.9486,43.4153]]]],"type":"MultiPolygon"},"geometry_name":"shape","id":"gp_functional_zones.fid--7752831e_19fb67eabdc_5bbc","properties":{"area":9380.31325455459,"creation_doc_id":3613,"deactivation_doc_id":null,"func_zone_status_id":2,"ggk_zone_code":"11010000","ggk_zone_name":"Территория усадебной застройки","gp_func_zone_code":"11010000","gp_func_zone_code_id":19,"id":4723810,"zone_type_id":8},"type":"Feature"},{"bbox":[76.9704,43.4106,76.9729,43.4156],"geometry":{"coordinates":[[[[76.9724,43.4137],[76.9714,43.4106],[76.9704,43.4109],[76.9719,43.4155],[76.9719,43.4156],[76.9729,43.4154],[76.9724,43.4137]]]],"type":"MultiPolygon"},"geometry_name":"shape","id":"gp_functional_zones.fid--7752831e_19fb67eabdc_5bbd","properties":{"area":44604.5639680613,"creation_doc_id":3613,"deactivation_doc_id":null,"func_zone_status_id":2,"ggk_zone_code":"11010000","ggk_zone_name":"Территория усадебной застройки","gp_func_zone_code":"11010000","gp_func_zone_code_id":19,"id":4723811,"zone_type_id":8},"type":"Feature"},{"bbox":[76.9692,43.411,76.9716,43.4157],"geometry":{"coordinates":[[[[76.9716,43.4155],[76.9702,43.411],[76.9692,43.4114],[76.9706,43.4157],[76.9716,43.4155]]]],"type":"MultiPolygon"},"geometry_name":"shape","id":"gp_functional_zones.fid--7752831e_19fb67eabdc_5bbe","properties":{"area":46040.6180301225,"creation_doc_id":3613,"deactivation_doc_id":null,"func_zone_status_id":2,"ggk_zone_code":"11010000","ggk_zone_name":"Территория усадебной застройки","gp_func_zone_code":"11010000","gp_func_zone_code_id":19,"id":4723812,"zone_type_id":8},"type":"Feature"},{"bbox":[76.9499,43.4145,76.9517,43.4162],"geometry":{"coordinates":[[[[76.9512,43.4151],[76.9507,43.4145],[76.9499,43.4149],[76.9512,43.4162],[76.9517,43.4159],[76.9517,43.4158],[76.9512,43.4151]]]],"type":"MultiPolygon"},"geometry_name":"shape","id":"gp_functional_zones.fid--7752831e_19fb67eabdc_5bbf","properties":{"area":11758.2482651201,"creation_doc_id":3613,"deactivation_doc_id":null,"func_zone_status_id":2,"ggk_zone_code":"11010000","ggk_zone_name":"Территория усадебной застройки","gp_func_zone_code":"11010000","gp_func_zone_code_id":19,"id":4723813,"zone_type_id":8},"type":"Feature"},{"bbox":[76.9522,43.4135,76.9539,43.4162],"geometry":{"coordinates":[[[[76.953,43.4138],[76.9529,43.4135],[76.9522,43.4136],[76.9535,43.4162],[76.9539,43.4159],[76.9538,43.4157],[76.9536,43.4152],[76.9534,43.4147],[76.9532,43.4143],[76.953,43.4138]]]],"type":"MultiPolygon"},"geometry_name":"shape","id":"gp_functional_zones.fid--7752831e_19fb67eabdc_5bc0","properties":{"area":13353.7388254493,"creation_doc_id":3613,"deactivation_doc_id":null,"func_zone_status_id":2,"ggk_zone_code":"11010000","ggk_zone_name":"Территория усадебной застройки","gp_func_zone_code":"11010000","gp_func_zone_code_id":19,"id":4723814,"zone_type_id":8},"type":"Feature"},{"bbox":[76.9679,43.4114,76.9703,43.416],"geometry":{"coordinates":[[[[76.9703,43.4158],[76.9689,43.4114],[76.9685,43.4116],[76.9683,43.4117],[76.968,43.4118],[76.9679,43.4118],[76.9692,43.416],[76.9703,43.4158]]]],"type":"MultiPolygon"},"geometry_name":"shape","id":"gp_functional_zones.fid--7752831e_19fb67eabdc_5bc1","properties":{"area":44978.1453361801,"creation_doc_id":3613,"deactivation_doc_id":null,"func_zone_status_id":2,"ggk_zone_code":"11010000","ggk_zone_name":"Территория усадебной застройки","gp_func_zone_code":"11010000","gp_func_zone_code_id":19,"id":4723815,"zone_type_id":8},"type":"Feature"},{"bbox":[76.9666,43.4119,76.969,43.4163],"geometry":{"coordinates":[[[[76.969,43.4161],[76.9677,43.4119],[76.9674,43.412],[76.9672,43.4121],[76.9669,43.4121],[76.9666,43.4122],[76.967,43.4135],[76.9671,43.4136],[76.9671,43.4137],[76.9671,43.4137],[76.9679,43.4163],[76.969,43.4161],[76.969,43.4161]]]],"type":"MultiPolygon"},"geometry_name":"shape","id":"gp_functional_zones.fid--7752831e_19fb67eabdc_5bc2","properties":{"area":43164.9807678145,"creation_doc_id":3613,"deactivation_doc_id":null,"func_zone_status_id":2,"ggk_zone_code":"11010000","ggk_zone_name":"Территория усадебной застройки","gp_func_zone_code":"11010000","gp_func_zone_code_id":19,"id":4723816,"zone_type_id":8},"type":"Feature"},{"bbox":[76.949,43.415,76.951,43.4167],"geometry":{"coordinates":[[[[76.951,43.4163],[76.9497,43.415],[76.949,43.4154],[76.9503,43.4167],[76.951,43.4163]]]],"type":"MultiPolygon"},"geometry_name":"shape","id":"gp_functional_zones.fid--7752831e_19fb67eabdc_5bc3","properties":{"area":13218.1509343686,"creation_doc_id":3613,"deactivation_doc_id":null,"func_zone_status_id":2,"ggk_zone_code":"11010000","ggk_zone_name":"Территория усадебной застройки","gp_func_zone_code":"11010000","gp_func_zone_code_id":19,"id":4723817,"zone_type_id":8},"type":"Feature"},{"bbox":[76.9514,43.4161,76.9522,43.417],"geometry":{"coordinates":[[[[76.9522,43.4169],[76.9518,43.4161],[76.9514,43.4163],[76.952,43.417],[76.9522,43.4169]]]],"type":"MultiPolygon"},"geometry_name":"shape","id":"gp_functional_zones.fid--7752831e_19fb67eabdc_5bc4","properties":{"area":2759.92332777414,"creation_doc_id":3613,"deactivation_doc_id":null,"func_zone_status_id":2,"ggk_zone_code":"11010000","ggk_zone_name":"Территория усадебной застройки","gp_func_zone_code":"11010000","gp_func_zone_code_id":19,"id":4723818,"zone_type_id":8},"type":"Feature"},{"bbox":[76.948,43.4155,76.9501,43.4172],"geometry":{"coordinates":[[[[76.9501,43.4168],[76.9488,43.4155],[76.948,43.4159],[76.9494,43.4172],[76.9501,43.4168]]]],"type":"MultiPolygon"},"geometry_name":"shape","id":"gp_functional_zones.fid--7752831e_19fb67eabdc_5bc5","properties":{"area":13164.1758878653,"creation_doc_id":3613,"deactivation_doc_id":null,"func_zone_status_id":2,"ggk_zone_code":"11010000","ggk_zone_name":"Территория усадебной застройки","gp_func_zone_code":"11010000","gp_func_zone_code_id":19,"id":4723819,"zone_type_id":8},"type":"Feature"},{"bbox":[76.9504,43.4164,76.9518,43.4175],"geometry":{"coordinates":[[[[76.9518,43.4171],[76.9512,43.4164],[76.9504,43.4168],[76.9511,43.4175],[76.9518,43.4171]]]],"type":"MultiPolygon"},"geometry_name":"shape","id":"gp_functional_zones.fid--7752831e_19fb67eabdc_5bc6","properties":{"area":6830.87748162176,"creation_doc_id":3613,"deactivation_doc_id":null,"func_zone_status_id":2,"ggk_zone_code":"11010000","ggk_zone_name":"Территория усадебной застройки","gp_func_zone_code":"11010000","gp_func_zone_code_id":19,"id":4723820,"zone_type_id":8},"type":"Feature"},{"bbox":[76.9495,43.4169,76.9509,43.418],"geometry":{"coordinates":[[[[76.9509,43.4176],[76.9502,43.4169],[76.9495,43.4173],[76.9502,43.418],[76.9509,43.4176]]]],"type":"MultiPolygon"},"geometry_name":"shape","id":"gp_functional_zones.fid--7752831e_19fb67eabdc_5bc7","properties":{"area":6516.25055418265,"creation_doc_id":3613,"deactivation_doc_id":null,"func_zone_status_id":2,"ggk_zone_code":"11010000","ggk_zone_name":"Территория усадебной застройки","gp_func_zone_code":"11010000","gp_func_zone_code_id":19,"id":4723821,"zone_type_id":8},"type":"Feature"},{"bbox":[76.972,43.4156,76.9741,43.4191],"geometry":{"coordinates":[[[[76.9731,43.4161],[76.9729,43.4156],[76.972,43.4158],[76.9731,43.4191],[76.9741,43.4189],[76.9739,43.4184],[76.9731,43.4163],[76.9731,43.4161]]]],"type":"MultiPolygon"},"geometry_name":"shape","id":"gp_functional_zones.fid--7752831e_19fb67eabdc_5bc8","properties":{"area":30124.5555379395,"creation_doc_id":3613,"deactivation_doc_id":null,"func_zone_status_id":2,"ggk_zone_code":"11010000","ggk_zone_name":"Территория усадебной застройки","gp_func_zone_code":"11010000","gp_func_zone_code_id":19,"id":4723822,"zone_type_id":8},"type":"Feature"},{"bbox":[76.9706,43.4157,76.9728,43.4194],"geometry":{"coordinates":[[[[76.9717,43.4157],[76.9717,43.4157],[76.9706,43.4159],[76.9715,43.4188],[76.9717,43.4194],[76.9725,43.4192],[76.9728,43.4191],[76.9717,43.4157]]]],"type":"MultiPolygon"},"geometry_name":"shape","id":"gp_functional_zones.fid--7752831e_19fb67eabdc_5bc9","properties":{"area":36498.2892189619,"creation_doc_id":3613,"deactivation_doc_id":null,"func_zone_status_id":2,"ggk_zone_code":"11010000","ggk_zone_name":"Территория усадебной застройки","gp_func_zone_code":"11010000","gp_func_zone_code_id":19,"id":4723823,"zone_type_id":8},"type":"Feature"},{"bbox":[76.9692,43.4159,76.9715,43.4196],"geometry":{"coordinates":[[[[76.9713,43.4188],[76.9704,43.4159],[76.9692,43.4162],[76.9692,43.4162],[76.9704,43.4196],[76.9713,43.4194],[76.9715,43.4194],[76.9713,43.4188]]]],"type":"MultiPolygon"},"geometry_name":"shape","id":"gp_functional_zones.fid--7752831e_19fb67eabdc_5bca","properties":{"area":37729.665687156,"creation_doc_id":3613,"deactivation_doc_id":null,"func_zone_status_id":2,"ggk_zone_code":"11010000","ggk_zone_name":"Территория усадебной застройки","gp_func_zone_code":"11010000","gp_func_zone_code_id":19,"id":4723824,"zone_type_id":8},"type":"Feature"},{"bbox":[76.968,43.4163,76.9701,43.4199],"geometry":{"coordinates":[[[[76.9701,43.4197],[76.969,43.4163],[76.968,43.4165],[76.968,43.4166],[76.969,43.4199],[76.9701,43.4197],[76.9701,43.4197]]]],"type":"MultiPolygon"},"geometry_name":"shape","id":"gp_functional_zones.fid--7752831e_19fb67eabdc_5bcb","properties":{"area":34213.7193719178,"creation_doc_id":3613,"deactivation_doc_id":null,"func_zone_status_id":2,"ggk_zone_code":"11010000","ggk_zone_name":"Территория усадебной застройки","gp_func_zone_code":"11010000","gp_func_zone_code_id":19,"id":4723825,"zone_type_id":8},"type":"Feature"},{"bbox":[76.9662,43.4165,76.9688,43.4201],"geometry":{"coordinates":[[[[76.9677,43.4166],[76.9677,43.4165],[76.9662,43.4168],[76.9672,43.4192],[76.9677,43.4201],[76.9688,43.4199],[76.9677,43.4166]]]],"type":"MultiPolygon"},"geometry_name":"shape","id":"gp_functional_zones.fid--7752831e_19fb67eabdc_5bcc","properties":{"area":42950.0447185719,"creation_doc_id":3613,"deactivation_doc_id":null,"func_zone_status_id":2,"ggk_zone_code":"11010000","ggk_zone_name":"Территория усадебной застройки","gp_func_zone_code":"11010000","gp_func_zone_code_id":19,"id":4723826,"zone_type_id":8},"type":"Feature"},{"bbox":[76.9656,43.4169,76.9674,43.4203],"geometry":{"coordinates":[[[[76.967,43.4192],[76.966,43.4169],[76.9656,43.417],[76.9656,43.417],[76.9669,43.4203],[76.9674,43.4202],[76.967,43.4192]]]],"type":"MultiPolygon"},"geometry_name":"shape","id":"gp_functional_zones.fid--7752831e_19fb67eabdc_5bcd","properties":{"area":14001.0958075399,"creation_doc_id":3613,"deactivation_doc_id":null,"func_zone_status_id":2,"ggk_zone_code":"11010000","ggk_zone_name":"Территория усадебной застройки","gp_func_zone_code":"11010000","gp_func_zone_code_id":19,"id":4723827,"zone_type_id":8},"type":"Feature"},{"bbox":[76.9763,43.4176,76.9797,43.4203],"geometry":{"coordinates":[[[[76.979,43.4179],[76.9788,43.4176],[76.9788,43.4176],[76.9767,43.418],[76.9766,43.418],[76.9765,43.418],[76.9763,43.4181],[76.9772,43.4202],[76.9772,43.4203],[76.9773,43.4202],[76.9775,43.4202],[76.9776,43.4202],[76.9796,43.4197],[76.9797,43.4197],[76.9791,43.4182],[76.9791,43.4182],[76.979,43.418],[76.979,43.4179]]]],"type":"MultiPolygon"},"geometry_name":"shape","id":"gp_functional_zones.fid--7752831e_19fb67eabdc_5bce","properties":{"area":52090.7706326438,"creation_doc_id":3613,"deactivation_doc_id":null,"func_zone_status_id":2,"ggk_zone_code":"11010000","ggk_zone_name":"Территория усадебной застройки","gp_func_zone_code":"11010000","gp_func_zone_code_id":19,"id":4723828,"zone_type_id":8},"type":"Feature"},{"bbox":[76.9647,43.417,76.9667,43.4205],"geometry":{"coordinates":[[[[76.9654,43.4171],[76.9654,43.417],[76.9647,43.4171],[76.9659,43.4205],[76.9667,43.4203],[76.9654,43.4171]]]],"type":"MultiPolygon"},"geometry_name":"shape","id":"gp_functional_zones.fid--7752831e_19fb67eabdc_5bcf","properties":{"area":22249.3200110001,"creation_doc_id":3613,"deactivation_doc_id":null,"func_zone_status_id":2,"ggk_zone_code":"11010000","ggk_zone_name":"Территория усадебной застройки","gp_func_zone_code":"11010000","gp_func_zone_code_id":19,"id":4723829,"zone_type_id":8},"type":"Feature"},{"bbox":[76.9625,43.4172,76.9656,43.4207],"geometry":{"coordinates":[[[[76.9656,43.4205],[76.9643,43.4172],[76.9625,43.4176],[76.963,43.4183],[76.9636,43.4191],[76.9636,43.4192],[76.9642,43.42],[76.9646,43.4205],[76.9647,43.4207],[76.9656,43.4205],[76.9656,43.4205]]]],"type":"MultiPolygon"},"geometry_name":"shape","id":"gp_functional_zones.fid--7752831e_19fb67eabdc_5bd0","properties":{"area":43064.434962683,"creation_doc_id":3613,"deactivation_doc_id":null,"func_zone_status_id":2,"ggk_zone_code":"11010000","ggk_zone_name":"Территория усадебной застройки","gp_func_zone_code":"11010000","gp_func_zone_code_id":19,"id":4723830,"zone_type_id":8},"type":"Feature"},{"bbox":[76.9727,43.4191,76.9752,43.4223],"geometry":{"coordinates":[[[[76.9752,43.422],[76.9741,43.4191],[76.973,43.4193],[76.9727,43.4194],[76.9743,43.4223],[76.9752,43.422]]]],"type":"MultiPolygon"},"geometry_name":"shape","id":"gp_functional_zones.fid--7752831e_19fb67eabdc_5bd1","properties":{"area":32615.0192643316,"creation_doc_id":3613,"deactivation_doc_id":null,"func_zone_status_id":2,"ggk_zone_code":"11010000","ggk_zone_name":"Территория усадебной застройки","gp_func_zone_code":"11010000","gp_func_zone_code_id":19,"id":4723831,"zone_type_id":8},"type":"Feature"},{"bbox":[76.9715,43.4194,76.974,43.4225],"geometry":{"coordinates":[[[[76.974,43.4223],[76.9725,43.4194],[76.9717,43.4196],[76.9715,43.4196],[76.9732,43.4225],[76.9739,43.4224],[76.974,43.4223]]]],"type":"MultiPolygon"},"geometry_name":"shape","id":"gp_functional_zones.fid--7752831e_19fb67eabdc_5bd2","properties":{"area":26801.3199890852,"creation_doc_id":3613,"deactivation_doc_id":null,"func_zone_status_id":2,"ggk_zone_code":"11010000","ggk_zone_name":"Территория усадебной застройки","gp_func_zone_code":"11010000","gp_func_zone_code_id":19,"id":4723832,"zone_type_id":8},"type":"Feature"},{"bbox":[76.9703,43.4196,76.973,43.4228],"geometry":{"coordinates":[[[[76.973,43.4226],[76.9713,43.4196],[76.9703,43.4198],[76.9703,43.4198],[76.9721,43.4228],[76.973,43.4226]]]],"type":"MultiPolygon"},"geometry_name":"shape","id":"gp_functional_zones.fid--7752831e_19fb67eabdc_5bd3","properties":{"area":29042.3451725439,"creation_doc_id":3613,"deactivation_doc_id":null,"func_zone_status_id":2,"ggk_zone_code":"11010000","ggk_zone_name":"Территория усадебной застройки","gp_func_zone_code":"11010000","gp_func_zone_code_id":19,"id":4723833,"zone_type_id":8},"type":"Feature"},{"bbox":[76.9691,43.4199,76.9718,43.4232],"geometry":{"coordinates":[[[[76.9718,43.4229],[76.97,43.4199],[76.9691,43.42],[76.9707,43.4232],[76.9718,43.4229]]]],"type":"MultiPolygon"},"geometry_name":"shape","id":"gp_functional_zones.fid--7752831e_19fb67eabdc_5bd4","properties":{"area":31881.6219881711,"creation_doc_id":3613,"deactivation_doc_id":null,"func_zone_status_id":2,"ggk_zone_code":"11010000","ggk_zone_name":"Территория усадебной застройки","gp_func_zone_code":"11010000","gp_func_zone_code_id":19,"id":4723834,"zone_type_id":8},"type":"Feature"},{"bbox":[76.9678,43.4201,76.9708,43.4243],"geometry":{"coordinates":[[[[76.9705,43.4233],[76.9689,43.4201],[76.9678,43.4203],[76.9697,43.4243],[76.9708,43.4239],[76.9705,43.4233]]]],"type":"MultiPolygon"},"geometry_name":"shape","id":"gp_functional_zones.fid--7752831e_19fb67eabdc_5bd5","properties":{"area":44109.3330374814,"creation_doc_id":3613,"deactivation_doc_id":null,"func_zone_status_id":2,"ggk_zone_code":"11010000","ggk_zone_name":"Территория усадебной застройки","gp_func_zone_code":"11010000","gp_func_zone_code_id":19,"id":4723835,"zone_type_id":8},"type":"Feature"},{"bbox":[76.967,43.4203,76.9695,43.4245],"geometry":{"coordinates":[[[[76.9695,43.4243],[76.9675,43.4203],[76.967,43.4204],[76.9672,43.4215],[76.9684,43.4241],[76.969,43.4245],[76.9695,43.4243]]]],"type":"MultiPolygon"},"geometry_name":"shape","id":"gp_functional_zones.fid--7752831e_19fb67eabdc_5bd6","properties":{"area":31557.723806731,"creation_doc_id":3613,"deactivation_doc_id":null,"func_zone_status_id":2,"ggk_zone_code":"11010000","ggk_zone_name":"Территория усадебной застройки","gp_func_zone_code":"11010000","gp_func_zone_code_id":19,"id":4723836,"zone_type_id":8},"type":"Feature"},{"bbox":[76.9708,43.423,76.972,43.4244],"geometry":{"coordinates":[[[[76.972,43.423],[76.9719,43.4231],[76.97189565217391,43.423126086956515],[76.972,43.4231],[76.972,43.423]]],[[[76.9713,43.4244],[76.9719,43.4244],[76.9718,43.4237],[76.97189565217391,43.423126086956515],[76.9708,43.4234],[76.9713,43.4244]]]],"type":"MultiPolygon"},"geometry_name":"shape","id":"gp_functional_zones.fid--7752831e_19fb67eabdc_5bd7","properties":{"area":8679.92682589267,"creation_doc_id":3613,"deactivation_doc_id":null,"func_zone_status_id":2,"ggk_zone_code":"11010000","ggk_zone_name":"Территория усадебной застройки","gp_func_zone_code":"11010000","gp_func_zone_code_id":19,"id":4723837,"zone_type_id":8},"type":"Feature"},{"bbox":[76.9511,43.4308,76.9539,43.4327],"geometry":{"coordinates":[[[[76.9532,43.4308],[76.9531,43.4308],[76.953,43.4308],[76.9529,43.4308],[76.9528,43.4309],[76.9514,43.431],[76.9513,43.4311],[76.9512,43.4311],[76.9511,43.4311],[76.9511,43.4311],[76.9519,43.4327],[76.9519,43.4327],[76.9521,43.4327],[76.9522,43.4326],[76.9524,43.4326],[76.9525,43.4326],[76.953,43.4325],[76.9539,43.4323],[76.9532,43.4308]]]],"type":"MultiPolygon"},"geometry_name":"shape","id":"gp_functional_zones.fid--7752831e_19fb67eabdc_5bd8","properties":{"area":30779.8532366078,"creation_doc_id":3613,"deactivation_doc_id":null,"func_zone_status_id":2,"ggk_zone_code":"11010000","ggk_zone_name":"Территория усадебной застройки","gp_func_zone_code":"11010000","gp_func_zone_code_id":19,"id":4723838,"zone_type_id":8},"type":"Feature"},{"bbox":[76.9503,43.4312,76.9516,43.4328],"geometry":{"coordinates":[[[[76.9516,43.4327],[76.9509,43.4312],[76.9508,43.4313],[76.9507,43.4313],[76.9507,43.4314],[76.9506,43.4314],[76.9505,43.4315],[76.9505,43.4316],[76.9504,43.4318],[76.9503,43.4319],[76.9503,43.432],[76.9507,43.4328],[76.9508,43.4328],[76.9508,43.4328],[76.9509,43.4328],[76.9509,43.4328],[76.9511,43.4327],[76.9511,43.4327],[76.9512,43.4327],[76.9512,43.4327],[76.9513,43.4327],[76.9513,43.4327],[76.9515,43.4327],[76.9516,43.4327]]]],"type":"MultiPolygon"},"geometry_name":"shape","id":"gp_functional_zones.fid--7752831e_19fb67eabdc_5bd9","properties":{"area":10418.4928953873,"creation_doc_id":3613,"deactivation_doc_id":null,"func_zone_status_id":2,"ggk_zone_code":"11010000","ggk_zone_name":"Территория усадебной застройки","gp_func_zone_code":"11010000","gp_func_zone_code_id":19,"id":4723839,"zone_type_id":8},"type":"Feature"},{"bbox":[76.9457,43.429,76.9496,43.4341],"geometry":{"coordinates":[[[[76.9475,43.429],[76.9466,43.4291],[76.9457,43.4341],[76.9461,43.4339],[76.9463,43.4337],[76.9464,43.4334],[76.9465,43.4333],[76.9467,43.4333],[76.947,43.4332],[76.9468,43.433],[76.9473,43.4329],[76.9479,43.4327],[76.9484,43.4324],[76.9486,43.4323],[76.9492,43.4321],[76.9495,43.4318],[76.9496,43.4316],[76.9496,43.431],[76.9495,43.4305],[76.9491,43.43],[76.9489,43.4298],[76.9485,43.4295],[76.9475,43.429]]]],"type":"MultiPolygon"},"geometry_name":"shape","id":"gp_functional_zones.fid--7752831e_19fb67eabdc_5bda","properties":{"area":99279.7438810076,"creation_doc_id":3613,"deactivation_doc_id":null,"func_zone_status_id":2,"ggk_zone_code":"11010000","ggk_zone_name":"Территория усадебной застройки","gp_func_zone_code":"11010000","gp_func_zone_code_id":19,"id":4723840,"zone_type_id":8},"type":"Feature"},{"bbox":[76.9558,43.4322,76.9583,43.4341],"geometry":{"coordinates":[[[[76.9559,43.4322],[76.9558,43.4322],[76.9558,43.4323],[76.9569,43.4341],[76.9583,43.4337],[76.9577,43.4328],[76.9576,43.4327],[76.9575,43.4327],[76.9574,43.4326],[76.9573,43.4326],[76.9572,43.4325],[76.9571,43.4325],[76.957,43.4324],[76.9568,43.4324],[76.9567,43.4323],[76.9566,43.4323],[76.9565,43.4323],[76.9564,43.4323],[76.9563,43.4323],[76.9563,43.4323],[76.9562,43.4323],[76.9562,43.4323],[76.956,43.4322],[76.956,43.4322],[76.9559,43.4322],[76.9559,43.4322]]]],"type":"MultiPolygon"},"geometry_name":"shape","id":"gp_functional_zones.fid--7752831e_19fb67eabdc_5bdb","properties":{"area":22207.9115763542,"creation_doc_id":3613,"deactivation_doc_id":null,"func_zone_status_id":2,"ggk_zone_code":"11010000","ggk_zone_name":"Территория усадебной застройки","gp_func_zone_code":"11010000","gp_func_zone_code_id":19,"id":4723841,"zone_type_id":8},"type":"Feature"},{"bbox":[76.9535,43.4309,76.9566,43.4345],"geometry":{"coordinates":[[[[76.9535,43.4309],[76.9535,43.4309],[76.9542,43.4323],[76.9553,43.4345],[76.9566,43.4341],[76.9556,43.4323],[76.9555,43.4323],[76.9555,43.4323],[76.9555,43.4323],[76.9556,43.4321],[76.9555,43.432],[76.9555,43.432],[76.9551,43.4318],[76.9546,43.4315],[76.9542,43.4313],[76.9538,43.431],[76.9537,43.431],[76.9536,43.4309],[76.9536,43.4309],[76.9535,43.4309]]]],"type":"MultiPolygon"},"geometry_name":"shape","id":"gp_functional_zones.fid--7752831e_19fb67eabdc_5bdc","properties":{"area":36791.3631345794,"creation_doc_id":3613,"deactivation_doc_id":null,"func_zone_status_id":2,"ggk_zone_code":"11010000","ggk_zone_name":"Территория усадебной застройки","gp_func_zone_code":"11010000","gp_func_zone_code_id":19,"id":4723842,"zone_type_id":8},"type":"Feature"},{"bbox":[76.953,43.4296,76.9595,43.4345],"geometry":{"coordinates":[[[[76.9537,43.4308],[76.9538,43.4308],[76.9537,43.4307],[76.9537,43.4308]]],[[[76.9534,43.4302],[76.9535,43.4301],[76.9536,43.4301],[76.9537,43.4302],[76.9537,43.4303],[76.9536,43.4304],[76.9538,43.4305],[76.9538,43.4306],[76.9539,43.4306],[76.954,43.4306],[76.954,43.4307],[76.9541,43.4307],[76.9542,43.4307],[76.9543,43.4307],[76.9544,43.4307],[76.9545,43.4307],[76.9546,43.4307],[76.9547,43.4308],[76.9548,43.4308],[76.9549,43.4309],[76.955,43.4309],[76.955,43.431],[76.9551,43.431],[76.9551,43.4311],[76.9552,43.4312],[76.9552,43.4313],[76.9552,43.4314],[76.9553,43.4314],[76.9554,43.4314],[76.9555,43.4315],[76.9556,43.4315],[76.9557,43.4315],[76.9559,43.4315],[76.956,43.4316],[76.9562,43.4316],[76.9563,43.4316],[76.9564,43.4316],[76.9565,43.4316],[76.9566,43.4316],[76.9567,43.4316],[76.9568,43.4316],[76.9569,43.4317],[76.957,43.4318],[76.9571,43.4318],[76.9573,43.4319],[76.9574,43.432],[76.9575,43.4321],[76.9577,43.432],[76.9578,43.432],[76.9579,43.432],[76.958,43.432],[76.9581,43.432],[76.9582,43.4321],[76.9583,43.4321],[76.9584,43.4322],[76.9585,43.4322],[76.9585,43.4323],[76.9586,43.4323],[76.9586,43.4324],[76.9587,43.4324],[76.9587,43.4325],[76.9588,43.4325],[76.9589,43.4325],[76.9586,43.4322],[76.9581,43.4314],[76.9576,43.431],[76.9567,43.4301],[76.9566,43.4302],[76.9553,43.4306],[76.9548,43.4298],[76.9545,43.4296],[76.953,43.4301],[76.9533,43.4307],[76.9534,43.4307],[76.9535,43.4307],[76.9536,43.4307],[76.9535,43.4306],[76.9534,43.4306],[76.9534,43.4305],[76.9533,43.4305],[76.9534,43.4304],[76.9534,43.4303],[76.9534,43.4302]]],[[[76.9546,43.431],[76.9546,43.4309],[76.9545,43.4309],[76.9544,43.4309],[76.9543,43.4309],[76.9542,43.4309],[76.9542,43.4308],[76.9541,43.4308],[76.954,43.4308],[76.9539,43.4308],[76.9539,43.4309],[76.9544,43.4311],[76.9548,43.4314],[76.95499999999998,43.43149999999999],[76.9549,43.4314],[76.9549,43.4313],[76.9549,43.4312],[76.9549,43.4311],[76.9548,43.4311],[76.9547,43.431],[76.9546,43.431]]],[[[76.955,43.4315],[76.95500000000001,43.4315],[76.95499999999998,43.43149999999999],[76.955,43.4315]]],[[[76.9551,43.4315],[76.95500000000001,43.4315],[76.9551,43.43155],[76.9551,43.4315]]],[[[76.9551,43.4316],[76.9552,43.4316],[76.9551,43.43155],[76.9551,43.4316]]],[[[76.9583,43.4324],[76.9582,43.4323],[76.9581,43.4323],[76.958,43.4323],[76.958,43.4322],[76.9579,43.4322],[76.9578,43.4322],[76.9576,43.4323],[76.9575,43.4323],[76.9574,43.4323],[76.9573,43.4322],[76.9572,43.4322],[76.9571,43.4321],[76.9569,43.432],[76.9568,43.4319],[76.9567,43.4318],[76.9566,43.4318],[76.9565,43.4318],[76.9564,43.4318],[76.9563,43.4317],[76.9562,43.4317],[76.956,43.4318],[76.9559,43.4318],[76.9559,43.4317],[76.9558,43.4317],[76.9557,43.4317],[76.9556,43.4317],[76.9555,43.4317],[76.9554,43.4317],[76.9554,43.4316],[76.9553,43.4316],[76.9552,43.4316],[76.9556,43.4319],[76.9557,43.4319],[76.9558,43.4319],[76.9559,43.432],[76.956,43.432],[76.9561,43.4321],[76.9562,43.4321],[76.9564,43.4321],[76.9565,43.4321],[76.9566,43.4321],[76.9568,43.4322],[76.9569,43.4322],[76.9571,43.4323],[76.9572,43.4323],[76.9573,43.4324],[76.9575,43.4324],[76.9576,43.4325],[76.9577,43.4325],[76.9578,43.4326],[76.9579,43.4327],[76.959,43.4345],[76.9595,43.4343],[76.9595,43.4342],[76.9595,43.4339],[76.9594,43.4336],[76.9594,43.4335],[76.9594,43.4334],[76.9593,43.4334],[76.9592,43.4333],[76.9592,43.4332],[76.9592,43.4331],[76.9592,43.433],[76.959,43.4328],[76.9589,43.4327],[76.9588,43.4327],[76.9587,43.4327],[76.9586,43.4327],[76.9585,43.4326],[76.9584,43.4325],[76.9584,43.4324],[76.9583,43.4324]]]],"type":"MultiPolygon"},"geometry_name":"shape","id":"gp_functional_zones.fid--7752831e_19fb67eabdc_5bdd","properties":{"area":70582.7694796344,"creation_doc_id":3613,"deactivation_doc_id":null,"func_zone_status_id":2,"ggk_zone_code":"11010000","ggk_zone_name":"Территория усадебной застройки","gp_func_zone_code":"11010000","gp_func_zone_code_id":19,"id":4723843,"zone_type_id":8},"type":"Feature"},{"bbox":[76.9532,43.4324,76.9551,43.4348],"geometry":{"coordinates":[[[[76.9551,43.4345],[76.954,43.4324],[76.9532,43.4326],[76.9535,43.4334],[76.9535,43.4334],[76.9535,43.4334],[76.9536,43.4344],[76.9538,43.4348],[76.9551,43.4345]]]],"type":"MultiPolygon"},"geometry_name":"shape","id":"gp_functional_zones.fid--7752831e_19fb67eabdc_5bde","properties":{"area":22290.5715090327,"creation_doc_id":3613,"deactivation_doc_id":null,"func_zone_status_id":2,"ggk_zone_code":"11010000","ggk_zone_name":"Территория усадебной застройки","gp_func_zone_code":"11010000","gp_func_zone_code_id":19,"id":4723844,"zone_type_id":8},"type":"Feature"},{"bbox":[76.9508,43.4328,76.9524,43.4353],"geometry":{"coordinates":[[[[76.9524,43.4352],[76.9522,43.4345],[76.9519,43.4345],[76.9519,43.4346],[76.9518,43.4346],[76.9518,43.4344],[76.9519,43.4344],[76.9522,43.4334],[76.9522,43.4331],[76.952,43.4328],[76.952,43.4329],[76.9518,43.4329],[76.9518,43.4329],[76.9516,43.4329],[76.9515,43.4329],[76.9513,43.4329],[76.9512,43.4329],[76.9511,43.4329],[76.951,43.4329],[76.9509,43.433],[76.9508,43.433],[76.9508,43.433],[76.9519,43.4353],[76.9524,43.4352]]]],"type":"MultiPolygon"},"geometry_name":"shape","id":"gp_functional_zones.fid--7752831e_19fb67eabdc_5bdf","properties":{"area":18099.5964469218,"creation_doc_id":3613,"deactivation_doc_id":null,"func_zone_status_id":2,"ggk_zone_code":"11010000","ggk_zone_name":"Территория усадебной застройки","gp_func_zone_code":"11010000","gp_func_zone_code_id":19,"id":4723845,"zone_type_id":8},"type":"Feature"},{"bbox":[76.957,43.4339,76.9591,43.4357],"geometry":{"coordinates":[[[[76.9588,43.4353],[76.9591,43.4351],[76.9589,43.4347],[76.9584,43.4339],[76.957,43.4342],[76.9576,43.4354],[76.9581,43.4352],[76.9583,43.4357],[76.9585,43.4356],[76.9588,43.4353]]]],"type":"MultiPolygon"},"geometry_name":"shape","id":"gp_functional_zones.fid--7752831e_19fb67eabdc_5be0","properties":{"area":19227.8659822923,"creation_doc_id":3613,"deactivation_doc_id":null,"func_zone_status_id":2,"ggk_zone_code":"11010000","ggk_zone_name":"Территория усадебной застройки","gp_func_zone_code":"11010000","gp_func_zone_code_id":19,"id":4723846,"zone_type_id":8},"type":"Feature"},{"bbox":[76.9495,43.4323,76.9516,43.4359],"geometry":{"coordinates":[[[[76.9505,43.433],[76.9502,43.4323],[76.9501,43.4325],[76.9501,43.4327],[76.95,43.4329],[76.95,43.4331],[76.95,43.4333],[76.9495,43.4359],[76.9516,43.4354],[76.9505,43.433]]]],"type":"MultiPolygon"},"geometry_name":"shape","id":"gp_functional_zones.fid--7752831e_19fb67eabdc_5be1","properties":{"area":33480.3271565747,"creation_doc_id":3613,"deactivation_doc_id":null,"func_zone_status_id":2,"ggk_zone_code":"11010000","ggk_zone_name":"Территория усадебной застройки","gp_func_zone_code":"11010000","gp_func_zone_code_id":19,"id":4723847,"zone_type_id":8},"type":"Feature"},{"bbox":[76.9554,43.4343,76.9575,43.436],"geometry":{"coordinates":[[[[76.9575,43.4357],[76.9567,43.4343],[76.9554,43.4346],[76.9561,43.436],[76.9572,43.4358],[76.9575,43.4357]]]],"type":"MultiPolygon"},"geometry_name":"shape","id":"gp_functional_zones.fid--7752831e_19fb67eabdc_5be2","properties":{"area":18606.1403900317,"creation_doc_id":3613,"deactivation_doc_id":null,"func_zone_status_id":2,"ggk_zone_code":"11010000","ggk_zone_name":"Территория усадебной застройки","gp_func_zone_code":"11010000","gp_func_zone_code_id":19,"id":4723848,"zone_type_id":8},"type":"Feature"},{"bbox":[76.9539,43.4347,76.9559,43.4363],"geometry":{"coordinates":[[[[76.9559,43.436],[76.9552,43.4347],[76.9539,43.435],[76.9544,43.4363],[76.9559,43.436]]]],"type":"MultiPolygon"},"geometry_name":"shape","id":"gp_functional_zones.fid--7752831e_19fb67eabdc_5be3","properties":{"area":18253.8270750363,"creation_doc_id":3613,"deactivation_doc_id":null,"func_zone_status_id":2,"ggk_zone_code":"11010000","ggk_zone_name":"Территория усадебной застройки","gp_func_zone_code":"11010000","gp_func_zone_code_id":19,"id":4723849,"zone_type_id":8},"type":"Feature"},{"bbox":[76.952,43.4351,76.9541,43.4365],"geometry":{"coordinates":[[[[76.9541,43.4362],[76.9536,43.4351],[76.952,43.4355],[76.9525,43.4365],[76.9541,43.4362]]]],"type":"MultiPolygon"},"geometry_name":"shape","id":"gp_functional_zones.fid--7752831e_19fb67eabdc_5be4","properties":{"area":17942.6285597318,"creation_doc_id":3613,"deactivation_doc_id":null,"func_zone_status_id":2,"ggk_zone_code":"11010000","ggk_zone_name":"Территория усадебной застройки","gp_func_zone_code":"11010000","gp_func_zone_code_id":19,"id":4723850,"zone_type_id":8},"type":"Feature"},{"bbox":[76.9493,43.4355,76.9522,43.4372],"geometry":{"coordinates":[[[[76.9522,43.4366],[76.9517,43.4355],[76.9494,43.4361],[76.9493,43.4369],[76.9494,43.4372],[76.9522,43.4366]]]],"type":"MultiPolygon"},"geometry_name":"shape","id":"gp_functional_zones.fid--7752831e_19fb67eabdc_5be5","properties":{"area":26966.9153719154,"creation_doc_id":3613,"deactivation_doc_id":null,"func_zone_status_id":2,"ggk_zone_code":"11010000","ggk_zone_name":"Территория усадебной застройки","gp_func_zone_code":"11010000","gp_func_zone_code_id":19,"id":4723851,"zone_type_id":8},"type":"Feature"},{"bbox":[76.9497,43.4374,76.9536,43.4418],"geometry":{"coordinates":[[[[76.9536,43.4396],[76.9526,43.4374],[76.9497,43.4381],[76.9509,43.4418],[76.9529,43.4414],[76.9531,43.4413],[76.9536,43.4396]]]],"type":"MultiPolygon"},"geometry_name":"shape","id":"gp_functional_zones.fid--7752831e_19fb67eabdc_5be6","properties":{"area":103830.654189277,"creation_doc_id":3613,"deactivation_doc_id":null,"func_zone_status_id":2,"ggk_zone_code":"11010000","ggk_zone_name":"Территория усадебной застройки","gp_func_zone_code":"11010000","gp_func_zone_code_id":19,"id":4723852,"zone_type_id":8},"type":"Feature"},{"bbox":[76.9599,43.4334,76.9629,43.4402],"geometry":{"coordinates":[[[[76.9615,43.4349],[76.9615,43.4348],[76.9615,43.4348],[76.9615,43.4348],[76.9614,43.4348],[76.9614,43.4348],[76.9614,43.4348],[76.9613,43.4348],[76.9613,43.4349],[76.9612,43.4349],[76.9612,43.4349],[76.9611,43.4348],[76.9611,43.4348],[76.9609,43.4348],[76.9609,43.4347],[76.9608,43.4347],[76.9608,43.4346],[76.9608,43.4346],[76.9608,43.4346],[76.9608,43.4345],[76.9608,43.4345],[76.9607,43.4345],[76.9607,43.4344],[76.9607,43.4344],[76.9606,43.4344],[76.9606,43.4343],[76.9605,43.4342],[76.9605,43.4342],[76.9604,43.4341],[76.9604,43.4341],[76.9604,43.4341],[76.9603,43.434],[76.9603,43.434],[76.9603,43.4339],[76.9602,43.4339],[76.9602,43.4338],[76.9602,43.4338],[76.9602,43.4338],[76.9601,43.4338],[76.9601,43.4337],[76.9601,43.4337],[76.96,43.4336],[76.9601,43.4336],[76.9601,43.4335],[76.96,43.4334],[76.96,43.4334],[76.9599,43.4334],[76.9599,43.4334],[76.9599,43.4334],[76.9599,43.4335],[76.9599,43.4336],[76.96,43.4338],[76.9601,43.434],[76.9602,43.4342],[76.9605,43.4346],[76.9605,43.4346],[76.9605,43.4346],[76.9605,43.4346],[76.9605,43.4346],[76.9605,43.4346],[76.9605,43.4346],[76.9605,43.4346],[76.9605,43.4346],[76.9605,43.4346],[76.9601,43.4349],[76.9601,43.4351],[76.9602,43.4354],[76.9602,43.4357],[76.9603,43.436],[76.9604,43.4363],[76.9605,43.4366],[76.9606,43.4369],[76.9607,43.4372],[76.9608,43.4374],[76.9608,43.4375],[76.9609,43.4377],[76.9609,43.4378],[76.961,43.4378],[76.9615,43.4386],[76.9616,43.4388],[76.9616,43.4389],[76.9618,43.4392],[76.9618,43.4392],[76.9618,43.4392],[76.9619,43.4393],[76.9619,43.4396],[76.9619,43.4396],[76.962,43.4398],[76.962,43.4398],[76.9621,43.44],[76.9621,43.4401],[76.9621,43.4401],[76.9622,43.4402],[76.9622,43.4402],[76.9623,43.4401],[76.9623,43.4401],[76.9623,43.4401],[76.9624,43.44],[76.9625,43.44],[76.9625,43.44],[76.9626,43.4399],[76.9626,43.4399],[76.9626,43.4398],[76.9626,43.4398],[76.9627,43.4398],[76.9627,43.4397],[76.9627,43.4397],[76.9628,43.4397],[76.9628,43.4396],[76.9629,43.4396],[76.9629,43.4396],[76.9629,43.4395],[76.9629,43.4395],[76.9629,43.4394],[76.9629,43.4394],[76.9628,43.4394],[76.9628,43.4394],[76.9627,43.4394],[76.9627,43.4394],[76.9627,43.4393],[76.9626,43.4393],[76.9626,43.4393],[76.9625,43.4393],[76.9625,43.4392],[76.9625,43.4392],[76.9625,43.4392],[76.9625,43.4391],[76.9625,43.4391],[76.9625,43.4391],[76.9626,43.439],[76.9626,43.439],[76.9626,43.439],[76.9627,43.4389],[76.9628,43.4389],[76.9628,43.4389],[76.9628,43.4389],[76.9628,43.4388],[76.9628,43.4388],[76.9628,43.4388],[76.9628,43.4387],[76.9628,43.4387],[76.9628,43.4387],[76.9628,43.4387],[76.9627,43.4386],[76.9627,43.4386],[76.9627,43.4386],[76.9626,43.4386],[76.9626,43.4386],[76.9625,43.4386],[76.9624,43.4386],[76.9623,43.4386],[76.9623,43.4386],[76.9622,43.4385],[76.9622,43.4385],[76.9622,43.4385],[76.9621,43.4384],[76.9621,43.4384],[76.9621,43.4383],[76.9621,43.4383],[76.9621,43.4383],[76.9621,43.4382],[76.9622,43.4382],[76.9622,43.4381],[76.9623,43.4381],[76.9623,43.438],[76.9624,43.438],[76.9624,43.438],[76.9625,43.4379],[76.9625,43.4379],[76.9625,43.4378],[76.9625,43.4378],[76.9625,43.4377],[76.9625,43.4377],[76.9625,43.4376],[76.9625,43.4376],[76.9625,43.4375],[76.9625,43.4374],[76.9626,43.4374],[76.9626,43.4373],[76.9626,43.4373],[76.9626,43.4372],[76.9626,43.4372],[76.9626,43.4372],[76.9626,43.4371],[76.9625,43.4371],[76.9625,43.437],[76.9625,43.437],[76.9622,43.4369],[76.9618,43.4368],[76.9615,43.4366],[76.9614,43.4366],[76.9614,43.4366],[76.9614,43.4365],[76.9614,43.4365],[76.9613,43.4364],[76.9613,43.4364],[76.9614,43.4364],[76.9614,43.4363],[76.9614,43.4363],[76.9615,43.4363],[76.9615,43.4362],[76.9615,43.4362],[76.9616,43.4362],[76.9616,43.4362],[76.9617,43.4362],[76.9617,43.4362],[76.9617,43.4361],[76.9618,43.4361],[76.9618,43.4361],[76.9619,43.4361],[76.9619,43.436],[76.9619,43.436],[76.9619,43.4359],[76.9619,43.4358],[76.9619,43.4357],[76.9619,43.4356],[76.9619,43.4356],[76.9618,43.4356],[76.9618,43.4355],[76.9617,43.4355],[76.9616,43.4355],[76.9616,43.4355],[76.9616,43.4354],[76.9615,43.4354],[76.9615,43.4353],[76.9615,43.4353],[76.9615,43.4352],[76.9615,43.4352],[76.9615,43.4351],[76.9615,43.435],[76.9615,43.435],[76.9615,43.4349]]]],"type":"MultiPolygon"},"geometry_name":"shape","id":"gp_functional_zones.fid--7752831e_19fb67eabdc_5bea","properties":{"area":62434.4754630026,"creation_doc_id":3613,"deactivation_doc_id":null,"func_zone_status_id":2,"ggk_zone_code":"11010000","ggk_zone_name":"Территория усадебной застройки","gp_func_zone_code":"11010000","gp_func_zone_code_id":19,"id":4723857,"zone_type_id":8},"type":"Feature"},{"bbox":[76.9576,43.4387,76.9598,43.4435],"geometry":{"coordinates":[[[[76.9585,43.44],[76.9581,43.4387],[76.9578,43.4387],[76.9578,43.439],[76.9578,43.439],[76.9578,43.439],[76.9578,43.439],[76.9578,43.4391],[76.9578,43.4391],[76.9576,43.4392],[76.958,43.4408],[76.958,43.4409],[76.9582,43.4421],[76.9589,43.4435],[76.9598,43.4432],[76.9591,43.4414],[76.9588,43.4405],[76.9585,43.44]]]],"type":"MultiPolygon"},"geometry_name":"shape","id":"gp_functional_zones.fid--7752831e_19fb67eabdc_5beb","properties":{"area":36368.6577158248,"creation_doc_id":3613,"deactivation_doc_id":null,"func_zone_status_id":2,"ggk_zone_code":"11010000","ggk_zone_name":"Территория усадебной застройки","gp_func_zone_code":"11010000","gp_func_zone_code_id":19,"id":4723858,"zone_type_id":8},"type":"Feature"},{"bbox":[76.9594,43.4381,76.9629,43.443],"geometry":{"coordinates":[[[[76.9618,43.4412],[76.9606,43.4381],[76.9594,43.4384],[76.9611,43.443],[76.9619,43.4427],[76.9624,43.4425],[76.9628,43.4424],[76.9629,43.4423],[76.9628,43.4423],[76.9628,43.4423],[76.9626,43.4422],[76.9626,43.4422],[76.9625,43.4421],[76.9625,43.4421],[76.9624,43.442],[76.9624,43.442],[76.9623,43.4419],[76.9623,43.4419],[76.9622,43.4418],[76.9622,43.4418],[76.9621,43.4417],[76.9621,43.4417],[76.962,43.4416],[76.962,43.4416],[76.962,43.4415],[76.962,43.4414],[76.9619,43.4413],[76.9619,43.4413],[76.9618,43.4412],[76.9618,43.4412]]]],"type":"MultiPolygon"},"geometry_name":"shape","id":"gp_functional_zones.fid--7752831e_19fb67eabdc_5bec","properties":{"area":56769.016475027,"creation_doc_id":3613,"deactivation_doc_id":null,"func_zone_status_id":2,"ggk_zone_code":"11010000","ggk_zone_name":"Территория усадебной застройки","gp_func_zone_code":"11010000","gp_func_zone_code_id":19,"id":4723859,"zone_type_id":8},"type":"Feature"},{"bbox":[76.9557,43.4388,76.9587,43.444],"geometry":{"coordinates":[[[76.9576,43.4388],[76.9557,43.4392],[76.9567,43.4414],[76.9577,43.444],[76.9585,43.4436],[76.9587,43.4436],[76.958,43.4421],[76.9578,43.4409],[76.9574,43.4392],[76.9574,43.4391],[76.9576,43.439],[76.9576,43.4388]]],"type":"Polygon"},"geometry_name":"shape","id":"gp_functional_zones.fid--7752831e_19fb67eabdc_5bed","properties":{"area":54766.7059628738,"creation_doc_id":3613,"deactivation_doc_id":null,"func_zone_status_id":2,"ggk_zone_code":"11010000","ggk_zone_name":"Территория усадебной застройки","gp_func_zone_code":"11010000","gp_func_zone_code_id":19,"id":4723860,"zone_type_id":8},"type":"Feature"},{"bbox":[76.9538,43.4393,76.9575,43.4448],"geometry":{"coordinates":[[[[76.9564,43.4414],[76.9555,43.4393],[76.9538,43.4396],[76.9547,43.4415],[76.9559,43.4448],[76.9561,43.4447],[76.9571,43.4442],[76.9575,43.4441],[76.9564,43.4414]]]],"type":"MultiPolygon"},"geometry_name":"shape","id":"gp_functional_zones.fid--7752831e_19fb67eabdc_5bee","properties":{"area":80912.4919069258,"creation_doc_id":3613,"deactivation_doc_id":null,"func_zone_status_id":2,"ggk_zone_code":"11010000","ggk_zone_name":"Территория усадебной застройки","gp_func_zone_code":"11010000","gp_func_zone_code_id":19,"id":4723861,"zone_type_id":8},"type":"Feature"},{"bbox":[76.9666,43.4436,76.9681,43.445],"geometry":{"coordinates":[[[[76.9666,43.4436],[76.9666,43.4436],[76.9672,43.445],[76.9681,43.4448],[76.9681,43.4448],[76.968,43.4447],[76.9679,43.4446],[76.9678,43.4444],[76.9677,43.4443],[76.9676,43.4442],[76.9675,43.4441],[76.9673,43.444],[76.9672,43.444],[76.967,43.4439],[76.9669,43.4438],[76.9667,43.4437],[76.9666,43.4436]]]],"type":"MultiPolygon"},"geometry_name":"shape","id":"gp_functional_zones.fid--7752831e_19fb67eabdc_5bef","properties":{"area":8095.37773388583,"creation_doc_id":3613,"deactivation_doc_id":null,"func_zone_status_id":2,"ggk_zone_code":"11010000","ggk_zone_name":"Территория усадебной застройки","gp_func_zone_code":"11010000","gp_func_zone_code_id":19,"id":4723862,"zone_type_id":8},"type":"Feature"},{"bbox":[76.9634,43.4419,76.969,43.445],"geometry":{"coordinates":[[[[76.9642,43.4425],[76.9641,43.4425],[76.9641,43.4424],[76.9639,43.4422],[76.9637,43.442],[76.9637,43.4419],[76.9636,43.442],[76.9636,43.4422],[76.9635,43.4423],[76.9634,43.4423],[76.9635,43.4424],[76.9636,43.4424],[76.96468888888889,43.442788888888884],[76.9646,43.4427],[76.9645,43.4427],[76.9644,43.4426],[76.9643,43.4425],[76.9642,43.4425]]],[[[76.96472,43.4428],[76.96468888888889,43.442788888888884],[76.9647,43.4428],[76.96472,43.4428]]],[[[76.96472,43.4428],[76.965,43.4429],[76.9648,43.4428],[76.96472,43.4428]]],[[[76.9688,43.4446],[76.9688,43.4445],[76.9688,43.4444],[76.9687,43.4443],[76.9686,43.4441],[76.9686,43.444],[76.9686,43.4439],[76.9687,43.4437],[76.9687,43.4436],[76.9686,43.4436],[76.9686,43.4435],[76.9685,43.4435],[76.9684,43.4434],[76.9683,43.4433],[76.9682,43.4432],[76.9682,43.4431],[76.9681,43.4431],[76.968,43.4431],[76.9679,43.4431],[76.9679,43.443],[76.9678,43.4431],[76.9677,43.4431],[76.9676,43.4432],[76.9675,43.4432],[76.9674,43.4431],[76.9673,43.443],[76.9672,43.443],[76.9671,43.4429],[76.9669,43.4429],[76.9668,43.4428],[76.9667,43.4428],[76.9666,43.4428],[76.9665,43.4428],[76.9665,43.4429],[76.9664,43.4429],[76.9664,43.443],[76.9663,43.443],[76.9662,43.443],[76.9662,43.4431],[76.9661,43.4431],[76.966,43.4431],[76.9659,43.4431],[76.9658,43.4431],[76.9657,43.443],[76.9656,43.443],[76.9655,43.443],[76.9654,43.4429],[76.9653,43.4429],[76.9652,43.4429],[76.9651,43.4429],[76.965,43.4429],[76.9664,43.4434],[76.9667,43.4435],[76.9669,43.4436],[76.967,43.4436],[76.9672,43.4437],[76.9674,43.4438],[76.9675,43.4439],[76.9676,43.444],[76.9678,43.4441],[76.9679,43.4442],[76.968,43.4443],[76.9681,43.4445],[76.9682,43.4446],[76.9683,43.4447],[76.9684,43.4448],[76.9685,43.4449],[76.9685,43.445],[76.9687,43.445],[76.9689,43.445],[76.9689,43.4449],[76.9688,43.4449],[76.9688,43.4448],[76.9688,43.4447],[76.9688,43.4446]]]],"type":"MultiPolygon"},"geometry_name":"shape","id":"gp_functional_zones.fid--7752831e_19fb67eabdc_5bf5","properties":{"area":24279.0993124156,"creation_doc_id":3613,"deactivation_doc_id":null,"func_zone_status_id":2,"ggk_zone_code":"11010000","ggk_zone_name":"Территория усадебной застройки","gp_func_zone_code":"11010000","gp_func_zone_code_id":19,"id":4723868,"zone_type_id":8},"type":"Feature"},{"bbox":[76.959,43.4434,76.9604,43.4452],"geometry":{"coordinates":[[[[76.9601,43.4439],[76.9599,43.4434],[76.959,43.4437],[76.9596,43.4452],[76.9597,43.4452],[76.9598,43.4451],[76.9598,43.4451],[76.9599,43.4449],[76.96,43.4449],[76.9601,43.4448],[76.9601,43.4448],[76.9601,43.4448],[76.9602,43.4446],[76.9604,43.4443],[76.9601,43.4439]]]],"type":"MultiPolygon"},"geometry_name":"shape","id":"gp_functional_zones.fid--7752831e_19fb67eabdc_5bf6","properties":{"area":12801.3673751817,"creation_doc_id":3613,"deactivation_doc_id":null,"func_zone_status_id":2,"ggk_zone_code":"11010000","ggk_zone_name":"Территория усадебной застройки","gp_func_zone_code":"11010000","gp_func_zone_code_id":19,"id":4723869,"zone_type_id":8},"type":"Feature"},{"bbox":[76.9652,43.4431,76.9669,43.4453],"geometry":{"coordinates":[[[[76.9663,43.4435],[76.9652,43.4431],[76.9661,43.4453],[76.9669,43.4451],[76.9663,43.4435]]]],"type":"MultiPolygon"},"geometry_name":"shape","id":"gp_functional_zones.fid--7752831e_19fb67eabdc_5bf7","properties":{"area":15633.0213675377,"creation_doc_id":3613,"deactivation_doc_id":null,"func_zone_status_id":2,"ggk_zone_code":"11010000","ggk_zone_name":"Территория усадебной застройки","gp_func_zone_code":"11010000","gp_func_zone_code_id":19,"id":4723870,"zone_type_id":8},"type":"Feature"},{"bbox":[76.9529,43.4399,76.9557,43.4455],"geometry":{"coordinates":[[[[76.9544,43.4415],[76.9537,43.4399],[76.9534,43.4414],[76.9534,43.4414],[76.9533,43.4414],[76.9533,43.4414],[76.9533,43.4414],[76.9533,43.4414],[76.9533,43.4414],[76.9533,43.4415],[76.953,43.4415],[76.9529,43.4422],[76.9538,43.445],[76.9543,43.4455],[76.9551,43.4452],[76.9557,43.4449],[76.9544,43.4415]]]],"type":"MultiPolygon"},"geometry_name":"shape","id":"gp_functional_zones.fid--7752831e_19fb67eabdc_5bf8","properties":{"area":67585.7705059724,"creation_doc_id":3613,"deactivation_doc_id":null,"func_zone_status_id":2,"ggk_zone_code":"11010000","ggk_zone_name":"Территория усадебной застройки","gp_func_zone_code":"11010000","gp_func_zone_code_id":19,"id":4723871,"zone_type_id":8},"type":"Feature"},{"bbox":[76.9636,43.4426,76.9658,43.4455],"geometry":{"coordinates":[[[[76.9648,43.443],[76.9637,43.4426],[76.9636,43.4427],[76.9649,43.4455],[76.9658,43.4453],[76.9648,43.443]]]],"type":"MultiPolygon"},"geometry_name":"shape","id":"gp_functional_zones.fid--7752831e_19fb67eabdc_5bf9","properties":{"area":24627.7558767242,"creation_doc_id":3613,"deactivation_doc_id":null,"func_zone_status_id":2,"ggk_zone_code":"11010000","ggk_zone_name":"Территория усадебной застройки","gp_func_zone_code":"11010000","gp_func_zone_code_id":19,"id":4723872,"zone_type_id":8},"type":"Feature"},{"bbox":[76.9627,43.4425,76.9646,43.4458],"geometry":{"coordinates":[[[[76.9634,43.4425],[76.9633,43.4425],[76.9632,43.4427],[76.9632,43.4427],[76.9631,43.4428],[76.9631,43.4428],[76.963,43.443],[76.963,43.443],[76.9628,43.4431],[76.9628,43.4431],[76.9627,43.4433],[76.9627,43.4433],[76.9627,43.4433],[76.9627,43.4433],[76.9637,43.4458],[76.9646,43.4456],[76.9634,43.4427],[76.9634,43.4427],[76.9634,43.4427],[76.9634,43.4426],[76.9634,43.4426],[76.9634,43.4425],[76.9634,43.4425]]]],"type":"MultiPolygon"},"geometry_name":"shape","id":"gp_functional_zones.fid--7752831e_19fb67eabdc_5bfa","properties":{"area":24829.9588883107,"creation_doc_id":3613,"deactivation_doc_id":null,"func_zone_status_id":2,"ggk_zone_code":"11010000","ggk_zone_name":"Территория усадебной застройки","gp_func_zone_code":"11010000","gp_func_zone_code_id":19,"id":4723873,"zone_type_id":8},"type":"Feature"},{"bbox":[76.9573,43.4437,76.9596,43.446],"geometry":{"coordinates":[[[[76.9594,43.4453],[76.9588,43.4437],[76.9586,43.4438],[76.9577,43.4442],[76.9573,43.4444],[76.9586,43.446],[76.9594,43.4456],[76.9595,43.4456],[76.9596,43.4454],[76.9595,43.4454],[76.9595,43.4454],[76.9594,43.4454],[76.9594,43.4453],[76.9594,43.4453],[76.9594,43.4453],[76.9594,43.4453]]]],"type":"MultiPolygon"},"geometry_name":"shape","id":"gp_functional_zones.fid--7752831e_19fb67eabdc_5bfb","properties":{"area":23152.2735063956,"creation_doc_id":3613,"deactivation_doc_id":null,"func_zone_status_id":2,"ggk_zone_code":"11010000","ggk_zone_name":"Территория усадебной застройки","gp_func_zone_code":"11010000","gp_func_zone_code_id":19,"id":4723874,"zone_type_id":8},"type":"Feature"},{"bbox":[76.9617,43.4435,76.9635,43.4459],"geometry":{"coordinates":[[[[76.9635,43.4459],[76.9625,43.4435],[76.9624,43.4436],[76.9624,43.4436],[76.9622,43.4437],[76.9622,43.4437],[76.962,43.4438],[76.962,43.4438],[76.9618,43.4439],[76.9618,43.444],[76.9617,43.444],[76.9623,43.4454],[76.9631,43.4459],[76.9635,43.4459]]]],"type":"MultiPolygon"},"geometry_name":"shape","id":"gp_functional_zones.fid--7752831e_19fb67eabdc_5bfc","properties":{"area":17429.5957354481,"creation_doc_id":3613,"deactivation_doc_id":null,"func_zone_status_id":2,"ggk_zone_code":"11010000","ggk_zone_name":"Территория усадебной застройки","gp_func_zone_code":"11010000","gp_func_zone_code_id":19,"id":4723875,"zone_type_id":8},"type":"Feature"},{"bbox":[76.951,43.4416,76.954,43.4463],"geometry":{"coordinates":[[[[76.9527,43.4422],[76.9528,43.4416],[76.951,43.442],[76.9514,43.4432],[76.9526,43.4463],[76.954,43.4456],[76.9536,43.445],[76.9536,43.445],[76.9536,43.445],[76.9527,43.4422],[76.9527,43.4422],[76.9527,43.4422]]]],"type":"MultiPolygon"},"geometry_name":"shape","id":"gp_functional_zones.fid--7752831e_19fb67eabdc_5bfd","properties":{"area":59857.7527162641,"creation_doc_id":3613,"deactivation_doc_id":null,"func_zone_status_id":2,"ggk_zone_code":"11010000","ggk_zone_name":"Территория усадебной застройки","gp_func_zone_code":"11010000","gp_func_zone_code_id":19,"id":4723876,"zone_type_id":8},"type":"Feature"},{"bbox":[76.9563,43.4444,76.9584,43.4464],"geometry":{"coordinates":[[[[76.9584,43.4461],[76.9571,43.4444],[76.9563,43.4448],[76.9576,43.4464],[76.9584,43.4461]]]],"type":"MultiPolygon"},"geometry_name":"shape","id":"gp_functional_zones.fid--7752831e_19fb67eabdc_5bfe","properties":{"area":15856.2209246962,"creation_doc_id":3613,"deactivation_doc_id":null,"func_zone_status_id":2,"ggk_zone_code":"11010000","ggk_zone_name":"Территория усадебной застройки","gp_func_zone_code":"11010000","gp_func_zone_code_id":19,"id":4723877,"zone_type_id":8},"type":"Feature"},{"bbox":[76.9672,43.445,76.9688,43.4465],"geometry":{"coordinates":[[[[76.9683,43.445],[76.9682,43.445],[76.9672,43.4452],[76.9678,43.4465],[76.9688,43.4463],[76.9684,43.4453],[76.9684,43.4452],[76.9683,43.445]]]],"type":"MultiPolygon"},"geometry_name":"shape","id":"gp_functional_zones.fid--7752831e_19fb67eabdc_5bff","properties":{"area":13341.2207659046,"creation_doc_id":3613,"deactivation_doc_id":null,"func_zone_status_id":2,"ggk_zone_code":"11010000","ggk_zone_name":"Территория усадебной застройки","gp_func_zone_code":"11010000","gp_func_zone_code_id":19,"id":4723878,"zone_type_id":8},"type":"Feature"},{"bbox":[76.9553,43.4449,76.9574,43.4468],"geometry":{"coordinates":[[[[76.9574,43.4465],[76.9561,43.4449],[76.9559,43.445],[76.9553,43.4453],[76.9566,43.4468],[76.9574,43.4465]]]],"type":"MultiPolygon"},"geometry_name":"shape","id":"gp_functional_zones.fid--7752831e_19fb67eabdc_5c00","properties":{"area":14338.2501569901,"creation_doc_id":3613,"deactivation_doc_id":null,"func_zone_status_id":2,"ggk_zone_code":"11010000","ggk_zone_name":"Территория усадебной застройки","gp_func_zone_code":"11010000","gp_func_zone_code_id":19,"id":4723879,"zone_type_id":8},"type":"Feature"},{"bbox":[76.9661,43.4452,76.9676,43.4468],"geometry":{"coordinates":[[[[76.9676,43.4466],[76.967,43.4452],[76.9661,43.4454],[76.9667,43.4468],[76.9676,43.4466]]]],"type":"MultiPolygon"},"geometry_name":"shape","id":"gp_functional_zones.fid--7752831e_19fb67eabdc_5c01","properties":{"area":11537.8704383908,"creation_doc_id":3613,"deactivation_doc_id":null,"func_zone_status_id":2,"ggk_zone_code":"11010000","ggk_zone_name":"Территория усадебной застройки","gp_func_zone_code":"11010000","gp_func_zone_code_id":19,"id":4723880,"zone_type_id":8},"type":"Feature"},{"bbox":[76.9544,43.4454,76.9564,43.4472],"geometry":{"coordinates":[[[[76.9564,43.4469],[76.9551,43.4454],[76.9544,43.4457],[76.9556,43.4472],[76.9564,43.4469]]]],"type":"MultiPolygon"},"geometry_name":"shape","id":"gp_functional_zones.fid--7752831e_19fb67eabdc_5c02","properties":{"area":14089.7867603099,"creation_doc_id":3613,"deactivation_doc_id":null,"func_zone_status_id":2,"ggk_zone_code":"11010000","ggk_zone_name":"Территория усадебной застройки","gp_func_zone_code":"11010000","gp_func_zone_code_id":19,"id":4723881,"zone_type_id":8},"type":"Feature"},{"bbox":[76.9649,43.4455,76.9665,43.4471],"geometry":{"coordinates":[[[[76.9665,43.4468],[76.9659,43.4455],[76.9649,43.4457],[76.9655,43.4471],[76.9665,43.4468]]]],"type":"MultiPolygon"},"geometry_name":"shape","id":"gp_functional_zones.fid--7752831e_19fb67eabdc_5c03","properties":{"area":12583.5563133809,"creation_doc_id":3613,"deactivation_doc_id":null,"func_zone_status_id":2,"ggk_zone_code":"11010000","ggk_zone_name":"Территория усадебной застройки","gp_func_zone_code":"11010000","gp_func_zone_code_id":19,"id":4723882,"zone_type_id":8},"type":"Feature"},{"bbox":[76.9638,43.4458,76.9653,43.4473],"geometry":{"coordinates":[[[[76.9653,43.4471],[76.9647,43.4458],[76.9638,43.446],[76.9642,43.4467],[76.9645,43.4469],[76.9647,43.4473],[76.9653,43.4471]]]],"type":"MultiPolygon"},"geometry_name":"shape","id":"gp_functional_zones.fid--7752831e_19fb67eabdc_5c04","properties":{"area":10821.672384643,"creation_doc_id":3613,"deactivation_doc_id":null,"func_zone_status_id":2,"ggk_zone_code":"11010000","ggk_zone_name":"Территория усадебной застройки","gp_func_zone_code":"11010000","gp_func_zone_code_id":19,"id":4723883,"zone_type_id":8},"type":"Feature"},{"bbox":[76.9528,43.4458,76.9554,43.4475],"geometry":{"coordinates":[[[[76.9554,43.4473],[76.9542,43.4458],[76.9528,43.4464],[76.9549,43.4475],[76.9554,43.4473]]]],"type":"MultiPolygon"},"geometry_name":"shape","id":"gp_functional_zones.fid--7752831e_19fb67eabdc_5c05","properties":{"area":18142.9281096223,"creation_doc_id":3613,"deactivation_doc_id":null,"func_zone_status_id":2,"ggk_zone_code":"11010000","ggk_zone_name":"Территория усадебной застройки","gp_func_zone_code":"11010000","gp_func_zone_code_id":19,"id":4723884,"zone_type_id":8},"type":"Feature"},{"bbox":[76.9577,43.4458,76.9594,43.4475],"geometry":{"coordinates":[[[[76.9588,43.4468],[76.9594,43.4458],[76.9586,43.4462],[76.9577,43.4465],[76.9585,43.4475],[76.9585,43.4475],[76.9585,43.4475],[76.9585,43.4475],[76.9585,43.4475],[76.9585,43.4475],[76.9585,43.4474],[76.9585,43.4474],[76.9585,43.4474],[76.9585,43.4474],[76.9585,43.4474],[76.9585,43.4474],[76.9585,43.4474],[76.9585,43.4474],[76.9585,43.4473],[76.9585,43.4473],[76.9585,43.4473],[76.9585,43.4473],[76.9585,43.4473],[76.9586,43.4473],[76.9586,43.4473],[76.9586,43.4473],[76.9586,43.4473],[76.9586,43.4472],[76.9586,43.4472],[76.9586,43.4472],[76.9586,43.4472],[76.9586,43.4472],[76.9586,43.4472],[76.9586,43.4472],[76.9586,43.4472],[76.9586,43.4472],[76.9586,43.4472],[76.9586,43.4471],[76.9586,43.4471],[76.9586,43.4471],[76.9586,43.4471],[76.9586,43.4471],[76.9586,43.4471],[76.9586,43.4471],[76.9586,43.4471],[76.9586,43.4471],[76.9586,43.447],[76.9587,43.447],[76.9587,43.447],[76.9587,43.447],[76.9587,43.447],[76.9587,43.447],[76.9587,43.447],[76.9587,43.447],[76.9587,43.4469],[76.9587,43.4469],[76.9587,43.4469],[76.9587,43.4469],[76.9587,43.4469],[76.9587,43.4469],[76.9587,43.4469],[76.9587,43.4469],[76.9587,43.4469],[76.9587,43.4468],[76.9588,43.4468],[76.9588,43.4468],[76.9588,43.4468],[76.9588,43.4468]]]],"type":"MultiPolygon"},"geometry_name":"shape","id":"gp_functional_zones.fid--7752831e_19fb67eabdc_5c09","properties":{"area":8746.90367918512,"creation_doc_id":3613,"deactivation_doc_id":null,"func_zone_status_id":2,"ggk_zone_code":"11010000","ggk_zone_name":"Территория усадебной застройки","gp_func_zone_code":"11010000","gp_func_zone_code_id":19,"id":4723888,"zone_type_id":8},"type":"Feature"},{"bbox":[76.9687,43.4454,76.9705,43.4474],"geometry":{"coordinates":[[[[76.9687,43.4454],[76.9687,43.4454],[76.9687,43.4454],[76.9691,43.4463],[76.9696,43.4474],[76.9696,43.4474],[76.9696,43.4474],[76.9696,43.4473],[76.9696,43.4472],[76.9696,43.4471],[76.9696,43.4471],[76.9696,43.4469],[76.9696,43.4469],[76.9696,43.4467],[76.9696,43.4466],[76.9696,43.4466],[76.9696,43.4466],[76.9696,43.4465],[76.9696,43.4464],[76.9697,43.4464],[76.9697,43.4463],[76.9698,43.4462],[76.9698,43.4461],[76.9699,43.4461],[76.97,43.446],[76.97,43.446],[76.97,43.446],[76.97,43.446],[76.97,43.4459],[76.97,43.4459],[76.9701,43.4459],[76.9701,43.4459],[76.9702,43.4458],[76.9702,43.4458],[76.9702,43.4458],[76.9702,43.4458],[76.9702,43.4458],[76.9702,43.4458],[76.9703,43.4458],[76.9703,43.4458],[76.9703,43.4458],[76.9703,43.4458],[76.9703,43.4458],[76.9704,43.4458],[76.9704,43.4458],[76.9705,43.4458],[76.9702,43.4456],[76.9701,43.4456],[76.9701,43.4456],[76.9701,43.4455],[76.9699,43.4455],[76.9698,43.4455],[76.9698,43.4455],[76.9695,43.4455],[76.9695,43.4455],[76.9695,43.4455],[76.9695,43.4455],[76.9694,43.4455],[76.9693,43.4454],[76.9692,43.4454],[76.9691,43.4454],[76.9691,43.4454],[76.969,43.4454],[76.9688,43.4454],[76.9687,43.4454]]]],"type":"MultiPolygon"},"geometry_name":"shape","id":"gp_functional_zones.fid--7752831e_19fb67eabdc_5c0a","properties":{"area":11175.3595213352,"creation_doc_id":3613,"deactivation_doc_id":null,"func_zone_status_id":2,"ggk_zone_code":"11010000","ggk_zone_name":"Территория усадебной застройки","gp_func_zone_code":"11010000","gp_func_zone_code_id":19,"id":4723889,"zone_type_id":8},"type":"Feature"},{"bbox":[76.9679,43.4464,76.97,43.4489],"geometry":{"coordinates":[[[[76.9696,43.4481],[76.9689,43.4464],[76.9679,43.4467],[76.9689,43.4489],[76.97,43.4489],[76.97,43.4487],[76.9699,43.4485],[76.9697,43.4483],[76.9696,43.4481],[76.9696,43.4481]]]],"type":"MultiPolygon"},"geometry_name":"shape","id":"gp_functional_zones.fid--7752831e_19fb67eabdc_5c0b","properties":{"area":23879.7159902733,"creation_doc_id":3613,"deactivation_doc_id":null,"func_zone_status_id":2,"ggk_zone_code":"11010000","ggk_zone_name":"Территория усадебной застройки","gp_func_zone_code":"11010000","gp_func_zone_code_id":19,"id":4723890,"zone_type_id":8},"type":"Feature"},{"bbox":[76.9648,43.4473,76.9661,43.4491],"geometry":{"coordinates":[[[[76.9658,43.4484],[76.9654,43.4473],[76.9648,43.4474],[76.9654,43.4481],[76.9657,43.449],[76.9657,43.4491],[76.9661,43.4491],[76.9658,43.4484]]]],"type":"MultiPolygon"},"geometry_name":"shape","id":"gp_functional_zones.fid--7752831e_19fb67eabdc_5c0c","properties":{"area":6623.16305309626,"creation_doc_id":3613,"deactivation_doc_id":null,"func_zone_status_id":2,"ggk_zone_code":"11010000","ggk_zone_name":"Территория усадебной застройки","gp_func_zone_code":"11010000","gp_func_zone_code_id":19,"id":4723891,"zone_type_id":8},"type":"Feature"},{"bbox":[76.9592,43.4451,76.9645,43.4492],"geometry":{"coordinates":[[[[76.961,43.4453],[76.9604,43.4451],[76.9603,43.4453],[76.9602,43.4455],[76.9592,43.4469],[76.9592,43.447],[76.9605,43.4473],[76.9623,43.4478],[76.9624,43.4479],[76.9626,43.4489],[76.9626,43.4492],[76.9629,43.4492],[76.9645,43.4491],[76.9643,43.4485],[76.9632,43.4473],[76.9627,43.4469],[76.9617,43.4461],[76.9613,43.4457],[76.961,43.4453]]]],"type":"MultiPolygon"},"geometry_name":"shape","id":"gp_functional_zones.fid--7752831e_19fb67eabdc_5c0d","properties":{"area":70393.8709413997,"creation_doc_id":3613,"deactivation_doc_id":null,"func_zone_status_id":2,"ggk_zone_code":"11010000","ggk_zone_name":"Территория усадебной застройки","gp_func_zone_code":"11010000","gp_func_zone_code_id":19,"id":4723892,"zone_type_id":8},"type":"Feature"},{"bbox":[76.9549,43.4466,76.9588,43.4497],"geometry":{"coordinates":[[[[76.9585,43.4477],[76.9584,43.4477],[76.9584,43.4477],[76.9584,43.4477],[76.9584,43.4477],[76.9584,43.4477],[76.9575,43.4466],[76.9566,43.447],[76.9556,43.4474],[76.9549,43.4477],[76.9549,43.4477],[76.9549,43.4477],[76.9549,43.4477],[76.955,43.4481],[76.9552,43.4482],[76.9552,43.4483],[76.9553,43.4484],[76.957,43.4478],[76.9572,43.4478],[76.9572,43.4482],[76.9573,43.4491],[76.9579,43.4497],[76.9587,43.4493],[76.9588,43.4492],[76.9588,43.4492],[76.9586,43.4484],[76.9586,43.4484],[76.9586,43.4484],[76.9586,43.4484],[76.9586,43.4483],[76.9586,43.4483],[76.9586,43.4483],[76.9586,43.4483],[76.9585,43.4483],[76.9585,43.4483],[76.9585,43.4483],[76.9585,43.4483],[76.9585,43.4483],[76.9585,43.4482],[76.9585,43.4482],[76.9585,43.4482],[76.9585,43.4482],[76.9585,43.4482],[76.9585,43.4482],[76.9585,43.4482],[76.9585,43.4481],[76.9585,43.4481],[76.9585,43.4481],[76.9585,43.4481],[76.9585,43.4481],[76.9585,43.4481],[76.9585,43.4481],[76.9585,43.4481],[76.9585,43.4481],[76.9585,43.448],[76.9585,43.448],[76.9585,43.448],[76.9585,43.448],[76.9585,43.448],[76.9585,43.448],[76.9585,43.448],[76.9585,43.448],[76.9585,43.448],[76.9585,43.448],[76.9585,43.4479],[76.9585,43.4479],[76.9585,43.4479],[76.9585,43.4479],[76.9585,43.4479],[76.9585,43.4479],[76.9585,43.4479],[76.9585,43.4479],[76.9585,43.4478],[76.9585,43.4478],[76.9585,43.4478],[76.9585,43.4478],[76.9585,43.4478],[76.9585,43.4478],[76.9585,43.4478],[76.9585,43.4478],[76.9585,43.4477],[76.9585,43.4477],[76.9585,43.4477]]]],"type":"MultiPolygon"},"geometry_name":"shape","id":"gp_functional_zones.fid--7752831e_19fb67eabdc_5c0e","properties":{"area":45876.6545417734,"creation_doc_id":3613,"deactivation_doc_id":null,"func_zone_status_id":2,"ggk_zone_code":"11010000","ggk_zone_name":"Территория усадебной застройки","gp_func_zone_code":"11010000","gp_func_zone_code_id":19,"id":4723893,"zone_type_id":8},"type":"Feature"},{"bbox":[76.9627,43.4493,76.9645,43.4501],"geometry":{"coordinates":[[[[76.9645,43.45],[76.9644,43.4493],[76.963,43.4494],[76.9629,43.4494],[76.9629,43.4494],[76.9629,43.4495],[76.9629,43.4495],[76.9628,43.4496],[76.9628,43.4496],[76.9628,43.4497],[76.9627,43.4498],[76.9627,43.4498],[76.9627,43.4499],[76.9627,43.4499],[76.9627,43.45],[76.9627,43.4501],[76.9628,43.4501],[76.9645,43.45]]]],"type":"MultiPolygon"},"geometry_name":"shape","id":"gp_functional_zones.fid--7752831e_19fb67eabdc_5c0f","properties":{"area":10541.605039117,"creation_doc_id":3613,"deactivation_doc_id":null,"func_zone_status_id":2,"ggk_zone_code":"11010000","ggk_zone_name":"Территория усадебной застройки","gp_func_zone_code":"11010000","gp_func_zone_code_id":19,"id":4723894,"zone_type_id":8},"type":"Feature"},{"bbox":[76.9675,43.4491,76.9705,43.4507],"geometry":{"coordinates":[[[[76.9702,43.4492],[76.9701,43.4491],[76.9688,43.4491],[76.9675,43.4492],[76.9677,43.4507],[76.9705,43.4506],[76.9705,43.4506],[76.9705,43.4505],[76.9705,43.4503],[76.9705,43.4501],[76.9704,43.4498],[76.9703,43.4496],[76.9703,43.4494],[76.9702,43.4492]]]],"type":"MultiPolygon"},"geometry_name":"shape","id":"gp_functional_zones.fid--7752831e_19fb67eabdc_5c10","properties":{"area":37769.442759188,"creation_doc_id":3613,"deactivation_doc_id":null,"func_zone_status_id":2,"ggk_zone_code":"11010000","ggk_zone_name":"Территория усадебной застройки","gp_func_zone_code":"11010000","gp_func_zone_code_id":19,"id":4723895,"zone_type_id":8},"type":"Feature"},{"bbox":[76.9629,43.4502,76.9655,43.4515],"geometry":{"coordinates":[[[[76.9647,43.4505],[76.9645,43.4502],[76.9629,43.4503],[76.9629,43.4503],[76.9629,43.4503],[76.9634,43.4514],[76.9635,43.4515],[76.9655,43.4513],[76.9647,43.4505]]]],"type":"MultiPolygon"},"geometry_name":"shape","id":"gp_functional_zones.fid--7752831e_19fb67eabdc_5c11","properties":{"area":19651.1629976009,"creation_doc_id":3613,"deactivation_doc_id":null,"func_zone_status_id":2,"ggk_zone_code":"11010000","ggk_zone_name":"Территория усадебной застройки","gp_func_zone_code":"11010000","gp_func_zone_code_id":19,"id":4723896,"zone_type_id":8},"type":"Feature"},{"bbox":[76.9677,43.4508,76.9704,43.4515],"geometry":{"coordinates":[[[[76.9704,43.4508],[76.9704,43.4508],[76.9677,43.4508],[76.9677,43.4515],[76.9696,43.4515],[76.9696,43.4515],[76.9696,43.4514],[76.9696,43.4514],[76.9697,43.4514],[76.9697,43.4514],[76.9697,43.4513],[76.9697,43.4513],[76.9698,43.4512],[76.9698,43.4512],[76.9699,43.4512],[76.9699,43.4512],[76.9699,43.4512],[76.97,43.4511],[76.9701,43.4511],[76.9701,43.4511],[76.9702,43.451],[76.9703,43.451],[76.9703,43.4509],[76.9704,43.4508],[76.9704,43.4508]]]],"type":"MultiPolygon"},"geometry_name":"shape","id":"gp_functional_zones.fid--7752831e_19fb67eabdc_5c12","properties":{"area":14271.0645661825,"creation_doc_id":3613,"deactivation_doc_id":null,"func_zone_status_id":2,"ggk_zone_code":"11010000","ggk_zone_name":"Территория усадебной застройки","gp_func_zone_code":"11010000","gp_func_zone_code_id":19,"id":4723897,"zone_type_id":8},"type":"Feature"},{"bbox":[76.9657,43.4492,76.9675,43.4516],"geometry":{"coordinates":[[[[76.9674,43.4508],[76.9673,43.4492],[76.9663,43.4492],[76.9657,43.4493],[76.9657,43.45],[76.9671,43.4513],[76.9672,43.4516],[76.9675,43.4516],[76.9675,43.4516],[76.9674,43.4508]]]],"type":"MultiPolygon"},"geometry_name":"shape","id":"gp_functional_zones.fid--7752831e_19fb67eabdc_5c13","properties":{"area":23691.6494020241,"creation_doc_id":3613,"deactivation_doc_id":null,"func_zone_status_id":2,"ggk_zone_code":"11010000","ggk_zone_name":"Территория усадебной застройки","gp_func_zone_code":"11010000","gp_func_zone_code_id":19,"id":4723898,"zone_type_id":8},"type":"Feature"},{"bbox":[76.9636,43.4515,76.9668,43.4532],"geometry":{"coordinates":[[[[76.9663,43.4521],[76.9657,43.4515],[76.9636,43.4516],[76.9636,43.4517],[76.9637,43.4517],[76.9638,43.4518],[76.9638,43.4518],[76.9639,43.4519],[76.964,43.4519],[76.9641,43.4519],[76.9641,43.452],[76.9643,43.452],[76.9644,43.4521],[76.9646,43.4522],[76.9647,43.4523],[76.9648,43.4524],[76.9649,43.4525],[76.965,43.4526],[76.9651,43.4528],[76.9652,43.4529],[76.9653,43.453],[76.9654,43.4531],[76.9654,43.4532],[76.9668,43.4532],[76.9668,43.4529],[76.9666,43.4527],[76.9663,43.4521]]]],"type":"MultiPolygon"},"geometry_name":"shape","id":"gp_functional_zones.fid--7752831e_19fb67eabdc_5c14","properties":{"area":25673.2387545228,"creation_doc_id":3613,"deactivation_doc_id":null,"func_zone_status_id":2,"ggk_zone_code":"11010000","ggk_zone_name":"Территория усадебной застройки","gp_func_zone_code":"11010000","gp_func_zone_code_id":19,"id":4723899,"zone_type_id":8},"type":"Feature"},{"bbox":[76.9677,43.4517,76.9719,43.4536],"geometry":{"coordinates":[[[[76.9695,43.4517],[76.9677,43.4517],[76.9678,43.4523],[76.97,43.4525],[76.9698,43.4533],[76.9719,43.4536],[76.9719,43.4535],[76.9718,43.4534],[76.9717,43.4533],[76.9716,43.4532],[76.9715,43.4531],[76.9715,43.453],[76.9713,43.4529],[76.9713,43.4528],[76.971,43.4528],[76.9708,43.4527],[76.9706,43.4526],[76.9703,43.4525],[76.9701,43.4524],[76.9699,43.4522],[76.9697,43.4521],[76.9697,43.4521],[76.9697,43.4521],[76.9697,43.4521],[76.9696,43.452],[76.9696,43.452],[76.9696,43.452],[76.9696,43.4519],[76.9696,43.4519],[76.9695,43.4519],[76.9695,43.4518],[76.9695,43.4518],[76.9695,43.4517],[76.9695,43.4517],[76.9695,43.4517]]]],"type":"MultiPolygon"},"geometry_name":"shape","id":"gp_functional_zones.fid--7752831e_19fb67eabdc_5c15","properties":{"area":25167.6045287224,"creation_doc_id":3613,"deactivation_doc_id":null,"func_zone_status_id":2,"ggk_zone_code":"11010000","ggk_zone_name":"Территория усадебной застройки","gp_func_zone_code":"11010000","gp_func_zone_code_id":19,"id":4723900,"zone_type_id":8},"type":"Feature"},{"bbox":[76.9653,43.4625,76.9663,43.4646],"geometry":{"coordinates":[[[[76.9653,43.4625],[76.9653,43.4625],[76.9653,43.4626],[76.9653,43.4646],[76.9654,43.4646],[76.9663,43.4646],[76.9663,43.4646],[76.9663,43.4631],[76.9662,43.4628],[76.9662,43.4628],[76.9662,43.4628],[76.9662,43.4628],[76.9659,43.4627],[76.9657,43.4626],[76.9654,43.4625],[76.9653,43.4625]]]],"type":"MultiPolygon"},"geometry_name":"shape","id":"gp_functional_zones.fid--7752831e_19fb67eabdc_5c16","properties":{"area":16869.462362902,"creation_doc_id":3613,"deactivation_doc_id":null,"func_zone_status_id":2,"ggk_zone_code":"11010000","ggk_zone_name":"Территория усадебной застройки","gp_func_zone_code":"11010000","gp_func_zone_code_id":19,"id":4723901,"zone_type_id":8},"type":"Feature"},{"bbox":[76.9664,43.4629,76.9678,43.4646],"geometry":{"coordinates":[[[[76.9665,43.4629],[76.9664,43.4629],[76.9664,43.4631],[76.9665,43.4646],[76.9665,43.4646],[76.9678,43.4646],[76.9678,43.4642],[76.9678,43.4633],[76.9677,43.4633],[76.9665,43.4629]]]],"type":"MultiPolygon"},"geometry_name":"shape","id":"gp_functional_zones.fid--7752831e_19fb67eabdc_5c17","properties":{"area":18058.3773758708,"creation_doc_id":3613,"deactivation_doc_id":null,"func_zone_status_id":2,"ggk_zone_code":"11010000","ggk_zone_name":"Территория усадебной застройки","gp_func_zone_code":"11010000","gp_func_zone_code_id":19,"id":4723902,"zone_type_id":8},"type":"Feature"},{"bbox":[76.9545,43.4661,76.9562,43.4672],"geometry":{"coordinates":[[[[76.956,43.4664],[76.9545,43.4661],[76.955,43.4672],[76.9562,43.4666],[76.956,43.4664]]]],"type":"MultiPolygon"},"geometry_name":"shape","id":"gp_functional_zones.fid--7752831e_19fb67eabdc_5c18","properties":{"area":8370.93745516627,"creation_doc_id":3613,"deactivation_doc_id":null,"func_zone_status_id":2,"ggk_zone_code":"11010000","ggk_zone_name":"Территория усадебной застройки","gp_func_zone_code":"11010000","gp_func_zone_code_id":19,"id":4723903,"zone_type_id":8},"type":"Feature"},{"bbox":[76.968,43.4642,76.9691,43.4673],"geometry":{"coordinates":[[[[76.9691,43.4646],[76.968,43.4642],[76.9681,43.4673],[76.9687,43.4673],[76.9687,43.4673],[76.9687,43.4673],[76.9691,43.4646]]]],"type":"MultiPolygon"},"geometry_name":"shape","id":"gp_functional_zones.fid--7752831e_19fb67eabdc_5c19","properties":{"area":23078.3292643938,"creation_doc_id":3613,"deactivation_doc_id":null,"func_zone_status_id":2,"ggk_zone_code":"11010000","ggk_zone_name":"Территория усадебной застройки","gp_func_zone_code":"11010000","gp_func_zone_code_id":19,"id":4723904,"zone_type_id":8},"type":"Feature"},{"bbox":[76.9598,43.4621,76.9652,43.4675],"geometry":{"coordinates":[[[[76.9616,43.4621],[76.9613,43.4621],[76.961,43.4622],[76.9607,43.4622],[76.9605,43.4622],[76.9602,43.4623],[76.9599,43.4623],[76.9598,43.4623],[76.9598,43.4626],[76.9598,43.4627],[76.9598,43.4628],[76.9599,43.463],[76.9599,43.4631],[76.96,43.4632],[76.9601,43.4633],[76.9629,43.4663],[76.9651978956999,43.46739899359561],[76.9651,43.4627],[76.9651,43.4625],[76.9648,43.4624],[76.9645,43.4623],[76.9643,43.4623],[76.964,43.4622],[76.9637,43.4622],[76.9634,43.4622],[76.9631,43.4622],[76.9628,43.4621],[76.9625,43.4621],[76.9622,43.4621],[76.9619,43.4621],[76.9616,43.4621]]],[[[76.9652,43.4674],[76.9651978956999,43.46739899359561],[76.9652,43.4675],[76.9652,43.4674]]]],"type":"MultiPolygon"},"geometry_name":"shape","id":"gp_functional_zones.fid--7752831e_19fb67eabdc_5c1a","properties":{"area":162325.871843791,"creation_doc_id":3613,"deactivation_doc_id":null,"func_zone_status_id":2,"ggk_zone_code":"11010000","ggk_zone_name":"Территория усадебной застройки","gp_func_zone_code":"11010000","gp_func_zone_code_id":19,"id":4723905,"zone_type_id":8},"type":"Feature"},{"bbox":[76.9654,43.4648,76.9664,43.4679],"geometry":{"coordinates":[[[[76.9654,43.4648],[76.9654,43.4648],[76.9654,43.4675],[76.9655,43.4676],[76.9664,43.4679],[76.9664,43.4679],[76.9663,43.4648],[76.9663,43.4648],[76.9654,43.4648]]]],"type":"MultiPolygon"},"geometry_name":"shape","id":"gp_functional_zones.fid--7752831e_19fb67eabdc_5c1b","properties":{"area":25110.046755099,"creation_doc_id":3613,"deactivation_doc_id":null,"func_zone_status_id":2,"ggk_zone_code":"11010000","ggk_zone_name":"Территория усадебной застройки","gp_func_zone_code":"11010000","gp_func_zone_code_id":19,"id":4723906,"zone_type_id":8},"type":"Feature"},{"bbox":[76.9632,43.4667,76.9651,43.4679],"geometry":{"coordinates":[[[[76.9651,43.4676],[76.9632,43.4667],[76.9643,43.4679],[76.9651,43.4676]]]],"type":"MultiPolygon"},"geometry_name":"shape","id":"gp_functional_zones.fid--7752831e_19fb67eabdc_5c1c","properties":{"area":5787.73558581734,"creation_doc_id":3613,"deactivation_doc_id":null,"func_zone_status_id":2,"ggk_zone_code":"11010000","ggk_zone_name":"Территория усадебной застройки","gp_func_zone_code":"11010000","gp_func_zone_code_id":19,"id":4723907,"zone_type_id":8},"type":"Feature"},{"bbox":[76.9528,43.466,76.9548,43.4682],"geometry":{"coordinates":[[[[76.9542,43.4661],[76.9537,43.466],[76.9528,43.4682],[76.9532,43.468],[76.9546,43.4674],[76.9548,43.4673],[76.9542,43.4661]]]],"type":"MultiPolygon"},"geometry_name":"shape","id":"gp_functional_zones.fid--7752831e_19fb67eabdc_5c1d","properties":{"area":17977.5970378447,"creation_doc_id":3613,"deactivation_doc_id":null,"func_zone_status_id":2,"ggk_zone_code":"11010000","ggk_zone_name":"Территория усадебной застройки","gp_func_zone_code":"11010000","gp_func_zone_code_id":19,"id":4723908,"zone_type_id":8},"type":"Feature"},{"bbox":[76.9665,43.4648,76.9678,43.4683],"geometry":{"coordinates":[[[[76.9665,43.4648],[76.9665,43.4648],[76.9666,43.4679],[76.9666,43.4679],[76.9678,43.4683],[76.9678,43.4683],[76.9678,43.4648],[76.9665,43.4648]]]],"type":"MultiPolygon"},"geometry_name":"shape","id":"gp_functional_zones.fid--7752831e_19fb67eabdc_5c1e","properties":{"area":37918.1460599505,"creation_doc_id":3613,"deactivation_doc_id":null,"func_zone_status_id":2,"ggk_zone_code":"11010000","ggk_zone_name":"Территория усадебной застройки","gp_func_zone_code":"11010000","gp_func_zone_code_id":19,"id":4723909,"zone_type_id":8},"type":"Feature"},{"bbox":[76.9518,43.4651,76.9538,43.4689],"geometry":{"coordinates":[[[[76.9535,43.4658],[76.9538,43.4651],[76.9531,43.4656],[76.9531,43.4656],[76.953,43.4657],[76.9531,43.4658],[76.9533,43.4663],[76.953,43.4667],[76.9527,43.4667],[76.9524,43.4671],[76.9518,43.4675],[76.9518,43.4676],[76.9523,43.4682],[76.9524,43.4684],[76.9524,43.4684],[76.9524,43.4685],[76.9524,43.4685],[76.9524,43.4686],[76.9524,43.4687],[76.9525,43.4687],[76.9525,43.4688],[76.9526,43.4689],[76.9527,43.4689],[76.9527,43.4689],[76.9525,43.4684],[76.9525,43.4684],[76.9525,43.4684],[76.9525,43.4684],[76.9535,43.4658]]]],"type":"MultiPolygon"},"geometry_name":"shape","id":"gp_functional_zones.fid--7752831e_19fb67eabdc_5c1f","properties":{"area":14022.534447141,"creation_doc_id":3613,"deactivation_doc_id":null,"func_zone_status_id":2,"ggk_zone_code":"11010000","ggk_zone_name":"Территория усадебной застройки","gp_func_zone_code":"11010000","gp_func_zone_code_id":19,"id":4723910,"zone_type_id":8},"type":"Feature"},{"bbox":[76.9656,43.4678,76.9676,43.4689],"geometry":{"coordinates":[[[[76.9657,43.4678],[76.9656,43.4678],[76.9666,43.4689],[76.9666,43.4689],[76.9676,43.4684],[76.9665,43.4681],[76.9657,43.4678]]]],"type":"MultiPolygon"},"geometry_name":"shape","id":"gp_functional_zones.fid--7752831e_19fb67eabdc_5c20","properties":{"area":7142.30330163212,"creation_doc_id":3613,"deactivation_doc_id":null,"func_zone_status_id":2,"ggk_zone_code":"11010000","ggk_zone_name":"Территория усадебной застройки","gp_func_zone_code":"11010000","gp_func_zone_code_id":19,"id":4723911,"zone_type_id":8},"type":"Feature"},{"bbox":[76.9645,43.4677,76.9665,43.4694],"geometry":{"coordinates":[[[[76.9656,43.4694],[76.9664,43.469],[76.9665,43.469],[76.9653,43.4677],[76.9653,43.4677],[76.9645,43.468],[76.9647,43.4682],[76.9645,43.4684],[76.9653,43.4692],[76.9654,43.4692],[76.9656,43.4694]]]],"type":"MultiPolygon"},"geometry_name":"shape","id":"gp_functional_zones.fid--7752831e_19fb67eabdc_5c21","properties":{"area":15582.3220319191,"creation_doc_id":3613,"deactivation_doc_id":null,"func_zone_status_id":2,"ggk_zone_code":"11010000","ggk_zone_name":"Территория усадебной застройки","gp_func_zone_code":"11010000","gp_func_zone_code_id":19,"id":4723912,"zone_type_id":8},"type":"Feature"},{"bbox":[76.962,43.4704,76.9657,43.472],"geometry":{"coordinates":[[[[76.9646,43.4713],[76.9657,43.4709],[76.9653,43.4704],[76.9653,43.4704],[76.9649,43.4705],[76.9646,43.4706],[76.9641,43.4707],[76.9638,43.4708],[76.9639,43.4711],[76.9633,43.4712],[76.9632,43.471],[76.962,43.4714],[76.9622,43.4717],[76.9624,43.472],[76.9634,43.4716],[76.9635,43.4716],[76.9646,43.4713]]]],"type":"MultiPolygon"},"geometry_name":"shape","id":"gp_functional_zones.fid--7752831e_19fb67eabdc_5c22","properties":{"area":19633.1295098738,"creation_doc_id":3613,"deactivation_doc_id":null,"func_zone_status_id":2,"ggk_zone_code":"11010000","ggk_zone_name":"Территория усадебной застройки","gp_func_zone_code":"11010000","gp_func_zone_code_id":19,"id":4723913,"zone_type_id":8},"type":"Feature"},{"bbox":[76.9612,43.4719,76.9618,43.4725],"geometry":{"coordinates":[[[[76.9618,43.4723],[76.9615,43.4719],[76.9612,43.472],[76.9612,43.4725],[76.9612,43.4725],[76.9616,43.4723],[76.9616,43.4723],[76.9618,43.4723]]]],"type":"MultiPolygon"},"geometry_name":"shape","id":"gp_functional_zones.fid--7752831e_19fb67eabdc_5c23","properties":{"area":2159.36204193602,"creation_doc_id":3613,"deactivation_doc_id":null,"func_zone_status_id":2,"ggk_zone_code":"11010000","ggk_zone_name":"Территория усадебной застройки","gp_func_zone_code":"11010000","gp_func_zone_code_id":19,"id":4723914,"zone_type_id":8},"type":"Feature"},{"bbox":[76.959,43.4719,76.961,43.4731],"geometry":{"coordinates":[[[[76.961,43.4726],[76.9609,43.4719],[76.9609,43.4719],[76.9604,43.4721],[76.96,43.4724],[76.959,43.4729],[76.959,43.4729],[76.9592,43.4731],[76.9608,43.4726],[76.961,43.4726]]]],"type":"MultiPolygon"},"geometry_name":"shape","id":"gp_functional_zones.fid--7752831e_19fb67eabdc_5c24","properties":{"area":8177.94353775071,"creation_doc_id":3613,"deactivation_doc_id":null,"func_zone_status_id":2,"ggk_zone_code":"11010000","ggk_zone_name":"Территория усадебной застройки","gp_func_zone_code":"11010000","gp_func_zone_code_id":19,"id":4723915,"zone_type_id":8},"type":"Feature"},{"bbox":[76.9624,43.4715,76.9656,43.4737],"geometry":{"coordinates":[[[[76.9656,43.473],[76.9645,43.4715],[76.9636,43.4718],[76.9624,43.4722],[76.9624,43.4722],[76.9635,43.4737],[76.9656,43.473],[76.9656,43.473]]]],"type":"MultiPolygon"},"geometry_name":"shape","id":"gp_functional_zones.fid--7752831e_19fb67eabdc_5c25","properties":{"area":35372.3175966844,"creation_doc_id":3613,"deactivation_doc_id":null,"func_zone_status_id":2,"ggk_zone_code":"11010000","ggk_zone_name":"Территория усадебной застройки","gp_func_zone_code":"11010000","gp_func_zone_code_id":19,"id":4723916,"zone_type_id":8},"type":"Feature"},{"bbox":[76.9667,43.4708,76.9688,43.4737],"geometry":{"coordinates":[[[[76.9688,43.4737],[76.9683,43.4708],[76.9682,43.4708],[76.9682,43.4708],[76.9667,43.4714],[76.9674,43.4724],[76.9677,43.4723],[76.9678,43.4725],[76.9677,43.473],[76.9677,43.4731],[76.9678,43.4731],[76.9679,43.4735],[76.9682,43.4735],[76.9682,43.4736],[76.9683,43.4737],[76.9688,43.4737],[76.9688,43.4737]]]],"type":"MultiPolygon"},"geometry_name":"shape","id":"gp_functional_zones.fid--7752831e_19fb67eabdc_5c26","properties":{"area":27334.4893867407,"creation_doc_id":3613,"deactivation_doc_id":null,"func_zone_status_id":2,"ggk_zone_code":"11010000","ggk_zone_name":"Территория усадебной застройки","gp_func_zone_code":"11010000","gp_func_zone_code_id":19,"id":4723917,"zone_type_id":8},"type":"Feature"},{"bbox":[76.9648,43.4711,76.9673,43.4738],"geometry":{"coordinates":[[[[76.9661,43.4716],[76.9658,43.4711],[76.9648,43.4714],[76.9663,43.4738],[76.9673,43.4735],[76.9661,43.4716]]]],"type":"MultiPolygon"},"geometry_name":"shape","id":"gp_functional_zones.fid--7752831e_19fb67eabdc_5c27","properties":{"area":25843.5955389795,"creation_doc_id":3613,"deactivation_doc_id":null,"func_zone_status_id":2,"ggk_zone_code":"11010000","ggk_zone_name":"Территория усадебной застройки","gp_func_zone_code":"11010000","gp_func_zone_code_id":19,"id":4723918,"zone_type_id":8},"type":"Feature"},{"bbox":[76.961,43.4725,76.9633,43.475],"geometry":{"coordinates":[[[[76.9633,43.4746],[76.9616,43.4725],[76.9612,43.4727],[76.961,43.4727],[76.9622,43.475],[76.9633,43.4746]]]],"type":"MultiPolygon"},"geometry_name":"shape","id":"gp_functional_zones.fid--7752831e_19fb67eabdc_5c28","properties":{"area":20000.1096506467,"creation_doc_id":3613,"deactivation_doc_id":null,"func_zone_status_id":2,"ggk_zone_code":"11010000","ggk_zone_name":"Территория усадебной застройки","gp_func_zone_code":"11010000","gp_func_zone_code_id":19,"id":4723919,"zone_type_id":8},"type":"Feature"},{"bbox":[76.9593,43.4728,76.962,43.4754],"geometry":{"coordinates":[[[[76.962,43.475],[76.9608,43.4728],[76.9593,43.4733],[76.9609,43.4754],[76.962,43.475]]]],"type":"MultiPolygon"},"geometry_name":"shape","id":"gp_functional_zones.fid--7752831e_19fb67eabdc_5c29","properties":{"area":29818.7477281573,"creation_doc_id":3613,"deactivation_doc_id":null,"func_zone_status_id":2,"ggk_zone_code":"11010000","ggk_zone_name":"Территория усадебной застройки","gp_func_zone_code":"11010000","gp_func_zone_code_id":19,"id":4723920,"zone_type_id":8},"type":"Feature"},{"bbox":[76.9578,43.4732,76.9606,43.4757],"geometry":{"coordinates":[[[[76.959,43.4733],[76.9589,43.4732],[76.9589,43.4732],[76.9578,43.4735],[76.9596,43.4757],[76.9606,43.4754],[76.959,43.4733]]]],"type":"MultiPolygon"},"geometry_name":"shape","id":"gp_functional_zones.fid--7752831e_19fb67eabdc_5c2a","properties":{"area":26665.0807436027,"creation_doc_id":3613,"deactivation_doc_id":null,"func_zone_status_id":2,"ggk_zone_code":"11010000","ggk_zone_name":"Территория усадебной застройки","gp_func_zone_code":"11010000","gp_func_zone_code_id":19,"id":4723921,"zone_type_id":8},"type":"Feature"},{"bbox":[76.9597,43.4756,76.9623,43.4776],"geometry":{"coordinates":[[[[76.9623,43.4776],[76.9607,43.4756],[76.9597,43.4759],[76.9619,43.4775],[76.9623,43.4776]]]],"type":"MultiPolygon"},"geometry_name":"shape","id":"gp_functional_zones.fid--7752831e_19fb67eabdc_5c2b","properties":{"area":13217.5359873025,"creation_doc_id":3613,"deactivation_doc_id":null,"func_zone_status_id":2,"ggk_zone_code":"11010000","ggk_zone_name":"Территория усадебной застройки","gp_func_zone_code":"11010000","gp_func_zone_code_id":19,"id":4723922,"zone_type_id":8},"type":"Feature"},{"bbox":[76.9668,43.4744,76.97,43.4785],"geometry":{"coordinates":[[[[76.9676,43.4745],[76.9676,43.4744],[76.9676,43.4744],[76.9668,43.4747],[76.9678,43.4761],[76.9678,43.4761],[76.9678,43.4761],[76.9688,43.4785],[76.97,43.4782],[76.9676,43.4745],[76.9676,43.4745]]]],"type":"MultiPolygon"},"geometry_name":"shape","id":"gp_functional_zones.fid--7752831e_19fb67eabdc_5c2c","properties":{"area":35225.3328044875,"creation_doc_id":3613,"deactivation_doc_id":null,"func_zone_status_id":2,"ggk_zone_code":"11010000","ggk_zone_name":"Территория усадебной застройки","gp_func_zone_code":"11010000","gp_func_zone_code_id":19,"id":4723923,"zone_type_id":8},"type":"Feature"},{"bbox":[76.9623,43.4748,76.9664,43.4787],"geometry":{"coordinates":[[[[76.9664,43.4784],[76.9634,43.4748],[76.9623,43.4751],[76.9653,43.4787],[76.9664,43.4784]]]],"type":"MultiPolygon"},"geometry_name":"shape","id":"gp_functional_zones.fid--7752831e_19fb67eabdc_5c2d","properties":{"area":43000.4894558133,"creation_doc_id":3613,"deactivation_doc_id":null,"func_zone_status_id":2,"ggk_zone_code":"11010000","ggk_zone_name":"Территория усадебной застройки","gp_func_zone_code":"11010000","gp_func_zone_code_id":19,"id":4723924,"zone_type_id":8},"type":"Feature"},{"bbox":[76.961,43.4752,76.9663,43.4801],"geometry":{"coordinates":[[[[76.9652,43.4788],[76.9621,43.4752],[76.961,43.4755],[76.9626,43.4776],[76.9633,43.4778],[76.9633,43.4778],[76.9633,43.4778],[76.9633,43.4778],[76.9633,43.4778],[76.9633,43.4778],[76.9641,43.4788],[76.9649,43.4795],[76.9663,43.4801],[76.9652,43.4788],[76.9652,43.4788]]]],"type":"MultiPolygon"},"geometry_name":"shape","id":"gp_functional_zones.fid--7752831e_19fb67eabdc_5c2e","properties":{"area":48810.306387905,"creation_doc_id":3613,"deactivation_doc_id":null,"func_zone_status_id":2,"ggk_zone_code":"11010000","ggk_zone_name":"Территория усадебной застройки","gp_func_zone_code":"11010000","gp_func_zone_code_id":19,"id":4723925,"zone_type_id":8},"type":"Feature"},{"bbox":[76.9655,43.4785,76.9678,43.4802],"geometry":{"coordinates":[[[[76.9674,43.479],[76.9665,43.4785],[76.9655,43.4788],[76.9666,43.4801],[76.9675,43.4801],[76.9676,43.4801],[76.9676,43.4801],[76.9678,43.4802],[76.9674,43.479]]]],"type":"MultiPolygon"},"geometry_name":"shape","id":"gp_functional_zones.fid--7752831e_19fb67eabdc_5c2f","properties":{"area":19753.1656552945,"creation_doc_id":3613,"deactivation_doc_id":null,"func_zone_status_id":2,"ggk_zone_code":"11010000","ggk_zone_name":"Территория усадебной застройки","gp_func_zone_code":"11010000","gp_func_zone_code_id":19,"id":4723926,"zone_type_id":8},"type":"Feature"},{"bbox":[77.1045,43.6001,77.1077,43.6018],"geometry":{"coordinates":[[[[77.1077,43.6015],[77.1063,43.6001],[77.1045,43.6004],[77.1057,43.6018],[77.1077,43.6015]]]],"type":"MultiPolygon"},"geometry_name":"shape","id":"gp_functional_zones.fid--7752831e_19fb67eabdc_5c30","properties":{"area":27614.1279154692,"creation_doc_id":3613,"deactivation_doc_id":null,"func_zone_status_id":2,"ggk_zone_code":"11010000","ggk_zone_name":"Территория усадебной застройки","gp_func_zone_code":"11010000","gp_func_zone_code_id":19,"id":4723927,"zone_type_id":8},"type":"Feature"},{"bbox":[77.1082,43.6017,77.1093,43.6026],"geometry":{"coordinates":[[[[77.1093,43.6025],[77.1091,43.6017],[77.1082,43.6018],[77.1082,43.6018],[77.1082,43.6018],[77.1084,43.6026],[77.1093,43.6025],[77.1093,43.6025],[77.1093,43.6025]]]],"type":"MultiPolygon"},"geometry_name":"shape","id":"gp_functional_zones.fid--7752831e_19fb67eabdc_5c31","properties":{"area":7012.22455149085,"creation_doc_id":3613,"deactivation_doc_id":null,"func_zone_status_id":2,"ggk_zone_code":"11010000","ggk_zone_name":"Территория усадебной застройки","gp_func_zone_code":"11010000","gp_func_zone_code_id":19,"id":4723928,"zone_type_id":8},"type":"Feature"},{"bbox":[77.106,43.6019,77.1082,43.6029],"geometry":{"coordinates":[[[[77.1082,43.6027],[77.1079,43.6019],[77.106,43.6021],[77.106,43.6021],[77.106,43.6021],[77.1063,43.6029],[77.1082,43.6027],[77.1082,43.6027],[77.1082,43.6027]]]],"type":"MultiPolygon"},"geometry_name":"shape","id":"gp_functional_zones.fid--7752831e_19fb67eabdc_5c32","properties":{"area":14397.2809086185,"creation_doc_id":3613,"deactivation_doc_id":null,"func_zone_status_id":2,"ggk_zone_code":"11010000","ggk_zone_name":"Территория усадебной застройки","gp_func_zone_code":"11010000","gp_func_zone_code_id":19,"id":4723929,"zone_type_id":8},"type":"Feature"},{"bbox":[77.1228,43.6013,77.1254,43.6027],"geometry":{"coordinates":[[[[77.1254,43.6024],[77.1246,43.6013],[77.1228,43.6016],[77.1228,43.6016],[77.1228,43.6016],[77.1237,43.6027],[77.1254,43.6024],[77.1254,43.6024],[77.1254,43.6024],[77.1254,43.6024]]]],"type":"MultiPolygon"},"geometry_name":"shape","id":"gp_functional_zones.fid--7752831e_19fb67eabdc_5c33","properties":{"area":20042.762619895,"creation_doc_id":3613,"deactivation_doc_id":null,"func_zone_status_id":2,"ggk_zone_code":"11010000","ggk_zone_name":"Территория усадебной застройки","gp_func_zone_code":"11010000","gp_func_zone_code_id":19,"id":4723930,"zone_type_id":8},"type":"Feature"},{"bbox":[77.1029,43.6021,77.1061,43.6033],"geometry":{"coordinates":[[[[77.1061,43.603],[77.1058,43.6021],[77.1057,43.6021],[77.1029,43.6024],[77.1029,43.6024],[77.1029,43.6024],[77.1032,43.6033],[77.1061,43.603],[77.1061,43.603],[77.1061,43.603]]]],"type":"MultiPolygon"},"geometry_name":"shape","id":"gp_functional_zones.fid--7752831e_19fb67eabdc_5c34","properties":{"area":23245.9927332112,"creation_doc_id":3613,"deactivation_doc_id":null,"func_zone_status_id":2,"ggk_zone_code":"11010000","ggk_zone_name":"Территория усадебной застройки","gp_func_zone_code":"11010000","gp_func_zone_code_id":19,"id":4723931,"zone_type_id":8},"type":"Feature"},{"bbox":[77.1204,43.6017,77.1235,43.6032],"geometry":{"coordinates":[[[[77.1235,43.6028],[77.1225,43.6017],[77.1204,43.6021],[77.1204,43.6021],[77.1204,43.6021],[77.1212,43.6032],[77.1235,43.6028],[77.1235,43.6028],[77.1235,43.6028]]]],"type":"MultiPolygon"},"geometry_name":"shape","id":"gp_functional_zones.fid--7752831e_19fb67eabdc_5c35","properties":{"area":25679.8173100109,"creation_doc_id":3613,"deactivation_doc_id":null,"func_zone_status_id":2,"ggk_zone_code":"11010000","ggk_zone_name":"Территория усадебной застройки","gp_func_zone_code":"11010000","gp_func_zone_code_id":19,"id":4723932,"zone_type_id":8},"type":"Feature"},{"bbox":[77.0998,43.6025,77.103,43.6038],"geometry":{"coordinates":[[[[77.103,43.6034],[77.1027,43.6025],[77.1006,43.6028],[77.1006,43.6028],[77.0998,43.6029],[77.0998,43.603],[77.0998,43.603],[77.1001,43.6038],[77.103,43.6034],[77.103,43.6034],[77.103,43.6034]]]],"type":"MultiPolygon"},"geometry_name":"shape","id":"gp_functional_zones.fid--7752831e_19fb67eabdc_5c36","properties":{"area":23254.3715054164,"creation_doc_id":3613,"deactivation_doc_id":null,"func_zone_status_id":2,"ggk_zone_code":"11010000","ggk_zone_name":"Территория усадебной застройки","gp_func_zone_code":"11010000","gp_func_zone_code_id":19,"id":4723933,"zone_type_id":8},"type":"Feature"},{"bbox":[77.1064,43.6028,77.1085,43.604],"geometry":{"coordinates":[[[[77.1085,43.6037],[77.1082,43.6028],[77.1064,43.6031],[77.1064,43.6031],[77.1064,43.6031],[77.1067,43.604],[77.1085,43.6037],[77.1085,43.6037],[77.1085,43.6037]]]],"type":"MultiPolygon"},"geometry_name":"shape","id":"gp_functional_zones.fid--7752831e_19fb67eabdc_5c37","properties":{"area":15609.0770392672,"creation_doc_id":3613,"deactivation_doc_id":null,"func_zone_status_id":2,"ggk_zone_code":"11010000","ggk_zone_name":"Территория усадебной застройки","gp_func_zone_code":"11010000","gp_func_zone_code_id":19,"id":4723934,"zone_type_id":8},"type":"Feature"},{"bbox":[77.1033,43.6031,77.1064,43.6045],"geometry":{"coordinates":[[[[77.1064,43.6041],[77.1061,43.6031],[77.1033,43.6035],[77.1033,43.6035],[77.1033,43.6035],[77.1036,43.6045],[77.1064,43.6041],[77.1064,43.6041],[77.1064,43.6041]]]],"type":"MultiPolygon"},"geometry_name":"shape","id":"gp_functional_zones.fid--7752831e_19fb67eabdc_5c38","properties":{"area":25655.9873998986,"creation_doc_id":3613,"deactivation_doc_id":null,"func_zone_status_id":2,"ggk_zone_code":"11010000","ggk_zone_name":"Территория усадебной застройки","gp_func_zone_code":"11010000","gp_func_zone_code_id":19,"id":4723935,"zone_type_id":8},"type":"Feature"},{"bbox":[77.1213,43.6029,77.1239,43.6042],"geometry":{"coordinates":[[[[77.1239,43.6037],[77.1236,43.6029],[77.1213,43.6034],[77.1213,43.6034],[77.1213,43.6034],[77.1216,43.6042],[77.1239,43.6038],[77.1239,43.6038],[77.1239,43.6037]]]],"type":"MultiPolygon"},"geometry_name":"shape","id":"gp_functional_zones.fid--7752831e_19fb67eabdc_5c39","properties":{"area":17686.1432013136,"creation_doc_id":3613,"deactivation_doc_id":null,"func_zone_status_id":2,"ggk_zone_code":"11010000","ggk_zone_name":"Территория усадебной застройки","gp_func_zone_code":"11010000","gp_func_zone_code_id":19,"id":4723936,"zone_type_id":8},"type":"Feature"},{"bbox":[77.1067,43.6039,77.1086,43.6045],"geometry":{"coordinates":[[[[77.1086,43.6042],[77.1085,43.6039],[77.1067,43.6042],[77.1067,43.6042],[77.1067,43.6042],[77.1068,43.6045],[77.1086,43.6042],[77.1086,43.6042],[77.1086,43.6042]]]],"type":"MultiPolygon"},"geometry_name":"shape","id":"gp_functional_zones.fid--7752831e_19fb67eabdc_5c3a","properties":{"area":5083.24538942683,"creation_doc_id":3613,"deactivation_doc_id":null,"func_zone_status_id":2,"ggk_zone_code":"11010000","ggk_zone_name":"Территория усадебной застройки","gp_func_zone_code":"11010000","gp_func_zone_code_id":19,"id":4723937,"zone_type_id":8},"type":"Feature"},{"bbox":[77.0191,43.6035,77.0218,43.6063],"geometry":{"coordinates":[[[[77.0218,43.606],[77.0214,43.6035],[77.0191,43.6037],[77.0191,43.6037],[77.0191,43.6037],[77.0194,43.6063],[77.0218,43.606],[77.0218,43.606],[77.0218,43.606],[77.0218,43.606]]]],"type":"MultiPolygon"},"geometry_name":"shape","id":"gp_functional_zones.fid--7752831e_19fb67eabdc_5c3b","properties":{"area":55321.3320480054,"creation_doc_id":3613,"deactivation_doc_id":null,"func_zone_status_id":2,"ggk_zone_code":"11010000","ggk_zone_name":"Территория усадебной застройки","gp_func_zone_code":"11010000","gp_func_zone_code_id":19,"id":4723938,"zone_type_id":8},"type":"Feature"},{"bbox":[77.1001,43.6035,77.1033,43.605],"geometry":{"coordinates":[[[[77.1033,43.6045],[77.103,43.6035],[77.1001,43.6039],[77.1001,43.6039],[77.1001,43.6039],[77.1005,43.605],[77.1033,43.6045],[77.1033,43.6045],[77.1033,43.6045]]]],"type":"MultiPolygon"},"geometry_name":"shape","id":"gp_functional_zones.fid--7752831e_19fb67eabdc_5c3c","properties":{"area":27828.7269273883,"creation_doc_id":3613,"deactivation_doc_id":null,"func_zone_status_id":2,"ggk_zone_code":"11010000","ggk_zone_name":"Территория усадебной застройки","gp_func_zone_code":"11010000","gp_func_zone_code_id":19,"id":4723939,"zone_type_id":8},"type":"Feature"},{"bbox":[77.1242,43.6036,77.1258,43.6046],"geometry":{"coordinates":[[[[77.1257,43.6036],[77.1257,43.6036],[77.1242,43.6039],[77.1242,43.6039],[77.1242,43.6039],[77.1244,43.6046],[77.1258,43.6043],[77.1257,43.6036]]]],"type":"MultiPolygon"},"geometry_name":"shape","id":"gp_functional_zones.fid--7752831e_19fb67eabdc_5c3d","properties":{"area":9740.45242645754,"creation_doc_id":3613,"deactivation_doc_id":null,"func_zone_status_id":2,"ggk_zone_code":"11010000","ggk_zone_name":"Территория усадебной застройки","gp_func_zone_code":"11010000","gp_func_zone_code_id":19,"id":4723940,"zone_type_id":8},"type":"Feature"},{"bbox":[77.1036,43.6042,77.1066,43.605],"geometry":{"coordinates":[[[[77.1066,43.6045],[77.1065,43.6042],[77.1036,43.6047],[77.1036,43.6047],[77.1036,43.6047],[77.1037,43.605],[77.1066,43.6045],[77.1066,43.6045],[77.1066,43.6045]]]],"type":"MultiPolygon"},"geometry_name":"shape","id":"gp_functional_zones.fid--7752831e_19fb67eabdc_5c3e","properties":{"area":8539.14404539143,"creation_doc_id":3613,"deactivation_doc_id":null,"func_zone_status_id":2,"ggk_zone_code":"11010000","ggk_zone_name":"Территория усадебной застройки","gp_func_zone_code":"11010000","gp_func_zone_code_id":19,"id":4723941,"zone_type_id":8},"type":"Feature"},{"bbox":[77.1088,43.6037,77.11,43.6051],"geometry":{"coordinates":[[[[77.1098,43.6041],[77.1097,43.6037],[77.1088,43.6039],[77.1088,43.6039],[77.1088,43.6039],[77.1089,43.6043],[77.1091,43.6051],[77.11,43.605],[77.11,43.605],[77.11,43.605],[77.1098,43.6041]]]],"type":"MultiPolygon"},"geometry_name":"shape","id":"gp_functional_zones.fid--7752831e_19fb67eabdc_5c3f","properties":{"area":10494.0314245924,"creation_doc_id":3613,"deactivation_doc_id":null,"func_zone_status_id":2,"ggk_zone_code":"11010000","ggk_zone_name":"Территория усадебной застройки","gp_func_zone_code":"11010000","gp_func_zone_code_id":19,"id":4723942,"zone_type_id":8},"type":"Feature"},{"bbox":[77.1005,43.6047,77.1035,43.6055],"geometry":{"coordinates":[[[[77.1035,43.605],[77.1034,43.6047],[77.1005,43.6052],[77.1005,43.6052],[77.1005,43.6052],[77.1006,43.6055],[77.1035,43.605],[77.1035,43.605],[77.1035,43.605]]]],"type":"MultiPolygon"},"geometry_name":"shape","id":"gp_functional_zones.fid--7752831e_19fb67eabdc_5c40","properties":{"area":9403.3067693559,"creation_doc_id":3613,"deactivation_doc_id":null,"func_zone_status_id":2,"ggk_zone_code":"11010000","ggk_zone_name":"Территория усадебной застройки","gp_func_zone_code":"11010000","gp_func_zone_code_id":19,"id":4723943,"zone_type_id":8},"type":"Feature"},{"bbox":[77.0217,43.6032,77.0237,43.607],"geometry":{"coordinates":[[[[77.0234,43.6067],[77.0235,43.6066],[77.0235,43.6066],[77.0235,43.6066],[77.0235,43.6066],[77.0235,43.6065],[77.0235,43.6065],[77.0234,43.6064],[77.0234,43.6064],[77.0233,43.6065],[77.0232,43.6065],[77.0231,43.6065],[77.0231,43.6065],[77.0228,43.6065],[77.0228,43.6063],[77.0227,43.6062],[77.0227,43.6059],[77.0228,43.6056],[77.0228,43.6056],[77.0229,43.6054],[77.0229,43.6053],[77.0229,43.6052],[77.0231,43.6051],[77.0232,43.6048],[77.0233,43.6045],[77.0234,43.6044],[77.0235,43.6042],[77.0236,43.604],[77.0236,43.6039],[77.0236,43.6039],[77.0236,43.6039],[77.0237,43.6036],[77.0237,43.6036],[77.0237,43.6032],[77.0237,43.6032],[77.0237,43.6032],[77.0217,43.6034],[77.0217,43.6034],[77.0217,43.6034],[77.022,43.6059],[77.022,43.6061],[77.022,43.6062],[77.0221,43.6062],[77.0221,43.6063],[77.0221,43.6064],[77.0222,43.6065],[77.0222,43.6065],[77.0223,43.6066],[77.0223,43.6067],[77.0224,43.6067],[77.0225,43.6068],[77.0226,43.6068],[77.0228,43.607],[77.0229,43.6069],[77.0229,43.6069],[77.023,43.6068],[77.0232,43.6068],[77.0234,43.6067]]]],"type":"MultiPolygon"},"geometry_name":"shape","id":"gp_functional_zones.fid--7752831e_19fb67eabdc_5c41","properties":{"area":41014.2047064041,"creation_doc_id":3613,"deactivation_doc_id":null,"func_zone_status_id":2,"ggk_zone_code":"11010000","ggk_zone_name":"Территория усадебной застройки","gp_func_zone_code":"11010000","gp_func_zone_code_id":19,"id":4723944,"zone_type_id":8},"type":"Feature"},{"bbox":[77.1069,43.6044,77.1089,43.6055],"geometry":{"coordinates":[[[[77.1089,43.6052],[77.1087,43.6044],[77.1069,43.6047],[77.1069,43.6047],[77.1069,43.6047],[77.1071,43.6055],[77.1089,43.6052],[77.1089,43.6052],[77.1089,43.6052]]]],"type":"MultiPolygon"},"geometry_name":"shape","id":"gp_functional_zones.fid--7752831e_19fb67eabdc_5c42","properties":{"area":13184.3741085267,"creation_doc_id":3613,"deactivation_doc_id":null,"func_zone_status_id":2,"ggk_zone_code":"11010000","ggk_zone_name":"Территория усадебной застройки","gp_func_zone_code":"11010000","gp_func_zone_code_id":19,"id":4723945,"zone_type_id":8},"type":"Feature"},{"bbox":[77.1092,43.6051,77.1102,43.6056],"geometry":{"coordinates":[[[[77.1102,43.6054],[77.1101,43.6051],[77.1092,43.6053],[77.1092,43.6053],[77.1092,43.6053],[77.1093,43.6056],[77.1102,43.6054],[77.1102,43.6054],[77.1102,43.6054]]]],"type":"MultiPolygon"},"geometry_name":"shape","id":"gp_functional_zones.fid--7752831e_19fb67eabdc_5c43","properties":{"area":2539.20943742826,"creation_doc_id":3613,"deactivation_doc_id":null,"func_zone_status_id":2,"ggk_zone_code":"11010000","ggk_zone_name":"Территория усадебной застройки","gp_func_zone_code":"11010000","gp_func_zone_code_id":19,"id":4723946,"zone_type_id":8},"type":"Feature"},{"bbox":[77.023,43.6068,77.0235,43.6073],"geometry":{"coordinates":[[[[77.0235,43.6068],[77.0235,43.6068],[77.0235,43.6068],[77.0235,43.6068],[77.0233,43.6069],[77.0232,43.607],[77.0231,43.6071],[77.023,43.6071],[77.023,43.6071],[77.023,43.6071],[77.0233,43.6073],[77.0233,43.6072],[77.0233,43.6072],[77.0233,43.6072],[77.0234,43.6072],[77.0234,43.6071],[77.0234,43.6071],[77.0234,43.6071],[77.0234,43.6071],[77.0235,43.607],[77.0235,43.607],[77.0235,43.607],[77.0235,43.607],[77.0235,43.6069],[77.0235,43.6069],[77.0235,43.6069],[77.0235,43.6069],[77.0235,43.6068]]]],"type":"MultiPolygon"},"geometry_name":"shape","id":"gp_functional_zones.fid--7752831e_19fb67eabdc_5c44","properties":{"area":849.227565970508,"creation_doc_id":3613,"deactivation_doc_id":null,"func_zone_status_id":2,"ggk_zone_code":"11010000","ggk_zone_name":"Территория усадебной застройки","gp_func_zone_code":"11010000","gp_func_zone_code_id":19,"id":4723947,"zone_type_id":8},"type":"Feature"},{"bbox":[77.1245,43.6045,77.1258,43.6054],"geometry":{"coordinates":[[[[77.1258,43.6045],[77.1258,43.6045],[77.1245,43.6048],[77.1245,43.6048],[77.1245,43.6048],[77.1247,43.6054],[77.1258,43.6052],[77.1258,43.6045]]]],"type":"MultiPolygon"},"geometry_name":"shape","id":"gp_functional_zones.fid--7752831e_19fb67eabdc_5c45","properties":{"area":7804.94050595801,"creation_doc_id":3613,"deactivation_doc_id":null,"func_zone_status_id":2,"ggk_zone_code":"11010000","ggk_zone_name":"Территория усадебной застройки","gp_func_zone_code":"11010000","gp_func_zone_code_id":19,"id":4723948,"zone_type_id":8},"type":"Feature"},{"bbox":[77.1187,43.6044,77.1217,43.6057],"geometry":{"coordinates":[[[[77.1217,43.6051],[77.1214,43.6044],[77.1187,43.6049],[77.1187,43.6049],[77.1187,43.6049],[77.1189,43.6057],[77.1217,43.6051],[77.1217,43.6051],[77.1217,43.6051]]]],"type":"MultiPolygon"},"geometry_name":"shape","id":"gp_functional_zones.fid--7752831e_19fb67eabdc_5c46","properties":{"area":19321.470174704,"creation_doc_id":3613,"deactivation_doc_id":null,"func_zone_status_id":2,"ggk_zone_code":"11010000","ggk_zone_name":"Территория усадебной застройки","gp_func_zone_code":"11010000","gp_func_zone_code_id":19,"id":4723949,"zone_type_id":8},"type":"Feature"},{"bbox":[77.1038,43.6047,77.1069,43.606],"geometry":{"coordinates":[[[[77.1069,43.6055],[77.1066,43.6047],[77.1038,43.6052],[77.1038,43.6052],[77.1038,43.6052],[77.1041,43.606],[77.1069,43.6055],[77.1069,43.6055],[77.1069,43.6055]]]],"type":"MultiPolygon"},"geometry_name":"shape","id":"gp_functional_zones.fid--7752831e_19fb67eabdc_5c47","properties":{"area":21119.8830879129,"creation_doc_id":3613,"deactivation_doc_id":null,"func_zone_status_id":2,"ggk_zone_code":"11010000","ggk_zone_name":"Территория усадебной застройки","gp_func_zone_code":"11010000","gp_func_zone_code_id":19,"id":4723950,"zone_type_id":8},"type":"Feature"},{"bbox":[77.1072,43.6053,77.109,43.6059],"geometry":{"coordinates":[[[[77.109,43.6056],[77.109,43.6053],[77.1072,43.6056],[77.1072,43.6056],[77.1072,43.6056],[77.1073,43.6059],[77.1087,43.6057],[77.109,43.6056],[77.109,43.6056],[77.109,43.6056]]]],"type":"MultiPolygon"},"geometry_name":"shape","id":"gp_functional_zones.fid--7752831e_19fb67eabdc_5c48","properties":{"area":4938.50854907701,"creation_doc_id":3613,"deactivation_doc_id":null,"func_zone_status_id":2,"ggk_zone_code":"11010000","ggk_zone_name":"Территория усадебной застройки","gp_func_zone_code":"11010000","gp_func_zone_code_id":19,"id":4723951,"zone_type_id":8},"type":"Feature"},{"bbox":[77.0224,43.6072,77.0231,43.6076],"geometry":{"coordinates":[[[77.0228,43.6072],[77.0228,43.6073],[77.0226,43.6074],[77.0224,43.6076],[77.0225,43.6076],[77.0226,43.6075],[77.0227,43.6075],[77.0228,43.6075],[77.0228,43.6074],[77.0229,43.6074],[77.023,43.6074],[77.0228,43.6072]]],"type":"Polygon"},"geometry_name":"shape","id":"gp_functional_zones.fid--7752831e_19fb67eabdc_5c4a","properties":{"area":734.600927657543,"creation_doc_id":3613,"deactivation_doc_id":null,"func_zone_status_id":2,"ggk_zone_code":"11010000","ggk_zone_name":"Территория усадебной застройки","gp_func_zone_code":"11010000","gp_func_zone_code_id":19,"id":4723953,"zone_type_id":8},"type":"Feature"},{"bbox":[77.1161,43.605,77.1187,43.6062],"geometry":{"coordinates":[[[[77.1187,43.6057],[77.1184,43.605],[77.1161,43.6054],[77.1161,43.6054],[77.1161,43.6054],[77.1163,43.6062],[77.1187,43.6057],[77.1187,43.6057],[77.1187,43.6057]]]],"type":"MultiPolygon"},"geometry_name":"shape","id":"gp_functional_zones.fid--7752831e_19fb67eabdc_5c4b","properties":{"area":16524.2058206276,"creation_doc_id":3613,"deactivation_doc_id":null,"func_zone_status_id":2,"ggk_zone_code":"11010000","ggk_zone_name":"Территория усадебной застройки","gp_func_zone_code":"11010000","gp_func_zone_code_id":19,"id":4723954,"zone_type_id":8},"type":"Feature"},{"bbox":[77.1006,43.6052,77.1038,43.6065],"geometry":{"coordinates":[[[[77.1038,43.606],[77.1036,43.6052],[77.1006,43.6057],[77.1006,43.6057],[77.1006,43.6057],[77.1009,43.6065],[77.1038,43.606],[77.1038,43.606],[77.1038,43.606]]]],"type":"MultiPolygon"},"geometry_name":"shape","id":"gp_functional_zones.fid--7752831e_19fb67eabdc_5c4c","properties":{"area":21551.0800251729,"creation_doc_id":3613,"deactivation_doc_id":null,"func_zone_status_id":2,"ggk_zone_code":"11010000","ggk_zone_name":"Территория усадебной застройки","gp_func_zone_code":"11010000","gp_func_zone_code_id":19,"id":4723955,"zone_type_id":8},"type":"Feature"},{"bbox":[77.1041,43.6057,77.107,43.6064],"geometry":{"coordinates":[[[[77.107,43.606],[77.1069,43.6057],[77.1041,43.6061],[77.1041,43.6061],[77.1041,43.6061],[77.1042,43.6064],[77.106,43.6062],[77.1061,43.6061],[77.107,43.606],[77.107,43.606],[77.107,43.606]]]],"type":"MultiPolygon"},"geometry_name":"shape","id":"gp_functional_zones.fid--7752831e_19fb67eabdc_5c4d","properties":{"area":7995.03738843021,"creation_doc_id":3613,"deactivation_doc_id":null,"func_zone_status_id":2,"ggk_zone_code":"11010000","ggk_zone_name":"Территория усадебной застройки","gp_func_zone_code":"11010000","gp_func_zone_code_id":19,"id":4723956,"zone_type_id":8},"type":"Feature"},{"bbox":[77.1248,43.6054,77.1259,43.6063],"geometry":{"coordinates":[[[[77.1259,43.6054],[77.1259,43.6054],[77.1248,43.6056],[77.1248,43.6056],[77.1248,43.6056],[77.1251,43.6063],[77.1259,43.6062],[77.1259,43.6054]]]],"type":"MultiPolygon"},"geometry_name":"shape","id":"gp_functional_zones.fid--7752831e_19fb67eabdc_5c4e","properties":{"area":6707.53316101081,"creation_doc_id":3613,"deactivation_doc_id":null,"func_zone_status_id":2,"ggk_zone_code":"11010000","ggk_zone_name":"Территория усадебной застройки","gp_func_zone_code":"11010000","gp_func_zone_code_id":19,"id":4723957,"zone_type_id":8},"type":"Feature"},{"bbox":[77.119,43.6053,77.1221,43.6065],"geometry":{"coordinates":[[[[77.1221,43.606],[77.1218,43.6053],[77.119,43.6058],[77.119,43.6058],[77.119,43.6058],[77.1193,43.6065],[77.1221,43.606],[77.1221,43.606],[77.1221,43.606]]]],"type":"MultiPolygon"},"geometry_name":"shape","id":"gp_functional_zones.fid--7752831e_19fb67eabdc_5c4f","properties":{"area":18684.9403764954,"creation_doc_id":3613,"deactivation_doc_id":null,"func_zone_status_id":2,"ggk_zone_code":"11010000","ggk_zone_name":"Территория усадебной застройки","gp_func_zone_code":"11010000","gp_func_zone_code_id":19,"id":4723958,"zone_type_id":8},"type":"Feature"},{"bbox":[77.1135,43.6055,77.1161,43.6066],"geometry":{"coordinates":[[[[77.1161,43.6062],[77.1158,43.6055],[77.1135,43.6059],[77.1135,43.6059],[77.1135,43.6059],[77.1138,43.6066],[77.1161,43.6062],[77.1161,43.6062],[77.1161,43.6062]]]],"type":"MultiPolygon"},"geometry_name":"shape","id":"gp_functional_zones.fid--7752831e_19fb67eabdc_5c50","properties":{"area":15974.3684008824,"creation_doc_id":3613,"deactivation_doc_id":null,"func_zone_status_id":2,"ggk_zone_code":"11010000","ggk_zone_name":"Территория усадебной застройки","gp_func_zone_code":"11010000","gp_func_zone_code_id":19,"id":4723959,"zone_type_id":8},"type":"Feature"},{"bbox":[77.0998,43.6052,77.1007,43.6069],"geometry":{"coordinates":[[[[77.1001,43.6068],[77.1007,43.6069],[77.1007,43.6069],[77.1007,43.6068],[77.1006,43.6066],[77.1006,43.6066],[77.1004,43.6056],[77.1003,43.6052],[77.0998,43.6053],[77.0998,43.6053],[77.0998,43.6053],[77.1001,43.6068]]]],"type":"MultiPolygon"},"geometry_name":"shape","id":"gp_functional_zones.fid--7752831e_19fb67eabdc_5c51","properties":{"area":7236.71174311329,"creation_doc_id":3613,"deactivation_doc_id":null,"func_zone_status_id":2,"ggk_zone_code":"11010000","ggk_zone_name":"Территория усадебной застройки","gp_func_zone_code":"11010000","gp_func_zone_code_id":19,"id":4723960,"zone_type_id":8},"type":"Feature"},{"bbox":[77.1009,43.6062,77.104,43.6069],"geometry":{"coordinates":[[[[77.104,43.6065],[77.1039,43.6062],[77.1009,43.6067],[77.1009,43.6067],[77.1009,43.6067],[77.101,43.6069],[77.1016,43.6068],[77.104,43.6065],[77.104,43.6065],[77.104,43.6065]]]],"type":"MultiPolygon"},"geometry_name":"shape","id":"gp_functional_zones.fid--7752831e_19fb67eabdc_5c52","properties":{"area":7805.96304078417,"creation_doc_id":3613,"deactivation_doc_id":null,"func_zone_status_id":2,"ggk_zone_code":"11010000","ggk_zone_name":"Территория усадебной застройки","gp_func_zone_code":"11010000","gp_func_zone_code_id":19,"id":4723961,"zone_type_id":8},"type":"Feature"},{"bbox":[77.1224,43.6057,77.1248,43.6068],"geometry":{"coordinates":[[[[77.1248,43.6064],[77.1246,43.6057],[77.1224,43.6061],[77.1224,43.6061],[77.1224,43.6061],[77.1227,43.6068],[77.1248,43.6064],[77.1248,43.6064],[77.1248,43.6064]]]],"type":"MultiPolygon"},"geometry_name":"shape","id":"gp_functional_zones.fid--7752831e_19fb67eabdc_5c53","properties":{"area":14790.4034839304,"creation_doc_id":3613,"deactivation_doc_id":null,"func_zone_status_id":2,"ggk_zone_code":"11010000","ggk_zone_name":"Территория усадебной застройки","gp_func_zone_code":"11010000","gp_func_zone_code_id":19,"id":4723962,"zone_type_id":8},"type":"Feature"},{"bbox":[77.1164,43.6059,77.119,43.6071],"geometry":{"coordinates":[[[[77.119,43.6066],[77.1188,43.6059],[77.1164,43.6063],[77.1164,43.6063],[77.1164,43.6063],[77.1167,43.6071],[77.119,43.6066],[77.119,43.6066],[77.119,43.6066]]]],"type":"MultiPolygon"},"geometry_name":"shape","id":"gp_functional_zones.fid--7752831e_19fb67eabdc_5c54","properties":{"area":16420.8630154052,"creation_doc_id":3613,"deactivation_doc_id":null,"func_zone_status_id":2,"ggk_zone_code":"11010000","ggk_zone_name":"Территория усадебной застройки","gp_func_zone_code":"11010000","gp_func_zone_code_id":19,"id":4723963,"zone_type_id":8},"type":"Feature"},{"bbox":[77.1108,43.606,77.1135,43.6072],"geometry":{"coordinates":[[[[77.1135,43.6067],[77.1133,43.606],[77.1108,43.6065],[77.1108,43.6065],[77.1108,43.6065],[77.111,43.6072],[77.1135,43.6067],[77.1135,43.6067],[77.1135,43.6067]]]],"type":"MultiPolygon"},"geometry_name":"shape","id":"gp_functional_zones.fid--7752831e_19fb67eabdc_5c55","properties":{"area":17365.1980237703,"creation_doc_id":3613,"deactivation_doc_id":null,"func_zone_status_id":2,"ggk_zone_code":"11010000","ggk_zone_name":"Территория усадебной застройки","gp_func_zone_code":"11010000","gp_func_zone_code_id":19,"id":4723964,"zone_type_id":8},"type":"Feature"},{"bbox":[77.0211,43.6077,77.0222,43.6088],"geometry":{"coordinates":[[[[77.0222,43.6077],[77.0222,43.6077],[77.0222,43.6077],[77.0211,43.6085],[77.0211,43.6085],[77.0211,43.6085],[77.0214,43.6087],[77.0217,43.6088],[77.0217,43.6088],[77.0217,43.6088],[77.0217,43.6087],[77.0217,43.6087],[77.0217,43.6086],[77.0217,43.6086],[77.0217,43.6084],[77.0218,43.6084],[77.0218,43.6084],[77.0218,43.6083],[77.0218,43.6083],[77.0218,43.6083],[77.0219,43.6082],[77.0219,43.6082],[77.0219,43.6081],[77.0219,43.6081],[77.022,43.6081],[77.022,43.608],[77.022,43.608],[77.022,43.608],[77.0221,43.608],[77.0221,43.608],[77.0221,43.6079],[77.0222,43.6079],[77.0222,43.6079],[77.0222,43.6079],[77.0222,43.6078],[77.0222,43.6078],[77.0222,43.6077],[77.0222,43.6077]]]],"type":"MultiPolygon"},"geometry_name":"shape","id":"gp_functional_zones.fid--7752831e_19fb67eabdc_5c56","properties":{"area":3031.12311378276,"creation_doc_id":3613,"deactivation_doc_id":null,"func_zone_status_id":2,"ggk_zone_code":"11010000","ggk_zone_name":"Территория усадебной застройки","gp_func_zone_code":"11010000","gp_func_zone_code_id":19,"id":4723965,"zone_type_id":8},"type":"Feature"},{"bbox":[77.1251,43.6064,77.126,43.6072],"geometry":{"coordinates":[[[[77.126,43.6064],[77.1259,43.6064],[77.1251,43.6065],[77.1251,43.6065],[77.1251,43.6065],[77.1254,43.6072],[77.126,43.607],[77.126,43.6064]]]],"type":"MultiPolygon"},"geometry_name":"shape","id":"gp_functional_zones.fid--7752831e_19fb67eabdc_5c57","properties":{"area":4387.48136775605,"creation_doc_id":3613,"deactivation_doc_id":null,"func_zone_status_id":2,"ggk_zone_code":"11010000","ggk_zone_name":"Территория усадебной застройки","gp_func_zone_code":"11010000","gp_func_zone_code_id":19,"id":4723966,"zone_type_id":8},"type":"Feature"},{"bbox":[77.1043,43.6064,77.1062,43.6076],"geometry":{"coordinates":[[[[77.1062,43.6073],[77.1059,43.6064],[77.1043,43.6066],[77.1043,43.6066],[77.1043,43.6066],[77.1045,43.6076],[77.1062,43.6074],[77.1062,43.6074],[77.1062,43.6073]]]],"type":"MultiPolygon"},"geometry_name":"shape","id":"gp_functional_zones.fid--7752831e_19fb67eabdc_5c58","properties":{"area":15640.7300572596,"creation_doc_id":3613,"deactivation_doc_id":null,"func_zone_status_id":2,"ggk_zone_code":"11010000","ggk_zone_name":"Территория усадебной застройки","gp_func_zone_code":"11010000","gp_func_zone_code_id":19,"id":4723967,"zone_type_id":8},"type":"Feature"},{"bbox":[77.1193,43.6062,77.1224,43.6074],"geometry":{"coordinates":[[[[77.1224,43.6068],[77.1221,43.6062],[77.1193,43.6067],[77.1193,43.6067],[77.1193,43.6067],[77.1196,43.6074],[77.1224,43.6068],[77.1224,43.6068],[77.1224,43.6068]]]],"type":"MultiPolygon"},"geometry_name":"shape","id":"gp_functional_zones.fid--7752831e_19fb67eabdc_5c59","properties":{"area":17931.4157198643,"creation_doc_id":3613,"deactivation_doc_id":null,"func_zone_status_id":2,"ggk_zone_code":"11010000","ggk_zone_name":"Территория усадебной застройки","gp_func_zone_code":"11010000","gp_func_zone_code_id":19,"id":4723968,"zone_type_id":8},"type":"Feature"},{"bbox":[77.1093,43.6056,77.1109,43.6077],"geometry":{"coordinates":[[[[77.1105,43.6064],[77.1102,43.6056],[77.1093,43.6058],[77.1093,43.6058],[77.1093,43.6058],[77.11,43.6077],[77.1109,43.6075],[77.1109,43.6075],[77.1109,43.6075],[77.1108,43.6073],[77.1105,43.6064]]]],"type":"MultiPolygon"},"geometry_name":"shape","id":"gp_functional_zones.fid--7752831e_19fb67eabdc_5c5a","properties":{"area":16321.2624252197,"creation_doc_id":3613,"deactivation_doc_id":null,"func_zone_status_id":2,"ggk_zone_code":"11010000","ggk_zone_name":"Территория усадебной застройки","gp_func_zone_code":"11010000","gp_func_zone_code_id":19,"id":4723969,"zone_type_id":8},"type":"Feature"},{"bbox":[77.1138,43.6064,77.1164,43.6076],"geometry":{"coordinates":[[[[77.1164,43.6071],[77.1162,43.6064],[77.1138,43.6068],[77.1138,43.6068],[77.1138,43.6068],[77.1141,43.6076],[77.1164,43.6071],[77.1164,43.6071],[77.1164,43.6071]]]],"type":"MultiPolygon"},"geometry_name":"shape","id":"gp_functional_zones.fid--7752831e_19fb67eabdc_5c5b","properties":{"area":16780.9736840416,"creation_doc_id":3613,"deactivation_doc_id":null,"func_zone_status_id":2,"ggk_zone_code":"11010000","ggk_zone_name":"Территория усадебной застройки","gp_func_zone_code":"11010000","gp_func_zone_code_id":19,"id":4723970,"zone_type_id":8},"type":"Feature"},{"bbox":[77.1227,43.6066,77.1251,43.6076],"geometry":{"coordinates":[[[[77.1251,43.6072],[77.1249,43.6066],[77.1227,43.607],[77.1227,43.607],[77.1227,43.607],[77.123,43.6076],[77.1251,43.6072],[77.1251,43.6072],[77.1251,43.6072]]]],"type":"MultiPolygon"},"geometry_name":"shape","id":"gp_functional_zones.fid--7752831e_19fb67eabdc_5c5c","properties":{"area":13485.4430788773,"creation_doc_id":3613,"deactivation_doc_id":null,"func_zone_status_id":2,"ggk_zone_code":"11010000","ggk_zone_name":"Территория усадебной застройки","gp_func_zone_code":"11010000","gp_func_zone_code_id":19,"id":4723971,"zone_type_id":8},"type":"Feature"},{"bbox":[77.1073,43.6058,77.1097,43.608],"geometry":{"coordinates":[[[[77.1097,43.6077],[77.1091,43.6058],[77.1088,43.6059],[77.1073,43.6061],[77.1073,43.6061],[77.1073,43.6061],[77.1077,43.6072],[77.1079,43.608],[77.1097,43.6077],[77.1097,43.6077],[77.1097,43.6077]]]],"type":"MultiPolygon"},"geometry_name":"shape","id":"gp_functional_zones.fid--7752831e_19fb67eabdc_5c5d","properties":{"area":31256.0749279723,"creation_doc_id":3613,"deactivation_doc_id":null,"func_zone_status_id":2,"ggk_zone_code":"11010000","ggk_zone_name":"Территория усадебной застройки","gp_func_zone_code":"11010000","gp_func_zone_code_id":19,"id":4723972,"zone_type_id":8},"type":"Feature"},{"bbox":[77.1167,43.6068,77.1193,43.6078],"geometry":{"coordinates":[[[[77.1193,43.6074],[77.1191,43.6068],[77.1167,43.6072],[77.1167,43.6072],[77.1167,43.6072],[77.1169,43.6078],[77.1193,43.6074],[77.1193,43.6074],[77.1193,43.6074]]]],"type":"MultiPolygon"},"geometry_name":"shape","id":"gp_functional_zones.fid--7752831e_19fb67eabdc_5c5e","properties":{"area":14180.7767074001,"creation_doc_id":3613,"deactivation_doc_id":null,"func_zone_status_id":2,"ggk_zone_code":"11010000","ggk_zone_name":"Территория усадебной застройки","gp_func_zone_code":"11010000","gp_func_zone_code_id":19,"id":4723973,"zone_type_id":8},"type":"Feature"},{"bbox":[77.1111,43.6069,77.1138,43.6081],"geometry":{"coordinates":[[[[77.1138,43.6076],[77.1136,43.6069],[77.1111,43.6074],[77.1111,43.6074],[77.1111,43.6074],[77.1112,43.6075],[77.1114,43.6081],[77.1138,43.6076],[77.1138,43.6076],[77.1138,43.6076]]]],"type":"MultiPolygon"},"geometry_name":"shape","id":"gp_functional_zones.fid--7752831e_19fb67eabdc_5c5f","properties":{"area":18290.0036465019,"creation_doc_id":3613,"deactivation_doc_id":null,"func_zone_status_id":2,"ggk_zone_code":"11010000","ggk_zone_name":"Территория усадебной застройки","gp_func_zone_code":"11010000","gp_func_zone_code_id":19,"id":4723974,"zone_type_id":8},"type":"Feature"},{"bbox":[77.108,43.6077,77.1111,43.6084],"geometry":{"coordinates":[[[[77.1111,43.6082],[77.1109,43.6077],[77.1099,43.6078],[77.108,43.6082],[77.108,43.6082],[77.108,43.6082],[77.1081,43.6084],[77.1111,43.6082],[77.1111,43.6082],[77.1111,43.6082]]]],"type":"MultiPolygon"},"geometry_name":"shape","id":"gp_functional_zones.fid--7752831e_19fb67eabdc_5c60","properties":{"area":10236.4383337095,"creation_doc_id":3613,"deactivation_doc_id":null,"func_zone_status_id":2,"ggk_zone_code":"11010000","ggk_zone_name":"Территория усадебной застройки","gp_func_zone_code":"11010000","gp_func_zone_code_id":19,"id":4723975,"zone_type_id":8},"type":"Feature"},{"bbox":[77.1254,43.6072,77.1261,43.6081],"geometry":{"coordinates":[[[[77.126,43.6072],[77.126,43.6072],[77.1254,43.6073],[77.1254,43.6073],[77.1254,43.6073],[77.1257,43.6081],[77.1261,43.608],[77.126,43.6072]]]],"type":"MultiPolygon"},"geometry_name":"shape","id":"gp_functional_zones.fid--7752831e_19fb67eabdc_5c61","properties":{"area":3491.1484804656,"creation_doc_id":3613,"deactivation_doc_id":null,"func_zone_status_id":2,"ggk_zone_code":"11010000","ggk_zone_name":"Территория усадебной застройки","gp_func_zone_code":"11010000","gp_func_zone_code_id":19,"id":4723976,"zone_type_id":8},"type":"Feature"},{"bbox":[77.1196,43.607,77.1228,43.6082],"geometry":{"coordinates":[[[[77.1228,43.6077],[77.1225,43.607],[77.1196,43.6075],[77.1196,43.6075],[77.1196,43.6075],[77.1199,43.6082],[77.1228,43.6077],[77.1228,43.6077],[77.1228,43.6077]]]],"type":"MultiPolygon"},"geometry_name":"shape","id":"gp_functional_zones.fid--7752831e_19fb67eabdc_5c62","properties":{"area":18461.651995469,"creation_doc_id":3613,"deactivation_doc_id":null,"func_zone_status_id":2,"ggk_zone_code":"11010000","ggk_zone_name":"Территория усадебной застройки","gp_func_zone_code":"11010000","gp_func_zone_code_id":19,"id":4723977,"zone_type_id":8},"type":"Feature"},{"bbox":[77.1046,43.6073,77.1078,43.6088],"geometry":{"coordinates":[[[[77.1077,43.6081],[77.1075,43.6073],[77.1064,43.6075],[77.1046,43.6078],[77.1046,43.6078],[77.1046,43.6078],[77.1048,43.6088],[77.1049,43.6088],[77.1049,43.6088],[77.105,43.6088],[77.1078,43.6084],[77.1078,43.6084],[77.1078,43.6084],[77.1077,43.6081]]]],"type":"MultiPolygon"},"geometry_name":"shape","id":"gp_functional_zones.fid--7752831e_19fb67eabdc_5c63","properties":{"area":28302.0278507291,"creation_doc_id":3613,"deactivation_doc_id":null,"func_zone_status_id":2,"ggk_zone_code":"11010000","ggk_zone_name":"Территория усадебной застройки","gp_func_zone_code":"11010000","gp_func_zone_code_id":19,"id":4723978,"zone_type_id":8},"type":"Feature"},{"bbox":[77.1231,43.6074,77.1255,43.6085],"geometry":{"coordinates":[[[[77.1255,43.6081],[77.1252,43.6074],[77.1231,43.6078],[77.1231,43.6078],[77.1231,43.6078],[77.1234,43.6085],[77.1255,43.6081],[77.1255,43.6081],[77.1255,43.6081]]]],"type":"MultiPolygon"},"geometry_name":"shape","id":"gp_functional_zones.fid--7752831e_19fb67eabdc_5c64","properties":{"area":15428.2890983434,"creation_doc_id":3613,"deactivation_doc_id":null,"func_zone_status_id":2,"ggk_zone_code":"11010000","ggk_zone_name":"Территория усадебной застройки","gp_func_zone_code":"11010000","gp_func_zone_code_id":19,"id":4723979,"zone_type_id":8},"type":"Feature"},{"bbox":[77.1114,43.6078,77.1141,43.6088],"geometry":{"coordinates":[[[[77.1141,43.6084],[77.1139,43.6078],[77.1114,43.6083],[77.1114,43.6083],[77.1114,43.6083],[77.1116,43.6088],[77.1141,43.6084],[77.1141,43.6084],[77.1141,43.6084]]]],"type":"MultiPolygon"},"geometry_name":"shape","id":"gp_functional_zones.fid--7752831e_19fb67eabdc_5c65","properties":{"area":12912.9863708706,"creation_doc_id":3613,"deactivation_doc_id":null,"func_zone_status_id":2,"ggk_zone_code":"11010000","ggk_zone_name":"Территория усадебной застройки","gp_func_zone_code":"11010000","gp_func_zone_code_id":19,"id":4723980,"zone_type_id":8},"type":"Feature"},{"bbox":[77.117,43.6076,77.1197,43.6087],"geometry":{"coordinates":[[[[77.1197,43.6083],[77.1194,43.6076],[77.117,43.608],[77.117,43.608],[77.117,43.608],[77.1173,43.6087],[77.1197,43.6083],[77.1197,43.6083],[77.1197,43.6083]]]],"type":"MultiPolygon"},"geometry_name":"shape","id":"gp_functional_zones.fid--7752831e_19fb67eabdc_5c66","properties":{"area":16111.7822426706,"creation_doc_id":3613,"deactivation_doc_id":null,"func_zone_status_id":2,"ggk_zone_code":"11010000","ggk_zone_name":"Территория усадебной застройки","gp_func_zone_code":"11010000","gp_func_zone_code_id":19,"id":4723981,"zone_type_id":8},"type":"Feature"},{"bbox":[77.0198,43.6086,77.0217,43.6106],"geometry":{"coordinates":[[[77.021,43.6086],[77.0205,43.609],[77.0204,43.6091],[77.0203,43.6091],[77.0202,43.6092],[77.0201,43.6093],[77.0199,43.6093],[77.0198,43.6093],[77.02,43.6105],[77.0201,43.6105],[77.0202,43.6105],[77.0204,43.6105],[77.0205,43.6105],[77.0206,43.6105],[77.0206,43.6104],[77.0207,43.6103],[77.0208,43.6102],[77.0209,43.6102],[77.0209,43.6101],[77.021,43.6101],[77.021,43.61],[77.0211,43.61],[77.0211,43.6099],[77.0212,43.6099],[77.0213,43.6098],[77.0214,43.6097],[77.0215,43.6097],[77.0215,43.6096],[77.0216,43.6095],[77.0216,43.6094],[77.0217,43.6093],[77.0217,43.6092],[77.0217,43.6091],[77.0213,43.6088],[77.021,43.6086]]],"type":"Polygon"},"geometry_name":"shape","id":"gp_functional_zones.fid--7752831e_19fb67eabdc_5c67","properties":{"area":19008.4091137077,"creation_doc_id":3613,"deactivation_doc_id":null,"func_zone_status_id":2,"ggk_zone_code":"11010000","ggk_zone_name":"Территория усадебной застройки","gp_func_zone_code":"11010000","gp_func_zone_code_id":19,"id":4723982,"zone_type_id":8},"type":"Feature"},{"bbox":[77.1258,43.6082,77.1262,43.6089],"geometry":{"coordinates":[[[[77.1261,43.6082],[77.1261,43.6082],[77.1258,43.6083],[77.1258,43.6083],[77.1258,43.6083],[77.126,43.6089],[77.1262,43.6089],[77.1261,43.6082]]]],"type":"MultiPolygon"},"geometry_name":"shape","id":"gp_functional_zones.fid--7752831e_19fb67eabdc_5c68","properties":{"area":1531.88308905501,"creation_doc_id":3613,"deactivation_doc_id":null,"func_zone_status_id":2,"ggk_zone_code":"11010000","ggk_zone_name":"Территория усадебной застройки","gp_func_zone_code":"11010000","gp_func_zone_code_id":19,"id":4723983,"zone_type_id":8},"type":"Feature"},{"bbox":[77.1144,43.6081,77.117,43.6092],"geometry":{"coordinates":[[[[77.117,43.6088],[77.1168,43.6081],[77.1144,43.6085],[77.1144,43.6085],[77.1144,43.6085],[77.1146,43.6092],[77.117,43.6088],[77.117,43.6088],[77.117,43.6088]]]],"type":"MultiPolygon"},"geometry_name":"shape","id":"gp_functional_zones.fid--7752831e_19fb67eabdc_5c69","properties":{"area":16612.3096552445,"creation_doc_id":3613,"deactivation_doc_id":null,"func_zone_status_id":2,"ggk_zone_code":"11010000","ggk_zone_name":"Территория усадебной застройки","gp_func_zone_code":"11010000","gp_func_zone_code_id":19,"id":4723984,"zone_type_id":8},"type":"Feature"},{"bbox":[77.12,43.6078,77.1231,43.6091],"geometry":{"coordinates":[[[[77.1231,43.6086],[77.1228,43.6078],[77.12,43.6084],[77.12,43.6084],[77.12,43.6084],[77.1203,43.6091],[77.1231,43.6086],[77.1231,43.6086],[77.1231,43.6086]]]],"type":"MultiPolygon"},"geometry_name":"shape","id":"gp_functional_zones.fid--7752831e_19fb67eabdc_5c6a","properties":{"area":20718.9463121273,"creation_doc_id":3613,"deactivation_doc_id":null,"func_zone_status_id":2,"ggk_zone_code":"11010000","ggk_zone_name":"Территория усадебной застройки","gp_func_zone_code":"11010000","gp_func_zone_code_id":19,"id":4723985,"zone_type_id":8},"type":"Feature"},{"bbox":[77.1081,43.6083,77.1114,43.6094],"geometry":{"coordinates":[[[[77.1114,43.6089],[77.1112,43.6083],[77.1081,43.6086],[77.1081,43.6086],[77.1081,43.6086],[77.1084,43.6094],[77.1114,43.6089],[77.1114,43.6089],[77.1114,43.6089]]]],"type":"MultiPolygon"},"geometry_name":"shape","id":"gp_functional_zones.fid--7752831e_19fb67eabdc_5c6b","properties":{"area":19402.0560326379,"creation_doc_id":3613,"deactivation_doc_id":null,"func_zone_status_id":2,"ggk_zone_code":"11010000","ggk_zone_name":"Территория усадебной застройки","gp_func_zone_code":"11010000","gp_func_zone_code_id":19,"id":4723986,"zone_type_id":8},"type":"Feature"},{"bbox":[77.1054,43.6086,77.1082,43.6096],"geometry":{"coordinates":[[[[77.1082,43.6096],[77.1079,43.6086],[77.1054,43.6089],[77.1054,43.6089],[77.1054,43.6089],[77.1082,43.6096],[77.1082,43.6096],[77.1082,43.6096],[77.1082,43.6096]]]],"type":"MultiPolygon"},"geometry_name":"shape","id":"gp_functional_zones.fid--7752831e_19fb67eabdc_5c6c","properties":{"area":12299.5342240982,"creation_doc_id":3613,"deactivation_doc_id":null,"func_zone_status_id":2,"ggk_zone_code":"11010000","ggk_zone_name":"Территория усадебной застройки","gp_func_zone_code":"11010000","gp_func_zone_code_id":19,"id":4723987,"zone_type_id":8},"type":"Feature"},{"bbox":[77.1234,43.6083,77.1258,43.6094],"geometry":{"coordinates":[[[[77.1258,43.609],[77.1255,43.6083],[77.1234,43.6087],[77.1234,43.6087],[77.1234,43.6087],[77.1237,43.6094],[77.1258,43.609],[77.1258,43.609],[77.1258,43.609]]]],"type":"MultiPolygon"},"geometry_name":"shape","id":"gp_functional_zones.fid--7752831e_19fb67eabdc_5c6d","properties":{"area":14326.3881743491,"creation_doc_id":3613,"deactivation_doc_id":null,"func_zone_status_id":2,"ggk_zone_code":"11010000","ggk_zone_name":"Территория усадебной застройки","gp_func_zone_code":"11010000","gp_func_zone_code_id":19,"id":4723988,"zone_type_id":8},"type":"Feature"},{"bbox":[77.1173,43.6084,77.12,43.6096],"geometry":{"coordinates":[[[[77.12,43.6092],[77.1197,43.6084],[77.1173,43.6089],[77.1173,43.6089],[77.1174,43.6089],[77.1176,43.6096],[77.12,43.6092],[77.12,43.6092],[77.12,43.6092]]]],"type":"MultiPolygon"},"geometry_name":"shape","id":"gp_functional_zones.fid--7752831e_19fb67eabdc_5c6e","properties":{"area":17140.6734785369,"creation_doc_id":3613,"deactivation_doc_id":null,"func_zone_status_id":2,"ggk_zone_code":"11010000","ggk_zone_name":"Территория усадебной застройки","gp_func_zone_code":"11010000","gp_func_zone_code_id":19,"id":4723989,"zone_type_id":8},"type":"Feature"},{"bbox":[77.1117,43.6085,77.1144,43.6098],"geometry":{"coordinates":[[[[77.1144,43.6093],[77.1142,43.6085],[77.1117,43.609],[77.1117,43.609],[77.1117,43.609],[77.1119,43.6098],[77.1144,43.6093],[77.1144,43.6093],[77.1144,43.6093]]]],"type":"MultiPolygon"},"geometry_name":"shape","id":"gp_functional_zones.fid--7752831e_19fb67eabdc_5c6f","properties":{"area":17971.2268699574,"creation_doc_id":3613,"deactivation_doc_id":null,"func_zone_status_id":2,"ggk_zone_code":"11010000","ggk_zone_name":"Территория усадебной застройки","gp_func_zone_code":"11010000","gp_func_zone_code_id":19,"id":4723990,"zone_type_id":8},"type":"Feature"},{"bbox":[77.1085,43.6091,77.1117,43.6099],"geometry":{"coordinates":[[[[77.1117,43.6099],[77.1114,43.6091],[77.1085,43.6096],[77.1085,43.6096],[77.1085,43.6096],[77.1085,43.6097],[77.1089,43.6098],[77.1117,43.6099],[77.1117,43.6099],[77.1117,43.6099]]]],"type":"MultiPolygon"},"geometry_name":"shape","id":"gp_functional_zones.fid--7752831e_19fb67eabdc_5c70","properties":{"area":14467.7137410173,"creation_doc_id":3613,"deactivation_doc_id":null,"func_zone_status_id":2,"ggk_zone_code":"11010000","ggk_zone_name":"Территория усадебной застройки","gp_func_zone_code":"11010000","gp_func_zone_code_id":19,"id":4723991,"zone_type_id":8},"type":"Feature"},{"bbox":[77.1123,43.6095,77.1146,43.6099],"geometry":{"coordinates":[[[[77.1146,43.6099],[77.1145,43.6095],[77.1123,43.6099],[77.1123,43.6099],[77.1123,43.6099],[77.1146,43.6099],[77.1146,43.6099],[77.1146,43.6099]]]],"type":"MultiPolygon"},"geometry_name":"shape","id":"gp_functional_zones.fid--7752831e_19fb67eabdc_5c71","properties":{"area":5029.58223609192,"creation_doc_id":3613,"deactivation_doc_id":null,"func_zone_status_id":2,"ggk_zone_code":"11010000","ggk_zone_name":"Территория усадебной застройки","gp_func_zone_code":"11010000","gp_func_zone_code_id":19,"id":4723992,"zone_type_id":8},"type":"Feature"},{"bbox":[77.1147,43.6089,77.1175,43.61],"geometry":{"coordinates":[[[[77.1174,43.6098],[77.1171,43.6089],[77.1147,43.6094],[77.1147,43.6094],[77.1147,43.6094],[77.1149,43.6099],[77.1175,43.61],[77.1175,43.61],[77.1175,43.61],[77.1174,43.6098]]]],"type":"MultiPolygon"},"geometry_name":"shape","id":"gp_functional_zones.fid--7752831e_19fb67eabdc_5c72","properties":{"area":18419.0976712682,"creation_doc_id":3613,"deactivation_doc_id":null,"func_zone_status_id":2,"ggk_zone_code":"11010000","ggk_zone_name":"Территория усадебной застройки","gp_func_zone_code":"11010000","gp_func_zone_code_id":19,"id":4723993,"zone_type_id":8},"type":"Feature"},{"bbox":[77.1203,43.6088,77.1235,43.61],"geometry":{"coordinates":[[[[77.1235,43.6095],[77.1232,43.6088],[77.1203,43.6093],[77.1203,43.6093],[77.1203,43.6093],[77.1206,43.61],[77.1235,43.6095],[77.1235,43.6095],[77.1235,43.6095]]]],"type":"MultiPolygon"},"geometry_name":"shape","id":"gp_functional_zones.fid--7752831e_19fb67eabdc_5c73","properties":{"area":20456.0499216999,"creation_doc_id":3613,"deactivation_doc_id":null,"func_zone_status_id":2,"ggk_zone_code":"11010000","ggk_zone_name":"Территория усадебной застройки","gp_func_zone_code":"11010000","gp_func_zone_code_id":19,"id":4723994,"zone_type_id":8},"type":"Feature"},{"bbox":[77.1177,43.6094,77.1203,43.6101],"geometry":{"coordinates":[[[[77.1203,43.6101],[77.1201,43.6094],[77.1177,43.6098],[77.1177,43.6098],[77.1177,43.6098],[77.1178,43.61],[77.1203,43.6101],[77.1203,43.6101],[77.1203,43.6101]]]],"type":"MultiPolygon"},"geometry_name":"shape","id":"gp_functional_zones.fid--7752831e_19fb67eabdc_5c74","properties":{"area":10195.0912884466,"creation_doc_id":3613,"deactivation_doc_id":null,"func_zone_status_id":2,"ggk_zone_code":"11010000","ggk_zone_name":"Территория усадебной застройки","gp_func_zone_code":"11010000","gp_func_zone_code_id":19,"id":4723995,"zone_type_id":8},"type":"Feature"},{"bbox":[77.022,43.6075,77.0293,43.6121],"geometry":{"coordinates":[[[[77.0233,43.6075],[77.0233,43.6075],[77.0233,43.6075],[77.0232,43.6075],[77.0232,43.6075],[77.0232,43.6075],[77.0232,43.6075],[77.0232,43.6075],[77.0231,43.6075],[77.0231,43.6075],[77.023,43.6076],[77.023,43.6076],[77.0229,43.6076],[77.0229,43.6076],[77.0229,43.6076],[77.0228,43.6076],[77.0228,43.6077],[77.0227,43.6077],[77.0227,43.6077],[77.0226,43.6077],[77.0226,43.6077],[77.0225,43.6077],[77.0225,43.6078],[77.0225,43.6078],[77.0225,43.6078],[77.0225,43.6079],[77.0225,43.6079],[77.0224,43.6079],[77.0224,43.608],[77.0224,43.608],[77.0224,43.608],[77.0223,43.6081],[77.0223,43.6081],[77.0223,43.6081],[77.0222,43.6081],[77.0222,43.6082],[77.0222,43.6082],[77.0221,43.6083],[77.0221,43.6083],[77.0221,43.6083],[77.022,43.6084],[77.022,43.6084],[77.022,43.6084],[77.022,43.6084],[77.022,43.6086],[77.022,43.6086],[77.022,43.6087],[77.022,43.6088],[77.022,43.6088],[77.022,43.6088],[77.022,43.6089],[77.022,43.6089],[77.022,43.6089],[77.022,43.6089],[77.022,43.609],[77.0273,43.6121],[77.0293,43.6114],[77.0293,43.6114],[77.0293,43.6114],[77.0289,43.611],[77.0262,43.6093],[77.0233,43.6075]]]],"type":"MultiPolygon"},"geometry_name":"shape","id":"gp_functional_zones.fid--7752831e_19fb67eabdc_5c75","properties":{"area":114994.311281533,"creation_doc_id":3613,"deactivation_doc_id":null,"func_zone_status_id":2,"ggk_zone_code":"11010000","ggk_zone_name":"Территория усадебной застройки","gp_func_zone_code":"11010000","gp_func_zone_code_id":19,"id":4723996,"zone_type_id":8},"type":"Feature"},{"bbox":[77.1088,43.6092,77.1263,43.6109],"geometry":{"coordinates":[[[[77.1242,43.6104],[77.1263,43.6099],[77.1262,43.6092],[77.1262,43.6092],[77.126,43.6092],[77.1237,43.6097],[77.1206,43.6103],[77.1205,43.6103],[77.1205,43.6103],[77.1177,43.6103],[77.1148,43.6102],[77.1119,43.6102],[77.1088,43.6101],[77.1088,43.6101],[77.1088,43.6101],[77.1088,43.6101],[77.1088,43.6101],[77.1089,43.6103],[77.1091,43.6103],[77.1136,43.6107],[77.1188,43.6108],[77.1201,43.6109],[77.1207,43.6108],[77.1216,43.6108],[77.1242,43.6104]]]],"type":"MultiPolygon"},"geometry_name":"shape","id":"gp_functional_zones.fid--7752831e_19fb67eabdc_5c76","properties":{"area":85354.749954613,"creation_doc_id":3613,"deactivation_doc_id":null,"func_zone_status_id":2,"ggk_zone_code":"11010000","ggk_zone_name":"Территория усадебной застройки","gp_func_zone_code":"11010000","gp_func_zone_code_id":19,"id":4723997,"zone_type_id":8},"type":"Feature"},{"bbox":[77.0207,43.6092,77.027,43.6133],"geometry":{"coordinates":[[[77.0252,43.6111],[77.0241,43.6122],[77.024,43.6121],[77.0241,43.6119],[77.0234,43.6114],[77.0238,43.6112],[77.024,43.6113],[77.0243,43.6111],[77.0243,43.611],[77.0244,43.611],[77.0247,43.6108],[77.022,43.6092],[77.0219,43.6092],[77.0219,43.6093],[77.0219,43.6094],[77.0219,43.6095],[77.0218,43.6095],[77.0218,43.6096],[77.0217,43.6097],[77.0217,43.6098],[77.0216,43.6098],[77.0216,43.6099],[77.0215,43.6099],[77.0214,43.61],[77.0213,43.61],[77.0213,43.6101],[77.0212,43.6101],[77.0212,43.6102],[77.0211,43.6102],[77.0211,43.6103],[77.021,43.6103],[77.0209,43.6104],[77.0208,43.6105],[77.0208,43.6106],[77.0209,43.6107],[77.021,43.6107],[77.0211,43.6108],[77.0212,43.6109],[77.0221,43.6116],[77.025,43.6133],[77.025,43.6132],[77.0251,43.6132],[77.0251,43.6131],[77.0252,43.6131],[77.027,43.6122],[77.0252,43.6111]]],"type":"Polygon"},"geometry_name":"shape","id":"gp_functional_zones.fid--7752831e_19fb67eabdc_5c7a","properties":{"area":84401.1767645737,"creation_doc_id":3613,"deactivation_doc_id":null,"func_zone_status_id":2,"ggk_zone_code":"11010000","ggk_zone_name":"Территория усадебной застройки","gp_func_zone_code":"11010000","gp_func_zone_code_id":19,"id":4724001,"zone_type_id":8},"type":"Feature"},{"bbox":[77.0186,43.6126,77.0243,43.616],"geometry":{"coordinates":[[[77.0243,43.6158],[77.0235,43.6151],[77.0231,43.6147],[77.0216,43.6139],[77.0211,43.6136],[77.0194,43.6126],[77.0194,43.6127],[77.0193,43.6127],[77.0193,43.6128],[77.0193,43.6129],[77.0192,43.6129],[77.0191,43.613],[77.019,43.613],[77.0189,43.613],[77.0188,43.613],[77.0188,43.6131],[77.0187,43.6131],[77.0187,43.6132],[77.0188,43.6132],[77.0188,43.6133],[77.0189,43.6133],[77.0191,43.6134],[77.0198,43.6139],[77.0205,43.6143],[77.021,43.6146],[77.0212,43.6147],[77.0219,43.6151],[77.0226,43.6156],[77.0232,43.616],[77.0243,43.6158]]],"type":"Polygon"},"geometry_name":"shape","id":"gp_functional_zones.fid--7752831e_19fb67eabdc_5c7b","properties":{"area":44105.8021573569,"creation_doc_id":3613,"deactivation_doc_id":null,"func_zone_status_id":2,"ggk_zone_code":"11010000","ggk_zone_name":"Территория усадебной застройки","gp_func_zone_code":"11010000","gp_func_zone_code_id":19,"id":4724002,"zone_type_id":8},"type":"Feature"},{"bbox":[77.075,43.6615,77.0786,43.6634],"geometry":{"coordinates":[[[[77.0755,43.6615],[77.0753,43.6615],[77.075,43.6615],[77.075,43.6615],[77.075,43.6615],[77.075,43.6615],[77.075,43.6615],[77.0751,43.6618],[77.0752,43.6622],[77.0752,43.6625],[77.0753,43.6628],[77.0754,43.6632],[77.0754,43.6634],[77.0775,43.6633],[77.0774,43.6624],[77.0786,43.6624],[77.0786,43.6624],[77.0786,43.6624],[77.0786,43.6624],[77.0786,43.662],[77.0784,43.6619],[77.0782,43.6619],[77.0779,43.6618],[77.0776,43.6617],[77.0774,43.6617],[77.0771,43.6616],[77.0769,43.6616],[77.0766,43.6616],[77.0763,43.6615],[77.0761,43.6615],[77.0758,43.6615],[77.0755,43.6615]]]],"type":"MultiPolygon"},"geometry_name":"shape","id":"gp_functional_zones.fid--7752831e_19fb67eabdc_5c7c","properties":{"area":41947.489981045,"creation_doc_id":3613,"deactivation_doc_id":null,"func_zone_status_id":3,"ggk_zone_code":"11010000","ggk_zone_name":"Территория усадебной застройки","gp_func_zone_code":"11010000","gp_func_zone_code_id":19,"id":4724003,"zone_type_id":8},"type":"Feature"},{"bbox":[77.0825,43.661,77.0856,43.6638],"geometry":{"coordinates":[[[[77.0855,43.6625],[77.0853,43.661],[77.0853,43.661],[77.0853,43.661],[77.0846,43.6613],[77.084,43.6616],[77.0838,43.6617],[77.0825,43.6623],[77.0827,43.6625],[77.0833,43.6628],[77.0838,43.663],[77.0842,43.6631],[77.0843,43.6631],[77.0843,43.6631],[77.0846,43.6633],[77.0847,43.6633],[77.0847,43.6633],[77.0848,43.6634],[77.0853,43.6636],[77.0854,43.6637],[77.0856,43.6638],[77.0856,43.6638],[77.0856,43.6638],[77.0856,43.6638],[77.0856,43.6638],[77.0855,43.6625]]]],"type":"MultiPolygon"},"geometry_name":"shape","id":"gp_functional_zones.fid--7752831e_19fb67eabdc_5c7d","properties":{"area":38420.6559736884,"creation_doc_id":3613,"deactivation_doc_id":null,"func_zone_status_id":2,"ggk_zone_code":"11010000","ggk_zone_name":"Территория усадебной застройки","gp_func_zone_code":"11010000","gp_func_zone_code_id":19,"id":4724004,"zone_type_id":8},"type":"Feature"},{"bbox":[77.0802,43.6631,77.0821,43.6655],"geometry":{"coordinates":[[[[77.0819,43.6634],[77.0811,43.6631],[77.0811,43.6631],[77.0811,43.6631],[77.0802,43.6647],[77.0803,43.6649],[77.0803,43.6655],[77.0821,43.6654],[77.0821,43.6654],[77.0821,43.6654],[77.0819,43.6634]]]],"type":"MultiPolygon"},"geometry_name":"shape","id":"gp_functional_zones.fid--7752831e_19fb67eabdc_5c7e","properties":{"area":28917.1314315907,"creation_doc_id":3613,"deactivation_doc_id":null,"func_zone_status_id":3,"ggk_zone_code":"11010000","ggk_zone_name":"Территория усадебной застройки","gp_func_zone_code":"11010000","gp_func_zone_code_id":19,"id":4724005,"zone_type_id":8},"type":"Feature"},{"bbox":[77.0829,43.6639,77.0853,43.6675],"geometry":{"coordinates":[[[[77.0832,43.664],[77.0829,43.6639],[77.0829,43.6639],[77.0832,43.6645],[77.0836,43.6658],[77.0839,43.6664],[77.0842,43.6674],[77.0843,43.6675],[77.0853,43.6675],[77.0852,43.6662],[77.0851,43.666],[77.0851,43.666],[77.0851,43.6655],[77.085,43.6648],[77.085,43.6648],[77.085,43.6648],[77.085,43.6648],[77.0846,43.6646],[77.0832,43.664]]]],"type":"MultiPolygon"},"geometry_name":"shape","id":"gp_functional_zones.fid--7752831e_19fb67eabdc_5c7f","properties":{"area":40505.4499515382,"creation_doc_id":3613,"deactivation_doc_id":null,"func_zone_status_id":3,"ggk_zone_code":"11010000","ggk_zone_name":"Территория усадебной застройки","gp_func_zone_code":"11010000","gp_func_zone_code_id":19,"id":4724006,"zone_type_id":8},"type":"Feature"},{"bbox":[77.0677,43.664,77.0705,43.6662],"geometry":{"coordinates":[[[[77.0704,43.6652],[77.07,43.664],[77.0698,43.664],[77.0698,43.664],[77.0688,43.6641],[77.0688,43.6641],[77.0688,43.6641],[77.0688,43.6641],[77.069,43.6652],[77.0677,43.6653],[77.0678,43.6662],[77.0687,43.6661],[77.0705,43.666],[77.0705,43.666],[77.0705,43.666],[77.0705,43.666],[77.0705,43.6658],[77.0705,43.6658],[77.0704,43.6653],[77.0704,43.6652],[77.0704,43.6652]]]],"type":"MultiPolygon"},"geometry_name":"shape","id":"gp_functional_zones.fid--7752831e_19fb67eabdc_5c80","properties":{"area":34202.3382885127,"creation_doc_id":3613,"deactivation_doc_id":null,"func_zone_status_id":3,"ggk_zone_code":"11010000","ggk_zone_name":"Территория усадебной застройки","gp_func_zone_code":"11010000","gp_func_zone_code_id":19,"id":4724007,"zone_type_id":8},"type":"Feature"},{"bbox":[77.065,43.6642,77.0662,43.6663],"geometry":{"coordinates":[[[[77.0662,43.6663],[77.066,43.6642],[77.065,43.6643],[77.065,43.6643],[77.065,43.6643],[77.065,43.6643],[77.065,43.6643],[77.066,43.6663],[77.066,43.6663],[77.0662,43.6663],[77.0662,43.6663],[77.0662,43.6663]]]],"type":"MultiPolygon"},"geometry_name":"shape","id":"gp_functional_zones.fid--7752831e_19fb67eabdc_5c81","properties":{"area":11340.0667835586,"creation_doc_id":3613,"deactivation_doc_id":null,"func_zone_status_id":3,"ggk_zone_code":"11010000","ggk_zone_name":"Территория усадебной застройки","gp_func_zone_code":"11010000","gp_func_zone_code_id":19,"id":4724008,"zone_type_id":8},"type":"Feature"},{"bbox":[77.0775,43.6658,77.0792,43.6671],"geometry":{"coordinates":[[[[77.0792,43.6671],[77.079,43.6658],[77.0787,43.6659],[77.0775,43.6659],[77.0775,43.6659],[77.0775,43.6659],[77.0775,43.6659],[77.0776,43.6664],[77.0776,43.6664],[77.0786,43.6664],[77.0787,43.6671],[77.0787,43.6671],[77.0792,43.6671],[77.0792,43.6671],[77.0792,43.6671],[77.0792,43.6671]]]],"type":"MultiPolygon"},"geometry_name":"shape","id":"gp_functional_zones.fid--7752831e_19fb67eabdc_5c82","properties":{"area":9871.51020048042,"creation_doc_id":3613,"deactivation_doc_id":null,"func_zone_status_id":2,"ggk_zone_code":"11010000","ggk_zone_name":"Территория усадебной застройки","gp_func_zone_code":"11010000","gp_func_zone_code_id":19,"id":4724009,"zone_type_id":8},"type":"Feature"},{"bbox":[77.0804,43.6657,77.0824,43.6677],"geometry":{"coordinates":[[[[77.0824,43.6676],[77.0821,43.6657],[77.0804,43.6658],[77.0804,43.6658],[77.0804,43.6658],[77.0804,43.6658],[77.0804,43.6661],[77.0804,43.6661],[77.0804,43.6662],[77.0813,43.6677],[77.0824,43.6676],[77.0824,43.6676],[77.0824,43.6676]]]],"type":"MultiPolygon"},"geometry_name":"shape","id":"gp_functional_zones.fid--7752831e_19fb67eabdc_5c83","properties":{"area":26218.1093213918,"creation_doc_id":3613,"deactivation_doc_id":null,"func_zone_status_id":3,"ggk_zone_code":"11010000","ggk_zone_name":"Территория усадебной застройки","gp_func_zone_code":"11010000","gp_func_zone_code_id":19,"id":4724010,"zone_type_id":8},"type":"Feature"},{"bbox":[77.0794,43.6658,77.081,43.6678],"geometry":{"coordinates":[[[[77.0798,43.6658],[77.0798,43.6658],[77.0794,43.6658],[77.0794,43.6658],[77.0794,43.6658],[77.0796,43.6678],[77.081,43.6677],[77.0798,43.6661],[77.0798,43.6661],[77.0798,43.6661],[77.0798,43.6658],[77.0798,43.6658]]]],"type":"MultiPolygon"},"geometry_name":"shape","id":"gp_functional_zones.fid--7752831e_19fb67eabdc_5c84","properties":{"area":13923.1165303972,"creation_doc_id":3613,"deactivation_doc_id":null,"func_zone_status_id":3,"ggk_zone_code":"11010000","ggk_zone_name":"Территория усадебной застройки","gp_func_zone_code":"11010000","gp_func_zone_code_id":19,"id":4724011,"zone_type_id":8},"type":"Feature"},{"bbox":[77.0636,43.6666,77.0665,43.6687],"geometry":{"coordinates":[[[[77.0665,43.6685],[77.0663,43.6666],[77.0636,43.6668],[77.0636,43.6668],[77.0636,43.6668],[77.0639,43.6687],[77.0665,43.6685],[77.0665,43.6685],[77.0665,43.6685]]]],"type":"MultiPolygon"},"geometry_name":"shape","id":"gp_functional_zones.fid--7752831e_19fb67eabdc_5c85","properties":{"area":46231.4125301713,"creation_doc_id":3613,"deactivation_doc_id":null,"func_zone_status_id":2,"ggk_zone_code":"11010000","ggk_zone_name":"Территория усадебной застройки","gp_func_zone_code":"11010000","gp_func_zone_code_id":19,"id":4724012,"zone_type_id":8},"type":"Feature"},{"bbox":[77.0943,43.6679,77.0961,43.6708],"geometry":{"coordinates":[[[[77.095,43.6679],[77.0943,43.6679],[77.0943,43.668],[77.0943,43.668],[77.0943,43.668],[77.0944,43.6681],[77.0952,43.6703],[77.0952,43.6703],[77.0945,43.6704],[77.0945,43.6704],[77.0947,43.6705],[77.0952,43.6708],[77.0952,43.6708],[77.0952,43.6708],[77.0952,43.6708],[77.0953,43.6708],[77.0961,43.6702],[77.096,43.6701],[77.0959,43.6699],[77.0953,43.6686],[77.095,43.6681],[77.095,43.6681],[77.095,43.6681],[77.095,43.6679]]]],"type":"MultiPolygon"},"geometry_name":"shape","id":"gp_functional_zones.fid--7752831e_19fb67eabdc_5c86","properties":{"area":19401.5658960223,"creation_doc_id":3613,"deactivation_doc_id":null,"func_zone_status_id":2,"ggk_zone_code":"11010000","ggk_zone_name":"Территория усадебной застройки","gp_func_zone_code":"11010000","gp_func_zone_code_id":19,"id":4724013,"zone_type_id":8},"type":"Feature"},{"bbox":[77.0828,43.6678,77.0841,43.6687],"geometry":{"coordinates":[[[[77.0839,43.6679],[77.0839,43.6678],[77.0828,43.6679],[77.0828,43.6679],[77.0828,43.6679],[77.0829,43.6687],[77.0841,43.6685],[77.084,43.6682],[77.0839,43.6679]]]],"type":"MultiPolygon"},"geometry_name":"shape","id":"gp_functional_zones.fid--7752831e_19fb67eabdc_5c87","properties":{"area":8250.01273588675,"creation_doc_id":3613,"deactivation_doc_id":null,"func_zone_status_id":3,"ggk_zone_code":"11010000","ggk_zone_name":"Территория усадебной застройки","gp_func_zone_code":"11010000","gp_func_zone_code_id":19,"id":4724014,"zone_type_id":8},"type":"Feature"},{"bbox":[77.0797,43.6679,77.0825,43.6692],"geometry":{"coordinates":[[[[77.0807,43.6691],[77.0822,43.6688],[77.0823,43.6688],[77.0824,43.6688],[77.0825,43.6688],[77.0825,43.6688],[77.0825,43.6688],[77.0825,43.6688],[77.0824,43.6679],[77.0815,43.668],[77.0814,43.668],[77.0801,43.668],[77.0801,43.668],[77.0797,43.6681],[77.0797,43.6681],[77.0797,43.6681],[77.0798,43.6692],[77.0801,43.6692],[77.0807,43.6691]]]],"type":"MultiPolygon"},"geometry_name":"shape","id":"gp_functional_zones.fid--7752831e_19fb67eabdc_5c88","properties":{"area":24548.6869913656,"creation_doc_id":3613,"deactivation_doc_id":null,"func_zone_status_id":3,"ggk_zone_code":"11010000","ggk_zone_name":"Территория усадебной застройки","gp_func_zone_code":"11010000","gp_func_zone_code_id":19,"id":4724015,"zone_type_id":8},"type":"Feature"},{"bbox":[77.0762,43.6681,77.0794,43.6697],"geometry":{"coordinates":[[[[77.0794,43.6693],[77.0793,43.6681],[77.0792,43.6681],[77.0762,43.6683],[77.0762,43.6683],[77.0762,43.6683],[77.0762,43.6687],[77.0763,43.6689],[77.0763,43.6691],[77.0764,43.6693],[77.0764,43.6696],[77.0765,43.6697],[77.0768,43.6697],[77.0774,43.6696],[77.0778,43.6696],[77.0781,43.6695],[77.0785,43.6694],[77.0789,43.6694],[77.0791,43.6693],[77.0794,43.6693]]]],"type":"MultiPolygon"},"geometry_name":"shape","id":"gp_functional_zones.fid--7752831e_19fb67eabdc_5c89","properties":{"area":38104.9154085639,"creation_doc_id":3613,"deactivation_doc_id":null,"func_zone_status_id":3,"ggk_zone_code":"11010000","ggk_zone_name":"Территория усадебной застройки","gp_func_zone_code":"11010000","gp_func_zone_code_id":19,"id":4724016,"zone_type_id":8},"type":"Feature"},{"bbox":[77.0716,43.6683,77.0761,43.67],"geometry":{"coordinates":[[[[77.0759,43.6687],[77.0758,43.6683],[77.0727,43.6685],[77.0725,43.6685],[77.0725,43.6685],[77.0716,43.6685],[77.0716,43.6685],[77.0716,43.6685],[77.0716,43.6685],[77.0718,43.669],[77.0718,43.669],[77.0719,43.669],[77.072,43.6691],[77.072,43.6691],[77.0721,43.6691],[77.0722,43.6691],[77.0722,43.6691],[77.0723,43.6691],[77.0724,43.6691],[77.0724,43.6692],[77.0725,43.6692],[77.0726,43.6692],[77.0727,43.6692],[77.0727,43.6692],[77.0728,43.6693],[77.0729,43.6693],[77.073,43.6693],[77.073,43.6694],[77.0731,43.6694],[77.0732,43.6694],[77.0732,43.6694],[77.0733,43.6695],[77.0734,43.6695],[77.0734,43.6696],[77.0735,43.6696],[77.0736,43.6696],[77.0736,43.6697],[77.0737,43.6697],[77.0737,43.6697],[77.0738,43.6698],[77.0739,43.6698],[77.0739,43.6699],[77.074,43.6699],[77.074,43.67],[77.0741,43.67],[77.0741,43.67],[77.0742,43.67],[77.0745,43.67],[77.0749,43.6699],[77.0758,43.6698],[77.0761,43.6698],[77.076,43.6696],[77.076,43.6694],[77.0759,43.6691],[77.0759,43.6689],[77.0759,43.6687]]]],"type":"MultiPolygon"},"geometry_name":"shape","id":"gp_functional_zones.fid--7752831e_19fb67eabdc_5c8a","properties":{"area":46065.1430459802,"creation_doc_id":3613,"deactivation_doc_id":null,"func_zone_status_id":3,"ggk_zone_code":"11010000","ggk_zone_name":"Территория усадебной застройки","gp_func_zone_code":"11010000","gp_func_zone_code_id":19,"id":4724017,"zone_type_id":8},"type":"Feature"},{"bbox":[77.0667,43.6664,77.0699,43.6692],"geometry":{"coordinates":[[[[77.0698,43.6664],[77.06978823529411,43.66640588235295],[77.0699,43.6664],[77.0698,43.6664]]],[[[77.0667,43.6666],[77.0669,43.6686],[77.0669,43.6687],[77.0671,43.6692],[77.0672,43.6692],[77.0673,43.6691],[77.0674,43.6691],[77.0675,43.6691],[77.0676,43.6691],[77.0677,43.6691],[77.0678,43.6691],[77.0679,43.6691],[77.0681,43.669],[77.0687,43.669],[77.0688,43.669],[77.0687,43.6689],[77.0687,43.6688],[77.0686,43.6686],[77.0685,43.6685],[77.0685,43.6684],[77.0684,43.6681],[77.0683,43.6681],[77.0683,43.668],[77.0683,43.6679],[77.0683,43.6678],[77.0683,43.6677],[77.0683,43.6676],[77.0683,43.6675],[77.0684,43.6674],[77.0684,43.6673],[77.0684,43.6672],[77.0685,43.6672],[77.0685,43.6671],[77.0686,43.667],[77.0687,43.6669],[77.0688,43.6668],[77.0688,43.6667],[77.0689,43.6667],[77.069,43.6667],[77.0691,43.6666],[77.0693,43.6666],[77.0693,43.6665],[77.0694,43.6665],[77.0696,43.6665],[77.06978823529411,43.66640588235295],[77.068,43.6665],[77.0667,43.6666]]]],"type":"MultiPolygon"},"geometry_name":"shape","id":"gp_functional_zones.fid--7752831e_19fb67eabdc_5c8b","properties":{"area":39928.4862893439,"creation_doc_id":3613,"deactivation_doc_id":null,"func_zone_status_id":3,"ggk_zone_code":"11010000","ggk_zone_name":"Территория усадебной застройки","gp_func_zone_code":"11010000","gp_func_zone_code_id":19,"id":4724018,"zone_type_id":8},"type":"Feature"},{"bbox":[77.1232,43.6707,77.1246,43.6723],"geometry":{"coordinates":[[[77.1232,43.6707],[77.1238,43.6721],[77.1239,43.6723],[77.124,43.6722],[77.1241,43.6722],[77.1244,43.6721],[77.1246,43.6721],[77.1245,43.6718],[77.1244,43.6715],[77.1244,43.6714],[77.1245,43.6713],[77.1244,43.6712],[77.1232,43.6707]]],"type":"Polygon"},"geometry_name":"shape","id":"gp_functional_zones.fid--7752831e_19fb67eabdc_5c8c","properties":{"area":9633.21814096167,"creation_doc_id":3613,"deactivation_doc_id":null,"func_zone_status_id":2,"ggk_zone_code":"11010000","ggk_zone_name":"Территория усадебной застройки","gp_func_zone_code":"11010000","gp_func_zone_code_id":19,"id":4724019,"zone_type_id":8},"type":"Feature"},{"bbox":[77.1213,43.6702,77.1237,43.6725],"geometry":{"coordinates":[[[[77.123,43.6706],[77.122,43.6702],[77.1213,43.6704],[77.1213,43.6705],[77.1215,43.6709],[77.1223,43.6716],[77.1223,43.6716],[77.1223,43.6717],[77.1226,43.6721],[77.1228,43.6725],[77.1228,43.6725],[77.123,43.6725],[77.1237,43.6723],[77.1237,43.6723],[77.1237,43.6723],[77.1235,43.6721],[77.1229,43.6707],[77.1229,43.6707],[77.1229,43.6707],[77.123,43.6706]]]],"type":"MultiPolygon"},"geometry_name":"shape","id":"gp_functional_zones.fid--7752831e_19fb67eabdc_5c8d","properties":{"area":22708.5724465652,"creation_doc_id":3613,"deactivation_doc_id":null,"func_zone_status_id":2,"ggk_zone_code":"11010000","ggk_zone_name":"Территория усадебной застройки","gp_func_zone_code":"11010000","gp_func_zone_code_id":19,"id":4724020,"zone_type_id":8},"type":"Feature"},{"bbox":[77.1246,43.6713,77.126,43.6721],"geometry":{"coordinates":[[[[77.1248,43.6713],[77.1247,43.6715],[77.1246,43.6715],[77.1248,43.672],[77.1249,43.672],[77.125,43.672],[77.1251,43.672],[77.1253,43.6719],[77.1254,43.6719],[77.1255,43.6719],[77.1256,43.6719],[77.1257,43.6719],[77.1258,43.672],[77.1259,43.672],[77.12593333333334,43.672],[77.1258,43.6718],[77.1248,43.6713]]],[[[77.126,43.672],[77.12593333333334,43.672],[77.126,43.6721],[77.126,43.672]]]],"type":"MultiPolygon"},"geometry_name":"shape","id":"gp_functional_zones.fid--7752831e_19fb67eabdc_5c8e","properties":{"area":4161.03383609155,"creation_doc_id":3613,"deactivation_doc_id":null,"func_zone_status_id":2,"ggk_zone_code":"11010000","ggk_zone_name":"Территория усадебной застройки","gp_func_zone_code":"11010000","gp_func_zone_code_id":19,"id":4724021,"zone_type_id":8},"type":"Feature"},{"bbox":[77.0689,43.6727,77.0717,43.6751],"geometry":{"coordinates":[[[[77.0717,43.6728],[77.0717,43.6727],[77.0717,43.6727],[77.0689,43.6735],[77.0696,43.6751],[77.0696,43.6751],[77.0713,43.675],[77.0713,43.675],[77.0713,43.675],[77.0713,43.675],[77.0716,43.6739],[77.0716,43.6736],[77.0717,43.6734],[77.0717,43.6731],[77.0717,43.6728]]]],"type":"MultiPolygon"},"geometry_name":"shape","id":"gp_functional_zones.fid--7752831e_19fb67eabdc_5c8f","properties":{"area":40152.4677390499,"creation_doc_id":3613,"deactivation_doc_id":null,"func_zone_status_id":2,"ggk_zone_code":"11010000","ggk_zone_name":"Территория усадебной застройки","gp_func_zone_code":"11010000","gp_func_zone_code_id":19,"id":4724022,"zone_type_id":8},"type":"Feature"},{"bbox":[77.1249,43.6721,77.1269,43.6746],"geometry":{"coordinates":[[[[77.1262,43.6745],[77.1264,43.6745],[77.1269,43.6743],[77.1268,43.6741],[77.1267,43.6739],[77.1265,43.6734],[77.1265,43.6734],[77.126,43.6725],[77.1259,43.6723],[77.1259,43.6723],[77.1259,43.6723],[77.1259,43.6723],[77.1259,43.6723],[77.1259,43.6723],[77.1259,43.6723],[77.1259,43.6723],[77.1259,43.6723],[77.1259,43.6723],[77.1259,43.6723],[77.1259,43.6723],[77.1259,43.6723],[77.1259,43.6723],[77.1259,43.6723],[77.1259,43.6723],[77.1259,43.6723],[77.1259,43.6723],[77.1259,43.6723],[77.1259,43.6723],[77.1259,43.6723],[77.1259,43.6722],[77.1259,43.6722],[77.1259,43.6722],[77.1259,43.6722],[77.1259,43.6722],[77.1259,43.6722],[77.1259,43.6722],[77.1259,43.6722],[77.1258,43.6722],[77.1258,43.6722],[77.1258,43.6722],[77.1258,43.6722],[77.1258,43.6722],[77.1258,43.6722],[77.1258,43.6722],[77.1258,43.6722],[77.1258,43.6722],[77.1258,43.6722],[77.1258,43.6722],[77.1258,43.6722],[77.1258,43.6722],[77.1258,43.6722],[77.1258,43.6722],[77.1258,43.6722],[77.1258,43.6722],[77.1258,43.6722],[77.1258,43.6722],[77.1258,43.6722],[77.1258,43.6722],[77.1258,43.6722],[77.1257,43.6722],[77.1257,43.6721],[77.1257,43.6721],[77.1257,43.6721],[77.1257,43.6721],[77.1257,43.6721],[77.1257,43.6721],[77.1257,43.6721],[77.1257,43.6721],[77.1257,43.6721],[77.1257,43.6721],[77.1257,43.6721],[77.1257,43.6721],[77.1257,43.6721],[77.1257,43.6721],[77.1257,43.6721],[77.1257,43.6721],[77.1257,43.6721],[77.1256,43.6721],[77.1256,43.6721],[77.1256,43.6721],[77.1256,43.6721],[77.1256,43.6721],[77.1256,43.6721],[77.1256,43.6721],[77.1256,43.6721],[77.1256,43.6721],[77.1256,43.6721],[77.1256,43.6721],[77.1256,43.6721],[77.1256,43.6721],[77.1256,43.6721],[77.1256,43.6721],[77.1256,43.6721],[77.1256,43.6721],[77.1255,43.6721],[77.1255,43.6721],[77.1255,43.6721],[77.1255,43.6721],[77.1255,43.6721],[77.1255,43.6721],[77.1255,43.6721],[77.1255,43.6721],[77.1255,43.6721],[77.1255,43.6721],[77.1255,43.6721],[77.1255,43.6721],[77.1255,43.6721],[77.1255,43.6721],[77.1255,43.6721],[77.1255,43.6721],[77.1254,43.6721],[77.1254,43.6721],[77.1254,43.6721],[77.1254,43.6721],[77.1254,43.6721],[77.1254,43.6721],[77.1254,43.6721],[77.1254,43.6721],[77.1254,43.6721],[77.1254,43.6721],[77.1254,43.6721],[77.1254,43.6721],[77.1254,43.6721],[77.1254,43.6721],[77.1254,43.6721],[77.1254,43.6721],[77.1253,43.6721],[77.1253,43.6721],[77.1253,43.6721],[77.1253,43.6721],[77.1253,43.6721],[77.1251,43.6722],[77.1249,43.6722],[77.1253,43.6729],[77.126,43.6745],[77.126,43.6746],[77.1262,43.6745]]]],"type":"MultiPolygon"},"geometry_name":"shape","id":"gp_functional_zones.fid--7752831e_19fb67eabdc_5c97","properties":{"area":20005.4853836781,"creation_doc_id":3613,"deactivation_doc_id":null,"func_zone_status_id":2,"ggk_zone_code":"11010000","ggk_zone_name":"Территория усадебной застройки","gp_func_zone_code":"11010000","gp_func_zone_code_id":19,"id":4724030,"zone_type_id":8},"type":"Feature"},{"bbox":[77.124,43.6722,77.1258,43.6748],"geometry":{"coordinates":[[[[77.1258,43.6746],[77.1252,43.6734],[77.1247,43.6723],[77.1247,43.6722],[77.1245,43.6723],[77.1241,43.6724],[77.124,43.6724],[77.124,43.6724],[77.124,43.6725],[77.1251,43.6748],[77.1254,43.6747],[77.1256,43.6747],[77.1258,43.6746]]]],"type":"MultiPolygon"},"geometry_name":"shape","id":"gp_functional_zones.fid--7752831e_19fb67eabdc_5c98","properties":{"area":17112.3693761162,"creation_doc_id":3613,"deactivation_doc_id":null,"func_zone_status_id":2,"ggk_zone_code":"11010000","ggk_zone_name":"Территория усадебной застройки","gp_func_zone_code":"11010000","gp_func_zone_code_id":19,"id":4724031,"zone_type_id":8},"type":"Feature"},{"bbox":[77.1229,43.6725,77.1248,43.675],"geometry":{"coordinates":[[[[77.1237,43.6725],[77.1229,43.6727],[77.1233,43.6735],[77.1234,43.6737],[77.1234,43.6737],[77.1239,43.6749],[77.124,43.675],[77.1242,43.675],[77.1248,43.6748],[77.1248,43.6748],[77.1248,43.6748],[77.1239,43.6728],[77.1237,43.6725]]]],"type":"MultiPolygon"},"geometry_name":"shape","id":"gp_functional_zones.fid--7752831e_19fb67eabdc_5c99","properties":{"area":19583.3027402069,"creation_doc_id":3613,"deactivation_doc_id":null,"func_zone_status_id":2,"ggk_zone_code":"11010000","ggk_zone_name":"Территория усадебной застройки","gp_func_zone_code":"11010000","gp_func_zone_code_id":19,"id":4724032,"zone_type_id":8},"type":"Feature"},{"bbox":[77.1173,43.6722,77.1213,43.6799],"geometry":{"coordinates":[[[[77.1211,43.6795],[77.1211,43.6795],[77.1211,43.6795],[77.1213,43.6794],[77.1196,43.676],[77.1191,43.6751],[77.1175,43.6722],[77.1173,43.6722],[77.1174,43.6724],[77.1174,43.6725],[77.1178,43.6733],[77.1179,43.6735],[77.1179,43.6735],[77.1181,43.6743],[77.1184,43.6751],[77.1184,43.6752],[77.1184,43.6753],[77.1184,43.6753],[77.1184,43.6753],[77.1184,43.6753],[77.1184,43.6754],[77.1185,43.676],[77.1185,43.676],[77.1185,43.6762],[77.1185,43.6762],[77.1185,43.6762],[77.1186,43.6772],[77.1187,43.6783],[77.1188,43.6786],[77.1188,43.6786],[77.1188,43.6787],[77.1188,43.6788],[77.1199,43.6787],[77.1199,43.6787],[77.1199,43.6787],[77.12,43.679],[77.12,43.6792],[77.1189,43.6793],[77.1189,43.6799],[77.1201,43.6799],[77.1202,43.6798],[77.1209,43.6798],[77.1209,43.6795],[77.121,43.6795],[77.1211,43.6795],[77.1211,43.6795]]]],"type":"MultiPolygon"},"geometry_name":"shape","id":"gp_functional_zones.fid--7752831e_19fb67eabdc_5c9a","properties":{"area":74646.6963714481,"creation_doc_id":3613,"deactivation_doc_id":null,"func_zone_status_id":2,"ggk_zone_code":"11010000","ggk_zone_name":"Территория усадебной застройки","gp_func_zone_code":"11010000","gp_func_zone_code_id":19,"id":4724033,"zone_type_id":8},"type":"Feature"},{"bbox":[77.0676,43.6753,77.0712,43.6776],"geometry":{"coordinates":[[[[77.0712,43.6754],[77.0712,43.6753],[77.0712,43.6753],[77.0705,43.6753],[77.0704,43.6753],[77.0695,43.6754],[77.0677,43.6755],[77.0676,43.6755],[77.0676,43.6755],[77.0687,43.6776],[77.0692,43.6776],[77.0692,43.6776],[77.0698,43.6775],[77.0707,43.6773],[77.0708,43.6772],[77.0708,43.6771],[77.0708,43.677],[77.0708,43.677],[77.0708,43.6768],[77.071,43.6763],[77.0712,43.6754]]]],"type":"MultiPolygon"},"geometry_name":"shape","id":"gp_functional_zones.fid--7752831e_19fb67eabdc_5c9b","properties":{"area":53396.2996971079,"creation_doc_id":3613,"deactivation_doc_id":null,"func_zone_status_id":2,"ggk_zone_code":"11010000","ggk_zone_name":"Территория усадебной застройки","gp_func_zone_code":"11010000","gp_func_zone_code_id":19,"id":4724034,"zone_type_id":8},"type":"Feature"},{"bbox":[77.1261,43.6745,77.128,43.6769],"geometry":{"coordinates":[[[[77.128,43.6766],[77.1276,43.6758],[77.1274,43.6753],[77.1271,43.6747],[77.127,43.6745],[77.1261,43.6747],[77.1271,43.6769],[77.128,43.6766]]]],"type":"MultiPolygon"},"geometry_name":"shape","id":"gp_functional_zones.fid--7752831e_19fb67eabdc_5c9c","properties":{"area":18622.7475361875,"creation_doc_id":3613,"deactivation_doc_id":null,"func_zone_status_id":2,"ggk_zone_code":"11010000","ggk_zone_name":"Территория усадебной застройки","gp_func_zone_code":"11010000","gp_func_zone_code_id":19,"id":4724035,"zone_type_id":8},"type":"Feature"},{"bbox":[77.1251,43.6748,77.1269,43.6771],"geometry":{"coordinates":[[[[77.1264,43.677],[77.1269,43.6769],[77.1268,43.6768],[77.1268,43.6768],[77.1259,43.6748],[77.1251,43.675],[77.1251,43.675],[77.1251,43.675],[77.126,43.6769],[77.1261,43.6771],[77.1261,43.6771],[77.1264,43.677]]]],"type":"MultiPolygon"},"geometry_name":"shape","id":"gp_functional_zones.fid--7752831e_19fb67eabdc_5c9d","properties":{"area":16086.4745645616,"creation_doc_id":3613,"deactivation_doc_id":null,"func_zone_status_id":2,"ggk_zone_code":"11010000","ggk_zone_name":"Территория усадебной застройки","gp_func_zone_code":"11010000","gp_func_zone_code_id":19,"id":4724036,"zone_type_id":8},"type":"Feature"},{"bbox":[77.1241,43.675,77.1262,43.6779],"geometry":{"coordinates":[[[[77.1241,43.6752],[77.1244,43.6758],[77.1244,43.6758],[77.1246,43.6764],[77.1248,43.6768],[77.125,43.677],[77.125,43.677],[77.125,43.677],[77.1251,43.6773],[77.1251,43.6773],[77.1251,43.6773],[77.1251,43.6773],[77.1251,43.6774],[77.1251,43.6775],[77.1252,43.6779],[77.1252,43.6779],[77.1253,43.6779],[77.1253,43.6779],[77.1253,43.6779],[77.1253,43.6779],[77.1255,43.6779],[77.1255,43.6779],[77.1258,43.6779],[77.1262,43.6778],[77.126,43.6774],[77.126,43.6774],[77.1259,43.6772],[77.1259,43.6772],[77.1259,43.6772],[77.1249,43.675],[77.1241,43.6752]]]],"type":"MultiPolygon"},"geometry_name":"shape","id":"gp_functional_zones.fid--7752831e_19fb67eabdc_5c9e","properties":{"area":22980.0973312218,"creation_doc_id":3613,"deactivation_doc_id":null,"func_zone_status_id":2,"ggk_zone_code":"11010000","ggk_zone_name":"Территория усадебной застройки","gp_func_zone_code":"11010000","gp_func_zone_code_id":19,"id":4724037,"zone_type_id":8},"type":"Feature"},{"bbox":[77.1254,43.678,77.1298,43.6831],"geometry":{"coordinates":[[[[77.1263,43.678],[77.1259,43.6781],[77.1258,43.6781],[77.1258,43.6781],[77.1254,43.678],[77.1254,43.678],[77.1254,43.6786],[77.1254,43.6786],[77.1254,43.6786],[77.1255,43.6789],[77.1258,43.6795],[77.1258,43.6796],[77.1258,43.6797],[77.1258,43.6797],[77.1261,43.6803],[77.1261,43.6804],[77.1262,43.6806],[77.1262,43.6808],[77.1263,43.6809],[77.1265,43.6814],[77.1269,43.6816],[77.1269,43.6817],[77.1271,43.6818],[77.1274,43.682],[77.1276,43.6822],[77.1276,43.6822],[77.1277,43.6822],[77.128,43.6824],[77.1284,43.6828],[77.1284,43.6828],[77.1286,43.6829],[77.1286,43.6829],[77.1286,43.6829],[77.1286,43.6829],[77.1286,43.6829],[77.1286,43.6831],[77.1294,43.6831],[77.1295,43.6831],[77.1298,43.6831],[77.1294,43.6823],[77.1293,43.6823],[77.1293,43.6823],[77.1292,43.6823],[77.1292,43.6823],[77.1292,43.6823],[77.1292,43.6823],[77.1292,43.6823],[77.1292,43.6823],[77.1287,43.6819],[77.1285,43.6816],[77.1284,43.6815],[77.1284,43.6815],[77.1283,43.6815],[77.1283,43.6815],[77.1279,43.681],[77.1279,43.681],[77.1275,43.6803],[77.1274,43.6802],[77.1273,43.6799],[77.127,43.6794],[77.127,43.6793],[77.1269,43.6792],[77.1269,43.6792],[77.1266,43.6786],[77.1263,43.678]]]],"type":"MultiPolygon"},"geometry_name":"shape","id":"gp_functional_zones.fid--7752831e_19fb67eabdc_5c9f","properties":{"area":62993.3882334648,"creation_doc_id":3613,"deactivation_doc_id":null,"func_zone_status_id":2,"ggk_zone_code":"11010000","ggk_zone_name":"Территория усадебной застройки","gp_func_zone_code":"11010000","gp_func_zone_code_id":19,"id":4724038,"zone_type_id":8},"type":"Feature"},{"bbox":[77.0689,43.6778,77.071,43.6798],"geometry":{"coordinates":[[[[77.0707,43.6778],[77.0707,43.6778],[77.0707,43.6778],[77.0699,43.6778],[77.0693,43.6779],[77.0689,43.678],[77.0691,43.6798],[77.0694,43.6798],[77.0701,43.6798],[77.071,43.6797],[77.071,43.6797],[77.071,43.6797],[77.0707,43.6784],[77.0707,43.6784],[77.0707,43.6782],[77.0707,43.6782],[77.0707,43.678],[77.0707,43.678],[77.0707,43.678],[77.0707,43.678],[77.0707,43.6779],[77.0707,43.6779],[77.0707,43.6779],[77.0707,43.6779],[77.0707,43.6778]]]],"type":"MultiPolygon"},"geometry_name":"shape","id":"gp_functional_zones.fid--7752831e_19fb67eabdc_5ca0","properties":{"area":30967.4301781726,"creation_doc_id":3613,"deactivation_doc_id":null,"func_zone_status_id":2,"ggk_zone_code":"11010000","ggk_zone_name":"Территория усадебной застройки","gp_func_zone_code":"11010000","gp_func_zone_code_id":19,"id":4724039,"zone_type_id":8},"type":"Feature"},{"bbox":[77.1104,43.6769,77.1128,43.6792],"geometry":{"coordinates":[[[[77.1128,43.6787],[77.1128,43.6783],[77.1127,43.6775],[77.1127,43.6774],[77.1126,43.677],[77.1126,43.6769],[77.1125,43.6769],[77.1116,43.6772],[77.1116,43.6772],[77.1109,43.6774],[77.1109,43.6774],[77.1109,43.6774],[77.1111,43.6779],[77.1115,43.6786],[77.1112,43.6786],[77.1108,43.6778],[77.1107,43.6775],[77.1105,43.6776],[77.1105,43.6776],[77.1105,43.6776],[77.1104,43.6776],[77.1104,43.6776],[77.1104,43.6776],[77.1109,43.6792],[77.1109,43.6792],[77.1109,43.6792],[77.1112,43.6792],[77.1115,43.6792],[77.1115,43.6791],[77.1115,43.6791],[77.112,43.6791],[77.1123,43.679],[77.1127,43.679],[77.1128,43.679],[77.1128,43.6787]]]],"type":"MultiPolygon"},"geometry_name":"shape","id":"gp_functional_zones.fid--7752831e_19fb67eabdc_5ca1","properties":{"area":33805.1450444546,"creation_doc_id":3613,"deactivation_doc_id":null,"func_zone_status_id":2,"ggk_zone_code":"11010000","ggk_zone_name":"Территория усадебной застройки","gp_func_zone_code":"11010000","gp_func_zone_code_id":19,"id":4724040,"zone_type_id":8},"type":"Feature"},{"bbox":[77.1272,43.6768,77.1291,43.6794],"geometry":{"coordinates":[[[[77.1281,43.6769],[77.1281,43.6768],[77.1272,43.677],[77.1272,43.6771],[77.1272,43.6771],[77.1274,43.6774],[77.1279,43.6786],[77.1281,43.6789],[77.1282,43.6791],[77.1282,43.6791],[77.1282,43.6792],[77.1283,43.6794],[77.1291,43.6792],[77.1291,43.6791],[77.129,43.679],[77.129,43.6788],[77.1282,43.6771],[77.1281,43.6769]]]],"type":"MultiPolygon"},"geometry_name":"shape","id":"gp_functional_zones.fid--7752831e_19fb67eabdc_5ca2","properties":{"area":20448.0899260349,"creation_doc_id":3613,"deactivation_doc_id":null,"func_zone_status_id":2,"ggk_zone_code":"11010000","ggk_zone_name":"Территория усадебной застройки","gp_func_zone_code":"11010000","gp_func_zone_code_id":19,"id":4724041,"zone_type_id":8},"type":"Feature"},{"bbox":[77.1262,43.6771,77.1293,43.6822],"geometry":{"coordinates":[[[[77.1265,43.6772],[77.1262,43.6773],[77.1263,43.6774],[77.1264,43.6775],[77.127,43.6789],[77.1271,43.679],[77.1272,43.6792],[77.1272,43.6793],[77.1272,43.6793],[77.1273,43.6793],[77.1273,43.6793],[77.1273,43.6794],[77.1273,43.6794],[77.1274,43.6796],[77.1274,43.6796],[77.1281,43.6809],[77.1281,43.6809],[77.1285,43.6814],[77.1286,43.6814],[77.1287,43.6815],[77.1289,43.6817],[77.1293,43.6822],[77.1293,43.6822],[77.1291,43.6816],[77.129,43.6815],[77.129,43.6814],[77.1289,43.6813],[77.1289,43.6812],[77.1289,43.6812],[77.1289,43.6811],[77.1286,43.6806],[77.1284,43.6802],[77.1284,43.6802],[77.1283,43.68],[77.1281,43.6796],[77.1281,43.6795],[77.1279,43.6792],[77.1279,43.679],[77.1279,43.679],[77.1277,43.6787],[77.1272,43.6774],[77.127,43.6771],[77.127,43.6771],[77.1266,43.6772],[77.1265,43.6772]]]],"type":"MultiPolygon"},"geometry_name":"shape","id":"gp_functional_zones.fid--7752831e_19fb67eabdc_5ca3","properties":{"area":29417.7698517356,"creation_doc_id":3613,"deactivation_doc_id":null,"func_zone_status_id":2,"ggk_zone_code":"11010000","ggk_zone_name":"Территория усадебной застройки","gp_func_zone_code":"11010000","gp_func_zone_code_id":19,"id":4724042,"zone_type_id":8},"type":"Feature"},{"bbox":[77.124,43.678,77.126,43.6813],"geometry":{"coordinates":[[[[77.1252,43.6786],[77.1252,43.678],[77.1251,43.6781],[77.1251,43.6781],[77.1247,43.6781],[77.1246,43.6781],[77.1244,43.6781],[77.124,43.6782],[77.124,43.6782],[77.1241,43.6784],[77.1241,43.6786],[77.1241,43.6786],[77.1241,43.6786],[77.1241,43.6787],[77.1242,43.6789],[77.1244,43.6793],[77.1245,43.6798],[77.1246,43.68],[77.1247,43.6804],[77.1248,43.6804],[77.1248,43.6806],[77.1251,43.6813],[77.126,43.6809],[77.1256,43.6798],[77.1255,43.6796],[77.1255,43.6796],[77.1255,43.6796],[77.1255,43.6795],[77.1252,43.6786],[77.1252,43.6786],[77.1252,43.6786],[77.1252,43.6786],[77.1252,43.6786]]]],"type":"MultiPolygon"},"geometry_name":"shape","id":"gp_functional_zones.fid--7752831e_19fb67eabdc_5ca4","properties":{"area":29010.4283742522,"creation_doc_id":3613,"deactivation_doc_id":null,"func_zone_status_id":2,"ggk_zone_code":"11010000","ggk_zone_name":"Территория усадебной застройки","gp_func_zone_code":"11010000","gp_func_zone_code_id":19,"id":4724043,"zone_type_id":8},"type":"Feature"},{"bbox":[77.1207,43.6725,77.1237,43.6783],"geometry":{"coordinates":[[[[77.1218,43.6728],[77.1217,43.6725],[77.1217,43.6725],[77.1217,43.6725],[77.121,43.6726],[77.121,43.6728],[77.1207,43.6728],[77.1224,43.6783],[77.1227,43.6783],[77.1237,43.6781],[77.1236,43.6777],[77.1235,43.6774],[77.1235,43.6773],[77.1234,43.6773],[77.1234,43.6772],[77.1231,43.6768],[77.1231,43.6768],[77.1229,43.6761],[77.1229,43.6761],[77.1229,43.6761],[77.1229,43.6761],[77.1228,43.6759],[77.1227,43.6753],[77.1226,43.6751],[77.1226,43.6751],[77.1226,43.675],[77.1218,43.6728]]]],"type":"MultiPolygon"},"geometry_name":"shape","id":"gp_functional_zones.fid--7752831e_19fb67eabdc_5ca5","properties":{"area":61052.6593438783,"creation_doc_id":3613,"deactivation_doc_id":null,"func_zone_status_id":2,"ggk_zone_code":"11010000","ggk_zone_name":"Территория усадебной застройки","gp_func_zone_code":"11010000","gp_func_zone_code_id":19,"id":4724044,"zone_type_id":8},"type":"Feature"},{"bbox":[77.1159,43.6788,77.1188,43.6809],"geometry":{"coordinates":[[[[77.1186,43.6794],[77.1186,43.6788],[77.1185,43.6788],[77.1185,43.6788],[77.1183,43.6788],[77.1159,43.679],[77.1159,43.679],[77.1159,43.679],[77.1159,43.679],[77.116,43.6793],[77.1161,43.6804],[77.1162,43.6809],[77.118,43.6808],[77.118,43.6808],[77.1188,43.6808],[77.1188,43.6807],[77.1188,43.6807],[77.1188,43.6807],[77.1188,43.6807],[77.1187,43.6805],[77.1187,43.6805],[77.1187,43.6804],[77.1187,43.68],[77.1187,43.68],[77.1186,43.6794],[77.1186,43.6794]]]],"type":"MultiPolygon"},"geometry_name":"shape","id":"gp_functional_zones.fid--7752831e_19fb67eabdc_5ca6","properties":{"area":46267.6435431389,"creation_doc_id":3613,"deactivation_doc_id":null,"func_zone_status_id":2,"ggk_zone_code":"11010000","ggk_zone_name":"Территория усадебной застройки","gp_func_zone_code":"11010000","gp_func_zone_code_id":19,"id":4724045,"zone_type_id":8},"type":"Feature"},{"bbox":[77.1131,43.679,77.1148,43.681],"geometry":{"coordinates":[[[[77.1147,43.679],[77.1147,43.679],[77.1135,43.6791],[77.1131,43.6791],[77.1131,43.6791],[77.1131,43.6791],[77.1131,43.6791],[77.1131,43.6798],[77.1132,43.6799],[77.1132,43.68],[77.1132,43.6806],[77.1133,43.681],[77.1137,43.681],[77.1139,43.681],[77.1142,43.681],[77.1142,43.681],[77.1141,43.6798],[77.1148,43.6797],[77.1148,43.6797],[77.1148,43.6797],[77.1147,43.679]]]],"type":"MultiPolygon"},"geometry_name":"shape","id":"gp_functional_zones.fid--7752831e_19fb67eabdc_5ca7","properties":{"area":20101.5991129713,"creation_doc_id":3613,"deactivation_doc_id":null,"func_zone_status_id":2,"ggk_zone_code":"11010000","ggk_zone_name":"Территория усадебной застройки","gp_func_zone_code":"11010000","gp_func_zone_code_id":19,"id":4724046,"zone_type_id":8},"type":"Feature"},{"bbox":[77.1117,43.6792,77.113,43.6811],"geometry":{"coordinates":[[[[77.1129,43.6798],[77.1128,43.6792],[77.1117,43.6793],[77.1117,43.6793],[77.1118,43.6801],[77.1119,43.6811],[77.113,43.6811],[77.113,43.6811],[77.1129,43.6799],[77.1129,43.6798],[77.1129,43.6798]]]],"type":"MultiPolygon"},"geometry_name":"shape","id":"gp_functional_zones.fid--7752831e_19fb67eabdc_5ca8","properties":{"area":19323.204425983,"creation_doc_id":3613,"deactivation_doc_id":null,"func_zone_status_id":2,"ggk_zone_code":"11010000","ggk_zone_name":"Территория усадебной застройки","gp_func_zone_code":"11010000","gp_func_zone_code_id":19,"id":4724047,"zone_type_id":8},"type":"Feature"},{"bbox":[77.1284,43.6793,77.1312,43.6841],"geometry":{"coordinates":[[[[77.1298,43.6796],[77.1296,43.6793],[77.1296,43.6793],[77.1284,43.6796],[77.1286,43.6801],[77.1289,43.6805],[77.1289,43.6805],[77.1289,43.6806],[77.1291,43.681],[77.1291,43.6811],[77.1296,43.6822],[77.1296,43.6822],[77.1301,43.6832],[77.1306,43.6841],[77.1311,43.6841],[77.1312,43.6839],[77.1312,43.6831],[77.1312,43.6824],[77.131,43.682],[77.1305,43.681],[77.1305,43.681],[77.1304,43.6808],[77.1302,43.6804],[77.1298,43.6796]]]],"type":"MultiPolygon"},"geometry_name":"shape","id":"gp_functional_zones.fid--7752831e_19fb67eabdc_5ca9","properties":{"area":54285.942918549,"creation_doc_id":3613,"deactivation_doc_id":null,"func_zone_status_id":2,"ggk_zone_code":"11010000","ggk_zone_name":"Территория усадебной застройки","gp_func_zone_code":"11010000","gp_func_zone_code_id":19,"id":4724048,"zone_type_id":8},"type":"Feature"},{"bbox":[77.1108,43.6811,77.1153,43.683],"geometry":{"coordinates":[[[77.1117,43.683],[77.1117,43.6816],[77.1145,43.6815],[77.1145,43.6828],[77.1146,43.6828],[77.1151,43.6828],[77.1152,43.6828],[77.1153,43.6828],[77.1152,43.6821],[77.1151,43.6811],[77.1149,43.6811],[77.1144,43.6812],[77.1143,43.6812],[77.1137,43.6812],[77.1132,43.6812],[77.1131,43.6812],[77.1127,43.6813],[77.1124,43.6813],[77.112,43.6813],[77.1118,43.6813],[77.1114,43.6813],[77.1111,43.6814],[77.111,43.6814],[77.1108,43.6814],[77.1113,43.683],[77.1117,43.683]]],"type":"Polygon"},"geometry_name":"shape","id":"gp_functional_zones.fid--7752831e_19fb67eabdc_5caa","properties":{"area":29564.4265711679,"creation_doc_id":3613,"deactivation_doc_id":null,"func_zone_status_id":2,"ggk_zone_code":"11010000","ggk_zone_name":"Территория усадебной застройки","gp_func_zone_code":"11010000","gp_func_zone_code_id":19,"id":4724049,"zone_type_id":8},"type":"Feature"},{"bbox":[77.1113,43.6831,77.1125,43.6835],"geometry":{"coordinates":[[[[77.1124,43.6831],[77.1124,43.6831],[77.1123,43.6831],[77.112,43.6832],[77.1116,43.6832],[77.1113,43.6832],[77.1114,43.6835],[77.1125,43.6835],[77.1124,43.6832],[77.1124,43.6832],[77.1124,43.6831]]]],"type":"MultiPolygon"},"geometry_name":"shape","id":"gp_functional_zones.fid--7752831e_19fb67eabdc_5cab","properties":{"area":3036.90733023956,"creation_doc_id":3613,"deactivation_doc_id":null,"func_zone_status_id":2,"ggk_zone_code":"11010000","ggk_zone_name":"Территория усадебной застройки","gp_func_zone_code":"11010000","gp_func_zone_code_id":19,"id":4724050,"zone_type_id":8},"type":"Feature"},{"bbox":[77.1236,43.6811,77.1284,43.6849],"geometry":{"coordinates":[[[77.1277,43.6847],[77.1278,43.6847],[77.1279,43.6847],[77.1281,43.6847],[77.1283,43.6846],[77.1282,43.6842],[77.1282,43.6839],[77.1284,43.6835],[77.1284,43.6832],[77.1284,43.683],[77.1282,43.6829],[77.1274,43.6823],[77.1272,43.6822],[77.1269,43.6819],[77.1268,43.6819],[77.1267,43.6818],[77.1264,43.6815],[77.1263,43.6815],[77.1261,43.6811],[77.125,43.6815],[77.1245,43.6817],[77.1242,43.6818],[77.1241,43.6818],[77.124,43.6819],[77.1237,43.6819],[77.1237,43.682],[77.1237,43.6821],[77.1238,43.6826],[77.124,43.683],[77.124,43.6831],[77.1241,43.6832],[77.1241,43.6833],[77.1242,43.6833],[77.1243,43.6833],[77.1244,43.6833],[77.1245,43.6833],[77.1245,43.6834],[77.1246,43.6834],[77.1247,43.6834],[77.1248,43.6834],[77.1249,43.6834],[77.125,43.6834],[77.125,43.6835],[77.1251,43.6835],[77.1252,43.6835],[77.1252,43.6836],[77.1253,43.6836],[77.1253,43.6837],[77.1254,43.6837],[77.1254,43.6838],[77.1255,43.6839],[77.1256,43.6842],[77.1256,43.6843],[77.1257,43.6843],[77.1257,43.6844],[77.1257,43.6845],[77.1258,43.6845],[77.1258,43.6846],[77.1259,43.6846],[77.1259,43.6847],[77.126,43.6847],[77.1262,43.6849],[77.1264,43.6849],[77.1276,43.6847],[77.1277,43.6847]]],"type":"Polygon"},"geometry_name":"shape","id":"gp_functional_zones.fid--7752831e_19fb67eabdc_5cb8","properties":{"area":96763.1738978366,"creation_doc_id":3613,"deactivation_doc_id":null,"func_zone_status_id":2,"ggk_zone_code":"11010000","ggk_zone_name":"Территория усадебной застройки","gp_func_zone_code":"11010000","gp_func_zone_code_id":19,"id":4724063,"zone_type_id":8},"type":"Feature"},{"bbox":[77.1174,43.6828,77.1191,43.684],"geometry":{"coordinates":[[[[77.119,43.6828],[77.119,43.6828],[77.1182,43.6828],[77.1182,43.6828],[77.1182,43.6828],[77.1182,43.6829],[77.1183,43.6834],[77.1174,43.6834],[77.1174,43.684],[77.119,43.684],[77.119,43.684],[77.119,43.684],[77.1191,43.684],[77.119,43.6828]]]],"type":"MultiPolygon"},"geometry_name":"shape","id":"gp_functional_zones.fid--7752831e_19fb67eabdc_5cb9","properties":{"area":12941.3673680876,"creation_doc_id":3613,"deactivation_doc_id":null,"func_zone_status_id":2,"ggk_zone_code":"11010000","ggk_zone_name":"Территория усадебной застройки","gp_func_zone_code":"11010000","gp_func_zone_code_id":19,"id":4724064,"zone_type_id":8},"type":"Feature"},{"bbox":[77.1206,43.682,77.1232,43.6839],"geometry":{"coordinates":[[[[77.1232,43.6835],[77.1231,43.6833],[77.1231,43.6832],[77.1231,43.6832],[77.1231,43.6832],[77.123,43.6833],[77.1226,43.6833],[77.1225,43.683],[77.1221,43.6829],[77.1218,43.682],[77.1206,43.6821],[77.1206,43.6822],[77.1208,43.6822],[77.1208,43.6822],[77.1208,43.6822],[77.1212,43.6832],[77.1214,43.6839],[77.1229,43.6836],[77.1229,43.6836],[77.123,43.6836],[77.123,43.6836],[77.123,43.6836],[77.123,43.6836],[77.123,43.6836],[77.123,43.6836],[77.123,43.6836],[77.123,43.6836],[77.123,43.6836],[77.123,43.6836],[77.123,43.6836],[77.123,43.6836],[77.123,43.6836],[77.123,43.6836],[77.123,43.6836],[77.123,43.6836],[77.123,43.6836],[77.123,43.6836],[77.123,43.6836],[77.123,43.6836],[77.123,43.6836],[77.123,43.6836],[77.123,43.6836],[77.123,43.6836],[77.1231,43.6836],[77.1231,43.6836],[77.1231,43.6836],[77.1231,43.6836],[77.1231,43.6836],[77.1231,43.6836],[77.1231,43.6836],[77.1231,43.6836],[77.1231,43.6836],[77.1231,43.6836],[77.1231,43.6836],[77.1231,43.6836],[77.1231,43.6836],[77.1231,43.6836],[77.1231,43.6836],[77.1231,43.6835],[77.1231,43.6835],[77.1231,43.6835],[77.1231,43.6835],[77.1231,43.6835],[77.1232,43.6835],[77.1232,43.6835],[77.1232,43.6835],[77.1232,43.6835],[77.1232,43.6835],[77.1232,43.6835],[77.1232,43.6835],[77.1232,43.6835],[77.1232,43.6835],[77.1232,43.6835]]]],"type":"MultiPolygon"},"geometry_name":"shape","id":"gp_functional_zones.fid--7752831e_19fb67eabdc_5cba","properties":{"area":20543.9751794957,"creation_doc_id":3613,"deactivation_doc_id":null,"func_zone_status_id":2,"ggk_zone_code":"11010000","ggk_zone_name":"Территория усадебной застройки","gp_func_zone_code":"11010000","gp_func_zone_code_id":19,"id":4724065,"zone_type_id":8},"type":"Feature"},{"bbox":[77.1145,43.6829,77.1155,43.6846],"geometry":{"coordinates":[[[[77.1154,43.6832],[77.1153,43.683],[77.1153,43.683],[77.1153,43.683],[77.1153,43.683],[77.1153,43.6829],[77.1146,43.683],[77.1145,43.683],[77.1145,43.683],[77.1145,43.683],[77.1145,43.683],[77.1145,43.683],[77.1145,43.6831],[77.1146,43.6846],[77.1147,43.6846],[77.1155,43.6846],[77.1154,43.6832]]]],"type":"MultiPolygon"},"geometry_name":"shape","id":"gp_functional_zones.fid--7752831e_19fb67eabdc_5cbb","properties":{"area":13171.9913055631,"creation_doc_id":3613,"deactivation_doc_id":null,"func_zone_status_id":2,"ggk_zone_code":"11010000","ggk_zone_name":"Территория усадебной застройки","gp_func_zone_code":"11010000","gp_func_zone_code_id":19,"id":4724066,"zone_type_id":8},"type":"Feature"},{"bbox":[77.1317,43.6819,77.1367,43.6843],"geometry":{"coordinates":[[[[77.1317,43.6829],[77.13183124999999,43.6828625],[77.1318,43.6828],[77.1317,43.6829]]],[[[77.1343,43.6823],[77.1324,43.6827],[77.13183124999999,43.6828625],[77.1321,43.6834],[77.1323,43.6841],[77.1323,43.6842],[77.1346,43.6842],[77.1365,43.6843],[77.1367,43.6843],[77.1367,43.6842],[77.1366,43.6841],[77.1366,43.6839],[77.1359,43.6819],[77.1343,43.6823]]]],"type":"MultiPolygon"},"geometry_name":"shape","id":"gp_functional_zones.fid--7752831e_19fb67eabdc_5cbc","properties":{"area":73680.2995677046,"creation_doc_id":3613,"deactivation_doc_id":null,"func_zone_status_id":2,"ggk_zone_code":"11010000","ggk_zone_name":"Территория усадебной застройки","gp_func_zone_code":"11010000","gp_func_zone_code_id":19,"id":4724067,"zone_type_id":8},"type":"Feature"},{"bbox":[77.1125,43.6834,77.1135,43.6847],"geometry":{"coordinates":[[[[77.1135,43.6846],[77.1134,43.6838],[77.113,43.6839],[77.113,43.6834],[77.1125,43.6835],[77.1127,43.6847],[77.1135,43.6846],[77.1135,43.6846]]]],"type":"MultiPolygon"},"geometry_name":"shape","id":"gp_functional_zones.fid--7752831e_19fb67eabdc_5cbd","properties":{"area":8065.98811806862,"creation_doc_id":3613,"deactivation_doc_id":null,"func_zone_status_id":2,"ggk_zone_code":"11010000","ggk_zone_name":"Территория усадебной застройки","gp_func_zone_code":"11010000","gp_func_zone_code_id":19,"id":4724068,"zone_type_id":8},"type":"Feature"},{"bbox":[77.1285,43.6833,77.1303,43.6845],"geometry":{"coordinates":[[[[77.1303,43.6842],[77.1303,43.6841],[77.1303,43.6841],[77.1299,43.6833],[77.1294,43.6833],[77.1286,43.6833],[77.1286,43.6833],[77.1286,43.6833],[77.1286,43.6835],[77.1286,43.6835],[77.1286,43.6835],[77.1286,43.6835],[77.1286,43.6835],[77.1285,43.6839],[77.1285,43.6839],[77.1285,43.6839],[77.1286,43.6845],[77.1286,43.6845],[77.1286,43.6845],[77.1286,43.6845],[77.1286,43.6845],[77.1292,43.6844],[77.1303,43.6842]]]],"type":"MultiPolygon"},"geometry_name":"shape","id":"gp_functional_zones.fid--7752831e_19fb67eabdc_5cbe","properties":{"area":14862.1057103196,"creation_doc_id":3613,"deactivation_doc_id":null,"func_zone_status_id":2,"ggk_zone_code":"11010000","ggk_zone_name":"Территория усадебной застройки","gp_func_zone_code":"11010000","gp_func_zone_code_id":19,"id":4724069,"zone_type_id":8},"type":"Feature"},{"bbox":[77.1273,43.6863,77.1288,43.6874],"geometry":{"coordinates":[[[[77.1288,43.6872],[77.1288,43.6872],[77.1288,43.6872],[77.1288,43.6872],[77.1288,43.6872],[77.1288,43.6872],[77.1288,43.6872],[77.1288,43.6872],[77.1287,43.6872],[77.1287,43.6872],[77.1287,43.6872],[77.1287,43.6872],[77.1287,43.6872],[77.1287,43.6872],[77.1287,43.6872],[77.1287,43.6872],[77.1287,43.6872],[77.1286,43.6872],[77.1286,43.6872],[77.1286,43.6872],[77.1286,43.6872],[77.1286,43.6872],[77.1286,43.6872],[77.1286,43.6872],[77.1286,43.6872],[77.1286,43.6872],[77.1285,43.6872],[77.1285,43.6872],[77.1285,43.6872],[77.1285,43.6872],[77.1285,43.6872],[77.1285,43.6872],[77.1285,43.6872],[77.1285,43.6871],[77.1285,43.6871],[77.1285,43.6871],[77.1284,43.6871],[77.1284,43.6871],[77.1284,43.6871],[77.1284,43.6871],[77.1284,43.6871],[77.1284,43.6871],[77.1284,43.6871],[77.1284,43.6871],[77.1284,43.6871],[77.1284,43.6871],[77.1284,43.6871],[77.1283,43.6871],[77.1283,43.6871],[77.1283,43.6871],[77.1283,43.6871],[77.1283,43.6871],[77.1283,43.6871],[77.1283,43.6871],[77.1283,43.6871],[77.1283,43.687],[77.1283,43.687],[77.1283,43.687],[77.1283,43.687],[77.1282,43.687],[77.1282,43.687],[77.1282,43.687],[77.1282,43.687],[77.1282,43.687],[77.1282,43.687],[77.1282,43.687],[77.1281,43.6869],[77.1273,43.6863],[77.1273,43.6863],[77.1274,43.6866],[77.1276,43.6872],[77.1276,43.6872],[77.1276,43.6873],[77.1276,43.6874],[77.1287,43.6873],[77.1288,43.6872]]]],"type":"MultiPolygon"},"geometry_name":"shape","id":"gp_functional_zones.fid--7752831e_19fb67eabdc_5cbf","properties":{"area":5000.10291680869,"creation_doc_id":3613,"deactivation_doc_id":null,"func_zone_status_id":2,"ggk_zone_code":"11010000","ggk_zone_name":"Территория усадебной застройки","gp_func_zone_code":"11010000","gp_func_zone_code_id":19,"id":4724070,"zone_type_id":8},"type":"Feature"},{"bbox":[77.1346,43.6873,77.1365,43.6913],"geometry":{"coordinates":[[[[77.1365,43.6912],[77.1361,43.6896],[77.136,43.6891],[77.1359,43.6889],[77.1359,43.6889],[77.1358,43.6882],[77.1355,43.6873],[77.1355,43.6873],[77.1355,43.6873],[77.1346,43.6874],[77.1348,43.6883],[77.135,43.689],[77.1351,43.6892],[77.1351,43.6892],[77.1352,43.6896],[77.1356,43.6913],[77.1365,43.6912]]]],"type":"MultiPolygon"},"geometry_name":"shape","id":"gp_functional_zones.fid--7752831e_19fb67eabdc_5cc0","properties":{"area":32975.991139299,"creation_doc_id":3613,"deactivation_doc_id":null,"func_zone_status_id":2,"ggk_zone_code":"11010000","ggk_zone_name":"Территория усадебной застройки","gp_func_zone_code":"11010000","gp_func_zone_code_id":19,"id":4724071,"zone_type_id":8},"type":"Feature"},{"bbox":[77.1334,43.6873,77.1353,43.6915],"geometry":{"coordinates":[[[[77.1353,43.6914],[77.1349,43.6897],[77.1348,43.6893],[77.1348,43.6891],[77.1348,43.6891],[77.1346,43.6883],[77.1344,43.6873],[77.1344,43.6873],[77.1344,43.6873],[77.1334,43.6874],[77.1337,43.6885],[77.1339,43.6892],[77.1339,43.6894],[77.1339,43.6894],[77.134,43.6896],[77.1344,43.6915],[77.1353,43.6914]]]],"type":"MultiPolygon"},"geometry_name":"shape","id":"gp_functional_zones.fid--7752831e_19fb67eabdc_5cc1","properties":{"area":34016.1994101952,"creation_doc_id":3613,"deactivation_doc_id":null,"func_zone_status_id":2,"ggk_zone_code":"11010000","ggk_zone_name":"Территория усадебной застройки","gp_func_zone_code":"11010000","gp_func_zone_code_id":19,"id":4724072,"zone_type_id":8},"type":"Feature"},{"bbox":[77.1322,43.6873,77.1342,43.6917],"geometry":{"coordinates":[[[[77.1342,43.6915],[77.1338,43.6899],[77.1337,43.6894],[77.1336,43.6892],[77.1336,43.6892],[77.1335,43.6887],[77.1332,43.6873],[77.1332,43.6873],[77.1332,43.6873],[77.1322,43.6874],[77.1325,43.6888],[77.1326,43.6894],[77.1327,43.6895],[77.1327,43.6895],[77.1327,43.6899],[77.1332,43.6917],[77.1342,43.6915]]]],"type":"MultiPolygon"},"geometry_name":"shape","id":"gp_functional_zones.fid--7752831e_19fb67eabdc_5cc2","properties":{"area":39088.1906032908,"creation_doc_id":3613,"deactivation_doc_id":null,"func_zone_status_id":2,"ggk_zone_code":"11010000","ggk_zone_name":"Территория усадебной застройки","gp_func_zone_code":"11010000","gp_func_zone_code_id":19,"id":4724073,"zone_type_id":8},"type":"Feature"},{"bbox":[77.1304,43.688,77.1317,43.6921],"geometry":{"coordinates":[[[[77.1317,43.6919],[77.1317,43.6918],[77.1314,43.6905],[77.1313,43.6897],[77.1312,43.6896],[77.1312,43.6894],[77.1309,43.688],[77.1304,43.6881],[77.1307,43.689],[77.1308,43.6895],[77.1308,43.6895],[77.1308,43.6896],[77.1308,43.6898],[77.1308,43.6908],[77.1308,43.6921],[77.1317,43.6919]]]],"type":"MultiPolygon"},"geometry_name":"shape","id":"gp_functional_zones.fid--7752831e_19fb67eabdc_5cc3","properties":{"area":20856.6125576785,"creation_doc_id":3613,"deactivation_doc_id":null,"func_zone_status_id":2,"ggk_zone_code":"11010000","ggk_zone_name":"Территория усадебной застройки","gp_func_zone_code":"11010000","gp_func_zone_code_id":19,"id":4724074,"zone_type_id":8},"type":"Feature"},{"bbox":[77.1278,43.6877,77.1306,43.6917],"geometry":{"coordinates":[[[[77.1305,43.6891],[77.1301,43.6878],[77.1301,43.6878],[77.1301,43.6878],[77.1294,43.688],[77.1293,43.6877],[77.1278,43.6878],[77.128,43.6886],[77.1281,43.6887],[77.1281,43.6888],[77.1282,43.6888],[77.1282,43.6889],[77.1283,43.6889],[77.1284,43.689],[77.1285,43.6891],[77.1286,43.6891],[77.129,43.6893],[77.129,43.6894],[77.1292,43.6895],[77.1294,43.6896],[77.1295,43.6898],[77.1296,43.6899],[77.1296,43.69],[77.1297,43.6901],[77.1297,43.6901],[77.1301,43.6907],[77.1301,43.6908],[77.1301,43.691],[77.1302,43.6913],[77.1303,43.6915],[77.1304,43.6917],[77.1305,43.6917],[77.1305,43.6917],[77.1306,43.6901],[77.1306,43.6898],[77.1306,43.6895],[77.1306,43.6895],[77.1306,43.6895],[77.1305,43.6891]]]],"type":"MultiPolygon"},"geometry_name":"shape","id":"gp_functional_zones.fid--7752831e_19fb67eabdc_5cc4","properties":{"area":44366.5215799442,"creation_doc_id":3613,"deactivation_doc_id":null,"func_zone_status_id":2,"ggk_zone_code":"11010000","ggk_zone_name":"Территория усадебной застройки","gp_func_zone_code":"11010000","gp_func_zone_code_id":19,"id":4724075,"zone_type_id":8},"type":"Feature"},{"bbox":[77.1159,43.6883,77.1261,43.6917],"geometry":{"coordinates":[[[[77.1257,43.6904],[77.125,43.6885],[77.125,43.6885],[77.125,43.6885],[77.125,43.6884],[77.125,43.6884],[77.125,43.6884],[77.125,43.6884],[77.125,43.6884],[77.125,43.6884],[77.125,43.6884],[77.125,43.6884],[77.125,43.6884],[77.125,43.6883],[77.125,43.6883],[77.125,43.6883],[77.125,43.6883],[77.1159,43.6897],[77.1161,43.6902],[77.1178,43.6899],[77.1179,43.69],[77.1209,43.6893],[77.1212,43.6894],[77.1213,43.6896],[77.1213,43.6896],[77.1227,43.6892],[77.124,43.6889],[77.1246,43.6899],[77.1249,43.6903],[77.1242,43.6905],[77.1245,43.6912],[77.1246,43.6912],[77.1246,43.6912],[77.1247,43.6913],[77.1247,43.6914],[77.1256,43.6917],[77.126,43.6916],[77.1261,43.6915],[77.1257,43.6904]]]],"type":"MultiPolygon"},"geometry_name":"shape","id":"gp_functional_zones.fid--7752831e_19fb67eabdc_5cc5","properties":{"area":69791.8998996132,"creation_doc_id":3613,"deactivation_doc_id":null,"func_zone_status_id":2,"ggk_zone_code":"11010000","ggk_zone_name":"Территория усадебной застройки","gp_func_zone_code":"11010000","gp_func_zone_code_id":19,"id":4724076,"zone_type_id":8},"type":"Feature"},{"bbox":[77.132,43.692,77.1327,43.6925],"geometry":{"coordinates":[[[[77.1326,43.692],[77.1326,43.692],[77.132,43.6921],[77.132,43.6921],[77.132,43.6921],[77.1321,43.6925],[77.1327,43.6924],[77.1326,43.692]]]],"type":"MultiPolygon"},"geometry_name":"shape","id":"gp_functional_zones.fid--7752831e_19fb67eabdc_5cc6","properties":{"area":2261.77574680601,"creation_doc_id":3613,"deactivation_doc_id":null,"func_zone_status_id":2,"ggk_zone_code":"11010000","ggk_zone_name":"Территория усадебной застройки","gp_func_zone_code":"11010000","gp_func_zone_code_id":19,"id":4724077,"zone_type_id":8},"type":"Feature"},{"bbox":[77.1368,43.6912,77.1384,43.6945],"geometry":{"coordinates":[[[[77.1377,43.6912],[77.1368,43.6913],[77.1369,43.692],[77.137,43.6921],[77.1372,43.6929],[77.1372,43.6931],[77.1372,43.6931],[77.1374,43.6937],[77.1375,43.6945],[77.1379,43.6945],[77.138,43.6944],[77.138,43.6944],[77.1383,43.6944],[77.1384,43.694],[77.1384,43.694],[77.1384,43.694],[77.1381,43.693],[77.1381,43.693],[77.1381,43.6928],[77.1381,43.6928],[77.1379,43.692],[77.1379,43.6918],[77.1377,43.6912]]]],"type":"MultiPolygon"},"geometry_name":"shape","id":"gp_functional_zones.fid--7752831e_19fb67eabdc_5cc7","properties":{"area":27014.9862996998,"creation_doc_id":3613,"deactivation_doc_id":null,"func_zone_status_id":2,"ggk_zone_code":"11010000","ggk_zone_name":"Территория усадебной застройки","gp_func_zone_code":"11010000","gp_func_zone_code_id":19,"id":4724078,"zone_type_id":8},"type":"Feature"},{"bbox":[77.1356,43.6914,77.1373,43.6946],"geometry":{"coordinates":[[[[77.1373,43.6945],[77.137,43.6931],[77.137,43.6931],[77.1369,43.6929],[77.1369,43.6929],[77.1369,43.6929],[77.1367,43.6921],[77.1365,43.6914],[77.1356,43.6915],[77.1356,43.6915],[77.1356,43.6915],[77.136,43.6931],[77.136,43.6931],[77.136,43.6933],[77.136,43.6933],[77.136,43.6933],[77.1361,43.6934],[77.1361,43.6934],[77.1361,43.6936],[77.1364,43.6946],[77.1373,43.6945],[77.1373,43.6945],[77.1373,43.6945]]]],"type":"MultiPolygon"},"geometry_name":"shape","id":"gp_functional_zones.fid--7752831e_19fb67eabdc_5cc8","properties":{"area":26879.2103682052,"creation_doc_id":3613,"deactivation_doc_id":null,"func_zone_status_id":2,"ggk_zone_code":"11010000","ggk_zone_name":"Территория усадебной застройки","gp_func_zone_code":"11010000","gp_func_zone_code_id":19,"id":4724079,"zone_type_id":8},"type":"Feature"},{"bbox":[77.1345,43.6916,77.1361,43.6948],"geometry":{"coordinates":[[[[77.1361,43.6947],[77.1361,43.6947],[77.1361,43.6947],[77.1359,43.6937],[77.1358,43.6933],[77.1357,43.6931],[77.1357,43.6931],[77.1355,43.6921],[77.1354,43.6916],[77.1345,43.6917],[77.1345,43.6917],[77.1345,43.6917],[77.1346,43.6923],[77.1349,43.6932],[77.1349,43.6934],[77.1349,43.6934],[77.1349,43.6935],[77.135,43.6939],[77.1352,43.6948],[77.1361,43.6947]]]],"type":"MultiPolygon"},"geometry_name":"shape","id":"gp_functional_zones.fid--7752831e_19fb67eabdc_5cc9","properties":{"area":25789.1274408345,"creation_doc_id":3613,"deactivation_doc_id":null,"func_zone_status_id":2,"ggk_zone_code":"11010000","ggk_zone_name":"Территория усадебной застройки","gp_func_zone_code":"11010000","gp_func_zone_code_id":19,"id":4724080,"zone_type_id":8},"type":"Feature"},{"bbox":[77.1332,43.6917,77.135,43.695],"geometry":{"coordinates":[[[[77.135,43.6948],[77.135,43.6948],[77.135,43.6948],[77.1347,43.6935],[77.1347,43.6935],[77.1346,43.6933],[77.1346,43.6933],[77.1346,43.6933],[77.1345,43.6928],[77.1342,43.6917],[77.1332,43.6919],[77.1332,43.6919],[77.1332,43.6919],[77.1335,43.6929],[77.1336,43.6934],[77.1337,43.6936],[77.1337,43.6936],[77.134,43.695],[77.1341,43.695],[77.135,43.6948]]]],"type":"MultiPolygon"},"geometry_name":"shape","id":"gp_functional_zones.fid--7752831e_19fb67eabdc_5cca","properties":{"area":28623.2022123384,"creation_doc_id":3613,"deactivation_doc_id":null,"func_zone_status_id":2,"ggk_zone_code":"11010000","ggk_zone_name":"Территория усадебной застройки","gp_func_zone_code":"11010000","gp_func_zone_code_id":19,"id":4724081,"zone_type_id":8},"type":"Feature"},{"bbox":[77.1321,43.6926,77.1334,43.695],"geometry":{"coordinates":[[[[77.1334,43.6949],[77.1333,43.6943],[77.1332,43.694],[77.1331,43.6937],[77.1331,43.6937],[77.1331,43.6937],[77.133,43.6935],[77.1329,43.6933],[77.1327,43.6926],[77.1321,43.6927],[77.1322,43.6932],[77.1323,43.6936],[77.1323,43.6938],[77.1323,43.6938],[77.1326,43.695],[77.1334,43.6949]]]],"type":"MultiPolygon"},"geometry_name":"shape","id":"gp_functional_zones.fid--7752831e_19fb67eabdc_5ccb","properties":{"area":16098.054106677,"creation_doc_id":3613,"deactivation_doc_id":null,"func_zone_status_id":2,"ggk_zone_code":"11010000","ggk_zone_name":"Территория усадебной застройки","gp_func_zone_code":"11010000","gp_func_zone_code_id":19,"id":4724082,"zone_type_id":8},"type":"Feature"},{"bbox":[77.1308,43.6921,77.1323,43.6952],"geometry":{"coordinates":[[[[77.1321,43.6939],[77.1321,43.6938],[77.132,43.6936],[77.132,43.6936],[77.1317,43.6921],[77.1311,43.6922],[77.1308,43.6923],[77.1311,43.6938],[77.1311,43.694],[77.1313,43.6952],[77.1315,43.6952],[77.1323,43.6951],[77.1323,43.6951],[77.1323,43.6951],[77.1321,43.6939]]]],"type":"MultiPolygon"},"geometry_name":"shape","id":"gp_functional_zones.fid--7752831e_19fb67eabdc_5ccc","properties":{"area":26348.9126310608,"creation_doc_id":3613,"deactivation_doc_id":null,"func_zone_status_id":2,"ggk_zone_code":"11010000","ggk_zone_name":"Территория усадебной застройки","gp_func_zone_code":"11010000","gp_func_zone_code_id":19,"id":4724083,"zone_type_id":8},"type":"Feature"},{"bbox":[77.1292,43.6923,77.1316,43.6975],"geometry":{"coordinates":[[[[77.1312,43.6956],[77.1311,43.6954],[77.1311,43.6954],[77.1311,43.6953],[77.1311,43.6953],[77.1309,43.694],[77.1305,43.6923],[77.13,43.6924],[77.1298,43.6925],[77.1296,43.6926],[77.1293,43.6928],[77.1292,43.693],[77.1293,43.6931],[77.1293,43.6932],[77.1295,43.6936],[77.1296,43.6937],[77.1297,43.694],[77.1297,43.6942],[77.1302,43.6953],[77.1302,43.6954],[77.1302,43.6955],[77.1302,43.6955],[77.1303,43.6956],[77.1304,43.696],[77.1306,43.6964],[77.1307,43.6967],[77.131,43.6975],[77.1316,43.6974],[77.1316,43.6974],[77.1314,43.6968],[77.1312,43.6958],[77.1312,43.6956],[77.1312,43.6956]]]],"type":"MultiPolygon"},"geometry_name":"shape","id":"gp_functional_zones.fid--7752831e_19fb67eabdc_5ccd","properties":{"area":45197.2964774891,"creation_doc_id":3613,"deactivation_doc_id":null,"func_zone_status_id":2,"ggk_zone_code":"11010000","ggk_zone_name":"Территория усадебной застройки","gp_func_zone_code":"11010000","gp_func_zone_code_id":19,"id":4724084,"zone_type_id":8},"type":"Feature"},{"bbox":[77.1281,43.6913,77.1308,43.6978],"geometry":{"coordinates":[[[[77.1304,43.6921],[77.1305,43.6921],[77.1305,43.692],[77.1305,43.6919],[77.1303,43.6919],[77.13,43.6916],[77.1299,43.6914],[77.1299,43.6913],[77.1297,43.6914],[77.1292,43.6915],[77.1293,43.6918],[77.1295,43.6924],[77.1296,43.6924],[77.1296,43.6923],[77.1297,43.6923],[77.1298,43.6922],[77.1304,43.6921]]],[[[77.12938571428572,43.692414285714285],[77.1295,43.6924],[77.1294,43.6924],[77.12938571428572,43.692414285714285]]],[[[77.1281,43.6926],[77.1285,43.6936],[77.1285,43.6939],[77.1286,43.6941],[77.1287,43.6942],[77.1287,43.6944],[77.129,43.695],[77.1291,43.6954],[77.1292,43.6956],[77.1292,43.6958],[77.1299,43.6978],[77.1307,43.6976],[77.1308,43.6976],[77.1306,43.6973],[77.13,43.6954],[77.1294,43.6941],[77.1294,43.694],[77.1293,43.6937],[77.129,43.693],[77.1291,43.6927],[77.1293,43.6925],[77.12938571428572,43.692414285714285],[77.1287,43.6925],[77.1286,43.6925],[77.1281,43.6926]]]],"type":"MultiPolygon"},"geometry_name":"shape","id":"gp_functional_zones.fid--7752831e_19fb67eabdc_5cce","properties":{"area":46512.1754920603,"creation_doc_id":3613,"deactivation_doc_id":null,"func_zone_status_id":2,"ggk_zone_code":"11010000","ggk_zone_name":"Территория усадебной застройки","gp_func_zone_code":"11010000","gp_func_zone_code_id":19,"id":4724085,"zone_type_id":8},"type":"Feature"},{"bbox":[77.1364,43.6946,77.1384,43.6963],"geometry":{"coordinates":[[[[77.1384,43.6961],[77.1379,43.6946],[77.1375,43.6947],[77.1364,43.6948],[77.1364,43.6948],[77.1364,43.6948],[77.1368,43.6963],[77.1368,43.6963],[77.1384,43.6961],[77.1384,43.6961],[77.1384,43.6961]]]],"type":"MultiPolygon"},"geometry_name":"shape","id":"gp_functional_zones.fid--7752831e_19fb67eabdc_5ccf","properties":{"area":21504.9897877768,"creation_doc_id":3613,"deactivation_doc_id":null,"func_zone_status_id":2,"ggk_zone_code":"11010000","ggk_zone_name":"Территория усадебной застройки","gp_func_zone_code":"11010000","gp_func_zone_code_id":19,"id":4724086,"zone_type_id":8},"type":"Feature"},{"bbox":[77.1314,43.6953,77.1327,43.6973],"geometry":{"coordinates":[[[[77.132,43.6973],[77.1327,43.6971],[77.1327,43.6969],[77.1324,43.6953],[77.1316,43.6953],[77.1314,43.6954],[77.1314,43.6954],[77.1314,43.6954],[77.1317,43.6967],[77.1319,43.6973],[77.132,43.6973]]]],"type":"MultiPolygon"},"geometry_name":"shape","id":"gp_functional_zones.fid--7752831e_19fb67eabdc_5cd0","properties":{"area":16546.0093332398,"creation_doc_id":3613,"deactivation_doc_id":null,"func_zone_status_id":2,"ggk_zone_code":"11010000","ggk_zone_name":"Территория усадебной застройки","gp_func_zone_code":"11010000","gp_func_zone_code_id":19,"id":4724087,"zone_type_id":8},"type":"Feature"},{"bbox":[77.1368,43.6963,77.1394,43.6992],"geometry":{"coordinates":[[[[77.1394,43.6989],[77.1385,43.6963],[77.1368,43.6965],[77.1368,43.6965],[77.1368,43.6965],[77.1377,43.6992],[77.1394,43.6989],[77.1394,43.6989],[77.1394,43.6989]]]],"type":"MultiPolygon"},"geometry_name":"shape","id":"gp_functional_zones.fid--7752831e_19fb67eabdc_5cd1","properties":{"area":42712.9572721323,"creation_doc_id":3613,"deactivation_doc_id":null,"func_zone_status_id":2,"ggk_zone_code":"11010000","ggk_zone_name":"Территория усадебной застройки","gp_func_zone_code":"11010000","gp_func_zone_code_id":19,"id":4724088,"zone_type_id":8},"type":"Feature"},{"bbox":[77.1357,43.6965,77.1375,43.6995],"geometry":{"coordinates":[[[[77.1375,43.6993],[77.1366,43.6965],[77.1357,43.6967],[77.1357,43.6967],[77.1357,43.6967],[77.1366,43.6995],[77.1375,43.6993],[77.1375,43.6993],[77.1375,43.6993]]]],"type":"MultiPolygon"},"geometry_name":"shape","id":"gp_functional_zones.fid--7752831e_19fb67eabdc_5cd2","properties":{"area":22876.105794398,"creation_doc_id":3613,"deactivation_doc_id":null,"func_zone_status_id":2,"ggk_zone_code":"11010000","ggk_zone_name":"Территория усадебной застройки","gp_func_zone_code":"11010000","gp_func_zone_code_id":19,"id":4724089,"zone_type_id":8},"type":"Feature"},{"bbox":[77.1319,43.6972,77.1339,43.6997],"geometry":{"coordinates":[[[[77.1339,43.6996],[77.1331,43.6972],[77.1331,43.6972],[77.133,43.6972],[77.1319,43.6975],[77.1327,43.6997],[77.1339,43.6996]]]],"type":"MultiPolygon"},"geometry_name":"shape","id":"gp_functional_zones.fid--7752831e_19fb67eabdc_5cd3","properties":{"area":25371.2355090108,"creation_doc_id":3613,"deactivation_doc_id":null,"func_zone_status_id":2,"ggk_zone_code":"11010000","ggk_zone_name":"Территория усадебной застройки","gp_func_zone_code":"11010000","gp_func_zone_code_id":19,"id":4724090,"zone_type_id":8},"type":"Feature"},{"bbox":[77.1319,43.7,77.1353,43.7058],"geometry":{"coordinates":[[[[77.1343,43.7032],[77.1342,43.7028],[77.1336,43.7029],[77.1336,43.7028],[77.1336,43.7028],[77.1336,43.7028],[77.1334,43.7023],[77.1333,43.7019],[77.1333,43.7019],[77.1331,43.7015],[77.1326,43.7002],[77.1326,43.7],[77.1319,43.7001],[77.1321,43.7005],[77.1324,43.7012],[77.1335,43.7038],[77.1336,43.7041],[77.1339,43.7047],[77.1343,43.7058],[77.1353,43.7056],[77.1353,43.7054],[77.1353,43.7054],[77.1351,43.7051],[77.1343,43.7032]]]],"type":"MultiPolygon"},"geometry_name":"shape","id":"gp_functional_zones.fid--7752831e_19fb67eabdc_5cd4","properties":{"area":40908.4916308538,"creation_doc_id":3613,"deactivation_doc_id":null,"func_zone_status_id":2,"ggk_zone_code":"11010000","ggk_zone_name":"Территория усадебной застройки","gp_func_zone_code":"11010000","gp_func_zone_code_id":19,"id":4724091,"zone_type_id":8},"type":"Feature"},{"bbox":[77.1378,43.699,77.1404,43.7017],"geometry":{"coordinates":[[[[77.1404,43.7014],[77.1395,43.699],[77.1378,43.6994],[77.1378,43.6994],[77.1378,43.6994],[77.1386,43.7017],[77.1404,43.7014],[77.1404,43.7014],[77.1404,43.7014]]]],"type":"MultiPolygon"},"geometry_name":"shape","id":"gp_functional_zones.fid--7752831e_19fb67eabdc_5cd5","properties":{"area":39218.0353969687,"creation_doc_id":3613,"deactivation_doc_id":null,"func_zone_status_id":2,"ggk_zone_code":"11010000","ggk_zone_name":"Территория усадебной застройки","gp_func_zone_code":"11010000","gp_func_zone_code_id":19,"id":4724092,"zone_type_id":8},"type":"Feature"},{"bbox":[77.1367,43.6995,77.1383,43.702],"geometry":{"coordinates":[[[[77.1383,43.7018],[77.1376,43.6995],[77.1367,43.6996],[77.1367,43.6996],[77.1367,43.6996],[77.1375,43.702],[77.1383,43.7018],[77.1383,43.7018],[77.1383,43.7018]]]],"type":"MultiPolygon"},"geometry_name":"shape","id":"gp_functional_zones.fid--7752831e_19fb67eabdc_5cd6","properties":{"area":18710.5346534696,"creation_doc_id":3613,"deactivation_doc_id":null,"func_zone_status_id":2,"ggk_zone_code":"11010000","ggk_zone_name":"Территория усадебной застройки","gp_func_zone_code":"11010000","gp_func_zone_code_id":19,"id":4724093,"zone_type_id":8},"type":"Feature"},{"bbox":[77.1356,43.6997,77.1373,43.7022],"geometry":{"coordinates":[[[[77.1373,43.702],[77.1365,43.6997],[77.1356,43.6999],[77.1356,43.6999],[77.1356,43.6999],[77.1363,43.702],[77.1363,43.7022],[77.1373,43.702],[77.1373,43.702],[77.1373,43.702]]]],"type":"MultiPolygon"},"geometry_name":"shape","id":"gp_functional_zones.fid--7752831e_19fb67eabdc_5cd7","properties":{"area":20209.6161504058,"creation_doc_id":3613,"deactivation_doc_id":null,"func_zone_status_id":2,"ggk_zone_code":"11010000","ggk_zone_name":"Территория усадебной застройки","gp_func_zone_code":"11010000","gp_func_zone_code_id":19,"id":4724094,"zone_type_id":8},"type":"Feature"},{"bbox":[77.1343,43.6999,77.1361,43.7024],"geometry":{"coordinates":[[[[77.136,43.7021],[77.1353,43.6999],[77.1343,43.6999],[77.1343,43.6999],[77.1343,43.6999],[77.1352,43.7024],[77.1352,43.7024],[77.1356,43.7023],[77.1357,43.7023],[77.1357,43.7023],[77.1361,43.7022],[77.1361,43.7022],[77.136,43.7021]]]],"type":"MultiPolygon"},"geometry_name":"shape","id":"gp_functional_zones.fid--7752831e_19fb67eabdc_5cd8","properties":{"area":21051.3441885303,"creation_doc_id":3613,"deactivation_doc_id":null,"func_zone_status_id":2,"ggk_zone_code":"11010000","ggk_zone_name":"Территория усадебной застройки","gp_func_zone_code":"11010000","gp_func_zone_code_id":19,"id":4724095,"zone_type_id":8},"type":"Feature"},{"bbox":[77.1328,43.6999,77.135,43.7027],"geometry":{"coordinates":[[[[77.1347,43.7018],[77.1341,43.6999],[77.1335,43.7],[77.1329,43.7],[77.1329,43.7],[77.1328,43.7],[77.1333,43.7012],[77.1333,43.7014],[77.1338,43.7026],[77.1338,43.7027],[77.135,43.7025],[77.135,43.7024],[77.135,43.7024],[77.135,43.7024],[77.1349,43.7023],[77.1347,43.7018]]]],"type":"MultiPolygon"},"geometry_name":"shape","id":"gp_functional_zones.fid--7752831e_19fb67eabdc_5cd9","properties":{"area":29592.603485351,"creation_doc_id":3613,"deactivation_doc_id":null,"func_zone_status_id":2,"ggk_zone_code":"11010000","ggk_zone_name":"Территория усадебной застройки","gp_func_zone_code":"11010000","gp_func_zone_code_id":19,"id":4724096,"zone_type_id":8},"type":"Feature"},{"bbox":[77.1386,43.7015,77.1411,43.7038],"geometry":{"coordinates":[[[[77.1411,43.7035],[77.1404,43.7015],[77.1386,43.7019],[77.1386,43.7019],[77.1386,43.7019],[77.1393,43.7038],[77.1411,43.7035],[77.1411,43.7035],[77.1411,43.7035]]]],"type":"MultiPolygon"},"geometry_name":"shape","id":"gp_functional_zones.fid--7752831e_19fb67eabdc_5cda","properties":{"area":34153.5572429463,"creation_doc_id":3613,"deactivation_doc_id":null,"func_zone_status_id":2,"ggk_zone_code":"11010000","ggk_zone_name":"Территория усадебной застройки","gp_func_zone_code":"11010000","gp_func_zone_code_id":19,"id":4724097,"zone_type_id":8},"type":"Feature"},{"bbox":[77.1376,43.702,77.1392,43.7048],"geometry":{"coordinates":[[[[77.139,43.7039],[77.1384,43.702],[77.1376,43.7021],[77.1376,43.7021],[77.1376,43.7021],[77.1386,43.7048],[77.1392,43.7047],[77.1392,43.7047],[77.1392,43.7047],[77.139,43.704],[77.139,43.7039]]]],"type":"MultiPolygon"},"geometry_name":"shape","id":"gp_functional_zones.fid--7752831e_19fb67eabdc_5cdb","properties":{"area":19804.0090269308,"creation_doc_id":3613,"deactivation_doc_id":null,"func_zone_status_id":2,"ggk_zone_code":"11010000","ggk_zone_name":"Территория усадебной застройки","gp_func_zone_code":"11010000","gp_func_zone_code_id":19,"id":4724098,"zone_type_id":8},"type":"Feature"},{"bbox":[77.1364,43.7022,77.1383,43.705],"geometry":{"coordinates":[[[[77.1383,43.7049],[77.1373,43.7022],[77.1364,43.7024],[77.1364,43.7024],[77.1364,43.7024],[77.1375,43.705],[77.1383,43.7049],[77.1383,43.7049],[77.1383,43.7049]]]],"type":"MultiPolygon"},"geometry_name":"shape","id":"gp_functional_zones.fid--7752831e_19fb67eabdc_5cdc","properties":{"area":22734.4010398977,"creation_doc_id":3613,"deactivation_doc_id":null,"func_zone_status_id":2,"ggk_zone_code":"11010000","ggk_zone_name":"Территория усадебной застройки","gp_func_zone_code":"11010000","gp_func_zone_code_id":19,"id":4724099,"zone_type_id":8},"type":"Feature"},{"bbox":[77.1344,43.7024,77.1372,43.7054],"geometry":{"coordinates":[[[[77.1362,43.7024],[77.1344,43.7028],[77.1346,43.7032],[77.1355,43.7054],[77.1372,43.7051],[77.1372,43.7051],[77.1372,43.7051],[77.1364,43.7031],[77.1362,43.7024]]]],"type":"MultiPolygon"},"geometry_name":"shape","id":"gp_functional_zones.fid--7752831e_19fb67eabdc_5cdd","properties":{"area":44374.725075896,"creation_doc_id":3613,"deactivation_doc_id":null,"func_zone_status_id":2,"ggk_zone_code":"11010000","ggk_zone_name":"Территория усадебной застройки","gp_func_zone_code":"11010000","gp_func_zone_code_id":19,"id":4724100,"zone_type_id":8},"type":"Feature"},{"bbox":[77.0336,43.7064,77.0363,43.7083],"geometry":{"coordinates":[[[[77.0363,43.707],[77.034,43.7064],[77.034,43.7072],[77.034,43.7072],[77.034,43.7073],[77.034,43.7073],[77.034,43.7073],[77.034,43.7073],[77.0336,43.7076],[77.0336,43.7076],[77.0336,43.7076],[77.0337,43.7079],[77.0342,43.7082],[77.0345,43.7083],[77.0348,43.7077],[77.0348,43.7076],[77.0349,43.7076],[77.0349,43.7076],[77.0349,43.7076],[77.0349,43.7076],[77.0349,43.7076],[77.0356,43.7074],[77.0363,43.707],[77.0363,43.707],[77.0363,43.707]]]],"type":"MultiPolygon"},"geometry_name":"shape","id":"gp_functional_zones.fid--7752831e_19fb67eabdc_5cde","properties":{"area":21044.6096793011,"creation_doc_id":3613,"deactivation_doc_id":null,"func_zone_status_id":2,"ggk_zone_code":"11010000","ggk_zone_name":"Территория усадебной застройки","gp_func_zone_code":"11010000","gp_func_zone_code_id":19,"id":4724101,"zone_type_id":8},"type":"Feature"},{"bbox":[77.0349,43.7072,77.0385,43.7086],"geometry":{"coordinates":[[[[77.0384,43.7085],[77.0384,43.7084],[77.0385,43.7083],[77.0382,43.708],[77.0381,43.7079],[77.0376,43.7077],[77.0377,43.7075],[77.0371,43.7074],[77.0369,43.7074],[77.0366,43.7073],[77.0366,43.7073],[77.0365,43.7072],[77.0364,43.7072],[77.0358,43.7077],[77.0358,43.7077],[77.0357,43.7077],[77.0357,43.7077],[77.0351,43.7078],[77.0349,43.7084],[77.0349,43.7084],[77.0349,43.7084],[77.0355,43.7086],[77.0355,43.7086],[77.0355,43.7086],[77.0355,43.7086],[77.0355,43.7086],[77.0355,43.7086],[77.0381,43.7085],[77.0384,43.7085]]]],"type":"MultiPolygon"},"geometry_name":"shape","id":"gp_functional_zones.fid--7752831e_19fb67eabdc_5cdf","properties":{"area":28729.8247628959,"creation_doc_id":3613,"deactivation_doc_id":null,"func_zone_status_id":2,"ggk_zone_code":"11010000","ggk_zone_name":"Территория усадебной застройки","gp_func_zone_code":"11010000","gp_func_zone_code_id":19,"id":4724102,"zone_type_id":8},"type":"Feature"},{"bbox":[77.0312,43.7095,77.0328,43.7111],"geometry":{"coordinates":[[[[77.0328,43.7109],[77.0323,43.7096],[77.0323,43.7096],[77.0323,43.7096],[77.0323,43.7096],[77.0323,43.7096],[77.0323,43.7096],[77.0323,43.7095],[77.0323,43.7095],[77.0323,43.7095],[77.0317,43.7096],[77.0312,43.7097],[77.0313,43.7097],[77.0316,43.7111],[77.0328,43.7109],[77.0328,43.7109],[77.0328,43.7109]]]],"type":"MultiPolygon"},"geometry_name":"shape","id":"gp_functional_zones.fid--7752831e_19fb67eabdc_5ce0","properties":{"area":14467.5795215707,"creation_doc_id":3613,"deactivation_doc_id":null,"func_zone_status_id":2,"ggk_zone_code":"11010000","ggk_zone_name":"Территория усадебной застройки","gp_func_zone_code":"11010000","gp_func_zone_code_id":19,"id":4724103,"zone_type_id":8},"type":"Feature"},{"bbox":[77.0367,43.7165,77.041,43.7177],"geometry":{"coordinates":[[[[77.0399,43.7177],[77.0408,43.717],[77.041,43.7169],[77.0403,43.7165],[77.0392,43.7173],[77.0391,43.7173],[77.0384,43.7171],[77.038,43.7171],[77.0375,43.7169],[77.0372,43.7169],[77.037,43.7168],[77.0368,43.7169],[77.0367,43.7169],[77.0389,43.7176],[77.0389,43.7176],[77.0389,43.7176],[77.0389,43.7176],[77.039,43.7176],[77.0392,43.7177],[77.0399,43.7177]]]],"type":"MultiPolygon"},"geometry_name":"shape","id":"gp_functional_zones.fid--7752831e_19fb67eabdc_5ce1","properties":{"area":15212.5578654877,"creation_doc_id":3613,"deactivation_doc_id":null,"func_zone_status_id":2,"ggk_zone_code":"11010000","ggk_zone_name":"Территория усадебной застройки","gp_func_zone_code":"11010000","gp_func_zone_code_id":19,"id":4724104,"zone_type_id":8},"type":"Feature"},{"bbox":[77.0818,43.7151,77.0863,43.7199],"geometry":{"coordinates":[[[[77.0841,43.7151],[77.0841,43.7151],[77.0818,43.7166],[77.0818,43.7166],[77.0818,43.7166],[77.0831,43.7182],[77.0835,43.7186],[77.0836,43.7188],[77.0837,43.7189],[77.0838,43.7191],[77.0839,43.7193],[77.084,43.7194],[77.0841,43.7196],[77.0842,43.7198],[77.0842,43.7199],[77.0863,43.7185],[77.0863,43.7185],[77.0862,43.7184],[77.0859,43.7184],[77.0858,43.7183],[77.0856,43.7182],[77.0855,43.7181],[77.0853,43.7179],[77.0851,43.7178],[77.0851,43.7177],[77.0851,43.7176],[77.0851,43.7174],[77.0851,43.7173],[77.0851,43.7171],[77.0851,43.717],[77.0849,43.7168],[77.0848,43.7167],[77.0848,43.7166],[77.0845,43.7163],[77.0845,43.7162],[77.0844,43.7161],[77.0844,43.716],[77.0844,43.7159],[77.0844,43.7159],[77.0844,43.7158],[77.0844,43.7158],[77.0844,43.7157],[77.0844,43.7157],[77.0844,43.7157],[77.0844,43.7156],[77.0842,43.7152],[77.0841,43.7151],[77.0841,43.7151]]]],"type":"MultiPolygon"},"geometry_name":"shape","id":"gp_functional_zones.fid--7752831e_19fb67eabdc_5ce2","properties":{"area":81470.8554865862,"creation_doc_id":3613,"deactivation_doc_id":null,"func_zone_status_id":2,"ggk_zone_code":"11010000","ggk_zone_name":"Территория усадебной застройки","gp_func_zone_code":"11010000","gp_func_zone_code_id":19,"id":4724105,"zone_type_id":8},"type":"Feature"},{"bbox":[77.0757,43.72,77.0792,43.7226],"geometry":{"coordinates":[[[[77.0792,43.722],[77.0766,43.72],[77.0757,43.7206],[77.0757,43.7206],[77.0757,43.7206],[77.0783,43.7226],[77.0792,43.722],[77.0792,43.722],[77.0792,43.722]]]],"type":"MultiPolygon"},"geometry_name":"shape","id":"gp_functional_zones.fid--7752831e_19fb67eabdc_5ce3","properties":{"area":30011.701261225,"creation_doc_id":3613,"deactivation_doc_id":null,"func_zone_status_id":2,"ggk_zone_code":"11010000","ggk_zone_name":"Территория усадебной застройки","gp_func_zone_code":"11010000","gp_func_zone_code_id":19,"id":4724106,"zone_type_id":8},"type":"Feature"},{"bbox":[77.0742,43.7207,77.0781,43.7233],"geometry":{"coordinates":[[[[77.0781,43.7227],[77.0755,43.7207],[77.0742,43.7216],[77.0742,43.7216],[77.0742,43.7216],[77.0758,43.7227],[77.0759,43.7228],[77.0761,43.7229],[77.0762,43.723],[77.0764,43.7231],[77.0765,43.7231],[77.0767,43.7232],[77.0769,43.7232],[77.0771,43.7233],[77.0772,43.7233],[77.0781,43.7227],[77.0781,43.7227],[77.0781,43.7227]]]],"type":"MultiPolygon"},"geometry_name":"shape","id":"gp_functional_zones.fid--7752831e_19fb67eabdc_5ce4","properties":{"area":41159.7677917235,"creation_doc_id":3613,"deactivation_doc_id":null,"func_zone_status_id":2,"ggk_zone_code":"11010000","ggk_zone_name":"Территория усадебной застройки","gp_func_zone_code":"11010000","gp_func_zone_code_id":19,"id":4724107,"zone_type_id":8},"type":"Feature"},{"bbox":[77.0774,43.7226,77.0829,43.7246],"geometry":{"coordinates":[[[[77.0802,43.7246],[77.0829,43.7232],[77.0829,43.7232],[77.0829,43.7232],[77.0827,43.7226],[77.0827,43.7226],[77.0827,43.7226],[77.0797,43.7243],[77.0775,43.7234],[77.0775,43.7234],[77.0775,43.7234],[77.0774,43.7234],[77.0774,43.7234],[77.0774,43.7234],[77.0802,43.7246]]]],"type":"MultiPolygon"},"geometry_name":"shape","id":"gp_functional_zones.fid--7752831e_19fb67eabdc_5ce5","properties":{"area":16338.6594439193,"creation_doc_id":3613,"deactivation_doc_id":null,"func_zone_status_id":2,"ggk_zone_code":"11010000","ggk_zone_name":"Территория усадебной застройки","gp_func_zone_code":"11010000","gp_func_zone_code_id":19,"id":4724108,"zone_type_id":8},"type":"Feature"},{"bbox":[77.0845,43.7191,77.0899,43.7251],"geometry":{"coordinates":[[[77.0898,43.7243],[77.0897,43.7243],[77.0893,43.7231],[77.0893,43.723],[77.0889,43.7217],[77.0888,43.7214],[77.0886,43.7205],[77.0885,43.7203],[77.0885,43.7202],[77.0884,43.7201],[77.0883,43.72],[77.0883,43.7199],[77.0882,43.7198],[77.0881,43.7197],[77.088,43.7196],[77.0879,43.7195],[77.0878,43.7194],[77.0877,43.7193],[77.0876,43.7192],[77.0875,43.7191],[77.0874,43.7192],[77.087,43.7194],[77.0845,43.7209],[77.086,43.7251],[77.0898,43.7243]]],"type":"Polygon"},"geometry_name":"shape","id":"gp_functional_zones.fid--7752831e_19fb67eabdc_5ce6","properties":{"area":173184.441990444,"creation_doc_id":3613,"deactivation_doc_id":null,"func_zone_status_id":2,"ggk_zone_code":"11010000","ggk_zone_name":"Территория усадебной застройки","gp_func_zone_code":"11010000","gp_func_zone_code_id":19,"id":4724109,"zone_type_id":8},"type":"Feature"},{"bbox":[77.0825,43.7211,77.0858,43.7255],"geometry":{"coordinates":[[[[77.0858,43.7252],[77.0858,43.7251],[77.0858,43.7251],[77.0843,43.7211],[77.0843,43.7211],[77.0825,43.7222],[77.0829,43.7225],[77.0829,43.7225],[77.0829,43.7225],[77.0829,43.7226],[77.0831,43.7232],[77.0832,43.7232],[77.0835,43.7233],[77.084,43.7236],[77.084,43.7236],[77.0834,43.7236],[77.0849,43.7255],[77.0858,43.7252]]]],"type":"MultiPolygon"},"geometry_name":"shape","id":"gp_functional_zones.fid--7752831e_19fb67eabdc_5ce7","properties":{"area":57084.5130995534,"creation_doc_id":3613,"deactivation_doc_id":null,"func_zone_status_id":2,"ggk_zone_code":"11010000","ggk_zone_name":"Территория усадебной застройки","gp_func_zone_code":"11010000","gp_func_zone_code_id":19,"id":4724110,"zone_type_id":8},"type":"Feature"},{"bbox":[77.0832,43.7236,77.0847,43.7261],"geometry":{"coordinates":[[[[77.0832,43.7236],[77.0832,43.7236],[77.0832,43.7236],[77.0833,43.7261],[77.0847,43.7256],[77.0847,43.7256],[77.0847,43.7256],[77.0832,43.7236]]]],"type":"MultiPolygon"},"geometry_name":"shape","id":"gp_functional_zones.fid--7752831e_19fb67eabdc_5ce8","properties":{"area":15124.5210719318,"creation_doc_id":3613,"deactivation_doc_id":null,"func_zone_status_id":2,"ggk_zone_code":"11010000","ggk_zone_name":"Территория усадебной застройки","gp_func_zone_code":"11010000","gp_func_zone_code_id":19,"id":4724111,"zone_type_id":8},"type":"Feature"},{"bbox":[77.0804,43.7234,77.0831,43.7265],"geometry":{"coordinates":[[[[77.0831,43.7262],[77.0829,43.7234],[77.0804,43.7247],[77.0804,43.7247],[77.0804,43.7247],[77.0807,43.7248],[77.0807,43.7248],[77.0807,43.7248],[77.0807,43.7248],[77.0823,43.7265],[77.0831,43.7262],[77.0831,43.7262],[77.0831,43.7262]]]],"type":"MultiPolygon"},"geometry_name":"shape","id":"gp_functional_zones.fid--7752831e_19fb67eabdc_5ce9","properties":{"area":39813.6939810196,"creation_doc_id":3613,"deactivation_doc_id":null,"func_zone_status_id":2,"ggk_zone_code":"11010000","ggk_zone_name":"Территория усадебной застройки","gp_func_zone_code":"11010000","gp_func_zone_code_id":19,"id":4724112,"zone_type_id":8},"type":"Feature"},{"bbox":[77.0826,43.7266,77.0832,43.7274],"geometry":{"coordinates":[[[[77.0832,43.7274],[77.0831,43.7266],[77.0826,43.7268],[77.0826,43.7268],[77.0826,43.7268],[77.0832,43.7274],[77.0832,43.7274],[77.0832,43.7274]]]],"type":"MultiPolygon"},"geometry_name":"shape","id":"gp_functional_zones.fid--7752831e_19fb67eabdc_5cea","properties":{"area":2127.41963776501,"creation_doc_id":3613,"deactivation_doc_id":null,"func_zone_status_id":2,"ggk_zone_code":"11010000","ggk_zone_name":"Территория усадебной застройки","gp_func_zone_code":"11010000","gp_func_zone_code_id":19,"id":4724113,"zone_type_id":8},"type":"Feature"},{"bbox":[77.0642,43.6713,77.0675,43.6758],"geometry":{"coordinates":[[[[77.0673,43.6753],[77.0653,43.6713],[77.0653,43.6713],[77.0643,43.6713],[77.0643,43.6713],[77.0642,43.6713],[77.0642,43.6713],[77.0642,43.6713],[77.0642,43.6714],[77.0642,43.6714],[77.0642,43.6714],[77.0642,43.6714],[77.0642,43.6714],[77.0642,43.6715],[77.0642,43.6715],[77.0642,43.6715],[77.0642,43.6715],[77.0642,43.6716],[77.0642,43.6716],[77.0642,43.6716],[77.0642,43.6716],[77.0642,43.6716],[77.0642,43.6717],[77.0642,43.6717],[77.0642,43.6717],[77.0642,43.6717],[77.0642,43.6718],[77.0642,43.6718],[77.0642,43.6718],[77.0643,43.6718],[77.0643,43.6718],[77.0643,43.6719],[77.0643,43.6719],[77.0643,43.6719],[77.0643,43.6719],[77.0643,43.672],[77.0643,43.672],[77.0643,43.672],[77.0643,43.672],[77.0643,43.672],[77.0643,43.6721],[77.0643,43.6721],[77.0643,43.6721],[77.0643,43.6721],[77.0643,43.6722],[77.0643,43.6722],[77.0644,43.6722],[77.0644,43.6722],[77.0644,43.6722],[77.0644,43.6723],[77.0644,43.6723],[77.0644,43.6723],[77.0644,43.6723],[77.0644,43.6724],[77.0644,43.6724],[77.0644,43.6724],[77.0644,43.6724],[77.0644,43.6724],[77.0644,43.6725],[77.0644,43.6725],[77.0645,43.6725],[77.0645,43.6725],[77.0645,43.6726],[77.0645,43.6726],[77.0645,43.6726],[77.0645,43.6726],[77.0645,43.6726],[77.0645,43.6727],[77.0645,43.6727],[77.0645,43.6727],[77.0645,43.6727],[77.0645,43.6728],[77.0646,43.6728],[77.0646,43.6728],[77.0646,43.6728],[77.0646,43.6728],[77.0646,43.6729],[77.0646,43.6729],[77.0646,43.6729],[77.0646,43.6729],[77.0646,43.6729],[77.0646,43.673],[77.0647,43.673],[77.0647,43.673],[77.0647,43.673],[77.0647,43.6731],[77.0647,43.6731],[77.0647,43.6731],[77.0647,43.6731],[77.0647,43.6731],[77.0647,43.6732],[77.0647,43.6732],[77.0648,43.6732],[77.0648,43.6732],[77.0648,43.6732],[77.0648,43.6733],[77.0648,43.6733],[77.0648,43.6733],[77.0648,43.6733],[77.0648,43.6733],[77.0648,43.6734],[77.0649,43.6734],[77.0659,43.6751],[77.0659,43.6751],[77.0659,43.6751],[77.0659,43.6751],[77.066,43.6752],[77.066,43.6752],[77.066,43.6752],[77.066,43.6752],[77.066,43.6752],[77.066,43.6752],[77.066,43.6752],[77.066,43.6752],[77.066,43.6753],[77.066,43.6753],[77.066,43.6753],[77.066,43.6753],[77.066,43.6753],[77.066,43.6753],[77.066,43.6753],[77.066,43.6753],[77.066,43.6753],[77.0661,43.6754],[77.0661,43.6754],[77.0661,43.6754],[77.0661,43.6754],[77.0661,43.6754],[77.0661,43.6754],[77.0661,43.6754],[77.0661,43.6754],[77.0661,43.6754],[77.0661,43.6755],[77.0661,43.6755],[77.0661,43.6755],[77.0661,43.6755],[77.0661,43.6755],[77.0661,43.6755],[77.0661,43.6755],[77.0661,43.6755],[77.0661,43.6755],[77.0661,43.6756],[77.0661,43.6756],[77.0661,43.6756],[77.0661,43.6756],[77.0661,43.6756],[77.0661,43.6756],[77.0662,43.6756],[77.0662,43.6756],[77.0662,43.6756],[77.0662,43.6757],[77.0662,43.6757],[77.0662,43.6757],[77.0662,43.6757],[77.0662,43.6757],[77.0662,43.6757],[77.0662,43.6757],[77.0662,43.6757],[77.0662,43.6758],[77.0662,43.6758],[77.0662,43.6758],[77.0662,43.6758],[77.0662,43.6758],[77.0662,43.6758],[77.0662,43.6758],[77.0662,43.6758],[77.0675,43.6757],[77.0675,43.6757],[77.0673,43.6754],[77.0673,43.6753]]]],"type":"MultiPolygon"},"geometry_name":"shape","id":"gp_functional_zones.fid--7752831e_19fb67eabdc_5ced","properties":{"area":54188.900186708,"creation_doc_id":3613,"deactivation_doc_id":null,"func_zone_status_id":2,"ggk_zone_code":"11010000","ggk_zone_name":"Территория усадебной застройки","gp_func_zone_code":"11010000","gp_func_zone_code_id":19,"id":4724116,"zone_type_id":8},"type":"Feature"},{"bbox":[77.0589,43.6783,77.0615,43.679],"geometry":{"coordinates":[[[[77.0615,43.679],[77.0614,43.6783],[77.0589,43.6785],[77.0589,43.6785],[77.0589,43.6785],[77.059,43.679],[77.0611,43.679],[77.0615,43.679]]]],"type":"MultiPolygon"},"geometry_name":"shape","id":"gp_functional_zones.fid--7752831e_19fb67eabdc_5e3c","properties":{"area":13708.5767566265,"creation_doc_id":3613,"deactivation_doc_id":null,"func_zone_status_id":3,"ggk_zone_code":"11010000","ggk_zone_name":"Территория усадебной застройки","gp_func_zone_code":"11010000","gp_func_zone_code_id":19,"id":4724452,"zone_type_id":8},"type":"Feature"},{"bbox":[77.0618,43.6781,77.0649,43.679],"geometry":{"coordinates":[[[[77.0649,43.6782],[77.0649,43.6781],[77.0649,43.6781],[77.0648,43.6781],[77.0647,43.6781],[77.0647,43.6781],[77.0618,43.6783],[77.0618,43.6783],[77.0618,43.6783],[77.0619,43.679],[77.0621,43.679],[77.0638,43.6787],[77.0648,43.6785],[77.0648,43.6785],[77.0648,43.6784],[77.0648,43.6784],[77.0648,43.6784],[77.0648,43.6784],[77.0648,43.6784],[77.0648,43.6783],[77.0648,43.6783],[77.0648,43.6783],[77.0648,43.6783],[77.0648,43.6783],[77.0648,43.6783],[77.0648,43.6782],[77.0648,43.6782],[77.0648,43.6782],[77.0649,43.6782],[77.0649,43.6782]]]],"type":"MultiPolygon"},"geometry_name":"shape","id":"gp_functional_zones.fid--7752831e_19fb67eabdc_5e3d","properties":{"area":14251.209726964,"creation_doc_id":3613,"deactivation_doc_id":null,"func_zone_status_id":3,"ggk_zone_code":"11010000","ggk_zone_name":"Территория усадебной застройки","gp_func_zone_code":"11010000","gp_func_zone_code_id":19,"id":4724453,"zone_type_id":8},"type":"Feature"},{"bbox":[77.0251,43.6108,77.0321,43.6155],"geometry":{"coordinates":[[[[77.0281,43.6131],[77.0287,43.6124],[77.0298,43.6125],[77.0304,43.6127],[77.0312,43.6121],[77.0321,43.6108],[77.0321,43.6108],[77.0321,43.6108],[77.031,43.6111],[77.0309,43.6112],[77.0296,43.6116],[77.0273,43.6122],[77.0254,43.6132],[77.0253,43.6132],[77.0252,43.6133],[77.0252,43.6133],[77.0252,43.6134],[77.0251,43.6134],[77.0251,43.6135],[77.0251,43.6135],[77.0251,43.6136],[77.0251,43.6136],[77.0251,43.6136],[77.0251,43.6136],[77.0251,43.6137],[77.0251,43.6137],[77.0251,43.6138],[77.0252,43.6138],[77.0262,43.6155],[77.0279,43.6153],[77.028,43.6151],[77.0285,43.6148],[77.0285,43.6148],[77.0284,43.6147],[77.0281,43.6131]]]],"type":"MultiPolygon"},"geometry_name":"shape","id":"gp_functional_zones.fid--7752831e_19fb67eabdc_5e54","properties":{"area":102844.207520368,"creation_doc_id":3613,"deactivation_doc_id":null,"func_zone_status_id":3,"ggk_zone_code":"11010000","ggk_zone_name":"Территория усадебной застройки","gp_func_zone_code":"11010000","gp_func_zone_code_id":19,"id":4724476,"zone_type_id":8},"type":"Feature"},{"bbox":[77.0195,43.6108,77.0259,43.6158],"geometry":{"coordinates":[[[77.0206,43.6108],[77.0206,43.6109],[77.0205,43.6109],[77.0205,43.611],[77.0205,43.6111],[77.0204,43.6111],[77.0204,43.6112],[77.0203,43.6113],[77.0203,43.6114],[77.0202,43.6114],[77.0202,43.6115],[77.0201,43.6115],[77.0201,43.6116],[77.02,43.6116],[77.02,43.6117],[77.02,43.6118],[77.0199,43.6119],[77.0198,43.612],[77.0198,43.6121],[77.0197,43.6122],[77.0197,43.6123],[77.0196,43.6123],[77.0196,43.6124],[77.0195,43.6124],[77.0195,43.6125],[77.0213,43.6135],[77.0218,43.6138],[77.0232,43.6146],[77.0237,43.615],[77.0245,43.6158],[77.0259,43.6156],[77.0249,43.6139],[77.0249,43.6138],[77.0248,43.6137],[77.0248,43.6136],[77.0248,43.6135],[77.0248,43.6134],[77.0219,43.6117],[77.021,43.611],[77.0209,43.6109],[77.0208,43.6108],[77.0207,43.6108],[77.0206,43.6108]]],"type":"Polygon"},"geometry_name":"shape","id":"gp_functional_zones.fid--7752831e_19fb67eabdc_5e6f","properties":{"area":106301.002833599,"creation_doc_id":3613,"deactivation_doc_id":null,"func_zone_status_id":2,"ggk_zone_code":"11010000","ggk_zone_name":"Территория усадебной застройки","gp_func_zone_code":"11010000","gp_func_zone_code_id":19,"id":4724503,"zone_type_id":8},"type":"Feature"},{"bbox":[76.9733,43.6755,76.9773,43.678],"geometry":{"coordinates":[[[[76.9772,43.6755],[76.9772,43.6755],[76.9733,43.6756],[76.9733,43.6756],[76.9733,43.6756],[76.9734,43.678],[76.9734,43.678],[76.9734,43.678],[76.9734,43.678],[76.9773,43.678],[76.9773,43.678],[76.9773,43.678],[76.9772,43.6755],[76.9772,43.6755],[76.9772,43.6755],[76.9772,43.6755],[76.9772,43.6755]]]],"type":"MultiPolygon"},"geometry_name":"shape","id":"gp_functional_zones.fid--7752831e_19fb67eabdc_5e70","properties":{"area":85030.3059958189,"creation_doc_id":3613,"deactivation_doc_id":null,"func_zone_status_id":3,"ggk_zone_code":"11010000","ggk_zone_name":"Территория усадебной застройки","gp_func_zone_code":"11010000","gp_func_zone_code_id":19,"id":4724504,"zone_type_id":8},"type":"Feature"},{"bbox":[76.9702,43.6756,76.973,43.6781],"geometry":{"coordinates":[[[[76.973,43.6756],[76.973,43.6756],[76.9728,43.6756],[76.9702,43.6757],[76.9702,43.6757],[76.9702,43.6757],[76.9703,43.6781],[76.9703,43.6781],[76.9703,43.6781],[76.9703,43.6781],[76.9729,43.678],[76.973,43.678],[76.973,43.678],[76.973,43.678],[76.973,43.6756],[76.973,43.6756],[76.973,43.6756],[76.973,43.6756],[76.973,43.6756]]]],"type":"MultiPolygon"},"geometry_name":"shape","id":"gp_functional_zones.fid--7752831e_19fb67eabdc_5e71","properties":{"area":59428.1999316108,"creation_doc_id":3613,"deactivation_doc_id":null,"func_zone_status_id":3,"ggk_zone_code":"11010000","ggk_zone_name":"Территория усадебной застройки","gp_func_zone_code":"11010000","gp_func_zone_code_id":19,"id":4724505,"zone_type_id":8},"type":"Feature"},{"bbox":[76.9671,43.6757,76.9699,43.6782],"geometry":{"coordinates":[[[[76.9699,43.6757],[76.9699,43.6757],[76.9671,43.6757],[76.9671,43.6757],[76.9671,43.6757],[76.9672,43.6781],[76.9672,43.6781],[76.9672,43.6782],[76.9672,43.6782],[76.9699,43.6781],[76.9699,43.6781],[76.9699,43.6781],[76.9699,43.6757],[76.9699,43.6757],[76.9699,43.6757],[76.9699,43.6757],[76.9699,43.6757]]]],"type":"MultiPolygon"},"geometry_name":"shape","id":"gp_functional_zones.fid--7752831e_19fb67eabdc_5e72","properties":{"area":60154.7866896474,"creation_doc_id":3613,"deactivation_doc_id":null,"func_zone_status_id":3,"ggk_zone_code":"11010000","ggk_zone_name":"Территория усадебной застройки","gp_func_zone_code":"11010000","gp_func_zone_code_id":19,"id":4724506,"zone_type_id":8},"type":"Feature"},{"bbox":[76.9734,43.6782,76.9774,43.6807],"geometry":{"coordinates":[[[[76.9773,43.6782],[76.9773,43.6782],[76.9734,43.6783],[76.9734,43.6783],[76.9734,43.6783],[76.9735,43.6807],[76.9735,43.6807],[76.9735,43.6807],[76.9735,43.6807],[76.9774,43.6807],[76.9774,43.6807],[76.9774,43.6807],[76.9774,43.6804],[76.9774,43.6804],[76.9774,43.6804],[76.9774,43.6804],[76.9774,43.6804],[76.9773,43.6782],[76.9773,43.6782],[76.9773,43.6782],[76.9773,43.6782],[76.9773,43.6782]]]],"type":"MultiPolygon"},"geometry_name":"shape","id":"gp_functional_zones.fid--7752831e_19fb67eabdc_5e73","properties":{"area":85030.3419848479,"creation_doc_id":3613,"deactivation_doc_id":null,"func_zone_status_id":3,"ggk_zone_code":"11010000","ggk_zone_name":"Территория усадебной застройки","gp_func_zone_code":"11010000","gp_func_zone_code_id":19,"id":4724507,"zone_type_id":8},"type":"Feature"},{"bbox":[76.9703,43.6783,76.9731,43.6808],"geometry":{"coordinates":[[[[76.9731,43.6783],[76.9731,43.6783],[76.9729,43.6783],[76.9703,43.6784],[76.9703,43.6784],[76.9703,43.6784],[76.9704,43.6808],[76.9704,43.6808],[76.9704,43.6808],[76.9704,43.6808],[76.973,43.6807],[76.9731,43.6807],[76.9731,43.6807],[76.9731,43.6807],[76.9731,43.6783],[76.9731,43.6783],[76.9731,43.6783],[76.9731,43.6783],[76.9731,43.6783]]]],"type":"MultiPolygon"},"geometry_name":"shape","id":"gp_functional_zones.fid--7752831e_19fb67eabdc_5e74","properties":{"area":59428.2162320055,"creation_doc_id":3613,"deactivation_doc_id":null,"func_zone_status_id":3,"ggk_zone_code":"11010000","ggk_zone_name":"Территория усадебной застройки","gp_func_zone_code":"11010000","gp_func_zone_code_id":19,"id":4724508,"zone_type_id":8},"type":"Feature"},{"bbox":[76.9672,43.6784,76.97,43.6808],"geometry":{"coordinates":[[[[76.97,43.6784],[76.97,43.6784],[76.9672,43.6784],[76.9672,43.6784],[76.9672,43.6784],[76.9673,43.6808],[76.9673,43.6808],[76.9673,43.6808],[76.9673,43.6808],[76.97,43.6808],[76.97,43.6808],[76.97,43.6808],[76.97,43.6784],[76.97,43.6784],[76.97,43.6784],[76.97,43.6784],[76.97,43.6784]]]],"type":"MultiPolygon"},"geometry_name":"shape","id":"gp_functional_zones.fid--7752831e_19fb67eabdc_5e76","properties":{"area":60154.7673089144,"creation_doc_id":3613,"deactivation_doc_id":null,"func_zone_status_id":3,"ggk_zone_code":"11010000","ggk_zone_name":"Территория усадебной застройки","gp_func_zone_code":"11010000","gp_func_zone_code_id":19,"id":4724510,"zone_type_id":8},"type":"Feature"},{"bbox":[76.9673,43.6811,76.9701,43.6835],"geometry":{"coordinates":[[[[76.9701,43.6835],[76.9701,43.6835],[76.9701,43.6835],[76.9701,43.6831],[76.9701,43.6831],[76.9701,43.6831],[76.9701,43.6831],[76.9701,43.6831],[76.97,43.6811],[76.97,43.6811],[76.97,43.6811],[76.97,43.6811],[76.97,43.6811],[76.97,43.6811],[76.9673,43.6811],[76.9673,43.6811],[76.9673,43.6811],[76.9674,43.6835],[76.9674,43.6835],[76.9674,43.6835],[76.9674,43.6835],[76.9701,43.6835]]]],"type":"MultiPolygon"},"geometry_name":"shape","id":"gp_functional_zones.fid--7752831e_19fb67eabdc_5e77","properties":{"area":60186.0773121745,"creation_doc_id":3613,"deactivation_doc_id":null,"func_zone_status_id":3,"ggk_zone_code":"11010000","ggk_zone_name":"Территория усадебной застройки","gp_func_zone_code":"11010000","gp_func_zone_code_id":19,"id":4724511,"zone_type_id":8},"type":"Feature"},{"bbox":[76.9704,43.681,76.9732,43.6835],"geometry":{"coordinates":[[[[76.9732,43.6834],[76.9732,43.6834],[76.9732,43.6834],[76.9732,43.683],[76.9732,43.683],[76.9732,43.683],[76.9732,43.683],[76.9732,43.683],[76.9731,43.681],[76.9731,43.681],[76.9731,43.681],[76.9731,43.681],[76.9731,43.681],[76.9731,43.681],[76.973,43.681],[76.9704,43.6811],[76.9704,43.6811],[76.9704,43.6811],[76.9705,43.6831],[76.9705,43.6831],[76.9705,43.6831],[76.9705,43.6831],[76.9705,43.6831],[76.9705,43.6835],[76.9705,43.6835],[76.9705,43.6835],[76.9705,43.6835],[76.9732,43.6834]]]],"type":"MultiPolygon"},"geometry_name":"shape","id":"gp_functional_zones.fid--7752831e_19fb67eabdc_5e78","properties":{"area":59487.8468542655,"creation_doc_id":3613,"deactivation_doc_id":null,"func_zone_status_id":3,"ggk_zone_code":"11010000","ggk_zone_name":"Территория усадебной застройки","gp_func_zone_code":"11010000","gp_func_zone_code_id":19,"id":4724512,"zone_type_id":8},"type":"Feature"},{"bbox":[76.9735,43.6809,76.9775,43.6834],"geometry":{"coordinates":[[[[76.9775,43.6834],[76.9775,43.6834],[76.9775,43.6834],[76.9775,43.683],[76.9775,43.683],[76.9775,43.683],[76.9775,43.683],[76.9775,43.683],[76.9774,43.6809],[76.9774,43.6809],[76.9774,43.6809],[76.9774,43.6809],[76.9774,43.6809],[76.9774,43.6809],[76.9735,43.681],[76.9735,43.681],[76.9735,43.681],[76.9736,43.683],[76.9736,43.683],[76.9736,43.683],[76.9736,43.683],[76.9736,43.683],[76.9736,43.6834],[76.9736,43.6834],[76.9736,43.6834],[76.9736,43.6834],[76.9775,43.6834]]]],"type":"MultiPolygon"},"geometry_name":"shape","id":"gp_functional_zones.fid--7752831e_19fb67eabdc_5e79","properties":{"area":85239.0453921371,"creation_doc_id":3613,"deactivation_doc_id":null,"func_zone_status_id":3,"ggk_zone_code":"11010000","ggk_zone_name":"Территория усадебной застройки","gp_func_zone_code":"11010000","gp_func_zone_code_id":19,"id":4724513,"zone_type_id":8},"type":"Feature"},{"bbox":[76.9674,43.6838,76.9702,43.6862],"geometry":{"coordinates":[[[[76.9702,43.6862],[76.9702,43.6862],[76.9702,43.6862],[76.9701,43.6838],[76.9701,43.6838],[76.9701,43.6838],[76.9701,43.6838],[76.9701,43.6838],[76.9701,43.6838],[76.9674,43.6838],[76.9674,43.6838],[76.9674,43.6838],[76.9675,43.6862],[76.9675,43.6862],[76.9675,43.6862],[76.9675,43.6862],[76.9702,43.6862]]]],"type":"MultiPolygon"},"geometry_name":"shape","id":"gp_functional_zones.fid--7752831e_19fb67eabdc_5e7a","properties":{"area":60160.8582720409,"creation_doc_id":3613,"deactivation_doc_id":null,"func_zone_status_id":3,"ggk_zone_code":"11010000","ggk_zone_name":"Территория усадебной застройки","gp_func_zone_code":"11010000","gp_func_zone_code_id":19,"id":4724514,"zone_type_id":8},"type":"Feature"},{"bbox":[76.9705,43.6837,76.9733,43.6862],"geometry":{"coordinates":[[[[76.9733,43.6861],[76.9733,43.6861],[76.9733,43.6861],[76.9732,43.6837],[76.9732,43.6837],[76.9732,43.6837],[76.9732,43.6837],[76.9732,43.6837],[76.9732,43.6837],[76.9705,43.6838],[76.9705,43.6838],[76.9705,43.6838],[76.9706,43.6862],[76.9706,43.6862],[76.9706,43.6862],[76.9706,43.6862],[76.9733,43.6861]]]],"type":"MultiPolygon"},"geometry_name":"shape","id":"gp_functional_zones.fid--7752831e_19fb67eabdc_5e7b","properties":{"area":59410.3843818445,"creation_doc_id":3613,"deactivation_doc_id":null,"func_zone_status_id":3,"ggk_zone_code":"11010000","ggk_zone_name":"Территория усадебной застройки","gp_func_zone_code":"11010000","gp_func_zone_code_id":19,"id":4724515,"zone_type_id":8},"type":"Feature"},{"bbox":[76.9736,43.6836,76.9776,43.6861],"geometry":{"coordinates":[[[[76.9776,43.6861],[76.9776,43.6861],[76.9776,43.6861],[76.9775,43.6837],[76.9775,43.6836],[76.9775,43.6836],[76.9775,43.6836],[76.9775,43.6836],[76.9775,43.6836],[76.9736,43.6837],[76.9736,43.6837],[76.9736,43.6837],[76.9737,43.6861],[76.9737,43.6861],[76.9737,43.6861],[76.9737,43.6861],[76.9776,43.6861]]]],"type":"MultiPolygon"},"geometry_name":"shape","id":"gp_functional_zones.fid--7752831e_19fb67eabdc_5e7c","properties":{"area":85041.5701738737,"creation_doc_id":3613,"deactivation_doc_id":null,"func_zone_status_id":3,"ggk_zone_code":"11010000","ggk_zone_name":"Территория усадебной застройки","gp_func_zone_code":"11010000","gp_func_zone_code_id":19,"id":4724516,"zone_type_id":8},"type":"Feature"},{"bbox":[76.9675,43.6865,76.9703,43.6889],"geometry":{"coordinates":[[[[76.9703,43.6889],[76.9703,43.6889],[76.9703,43.6889],[76.9702,43.6865],[76.9702,43.6865],[76.9702,43.6865],[76.9702,43.6865],[76.9702,43.6865],[76.9702,43.6865],[76.9675,43.6865],[76.9675,43.6865],[76.9675,43.6865],[76.9675,43.6889],[76.9675,43.6889],[76.9675,43.6889],[76.9675,43.6889],[76.9703,43.6889]]]],"type":"MultiPolygon"},"geometry_name":"shape","id":"gp_functional_zones.fid--7752831e_19fb67eabdc_5e7d","properties":{"area":60162.2548866012,"creation_doc_id":3613,"deactivation_doc_id":null,"func_zone_status_id":3,"ggk_zone_code":"11010000","ggk_zone_name":"Территория усадебной застройки","gp_func_zone_code":"11010000","gp_func_zone_code_id":19,"id":4724517,"zone_type_id":8},"type":"Feature"},{"bbox":[76.9737,43.6863,76.9777,43.6888],"geometry":{"coordinates":[[[[76.9777,43.6888],[76.9777,43.6888],[76.9777,43.6888],[76.9776,43.6863],[76.9776,43.6863],[76.9776,43.6863],[76.9776,43.6863],[76.9776,43.6863],[76.9776,43.6863],[76.9737,43.6864],[76.9737,43.6864],[76.9737,43.6864],[76.9738,43.6888],[76.9738,43.6888],[76.9738,43.6888],[76.9738,43.6888],[76.9777,43.6888]]]],"type":"MultiPolygon"},"geometry_name":"shape","id":"gp_functional_zones.fid--7752831e_19fb67eabdc_5e7e","properties":{"area":85040.2408677012,"creation_doc_id":3613,"deactivation_doc_id":null,"func_zone_status_id":3,"ggk_zone_code":"11010000","ggk_zone_name":"Территория усадебной застройки","gp_func_zone_code":"11010000","gp_func_zone_code_id":19,"id":4724518,"zone_type_id":8},"type":"Feature"},{"bbox":[76.9675,43.6892,76.9704,43.6916],"geometry":{"coordinates":[[[[76.9704,43.6916],[76.9704,43.6916],[76.9704,43.6916],[76.9703,43.6892],[76.9703,43.6892],[76.9703,43.6892],[76.9703,43.6892],[76.9703,43.6892],[76.9703,43.6892],[76.9675,43.6892],[76.9675,43.6892],[76.9675,43.6892],[76.9676,43.6916],[76.9676,43.6916],[76.9676,43.6916],[76.9676,43.6916],[76.9704,43.6916]]]],"type":"MultiPolygon"},"geometry_name":"shape","id":"gp_functional_zones.fid--7752831e_19fb67eabdc_5e7f","properties":{"area":60163.7784208963,"creation_doc_id":3613,"deactivation_doc_id":null,"func_zone_status_id":3,"ggk_zone_code":"11010000","ggk_zone_name":"Территория усадебной застройки","gp_func_zone_code":"11010000","gp_func_zone_code_id":19,"id":4724519,"zone_type_id":8},"type":"Feature"},{"bbox":[76.9707,43.6891,76.9735,43.6916],"geometry":{"coordinates":[[[[76.9735,43.6915],[76.9735,43.6915],[76.9735,43.6915],[76.9734,43.6891],[76.9734,43.6891],[76.9734,43.6891],[76.9734,43.6891],[76.9734,43.6891],[76.9734,43.6891],[76.9707,43.6892],[76.9707,43.6892],[76.9707,43.6892],[76.9708,43.6916],[76.9708,43.6916],[76.9708,43.6916],[76.9708,43.6916],[76.9735,43.6915]]]],"type":"MultiPolygon"},"geometry_name":"shape","id":"gp_functional_zones.fid--7752831e_19fb67eabdc_5e80","properties":{"area":59410.4824961342,"creation_doc_id":3613,"deactivation_doc_id":null,"func_zone_status_id":3,"ggk_zone_code":"11010000","ggk_zone_name":"Территория усадебной застройки","gp_func_zone_code":"11010000","gp_func_zone_code_id":19,"id":4724520,"zone_type_id":8},"type":"Feature"},{"bbox":[76.9738,43.689,76.9778,43.6915],"geometry":{"coordinates":[[[[76.9778,43.6915],[76.9778,43.6915],[76.9778,43.6915],[76.9777,43.689],[76.9777,43.689],[76.9777,43.689],[76.9777,43.689],[76.9777,43.689],[76.9777,43.689],[76.9738,43.6891],[76.9738,43.6891],[76.9738,43.6891],[76.9739,43.6915],[76.9739,43.6915],[76.9739,43.6915],[76.9739,43.6915],[76.9778,43.6915]]]],"type":"MultiPolygon"},"geometry_name":"shape","id":"gp_functional_zones.fid--7752831e_19fb67eabdc_5e81","properties":{"area":85038.7336834427,"creation_doc_id":3613,"deactivation_doc_id":null,"func_zone_status_id":3,"ggk_zone_code":"11010000","ggk_zone_name":"Территория усадебной застройки","gp_func_zone_code":"11010000","gp_func_zone_code_id":19,"id":4724521,"zone_type_id":8},"type":"Feature"},{"bbox":[76.9676,43.6919,76.9705,43.6943],"geometry":{"coordinates":[[[[76.9705,43.6943],[76.9705,43.6943],[76.9705,43.6943],[76.9704,43.6919],[76.9704,43.6919],[76.9704,43.6919],[76.9704,43.6919],[76.9704,43.6919],[76.9704,43.6919],[76.9676,43.6919],[76.9676,43.6919],[76.9676,43.6919],[76.9677,43.6943],[76.9677,43.6943],[76.9677,43.6943],[76.9677,43.6943],[76.9705,43.6943]]]],"type":"MultiPolygon"},"geometry_name":"shape","id":"gp_functional_zones.fid--7752831e_19fb67eabdc_5e82","properties":{"area":60172.3455307598,"creation_doc_id":3613,"deactivation_doc_id":null,"func_zone_status_id":3,"ggk_zone_code":"11010000","ggk_zone_name":"Территория усадебной застройки","gp_func_zone_code":"11010000","gp_func_zone_code_id":19,"id":4724522,"zone_type_id":8},"type":"Feature"},{"bbox":[76.9708,43.6918,76.9736,43.6943],"geometry":{"coordinates":[[[[76.9736,43.6942],[76.9736,43.6942],[76.9736,43.6942],[76.9735,43.6918],[76.9735,43.6918],[76.9735,43.6918],[76.9735,43.6918],[76.9735,43.6918],[76.9735,43.6918],[76.9708,43.6919],[76.9708,43.6919],[76.9708,43.6919],[76.9709,43.6943],[76.9709,43.6943],[76.9709,43.6943],[76.9709,43.6943],[76.9736,43.6942]]]],"type":"MultiPolygon"},"geometry_name":"shape","id":"gp_functional_zones.fid--7752831e_19fb67eabdc_5e83","properties":{"area":59410.6233055933,"creation_doc_id":3613,"deactivation_doc_id":null,"func_zone_status_id":3,"ggk_zone_code":"11010000","ggk_zone_name":"Территория усадебной застройки","gp_func_zone_code":"11010000","gp_func_zone_code_id":19,"id":4724523,"zone_type_id":8},"type":"Feature"},{"bbox":[76.9739,43.6917,76.9779,43.6942],"geometry":{"coordinates":[[[[76.9779,43.6942],[76.9779,43.6942],[76.9779,43.6942],[76.9778,43.6917],[76.9778,43.6917],[76.9778,43.6917],[76.9778,43.6917],[76.9778,43.6917],[76.9778,43.6917],[76.9739,43.6918],[76.9739,43.6918],[76.9739,43.6918],[76.974,43.6942],[76.974,43.6942],[76.974,43.6942],[76.974,43.6942],[76.9779,43.6942]]]],"type":"MultiPolygon"},"geometry_name":"shape","id":"gp_functional_zones.fid--7752831e_19fb67eabdc_5e84","properties":{"area":85179.4601122223,"creation_doc_id":3613,"deactivation_doc_id":null,"func_zone_status_id":3,"ggk_zone_code":"11010000","ggk_zone_name":"Территория усадебной застройки","gp_func_zone_code":"11010000","gp_func_zone_code_id":19,"id":4724524,"zone_type_id":8},"type":"Feature"},{"bbox":[76.9677,43.6946,76.9706,43.697],"geometry":{"coordinates":[[[[76.9706,43.697],[76.9706,43.697],[76.9706,43.697],[76.9705,43.6946],[76.9705,43.6946],[76.9705,43.6946],[76.9705,43.6946],[76.9705,43.6946],[76.9705,43.6946],[76.9677,43.6946],[76.9677,43.6946],[76.9677,43.6946],[76.9678,43.697],[76.9678,43.697],[76.9678,43.697],[76.9678,43.697],[76.9706,43.697]]]],"type":"MultiPolygon"},"geometry_name":"shape","id":"gp_functional_zones.fid--7752831e_19fb67eabdc_5e85","properties":{"area":60172.3315336798,"creation_doc_id":3613,"deactivation_doc_id":null,"func_zone_status_id":3,"ggk_zone_code":"11010000","ggk_zone_name":"Территория усадебной застройки","gp_func_zone_code":"11010000","gp_func_zone_code_id":19,"id":4724525,"zone_type_id":8},"type":"Feature"},{"bbox":[76.9709,43.6945,76.9737,43.697],"geometry":{"coordinates":[[[[76.9737,43.6969],[76.9737,43.6969],[76.9737,43.6969],[76.9736,43.6945],[76.9736,43.6945],[76.9736,43.6945],[76.9736,43.6945],[76.9736,43.6945],[76.9736,43.6945],[76.9709,43.6946],[76.9709,43.6946],[76.9709,43.6946],[76.9709,43.697],[76.9709,43.697],[76.9709,43.697],[76.9709,43.697],[76.9737,43.6969]]]],"type":"MultiPolygon"},"geometry_name":"shape","id":"gp_functional_zones.fid--7752831e_19fb67eabdc_5e86","properties":{"area":59410.6110580146,"creation_doc_id":3613,"deactivation_doc_id":null,"func_zone_status_id":3,"ggk_zone_code":"11010000","ggk_zone_name":"Территория усадебной застройки","gp_func_zone_code":"11010000","gp_func_zone_code_id":19,"id":4724526,"zone_type_id":8},"type":"Feature"},{"bbox":[76.974,43.6944,76.978,43.6969],"geometry":{"coordinates":[[[[76.978,43.6969],[76.978,43.6969],[76.978,43.6969],[76.9779,43.6944],[76.9779,43.6944],[76.9779,43.6944],[76.9779,43.6944],[76.9779,43.6944],[76.9779,43.6944],[76.974,43.6945],[76.974,43.6945],[76.974,43.6945],[76.974,43.6969],[76.974,43.6969],[76.974,43.6969],[76.974,43.6969],[76.978,43.6969]]]],"type":"MultiPolygon"},"geometry_name":"shape","id":"gp_functional_zones.fid--7752831e_19fb67eabdc_5e87","properties":{"area":85477.9668852628,"creation_doc_id":3613,"deactivation_doc_id":null,"func_zone_status_id":3,"ggk_zone_code":"11010000","ggk_zone_name":"Территория усадебной застройки","gp_func_zone_code":"11010000","gp_func_zone_code_id":19,"id":4724527,"zone_type_id":8},"type":"Feature"},{"bbox":[76.9979,43.6907,77.0064,43.6961],"geometry":{"coordinates":[[[[77.0064,43.6943],[77.0037,43.6907],[76.9979,43.6927],[77.0017,43.6961],[77.0018,43.6961],[77.0064,43.6943]]]],"type":"MultiPolygon"},"geometry_name":"shape","id":"gp_functional_zones.fid--7752831e_19fb67eabdc_5e88","properties":{"area":217855.128609661,"creation_doc_id":3613,"deactivation_doc_id":null,"func_zone_status_id":3,"ggk_zone_code":"11010000","ggk_zone_name":"Территория усадебной застройки","gp_func_zone_code":"11010000","gp_func_zone_code_id":19,"id":4724528,"zone_type_id":8},"type":"Feature"},{"bbox":[77.0019,43.6945,77.0076,43.6975],"geometry":{"coordinates":[[[[77.0076,43.696],[77.0065,43.6945],[77.0019,43.6963],[77.0033,43.6975],[77.0034,43.6975],[77.0076,43.696]]]],"type":"MultiPolygon"},"geometry_name":"shape","id":"gp_functional_zones.fid--7752831e_19fb67eabdc_5e89","properties":{"area":73604.6981427946,"creation_doc_id":3613,"deactivation_doc_id":null,"func_zone_status_id":3,"ggk_zone_code":"11010000","ggk_zone_name":"Территория усадебной застройки","gp_func_zone_code":"11010000","gp_func_zone_code_id":19,"id":4724529,"zone_type_id":8},"type":"Feature"},{"bbox":[77.008,43.6949,77.0135,43.699],"geometry":{"coordinates":[[[[77.0135,43.6979],[77.0112,43.6949],[77.008,43.696],[77.0103,43.699],[77.0135,43.6979]]]],"type":"MultiPolygon"},"geometry_name":"shape","id":"gp_functional_zones.fid--7752831e_19fb67eabdc_5e8a","properties":{"area":107989.444074473,"creation_doc_id":3613,"deactivation_doc_id":null,"func_zone_status_id":3,"ggk_zone_code":"11010000","ggk_zone_name":"Территория усадебной застройки","gp_func_zone_code":"11010000","gp_func_zone_code_id":19,"id":4724530,"zone_type_id":8},"type":"Feature"},{"bbox":[77.0138,43.6954,77.0219,43.6999],"geometry":{"coordinates":[[[[77.0212,43.6954],[77.0212,43.6954],[77.0212,43.6954],[77.0138,43.698],[77.0154,43.6999],[77.021,43.6979],[77.021,43.6979],[77.0212,43.6976],[77.0218,43.6969],[77.0219,43.6967],[77.0215,43.6958],[77.0215,43.6958],[77.0215,43.6957],[77.0214,43.6957],[77.0213,43.6955],[77.0212,43.6954]]]],"type":"MultiPolygon"},"geometry_name":"shape","id":"gp_functional_zones.fid--7752831e_19fb67eabdc_5e8b","properties":{"area":154931.33072527,"creation_doc_id":3613,"deactivation_doc_id":null,"func_zone_status_id":3,"ggk_zone_code":"11010000","ggk_zone_name":"Территория усадебной застройки","gp_func_zone_code":"11010000","gp_func_zone_code_id":19,"id":4724531,"zone_type_id":8},"type":"Feature"},{"bbox":[77.0035,43.6961,77.0099,43.7004],"geometry":{"coordinates":[[[[77.0099,43.6991],[77.0077,43.6961],[77.0035,43.6977],[77.0035,43.6977],[77.0059,43.6999],[77.0062,43.7002],[77.0064,43.7004],[77.0099,43.6991]]]],"type":"MultiPolygon"},"geometry_name":"shape","id":"gp_functional_zones.fid--7752831e_19fb67eabdc_5e8c","properties":{"area":131384.728684007,"creation_doc_id":3613,"deactivation_doc_id":null,"func_zone_status_id":3,"ggk_zone_code":"11010000","ggk_zone_name":"Территория усадебной застройки","gp_func_zone_code":"11010000","gp_func_zone_code_id":19,"id":4724532,"zone_type_id":8},"type":"Feature"},{"bbox":[77.0104,43.698,77.0151,43.7012],"geometry":{"coordinates":[[[[77.0151,43.7],[77.0136,43.698],[77.0104,43.6992],[77.0119,43.7012],[77.0151,43.7]]]],"type":"MultiPolygon"},"geometry_name":"shape","id":"gp_functional_zones.fid--7752831e_19fb67eabdc_5e8d","properties":{"area":73600.6396594314,"creation_doc_id":3613,"deactivation_doc_id":null,"func_zone_status_id":3,"ggk_zone_code":"11010000","ggk_zone_name":"Территория усадебной застройки","gp_func_zone_code":"11010000","gp_func_zone_code_id":19,"id":4724533,"zone_type_id":8},"type":"Feature"},{"bbox":[77.0066,43.6993,77.0116,43.7025],"geometry":{"coordinates":[[[[77.0116,43.7013],[77.0101,43.6993],[77.0066,43.7005],[77.0067,43.7007],[77.007,43.7009],[77.0072,43.7012],[77.0074,43.7015],[77.0077,43.7018],[77.0079,43.702],[77.0081,43.7023],[77.0082,43.7025],[77.0083,43.7025],[77.0085,43.7025],[77.0116,43.7013]]]],"type":"MultiPolygon"},"geometry_name":"shape","id":"gp_functional_zones.fid--7752831e_19fb67eabdc_5e8e","properties":{"area":78482.7598319042,"creation_doc_id":3613,"deactivation_doc_id":null,"func_zone_status_id":3,"ggk_zone_code":"11010000","ggk_zone_name":"Территория усадебной застройки","gp_func_zone_code":"11010000","gp_func_zone_code_id":19,"id":4724534,"zone_type_id":8},"type":"Feature"},{"bbox":[77.0155,43.6976,77.0239,43.7037],"geometry":{"coordinates":[[[[77.0224,43.6976],[77.0224,43.6976],[77.0215,43.6979],[77.0215,43.6979],[77.0212,43.6983],[77.0202,43.6995],[77.0199,43.6999],[77.0195,43.7003],[77.0186,43.7014],[77.0176,43.7026],[77.0175,43.7027],[77.0175,43.7027],[77.0183,43.7037],[77.0239,43.7021],[77.0239,43.7021],[77.0234,43.6997],[77.0224,43.6976]]],[[[77.0207,43.6982],[77.0207,43.6982],[77.0155,43.7001],[77.0172,43.7024],[77.0172,43.7024],[77.0178,43.7016],[77.0184,43.7009],[77.0195,43.6996],[77.0205,43.6985],[77.0207,43.6982],[77.0207,43.6982]]]],"type":"MultiPolygon"},"geometry_name":"shape","id":"gp_functional_zones.fid--7752831e_19fb67eabdc_5e8f","properties":{"area":253291.756432035,"creation_doc_id":3613,"deactivation_doc_id":null,"func_zone_status_id":3,"ggk_zone_code":"11010000","ggk_zone_name":"Территория усадебной застройки","gp_func_zone_code":"11010000","gp_func_zone_code_id":19,"id":4724535,"zone_type_id":8},"type":"Feature"},{"bbox":[77.012,43.7002,77.0171,43.7048],"geometry":{"coordinates":[[[[77.0171,43.7025],[77.0153,43.7002],[77.012,43.7014],[77.0146,43.7048],[77.0153,43.7046],[77.0153,43.7046],[77.0159,43.7039],[77.0166,43.7031],[77.0171,43.7025],[77.0171,43.7025]]]],"type":"MultiPolygon"},"geometry_name":"shape","id":"gp_functional_zones.fid--7752831e_19fb67eabdc_5e90","properties":{"area":112795.008833424,"creation_doc_id":3613,"deactivation_doc_id":null,"func_zone_status_id":3,"ggk_zone_code":"11010000","ggk_zone_name":"Территория усадебной застройки","gp_func_zone_code":"11010000","gp_func_zone_code_id":19,"id":4724536,"zone_type_id":8},"type":"Feature"},{"bbox":[77.0083,43.7015,77.0143,43.7086],"geometry":{"coordinates":[[[[77.0143,43.705],[77.0117,43.7015],[77.0086,43.7026],[77.0084,43.7027],[77.0083,43.7027],[77.0085,43.7029],[77.0087,43.7032],[77.0088,43.7035],[77.009,43.7038],[77.0091,43.7041],[77.0093,43.7044],[77.0094,43.7047],[77.0095,43.705],[77.0097,43.7053],[77.0098,43.7056],[77.0099,43.7059],[77.0099,43.7062],[77.0101,43.7065],[77.0102,43.7068],[77.0103,43.7071],[77.0104,43.7074],[77.0106,43.7076],[77.0107,43.7079],[77.0109,43.7082],[77.011,43.7085],[77.0111,43.7086],[77.0143,43.705]]]],"type":"MultiPolygon"},"geometry_name":"shape","id":"gp_functional_zones.fid--7752831e_19fb67eabdc_5e91","properties":{"area":195466.342842847,"creation_doc_id":3613,"deactivation_doc_id":null,"func_zone_status_id":3,"ggk_zone_code":"11010000","ggk_zone_name":"Территория усадебной застройки","gp_func_zone_code":"11010000","gp_func_zone_code_id":19,"id":4724537,"zone_type_id":8},"type":"Feature"},{"bbox":[77.1193,43.5966,77.1219,43.5982],"geometry":{"coordinates":[[[[77.1219,43.5976],[77.1212,43.5966],[77.1193,43.5973],[77.1193,43.5973],[77.1193,43.5973],[77.12,43.5982],[77.1219,43.5976],[77.1219,43.5976],[77.1219,43.5976]]]],"type":"MultiPolygon"},"geometry_name":"shape","id":"gp_functional_zones.fid--7752831e_19fb67eabdc_5e92","properties":{"area":20038.3937038309,"creation_doc_id":3613,"deactivation_doc_id":null,"func_zone_status_id":2,"ggk_zone_code":"11010000","ggk_zone_name":"Территория усадебной застройки","gp_func_zone_code":"11010000","gp_func_zone_code_id":19,"id":4724538,"zone_type_id":8},"type":"Feature"},{"bbox":[77.1177,43.5974,77.1198,43.5985],"geometry":{"coordinates":[[[[77.1178,43.5982],[77.119,43.5985],[77.1198,43.5983],[77.1198,43.5983],[77.1198,43.5983],[77.1191,43.5974],[77.1177,43.598],[77.1177,43.598],[77.1177,43.598],[77.1178,43.5982]]]],"type":"MultiPolygon"},"geometry_name":"shape","id":"gp_functional_zones.fid--7752831e_19fb67eabdc_5e93","properties":{"area":11304.560158164,"creation_doc_id":3613,"deactivation_doc_id":null,"func_zone_status_id":2,"ggk_zone_code":"11010000","ggk_zone_name":"Территория усадебной застройки","gp_func_zone_code":"11010000","gp_func_zone_code_id":19,"id":4724539,"zone_type_id":8},"type":"Feature"},{"bbox":[77.1201,43.5977,77.1228,43.5992],"geometry":{"coordinates":[[[[77.1207,43.599],[77.1208,43.599],[77.1212,43.5992],[77.1228,43.5987],[77.1228,43.5987],[77.1228,43.5987],[77.1225,43.5983],[77.122,43.5977],[77.1201,43.5983],[77.1201,43.5983],[77.1201,43.5983],[77.1207,43.599]]]],"type":"MultiPolygon"},"geometry_name":"shape","id":"gp_functional_zones.fid--7752831e_19fb67eabdc_5e94","properties":{"area":19508.4353971904,"creation_doc_id":3613,"deactivation_doc_id":null,"func_zone_status_id":2,"ggk_zone_code":"11010000","ggk_zone_name":"Территория усадебной застройки","gp_func_zone_code":"11010000","gp_func_zone_code_id":19,"id":4724540,"zone_type_id":8},"type":"Feature"},{"bbox":[77.1153,43.5982,77.118,43.5996],"geometry":{"coordinates":[[[[77.1177,43.5984],[77.1171,43.5982],[77.117,43.5982],[77.1153,43.5989],[77.1153,43.5989],[77.1153,43.5989],[77.1157,43.5996],[77.118,43.5988],[77.118,43.5988],[77.118,43.5988],[77.1177,43.5984]]]],"type":"MultiPolygon"},"geometry_name":"shape","id":"gp_functional_zones.fid--7752831e_19fb67eabdc_5e95","properties":{"area":16795.8978005509,"creation_doc_id":3613,"deactivation_doc_id":null,"func_zone_status_id":2,"ggk_zone_code":"11010000","ggk_zone_name":"Территория усадебной застройки","gp_func_zone_code":"11010000","gp_func_zone_code_id":19,"id":4724541,"zone_type_id":8},"type":"Feature"},{"bbox":[77.1183,43.5987,77.1206,43.5997],"geometry":{"coordinates":[[[[77.1206,43.5993],[77.1193,43.5989],[77.1189,43.5987],[77.1183,43.5989],[77.1183,43.5989],[77.1183,43.5989],[77.1188,43.5997],[77.1206,43.5993],[77.1206,43.5993],[77.1206,43.5993],[77.1206,43.5993]]]],"type":"MultiPolygon"},"geometry_name":"shape","id":"gp_functional_zones.fid--7752831e_19fb67eabdc_5e96","properties":{"area":10247.1729019095,"creation_doc_id":3613,"deactivation_doc_id":null,"func_zone_status_id":2,"ggk_zone_code":"11010000","ggk_zone_name":"Территория усадебной застройки","gp_func_zone_code":"11010000","gp_func_zone_code_id":19,"id":4724542,"zone_type_id":8},"type":"Feature"},{"bbox":[77.1215,43.5989,77.1234,43.5996],"geometry":{"coordinates":[[[[77.1215,43.5993],[77.1219,43.5994],[77.1229,43.5996],[77.1234,43.5995],[77.1234,43.5995],[77.1234,43.5995],[77.1229,43.5989],[77.1215,43.5993]]]],"type":"MultiPolygon"},"geometry_name":"shape","id":"gp_functional_zones.fid--7752831e_19fb67eabdc_5e97","properties":{"area":6212.31009128657,"creation_doc_id":3613,"deactivation_doc_id":null,"func_zone_status_id":2,"ggk_zone_code":"11010000","ggk_zone_name":"Территория усадебной застройки","gp_func_zone_code":"11010000","gp_func_zone_code_id":19,"id":4724543,"zone_type_id":8},"type":"Feature"},{"bbox":[77.1158,43.599,77.1186,43.6002],"geometry":{"coordinates":[[[[77.1186,43.5997],[77.1181,43.599],[77.1158,43.5997],[77.1158,43.5997],[77.1158,43.5997],[77.1161,43.6002],[77.1186,43.5997],[77.1186,43.5997],[77.1186,43.5997]]]],"type":"MultiPolygon"},"geometry_name":"shape","id":"gp_functional_zones.fid--7752831e_19fb67eabdc_5e98","properties":{"area":15588.4960976089,"creation_doc_id":3613,"deactivation_doc_id":null,"func_zone_status_id":2,"ggk_zone_code":"11010000","ggk_zone_name":"Территория усадебной застройки","gp_func_zone_code":"11010000","gp_func_zone_code_id":19,"id":4724544,"zone_type_id":8},"type":"Feature"},{"bbox":[77.1189,43.5995,77.1212,43.6004],"geometry":{"coordinates":[[[[77.1212,43.6],[77.1208,43.5995],[77.1189,43.5998],[77.1189,43.5998],[77.1189,43.5998],[77.1193,43.6004],[77.1212,43.6],[77.1212,43.6],[77.1212,43.6]]]],"type":"MultiPolygon"},"geometry_name":"shape","id":"gp_functional_zones.fid--7752831e_19fb67eabdc_5e99","properties":{"area":10466.7873644265,"creation_doc_id":3613,"deactivation_doc_id":null,"func_zone_status_id":2,"ggk_zone_code":"11010000","ggk_zone_name":"Территория усадебной застройки","gp_func_zone_code":"11010000","gp_func_zone_code_id":19,"id":4724545,"zone_type_id":8},"type":"Feature"},{"bbox":[77.1129,43.599,77.1158,43.6007],"geometry":{"coordinates":[[[[77.1155,43.5997],[77.115,43.599],[77.1129,43.5998],[77.1129,43.5998],[77.1129,43.5998],[77.1134,43.6004],[77.1134,43.6004],[77.1134,43.6004],[77.1134,43.6004],[77.1136,43.6007],[77.1158,43.6003],[77.1158,43.6003],[77.1158,43.6003],[77.1155,43.5997]]]],"type":"MultiPolygon"},"geometry_name":"shape","id":"gp_functional_zones.fid--7752831e_19fb67eabdc_5e9a","properties":{"area":25656.344157466,"creation_doc_id":3613,"deactivation_doc_id":null,"func_zone_status_id":2,"ggk_zone_code":"11010000","ggk_zone_name":"Территория усадебной застройки","gp_func_zone_code":"11010000","gp_func_zone_code_id":19,"id":4724546,"zone_type_id":8},"type":"Feature"},{"bbox":[77.1216,43.5999,77.124,43.6007],"geometry":{"coordinates":[[[[77.1238,43.6002],[77.1231,43.6],[77.1227,43.5999],[77.1216,43.6001],[77.1216,43.6001],[77.1216,43.6001],[77.1221,43.6007],[77.124,43.6004],[77.124,43.6004],[77.124,43.6004],[77.1238,43.6002]]]],"type":"MultiPolygon"},"geometry_name":"shape","id":"gp_functional_zones.fid--7752831e_19fb67eabdc_5e9b","properties":{"area":11017.697355535,"creation_doc_id":3613,"deactivation_doc_id":null,"func_zone_status_id":2,"ggk_zone_code":"11010000","ggk_zone_name":"Территория усадебной застройки","gp_func_zone_code":"11010000","gp_func_zone_code_id":19,"id":4724547,"zone_type_id":8},"type":"Feature"},{"bbox":[77.1162,43.5999,77.1191,43.601],"geometry":{"coordinates":[[[[77.1191,43.6004],[77.1187,43.5999],[77.1162,43.6004],[77.1162,43.6004],[77.1162,43.6004],[77.1165,43.601],[77.1191,43.6005],[77.1191,43.6005],[77.1191,43.6004]]]],"type":"MultiPolygon"},"geometry_name":"shape","id":"gp_functional_zones.fid--7752831e_19fb67eabdc_5e9c","properties":{"area":14876.759721572,"creation_doc_id":3613,"deactivation_doc_id":null,"func_zone_status_id":2,"ggk_zone_code":"11010000","ggk_zone_name":"Территория усадебной застройки","gp_func_zone_code":"11010000","gp_func_zone_code_id":19,"id":4724548,"zone_type_id":8},"type":"Feature"},{"bbox":[77.1194,43.6002,77.1218,43.6012],"geometry":{"coordinates":[[[[77.1218,43.6008],[77.1213,43.6002],[77.1194,43.6006],[77.1194,43.6006],[77.1194,43.6006],[77.1198,43.6012],[77.1218,43.6008],[77.1218,43.6008],[77.1218,43.6008]]]],"type":"MultiPolygon"},"geometry_name":"shape","id":"gp_functional_zones.fid--7752831e_19fb67eabdc_5e9d","properties":{"area":12805.0547396867,"creation_doc_id":3613,"deactivation_doc_id":null,"func_zone_status_id":2,"ggk_zone_code":"11010000","ggk_zone_name":"Территория усадебной застройки","gp_func_zone_code":"11010000","gp_func_zone_code_id":19,"id":4724549,"zone_type_id":8},"type":"Feature"},{"bbox":[77.1137,43.6004,77.1163,43.6015],"geometry":{"coordinates":[[[[77.1163,43.601],[77.1159,43.6004],[77.1137,43.6009],[77.1137,43.6009],[77.1137,43.6009],[77.1141,43.6015],[77.1163,43.601],[77.1163,43.601],[77.1163,43.601]]]],"type":"MultiPolygon"},"geometry_name":"shape","id":"gp_functional_zones.fid--7752831e_19fb67eabdc_5e9e","properties":{"area":13975.5977392064,"creation_doc_id":3613,"deactivation_doc_id":null,"func_zone_status_id":2,"ggk_zone_code":"11010000","ggk_zone_name":"Территория усадебной застройки","gp_func_zone_code":"11010000","gp_func_zone_code_id":19,"id":4724550,"zone_type_id":8},"type":"Feature"},{"bbox":[77.1222,43.6005,77.1245,43.6014],"geometry":{"coordinates":[[[[77.1245,43.6011],[77.1241,43.6005],[77.1222,43.6009],[77.1222,43.6009],[77.1222,43.6009],[77.1227,43.6014],[77.1245,43.6011],[77.1245,43.6011],[77.1245,43.6011]]]],"type":"MultiPolygon"},"geometry_name":"shape","id":"gp_functional_zones.fid--7752831e_19fb67eabdc_5e9f","properties":{"area":10340.6964826292,"creation_doc_id":3613,"deactivation_doc_id":null,"func_zone_status_id":2,"ggk_zone_code":"11010000","ggk_zone_name":"Территория усадебной застройки","gp_func_zone_code":"11010000","gp_func_zone_code_id":19,"id":4724551,"zone_type_id":8},"type":"Feature"},{"bbox":[77.1166,43.6006,77.1196,43.6017],"geometry":{"coordinates":[[[[77.1196,43.6012],[77.1192,43.6006],[77.1166,43.6012],[77.1166,43.6012],[77.1166,43.6012],[77.117,43.6017],[77.1196,43.6012],[77.1196,43.6012],[77.1196,43.6012]]]],"type":"MultiPolygon"},"geometry_name":"shape","id":"gp_functional_zones.fid--7752831e_19fb67eabdc_5ea0","properties":{"area":15717.506888689,"creation_doc_id":3613,"deactivation_doc_id":null,"func_zone_status_id":2,"ggk_zone_code":"11010000","ggk_zone_name":"Территория усадебной застройки","gp_func_zone_code":"11010000","gp_func_zone_code_id":19,"id":4724552,"zone_type_id":8},"type":"Feature"},{"bbox":[77.1199,43.6009,77.1224,43.6019],"geometry":{"coordinates":[[[[77.1224,43.6015],[77.122,43.6009],[77.1199,43.6014],[77.1199,43.6014],[77.1199,43.6014],[77.1203,43.6019],[77.1224,43.6015],[77.1224,43.6015],[77.1224,43.6015]]]],"type":"MultiPolygon"},"geometry_name":"shape","id":"gp_functional_zones.fid--7752831e_19fb67eabdc_5ea1","properties":{"area":11877.0674904097,"creation_doc_id":3613,"deactivation_doc_id":null,"func_zone_status_id":2,"ggk_zone_code":"11010000","ggk_zone_name":"Территория усадебной застройки","gp_func_zone_code":"11010000","gp_func_zone_code_id":19,"id":4724553,"zone_type_id":8},"type":"Feature"},{"bbox":[77.1142,43.6012,77.1167,43.6022],"geometry":{"coordinates":[[[[77.1167,43.6018],[77.1164,43.6012],[77.1142,43.6017],[77.1142,43.6017],[77.1142,43.6017],[77.1147,43.6022],[77.1167,43.6018],[77.1167,43.6018],[77.1167,43.6018]]]],"type":"MultiPolygon"},"geometry_name":"shape","id":"gp_functional_zones.fid--7752831e_19fb67eabdc_5ea2","properties":{"area":12268.1263136974,"creation_doc_id":3613,"deactivation_doc_id":null,"func_zone_status_id":2,"ggk_zone_code":"11010000","ggk_zone_name":"Территория усадебной застройки","gp_func_zone_code":"11010000","gp_func_zone_code_id":19,"id":4724554,"zone_type_id":8},"type":"Feature"},{"bbox":[77.1093,43.6006,77.1138,43.6025],"geometry":{"coordinates":[[[[77.1134,43.6009],[77.1132,43.6006],[77.1093,43.6017],[77.1093,43.6017],[77.1093,43.6017],[77.1096,43.6025],[77.1138,43.6016],[77.1138,43.6016],[77.1138,43.6016],[77.1134,43.6009]]]],"type":"MultiPolygon"},"geometry_name":"shape","id":"gp_functional_zones.fid--7752831e_19fb67eabdc_5ea3","properties":{"area":36553.5006542382,"creation_doc_id":3613,"deactivation_doc_id":null,"func_zone_status_id":2,"ggk_zone_code":"11010000","ggk_zone_name":"Территория усадебной застройки","gp_func_zone_code":"11010000","gp_func_zone_code_id":19,"id":4724555,"zone_type_id":8},"type":"Feature"},{"bbox":[77.1171,43.6014,77.1201,43.6025],"geometry":{"coordinates":[[[[77.1201,43.602],[77.1197,43.6014],[77.1171,43.6019],[77.1171,43.6019],[77.1171,43.6019],[77.1174,43.6025],[77.1201,43.602],[77.1201,43.602],[77.1201,43.602]]]],"type":"MultiPolygon"},"geometry_name":"shape","id":"gp_functional_zones.fid--7752831e_19fb67eabdc_5ea4","properties":{"area":15096.1451086177,"creation_doc_id":3613,"deactivation_doc_id":null,"func_zone_status_id":2,"ggk_zone_code":"11010000","ggk_zone_name":"Территория усадебной застройки","gp_func_zone_code":"11010000","gp_func_zone_code_id":19,"id":4724556,"zone_type_id":8},"type":"Feature"},{"bbox":[77.1148,43.602,77.1172,43.603],"geometry":{"coordinates":[[[[77.1172,43.6025],[77.1168,43.602],[77.1148,43.6024],[77.1148,43.6024],[77.1148,43.6024],[77.115,43.6025],[77.115,43.6025],[77.115,43.6026],[77.1151,43.603],[77.1172,43.6025],[77.1172,43.6025],[77.1172,43.6025]]]],"type":"MultiPolygon"},"geometry_name":"shape","id":"gp_functional_zones.fid--7752831e_19fb67eabdc_5ea5","properties":{"area":11764.6741151865,"creation_doc_id":3613,"deactivation_doc_id":null,"func_zone_status_id":2,"ggk_zone_code":"11010000","ggk_zone_name":"Территория усадебной застройки","gp_func_zone_code":"11010000","gp_func_zone_code_id":19,"id":4724557,"zone_type_id":8},"type":"Feature"},{"bbox":[77.1096,43.6017,77.1144,43.6032],"geometry":{"coordinates":[[[[77.1144,43.6023],[77.1139,43.6017],[77.1096,43.6027],[77.1096,43.6027],[77.1096,43.6027],[77.1098,43.6032],[77.1144,43.6023],[77.1144,43.6023],[77.1144,43.6023]]]],"type":"MultiPolygon"},"geometry_name":"shape","id":"gp_functional_zones.fid--7752831e_19fb67eabdc_5ea6","properties":{"area":23355.9875399163,"creation_doc_id":3613,"deactivation_doc_id":null,"func_zone_status_id":2,"ggk_zone_code":"11010000","ggk_zone_name":"Территория усадебной застройки","gp_func_zone_code":"11010000","gp_func_zone_code_id":19,"id":4724558,"zone_type_id":8},"type":"Feature"},{"bbox":[77.1085,43.6027,77.1096,43.6037],"geometry":{"coordinates":[[[[77.1096,43.6033],[77.1094,43.6027],[77.1085,43.6028],[77.1085,43.6028],[77.1085,43.6028],[77.1087,43.6037],[77.1096,43.6036],[77.1096,43.6036],[77.1096,43.6036],[77.1096,43.6033]]]],"type":"MultiPolygon"},"geometry_name":"shape","id":"gp_functional_zones.fid--7752831e_19fb67eabdc_5ea7","properties":{"area":7553.56766988528,"creation_doc_id":3613,"deactivation_doc_id":null,"func_zone_status_id":2,"ggk_zone_code":"11010000","ggk_zone_name":"Территория усадебной застройки","gp_func_zone_code":"11010000","gp_func_zone_code_id":19,"id":4724559,"zone_type_id":8},"type":"Feature"},{"bbox":[77.1098,43.6024,77.1149,43.604],"geometry":{"coordinates":[[[[77.1147,43.6026],[77.1146,43.6024],[77.1098,43.6033],[77.1098,43.6033],[77.1098,43.6033],[77.1099,43.6036],[77.11,43.604],[77.1149,43.603],[77.1149,43.603],[77.1149,43.603],[77.1147,43.6026]]]],"type":"MultiPolygon"},"geometry_name":"shape","id":"gp_functional_zones.fid--7752831e_19fb67eabdc_5ea8","properties":{"area":28319.4567008017,"creation_doc_id":3613,"deactivation_doc_id":null,"func_zone_status_id":2,"ggk_zone_code":"11010000","ggk_zone_name":"Территория усадебной застройки","gp_func_zone_code":"11010000","gp_func_zone_code_id":19,"id":4724560,"zone_type_id":8},"type":"Feature"},{"bbox":[77.0243,43.6031,77.0324,43.6093],"geometry":{"coordinates":[[[[77.0318,43.6066],[77.0318,43.6066],[77.0318,43.6066],[77.0318,43.6066],[77.0318,43.6066],[77.0318,43.6066],[77.0318,43.6066],[77.0318,43.6066],[77.0318,43.6066],[77.0318,43.6066],[77.0318,43.6065],[77.0318,43.6065],[77.0318,43.6065],[77.0317,43.6065],[77.0317,43.6064],[77.0317,43.6064],[77.0317,43.6064],[77.0317,43.6064],[77.0317,43.6064],[77.0317,43.6063],[77.0317,43.6063],[77.0317,43.6063],[77.0317,43.6063],[77.0317,43.6063],[77.0316,43.6062],[77.0316,43.6062],[77.0316,43.6062],[77.0316,43.6062],[77.0316,43.6062],[77.0316,43.6061],[77.0316,43.6061],[77.0316,43.6061],[77.0316,43.6061],[77.0316,43.606],[77.0316,43.606],[77.0315,43.606],[77.0315,43.606],[77.0315,43.606],[77.0315,43.6059],[77.0315,43.6059],[77.0315,43.6059],[77.0315,43.6059],[77.0315,43.6059],[77.0315,43.6058],[77.0314,43.6058],[77.0314,43.6058],[77.0314,43.6058],[77.0314,43.6058],[77.0314,43.6057],[77.0314,43.6057],[77.0314,43.6057],[77.0314,43.6057],[77.0314,43.6057],[77.0313,43.6056],[77.0313,43.6056],[77.0313,43.6056],[77.0313,43.6056],[77.0313,43.6056],[77.0313,43.6055],[77.0313,43.6055],[77.0313,43.6055],[77.0312,43.6055],[77.0312,43.6055],[77.0312,43.6054],[77.0312,43.6054],[77.0312,43.6054],[77.0312,43.6054],[77.0312,43.6054],[77.0312,43.6053],[77.0311,43.6053],[77.0311,43.6053],[77.0311,43.6053],[77.0311,43.6053],[77.0311,43.6052],[77.0311,43.6052],[77.0311,43.6052],[77.031,43.6052],[77.031,43.6052],[77.031,43.6051],[77.031,43.6051],[77.031,43.6051],[77.031,43.6051],[77.031,43.6051],[77.031,43.605],[77.0309,43.605],[77.0309,43.605],[77.0309,43.605],[77.0309,43.605],[77.0309,43.6049],[77.0309,43.6049],[77.0308,43.6049],[77.0308,43.6049],[77.0308,43.6049],[77.0308,43.6049],[77.0308,43.6048],[77.0308,43.6048],[77.0308,43.6048],[77.0307,43.6048],[77.0307,43.6048],[77.0307,43.6047],[77.0307,43.6047],[77.0307,43.6047],[77.0307,43.6047],[77.0306,43.6047],[77.0306,43.6046],[77.0306,43.6046],[77.0306,43.6046],[77.0306,43.6046],[77.0306,43.6046],[77.0305,43.6046],[77.0305,43.6046],[77.0305,43.6045],[77.0305,43.6045],[77.0305,43.6045],[77.0305,43.6045],[77.0305,43.6045],[77.0304,43.6044],[77.0304,43.6044],[77.0304,43.6044],[77.0304,43.6044],[77.0304,43.6044],[77.0304,43.6044],[77.0304,43.6044],[77.0303,43.6043],[77.0303,43.6043],[77.0303,43.6043],[77.0303,43.6043],[77.0303,43.6043],[77.0303,43.6043],[77.0303,43.6043],[77.0303,43.6042],[77.0302,43.6042],[77.0302,43.6042],[77.0302,43.6042],[77.0302,43.6042],[77.0302,43.6042],[77.0302,43.6041],[77.0302,43.6041],[77.0302,43.6041],[77.0302,43.6041],[77.0301,43.6041],[77.0301,43.6041],[77.0301,43.6041],[77.0301,43.604],[77.0301,43.604],[77.0301,43.604],[77.0301,43.604],[77.0301,43.604],[77.0301,43.604],[77.03,43.604],[77.03,43.6039],[77.03,43.6039],[77.03,43.6039],[77.03,43.6039],[77.03,43.6039],[77.03,43.6039],[77.03,43.6039],[77.03,43.6038],[77.03,43.6038],[77.03,43.6038],[77.0299,43.6038],[77.0299,43.6038],[77.0299,43.6038],[77.0299,43.6037],[77.0299,43.6037],[77.0299,43.6037],[77.0299,43.6037],[77.0299,43.6037],[77.0299,43.6037],[77.0299,43.6037],[77.0299,43.6036],[77.0298,43.6036],[77.0298,43.6036],[77.0298,43.6036],[77.0298,43.6036],[77.0298,43.6036],[77.0298,43.6035],[77.0298,43.6035],[77.0298,43.6035],[77.0298,43.6035],[77.0298,43.6035],[77.0298,43.6035],[77.0298,43.6034],[77.0298,43.6034],[77.0297,43.6034],[77.0297,43.6034],[77.0297,43.6034],[77.0297,43.6034],[77.0297,43.6033],[77.0297,43.6033],[77.0297,43.6033],[77.0297,43.6033],[77.0297,43.6033],[77.0297,43.6033],[77.0297,43.6032],[77.0297,43.6032],[77.0297,43.6032],[77.0297,43.6032],[77.0297,43.6032],[77.0297,43.6032],[77.0296,43.6031],[77.0296,43.6031],[77.0296,43.6031],[77.0296,43.6031],[77.0296,43.6031],[77.0296,43.6031],[77.0281,43.6033],[77.0274,43.605],[77.0274,43.605],[77.0272,43.6053],[77.0271,43.6054],[77.0271,43.6054],[77.0271,43.6055],[77.0271,43.6055],[77.027,43.6056],[77.027,43.6056],[77.0269,43.6057],[77.0269,43.6057],[77.0268,43.6058],[77.0268,43.6058],[77.0267,43.6059],[77.0267,43.6059],[77.0266,43.606],[77.0266,43.606],[77.0265,43.606],[77.0265,43.606],[77.0264,43.6061],[77.0264,43.6061],[77.0263,43.6062],[77.0262,43.6062],[77.0261,43.6062],[77.0261,43.6062],[77.026,43.6063],[77.026,43.6063],[77.0258,43.6063],[77.0258,43.6063],[77.0257,43.6064],[77.0257,43.6064],[77.0255,43.6064],[77.0253,43.6064],[77.025,43.6065],[77.0247,43.6065],[77.0245,43.6065],[77.0243,43.6066],[77.0243,43.6066],[77.0243,43.6066],[77.0243,43.6066],[77.0257,43.6075],[77.0264,43.607],[77.0269,43.6074],[77.0278,43.6067],[77.0301,43.6082],[77.0301,43.6084],[77.0302,43.6093],[77.0302,43.6093],[77.0303,43.6093],[77.0303,43.6093],[77.0303,43.6093],[77.0324,43.6091],[77.0324,43.6091],[77.0324,43.6091],[77.0324,43.6091],[77.0324,43.6089],[77.0323,43.6086],[77.0323,43.6084],[77.0322,43.6081],[77.0322,43.6078],[77.032,43.6073],[77.032,43.6073],[77.032,43.6073],[77.032,43.6073],[77.032,43.6072],[77.032,43.6072],[77.032,43.6072],[77.032,43.6072],[77.032,43.6072],[77.032,43.6071],[77.0319,43.6071],[77.0319,43.6071],[77.0319,43.6071],[77.0319,43.607],[77.0319,43.607],[77.0319,43.607],[77.0319,43.607],[77.0319,43.607],[77.0319,43.6069],[77.0319,43.6069],[77.0319,43.6069],[77.0319,43.6069],[77.0319,43.6069],[77.0319,43.6069],[77.0319,43.6069],[77.0319,43.6069],[77.0319,43.6069],[77.0319,43.6069],[77.0319,43.6069],[77.0319,43.6069],[77.0319,43.6068],[77.0319,43.6068],[77.0319,43.6068],[77.0319,43.6068],[77.0319,43.6068],[77.0319,43.6068],[77.0319,43.6068],[77.0319,43.6068],[77.0318,43.6067],[77.0318,43.6067],[77.0318,43.6067],[77.0318,43.6067],[77.0318,43.6067],[77.0318,43.6067],[77.0318,43.6067],[77.0318,43.6066],[77.0318,43.6066],[77.0318,43.6066],[77.0318,43.6066]]]],"type":"MultiPolygon"},"geometry_name":"shape","id":"gp_functional_zones.fid--7752831e_19fb67eabdc_5ea9","properties":{"area":192884.811998665,"creation_doc_id":3613,"deactivation_doc_id":null,"func_zone_status_id":3,"ggk_zone_code":"11010000","ggk_zone_name":"Территория усадебной застройки","gp_func_zone_code":"11010000","gp_func_zone_code_id":19,"id":4724561,"zone_type_id":8},"type":"Feature"},{"bbox":[77.0297,43.6093,77.0324,43.6109],"geometry":{"coordinates":[[[[77.0324,43.6094],[77.0324,43.6093],[77.0304,43.6095],[77.0297,43.61],[77.0297,43.61],[77.0297,43.61],[77.0304,43.6103],[77.0305,43.6103],[77.0305,43.6103],[77.0305,43.6104],[77.031,43.6109],[77.0324,43.6105],[77.0324,43.6105],[77.0324,43.6104],[77.0324,43.6101],[77.0324,43.6099],[77.0324,43.6096],[77.0324,43.6096],[77.0324,43.6096],[77.0324,43.6094]]]],"type":"MultiPolygon"},"geometry_name":"shape","id":"gp_functional_zones.fid--7752831e_19fb67eabdc_5eaa","properties":{"area":26013.6258238447,"creation_doc_id":3613,"deactivation_doc_id":null,"func_zone_status_id":2,"ggk_zone_code":"11010000","ggk_zone_name":"Территория усадебной застройки","gp_func_zone_code":"11010000","gp_func_zone_code_id":19,"id":4724562,"zone_type_id":8},"type":"Feature"},{"bbox":[77.0531,43.5521,77.0545,43.553],"geometry":{"coordinates":[[[[77.0539,43.5522],[77.0531,43.5521],[77.0533,43.553],[77.0545,43.5528],[77.0544,43.5528],[77.0539,43.5522]]]],"type":"MultiPolygon"},"geometry_name":"shape","id":"gp_functional_zones.fid--7752831e_19fb67eabdc_5eab","properties":{"area":6492.8330155229,"creation_doc_id":3613,"deactivation_doc_id":null,"func_zone_status_id":2,"ggk_zone_code":"11010000","ggk_zone_name":"Территория усадебной застройки","gp_func_zone_code":"11010000","gp_func_zone_code_id":19,"id":4724563,"zone_type_id":8},"type":"Feature"},{"bbox":[77.0519,43.5535,77.053,43.5541],"geometry":{"coordinates":[[[77.0529,43.5535],[77.0522,43.5536],[77.0519,43.5537],[77.053,43.554],[77.053,43.5538],[77.0529,43.5535]]],"type":"Polygon"},"geometry_name":"shape","id":"gp_functional_zones.fid--7752831e_19fb67eabdc_5eac","properties":{"area":2908.33211436385,"creation_doc_id":3613,"deactivation_doc_id":null,"func_zone_status_id":2,"ggk_zone_code":"11010000","ggk_zone_name":"Территория усадебной застройки","gp_func_zone_code":"11010000","gp_func_zone_code_id":19,"id":4724564,"zone_type_id":8},"type":"Feature"},{"bbox":[77.0534,43.5532,77.055,43.5546],"geometry":{"coordinates":[[[[77.0549,43.5536],[77.0548,43.5532],[77.0548,43.5532],[77.0534,43.5534],[77.0534,43.5534],[77.0534,43.5534],[77.0534,43.5535],[77.054,43.5534],[77.0542,43.5544],[77.055,43.5546],[77.0549,43.5542],[77.0549,43.5536]]]],"type":"MultiPolygon"},"geometry_name":"shape","id":"gp_functional_zones.fid--7752831e_19fb67eabdc_5ead","properties":{"area":9688.42703977188,"creation_doc_id":3613,"deactivation_doc_id":null,"func_zone_status_id":2,"ggk_zone_code":"11010000","ggk_zone_name":"Территория усадебной застройки","gp_func_zone_code":"11010000","gp_func_zone_code_id":19,"id":4724565,"zone_type_id":8},"type":"Feature"},{"bbox":[76.9681,43.5023,76.9699,43.5047],"geometry":{"coordinates":[[[[76.9694,43.5041],[76.9699,43.5023],[76.9692,43.5024],[76.9692,43.5027],[76.9689,43.5028],[76.9684,43.503],[76.9684,43.5031],[76.9684,43.5036],[76.9683,43.5037],[76.9681,43.5038],[76.9681,43.5042],[76.9681,43.5042],[76.9685,43.5047],[76.9694,43.5041]]]],"type":"MultiPolygon"},"geometry_name":"shape","id":"gp_functional_zones.fid--7752831e_19fb67eabdc_5eae","properties":{"area":20738.5303460186,"creation_doc_id":3613,"deactivation_doc_id":null,"func_zone_status_id":2,"ggk_zone_code":"11010000","ggk_zone_name":"Территория усадебной застройки","gp_func_zone_code":"11010000","gp_func_zone_code_id":19,"id":4724566,"zone_type_id":8},"type":"Feature"},{"bbox":[76.9686,43.502,76.9724,43.5057],"geometry":{"coordinates":[[[[76.9719,43.5036],[76.9721,43.502],[76.9721,43.502],[76.9719,43.5021],[76.9719,43.5021],[76.9715,43.5021],[76.9715,43.5021],[76.9712,43.5021],[76.9712,43.5021],[76.9708,43.5021],[76.9708,43.5021],[76.9705,43.5022],[76.9705,43.5022],[76.9701,43.5022],[76.9701,43.5022],[76.9701,43.5022],[76.9702,43.5023],[76.9702,43.5023],[76.9702,43.5023],[76.9702,43.5023],[76.9702,43.5023],[76.9702,43.5023],[76.9702,43.5023],[76.9702,43.5023],[76.9702,43.5023],[76.9702,43.5023],[76.9696,43.5042],[76.9696,43.5042],[76.9696,43.5042],[76.9696,43.5042],[76.9696,43.5042],[76.9686,43.5049],[76.9686,43.5049],[76.9696,43.5057],[76.9724,43.5047],[76.9724,43.5047],[76.9719,43.5036],[76.9719,43.5036],[76.9719,43.5036],[76.9719,43.5036],[76.9719,43.5036],[76.9719,43.5036],[76.9719,43.5036]]]],"type":"MultiPolygon"},"geometry_name":"shape","id":"gp_functional_zones.fid--7752831e_19fb67eabdc_5eaf","properties":{"area":71582.7782422791,"creation_doc_id":3613,"deactivation_doc_id":null,"func_zone_status_id":2,"ggk_zone_code":"11010000","ggk_zone_name":"Территория усадебной застройки","gp_func_zone_code":"11010000","gp_func_zone_code_id":19,"id":4724567,"zone_type_id":8},"type":"Feature"},{"bbox":[76.9698,43.5049,76.973,43.507],"geometry":{"coordinates":[[[[76.9728,43.5057],[76.9725,43.5049],[76.9698,43.5059],[76.9698,43.5059],[76.9711,43.507],[76.973,43.5064],[76.973,43.5064],[76.9728,43.5057]]]],"type":"MultiPolygon"},"geometry_name":"shape","id":"gp_functional_zones.fid--7752831e_19fb67eabdc_5eb0","properties":{"area":34809.2270897903,"creation_doc_id":3613,"deactivation_doc_id":null,"func_zone_status_id":2,"ggk_zone_code":"11010000","ggk_zone_name":"Территория усадебной застройки","gp_func_zone_code":"11010000","gp_func_zone_code_id":19,"id":4724568,"zone_type_id":8},"type":"Feature"},{"bbox":[76.9713,43.5019,76.9778,43.5095],"geometry":{"coordinates":[[[[76.9777,43.5093],[76.9778,43.509],[76.9778,43.509],[76.9777,43.509],[76.9777,43.509],[76.9776,43.509],[76.9775,43.509],[76.9775,43.5091],[76.9774,43.5091],[76.9774,43.5091],[76.9774,43.5091],[76.9773,43.5091],[76.9773,43.5091],[76.9772,43.5091],[76.9772,43.5091],[76.9771,43.5091],[76.9771,43.509],[76.977,43.509],[76.977,43.509],[76.977,43.509],[76.977,43.5089],[76.9769,43.5089],[76.9769,43.5089],[76.9768,43.5088],[76.9767,43.5088],[76.9767,43.5088],[76.9766,43.5088],[76.9765,43.5088],[76.9765,43.5088],[76.9764,43.5088],[76.9764,43.5087],[76.9764,43.5087],[76.9763,43.5087],[76.9763,43.5087],[76.9763,43.5086],[76.9763,43.5086],[76.9763,43.5085],[76.9762,43.5084],[76.9762,43.5084],[76.9762,43.5083],[76.9761,43.5082],[76.9761,43.5082],[76.976,43.5081],[76.9759,43.5081],[76.9758,43.508],[76.9758,43.508],[76.9757,43.508],[76.9757,43.508],[76.9756,43.508],[76.9756,43.508],[76.9755,43.5081],[76.9755,43.5081],[76.9754,43.5081],[76.9753,43.5081],[76.9752,43.5081],[76.9751,43.5081],[76.975,43.5081],[76.975,43.5081],[76.9749,43.5081],[76.9748,43.5081],[76.9747,43.508],[76.9747,43.508],[76.9746,43.5079],[76.9746,43.5079],[76.9745,43.5078],[76.9745,43.5077],[76.9745,43.5077],[76.9745,43.5076],[76.9745,43.5075],[76.9745,43.5075],[76.9745,43.5074],[76.9745,43.5073],[76.9745,43.5073],[76.9746,43.5072],[76.9747,43.5072],[76.9748,43.5071],[76.9749,43.5071],[76.9749,43.507],[76.9749,43.507],[76.975,43.5069],[76.9751,43.5069],[76.9751,43.5068],[76.9751,43.5067],[76.9752,43.5066],[76.9752,43.5066],[76.9752,43.5065],[76.9752,43.5065],[76.9752,43.5064],[76.9752,43.5063],[76.9751,43.5062],[76.9751,43.5062],[76.9751,43.5061],[76.9751,43.506],[76.9751,43.5059],[76.9752,43.5059],[76.9752,43.5058],[76.9753,43.5058],[76.9754,43.5058],[76.9755,43.5057],[76.9755,43.5057],[76.9756,43.5057],[76.9756,43.5057],[76.9757,43.5057],[76.9758,43.5057],[76.9758,43.5057],[76.9758,43.5056],[76.9759,43.5056],[76.9759,43.5056],[76.9759,43.5056],[76.9759,43.5055],[76.9759,43.5055],[76.9759,43.5055],[76.9759,43.5054],[76.9758,43.5054],[76.9758,43.5054],[76.9758,43.5054],[76.9758,43.5053],[76.9757,43.5053],[76.9757,43.5052],[76.9757,43.5052],[76.9757,43.5052],[76.9757,43.5052],[76.9758,43.5051],[76.9758,43.5051],[76.9758,43.5051],[76.9758,43.5051],[76.9759,43.5051],[76.9759,43.505],[76.976,43.505],[76.976,43.505],[76.976,43.505],[76.9761,43.5049],[76.9761,43.5049],[76.9761,43.5048],[76.9761,43.5048],[76.976,43.5048],[76.976,43.5047],[76.976,43.5047],[76.976,43.5046],[76.9759,43.5046],[76.9759,43.5046],[76.9758,43.5046],[76.9757,43.5046],[76.9757,43.5046],[76.9757,43.5045],[76.9757,43.5045],[76.9757,43.5045],[76.9757,43.5044],[76.9757,43.5044],[76.9757,43.5043],[76.9757,43.5043],[76.9757,43.5042],[76.9756,43.5042],[76.9756,43.5041],[76.9756,43.5041],[76.9755,43.5041],[76.9754,43.504],[76.9754,43.504],[76.9753,43.504],[76.9753,43.504],[76.9752,43.504],[76.9752,43.504],[76.9752,43.504],[76.9751,43.504],[76.9751,43.5039],[76.9751,43.5039],[76.975,43.5039],[76.975,43.5038],[76.975,43.5038],[76.975,43.5038],[76.975,43.5037],[76.975,43.5036],[76.975,43.5035],[76.9749,43.5034],[76.9749,43.5034],[76.9748,43.5033],[76.9748,43.5032],[76.9747,43.5031],[76.9746,43.503],[76.9745,43.503],[76.9744,43.5029],[76.9743,43.5028],[76.9742,43.5027],[76.974,43.5026],[76.9739,43.5025],[76.9738,43.5024],[76.9737,43.5023],[76.9736,43.5021],[76.9735,43.5021],[76.9735,43.502],[76.9734,43.5019],[76.9734,43.5019],[76.9734,43.5019],[76.9734,43.5019],[76.9724,43.502],[76.9724,43.502],[76.9722,43.5036],[76.9727,43.5047],[76.9731,43.5057],[76.9731,43.5057],[76.9733,43.5064],[76.9733,43.5064],[76.9733,43.5064],[76.9733,43.5064],[76.9733,43.5065],[76.9733,43.5065],[76.9733,43.5065],[76.9733,43.5065],[76.9732,43.5065],[76.9732,43.5065],[76.9713,43.5072],[76.9713,43.5072],[76.9722,43.508],[76.9732,43.5083],[76.9732,43.5083],[76.9732,43.5083],[76.9741,43.5087],[76.9743,43.5084],[76.9743,43.5084],[76.9743,43.5083],[76.9745,43.5082],[76.9745,43.5082],[76.9745,43.5082],[76.9745,43.5082],[76.9745,43.5082],[76.9746,43.5082],[76.9746,43.5082],[76.9748,43.5082],[76.9748,43.5082],[76.9748,43.5082],[76.9748,43.5082],[76.9748,43.5082],[76.9755,43.5086],[76.9772,43.5093],[76.9776,43.5095],[76.9777,43.5093]]]],"type":"MultiPolygon"},"geometry_name":"shape","id":"gp_functional_zones.fid--7752831e_19fb67eabdc_5eb1","properties":{"area":155665.77713383,"creation_doc_id":3613,"deactivation_doc_id":null,"func_zone_status_id":2,"ggk_zone_code":"11010000","ggk_zone_name":"Территория усадебной застройки","gp_func_zone_code":"11010000","gp_func_zone_code_id":19,"id":4724569,"zone_type_id":8},"type":"Feature"},{"bbox":[76.9679,43.505,76.9776,43.5108],"geometry":{"coordinates":[[[[76.9771,43.5108],[76.9772,43.5104],[76.9774,43.5101],[76.9775,43.5097],[76.9776,43.5097],[76.9776,43.5097],[76.9771,43.5095],[76.9754,43.5088],[76.9754,43.5088],[76.9747,43.5084],[76.9746,43.5084],[76.9745,43.5084],[76.9743,43.5089],[76.9743,43.5089],[76.9743,43.5089],[76.9743,43.5089],[76.9742,43.5089],[76.9742,43.5089],[76.9742,43.5089],[76.9742,43.5089],[76.9742,43.5089],[76.9741,43.5089],[76.9741,43.5089],[76.9741,43.5089],[76.9731,43.5084],[76.9721,43.5081],[76.972,43.5081],[76.972,43.5081],[76.972,43.5081],[76.9684,43.505],[76.9679,43.5054],[76.9679,43.5054],[76.9679,43.5055],[76.969,43.5064],[76.9705,43.5076],[76.9711,43.5081],[76.9718,43.5086],[76.9716,43.5094],[76.9735,43.5101],[76.9737,43.5096],[76.9751,43.51],[76.9761,43.5103],[76.977,43.5108],[76.9771,43.5108]]]],"type":"MultiPolygon"},"geometry_name":"shape","id":"gp_functional_zones.fid--7752831e_19fb67eabdc_5eb2","properties":{"area":94959.3390599368,"creation_doc_id":3613,"deactivation_doc_id":null,"func_zone_status_id":2,"ggk_zone_code":"11010000","ggk_zone_name":"Территория усадебной застройки","gp_func_zone_code":"11010000","gp_func_zone_code_id":19,"id":4724570,"zone_type_id":8},"type":"Feature"},{"bbox":[76.9772,43.5091,76.9818,43.5173],"geometry":{"coordinates":[[[[76.9805,43.5145],[76.9805,43.5143],[76.9804,43.5142],[76.9804,43.514],[76.9804,43.5138],[76.9804,43.5136],[76.9804,43.5135],[76.9804,43.5133],[76.9804,43.5131],[76.9804,43.513],[76.9804,43.5129],[76.9803,43.5129],[76.9803,43.5125],[76.9802,43.5125],[76.9802,43.5124],[76.9801,43.5124],[76.98,43.512],[76.98,43.5119],[76.9801,43.5119],[76.9801,43.5118],[76.9802,43.5118],[76.9803,43.5117],[76.9803,43.5116],[76.9803,43.5115],[76.9803,43.5114],[76.9803,43.5113],[76.9803,43.5112],[76.9803,43.5111],[76.9803,43.511],[76.9802,43.5109],[76.9802,43.5108],[76.9801,43.5108],[76.98,43.5107],[76.9799,43.5106],[76.9798,43.5106],[76.9797,43.5105],[76.9796,43.5105],[76.9795,43.5105],[76.9794,43.5104],[76.9793,43.5104],[76.9792,43.5105],[76.9791,43.5105],[76.979,43.5105],[76.9789,43.5105],[76.9786,43.5102],[76.9786,43.5101],[76.9786,43.51],[76.9789,43.5096],[76.9789,43.5095],[76.9788,43.5095],[76.9787,43.5094],[76.9786,43.5094],[76.9785,43.5094],[76.9784,43.5094],[76.9783,43.5094],[76.9782,43.5093],[76.9781,43.5093],[76.9781,43.5092],[76.978,43.5092],[76.978,43.5091],[76.9779,43.5091],[76.9778,43.5094],[76.9777,43.5095],[76.9778,43.5096],[76.9782,43.5098],[76.9788,43.5105],[76.9794,43.5111],[76.9796,43.5115],[76.9799,43.5119],[76.9799,43.512],[76.98,43.5124],[76.98,43.5125],[76.9797,43.5127],[76.9799,43.513],[76.9799,43.5132],[76.9802,43.5143],[76.9803,43.5145],[76.9805,43.5147],[76.9805,43.5148],[76.9806,43.51489999999999],[76.9806,43.5147],[76.9805,43.5145]]],[[[76.9813,43.5166],[76.9812,43.5166],[76.9812,43.5164],[76.9811,43.5162],[76.981,43.516],[76.9809,43.5158],[76.9809,43.5156],[76.9808,43.5154],[76.9808,43.5153],[76.9808,43.5152],[76.9807,43.515],[76.9807,43.5151],[76.9807,43.5153],[76.9808,43.5157],[76.9808,43.5158],[76.9807,43.516],[76.9806,43.5162],[76.9806,43.5165],[76.9807,43.5167],[76.9809,43.5166],[76.981,43.5166],[76.9811,43.5166],[76.9813,43.5167],[76.9811,43.5169],[76.981,43.5168],[76.9808,43.5169],[76.9807,43.5169],[76.9806,43.5169],[76.9805,43.5168],[76.9804,43.5166],[76.9804,43.5165],[76.9804,43.5162],[76.9805,43.5159],[76.9806,43.5157],[76.9805,43.5153],[76.9804,43.5151],[76.9803,43.5148],[76.9801,43.5146],[76.98,43.5144],[76.9799,43.5144],[76.9797,43.5132],[76.9797,43.513],[76.9794,43.5127],[76.9794,43.5126],[76.9798,43.5124],[76.9796,43.512],[76.9794,43.5116],[76.9792,43.5112],[76.9786,43.5106],[76.978,43.5099],[76.9777,43.5097],[76.9775,43.5101],[76.9773,43.5105],[76.9772,43.5107],[76.9775,43.5105],[76.9778,43.5106],[76.9778,43.5118],[76.9797,43.5149],[76.9792,43.5155],[76.9798,43.5172],[76.9809,43.5169],[76.9817,43.5173],[76.9818,43.5172],[76.9817,43.5171],[76.9815,43.5169],[76.9814,43.5168],[76.9813,43.5166]]],[[[76.9806,43.51489999999999],[76.9806,43.5149],[76.9807,43.515],[76.9806,43.51489999999999]]]],"type":"MultiPolygon"},"geometry_name":"shape","id":"gp_functional_zones.fid--7752831e_19fb67eabdc_5eba","properties":{"area":97534.6492292407,"creation_doc_id":3613,"deactivation_doc_id":null,"func_zone_status_id":2,"ggk_zone_code":"11010000","ggk_zone_name":"Территория усадебной застройки","gp_func_zone_code":"11010000","gp_func_zone_code_id":19,"id":4724578,"zone_type_id":8},"type":"Feature"},{"bbox":[76.9415,43.4123,76.9435,43.414],"geometry":{"coordinates":[[[[76.9435,43.4137],[76.943,43.4123],[76.9415,43.4125],[76.9415,43.4125],[76.9422,43.414],[76.9435,43.4137]]]],"type":"MultiPolygon"},"geometry_name":"shape","id":"gp_functional_zones.fid--7752831e_19fb67eabdc_5ebb","properties":{"area":19614.5197098475,"creation_doc_id":3613,"deactivation_doc_id":null,"func_zone_status_id":2,"ggk_zone_code":"11010000","ggk_zone_name":"Территория усадебной застройки","gp_func_zone_code":"11010000","gp_func_zone_code_id":19,"id":4724579,"zone_type_id":8},"type":"Feature"},{"bbox":[77.0382,43.5374,77.0396,43.5392],"geometry":{"coordinates":[[[[77.0383,43.5374],[77.0382,43.5374],[77.0383,43.5392],[77.0383,43.5391],[77.0396,43.5388],[77.0396,43.5388],[77.0396,43.5388],[77.0383,43.5375],[77.0383,43.5375],[77.0383,43.5374]]]],"type":"MultiPolygon"},"geometry_name":"shape","id":"gp_functional_zones.fid--7752831e_19fb67eabdc_5edf","properties":{"area":10695.7624373619,"creation_doc_id":3613,"deactivation_doc_id":null,"func_zone_status_id":2,"ggk_zone_code":"11010000","ggk_zone_name":"Территория усадебной застройки","gp_func_zone_code":"11010000","gp_func_zone_code_id":19,"id":4724615,"zone_type_id":8},"type":"Feature"},{"bbox":[77.0374,43.5373,77.0381,43.5394],"geometry":{"coordinates":[[[[77.0377,43.5374],[77.0374,43.5373],[77.0375,43.5394],[77.0375,43.5394],[77.0381,43.5392],[77.0381,43.5392],[77.0381,43.5392],[77.038,43.5374],[77.0377,43.5374],[77.0377,43.5374],[77.0377,43.5374],[77.0377,43.5374]]]],"type":"MultiPolygon"},"geometry_name":"shape","id":"gp_functional_zones.fid--7752831e_19fb67eabdc_5ee0","properties":{"area":10382.7718483259,"creation_doc_id":3613,"deactivation_doc_id":null,"func_zone_status_id":2,"ggk_zone_code":"11010000","ggk_zone_name":"Территория усадебной застройки","gp_func_zone_code":"11010000","gp_func_zone_code_id":19,"id":4724616,"zone_type_id":8},"type":"Feature"},{"bbox":[77.0307,43.5215,77.0373,43.5278],"geometry":{"coordinates":[[[[77.0364,43.5256],[77.0364,43.5256],[77.0364,43.5256],[77.0364,43.5255],[77.0364,43.5255],[77.0364,43.5254],[77.0364,43.5254],[77.0363,43.5254],[77.0363,43.5253],[77.0363,43.5253],[77.0363,43.5252],[77.0363,43.5252],[77.0363,43.5252],[77.0363,43.5251],[77.0363,43.5251],[77.0363,43.5251],[77.0363,43.525],[77.0363,43.525],[77.0363,43.5249],[77.0363,43.5249],[77.0363,43.5249],[77.0363,43.5248],[77.0363,43.5248],[77.0363,43.5247],[77.0363,43.5247],[77.0363,43.5247],[77.0363,43.5247],[77.0363,43.5246],[77.0363,43.5246],[77.0363,43.5246],[77.0363,43.5246],[77.0362,43.5245],[77.0361,43.5245],[77.0361,43.5245],[77.036,43.5245],[77.0359,43.5244],[77.0358,43.5244],[77.0358,43.5243],[77.0357,43.5243],[77.0357,43.5243],[77.0357,43.5242],[77.0356,43.5242],[77.0356,43.5242],[77.0355,43.5241],[77.0355,43.5241],[77.0355,43.524],[77.0355,43.524],[77.0354,43.5239],[77.0354,43.5238],[77.0354,43.5238],[77.0354,43.5237],[77.0354,43.5237],[77.0353,43.5237],[77.0353,43.5236],[77.0353,43.5235],[77.0353,43.5235],[77.0353,43.5235],[77.0354,43.5234],[77.0354,43.5233],[77.0354,43.5233],[77.0354,43.5233],[77.0354,43.5232],[77.0355,43.5232],[77.0355,43.5231],[77.0355,43.5231],[77.0353,43.5229],[77.0353,43.5228],[77.0352,43.5228],[77.0352,43.5227],[77.0352,43.5227],[77.0351,43.5226],[77.0351,43.5225],[77.0351,43.5224],[77.0351,43.5224],[77.0351,43.5224],[77.0351,43.5223],[77.0351,43.5222],[77.0351,43.5222],[77.0351,43.5221],[77.0352,43.5221],[77.0352,43.522],[77.0352,43.522],[77.0352,43.5219],[77.0352,43.5219],[77.0351,43.5219],[77.035,43.5219],[77.0349,43.5219],[77.0349,43.5219],[77.0348,43.5219],[77.0347,43.5218],[77.0347,43.5218],[77.0346,43.5218],[77.0345,43.5218],[77.0345,43.5217],[77.0344,43.5217],[77.0343,43.5216],[77.0343,43.5216],[77.0342,43.5216],[77.0342,43.5215],[77.0341,43.5215],[77.0315,43.5219],[77.0322,43.5247],[77.0322,43.5248],[77.0321,43.5248],[77.0307,43.5258],[77.0307,43.5258],[77.0307,43.5258],[77.0307,43.5258],[77.0307,43.5258],[77.0308,43.5258],[77.0308,43.5258],[77.0309,43.5258],[77.0309,43.5257],[77.031,43.5257],[77.0311,43.5257],[77.0311,43.5257],[77.0312,43.5257],[77.0312,43.5257],[77.0312,43.5257],[77.0313,43.5257],[77.0313,43.5257],[77.0314,43.5257],[77.0315,43.5257],[77.0317,43.5258],[77.0318,43.5258],[77.0319,43.5258],[77.032,43.5258],[77.0323,43.5259],[77.0325,43.5259],[77.0327,43.526],[77.0329,43.526],[77.033,43.5261],[77.0332,43.5262],[77.0334,43.5262],[77.0335,43.5263],[77.0336,43.5263],[77.0337,43.5264],[77.0338,43.5264],[77.0338,43.5264],[77.0339,43.5265],[77.0339,43.5265],[77.034,43.5266],[77.034,43.5266],[77.0341,43.5267],[77.0342,43.5267],[77.0342,43.5267],[77.0342,43.5268],[77.0343,43.5268],[77.0343,43.5268],[77.0344,43.5269],[77.0344,43.5269],[77.0345,43.5269],[77.0345,43.5269],[77.0346,43.5269],[77.0346,43.5269],[77.0354,43.5273],[77.0354,43.5273],[77.0354,43.5273],[77.0355,43.5273],[77.0355,43.5274],[77.0356,43.5274],[77.0356,43.5274],[77.0356,43.5274],[77.0357,43.5274],[77.0357,43.5274],[77.0358,43.5275],[77.0358,43.5275],[77.0359,43.5275],[77.0359,43.5275],[77.0359,43.5275],[77.036,43.5275],[77.036,43.5275],[77.0361,43.5276],[77.0361,43.5276],[77.0362,43.5276],[77.0362,43.5276],[77.0362,43.5276],[77.0363,43.5276],[77.0364,43.5276],[77.0364,43.5276],[77.0365,43.5277],[77.0365,43.5277],[77.0365,43.5277],[77.0366,43.5277],[77.0366,43.5277],[77.0367,43.5277],[77.0367,43.5277],[77.0367,43.5277],[77.0368,43.5277],[77.0368,43.5277],[77.0369,43.5277],[77.0369,43.5278],[77.037,43.5278],[77.037,43.5278],[77.0371,43.5278],[77.0372,43.5278],[77.0372,43.5278],[77.0373,43.5278],[77.0373,43.5277],[77.0373,43.5277],[77.0373,43.5277],[77.0373,43.5276],[77.0372,43.5276],[77.0372,43.5276],[77.0372,43.5275],[77.0372,43.5275],[77.0371,43.5275],[77.0371,43.5274],[77.0371,43.5274],[77.0371,43.5273],[77.037,43.5273],[77.037,43.5273],[77.037,43.5272],[77.037,43.5272],[77.037,43.5271],[77.0369,43.5271],[77.0369,43.5271],[77.0369,43.527],[77.0369,43.527],[77.0368,43.527],[77.0368,43.5269],[77.0368,43.5269],[77.0368,43.5268],[77.0368,43.5268],[77.0368,43.5268],[77.0367,43.5267],[77.0367,43.5267],[77.0367,43.5266],[77.0367,43.5266],[77.0367,43.5266],[77.0367,43.5265],[77.0366,43.5265],[77.0366,43.5265],[77.0366,43.5264],[77.0366,43.5264],[77.0366,43.5264],[77.0366,43.5263],[77.0366,43.5263],[77.0365,43.5262],[77.0365,43.5262],[77.0365,43.5262],[77.0365,43.5261],[77.0365,43.5261],[77.0365,43.5261],[77.0365,43.526],[77.0365,43.526],[77.0365,43.526],[77.0365,43.5259],[77.0364,43.5259],[77.0364,43.5258],[77.0364,43.5258],[77.0364,43.5258],[77.0364,43.5257],[77.0364,43.5257],[77.0364,43.5257],[77.0364,43.5256]]]],"type":"MultiPolygon"},"geometry_name":"shape","id":"gp_functional_zones.fid--7752831e_19fb67eabdc_5ee1","properties":{"area":186102.934959283,"creation_doc_id":3613,"deactivation_doc_id":null,"func_zone_status_id":3,"ggk_zone_code":"11010000","ggk_zone_name":"Территория усадебной застройки","gp_func_zone_code":"11010000","gp_func_zone_code_id":19,"id":4724617,"zone_type_id":8},"type":"Feature"},{"bbox":[77.0261,43.5232,77.031,43.5281],"geometry":{"coordinates":[[[[77.031,43.5252],[77.0308,43.5246],[77.0299,43.5248],[77.0297,43.5242],[77.0294,43.5232],[77.0284,43.5239],[77.0261,43.5253],[77.0268,43.5281],[77.031,43.5252]]]],"type":"MultiPolygon"},"geometry_name":"shape","id":"gp_functional_zones.fid--7752831e_19fb67eabdc_5ee2","properties":{"area":100191.910094467,"creation_doc_id":3613,"deactivation_doc_id":null,"func_zone_status_id":3,"ggk_zone_code":"11010000","ggk_zone_name":"Территория усадебной застройки","gp_func_zone_code":"11010000","gp_func_zone_code_id":19,"id":4724618,"zone_type_id":8},"type":"Feature"},{"bbox":[77.03,43.5274,77.04,43.5372],"geometry":{"coordinates":[[[[77.0396,43.5362],[77.0397,43.5362],[77.0398,43.5362],[77.0399,43.5362],[77.0399,43.5362],[77.04,43.5362],[77.04,43.5361],[77.04,43.536],[77.04,43.536],[77.0399,43.5356],[77.0398,43.5352],[77.0397,43.535],[77.0397,43.5348],[77.0395,43.5344],[77.0395,43.5344],[77.0395,43.5343],[77.0395,43.5342],[77.0395,43.5342],[77.0395,43.5341],[77.0395,43.5341],[77.0394,43.534],[77.0394,43.534],[77.0394,43.5339],[77.0393,43.5339],[77.0393,43.5339],[77.0393,43.5338],[77.0392,43.5338],[77.0391,43.5338],[77.0391,43.5337],[77.0391,43.5337],[77.039,43.5337],[77.039,43.5336],[77.0389,43.5336],[77.0389,43.5335],[77.0389,43.5335],[77.0388,43.5334],[77.0388,43.5334],[77.0387,43.5333],[77.0387,43.5333],[77.0387,43.5332],[77.0387,43.5332],[77.0387,43.5331],[77.0387,43.5331],[77.0387,43.5331],[77.0387,43.5331],[77.0387,43.5331],[77.0386,43.533],[77.0386,43.533],[77.0386,43.5329],[77.0386,43.5328],[77.0386,43.5328],[77.0386,43.5327],[77.0386,43.5327],[77.0386,43.5326],[77.0387,43.5326],[77.0387,43.5325],[77.0387,43.5324],[77.0387,43.5324],[77.0388,43.5324],[77.0388,43.5322],[77.0388,43.5322],[77.0389,43.5321],[77.0389,43.5321],[77.0389,43.532],[77.0389,43.532],[77.039,43.5319],[77.039,43.5318],[77.039,43.5318],[77.039,43.5318],[77.039,43.5317],[77.039,43.5317],[77.039,43.5316],[77.039,43.5316],[77.039,43.5315],[77.039,43.5315],[77.039,43.5314],[77.039,43.5314],[77.039,43.5314],[77.039,43.5313],[77.039,43.5312],[77.039,43.5312],[77.0391,43.5312],[77.0391,43.5311],[77.0392,43.531],[77.0393,43.5309],[77.0394,43.5308],[77.0394,43.5308],[77.0394,43.5308],[77.0395,43.5307],[77.0396,43.5307],[77.0396,43.5306],[77.0396,43.5306],[77.0397,43.5306],[77.0398,43.5306],[77.0399,43.5305],[77.0399,43.5305],[77.0399,43.5303],[77.0399,43.5301],[77.0399,43.5299],[77.0399,43.5297],[77.0399,43.5296],[77.0377,43.5293],[77.0374,43.5292],[77.0373,43.5292],[77.0373,43.5292],[77.0372,43.5292],[77.0371,43.5292],[77.0371,43.5292],[77.0368,43.5292],[77.0364,43.5291],[77.036,43.529],[77.0356,43.529],[77.0352,43.5289],[77.0349,43.5288],[77.0345,43.5287],[77.0341,43.5286],[77.0338,43.5285],[77.0337,43.5285],[77.0334,43.5284],[77.0333,43.5284],[77.0333,43.5284],[77.0332,43.5284],[77.0332,43.5283],[77.0331,43.5283],[77.0331,43.5283],[77.033,43.5283],[77.0329,43.5282],[77.0328,43.5281],[77.0328,43.5281],[77.0327,43.528],[77.0327,43.528],[77.0326,43.5279],[77.0325,43.5278],[77.0324,43.5278],[77.0324,43.5277],[77.0323,43.5277],[77.0322,43.5276],[77.0322,43.5276],[77.0321,43.5276],[77.032,43.5275],[77.0319,43.5275],[77.0318,43.5275],[77.0318,43.5275],[77.0318,43.5274],[77.0317,43.5274],[77.0316,43.5274],[77.0316,43.5274],[77.0315,43.5274],[77.0315,43.5274],[77.0314,43.5274],[77.0314,43.5274],[77.0313,43.5274],[77.0313,43.5274],[77.0312,43.5275],[77.0312,43.5275],[77.0312,43.5275],[77.031,43.5276],[77.0309,43.5278],[77.0308,43.5279],[77.0307,43.528],[77.0306,43.5281],[77.0305,43.5282],[77.0303,43.5283],[77.0302,43.5284],[77.0301,43.5285],[77.03,43.5286],[77.03,43.5286],[77.03,43.5286],[77.03,43.5286],[77.0301,43.5286],[77.0301,43.5286],[77.0301,43.5286],[77.0301,43.5286],[77.0301,43.5286],[77.0301,43.5286],[77.0301,43.5287],[77.0302,43.5287],[77.0302,43.5287],[77.0302,43.5287],[77.0302,43.5287],[77.0302,43.5287],[77.0302,43.5287],[77.0302,43.5287],[77.0303,43.5287],[77.0303,43.5287],[77.0303,43.5287],[77.0303,43.5288],[77.0303,43.5288],[77.0303,43.5288],[77.0303,43.5288],[77.0304,43.5288],[77.0304,43.5288],[77.0304,43.5288],[77.0304,43.5288],[77.0304,43.5288],[77.0304,43.5288],[77.0304,43.5289],[77.0304,43.5289],[77.0305,43.5289],[77.0305,43.5289],[77.0305,43.5289],[77.0305,43.5289],[77.0305,43.5289],[77.0305,43.5289],[77.0305,43.5289],[77.0305,43.529],[77.0305,43.529],[77.0306,43.529],[77.0306,43.529],[77.0306,43.529],[77.0306,43.529],[77.0306,43.529],[77.0306,43.529],[77.0306,43.529],[77.0319,43.5303],[77.0319,43.5303],[77.0319,43.5303],[77.0319,43.5303],[77.0346,43.5331],[77.0386,43.5372],[77.0386,43.5372],[77.0386,43.5371],[77.0386,43.5371],[77.0386,43.5371],[77.0386,43.537],[77.0386,43.5369],[77.0386,43.5369],[77.0387,43.5368],[77.0387,43.5368],[77.0387,43.5368],[77.0387,43.5367],[77.0387,43.5367],[77.0387,43.5367],[77.0387,43.5367],[77.0387,43.5367],[77.0388,43.5366],[77.0388,43.5366],[77.0388,43.5366],[77.0388,43.5366],[77.0389,43.5365],[77.0389,43.5365],[77.0389,43.5365],[77.0389,43.5365],[77.039,43.5365],[77.039,43.5364],[77.039,43.5364],[77.039,43.5364],[77.0391,43.5364],[77.0391,43.5364],[77.0391,43.5364],[77.0392,43.5363],[77.0393,43.5363],[77.0394,43.5363],[77.0394,43.5363],[77.0395,43.5362],[77.0396,43.5362],[77.0396,43.5362]]]],"type":"MultiPolygon"},"geometry_name":"shape","id":"gp_functional_zones.fid--7752831e_19fb67eabdc_5eee","properties":{"area":374232.625041375,"creation_doc_id":3613,"deactivation_doc_id":null,"func_zone_status_id":3,"ggk_zone_code":"11010000","ggk_zone_name":"Территория усадебной застройки","gp_func_zone_code":"11010000","gp_func_zone_code_id":19,"id":4724631,"zone_type_id":8},"type":"Feature"},{"bbox":[77.0343,43.5363,77.0373,43.5383],"geometry":{"coordinates":[[[[77.0373,43.5383],[77.0372,43.5373],[77.0358,43.5373],[77.0358,43.5373],[77.0356,43.5373],[77.0355,43.5373],[77.035,43.5372],[77.035,43.5372],[77.035,43.5372],[77.035,43.5371],[77.0347,43.537],[77.0347,43.5369],[77.0347,43.5369],[77.0347,43.5369],[77.0344,43.5363],[77.0344,43.5364],[77.0344,43.5364],[77.0344,43.5364],[77.0344,43.5365],[77.0344,43.5367],[77.0344,43.5368],[77.0344,43.5369],[77.0343,43.5369],[77.0343,43.537],[77.0343,43.537],[77.0343,43.5371],[77.0343,43.5371],[77.0343,43.5372],[77.0343,43.5372],[77.0343,43.5373],[77.0344,43.5373],[77.0346,43.5375],[77.0347,43.5376],[77.0348,43.5376],[77.0349,43.5376],[77.035,43.5376],[77.0351,43.5376],[77.0352,43.5376],[77.0353,43.5376],[77.0354,43.5376],[77.0354,43.5376],[77.0356,43.5376],[77.0357,43.5376],[77.0358,43.5375],[77.036,43.5376],[77.0361,43.5376],[77.0362,43.5376],[77.0364,43.5376],[77.0365,43.5376],[77.0366,43.5377],[77.0366,43.5377],[77.0366,43.5377],[77.0367,43.5377],[77.0367,43.5377],[77.0368,43.5378],[77.0369,43.5378],[77.037,43.5379],[77.037,43.538],[77.0371,43.5381],[77.0372,43.5381],[77.0372,43.5382],[77.0372,43.5382],[77.0373,43.5383]]]],"type":"MultiPolygon"},"geometry_name":"shape","id":"gp_functional_zones.fid--7752831e_19fb67eabdc_5eef","properties":{"area":11807.7542769733,"creation_doc_id":3613,"deactivation_doc_id":null,"func_zone_status_id":2,"ggk_zone_code":"11010000","ggk_zone_name":"Территория усадебной застройки","gp_func_zone_code":"11010000","gp_func_zone_code_id":19,"id":4724632,"zone_type_id":8},"type":"Feature"},{"bbox":[77.0155,43.6037,77.0192,43.6064],"geometry":{"coordinates":[[[[77.0192,43.6063],[77.0188,43.6037],[77.0155,43.6041],[77.0155,43.6041],[77.0155,43.6041],[77.0162,43.6064],[77.0192,43.6063],[77.0192,43.6063],[77.0192,43.6063]]]],"type":"MultiPolygon"},"geometry_name":"shape","id":"gp_functional_zones.fid--7752831e_19fb67eabdc_5f24","properties":{"area":70736.025472878,"creation_doc_id":3613,"deactivation_doc_id":null,"func_zone_status_id":2,"ggk_zone_code":"11010000","ggk_zone_name":"Территория усадебной застройки","gp_func_zone_code":"11010000","gp_func_zone_code_id":19,"id":4724685,"zone_type_id":8},"type":"Feature"},{"bbox":[77.0194,43.6062,77.0226,43.6091],"geometry":{"coordinates":[[[[77.0218,43.6063],[77.0218,43.6062],[77.0195,43.6065],[77.0194,43.6065],[77.0194,43.6065],[77.0194,43.6065],[77.0198,43.6091],[77.0199,43.6091],[77.02,43.609],[77.0201,43.609],[77.0202,43.6089],[77.0203,43.6089],[77.0209,43.6085],[77.0225,43.6073],[77.0226,43.6071],[77.0226,43.6071],[77.0226,43.6071],[77.0226,43.6071],[77.0224,43.607],[77.0223,43.6069],[77.0223,43.6069],[77.0222,43.6068],[77.0222,43.6068],[77.0221,43.6068],[77.0221,43.6068],[77.0221,43.6067],[77.0221,43.6067],[77.022,43.6066],[77.022,43.6066],[77.0219,43.6065],[77.0219,43.6065],[77.0219,43.6065],[77.0219,43.6065],[77.0218,43.6064],[77.0218,43.6064],[77.0218,43.6063],[77.0218,43.6063]]]],"type":"MultiPolygon"},"geometry_name":"shape","id":"gp_functional_zones.fid--7752831e_19fb67eabdc_5f25","properties":{"area":47754.808244281,"creation_doc_id":3613,"deactivation_doc_id":null,"func_zone_status_id":2,"ggk_zone_code":"11010000","ggk_zone_name":"Территория усадебной застройки","gp_func_zone_code":"11010000","gp_func_zone_code_id":19,"id":4724686,"zone_type_id":8},"type":"Feature"},{"bbox":[77.0162,43.6065,77.0196,43.6094],"geometry":{"coordinates":[[[[77.0196,43.6092],[77.0192,43.6065],[77.0162,43.6066],[77.0162,43.6066],[77.0162,43.6066],[77.0169,43.6087],[77.0169,43.6087],[77.0187,43.6086],[77.0188,43.6093],[77.0189,43.6094],[77.019,43.6093],[77.0192,43.6093],[77.0193,43.6093],[77.0194,43.6093],[77.0196,43.6092],[77.0196,43.6092],[77.0196,43.6092],[77.0196,43.6092]]]],"type":"MultiPolygon"},"geometry_name":"shape","id":"gp_functional_zones.fid--7752831e_19fb67eabdc_5f26","properties":{"area":57779.3376213613,"creation_doc_id":3613,"deactivation_doc_id":null,"func_zone_status_id":2,"ggk_zone_code":"11010000","ggk_zone_name":"Территория усадебной застройки","gp_func_zone_code":"11010000","gp_func_zone_code_id":19,"id":4724687,"zone_type_id":8},"type":"Feature"},{"bbox":[77.0316,43.7084,77.036,43.7136],"geometry":{"coordinates":[[[[77.0341,43.7103],[77.0343,43.7102],[77.0344,43.7104],[77.0346,43.7101],[77.0347,43.71],[77.0346,43.7096],[77.0347,43.7095],[77.035,43.7094],[77.0346,43.7087],[77.0349,43.7086],[77.0349,43.7086],[77.0349,43.7086],[77.0346,43.7085],[77.0344,43.7084],[77.0335,43.7092],[77.0331,43.7094],[77.0331,43.7095],[77.0331,43.7095],[77.033,43.7095],[77.0326,43.7096],[77.0326,43.7096],[77.0326,43.7096],[77.0331,43.7109],[77.0331,43.7109],[77.0331,43.711],[77.0331,43.711],[77.0331,43.711],[77.0331,43.711],[77.0331,43.711],[77.0331,43.711],[77.0331,43.711],[77.0331,43.711],[77.033,43.711],[77.033,43.711],[77.033,43.711],[77.0316,43.7113],[77.0316,43.7113],[77.0316,43.7113],[77.0317,43.7119],[77.0319,43.7123],[77.0319,43.7123],[77.0321,43.7126],[77.0321,43.7127],[77.0321,43.7127],[77.0321,43.7127],[77.0321,43.7127],[77.032,43.7132],[77.032,43.7132],[77.0319,43.7135],[77.0319,43.7136],[77.0319,43.7136],[77.0324,43.7136],[77.033,43.7134],[77.036,43.7117],[77.036,43.7117],[77.036,43.7117],[77.0358,43.7116],[77.0346,43.711],[77.0346,43.711],[77.0346,43.711],[77.0341,43.7103],[77.0341,43.7103],[77.0341,43.7103]]]],"type":"MultiPolygon"},"geometry_name":"shape","id":"gp_functional_zones.fid--7752831e_19fb67eabdc_5f2b","properties":{"area":93211.1489631747,"creation_doc_id":3613,"deactivation_doc_id":null,"func_zone_status_id":2,"ggk_zone_code":"11010000","ggk_zone_name":"Территория усадебной застройки","gp_func_zone_code":"11010000","gp_func_zone_code_id":19,"id":4724692,"zone_type_id":8},"type":"Feature"},{"bbox":[77.0347,43.7098,77.0371,43.7114],"geometry":{"coordinates":[[[[77.0371,43.7107],[77.0363,43.7098],[77.0347,43.7107],[77.0348,43.7108],[77.0359,43.7114],[77.0371,43.7107],[77.0371,43.7107],[77.0371,43.7107]]]],"type":"MultiPolygon"},"geometry_name":"shape","id":"gp_functional_zones.fid--7752831e_19fb67eabdc_5f2c","properties":{"area":17338.6631602547,"creation_doc_id":3613,"deactivation_doc_id":null,"func_zone_status_id":2,"ggk_zone_code":"11010000","ggk_zone_name":"Территория усадебной застройки","gp_func_zone_code":"11010000","gp_func_zone_code_id":19,"id":4724693,"zone_type_id":8},"type":"Feature"},{"bbox":[77.1119,43.6847,77.1192,43.686],"geometry":{"coordinates":[[[[77.1191,43.685],[77.1191,43.6847],[77.1186,43.6847],[77.1172,43.6848],[77.1171,43.6848],[77.1158,43.6848],[77.1144,43.6849],[77.1126,43.685],[77.1119,43.685],[77.1121,43.686],[77.1153,43.6858],[77.1154,43.6858],[77.1154,43.6858],[77.1157,43.6858],[77.1158,43.6858],[77.1192,43.6856],[77.1191,43.6855],[77.1191,43.6854],[77.1191,43.6854],[77.1191,43.6853],[77.1191,43.685]]]],"type":"MultiPolygon"},"geometry_name":"shape","id":"gp_functional_zones.fid--7752831e_19fb67eabdc_5fbd","properties":{"area":60967.1864620257,"creation_doc_id":3613,"deactivation_doc_id":null,"func_zone_status_id":2,"ggk_zone_code":"11010000","ggk_zone_name":"Территория усадебной застройки","gp_func_zone_code":"11010000","gp_func_zone_code_id":19,"id":4724848,"zone_type_id":8},"type":"Feature"},{"bbox":[76.9659,43.4695,76.9681,43.4713],"geometry":{"coordinates":[[[[76.9681,43.4706],[76.967,43.4695],[76.9669,43.4696],[76.9669,43.4696],[76.9666,43.4697],[76.9666,43.4698],[76.9659,43.4701],[76.9663,43.4707],[76.9664,43.4706],[76.9667,43.4709],[76.9664,43.4711],[76.9666,43.4713],[76.968,43.4706],[76.9681,43.4706]]]],"type":"MultiPolygon"},"geometry_name":"shape","id":"gp_functional_zones.fid--7752831e_19fb67eabdc_608c","properties":{"area":16812.6885944357,"creation_doc_id":3613,"deactivation_doc_id":null,"func_zone_status_id":2,"ggk_zone_code":"11010000","ggk_zone_name":"Территория усадебной застройки","gp_func_zone_code":"11010000","gp_func_zone_code_id":19,"id":4725069,"zone_type_id":8},"type":"Feature"},{"bbox":[76.9671,43.4687,76.9692,43.4708],"geometry":{"coordinates":[[[[76.9686,43.4687],[76.9685,43.4687],[76.9681,43.4688],[76.9682,43.469],[76.9672,43.4695],[76.9671,43.4695],[76.9683,43.4706],[76.9684,43.4708],[76.9684,43.4708],[76.9684,43.4708],[76.9685,43.4708],[76.9685,43.4708],[76.9692,43.4708],[76.9686,43.4687]]]],"type":"MultiPolygon"},"geometry_name":"shape","id":"gp_functional_zones.fid--7752831e_19fb67eabdc_608d","properties":{"area":20529.3508671568,"creation_doc_id":3613,"deactivation_doc_id":null,"func_zone_status_id":2,"ggk_zone_code":"11010000","ggk_zone_name":"Территория усадебной застройки","gp_func_zone_code":"11010000","gp_func_zone_code_id":19,"id":4725070,"zone_type_id":8},"type":"Feature"},{"bbox":[76.9597,43.4684,76.9641,43.4705],"geometry":{"coordinates":[[[[76.9641,43.469],[76.9636,43.4684],[76.9597,43.47],[76.9601,43.4705],[76.9601,43.4705],[76.9641,43.469],[76.9641,43.469]]]],"type":"MultiPolygon"},"geometry_name":"shape","id":"gp_functional_zones.fid--7752831e_19fb67eabdc_608e","properties":{"area":27683.4307182692,"creation_doc_id":3613,"deactivation_doc_id":null,"func_zone_status_id":2,"ggk_zone_code":"11010000","ggk_zone_name":"Территория усадебной застройки","gp_func_zone_code":"11010000","gp_func_zone_code_id":19,"id":4725071,"zone_type_id":8},"type":"Feature"},{"bbox":[76.9602,43.4691,76.9649,43.4713],"geometry":{"coordinates":[[[[76.9643,43.4691],[76.9643,43.4691],[76.9602,43.4707],[76.9602,43.4707],[76.9607,43.4713],[76.9649,43.4698],[76.9649,43.4698],[76.9649,43.4698],[76.9649,43.4698],[76.9649,43.4698],[76.9643,43.4691]]]],"type":"MultiPolygon"},"geometry_name":"shape","id":"gp_functional_zones.fid--7752831e_19fb67eabdc_608f","properties":{"area":32105.4332957711,"creation_doc_id":3613,"deactivation_doc_id":null,"func_zone_status_id":2,"ggk_zone_code":"11010000","ggk_zone_name":"Территория усадебной застройки","gp_func_zone_code":"11010000","gp_func_zone_code_id":19,"id":4725072,"zone_type_id":8},"type":"Feature"},{"bbox":[76.9578,43.47,76.9599,43.4715],"geometry":{"coordinates":[[[[76.9599,43.4706],[76.9595,43.47],[76.9594,43.4701],[76.9594,43.4701],[76.9578,43.4709],[76.9583,43.4715],[76.9583,43.4715],[76.9599,43.4706],[76.9599,43.4706]]]],"type":"MultiPolygon"},"geometry_name":"shape","id":"gp_functional_zones.fid--7752831e_19fb67eabdc_6090","properties":{"area":12389.7160371906,"creation_doc_id":3613,"deactivation_doc_id":null,"func_zone_status_id":2,"ggk_zone_code":"11010000","ggk_zone_name":"Территория усадебной застройки","gp_func_zone_code":"11010000","gp_func_zone_code_id":19,"id":4725073,"zone_type_id":8},"type":"Feature"},{"bbox":[76.9584,43.4708,76.9604,43.4722],"geometry":{"coordinates":[[[[76.96,43.4708],[76.96,43.4708],[76.9584,43.4716],[76.9584,43.4716],[76.9589,43.4722],[76.9604,43.4714],[76.96,43.4708]]]],"type":"MultiPolygon"},"geometry_name":"shape","id":"gp_functional_zones.fid--7752831e_19fb67eabdc_6091","properties":{"area":12188.6851289136,"creation_doc_id":3613,"deactivation_doc_id":null,"func_zone_status_id":2,"ggk_zone_code":"11010000","ggk_zone_name":"Территория усадебной застройки","gp_func_zone_code":"11010000","gp_func_zone_code_id":19,"id":4725074,"zone_type_id":8},"type":"Feature"},{"bbox":[76.9561,43.4711,76.9581,43.4724],"geometry":{"coordinates":[[[[76.9581,43.4716],[76.9576,43.4711],[76.9561,43.4719],[76.9566,43.4724],[76.9566,43.4724],[76.9581,43.4716],[76.9581,43.4716]]]],"type":"MultiPolygon"},"geometry_name":"shape","id":"gp_functional_zones.fid--7752831e_19fb67eabdc_6092","properties":{"area":11294.1527750565,"creation_doc_id":3613,"deactivation_doc_id":null,"func_zone_status_id":2,"ggk_zone_code":"11010000","ggk_zone_name":"Территория усадебной застройки","gp_func_zone_code":"11010000","gp_func_zone_code_id":19,"id":4725075,"zone_type_id":8},"type":"Feature"},{"bbox":[76.9567,43.4717,76.9587,43.473],"geometry":{"coordinates":[[[[76.9582,43.4718],[76.9582,43.4717],[76.9567,43.4725],[76.9567,43.4726],[76.9574,43.473],[76.9585,43.4724],[76.9587,43.4723],[76.9582,43.4718]]]],"type":"MultiPolygon"},"geometry_name":"shape","id":"gp_functional_zones.fid--7752831e_19fb67eabdc_6093","properties":{"area":10872.9124978062,"creation_doc_id":3613,"deactivation_doc_id":null,"func_zone_status_id":2,"ggk_zone_code":"11010000","ggk_zone_name":"Территория усадебной застройки","gp_func_zone_code":"11010000","gp_func_zone_code_id":19,"id":4725076,"zone_type_id":8},"type":"Feature"},{"bbox":[76.9565,43.4649,76.9606,43.4671],"geometry":{"coordinates":[[[[76.9606,43.4651],[76.9604,43.4649],[76.9565,43.4667],[76.9569,43.4671],[76.9569,43.4671],[76.9606,43.4652],[76.9606,43.4651]]]],"type":"MultiPolygon"},"geometry_name":"shape","id":"gp_functional_zones.fid--7752831e_19fb67eabdc_6094","properties":{"area":15289.7705898203,"creation_doc_id":3613,"deactivation_doc_id":null,"func_zone_status_id":2,"ggk_zone_code":"11010000","ggk_zone_name":"Территория усадебной застройки","gp_func_zone_code":"11010000","gp_func_zone_code_id":19,"id":4725077,"zone_type_id":8},"type":"Feature"},{"bbox":[76.957,43.4653,76.9611,43.4677],"geometry":{"coordinates":[[[[76.9608,43.4653],[76.9607,43.4653],[76.957,43.4672],[76.957,43.4672],[76.9574,43.4676],[76.9574,43.4677],[76.9611,43.4657],[76.9611,43.4657],[76.9608,43.4653]]]],"type":"MultiPolygon"},"geometry_name":"shape","id":"gp_functional_zones.fid--7752831e_19fb67eabdc_6095","properties":{"area":22027.4227806872,"creation_doc_id":3613,"deactivation_doc_id":null,"func_zone_status_id":2,"ggk_zone_code":"11010000","ggk_zone_name":"Территория усадебной застройки","gp_func_zone_code":"11010000","gp_func_zone_code_id":19,"id":4725078,"zone_type_id":8},"type":"Feature"},{"bbox":[76.9575,43.4658,76.9616,43.4682],"geometry":{"coordinates":[[[[76.9613,43.4658],[76.9612,43.4658],[76.9575,43.4678],[76.9575,43.4678],[76.9579,43.4682],[76.9579,43.4682],[76.9616,43.4663],[76.9616,43.4662],[76.9613,43.4658]]]],"type":"MultiPolygon"},"geometry_name":"shape","id":"gp_functional_zones.fid--7752831e_19fb67eabdc_6096","properties":{"area":21324.5935785774,"creation_doc_id":3613,"deactivation_doc_id":null,"func_zone_status_id":2,"ggk_zone_code":"11010000","ggk_zone_name":"Территория усадебной застройки","gp_func_zone_code":"11010000","gp_func_zone_code_id":19,"id":4725079,"zone_type_id":8},"type":"Feature"},{"bbox":[76.958,43.4664,76.9621,43.4687],"geometry":{"coordinates":[[[[76.9618,43.4664],[76.9617,43.4664],[76.958,43.4683],[76.958,43.4683],[76.9583,43.4687],[76.9583,43.4687],[76.9621,43.4668],[76.9621,43.4667],[76.9618,43.4664]]]],"type":"MultiPolygon"},"geometry_name":"shape","id":"gp_functional_zones.fid--7752831e_19fb67eabdc_6097","properties":{"area":19782.1721388306,"creation_doc_id":3613,"deactivation_doc_id":null,"func_zone_status_id":2,"ggk_zone_code":"11010000","ggk_zone_name":"Территория усадебной застройки","gp_func_zone_code":"11010000","gp_func_zone_code_id":19,"id":4725080,"zone_type_id":8},"type":"Feature"},{"bbox":[76.9584,43.4669,76.9626,43.4692],"geometry":{"coordinates":[[[[76.9622,43.4669],[76.9622,43.4669],[76.9584,43.4688],[76.9584,43.4689],[76.9588,43.4692],[76.9588,43.4692],[76.9626,43.4673],[76.9626,43.4673],[76.9622,43.4669]]]],"type":"MultiPolygon"},"geometry_name":"shape","id":"gp_functional_zones.fid--7752831e_19fb67eabdc_6098","properties":{"area":20905.9929754377,"creation_doc_id":3613,"deactivation_doc_id":null,"func_zone_status_id":2,"ggk_zone_code":"11010000","ggk_zone_name":"Территория усадебной застройки","gp_func_zone_code":"11010000","gp_func_zone_code_id":19,"id":4725081,"zone_type_id":8},"type":"Feature"},{"bbox":[76.9589,43.4674,76.9635,43.4699],"geometry":{"coordinates":[[[[76.9627,43.4674],[76.9627,43.4674],[76.9589,43.4694],[76.9589,43.4694],[76.9594,43.4699],[76.9595,43.4698],[76.9595,43.4698],[76.9635,43.4682],[76.9627,43.4674]]]],"type":"MultiPolygon"},"geometry_name":"shape","id":"gp_functional_zones.fid--7752831e_19fb67eabdc_6099","properties":{"area":34426.4737561065,"creation_doc_id":3613,"deactivation_doc_id":null,"func_zone_status_id":2,"ggk_zone_code":"11010000","ggk_zone_name":"Территория усадебной застройки","gp_func_zone_code":"11010000","gp_func_zone_code_id":19,"id":4725082,"zone_type_id":8},"type":"Feature"},{"bbox":[76.9528,43.4682,76.9541,43.4703],"geometry":{"coordinates":[[[[76.9535,43.4689],[76.9532,43.4682],[76.9528,43.4684],[76.953,43.4691],[76.9538,43.4703],[76.9538,43.4703],[76.9541,43.4702],[76.9541,43.4702],[76.9535,43.4689]]]],"type":"MultiPolygon"},"geometry_name":"shape","id":"gp_functional_zones.fid--7752831e_19fb67eabdc_609a","properties":{"area":8851.63713545242,"creation_doc_id":3613,"deactivation_doc_id":null,"func_zone_status_id":2,"ggk_zone_code":"11010000","ggk_zone_name":"Территория усадебной застройки","gp_func_zone_code":"11010000","gp_func_zone_code_id":19,"id":4725083,"zone_type_id":8},"type":"Feature"},{"bbox":[76.9539,43.4703,76.9549,43.4709],"geometry":{"coordinates":[[[[76.9542,43.4703],[76.9542,43.4703],[76.9539,43.4705],[76.9539,43.4705],[76.9542,43.4708],[76.9549,43.4709],[76.9547,43.4707],[76.9542,43.4703]]]],"type":"MultiPolygon"},"geometry_name":"shape","id":"gp_functional_zones.fid--7752831e_19fb67eabdc_609b","properties":{"area":1956.79404595321,"creation_doc_id":3613,"deactivation_doc_id":null,"func_zone_status_id":2,"ggk_zone_code":"11010000","ggk_zone_name":"Территория усадебной застройки","gp_func_zone_code":"11010000","gp_func_zone_code_id":19,"id":4725084,"zone_type_id":8},"type":"Feature"},{"bbox":[76.9548,43.4668,76.9567,43.468],"geometry":{"coordinates":[[[[76.9567,43.4672],[76.9563,43.4668],[76.955,43.4674],[76.9548,43.4675],[76.9552,43.468],[76.9552,43.468],[76.9567,43.4672],[76.9567,43.4672]]]],"type":"MultiPolygon"},"geometry_name":"shape","id":"gp_functional_zones.fid--7752831e_19fb67eabdc_609c","properties":{"area":8599.96958496503,"creation_doc_id":3613,"deactivation_doc_id":null,"func_zone_status_id":2,"ggk_zone_code":"11010000","ggk_zone_name":"Территория усадебной застройки","gp_func_zone_code":"11010000","gp_func_zone_code_id":19,"id":4725085,"zone_type_id":8},"type":"Feature"},{"bbox":[76.9534,43.4676,76.955,43.4688],"geometry":{"coordinates":[[[[76.9546,43.4676],[76.9546,43.4676],[76.9534,43.4681],[76.9537,43.4688],[76.9537,43.4688],[76.955,43.4681],[76.955,43.4681],[76.9546,43.4676]]]],"type":"MultiPolygon"},"geometry_name":"shape","id":"gp_functional_zones.fid--7752831e_19fb67eabdc_609d","properties":{"area":8557.4149106519,"creation_doc_id":3613,"deactivation_doc_id":null,"func_zone_status_id":2,"ggk_zone_code":"11010000","ggk_zone_name":"Территория усадебной застройки","gp_func_zone_code":"11010000","gp_func_zone_code_id":19,"id":4725086,"zone_type_id":8},"type":"Feature"},{"bbox":[76.9553,43.4673,76.9577,43.4691],"geometry":{"coordinates":[[[[76.9568,43.4673],[76.9568,43.4673],[76.9553,43.4681],[76.9553,43.4681],[76.9562,43.4691],[76.9562,43.4691],[76.9577,43.4683],[76.9577,43.4683],[76.9572,43.4678],[76.9568,43.4673]]]],"type":"MultiPolygon"},"geometry_name":"shape","id":"gp_functional_zones.fid--7752831e_19fb67eabdc_609e","properties":{"area":19263.060709752,"creation_doc_id":3613,"deactivation_doc_id":null,"func_zone_status_id":2,"ggk_zone_code":"11010000","ggk_zone_name":"Территория усадебной застройки","gp_func_zone_code":"11010000","gp_func_zone_code_id":19,"id":4725087,"zone_type_id":8},"type":"Feature"},{"bbox":[76.9563,43.4684,76.9581,43.4696],"geometry":{"coordinates":[[[[76.9578,43.4685],[76.9578,43.4684],[76.9563,43.4692],[76.9563,43.4692],[76.9566,43.4696],[76.9567,43.4696],[76.9581,43.4688],[76.9581,43.4688],[76.9578,43.4685]]]],"type":"MultiPolygon"},"geometry_name":"shape","id":"gp_functional_zones.fid--7752831e_19fb67eabdc_609f","properties":{"area":7961.99989316867,"creation_doc_id":3613,"deactivation_doc_id":null,"func_zone_status_id":2,"ggk_zone_code":"11010000","ggk_zone_name":"Территория усадебной застройки","gp_func_zone_code":"11010000","gp_func_zone_code_id":19,"id":4725088,"zone_type_id":8},"type":"Feature"},{"bbox":[76.9537,43.4682,76.956,43.4701],"geometry":{"coordinates":[[[[76.9551,43.4682],[76.9551,43.4682],[76.9537,43.4689],[76.9538,43.4689],[76.9543,43.4701],[76.9543,43.4701],[76.956,43.4692],[76.956,43.4692],[76.9551,43.4682]]]],"type":"MultiPolygon"},"geometry_name":"shape","id":"gp_functional_zones.fid--7752831e_19fb67eabdc_60a0","properties":{"area":20035.2263317728,"creation_doc_id":3613,"deactivation_doc_id":null,"func_zone_status_id":2,"ggk_zone_code":"11010000","ggk_zone_name":"Территория усадебной застройки","gp_func_zone_code":"11010000","gp_func_zone_code_id":19,"id":4725089,"zone_type_id":8},"type":"Feature"},{"bbox":[76.9568,43.469,76.9586,43.4701],"geometry":{"coordinates":[[[[76.9582,43.469],[76.9582,43.469],[76.9568,43.4697],[76.9568,43.4698],[76.9571,43.4701],[76.9571,43.4701],[76.9586,43.4693],[76.9586,43.4693],[76.9582,43.469]]]],"type":"MultiPolygon"},"geometry_name":"shape","id":"gp_functional_zones.fid--7752831e_19fb67eabdc_60a1","properties":{"area":7409.62477723539,"creation_doc_id":3613,"deactivation_doc_id":null,"func_zone_status_id":2,"ggk_zone_code":"11010000","ggk_zone_name":"Территория усадебной застройки","gp_func_zone_code":"11010000","gp_func_zone_code_id":19,"id":4725090,"zone_type_id":8},"type":"Feature"},{"bbox":[76.9544,43.4693,76.9565,43.4706],"geometry":{"coordinates":[[[[76.9561,43.4693],[76.9561,43.4693],[76.9544,43.4702],[76.9544,43.4702],[76.9548,43.4706],[76.9548,43.4706],[76.9565,43.4697],[76.9564,43.4697],[76.9561,43.4693]]]],"type":"MultiPolygon"},"geometry_name":"shape","id":"gp_functional_zones.fid--7752831e_19fb67eabdc_60a2","properties":{"area":9088.77150050298,"creation_doc_id":3613,"deactivation_doc_id":null,"func_zone_status_id":2,"ggk_zone_code":"11010000","ggk_zone_name":"Территория усадебной застройки","gp_func_zone_code":"11010000","gp_func_zone_code_id":19,"id":4725091,"zone_type_id":8},"type":"Feature"},{"bbox":[76.9572,43.4695,76.9591,43.4708],"geometry":{"coordinates":[[[[76.9587,43.4695],[76.9587,43.4695],[76.9572,43.4702],[76.9572,43.4702],[76.9577,43.4708],[76.9591,43.47],[76.9587,43.4695]]]],"type":"MultiPolygon"},"geometry_name":"shape","id":"gp_functional_zones.fid--7752831e_19fb67eabdc_60a3","properties":{"area":10903.2396439428,"creation_doc_id":3613,"deactivation_doc_id":null,"func_zone_status_id":2,"ggk_zone_code":"11010000","ggk_zone_name":"Территория усадебной застройки","gp_func_zone_code":"11010000","gp_func_zone_code_id":19,"id":4725092,"zone_type_id":8},"type":"Feature"},{"bbox":[76.9549,43.4698,76.9569,43.471],"geometry":{"coordinates":[[[[76.9566,43.4699],[76.9565,43.4698],[76.9549,43.4707],[76.955,43.4707],[76.9553,43.471],[76.9553,43.471],[76.9569,43.4702],[76.9569,43.4702],[76.9566,43.4699]]]],"type":"MultiPolygon"},"geometry_name":"shape","id":"gp_functional_zones.fid--7752831e_19fb67eabdc_60a4","properties":{"area":7328.05895240422,"creation_doc_id":3613,"deactivation_doc_id":null,"func_zone_status_id":2,"ggk_zone_code":"11010000","ggk_zone_name":"Территория усадебной застройки","gp_func_zone_code":"11010000","gp_func_zone_code_id":19,"id":4725093,"zone_type_id":8},"type":"Feature"},{"bbox":[76.9554,43.4703,76.9575,43.4717],"geometry":{"coordinates":[[[[76.957,43.4703],[76.957,43.4703],[76.9554,43.4711],[76.9554,43.4711],[76.956,43.4717],[76.9575,43.4709],[76.957,43.4703]]]],"type":"MultiPolygon"},"geometry_name":"shape","id":"gp_functional_zones.fid--7752831e_19fb67eabdc_60a5","properties":{"area":12029.2935209401,"creation_doc_id":3613,"deactivation_doc_id":null,"func_zone_status_id":2,"ggk_zone_code":"11010000","ggk_zone_name":"Территория усадебной застройки","gp_func_zone_code":"11010000","gp_func_zone_code_id":19,"id":4725094,"zone_type_id":8},"type":"Feature"},{"bbox":[76.9452,43.4934,76.9469,43.4941],"geometry":{"coordinates":[[[[76.9468,43.4936],[76.9452,43.4934],[76.9452,43.4934],[76.9459,43.4941],[76.9459,43.4941],[76.9469,43.4936],[76.9468,43.4936]]]],"type":"MultiPolygon"},"geometry_name":"shape","id":"gp_functional_zones.fid--7752831e_19fb67eabdc_60a6","properties":{"area":4438.86644808642,"creation_doc_id":3613,"deactivation_doc_id":null,"func_zone_status_id":2,"ggk_zone_code":"11010000","ggk_zone_name":"Территория усадебной застройки","gp_func_zone_code":"11010000","gp_func_zone_code_id":19,"id":4725095,"zone_type_id":8},"type":"Feature"},{"bbox":[76.9441,43.4934,76.9457,43.495],"geometry":{"coordinates":[[[[76.945,43.4935],[76.9448,43.4934],[76.9443,43.4938],[76.9443,43.4938],[76.9441,43.4949],[76.9441,43.495],[76.9457,43.4942],[76.9457,43.4942],[76.945,43.4935]]]],"type":"MultiPolygon"},"geometry_name":"shape","id":"gp_functional_zones.fid--7752831e_19fb67eabdc_60a7","properties":{"area":11438.2888072259,"creation_doc_id":3613,"deactivation_doc_id":null,"func_zone_status_id":2,"ggk_zone_code":"11010000","ggk_zone_name":"Территория усадебной застройки","gp_func_zone_code":"11010000","gp_func_zone_code_id":19,"id":4725096,"zone_type_id":8},"type":"Feature"},{"bbox":[76.946,43.4936,76.9487,43.495],"geometry":{"coordinates":[[[[76.9472,43.4936],[76.9471,43.4936],[76.946,43.4942],[76.946,43.4942],[76.946,43.4942],[76.9467,43.495],[76.9468,43.495],[76.9487,43.494],[76.9487,43.494],[76.9479,43.4937],[76.9472,43.4936]]]],"type":"MultiPolygon"},"geometry_name":"shape","id":"gp_functional_zones.fid--7752831e_19fb67eabdc_60a8","properties":{"area":16785.9724530377,"creation_doc_id":3613,"deactivation_doc_id":null,"func_zone_status_id":2,"ggk_zone_code":"11010000","ggk_zone_name":"Территория усадебной застройки","gp_func_zone_code":"11010000","gp_func_zone_code_id":19,"id":4725097,"zone_type_id":8},"type":"Feature"},{"bbox":[76.944,43.4943,76.9466,43.496],"geometry":{"coordinates":[[[[76.9458,43.4943],[76.9458,43.4943],[76.9441,43.4951],[76.944,43.4951],[76.944,43.4952],[76.944,43.4952],[76.944,43.4954],[76.9447,43.496],[76.9447,43.496],[76.9466,43.4951],[76.9465,43.4951],[76.9458,43.4943]]]],"type":"MultiPolygon"},"geometry_name":"shape","id":"gp_functional_zones.fid--7752831e_19fb67eabdc_60a9","properties":{"area":19829.2982739828,"creation_doc_id":3613,"deactivation_doc_id":null,"func_zone_status_id":2,"ggk_zone_code":"11010000","ggk_zone_name":"Территория усадебной застройки","gp_func_zone_code":"11010000","gp_func_zone_code_id":19,"id":4725098,"zone_type_id":8},"type":"Feature"},{"bbox":[76.9469,43.4941,76.9496,43.4959],"geometry":{"coordinates":[[[[76.9489,43.4941],[76.9489,43.4941],[76.9488,43.4941],[76.9469,43.4951],[76.9469,43.4951],[76.9469,43.4951],[76.9477,43.4959],[76.9477,43.4959],[76.9496,43.495],[76.9496,43.495],[76.9491,43.4941],[76.9489,43.4941]]]],"type":"MultiPolygon"},"geometry_name":"shape","id":"gp_functional_zones.fid--7752831e_19fb67eabdc_60aa","properties":{"area":23264.8593092121,"creation_doc_id":3613,"deactivation_doc_id":null,"func_zone_status_id":2,"ggk_zone_code":"11010000","ggk_zone_name":"Территория усадебной застройки","gp_func_zone_code":"11010000","gp_func_zone_code_id":19,"id":4725099,"zone_type_id":8},"type":"Feature"},{"bbox":[76.9449,43.4952,76.9475,43.4968],"geometry":{"coordinates":[[[[76.9467,43.4952],[76.9467,43.4952],[76.9449,43.4961],[76.9449,43.4961],[76.9449,43.4961],[76.9455,43.4965],[76.9455,43.4965],[76.9458,43.4968],[76.9459,43.4968],[76.9461,43.4967],[76.9475,43.496],[76.9475,43.496],[76.9467,43.4952]]]],"type":"MultiPolygon"},"geometry_name":"shape","id":"gp_functional_zones.fid--7752831e_19fb67eabdc_60ab","properties":{"area":19276.3968762271,"creation_doc_id":3613,"deactivation_doc_id":null,"func_zone_status_id":2,"ggk_zone_code":"11010000","ggk_zone_name":"Территория усадебной застройки","gp_func_zone_code":"11010000","gp_func_zone_code_id":19,"id":4725100,"zone_type_id":8},"type":"Feature"},{"bbox":[76.9478,43.4951,76.9503,43.4969],"geometry":{"coordinates":[[[[76.9497,43.4952],[76.9497,43.4951],[76.9478,43.496],[76.9478,43.4961],[76.9478,43.4961],[76.9487,43.4969],[76.9487,43.4969],[76.9492,43.4967],[76.9503,43.4961],[76.9503,43.4961],[76.9497,43.4952]]]],"type":"MultiPolygon"},"geometry_name":"shape","id":"gp_functional_zones.fid--7752831e_19fb67eabdc_60ac","properties":{"area":20038.8749123995,"creation_doc_id":3613,"deactivation_doc_id":null,"func_zone_status_id":2,"ggk_zone_code":"11010000","ggk_zone_name":"Территория усадебной застройки","gp_func_zone_code":"11010000","gp_func_zone_code_id":19,"id":4725101,"zone_type_id":8},"type":"Feature"},{"bbox":[76.946,43.4961,76.9485,43.4977],"geometry":{"coordinates":[[[[76.9476,43.4962],[76.9476,43.4961],[76.9465,43.4967],[76.946,43.4969],[76.946,43.497],[76.946,43.497],[76.9469,43.4977],[76.9469,43.4977],[76.9485,43.497],[76.9485,43.497],[76.9476,43.4962]]]],"type":"MultiPolygon"},"geometry_name":"shape","id":"gp_functional_zones.fid--7752831e_19fb67eabdc_60ad","properties":{"area":18148.8688840611,"creation_doc_id":3613,"deactivation_doc_id":null,"func_zone_status_id":2,"ggk_zone_code":"11010000","ggk_zone_name":"Территория усадебной застройки","gp_func_zone_code":"11010000","gp_func_zone_code_id":19,"id":4725102,"zone_type_id":8},"type":"Feature"},{"bbox":[76.9488,43.4962,76.952,43.4982],"geometry":{"coordinates":[[[[76.952,43.4973],[76.9519,43.4973],[76.9506,43.4965],[76.9506,43.4965],[76.9506,43.4965],[76.9505,43.4965],[76.9504,43.4963],[76.9504,43.4962],[76.9495,43.4967],[76.9488,43.497],[76.9488,43.497],[76.9488,43.497],[76.95,43.4982],[76.95,43.4982],[76.952,43.4973]]]],"type":"MultiPolygon"},"geometry_name":"shape","id":"gp_functional_zones.fid--7752831e_19fb67eabdc_60ae","properties":{"area":27838.3036762425,"creation_doc_id":3613,"deactivation_doc_id":null,"func_zone_status_id":2,"ggk_zone_code":"11010000","ggk_zone_name":"Территория усадебной застройки","gp_func_zone_code":"11010000","gp_func_zone_code_id":19,"id":4725103,"zone_type_id":8},"type":"Feature"},{"bbox":[76.9471,43.4971,76.9498,43.4988],"geometry":{"coordinates":[[[[76.9486,43.4971],[76.9486,43.4971],[76.9471,43.4978],[76.9471,43.4979],[76.9471,43.4979],[76.948,43.4986],[76.9489,43.4988],[76.949,43.4988],[76.9498,43.4983],[76.9498,43.4983],[76.9486,43.4971]]]],"type":"MultiPolygon"},"geometry_name":"shape","id":"gp_functional_zones.fid--7752831e_19fb67eabdc_60af","properties":{"area":22452.3855522352,"creation_doc_id":3613,"deactivation_doc_id":null,"func_zone_status_id":2,"ggk_zone_code":"11010000","ggk_zone_name":"Территория усадебной застройки","gp_func_zone_code":"11010000","gp_func_zone_code_id":19,"id":4725104,"zone_type_id":8},"type":"Feature"},{"bbox":[76.9492,43.4985,76.9505,43.4991],"geometry":{"coordinates":[[[[76.9504,43.499],[76.9499,43.4985],[76.9492,43.4988],[76.9504,43.499]]],[[[76.9505,43.499],[76.9504,43.499],[76.9505,43.4991],[76.9505,43.499]]]],"type":"MultiPolygon"},"geometry_name":"shape","id":"gp_functional_zones.fid--7752831e_19fb67eabdc_60b0","properties":{"area":2927.40411490131,"creation_doc_id":3613,"deactivation_doc_id":null,"func_zone_status_id":2,"ggk_zone_code":"11010000","ggk_zone_name":"Территория усадебной застройки","gp_func_zone_code":"11010000","gp_func_zone_code_id":19,"id":4725105,"zone_type_id":8},"type":"Feature"},{"bbox":[76.9501,43.4974,76.9529,43.4991],"geometry":{"coordinates":[[[76.9521,43.4974],[76.9501,43.4984],[76.9502,43.4984],[76.9509,43.4991],[76.9528,43.4979],[76.9528,43.4977],[76.9522,43.4974],[76.9521,43.4974]]],"type":"Polygon"},"geometry_name":"shape","id":"gp_functional_zones.fid--7752831e_19fb67eabdc_60b1","properties":{"area":19712.1912321797,"creation_doc_id":3613,"deactivation_doc_id":null,"func_zone_status_id":2,"ggk_zone_code":"11010000","ggk_zone_name":"Территория усадебной застройки","gp_func_zone_code":"11010000","gp_func_zone_code_id":19,"id":4725106,"zone_type_id":8},"type":"Feature"},{"bbox":[76.951,43.4981,76.9545,43.5008],"geometry":{"coordinates":[[[[76.9539,43.5007],[76.9539,43.5007],[76.9543,43.5007],[76.9543,43.5007],[76.9545,43.5007],[76.9545,43.5007],[76.9533,43.5],[76.9533,43.5],[76.9533,43.5],[76.9533,43.4999],[76.9533,43.4999],[76.9529,43.4981],[76.9529,43.4981],[76.951,43.4992],[76.951,43.4993],[76.951,43.4993],[76.9514,43.4997],[76.9514,43.4997],[76.9514,43.4997],[76.9514,43.4997],[76.9519,43.5],[76.9522,43.5005],[76.9524,43.5008],[76.9525,43.5008],[76.9525,43.5008],[76.9526,43.5008],[76.9526,43.5008],[76.953,43.5008],[76.953,43.5008],[76.9534,43.5007],[76.9534,43.5007],[76.9538,43.5007],[76.9539,43.5007]]]],"type":"MultiPolygon"},"geometry_name":"shape","id":"gp_functional_zones.fid--7752831e_19fb67eabdc_60b2","properties":{"area":36540.3090471753,"creation_doc_id":3613,"deactivation_doc_id":null,"func_zone_status_id":2,"ggk_zone_code":"11010000","ggk_zone_name":"Территория усадебной застройки","gp_func_zone_code":"11010000","gp_func_zone_code_id":19,"id":4725107,"zone_type_id":8},"type":"Feature"},{"bbox":[77.0279,43.5288,77.0382,43.5373],"geometry":{"coordinates":[[[77.0342,43.5333],[77.0316,43.5307],[77.0315,43.5306],[77.0313,43.5303],[77.0302,43.5293],[77.0302,43.5292],[77.0301,43.5292],[77.0301,43.5291],[77.03,43.5291],[77.03,43.529],[77.0299,43.529],[77.0299,43.5289],[77.0298,43.5289],[77.0297,43.5289],[77.0297,43.5288],[77.0296,43.5288],[77.0295,43.5288],[77.0294,43.5289],[77.0292,43.529],[77.029,43.529],[77.0282,43.5292],[77.0281,43.5293],[77.028,43.5294],[77.0279,43.5295],[77.0279,43.5296],[77.0279,43.5297],[77.028,43.5298],[77.0281,43.5298],[77.0281,43.5299],[77.0282,43.5299],[77.0282,43.53],[77.0283,43.53],[77.0283,43.5301],[77.0283,43.5302],[77.0284,43.5302],[77.0284,43.5304],[77.0284,43.5306],[77.0284,43.5307],[77.0293,43.531],[77.0293,43.5317],[77.0295,43.5318],[77.0296,43.5319],[77.0297,43.5319],[77.0298,43.5319],[77.0298,43.532],[77.03,43.532],[77.0302,43.5321],[77.0304,43.5322],[77.0306,43.5323],[77.0308,43.5324],[77.0309,43.5325],[77.031,43.5325],[77.0311,43.5326],[77.0316,43.5329],[77.0324,43.5335],[77.0329,43.5338],[77.0329,43.5339],[77.0331,43.534],[77.0332,43.5341],[77.0332,43.5342],[77.0334,43.5343],[77.0336,43.5345],[77.0338,43.5347],[77.0339,43.5348],[77.034,43.5349],[77.0341,43.5351],[77.0341,43.5352],[77.0342,43.5352],[77.0342,43.5353],[77.0342,43.5354],[77.0342,43.5355],[77.0341,43.5355],[77.0342,43.5356],[77.0346,43.5361],[77.0347,43.5362],[77.0348,43.5364],[77.0348,43.5365],[77.0348,43.5366],[77.0348,43.5367],[77.0348,43.5368],[77.0348,43.5369],[77.0351,43.537],[77.0356,43.5372],[77.0358,43.5372],[77.0373,43.5372],[77.0378,43.5373],[77.0381,43.5373],[77.0342,43.5333]]],"type":"Polygon"},"geometry_name":"shape","id":"gp_functional_zones.fid--7752831e_19fb67eabdc_60b3","properties":{"area":179165.335062125,"creation_doc_id":3613,"deactivation_doc_id":null,"func_zone_status_id":3,"ggk_zone_code":"11010000","ggk_zone_name":"Территория усадебной застройки","gp_func_zone_code":"11010000","gp_func_zone_code_id":19,"id":4725108,"zone_type_id":8},"type":"Feature"},{"bbox":[77.0412,43.5446,77.0473,43.5467],"geometry":{"coordinates":[[[[77.0471,43.5446],[77.0471,43.5446],[77.0446,43.5451],[77.0446,43.5451],[77.0412,43.5455],[77.0412,43.5455],[77.0412,43.5455],[77.0412,43.5456],[77.0413,43.5457],[77.0413,43.5457],[77.0413,43.5458],[77.0414,43.5458],[77.0414,43.5459],[77.0414,43.546],[77.0414,43.5461],[77.0414,43.5461],[77.0414,43.5462],[77.0414,43.5463],[77.0414,43.5463],[77.0415,43.5464],[77.0415,43.5464],[77.0415,43.5465],[77.0416,43.5466],[77.0416,43.5466],[77.0417,43.5467],[77.0417,43.5467],[77.0417,43.5467],[77.0435,43.5463],[77.0435,43.5463],[77.0435,43.5463],[77.0458,43.5459],[77.0458,43.5458],[77.0473,43.5456],[77.0473,43.5456],[77.0471,43.5446],[77.0471,43.5446]]]],"type":"MultiPolygon"},"geometry_name":"shape","id":"gp_functional_zones.fid--7752831e_19fb67eabdc_60b8","properties":{"area":56185.3040625794,"creation_doc_id":3613,"deactivation_doc_id":null,"func_zone_status_id":2,"ggk_zone_code":"11010000","ggk_zone_name":"Территория усадебной застройки","gp_func_zone_code":"11010000","gp_func_zone_code_id":19,"id":4725114,"zone_type_id":8},"type":"Feature"},{"bbox":[77.0367,43.7063,77.0472,43.7139],"geometry":{"coordinates":[[[77.046,43.7128],[77.0456,43.7124],[77.0452,43.7119],[77.0449,43.7115],[77.0443,43.7118],[77.0441,43.7116],[77.0437,43.7113],[77.0434,43.711],[77.0432,43.7108],[77.0436,43.7107],[77.0434,43.7104],[77.0431,43.7102],[77.0427,43.7099],[77.0427,43.71],[77.0422,43.7095],[77.0417,43.7091],[77.0414,43.7088],[77.0407,43.7085],[77.04,43.708],[77.04,43.7078],[77.04,43.7077],[77.0399,43.7076],[77.0399,43.7075],[77.0399,43.7074],[77.04,43.7074],[77.0395,43.7069],[77.0394,43.7067],[77.0392,43.7068],[77.039,43.7068],[77.0385,43.7064],[77.0377,43.7063],[77.0372,43.7063],[77.0367,43.7065],[77.0367,43.7069],[77.0371,43.7069],[77.0375,43.707],[77.0376,43.707],[77.038,43.7072],[77.0389,43.7081],[77.039,43.7081],[77.0392,43.7085],[77.0394,43.7088],[77.0397,43.7086],[77.0404,43.709],[77.041,43.7091],[77.0414,43.7093],[77.0417,43.7098],[77.0411,43.7102],[77.0412,43.7103],[77.0417,43.7112],[77.0449,43.7135],[77.045,43.7135],[77.045,43.7136],[77.0451,43.7138],[77.0452,43.7138],[77.0458,43.7133],[77.0459,43.7133],[77.046,43.7133],[77.0469,43.7139],[77.0472,43.7136],[77.046,43.7128]]],"type":"Polygon"},"geometry_name":"shape","id":"gp_functional_zones.fid--7752831e_19fb67eabdc_60d8","properties":{"area":114498.673349623,"creation_doc_id":3613,"deactivation_doc_id":null,"func_zone_status_id":2,"ggk_zone_code":"11010000","ggk_zone_name":"Территория усадебной застройки","gp_func_zone_code":"11010000","gp_func_zone_code_id":19,"id":4725149,"zone_type_id":8},"type":"Feature"},{"bbox":[77.0472,43.7141,77.0497,43.7185],"geometry":{"coordinates":[[[[77.0479,43.7146],[77.0477,43.7141],[77.0472,43.7142],[77.0472,43.7142],[77.0485,43.7172],[77.0491,43.7182],[77.0494,43.7185],[77.0497,43.7183],[77.0497,43.7183],[77.049,43.7172],[77.0488,43.7167],[77.0479,43.7146]]]],"type":"MultiPolygon"},"geometry_name":"shape","id":"gp_functional_zones.fid--7752831e_19fb67eabdc_60d9","properties":{"area":18066.2865342009,"creation_doc_id":3613,"deactivation_doc_id":null,"func_zone_status_id":2,"ggk_zone_code":"11010000","ggk_zone_name":"Территория усадебной застройки","gp_func_zone_code":"11010000","gp_func_zone_code_id":19,"id":4725150,"zone_type_id":8},"type":"Feature"},{"bbox":[77.0453,43.7135,77.0492,43.719],"geometry":{"coordinates":[[[[77.047,43.7142],[77.0459,43.7135],[77.0453,43.7139],[77.0453,43.7139],[77.0453,43.7139],[77.0453,43.7139],[77.046,43.7147],[77.046,43.7147],[77.0466,43.7158],[77.0484,43.719],[77.0485,43.719],[77.0492,43.7186],[77.0492,43.7186],[77.0489,43.7183],[77.0489,43.7183],[77.0483,43.7173],[77.0483,43.7173],[77.047,43.7142]]]],"type":"MultiPolygon"},"geometry_name":"shape","id":"gp_functional_zones.fid--7752831e_19fb67eabdc_60da","properties":{"area":47420.0414890747,"creation_doc_id":3613,"deactivation_doc_id":null,"func_zone_status_id":2,"ggk_zone_code":"11010000","ggk_zone_name":"Территория усадебной застройки","gp_func_zone_code":"11010000","gp_func_zone_code_id":19,"id":4725151,"zone_type_id":8},"type":"Feature"},{"bbox":[77.0423,43.714,77.0464,43.7174],"geometry":{"coordinates":[[[77.0457,43.7163],[77.0458,43.7163],[77.0458,43.7161],[77.0458,43.716],[77.0458,43.7159],[77.0459,43.7159],[77.046,43.7159],[77.0464,43.7158],[77.0459,43.7148],[77.0452,43.714],[77.0451,43.714],[77.0423,43.7161],[77.0424,43.7162],[77.0425,43.7162],[77.0426,43.7163],[77.0427,43.7163],[77.0428,43.7163],[77.0429,43.7164],[77.043,43.7164],[77.0431,43.7164],[77.0432,43.7164],[77.0432,43.7165],[77.0433,43.7165],[77.0434,43.7166],[77.0434,43.7167],[77.0436,43.7174],[77.0452,43.7171],[77.0452,43.7167],[77.0452,43.7166],[77.0452,43.7165],[77.0453,43.7165],[77.0453,43.7164],[77.0454,43.7164],[77.0455,43.7163],[77.0457,43.7163]]],"type":"Polygon"},"geometry_name":"shape","id":"gp_functional_zones.fid--7752831e_19fb67eabdc_60dc","properties":{"area":61120.170246235,"creation_doc_id":3613,"deactivation_doc_id":null,"func_zone_status_id":2,"ggk_zone_code":"11010000","ggk_zone_name":"Территория усадебной застройки","gp_func_zone_code":"11010000","gp_func_zone_code_id":19,"id":4725153,"zone_type_id":8},"type":"Feature"},{"bbox":[77.0448,43.7159,77.0483,43.7201],"geometry":{"coordinates":[[[[77.0483,43.7191],[77.0465,43.7159],[77.0465,43.7159],[77.0461,43.716],[77.046,43.716],[77.046,43.7161],[77.046,43.7161],[77.046,43.7161],[77.046,43.7161],[77.046,43.7161],[77.046,43.7161],[77.046,43.7161],[77.046,43.7161],[77.046,43.7161],[77.046,43.7163],[77.046,43.7163],[77.046,43.7163],[77.046,43.7163],[77.046,43.7163],[77.046,43.7163],[77.046,43.7163],[77.046,43.7163],[77.046,43.7164],[77.046,43.7164],[77.046,43.7164],[77.046,43.7164],[77.046,43.7164],[77.046,43.7164],[77.046,43.7164],[77.046,43.7164],[77.046,43.7164],[77.046,43.7164],[77.046,43.7165],[77.0459,43.7165],[77.0459,43.7165],[77.0459,43.7165],[77.0459,43.7165],[77.0459,43.7165],[77.0458,43.7165],[77.0458,43.7165],[77.0458,43.7165],[77.0458,43.7165],[77.0457,43.7165],[77.0455,43.7165],[77.0455,43.7165],[77.0455,43.7165],[77.0455,43.7165],[77.0455,43.7165],[77.0455,43.7165],[77.0455,43.7166],[77.0455,43.7166],[77.0455,43.7166],[77.0455,43.7167],[77.0454,43.7172],[77.0454,43.7172],[77.0454,43.7172],[77.0454,43.7172],[77.0454,43.7172],[77.0454,43.7172],[77.0454,43.7172],[77.0453,43.7172],[77.0453,43.7172],[77.0453,43.7172],[77.0453,43.7172],[77.0448,43.7173],[77.0452,43.7179],[77.0452,43.718],[77.045,43.7181],[77.0452,43.7184],[77.0453,43.7185],[77.0456,43.7188],[77.0462,43.7195],[77.0466,43.72],[77.0467,43.7201],[77.0468,43.72],[77.0472,43.7198],[77.0473,43.7198],[77.0483,43.7192],[77.0483,43.7191]]]],"type":"MultiPolygon"},"geometry_name":"shape","id":"gp_functional_zones.fid--7752831e_19fb67eabdc_60dd","properties":{"area":66750.2823428783,"creation_doc_id":3613,"deactivation_doc_id":null,"func_zone_status_id":2,"ggk_zone_code":"11010000","ggk_zone_name":"Территория усадебной застройки","gp_func_zone_code":"11010000","gp_func_zone_code_id":19,"id":4725154,"zone_type_id":8},"type":"Feature"},{"bbox":[77.1193,43.684,77.1235,43.6868],"geometry":{"coordinates":[[[77.1234,43.6867],[77.1234,43.6866],[77.1234,43.6865],[77.1234,43.6864],[77.1234,43.6862],[77.1209,43.686],[77.1208,43.685],[77.1214,43.6847],[77.1222,43.6846],[77.1235,43.6848],[77.1235,43.6846],[77.1235,43.6845],[77.1235,43.6844],[77.1234,43.6841],[77.1234,43.684],[77.1233,43.684],[77.1232,43.684],[77.1231,43.684],[77.1212,43.6844],[77.1211,43.6844],[77.121,43.6844],[77.1206,43.6844],[77.1194,43.6847],[77.1193,43.6847],[77.1193,43.6849],[77.1194,43.6854],[77.1194,43.6856],[77.1194,43.6857],[77.1195,43.6863],[77.1195,43.6868],[77.1202,43.6867],[77.1206,43.6867],[77.1234,43.6867]]],"type":"Polygon"},"geometry_name":"shape","id":"gp_functional_zones.fid--7752831e_19fb67eabdc_6194","properties":{"area":55319.5185099242,"creation_doc_id":3613,"deactivation_doc_id":null,"func_zone_status_id":2,"ggk_zone_code":"11010000","ggk_zone_name":"Территория усадебной застройки","gp_func_zone_code":"11010000","gp_func_zone_code_id":19,"id":4725364,"zone_type_id":8},"type":"Feature"},{"bbox":[76.9309,43.3766,76.9345,43.3774],"geometry":{"coordinates":[[[[76.9345,43.3767],[76.9345,43.3766],[76.9341,43.3766],[76.9333,43.3768],[76.9327,43.3768],[76.931,43.3771],[76.9309,43.3773],[76.931,43.3774],[76.9328,43.3771],[76.9345,43.3768],[76.9345,43.3767],[76.9345,43.3767],[76.9345,43.3767],[76.9345,43.3767]]]],"type":"MultiPolygon"},"geometry_name":"shape","id":"gp_functional_zones.fid--7752831e_19fb67eabdc_61a1","properties":{"area":8621.60119590867,"creation_doc_id":3613,"deactivation_doc_id":null,"func_zone_status_id":2,"ggk_zone_code":"11010000","ggk_zone_name":"Территория усадебной застройки","gp_func_zone_code":"11010000","gp_func_zone_code_id":19,"id":4725378,"zone_type_id":8},"type":"Feature"},{"bbox":[76.9329,43.377,76.9361,43.3803],"geometry":{"coordinates":[[[[76.9347,43.3774],[76.9345,43.377],[76.9329,43.3773],[76.9334,43.3788],[76.934,43.3803],[76.9361,43.38],[76.936,43.3796],[76.9357,43.3791],[76.9355,43.3789],[76.9354,43.3787],[76.9352,43.3786],[76.9351,43.3784],[76.935,43.3782],[76.9349,43.378],[76.9349,43.378],[76.9347,43.3774]]]],"type":"MultiPolygon"},"geometry_name":"shape","id":"gp_functional_zones.fid--7752831e_19fb67eabdc_61a2","properties":{"area":52390.1271811095,"creation_doc_id":3613,"deactivation_doc_id":null,"func_zone_status_id":2,"ggk_zone_code":"11010000","ggk_zone_name":"Территория усадебной застройки","gp_func_zone_code":"11010000","gp_func_zone_code_id":19,"id":4725379,"zone_type_id":8},"type":"Feature"},{"bbox":[76.931,43.3773,76.9337,43.3806],"geometry":{"coordinates":[[[[76.9332,43.3789],[76.9327,43.3773],[76.931,43.3776],[76.9316,43.3794],[76.9316,43.3794],[76.9315,43.3794],[76.9319,43.3806],[76.9337,43.3803],[76.9332,43.3789]]]],"type":"MultiPolygon"},"geometry_name":"shape","id":"gp_functional_zones.fid--7752831e_19fb67eabdc_61a3","properties":{"area":49657.1406761116,"creation_doc_id":3613,"deactivation_doc_id":null,"func_zone_status_id":2,"ggk_zone_code":"11010000","ggk_zone_name":"Территория усадебной застройки","gp_func_zone_code":"11010000","gp_func_zone_code_id":19,"id":4725380,"zone_type_id":8},"type":"Feature"},{"bbox":[76.932,43.3805,76.9341,43.3813],"geometry":{"coordinates":[[[[76.9341,43.3812],[76.9338,43.3805],[76.932,43.3808],[76.9321,43.3811],[76.9338,43.3813],[76.9341,43.3813],[76.9341,43.3812]]]],"type":"MultiPolygon"},"geometry_name":"shape","id":"gp_functional_zones.fid--7752831e_19fb67eabdc_61a4","properties":{"area":9474.7681637535,"creation_doc_id":3613,"deactivation_doc_id":null,"func_zone_status_id":2,"ggk_zone_code":"11010000","ggk_zone_name":"Территория усадебной застройки","gp_func_zone_code":"11010000","gp_func_zone_code_id":19,"id":4725381,"zone_type_id":8},"type":"Feature"},{"bbox":[76.9341,43.3801,76.9366,43.3816],"geometry":{"coordinates":[[[[76.9366,43.3816],[76.9361,43.3801],[76.9341,43.3805],[76.9343,43.3811],[76.9344,43.3813],[76.9366,43.3816]]]],"type":"MultiPolygon"},"geometry_name":"shape","id":"gp_functional_zones.fid--7752831e_19fb67eabdc_61a5","properties":{"area":22879.3470946291,"creation_doc_id":3613,"deactivation_doc_id":null,"func_zone_status_id":2,"ggk_zone_code":"11010000","ggk_zone_name":"Территория усадебной застройки","gp_func_zone_code":"11010000","gp_func_zone_code_id":19,"id":4725382,"zone_type_id":8},"type":"Feature"},{"bbox":[76.9347,43.3821,76.9375,43.3874],"geometry":{"coordinates":[[[[76.9368,43.3825],[76.9367,43.3821],[76.9347,43.3824],[76.9361,43.3872],[76.9375,43.3874],[76.9374,43.3873],[76.9374,43.3873],[76.9374,43.3873],[76.9374,43.3873],[76.9374,43.3869],[76.9374,43.3864],[76.9374,43.386],[76.9373,43.3855],[76.9373,43.3851],[76.9373,43.3847],[76.9372,43.3842],[76.9371,43.3838],[76.9371,43.3834],[76.9368,43.3825]]]],"type":"MultiPolygon"},"geometry_name":"shape","id":"gp_functional_zones.fid--7752831e_19fb67eabdc_61a6","properties":{"area":82761.4601755805,"creation_doc_id":3613,"deactivation_doc_id":null,"func_zone_status_id":2,"ggk_zone_code":"11010000","ggk_zone_name":"Территория усадебной застройки","gp_func_zone_code":"11010000","gp_func_zone_code_id":19,"id":4725383,"zone_type_id":8},"type":"Feature"},{"bbox":[76.9364,43.3801,76.939,43.3875],"geometry":{"coordinates":[[[76.9378,43.3827],[76.9378,43.3826],[76.9378,43.3825],[76.9378,43.3824],[76.9377,43.3824],[76.9377,43.3823],[76.9376,43.3823],[76.9376,43.3822],[76.9375,43.3821],[76.9375,43.3819],[76.9375,43.3818],[76.9375,43.3817],[76.9375,43.3816],[76.9375,43.3815],[76.9375,43.3814],[76.9375,43.3813],[76.9375,43.3812],[76.9375,43.3811],[76.9374,43.3811],[76.9374,43.381],[76.9374,43.3809],[76.9374,43.3808],[76.9374,43.3807],[76.9373,43.3806],[76.9373,43.3805],[76.9372,43.3805],[76.9371,43.3804],[76.937,43.3804],[76.937,43.3803],[76.9369,43.3803],[76.9369,43.3802],[76.9368,43.3802],[76.9368,43.3801],[76.9366,43.3802],[76.9366,43.3801],[76.9364,43.3801],[76.9369,43.3817],[76.9369,43.382],[76.937,43.3822],[76.9371,43.3827],[76.9373,43.3828],[76.9374,43.3828],[76.9377,43.3829],[76.9377,43.383],[76.9376,43.383],[76.9376,43.3831],[76.9375,43.3831],[76.9375,43.3832],[76.9373,43.3832],[76.9373,43.3833],[76.9373,43.3834],[76.9374,43.3838],[76.9374,43.3842],[76.9375,43.3847],[76.9375,43.3851],[76.9376,43.3855],[76.9376,43.386],[76.9376,43.3864],[76.9376,43.3868],[76.9376,43.3873],[76.9377,43.3874],[76.9378,43.3874],[76.9379,43.3874],[76.9388,43.3875],[76.9389,43.3874],[76.939,43.3874],[76.939,43.3873],[76.939,43.3872],[76.939,43.3871],[76.9387,43.387],[76.9385,43.3869],[76.9384,43.3869],[76.9383,43.3868],[76.9382,43.3867],[76.9382,43.3865],[76.9382,43.3863],[76.9381,43.3863],[76.938,43.3863],[76.938,43.3862],[76.938,43.3861],[76.938,43.386],[76.9381,43.3859],[76.9382,43.3858],[76.9382,43.3857],[76.9383,43.3857],[76.9384,43.3857],[76.9384,43.3856],[76.9383,43.3856],[76.9382,43.3856],[76.9382,43.3855],[76.9381,43.3855],[76.9381,43.3854],[76.938,43.3853],[76.938,43.3852],[76.9381,43.3852],[76.9382,43.385],[76.9382,43.3849],[76.9383,43.3847],[76.9384,43.3847],[76.9384,43.3846],[76.9384,43.3845],[76.9384,43.3844],[76.9383,43.3844],[76.9382,43.3843],[76.9381,43.3842],[76.938,43.3842],[76.938,43.3841],[76.938,43.384],[76.938,43.3839],[76.938,43.3838],[76.9379,43.3837],[76.9379,43.3836],[76.9379,43.3835],[76.9379,43.3833],[76.9379,43.3832],[76.9379,43.383],[76.9379,43.3829],[76.9379,43.3828],[76.9378,43.3828],[76.9378,43.3827]]],"type":"Polygon"},"geometry_name":"shape","id":"gp_functional_zones.fid--7752831e_19fb67eabdc_61a8","properties":{"area":43128.8739164391,"creation_doc_id":3613,"deactivation_doc_id":null,"func_zone_status_id":2,"ggk_zone_code":"11010000","ggk_zone_name":"Территория усадебной застройки","gp_func_zone_code":"11010000","gp_func_zone_code_id":19,"id":4725385,"zone_type_id":8},"type":"Feature"},{"bbox":[76.9371,43.3798,76.9399,43.3876],"geometry":{"coordinates":[[[[76.9388,43.3814],[76.9385,43.3798],[76.9379,43.3799],[76.9379,43.38],[76.9379,43.38],[76.9378,43.3799],[76.9375,43.3799],[76.9375,43.38],[76.9374,43.38],[76.9374,43.3801],[76.9371,43.3801],[76.9371,43.3801],[76.9371,43.3801],[76.9371,43.3801],[76.9371,43.3801],[76.9372,43.3802],[76.9372,43.3802],[76.9373,43.3802],[76.9373,43.3802],[76.9373,43.3802],[76.9373,43.3802],[76.9373,43.3802],[76.9373,43.3802],[76.9373,43.3803],[76.9373,43.3803],[76.9373,43.3803],[76.9373,43.3803],[76.9373,43.3803],[76.9374,43.3803],[76.9375,43.3804],[76.9375,43.3804],[76.9375,43.3804],[76.9375,43.3804],[76.9375,43.3804],[76.9375,43.3805],[76.9375,43.3805],[76.9375,43.3805],[76.9376,43.3805],[76.9376,43.3805],[76.9376,43.3805],[76.9376,43.3805],[76.9376,43.3805],[76.9376,43.3805],[76.9376,43.3806],[76.9377,43.3806],[76.9377,43.3806],[76.9377,43.3806],[76.9377,43.3806],[76.9377,43.3806],[76.9377,43.3806],[76.9377,43.3806],[76.9377,43.3806],[76.9377,43.3806],[76.9377,43.3806],[76.9377,43.3806],[76.9377,43.3807],[76.9377,43.3807],[76.9377,43.3807],[76.9377,43.3807],[76.9377,43.3807],[76.9377,43.3807],[76.9377,43.3809],[76.9377,43.3809],[76.9377,43.3809],[76.9377,43.3809],[76.9377,43.3809],[76.9377,43.3809],[76.9377,43.3809],[76.9377,43.3809],[76.9377,43.3809],[76.9377,43.381],[76.9377,43.381],[76.9378,43.3811],[76.9378,43.3811],[76.9378,43.3811],[76.9378,43.3811],[76.9378,43.3811],[76.9378,43.3811],[76.9378,43.3811],[76.9378,43.3811],[76.9378,43.3811],[76.9378,43.3812],[76.9378,43.3812],[76.9378,43.3812],[76.9378,43.3813],[76.9378,43.3813],[76.9378,43.3813],[76.9378,43.3813],[76.9378,43.3813],[76.9378,43.3814],[76.9378,43.3814],[76.9378,43.3814],[76.9378,43.3815],[76.9378,43.3815],[76.9378,43.3815],[76.9378,43.3815],[76.9378,43.3816],[76.9378,43.3816],[76.9378,43.3816],[76.9378,43.3816],[76.9378,43.3816],[76.9378,43.3816],[76.9378,43.3817],[76.9378,43.3817],[76.9378,43.3817],[76.9378,43.3817],[76.9378,43.3817],[76.9378,43.3817],[76.9378,43.3817],[76.9378,43.3817],[76.9378,43.3818],[76.9378,43.3818],[76.9378,43.3818],[76.9378,43.3819],[76.9378,43.3819],[76.9378,43.3819],[76.9378,43.3819],[76.9378,43.3819],[76.9378,43.3819],[76.9378,43.3819],[76.9378,43.3819],[76.9378,43.3819],[76.9378,43.3819],[76.9378,43.3819],[76.9378,43.3821],[76.9378,43.3821],[76.9379,43.3822],[76.9379,43.3822],[76.938,43.3823],[76.938,43.3823],[76.938,43.3823],[76.938,43.3823],[76.938,43.3823],[76.938,43.3823],[76.938,43.3823],[76.9381,43.3823],[76.9381,43.3823],[76.9381,43.3824],[76.9381,43.3824],[76.9381,43.3824],[76.9381,43.3824],[76.9381,43.3824],[76.9381,43.3824],[76.9381,43.3824],[76.9381,43.3824],[76.9381,43.3824],[76.9381,43.3825],[76.9381,43.3825],[76.9381,43.3825],[76.9381,43.3825],[76.9381,43.3825],[76.9381,43.3826],[76.9381,43.3826],[76.9381,43.3826],[76.9381,43.3826],[76.9381,43.3826],[76.9381,43.3826],[76.9381,43.3826],[76.9381,43.3826],[76.9381,43.3827],[76.9381,43.3827],[76.9381,43.3827],[76.9381,43.3827],[76.9381,43.3827],[76.9381,43.3827],[76.9381,43.3827],[76.9381,43.3827],[76.9381,43.3827],[76.9381,43.3827],[76.9381,43.3827],[76.9382,43.3828],[76.9382,43.3828],[76.9382,43.3828],[76.9382,43.3828],[76.9382,43.3828],[76.9382,43.3828],[76.9382,43.3828],[76.9382,43.3828],[76.9382,43.3828],[76.9382,43.3829],[76.9382,43.3829],[76.9382,43.3829],[76.9382,43.3829],[76.9382,43.3829],[76.9382,43.3829],[76.9382,43.3829],[76.9382,43.3829],[76.9382,43.3829],[76.9381,43.3829],[76.9381,43.3829],[76.9381,43.3829],[76.9381,43.383],[76.9381,43.383],[76.9381,43.383],[76.9381,43.383],[76.9381,43.383],[76.9381,43.383],[76.9381,43.383],[76.9382,43.3831],[76.9382,43.3831],[76.9382,43.3831],[76.9382,43.3831],[76.9382,43.3831],[76.9382,43.3833],[76.9382,43.3833],[76.9382,43.3833],[76.9382,43.3833],[76.9382,43.3833],[76.9382,43.3835],[76.9382,43.3835],[76.9382,43.3835],[76.9382,43.3836],[76.9382,43.3837],[76.9383,43.3838],[76.9383,43.3838],[76.9383,43.3838],[76.9383,43.3838],[76.9383,43.3838],[76.9383,43.3838],[76.9383,43.3838],[76.9383,43.3838],[76.9383,43.3838],[76.9383,43.3838],[76.9383,43.3838],[76.9383,43.3838],[76.9383,43.3838],[76.9383,43.3839],[76.9383,43.3839],[76.9383,43.3839],[76.9383,43.3839],[76.9383,43.3839],[76.9383,43.3839],[76.9383,43.3839],[76.9383,43.3839],[76.9383,43.3839],[76.9383,43.3839],[76.9383,43.3839],[76.9383,43.384],[76.9383,43.384],[76.9383,43.384],[76.9383,43.3841],[76.9383,43.3841],[76.9383,43.3841],[76.9383,43.3841],[76.9385,43.3842],[76.9385,43.3842],[76.9385,43.3842],[76.9385,43.3842],[76.9385,43.3842],[76.9385,43.3842],[76.9385,43.3842],[76.9385,43.3842],[76.9386,43.3842],[76.9386,43.3842],[76.9386,43.3842],[76.9386,43.3842],[76.9386,43.3843],[76.9386,43.3843],[76.9386,43.3843],[76.9386,43.3843],[76.9386,43.3843],[76.9386,43.3843],[76.9386,43.3843],[76.9387,43.3843],[76.9387,43.3843],[76.9387,43.3843],[76.9387,43.3843],[76.9387,43.3844],[76.9387,43.3844],[76.9387,43.3844],[76.9387,43.3844],[76.9387,43.3844],[76.9387,43.3844],[76.9387,43.3845],[76.9387,43.3846],[76.9387,43.3846],[76.9387,43.3846],[76.9387,43.3846],[76.9387,43.3847],[76.9387,43.3847],[76.9387,43.3847],[76.9387,43.3847],[76.9387,43.3847],[76.9387,43.3847],[76.9387,43.3847],[76.9387,43.3847],[76.9386,43.3848],[76.9385,43.385],[76.9385,43.385],[76.9385,43.385],[76.9384,43.3851],[76.9383,43.3852],[76.9383,43.3853],[76.9383,43.3853],[76.9384,43.3854],[76.9384,43.3854],[76.9385,43.3854],[76.9385,43.3854],[76.9385,43.3854],[76.9385,43.3854],[76.9385,43.3854],[76.9385,43.3854],[76.9385,43.3854],[76.9385,43.3854],[76.9385,43.3854],[76.9386,43.3854],[76.9386,43.3854],[76.9386,43.3854],[76.9386,43.3854],[76.9386,43.3854],[76.9386,43.3854],[76.9386,43.3854],[76.9386,43.3854],[76.9386,43.3854],[76.9386,43.3854],[76.9386,43.3854],[76.9386,43.3854],[76.9386,43.3854],[76.9386,43.3854],[76.9386,43.3854],[76.9386,43.3855],[76.9386,43.3855],[76.9386,43.3855],[76.9386,43.3855],[76.9386,43.3855],[76.9386,43.3855],[76.9387,43.3855],[76.9387,43.3855],[76.9387,43.3855],[76.9387,43.3856],[76.9387,43.3856],[76.9387,43.3856],[76.9387,43.3857],[76.9387,43.3857],[76.9387,43.3857],[76.9387,43.3857],[76.9387,43.3857],[76.9387,43.3857],[76.9387,43.3858],[76.9387,43.3858],[76.9386,43.3858],[76.9386,43.3858],[76.9386,43.3858],[76.9386,43.3858],[76.9386,43.3858],[76.9386,43.3858],[76.9386,43.3858],[76.9386,43.3858],[76.9386,43.3858],[76.9386,43.3858],[76.9386,43.3858],[76.9386,43.3858],[76.9386,43.3858],[76.9386,43.3858],[76.9386,43.3858],[76.9386,43.3858],[76.9386,43.3858],[76.9386,43.3859],[76.9386,43.3859],[76.9386,43.3859],[76.9386,43.3859],[76.9386,43.3859],[76.9385,43.3859],[76.9385,43.3859],[76.9385,43.3859],[76.9385,43.3859],[76.9384,43.3859],[76.9383,43.386],[76.9383,43.3861],[76.9383,43.3861],[76.9383,43.3862],[76.9383,43.3862],[76.9383,43.3862],[76.9383,43.3862],[76.9383,43.3862],[76.9384,43.3862],[76.9384,43.3862],[76.9384,43.3862],[76.9384,43.3862],[76.9384,43.3862],[76.9384,43.3862],[76.9384,43.3862],[76.9384,43.3862],[76.9384,43.3862],[76.9384,43.3862],[76.9384,43.3862],[76.9384,43.3862],[76.9384,43.3862],[76.9384,43.3862],[76.9384,43.3862],[76.9384,43.3863],[76.9384,43.3863],[76.9384,43.3863],[76.9384,43.3863],[76.9384,43.3863],[76.9385,43.3863],[76.9385,43.3863],[76.9385,43.3863],[76.9385,43.3865],[76.9385,43.3867],[76.9385,43.3867],[76.9386,43.3867],[76.9386,43.3867],[76.9386,43.3868],[76.9386,43.3868],[76.9388,43.3868],[76.9391,43.3869],[76.9391,43.3869],[76.9391,43.3869],[76.9391,43.3869],[76.9391,43.3869],[76.9391,43.3869],[76.9391,43.3869],[76.9392,43.3869],[76.9392,43.3869],[76.9392,43.387],[76.9392,43.387],[76.9392,43.387],[76.9392,43.387],[76.9393,43.387],[76.9393,43.387],[76.9393,43.387],[76.9393,43.387],[76.9393,43.387],[76.9393,43.3871],[76.9393,43.3871],[76.9393,43.3871],[76.9393,43.3871],[76.9393,43.3871],[76.9393,43.3871],[76.9393,43.3871],[76.9393,43.3871],[76.9393,43.3872],[76.9393,43.3872],[76.9393,43.3872],[76.9393,43.3872],[76.9393,43.3872],[76.9393,43.3873],[76.9393,43.3873],[76.9393,43.3873],[76.9393,43.3874],[76.9393,43.3874],[76.9393,43.3874],[76.9393,43.3874],[76.9393,43.3874],[76.9393,43.3874],[76.9393,43.3874],[76.9393,43.3875],[76.9393,43.3875],[76.9392,43.3875],[76.9392,43.3875],[76.9392,43.3875],[76.9392,43.3875],[76.9392,43.3875],[76.9392,43.3875],[76.9392,43.3875],[76.9392,43.3875],[76.9391,43.3875],[76.9399,43.3876],[76.9399,43.3875],[76.9398,43.3873],[76.9397,43.387],[76.9396,43.3867],[76.9396,43.3867],[76.939,43.383],[76.9388,43.3814]]]],"type":"MultiPolygon"},"geometry_name":"shape","id":"gp_functional_zones.fid--7752831e_19fb67eabdc_61a9","properties":{"area":63196.9421340769,"creation_doc_id":3613,"deactivation_doc_id":null,"func_zone_status_id":2,"ggk_zone_code":"11010000","ggk_zone_name":"Территория усадебной застройки","gp_func_zone_code":"11010000","gp_func_zone_code_id":19,"id":4725387,"zone_type_id":8},"type":"Feature"},{"bbox":[76.9381,43.388,76.9399,43.389],"geometry":{"coordinates":[[[76.9381,43.388],[76.9382,43.3882],[76.9382,43.3883],[76.9383,43.3885],[76.939,43.3885],[76.9391,43.389],[76.9391,43.3889],[76.9393,43.3887],[76.9394,43.3887],[76.9395,43.3887],[76.9395,43.3886],[76.9396,43.3886],[76.9397,43.3886],[76.9398,43.3886],[76.9398,43.3885],[76.9398,43.3884],[76.9397,43.3884],[76.9397,43.3883],[76.9396,43.3882],[76.9396,43.3881],[76.9381,43.388]]],"type":"Polygon"},"geometry_name":"shape","id":"gp_functional_zones.fid--7752831e_19fb67eabdc_61aa","properties":{"area":6955.69350192662,"creation_doc_id":3613,"deactivation_doc_id":null,"func_zone_status_id":2,"ggk_zone_code":"11010000","ggk_zone_name":"Территория усадебной застройки","gp_func_zone_code":"11010000","gp_func_zone_code_id":19,"id":4725389,"zone_type_id":8},"type":"Feature"},{"bbox":[76.9393,43.3888,76.9402,43.3899],"geometry":{"coordinates":[[[[76.9402,43.3899],[76.9401,43.3897],[76.9399,43.3895],[76.9398,43.3892],[76.9397,43.3888],[76.9395,43.3889],[76.9395,43.3889],[76.9395,43.3889],[76.9394,43.389],[76.9393,43.389],[76.9393,43.3891],[76.9393,43.3891],[76.9394,43.3891],[76.9394,43.3891],[76.9395,43.3892],[76.9395,43.3892],[76.9395,43.3892],[76.9395,43.3892],[76.9395,43.3892],[76.9395,43.3892],[76.9395,43.3892],[76.9395,43.3892],[76.9395,43.3892],[76.9395,43.3892],[76.9395,43.3892],[76.9395,43.3892],[76.9395,43.3892],[76.9395,43.3892],[76.9395,43.3892],[76.9395,43.3892],[76.9395,43.3892],[76.9395,43.3892],[76.9396,43.3893],[76.9396,43.3893],[76.9396,43.3893],[76.9396,43.3893],[76.9396,43.3893],[76.9396,43.3893],[76.9396,43.3895],[76.9396,43.3895],[76.9396,43.3895],[76.9396,43.3895],[76.9396,43.3895],[76.9396,43.3897],[76.9396,43.3897],[76.9396,43.3897],[76.9397,43.3898],[76.9397,43.3898],[76.9397,43.3898],[76.9397,43.3898],[76.9397,43.3898],[76.9397,43.3898],[76.9397,43.3898],[76.9397,43.3898],[76.9397,43.3898],[76.9397,43.3898],[76.9397,43.3898],[76.9397,43.3898],[76.9397,43.3898],[76.9397,43.3898],[76.9397,43.3898],[76.9399,43.3899],[76.9399,43.3899],[76.9399,43.3899],[76.94,43.3899],[76.94,43.3899],[76.94,43.3899],[76.94,43.3899],[76.94,43.3899],[76.94,43.3899],[76.94,43.3899],[76.94,43.3899],[76.94,43.3899],[76.94,43.3899],[76.9401,43.3899],[76.9401,43.3899],[76.9401,43.3899],[76.9401,43.3899],[76.9401,43.3899],[76.9401,43.3899],[76.9401,43.3899],[76.9401,43.3899],[76.9401,43.3899],[76.9401,43.3899],[76.9401,43.3899],[76.9402,43.3899],[76.9402,43.3899],[76.9402,43.3899],[76.9402,43.3899]]]],"type":"MultiPolygon"},"geometry_name":"shape","id":"gp_functional_zones.fid--7752831e_19fb67eabdc_61ab","properties":{"area":3523.77220241656,"creation_doc_id":3613,"deactivation_doc_id":null,"func_zone_status_id":2,"ggk_zone_code":"11010000","ggk_zone_name":"Территория усадебной застройки","gp_func_zone_code":"11010000","gp_func_zone_code_id":19,"id":4725390,"zone_type_id":8},"type":"Feature"},{"bbox":[76.9384,43.3892,76.9398,43.3915],"geometry":{"coordinates":[[[76.9398,43.3902],[76.9398,43.3901],[76.9396,43.39],[76.9395,43.39],[76.9394,43.39],[76.9394,43.3899],[76.9393,43.3899],[76.9393,43.3898],[76.9393,43.3897],[76.9393,43.3895],[76.9393,43.3893],[76.9392,43.3893],[76.9391,43.3893],[76.9391,43.3899],[76.9388,43.3904],[76.9388,43.3907],[76.9384,43.3907],[76.9384,43.3915],[76.9398,43.3915],[76.9397,43.3914],[76.9396,43.3912],[76.9394,43.391],[76.9394,43.3908],[76.9394,43.3907],[76.9395,43.3905],[76.9396,43.3904],[76.9398,43.3902]]],"type":"Polygon"},"geometry_name":"shape","id":"gp_functional_zones.fid--7752831e_19fb67eabdc_61ac","properties":{"area":14350.3784880297,"creation_doc_id":3613,"deactivation_doc_id":null,"func_zone_status_id":2,"ggk_zone_code":"11010000","ggk_zone_name":"Территория усадебной застройки","gp_func_zone_code":"11010000","gp_func_zone_code_id":19,"id":4725391,"zone_type_id":8},"type":"Feature"},{"bbox":[76.9397,43.3902,76.9405,43.3915],"geometry":{"coordinates":[[[[76.9404,43.3906],[76.9403,43.3902],[76.9403,43.3902],[76.9403,43.3902],[76.9403,43.3902],[76.9403,43.3902],[76.9403,43.3902],[76.9403,43.3902],[76.9403,43.3902],[76.9403,43.3902],[76.9403,43.3902],[76.9403,43.3902],[76.9403,43.3902],[76.9403,43.3902],[76.9403,43.3902],[76.9403,43.3902],[76.9403,43.3902],[76.9403,43.3902],[76.9403,43.3902],[76.9402,43.3903],[76.9402,43.3903],[76.9402,43.3903],[76.9402,43.3903],[76.9402,43.3903],[76.9402,43.3903],[76.9402,43.3903],[76.9402,43.3903],[76.9401,43.3903],[76.9401,43.3903],[76.9401,43.3903],[76.9401,43.3903],[76.9401,43.3903],[76.9401,43.3903],[76.9401,43.3903],[76.9401,43.3903],[76.94,43.3903],[76.94,43.3903],[76.94,43.3903],[76.94,43.3903],[76.94,43.3903],[76.9399,43.3905],[76.9398,43.3906],[76.9397,43.3908],[76.9397,43.3909],[76.9398,43.3911],[76.94,43.3912],[76.94,43.3913],[76.94,43.3913],[76.94,43.3913],[76.94,43.3913],[76.9401,43.3914],[76.9401,43.3914],[76.9401,43.3914],[76.9401,43.3914],[76.9401,43.3915],[76.9401,43.3915],[76.9401,43.3915],[76.9401,43.3915],[76.9401,43.3915],[76.9401,43.3915],[76.9401,43.3915],[76.9401,43.3915],[76.9401,43.3915],[76.9401,43.3915],[76.9405,43.3915],[76.9405,43.3913],[76.9405,43.3909],[76.9404,43.3906]]]],"type":"MultiPolygon"},"geometry_name":"shape","id":"gp_functional_zones.fid--7752831e_19fb67eabdc_61ad","properties":{"area":6430.83880382527,"creation_doc_id":3613,"deactivation_doc_id":null,"func_zone_status_id":2,"ggk_zone_code":"11010000","ggk_zone_name":"Территория усадебной застройки","gp_func_zone_code":"11010000","gp_func_zone_code_id":19,"id":4725392,"zone_type_id":8},"type":"Feature"},{"bbox":[76.9384,43.3917,76.9396,43.3934],"geometry":{"coordinates":[[[76.9389,43.3932],[76.939,43.3932],[76.9391,43.3932],[76.9392,43.3932],[76.9393,43.3932],[76.9393,43.3933],[76.9394,43.3933],[76.9394,43.3932],[76.9394,43.3931],[76.9393,43.3931],[76.9393,43.393],[76.9393,43.3929],[76.9392,43.3929],[76.9392,43.3927],[76.9392,43.3926],[76.9392,43.3925],[76.9392,43.3924],[76.9392,43.3923],[76.9392,43.3922],[76.9391,43.3922],[76.9391,43.3921],[76.9392,43.3921],[76.9392,43.392],[76.9393,43.392],[76.9393,43.3919],[76.9394,43.3918],[76.9394,43.3917],[76.9384,43.3917],[76.9386,43.3922],[76.9386,43.3928],[76.9385,43.3934],[76.9386,43.3934],[76.9386,43.3933],[76.9387,43.3933],[76.9388,43.3933],[76.9389,43.3933],[76.9389,43.3932]]],"type":"Polygon"},"geometry_name":"shape","id":"gp_functional_zones.fid--7752831e_19fb67eabdc_61af","properties":{"area":10204.4783538812,"creation_doc_id":3613,"deactivation_doc_id":null,"func_zone_status_id":2,"ggk_zone_code":"11010000","ggk_zone_name":"Территория усадебной застройки","gp_func_zone_code":"11010000","gp_func_zone_code_id":19,"id":4725395,"zone_type_id":8},"type":"Feature"},{"bbox":[76.9383,43.3917,76.9406,43.3966],"geometry":{"coordinates":[[[[76.9396,43.3943],[76.9398,43.3943],[76.94,43.3965],[76.9404,43.3965],[76.9404,43.3963],[76.9405,43.3961],[76.9405,43.3959],[76.9405,43.3956],[76.9405,43.3952],[76.9406,43.3948],[76.9406,43.3945],[76.9405,43.394],[76.9405,43.3936],[76.9406,43.3932],[76.9405,43.3925],[76.9406,43.3921],[76.9405,43.3917],[76.9405,43.3917],[76.9401,43.3917],[76.9401,43.3917],[76.9401,43.3917],[76.94,43.3918],[76.94,43.3918],[76.94,43.3918],[76.94,43.3918],[76.94,43.3918],[76.94,43.3918],[76.94,43.3918],[76.94,43.3919],[76.94,43.3919],[76.94,43.3919],[76.94,43.3919],[76.94,43.3919],[76.94,43.3919],[76.94,43.3919],[76.94,43.3919],[76.94,43.3919],[76.94,43.3919],[76.94,43.3919],[76.94,43.3919],[76.94,43.3919],[76.94,43.3919],[76.94,43.3919],[76.94,43.3919],[76.94,43.3919],[76.94,43.3919],[76.9399,43.3919],[76.9399,43.3919],[76.9399,43.3919],[76.9399,43.3919],[76.9399,43.3919],[76.9399,43.3919],[76.9399,43.3919],[76.9399,43.3919],[76.9399,43.3919],[76.9399,43.392],[76.9399,43.392],[76.9399,43.392],[76.9399,43.392],[76.9398,43.392],[76.9398,43.392],[76.9398,43.392],[76.9398,43.3919],[76.9398,43.3919],[76.9398,43.3919],[76.9398,43.3919],[76.9398,43.3919],[76.9398,43.3919],[76.9398,43.3919],[76.9398,43.3919],[76.9398,43.3919],[76.9398,43.3919],[76.9398,43.3919],[76.9398,43.3919],[76.9398,43.3919],[76.9398,43.3919],[76.9398,43.3919],[76.9397,43.392],[76.9397,43.392],[76.9397,43.392],[76.9397,43.392],[76.9397,43.392],[76.9397,43.392],[76.9397,43.392],[76.9397,43.392],[76.9397,43.392],[76.9397,43.392],[76.9397,43.392],[76.9397,43.392],[76.9397,43.392],[76.9397,43.392],[76.9397,43.392],[76.9396,43.392],[76.9396,43.392],[76.9396,43.392],[76.9396,43.392],[76.9396,43.392],[76.9396,43.392],[76.9396,43.392],[76.9396,43.392],[76.9396,43.392],[76.9396,43.392],[76.9396,43.392],[76.9396,43.392],[76.9396,43.392],[76.9396,43.392],[76.9396,43.392],[76.9396,43.392],[76.9396,43.392],[76.9396,43.392],[76.9395,43.392],[76.9395,43.3921],[76.9395,43.3921],[76.9395,43.3921],[76.9395,43.3921],[76.9395,43.3921],[76.9395,43.3921],[76.9395,43.3921],[76.9395,43.3921],[76.9395,43.3922],[76.9395,43.3922],[76.9395,43.3922],[76.9395,43.3922],[76.9395,43.3922],[76.9395,43.3922],[76.9395,43.3922],[76.9395,43.3922],[76.9395,43.3922],[76.9395,43.3922],[76.9395,43.3922],[76.9395,43.3922],[76.9395,43.3923],[76.9395,43.3923],[76.9395,43.3923],[76.9395,43.3923],[76.9395,43.3923],[76.9395,43.3923],[76.9395,43.3923],[76.9395,43.3923],[76.9395,43.3923],[76.9395,43.3923],[76.9395,43.3923],[76.9395,43.3923],[76.9395,43.3923],[76.9395,43.3923],[76.9395,43.3923],[76.9395,43.3923],[76.9395,43.3923],[76.9395,43.3923],[76.9395,43.3923],[76.9395,43.3923],[76.9395,43.3923],[76.9395,43.3924],[76.9395,43.3924],[76.9395,43.3924],[76.9395,43.3924],[76.9395,43.3924],[76.9395,43.3924],[76.9395,43.3924],[76.9395,43.3924],[76.9395,43.3924],[76.9395,43.3924],[76.9395,43.3924],[76.9395,43.3924],[76.9395,43.3924],[76.9395,43.3924],[76.9395,43.3925],[76.9395,43.3925],[76.9395,43.3925],[76.9395,43.3925],[76.9395,43.3925],[76.9395,43.3925],[76.9395,43.3925],[76.9395,43.3925],[76.9395,43.3925],[76.9395,43.3925],[76.9395,43.3925],[76.9395,43.3925],[76.9395,43.3925],[76.9395,43.3926],[76.9395,43.3926],[76.9395,43.3926],[76.9395,43.3926],[76.9395,43.3926],[76.9395,43.3926],[76.9395,43.3926],[76.9395,43.3926],[76.9395,43.3926],[76.9395,43.3926],[76.9395,43.3926],[76.9395,43.3926],[76.9395,43.3926],[76.9395,43.3927],[76.9395,43.3928],[76.9395,43.3928],[76.9395,43.3928],[76.9395,43.3928],[76.9395,43.3928],[76.9395,43.3928],[76.9395,43.3928],[76.9395,43.3928],[76.9395,43.3928],[76.9395,43.3928],[76.9395,43.3928],[76.9395,43.3928],[76.9395,43.3928],[76.9395,43.3928],[76.9395,43.3928],[76.9395,43.3928],[76.9395,43.3929],[76.9395,43.3929],[76.9395,43.3929],[76.9395,43.3929],[76.9395,43.3929],[76.9395,43.3929],[76.9395,43.3929],[76.9395,43.3929],[76.9395,43.3929],[76.9395,43.3929],[76.9395,43.3929],[76.9396,43.3929],[76.9396,43.393],[76.9396,43.393],[76.9397,43.393],[76.9397,43.393],[76.9397,43.393],[76.9397,43.393],[76.9397,43.393],[76.9397,43.393],[76.9397,43.3931],[76.9397,43.3931],[76.9397,43.3931],[76.9397,43.3931],[76.9397,43.3931],[76.9397,43.3931],[76.9397,43.3931],[76.9397,43.3931],[76.9397,43.3932],[76.9397,43.3933],[76.9397,43.3933],[76.9397,43.3933],[76.9397,43.3933],[76.9397,43.3933],[76.9397,43.3933],[76.9397,43.3933],[76.9397,43.3933],[76.9397,43.3933],[76.9397,43.3933],[76.9397,43.3933],[76.9397,43.3933],[76.9397,43.3933],[76.9397,43.3934],[76.9397,43.3934],[76.9397,43.3934],[76.9397,43.3934],[76.9397,43.3934],[76.9397,43.3934],[76.9397,43.3934],[76.9397,43.3934],[76.9397,43.3934],[76.9397,43.3934],[76.9397,43.3934],[76.9397,43.3934],[76.9397,43.3934],[76.9397,43.3934],[76.9397,43.3934],[76.9397,43.3934],[76.9397,43.3934],[76.9396,43.3934],[76.9396,43.3935],[76.9396,43.3935],[76.9396,43.3935],[76.9396,43.3935],[76.9396,43.3935],[76.9396,43.3935],[76.9396,43.3935],[76.9396,43.3935],[76.9396,43.3935],[76.9396,43.3935],[76.9396,43.3935],[76.9396,43.3935],[76.9396,43.3935],[76.9395,43.3935],[76.9395,43.3935],[76.9395,43.3935],[76.9395,43.3935],[76.9395,43.3935],[76.9395,43.3935],[76.9394,43.3935],[76.9394,43.3935],[76.9394,43.3935],[76.9394,43.3935],[76.9394,43.3935],[76.9394,43.3935],[76.9393,43.3935],[76.9393,43.3935],[76.9393,43.3935],[76.9393,43.3935],[76.9393,43.3935],[76.9393,43.3935],[76.9392,43.3935],[76.9392,43.3935],[76.9392,43.3935],[76.9392,43.3935],[76.9392,43.3935],[76.9392,43.3935],[76.9392,43.3935],[76.9392,43.3935],[76.9392,43.3935],[76.9392,43.3935],[76.9392,43.3935],[76.9392,43.3935],[76.9392,43.3935],[76.9391,43.3935],[76.9391,43.3935],[76.9391,43.3935],[76.9391,43.3935],[76.9391,43.3935],[76.9391,43.3935],[76.9391,43.3935],[76.9391,43.3935],[76.9391,43.3935],[76.9391,43.3935],[76.9391,43.3935],[76.9391,43.3935],[76.939,43.3935],[76.939,43.3935],[76.939,43.3935],[76.939,43.3935],[76.939,43.3935],[76.939,43.3935],[76.939,43.3935],[76.939,43.3935],[76.939,43.3935],[76.939,43.3935],[76.939,43.3935],[76.939,43.3935],[76.9389,43.3935],[76.9389,43.3935],[76.9389,43.3935],[76.9389,43.3935],[76.9389,43.3935],[76.9389,43.3935],[76.9389,43.3935],[76.9389,43.3935],[76.9389,43.3935],[76.9389,43.3935],[76.9389,43.3935],[76.9389,43.3935],[76.9389,43.3935],[76.9389,43.3935],[76.9388,43.3935],[76.9388,43.3935],[76.9388,43.3935],[76.9388,43.3935],[76.9388,43.3935],[76.9388,43.3935],[76.9388,43.3935],[76.9388,43.3935],[76.9388,43.3935],[76.9388,43.3935],[76.9388,43.3935],[76.9387,43.3936],[76.9387,43.3936],[76.9387,43.3936],[76.9387,43.3936],[76.9387,43.3936],[76.9387,43.3936],[76.9387,43.3936],[76.9387,43.3936],[76.9387,43.3936],[76.9387,43.3936],[76.9387,43.3936],[76.9387,43.3936],[76.9387,43.3936],[76.9387,43.3936],[76.9387,43.3936],[76.9387,43.3936],[76.9387,43.3936],[76.9387,43.3936],[76.9386,43.3937],[76.9386,43.3937],[76.9386,43.3937],[76.9386,43.3937],[76.9386,43.3937],[76.9386,43.3937],[76.9386,43.3937],[76.9386,43.3937],[76.9386,43.3937],[76.9386,43.3937],[76.9386,43.3937],[76.9385,43.3937],[76.9385,43.3937],[76.9385,43.3937],[76.9385,43.3937],[76.9385,43.3937],[76.9385,43.3937],[76.9385,43.3937],[76.9385,43.3937],[76.9385,43.3937],[76.9384,43.3937],[76.9384,43.3937],[76.9384,43.3937],[76.9383,43.394],[76.9384,43.3961],[76.9384,43.3966],[76.9397,43.3965],[76.9396,43.3943]]]],"type":"MultiPolygon"},"geometry_name":"shape","id":"gp_functional_zones.fid--7752831e_19fb67eabdc_61b2","properties":{"area":68966.7237147376,"creation_doc_id":3613,"deactivation_doc_id":null,"func_zone_status_id":2,"ggk_zone_code":"11010000","ggk_zone_name":"Территория усадебной застройки","gp_func_zone_code":"11010000","gp_func_zone_code_id":19,"id":4725400,"zone_type_id":8},"type":"Feature"},{"bbox":[76.9342,43.3878,76.9383,43.3971],"geometry":{"coordinates":[[[[76.9365,43.3966],[76.9365,43.3966],[76.9365,43.3966],[76.9365,43.3966],[76.9365,43.3966],[76.9365,43.3965],[76.9365,43.3965],[76.9365,43.3965],[76.9365,43.3965],[76.9365,43.3965],[76.9365,43.3965],[76.9365,43.3965],[76.9365,43.3964],[76.9364,43.3964],[76.9364,43.3964],[76.9364,43.3964],[76.9364,43.3964],[76.9364,43.3964],[76.9364,43.3964],[76.9364,43.3964],[76.9364,43.3964],[76.9364,43.3964],[76.9364,43.3964],[76.9364,43.3964],[76.9364,43.3964],[76.9364,43.3964],[76.9364,43.3964],[76.9364,43.3964],[76.9364,43.3964],[76.9364,43.3964],[76.9364,43.3964],[76.9364,43.3964],[76.9363,43.3964],[76.9363,43.3964],[76.9363,43.3964],[76.9363,43.3963],[76.9363,43.3963],[76.9363,43.3963],[76.9363,43.3963],[76.9363,43.3963],[76.9363,43.3963],[76.9363,43.3963],[76.9363,43.3963],[76.9363,43.3963],[76.9363,43.3963],[76.9363,43.3963],[76.9363,43.3963],[76.9363,43.3963],[76.9363,43.3963],[76.9363,43.3963],[76.9363,43.3963],[76.9363,43.3962],[76.9363,43.3962],[76.9363,43.3962],[76.9363,43.3962],[76.9363,43.3962],[76.9363,43.3962],[76.9363,43.3962],[76.9363,43.3962],[76.9363,43.3962],[76.9363,43.3961],[76.9363,43.3961],[76.9363,43.3961],[76.9363,43.3961],[76.9363,43.3961],[76.9363,43.3961],[76.9363,43.3961],[76.9363,43.3961],[76.9363,43.3961],[76.9363,43.3961],[76.9363,43.3961],[76.9363,43.396],[76.9363,43.396],[76.9363,43.396],[76.9363,43.396],[76.9363,43.396],[76.9363,43.396],[76.9363,43.396],[76.9363,43.396],[76.9363,43.396],[76.9362,43.3959],[76.9362,43.3959],[76.9362,43.3959],[76.9362,43.3959],[76.9362,43.3959],[76.9362,43.3959],[76.9362,43.3958],[76.9362,43.3958],[76.9362,43.3958],[76.9362,43.3958],[76.9362,43.3957],[76.9361,43.3957],[76.9361,43.3957],[76.9361,43.3957],[76.9361,43.3957],[76.9361,43.3957],[76.9361,43.3957],[76.9361,43.3957],[76.9361,43.3957],[76.9361,43.3957],[76.9361,43.3957],[76.9361,43.3957],[76.9361,43.3956],[76.9361,43.3956],[76.9361,43.3956],[76.9361,43.3956],[76.9361,43.3956],[76.9361,43.3956],[76.9361,43.3956],[76.9361,43.3956],[76.9361,43.3956],[76.936,43.3955],[76.9359,43.3955],[76.9359,43.3955],[76.9359,43.3955],[76.9359,43.3955],[76.9359,43.3955],[76.9359,43.3955],[76.9359,43.3955],[76.9359,43.3955],[76.9359,43.3955],[76.9359,43.3954],[76.9359,43.3954],[76.9359,43.3954],[76.9359,43.3954],[76.9358,43.3954],[76.9358,43.3954],[76.9358,43.3954],[76.9358,43.3954],[76.9358,43.3954],[76.9358,43.3953],[76.9358,43.3953],[76.9358,43.3953],[76.9358,43.3953],[76.9358,43.3953],[76.9358,43.3953],[76.9358,43.3953],[76.9358,43.3953],[76.9358,43.3953],[76.9358,43.3953],[76.9358,43.3953],[76.9359,43.3953],[76.9359,43.3953],[76.9359,43.3953],[76.9359,43.3953],[76.9359,43.3953],[76.9359,43.3953],[76.9359,43.3953],[76.9359,43.3953],[76.9359,43.3953],[76.9359,43.3953],[76.9359,43.3953],[76.9359,43.3952],[76.9359,43.3952],[76.9359,43.3952],[76.9359,43.3952],[76.9359,43.3952],[76.9359,43.3952],[76.9359,43.3952],[76.9359,43.3952],[76.9359,43.3952],[76.9359,43.3952],[76.9359,43.3952],[76.9359,43.3951],[76.9359,43.3951],[76.9359,43.3951],[76.9359,43.3951],[76.9359,43.3951],[76.9359,43.3951],[76.9359,43.3951],[76.9359,43.3951],[76.9359,43.3951],[76.9359,43.3951],[76.9359,43.3951],[76.9359,43.3951],[76.9359,43.3951],[76.9359,43.3951],[76.9359,43.3951],[76.9359,43.3951],[76.9359,43.3951],[76.9359,43.395],[76.9359,43.395],[76.9359,43.395],[76.936,43.395],[76.936,43.395],[76.936,43.395],[76.936,43.395],[76.936,43.395],[76.936,43.395],[76.936,43.395],[76.936,43.395],[76.936,43.395],[76.936,43.395],[76.9361,43.395],[76.9361,43.395],[76.9361,43.395],[76.9361,43.395],[76.9361,43.395],[76.9361,43.395],[76.9362,43.395],[76.9362,43.395],[76.9362,43.395],[76.9362,43.395],[76.9362,43.395],[76.9362,43.395],[76.9362,43.395],[76.9362,43.395],[76.9362,43.395],[76.9363,43.395],[76.9363,43.395],[76.9363,43.3949],[76.9363,43.3949],[76.9363,43.3949],[76.9363,43.3949],[76.9363,43.3949],[76.9364,43.3949],[76.9364,43.3949],[76.9364,43.3949],[76.9364,43.3949],[76.9364,43.3949],[76.9364,43.3948],[76.9364,43.3948],[76.9364,43.3948],[76.9364,43.3948],[76.9364,43.3948],[76.9365,43.3948],[76.9365,43.3948],[76.9365,43.3948],[76.9365,43.3948],[76.9365,43.3948],[76.9365,43.3948],[76.9365,43.3948],[76.9365,43.3948],[76.9365,43.3948],[76.9365,43.3948],[76.9365,43.3948],[76.9365,43.3948],[76.9365,43.3948],[76.9365,43.3948],[76.9365,43.3948],[76.9365,43.3948],[76.9365,43.3948],[76.9365,43.3948],[76.9365,43.3947],[76.9365,43.3947],[76.9365,43.3947],[76.9365,43.3947],[76.9365,43.3947],[76.9365,43.3947],[76.9365,43.3947],[76.9365,43.3947],[76.9365,43.3947],[76.9365,43.3947],[76.9365,43.3947],[76.9365,43.3947],[76.9365,43.3947],[76.9365,43.3947],[76.9365,43.3947],[76.9366,43.3947],[76.9366,43.3947],[76.9366,43.3947],[76.9366,43.3947],[76.9366,43.3947],[76.9366,43.3947],[76.9366,43.3946],[76.9366,43.3946],[76.9366,43.3946],[76.9366,43.3946],[76.9366,43.3946],[76.9366,43.3946],[76.9366,43.3946],[76.9366,43.3946],[76.9367,43.3946],[76.9367,43.3946],[76.9367,43.3946],[76.9367,43.3946],[76.9367,43.3946],[76.9367,43.3946],[76.9367,43.3946],[76.9367,43.3946],[76.9367,43.3946],[76.9367,43.3946],[76.9367,43.3946],[76.9367,43.3946],[76.9367,43.3946],[76.9367,43.3946],[76.9367,43.3946],[76.9367,43.3946],[76.9367,43.3946],[76.9367,43.3946],[76.9367,43.3945],[76.9367,43.3945],[76.9367,43.3945],[76.9367,43.3945],[76.9367,43.3945],[76.9367,43.3945],[76.9367,43.3945],[76.9367,43.3945],[76.9367,43.3945],[76.9367,43.3945],[76.9367,43.3945],[76.9367,43.3945],[76.9367,43.3945],[76.9367,43.3945],[76.9368,43.3944],[76.9368,43.3944],[76.9368,43.3944],[76.9368,43.3944],[76.9368,43.3944],[76.9368,43.3944],[76.9368,43.3944],[76.9368,43.3944],[76.9368,43.3944],[76.9368,43.3944],[76.9369,43.3944],[76.9369,43.3944],[76.9369,43.3944],[76.9369,43.3944],[76.9369,43.3944],[76.9369,43.3944],[76.9369,43.3944],[76.937,43.3943],[76.937,43.3943],[76.937,43.3943],[76.937,43.3943],[76.937,43.3943],[76.937,43.3943],[76.937,43.3943],[76.937,43.3943],[76.937,43.3943],[76.937,43.3943],[76.937,43.3943],[76.937,43.3943],[76.937,43.3943],[76.937,43.3943],[76.937,43.3943],[76.937,43.3943],[76.937,43.3943],[76.937,43.3943],[76.937,43.3942],[76.937,43.3942],[76.937,43.3942],[76.937,43.3942],[76.937,43.3942],[76.937,43.3942],[76.937,43.3942],[76.937,43.3942],[76.937,43.3942],[76.937,43.3942],[76.937,43.3942],[76.937,43.3942],[76.937,43.3942],[76.9371,43.3941],[76.9371,43.3941],[76.9371,43.3941],[76.9371,43.3941],[76.9371,43.3941],[76.9371,43.3941],[76.9371,43.3941],[76.9371,43.3941],[76.9371,43.3941],[76.9371,43.3941],[76.9371,43.3941],[76.9371,43.3941],[76.9371,43.3941],[76.9371,43.3941],[76.9371,43.3941],[76.9371,43.3941],[76.9371,43.3941],[76.9371,43.3941],[76.9371,43.3941],[76.9371,43.3941],[76.9371,43.394],[76.9371,43.394],[76.9371,43.394],[76.9371,43.394],[76.9372,43.394],[76.9372,43.394],[76.9372,43.394],[76.9372,43.394],[76.9372,43.394],[76.9372,43.394],[76.9372,43.394],[76.9372,43.394],[76.9372,43.394],[76.9372,43.394],[76.9372,43.394],[76.9372,43.394],[76.9372,43.394],[76.9373,43.394],[76.9373,43.394],[76.9373,43.394],[76.9373,43.394],[76.9373,43.394],[76.9373,43.394],[76.9373,43.394],[76.9373,43.394],[76.9373,43.394],[76.9373,43.394],[76.9373,43.394],[76.9373,43.394],[76.9373,43.394],[76.9373,43.394],[76.9373,43.3939],[76.9373,43.3939],[76.9373,43.3939],[76.9373,43.3939],[76.9373,43.3939],[76.9373,43.3939],[76.9373,43.3939],[76.9373,43.3939],[76.9373,43.3939],[76.9373,43.3939],[76.9373,43.3939],[76.9373,43.3939],[76.9373,43.3939],[76.9373,43.3939],[76.9373,43.3939],[76.9373,43.3939],[76.9373,43.3939],[76.9373,43.3939],[76.9373,43.3939],[76.9373,43.3939],[76.9373,43.3939],[76.9373,43.3939],[76.9373,43.3938],[76.9374,43.3938],[76.9374,43.3938],[76.9374,43.3938],[76.9374,43.3938],[76.9374,43.3938],[76.9374,43.3938],[76.9374,43.3938],[76.9374,43.3938],[76.9374,43.3938],[76.9374,43.3938],[76.9374,43.3938],[76.9375,43.3938],[76.9375,43.3938],[76.9375,43.3938],[76.9375,43.3938],[76.9375,43.3938],[76.9375,43.3938],[76.9375,43.3938],[76.9375,43.3938],[76.9375,43.3938],[76.9375,43.3938],[76.9375,43.3938],[76.9375,43.3938],[76.9375,43.3938],[76.9375,43.3938],[76.9375,43.3938],[76.9376,43.3938],[76.9376,43.3938],[76.9376,43.3938],[76.9376,43.3938],[76.9376,43.3937],[76.9376,43.3937],[76.9376,43.3937],[76.9376,43.3937],[76.9376,43.3937],[76.9376,43.3937],[76.9376,43.3937],[76.9376,43.3937],[76.9376,43.3937],[76.9376,43.3937],[76.9376,43.3937],[76.9376,43.3937],[76.9376,43.3937],[76.9376,43.3937],[76.9376,43.3937],[76.9376,43.3937],[76.9376,43.3937],[76.9376,43.3937],[76.9376,43.3937],[76.9376,43.3937],[76.9376,43.3937],[76.9376,43.3937],[76.9376,43.3937],[76.9377,43.3936],[76.9377,43.3936],[76.9377,43.3936],[76.9377,43.3936],[76.9377,43.3936],[76.9377,43.3936],[76.9377,43.3936],[76.9377,43.3936],[76.9377,43.3936],[76.9377,43.3936],[76.9377,43.3936],[76.9377,43.3936],[76.9377,43.3936],[76.9377,43.3936],[76.9378,43.3936],[76.9378,43.3936],[76.9378,43.3936],[76.9378,43.3936],[76.9378,43.3936],[76.9378,43.3936],[76.9378,43.3936],[76.9378,43.3936],[76.9378,43.3936],[76.9378,43.3936],[76.9378,43.3936],[76.9378,43.3936],[76.9379,43.3936],[76.9379,43.3936],[76.9379,43.3936],[76.9379,43.3936],[76.938,43.3936],[76.938,43.3936],[76.938,43.3936],[76.938,43.3936],[76.938,43.3936],[76.938,43.3936],[76.938,43.3936],[76.938,43.3936],[76.938,43.3936],[76.938,43.3936],[76.938,43.3936],[76.938,43.3936],[76.938,43.3936],[76.938,43.3936],[76.9381,43.3936],[76.9381,43.3936],[76.9381,43.3936],[76.9381,43.3936],[76.9381,43.3936],[76.9381,43.3936],[76.9381,43.3936],[76.9381,43.3936],[76.9381,43.3936],[76.9381,43.3936],[76.9381,43.3936],[76.9381,43.3936],[76.9381,43.3936],[76.9382,43.3936],[76.9382,43.3936],[76.9382,43.3936],[76.9382,43.3936],[76.9382,43.3936],[76.9383,43.3933],[76.9383,43.3928],[76.9383,43.3922],[76.9381,43.3916],[76.9381,43.3916],[76.9381,43.3886],[76.938,43.3885],[76.938,43.3884],[76.938,43.3882],[76.9379,43.3881],[76.9378,43.388],[76.9378,43.388],[76.9378,43.388],[76.9363,43.3878],[76.9364,43.3883],[76.9357,43.3882],[76.9342,43.388],[76.9343,43.3884],[76.9343,43.3884],[76.9354,43.3883],[76.9358,43.3885],[76.9359,43.3888],[76.9364,43.3894],[76.9371,43.3894],[76.9372,43.39],[76.9373,43.3905],[76.9374,43.3912],[76.9377,43.3921],[76.9378,43.3928],[76.9359,43.3939],[76.9359,43.3939],[76.9357,43.3943],[76.9354,43.3944],[76.9354,43.3944],[76.9353,43.3959],[76.9353,43.3963],[76.9353,43.3963],[76.9354,43.3963],[76.9355,43.3966],[76.9355,43.3966],[76.9358,43.3966],[76.9358,43.3967],[76.9358,43.3967],[76.9358,43.3967],[76.9358,43.3967],[76.9358,43.3967],[76.9358,43.3968],[76.9358,43.3968],[76.9358,43.3968],[76.9358,43.3968],[76.9358,43.3968],[76.9358,43.3968],[76.9359,43.3968],[76.9359,43.3968],[76.9359,43.3968],[76.9359,43.3968],[76.9359,43.3968],[76.9359,43.3968],[76.9359,43.3968],[76.9359,43.3968],[76.9359,43.3968],[76.9359,43.3968],[76.9359,43.3969],[76.9359,43.3969],[76.9359,43.3969],[76.9359,43.3969],[76.9359,43.3969],[76.9359,43.3969],[76.9359,43.3969],[76.9359,43.3969],[76.9359,43.3969],[76.9359,43.3969],[76.9359,43.3969],[76.9359,43.3969],[76.9359,43.3969],[76.936,43.3969],[76.936,43.3969],[76.936,43.3969],[76.936,43.3969],[76.936,43.3969],[76.936,43.3969],[76.936,43.3969],[76.936,43.3969],[76.936,43.3969],[76.936,43.3969],[76.936,43.3969],[76.936,43.3969],[76.936,43.3969],[76.936,43.397],[76.936,43.397],[76.9361,43.397],[76.9361,43.397],[76.9361,43.397],[76.9361,43.397],[76.9361,43.397],[76.9361,43.397],[76.9361,43.397],[76.9361,43.397],[76.9361,43.397],[76.9361,43.397],[76.9361,43.397],[76.9361,43.397],[76.9361,43.397],[76.9361,43.397],[76.9362,43.397],[76.9362,43.397],[76.9362,43.397],[76.9362,43.397],[76.9362,43.3971],[76.9362,43.3971],[76.9362,43.3971],[76.9362,43.3971],[76.9362,43.3971],[76.9362,43.3971],[76.9362,43.3971],[76.9362,43.3971],[76.9363,43.3971],[76.9363,43.397],[76.9363,43.397],[76.9363,43.397],[76.9363,43.397],[76.9363,43.397],[76.9363,43.397],[76.9363,43.397],[76.9364,43.397],[76.9364,43.397],[76.9364,43.397],[76.9364,43.397],[76.9364,43.397],[76.9364,43.397],[76.9364,43.397],[76.9364,43.397],[76.9364,43.397],[76.9364,43.3969],[76.9364,43.3969],[76.9364,43.3969],[76.9364,43.3969],[76.9364,43.3969],[76.9364,43.3969],[76.9364,43.3969],[76.9364,43.3969],[76.9364,43.3969],[76.9364,43.3969],[76.9365,43.3969],[76.9365,43.3969],[76.9365,43.3969],[76.9365,43.3968],[76.9365,43.3968],[76.9365,43.3968],[76.9365,43.3968],[76.9365,43.3968],[76.9365,43.3968],[76.9365,43.3968],[76.9365,43.3968],[76.9365,43.3968],[76.9365,43.3968],[76.9365,43.3968],[76.9365,43.3968],[76.9365,43.3968],[76.9365,43.3968],[76.9365,43.3968],[76.9365,43.3968],[76.9365,43.3968],[76.9365,43.3968],[76.9364,43.3968],[76.9364,43.3968],[76.9364,43.3968],[76.9364,43.3968],[76.9364,43.3968],[76.9364,43.3967],[76.9364,43.3967],[76.9364,43.3967],[76.9364,43.3967],[76.9364,43.3967],[76.9364,43.3967],[76.9364,43.3967],[76.9364,43.3967],[76.9364,43.3967],[76.9364,43.3967],[76.9364,43.3967],[76.9364,43.3967],[76.9364,43.3967],[76.9364,43.3967],[76.9364,43.3967],[76.9364,43.3967],[76.9364,43.3967],[76.9364,43.3967],[76.9364,43.3967],[76.9364,43.3967],[76.9364,43.3966],[76.9365,43.3966],[76.9365,43.3966],[76.9365,43.3966],[76.9365,43.3966],[76.9365,43.3966],[76.9365,43.3966],[76.9365,43.3966],[76.9365,43.3966],[76.9365,43.3966],[76.9365,43.3966],[76.9365,43.3966],[76.9365,43.3966]]]],"type":"MultiPolygon"},"geometry_name":"shape","id":"gp_functional_zones.fid--7752831e_19fb67eabdc_61b3","properties":{"area":89391.5746059463,"creation_doc_id":3613,"deactivation_doc_id":null,"func_zone_status_id":2,"ggk_zone_code":"11010000","ggk_zone_name":"Территория усадебной застройки","gp_func_zone_code":"11010000","gp_func_zone_code_id":19,"id":4725401,"zone_type_id":8},"type":"Feature"},{"bbox":[76.9354,43.3978,76.9364,43.3984],"geometry":{"coordinates":[[[76.9362,43.398],[76.9361,43.398],[76.9361,43.3979],[76.9361,43.3978],[76.936,43.3978],[76.9359,43.3978],[76.9358,43.3978],[76.9354,43.3978],[76.9357,43.3984],[76.9361,43.3984],[76.9361,43.3983],[76.9362,43.3983],[76.9362,43.3982],[76.9362,43.3981],[76.9363,43.3981],[76.9363,43.398],[76.9362,43.398]]],"type":"Polygon"},"geometry_name":"shape","id":"gp_functional_zones.fid--7752831e_19fb67eabdc_61b4","properties":{"area":3252.24569296652,"creation_doc_id":3613,"deactivation_doc_id":null,"func_zone_status_id":2,"ggk_zone_code":"11010000","ggk_zone_name":"Территория усадебной застройки","gp_func_zone_code":"11010000","gp_func_zone_code_id":19,"id":4725405,"zone_type_id":8},"type":"Feature"},{"bbox":[76.9384,43.3967,76.9397,43.3975],"geometry":{"coordinates":[[[[76.9397,43.3975],[76.9397,43.3967],[76.9384,43.3968],[76.9385,43.3975],[76.9397,43.3975]]]],"type":"MultiPolygon"},"geometry_name":"shape","id":"gp_functional_zones.fid--7752831e_19fb67eabdc_61b5","properties":{"area":8789.43174017089,"creation_doc_id":3613,"deactivation_doc_id":null,"func_zone_status_id":2,"ggk_zone_code":"11010000","ggk_zone_name":"Территория усадебной застройки","gp_func_zone_code":"11010000","gp_func_zone_code_id":19,"id":4725406,"zone_type_id":8},"type":"Feature"},{"bbox":[76.94,43.3975,76.9406,43.3984],"geometry":{"coordinates":[[[[76.9405,43.3977],[76.9404,43.3975],[76.94,43.3976],[76.94,43.3984],[76.9405,43.3984],[76.9405,43.3983],[76.9405,43.3981],[76.9406,43.3979],[76.9405,43.3977],[76.9405,43.3977]]]],"type":"MultiPolygon"},"geometry_name":"shape","id":"gp_functional_zones.fid--7752831e_19fb67eabdc_61b6","properties":{"area":3799.11707781604,"creation_doc_id":3613,"deactivation_doc_id":null,"func_zone_status_id":2,"ggk_zone_code":"11010000","ggk_zone_name":"Территория усадебной застройки","gp_func_zone_code":"11010000","gp_func_zone_code_id":19,"id":4725407,"zone_type_id":8},"type":"Feature"},{"bbox":[76.9372,43.3989,76.9376,43.3991],"geometry":{"coordinates":[[[76.9375,43.399],[76.9375,43.3989],[76.9372,43.3989],[76.9373,43.399],[76.9374,43.399],[76.9374,43.3991],[76.9375,43.3991],[76.9375,43.399]]],"type":"Polygon"},"geometry_name":"shape","id":"gp_functional_zones.fid--7752831e_19fb67eabdc_61b7","properties":{"area":311.504768088189,"creation_doc_id":3613,"deactivation_doc_id":null,"func_zone_status_id":2,"ggk_zone_code":"11010000","ggk_zone_name":"Территория усадебной застройки","gp_func_zone_code":"11010000","gp_func_zone_code_id":19,"id":4725408,"zone_type_id":8},"type":"Feature"},{"bbox":[76.9361,43.3989,76.9371,43.3993],"geometry":{"coordinates":[[[[76.9369,43.3989],[76.9361,43.3989],[76.9365,43.3991],[76.937,43.3993],[76.937,43.3993],[76.937,43.3993],[76.937,43.3993],[76.937,43.3993],[76.937,43.3993],[76.937,43.3993],[76.937,43.3993],[76.937,43.3993],[76.937,43.3993],[76.937,43.3993],[76.937,43.3993],[76.937,43.3993],[76.937,43.3993],[76.937,43.3993],[76.937,43.3993],[76.937,43.3993],[76.937,43.3993],[76.937,43.3992],[76.937,43.3992],[76.937,43.3992],[76.937,43.3992],[76.937,43.3992],[76.937,43.3992],[76.937,43.3992],[76.937,43.3992],[76.937,43.3992],[76.937,43.3992],[76.937,43.3992],[76.937,43.3992],[76.937,43.3992],[76.937,43.3992],[76.937,43.3992],[76.937,43.3992],[76.9371,43.3992],[76.9371,43.3991],[76.9371,43.3991],[76.9371,43.3991],[76.9371,43.3991],[76.937,43.3991],[76.937,43.3991],[76.937,43.3991],[76.937,43.3991],[76.937,43.3991],[76.937,43.3991],[76.937,43.3991],[76.937,43.3991],[76.937,43.3991],[76.937,43.3991],[76.937,43.3991],[76.937,43.399],[76.9369,43.399],[76.9369,43.399],[76.9369,43.3989],[76.9369,43.3989]]]],"type":"MultiPolygon"},"geometry_name":"shape","id":"gp_functional_zones.fid--7752831e_19fb67eabdc_61b8","properties":{"area":1550.55541713993,"creation_doc_id":3613,"deactivation_doc_id":null,"func_zone_status_id":2,"ggk_zone_code":"11010000","ggk_zone_name":"Территория усадебной застройки","gp_func_zone_code":"11010000","gp_func_zone_code_id":19,"id":4725409,"zone_type_id":8},"type":"Feature"},{"bbox":[76.9388,43.3989,76.9398,43.3997],"geometry":{"coordinates":[[[[76.9397,43.3989],[76.9388,43.3989],[76.9389,43.3992],[76.9389,43.3992],[76.939,43.3995],[76.9398,43.3997],[76.9397,43.3989]]]],"type":"MultiPolygon"},"geometry_name":"shape","id":"gp_functional_zones.fid--7752831e_19fb67eabdc_61b9","properties":{"area":5212.54771143189,"creation_doc_id":3613,"deactivation_doc_id":null,"func_zone_status_id":2,"ggk_zone_code":"11010000","ggk_zone_name":"Территория усадебной застройки","gp_func_zone_code":"11010000","gp_func_zone_code_id":19,"id":4725410,"zone_type_id":8},"type":"Feature"},{"bbox":[76.94,43.3989,76.9406,43.3999],"geometry":{"coordinates":[[[[76.9406,43.3989],[76.94,43.3989],[76.94,43.3998],[76.9402,43.3998],[76.9404,43.3999],[76.9404,43.3997],[76.9405,43.3997],[76.9405,43.3993],[76.9406,43.3991],[76.9406,43.3989]]]],"type":"MultiPolygon"},"geometry_name":"shape","id":"gp_functional_zones.fid--7752831e_19fb67eabdc_61ba","properties":{"area":4322.11381058705,"creation_doc_id":3613,"deactivation_doc_id":null,"func_zone_status_id":2,"ggk_zone_code":"11010000","ggk_zone_name":"Территория усадебной застройки","gp_func_zone_code":"11010000","gp_func_zone_code_id":19,"id":4725411,"zone_type_id":8},"type":"Feature"},{"bbox":[76.9378,43.3989,76.9388,43.4002],"geometry":{"coordinates":[[[76.9385,43.3989],[76.9378,43.3989],[76.9378,43.399],[76.9379,43.399],[76.938,43.399],[76.938,43.3991],[76.9381,43.3991],[76.9381,43.399],[76.9382,43.399],[76.9383,43.399],[76.9384,43.399],[76.9384,43.3991],[76.9385,43.3991],[76.9385,43.3992],[76.9386,43.3992],[76.9386,43.3993],[76.9387,43.3993],[76.9387,43.3994],[76.9387,43.3995],[76.9386,43.3996],[76.9387,43.3996],[76.9387,43.3997],[76.9386,43.3997],[76.9386,43.3998],[76.9386,43.3999],[76.9385,43.3999],[76.9384,43.4],[76.9384,43.4001],[76.9384,43.4002],[76.9385,43.4002],[76.9385,43.4001],[76.9388,43.3996],[76.9387,43.3992],[76.9385,43.3989]]],"type":"Polygon"},"geometry_name":"shape","id":"gp_functional_zones.fid--7752831e_19fb67eabdc_61bb","properties":{"area":1553.72765511498,"creation_doc_id":3613,"deactivation_doc_id":null,"func_zone_status_id":2,"ggk_zone_code":"11010000","ggk_zone_name":"Территория усадебной застройки","gp_func_zone_code":"11010000","gp_func_zone_code_id":19,"id":4725415,"zone_type_id":8},"type":"Feature"},{"bbox":[76.9372,43.3992,76.9384,43.4006],"geometry":{"coordinates":[[[76.9379,43.4006],[76.938,43.4005],[76.9381,43.4005],[76.9381,43.4004],[76.9382,43.4004],[76.9382,43.4003],[76.9381,43.4003],[76.9381,43.4002],[76.938,43.4002],[76.938,43.4001],[76.938,43.4],[76.9381,43.4],[76.9381,43.3999],[76.9382,43.3998],[76.9383,43.3997],[76.9383,43.3996],[76.9383,43.3995],[76.9384,43.3995],[76.9384,43.3994],[76.9383,43.3994],[76.9383,43.3993],[76.9382,43.3993],[76.9381,43.3993],[76.938,43.3993],[76.9379,43.3993],[76.9379,43.3992],[76.9378,43.3992],[76.9378,43.3993],[76.9377,43.3993],[76.9377,43.3994],[76.9376,43.3994],[76.9375,43.3994],[76.9374,43.3994],[76.9373,43.3994],[76.9372,43.3994],[76.9373,43.3995],[76.9374,43.4005],[76.9378,43.4005],[76.9378,43.4006],[76.9379,43.4006]]],"type":"Polygon"},"geometry_name":"shape","id":"gp_functional_zones.fid--7752831e_19fb67eabdc_61be","properties":{"area":9310.54251836125,"creation_doc_id":3613,"deactivation_doc_id":null,"func_zone_status_id":2,"ggk_zone_code":"11010000","ggk_zone_name":"Территория усадебной застройки","gp_func_zone_code":"11010000","gp_func_zone_code_id":19,"id":4725418,"zone_type_id":8},"type":"Feature"},{"bbox":[76.9377,43.4005,76.9385,43.4025],"geometry":{"coordinates":[[[76.9384,43.4006],[76.9383,43.4006],[76.9383,43.4007],[76.9382,43.4007],[76.9381,43.4007],[76.9381,43.4008],[76.938,43.4008],[76.9379,43.4008],[76.9379,43.4009],[76.9378,43.4009],[76.9378,43.401],[76.9379,43.401],[76.9379,43.4011],[76.9379,43.4012],[76.9378,43.4012],[76.9378,43.4013],[76.9377,43.4013],[76.9377,43.4014],[76.9378,43.4014],[76.9378,43.4015],[76.9378,43.4016],[76.9378,43.4017],[76.9378,43.4018],[76.9377,43.4018],[76.9377,43.4019],[76.9378,43.4019],[76.9378,43.402],[76.9378,43.4021],[76.9378,43.4023],[76.9379,43.4023],[76.9379,43.4024],[76.9379,43.4025],[76.938,43.4025],[76.9385,43.4025],[76.9384,43.4024],[76.9384,43.4022],[76.9384,43.402],[76.9384,43.4018],[76.9384,43.4016],[76.9384,43.4013],[76.9384,43.4006]]],"type":"Polygon"},"geometry_name":"shape","id":"gp_functional_zones.fid--7752831e_19fb67eabdc_61bf","properties":{"area":9217.32253298201,"creation_doc_id":3613,"deactivation_doc_id":null,"func_zone_status_id":2,"ggk_zone_code":"11010000","ggk_zone_name":"Территория усадебной застройки","gp_func_zone_code":"11010000","gp_func_zone_code_id":19,"id":4725423,"zone_type_id":8},"type":"Feature"},{"bbox":[76.9386,43.3997,76.9398,43.4026],"geometry":{"coordinates":[[[[76.9398,43.3999],[76.939,43.3997],[76.9387,43.4002],[76.9386,43.4014],[76.9386,43.4016],[76.9386,43.4018],[76.9386,43.402],[76.9387,43.4022],[76.9387,43.4024],[76.9387,43.4026],[76.9387,43.4026],[76.9396,43.4024],[76.9396,43.4024],[76.9398,43.4024],[76.9398,43.4024],[76.9398,43.3999]]]],"type":"MultiPolygon"},"geometry_name":"shape","id":"gp_functional_zones.fid--7752831e_19fb67eabdc_61c0","properties":{"area":26554.9011361218,"creation_doc_id":3613,"deactivation_doc_id":null,"func_zone_status_id":2,"ggk_zone_code":"11010000","ggk_zone_name":"Территория усадебной застройки","gp_func_zone_code":"11010000","gp_func_zone_code_id":19,"id":4725424,"zone_type_id":8},"type":"Feature"},{"bbox":[76.9471,43.416,76.9492,43.4177],"geometry":{"coordinates":[[[[76.9492,43.4173],[76.9478,43.416],[76.9471,43.4164],[76.9471,43.4164],[76.9479,43.4172],[76.948,43.4173],[76.9484,43.4177],[76.9492,43.4173]]]],"type":"MultiPolygon"},"geometry_name":"shape","id":"gp_functional_zones.fid--7752831e_19fb67eabdc_61c4","properties":{"area":13916.9417440488,"creation_doc_id":3613,"deactivation_doc_id":null,"func_zone_status_id":2,"ggk_zone_code":"11010000","ggk_zone_name":"Территория усадебной застройки","gp_func_zone_code":"11010000","gp_func_zone_code_id":19,"id":4725428,"zone_type_id":8},"type":"Feature"},{"bbox":[76.946,43.4147,76.9477,43.4162],"geometry":{"coordinates":[[[[76.9477,43.4159],[76.9469,43.4147],[76.946,43.4148],[76.9461,43.4149],[76.9465,43.4157],[76.947,43.4162],[76.9477,43.4159]]]],"type":"MultiPolygon"},"geometry_name":"shape","id":"gp_functional_zones.fid--7752831e_19fb67eabdc_61c5","properties":{"area":11822.501630348,"creation_doc_id":3613,"deactivation_doc_id":null,"func_zone_status_id":2,"ggk_zone_code":"11010000","ggk_zone_name":"Территория усадебной застройки","gp_func_zone_code":"11010000","gp_func_zone_code_id":19,"id":4725429,"zone_type_id":8},"type":"Feature"},{"bbox":[76.9454,43.4129,76.9468,43.4147],"geometry":{"coordinates":[[[[76.9468,43.4145],[76.9463,43.4129],[76.9454,43.4131],[76.9459,43.4146],[76.9459,43.4147],[76.9468,43.4145]]]],"type":"MultiPolygon"},"geometry_name":"shape","id":"gp_functional_zones.fid--7752831e_19fb67eabdc_61c6","properties":{"area":13382.9547416631,"creation_doc_id":3613,"deactivation_doc_id":null,"func_zone_status_id":2,"ggk_zone_code":"11010000","ggk_zone_name":"Территория усадебной застройки","gp_func_zone_code":"11010000","gp_func_zone_code_id":19,"id":4725430,"zone_type_id":8},"type":"Feature"},{"bbox":[76.945,43.4118,76.9462,43.4129],"geometry":{"coordinates":[[[[76.9462,43.4128],[76.9459,43.4118],[76.945,43.4119],[76.9453,43.4129],[76.9462,43.4128]]]],"type":"MultiPolygon"},"geometry_name":"shape","id":"gp_functional_zones.fid--7752831e_19fb67eabdc_61c7","properties":{"area":8433.59505804215,"creation_doc_id":3613,"deactivation_doc_id":null,"func_zone_status_id":2,"ggk_zone_code":"11010000","ggk_zone_name":"Территория усадебной застройки","gp_func_zone_code":"11010000","gp_func_zone_code_id":19,"id":4725431,"zone_type_id":8},"type":"Feature"},{"bbox":[76.9661,43.4071,76.969,43.4086],"geometry":{"coordinates":[[[[76.969,43.4077],[76.9683,43.4071],[76.9661,43.4079],[76.9666,43.4086],[76.969,43.4077]]]],"type":"MultiPolygon"},"geometry_name":"shape","id":"gp_functional_zones.fid--7752831e_19fb67eabdc_61de","properties":{"area":18405.9797359878,"creation_doc_id":3613,"deactivation_doc_id":null,"func_zone_status_id":2,"ggk_zone_code":"11010000","ggk_zone_name":"Территория усадебной застройки","gp_func_zone_code":"11010000","gp_func_zone_code_id":19,"id":4725455,"zone_type_id":8},"type":"Feature"},{"bbox":[76.9618,43.4051,76.9663,43.4096],"geometry":{"coordinates":[[[[76.9663,43.4087],[76.9659,43.408],[76.9659,43.408],[76.9658,43.408],[76.9658,43.408],[76.9657,43.4081],[76.9657,43.4081],[76.9657,43.4081],[76.9657,43.4081],[76.9656,43.4081],[76.9656,43.4081],[76.9655,43.4081],[76.9655,43.4081],[76.9654,43.4081],[76.9654,43.4081],[76.9653,43.4081],[76.9653,43.4081],[76.9645,43.4085],[76.9644,43.4085],[76.9639,43.4082],[76.9638,43.4082],[76.9638,43.4083],[76.9637,43.4082],[76.9637,43.4082],[76.9637,43.4082],[76.9636,43.4082],[76.9636,43.4082],[76.9635,43.4082],[76.9635,43.4081],[76.9635,43.4081],[76.9635,43.4081],[76.9635,43.408],[76.9635,43.408],[76.9634,43.4072],[76.9634,43.4072],[76.9639,43.4068],[76.9643,43.4067],[76.9637,43.4051],[76.9636,43.4051],[76.9626,43.4054],[76.9628,43.4059],[76.9628,43.4059],[76.9628,43.406],[76.9628,43.406],[76.9618,43.4062],[76.962,43.4067],[76.9632,43.4096],[76.964,43.4094],[76.9651,43.4091],[76.9651,43.4091],[76.9663,43.4087]]]],"type":"MultiPolygon"},"geometry_name":"shape","id":"gp_functional_zones.fid--7752831e_19fb67eabdc_61df","properties":{"area":68168.4043790432,"creation_doc_id":3613,"deactivation_doc_id":null,"func_zone_status_id":2,"ggk_zone_code":"11010000","ggk_zone_name":"Территория усадебной застройки","gp_func_zone_code":"11010000","gp_func_zone_code_id":19,"id":4725456,"zone_type_id":8},"type":"Feature"},{"bbox":[76.9667,43.4083,76.9694,43.4109],"geometry":{"coordinates":[[[[76.9679,43.41],[76.9694,43.4097],[76.9686,43.4098],[76.9681,43.4097],[76.9675,43.4087],[76.9679,43.4085],[76.9679,43.4083],[76.9667,43.4088],[76.9669,43.4091],[76.9671,43.4094],[76.9671,43.4094],[76.9676,43.4109],[76.9677,43.4109],[76.9679,43.4108],[76.9681,43.4107],[76.9679,43.4104],[76.9678,43.4103],[76.9679,43.41]]]],"type":"MultiPolygon"},"geometry_name":"shape","id":"gp_functional_zones.fid--7752831e_19fb67eabdc_61e0","properties":{"area":16468.2042492751,"creation_doc_id":3613,"deactivation_doc_id":null,"func_zone_status_id":2,"ggk_zone_code":"11010000","ggk_zone_name":"Территория усадебной застройки","gp_func_zone_code":"11010000","gp_func_zone_code_id":19,"id":4725457,"zone_type_id":8},"type":"Feature"},{"bbox":[76.9653,43.4089,76.9674,43.4113],"geometry":{"coordinates":[[[[76.9666,43.4091],[76.9665,43.4089],[76.9653,43.4093],[76.9657,43.4097],[76.9657,43.4097],[76.9659,43.4101],[76.9659,43.4101],[76.9663,43.4113],[76.9665,43.4113],[76.9667,43.4112],[76.967,43.4111],[76.9672,43.4111],[76.9674,43.411],[76.9668,43.4094],[76.9666,43.4091]]]],"type":"MultiPolygon"},"geometry_name":"shape","id":"gp_functional_zones.fid--7752831e_19fb67eabdc_61e1","properties":{"area":23408.2627916505,"creation_doc_id":3613,"deactivation_doc_id":null,"func_zone_status_id":2,"ggk_zone_code":"11010000","ggk_zone_name":"Территория усадебной застройки","gp_func_zone_code":"11010000","gp_func_zone_code_id":19,"id":4725458,"zone_type_id":8},"type":"Feature"},{"bbox":[76.9642,43.4093,76.9661,43.4115],"geometry":{"coordinates":[[[[76.9655,43.4098],[76.9651,43.4093],[76.9642,43.4095],[76.9649,43.4112],[76.965,43.4115],[76.9652,43.4115],[76.9655,43.4115],[76.9657,43.4114],[76.966,43.4114],[76.9661,43.4114],[76.9657,43.4101],[76.9655,43.4098]]]],"type":"MultiPolygon"},"geometry_name":"shape","id":"gp_functional_zones.fid--7752831e_19fb67eabdc_61e2","properties":{"area":20610.4548018259,"creation_doc_id":3613,"deactivation_doc_id":null,"func_zone_status_id":2,"ggk_zone_code":"11010000","ggk_zone_name":"Территория усадебной застройки","gp_func_zone_code":"11010000","gp_func_zone_code_id":19,"id":4725459,"zone_type_id":8},"type":"Feature"},{"bbox":[76.9633,43.4096,76.9648,43.4117],"geometry":{"coordinates":[[[[76.9647,43.4112],[76.964,43.4096],[76.9633,43.4098],[76.9639,43.4117],[76.9644,43.4116],[76.9647,43.4116],[76.9648,43.4116],[76.9647,43.4112]]]],"type":"MultiPolygon"},"geometry_name":"shape","id":"gp_functional_zones.fid--7752831e_19fb67eabdc_61e3","properties":{"area":14998.0613240591,"creation_doc_id":3613,"deactivation_doc_id":null,"func_zone_status_id":2,"ggk_zone_code":"11010000","ggk_zone_name":"Территория усадебной застройки","gp_func_zone_code":"11010000","gp_func_zone_code_id":19,"id":4725460,"zone_type_id":8},"type":"Feature"},{"bbox":[76.9617,43.4098,76.9637,43.4119],"geometry":{"coordinates":[[[[76.9637,43.4117],[76.963,43.4098],[76.9617,43.4101],[76.9621,43.4109],[76.9626,43.4119],[76.9627,43.4119],[76.9632,43.4118],[76.9637,43.4117]]]],"type":"MultiPolygon"},"geometry_name":"shape","id":"gp_functional_zones.fid--7752831e_19fb67eabdc_61e4","properties":{"area":21629.3206903817,"creation_doc_id":3613,"deactivation_doc_id":null,"func_zone_status_id":2,"ggk_zone_code":"11010000","ggk_zone_name":"Территория усадебной застройки","gp_func_zone_code":"11010000","gp_func_zone_code_id":19,"id":4725461,"zone_type_id":8},"type":"Feature"},{"bbox":[76.9598,43.411,76.9624,43.4125],"geometry":{"coordinates":[[[[76.9624,43.412],[76.9619,43.411],[76.9598,43.4115],[76.9599,43.4116],[76.9599,43.4116],[76.96,43.4118],[76.96,43.4118],[76.9601,43.4119],[76.9601,43.4119],[76.9602,43.4121],[76.9603,43.4125],[76.9606,43.4124],[76.9611,43.4123],[76.9617,43.4121],[76.9622,43.412],[76.9624,43.412]]]],"type":"MultiPolygon"},"geometry_name":"shape","id":"gp_functional_zones.fid--7752831e_19fb67eabdc_61e5","properties":{"area":19552.2190825565,"creation_doc_id":3613,"deactivation_doc_id":null,"func_zone_status_id":2,"ggk_zone_code":"11010000","ggk_zone_name":"Территория усадебной застройки","gp_func_zone_code":"11010000","gp_func_zone_code_id":19,"id":4725462,"zone_type_id":8},"type":"Feature"},{"bbox":[76.9308,43.3989,76.9332,43.3992],"geometry":{"coordinates":[[[[76.9331,43.3989],[76.9308,43.399],[76.9308,43.3992],[76.9332,43.3992],[76.9331,43.3991],[76.9331,43.3991],[76.9331,43.3989]]]],"type":"MultiPolygon"},"geometry_name":"shape","id":"gp_functional_zones.fid--7752831e_19fb67eabdc_61f9","properties":{"area":5073.51328725056,"creation_doc_id":3613,"deactivation_doc_id":null,"func_zone_status_id":2,"ggk_zone_code":"11010000","ggk_zone_name":"Территория усадебной застройки","gp_func_zone_code":"11010000","gp_func_zone_code_id":19,"id":4725489,"zone_type_id":8},"type":"Feature"},{"bbox":[76.9308,43.3994,76.9345,43.3999],"geometry":{"coordinates":[[[[76.9345,43.3994],[76.9308,43.3994],[76.9309,43.3998],[76.9344,43.3999],[76.9344,43.3999],[76.9345,43.3994]]]],"type":"MultiPolygon"},"geometry_name":"shape","id":"gp_functional_zones.fid--7752831e_19fb67eabdc_61fa","properties":{"area":14991.3757932079,"creation_doc_id":3613,"deactivation_doc_id":null,"func_zone_status_id":2,"ggk_zone_code":"11010000","ggk_zone_name":"Территория усадебной застройки","gp_func_zone_code":"11010000","gp_func_zone_code_id":19,"id":4725490,"zone_type_id":8},"type":"Feature"},{"bbox":[76.9277,43.3983,76.9292,43.4004],"geometry":{"coordinates":[[[[76.9292,43.4004],[76.929,43.3983],[76.9286,43.3987],[76.9284,43.3992],[76.928,43.3997],[76.9278,43.4],[76.9277,43.4003],[76.9277,43.4004],[76.9292,43.4004]]]],"type":"MultiPolygon"},"geometry_name":"shape","id":"gp_functional_zones.fid--7752831e_19fb67eabdc_61fb","properties":{"area":15872.4739387226,"creation_doc_id":3613,"deactivation_doc_id":null,"func_zone_status_id":2,"ggk_zone_code":"11010000","ggk_zone_name":"Территория усадебной застройки","gp_func_zone_code":"11010000","gp_func_zone_code_id":19,"id":4725491,"zone_type_id":8},"type":"Feature"},{"bbox":[76.9274,43.4005,76.9293,43.4011],"geometry":{"coordinates":[[[[76.9277,43.4005],[76.9276,43.4005],[76.9274,43.401],[76.9274,43.4011],[76.9274,43.4011],[76.9293,43.4011],[76.9292,43.4006],[76.9277,43.4005]]]],"type":"MultiPolygon"},"geometry_name":"shape","id":"gp_functional_zones.fid--7752831e_19fb67eabdc_61fc","properties":{"area":8645.13847762205,"creation_doc_id":3613,"deactivation_doc_id":null,"func_zone_status_id":2,"ggk_zone_code":"11010000","ggk_zone_name":"Территория усадебной застройки","gp_func_zone_code":"11010000","gp_func_zone_code_id":19,"id":4725492,"zone_type_id":8},"type":"Feature"},{"bbox":[76.931,43.4006,76.9324,43.4012],"geometry":{"coordinates":[[[[76.9324,43.4006],[76.931,43.4006],[76.931,43.4011],[76.932,43.4012],[76.932,43.4011],[76.9324,43.4006]]]],"type":"MultiPolygon"},"geometry_name":"shape","id":"gp_functional_zones.fid--7752831e_19fb67eabdc_61fd","properties":{"area":5711.6121157089,"creation_doc_id":3613,"deactivation_doc_id":null,"func_zone_status_id":2,"ggk_zone_code":"11010000","ggk_zone_name":"Территория усадебной застройки","gp_func_zone_code":"11010000","gp_func_zone_code_id":19,"id":4725493,"zone_type_id":8},"type":"Feature"},{"bbox":[76.9266,43.4012,76.9294,43.4017],"geometry":{"coordinates":[[[[76.9273,43.4012],[76.9273,43.4012],[76.9273,43.4013],[76.9269,43.4015],[76.9266,43.4016],[76.9266,43.4017],[76.9294,43.4017],[76.9293,43.4013],[76.9273,43.4012]]]],"type":"MultiPolygon"},"geometry_name":"shape","id":"gp_functional_zones.fid--7752831e_19fb67eabdc_61fe","properties":{"area":9889.62087590926,"creation_doc_id":3613,"deactivation_doc_id":null,"func_zone_status_id":2,"ggk_zone_code":"11010000","ggk_zone_name":"Территория усадебной застройки","gp_func_zone_code":"11010000","gp_func_zone_code_id":19,"id":4725494,"zone_type_id":8},"type":"Feature"},{"bbox":[76.931,43.4013,76.9319,43.4018],"geometry":{"coordinates":[[[[76.9319,43.4013],[76.931,43.4013],[76.9311,43.4018],[76.9317,43.4018],[76.9317,43.4017],[76.9317,43.4016],[76.9317,43.4016],[76.9317,43.4016],[76.9319,43.4013],[76.9319,43.4013]]]],"type":"MultiPolygon"},"geometry_name":"shape","id":"gp_functional_zones.fid--7752831e_19fb67eabdc_61ff","properties":{"area":3054.73185856851,"creation_doc_id":3613,"deactivation_doc_id":null,"func_zone_status_id":2,"ggk_zone_code":"11010000","ggk_zone_name":"Территория усадебной застройки","gp_func_zone_code":"11010000","gp_func_zone_code_id":19,"id":4725495,"zone_type_id":8},"type":"Feature"},{"bbox":[76.9242,43.4018,76.9294,43.4023],"geometry":{"coordinates":[[[[76.9294,43.4019],[76.9246,43.4018],[76.9242,43.4022],[76.9294,43.4023],[76.9294,43.4019]]]],"type":"MultiPolygon"},"geometry_name":"shape","id":"gp_functional_zones.fid--7752831e_19fb67eabdc_6200","properties":{"area":21713.0436495983,"creation_doc_id":3613,"deactivation_doc_id":null,"func_zone_status_id":2,"ggk_zone_code":"11010000","ggk_zone_name":"Территория усадебной застройки","gp_func_zone_code":"11010000","gp_func_zone_code_id":19,"id":4725496,"zone_type_id":8},"type":"Feature"},{"bbox":[76.9309,43.4,76.9362,43.4023],"geometry":{"coordinates":[[[[76.9354,43.4009],[76.9353,43.4007],[76.9352,43.4007],[76.9352,43.4006],[76.935,43.4006],[76.9347,43.4008],[76.9346,43.4006],[76.9345,43.4006],[76.9342,43.4004],[76.9343,43.4001],[76.9309,43.4],[76.931,43.4004],[76.9325,43.4005],[76.9325,43.4005],[76.9326,43.4005],[76.9326,43.4005],[76.9333,43.4005],[76.9333,43.4005],[76.9344,43.4009],[76.9344,43.4009],[76.9344,43.4009],[76.9345,43.4009],[76.935,43.4013],[76.935,43.4013],[76.9357,43.4023],[76.9357,43.4023],[76.9358,43.4023],[76.9358,43.4023],[76.9358,43.4023],[76.9359,43.4023],[76.9359,43.4022],[76.9362,43.4021],[76.9362,43.4019],[76.9361,43.4017],[76.9361,43.4015],[76.9362,43.4013],[76.9362,43.4012],[76.9362,43.4012],[76.936,43.4009],[76.936,43.4009],[76.9354,43.4009]]]],"type":"MultiPolygon"},"geometry_name":"shape","id":"gp_functional_zones.fid--7752831e_19fb67eabdc_6201","properties":{"area":28670.507784051,"creation_doc_id":3613,"deactivation_doc_id":null,"func_zone_status_id":2,"ggk_zone_code":"11010000","ggk_zone_name":"Территория усадебной застройки","gp_func_zone_code":"11010000","gp_func_zone_code_id":19,"id":4725498,"zone_type_id":8},"type":"Feature"},{"bbox":[76.9311,43.4019,76.9317,43.4024],"geometry":{"coordinates":[[[[76.9317,43.4019],[76.9311,43.4019],[76.9312,43.4024],[76.9317,43.4024],[76.9317,43.4024],[76.9317,43.4021],[76.9317,43.402],[76.9317,43.402],[76.9317,43.4019],[76.9317,43.4019]]]],"type":"MultiPolygon"},"geometry_name":"shape","id":"gp_functional_zones.fid--7752831e_19fb67eabdc_6202","properties":{"area":2443.77411054436,"creation_doc_id":3613,"deactivation_doc_id":null,"func_zone_status_id":2,"ggk_zone_code":"11010000","ggk_zone_name":"Территория усадебной застройки","gp_func_zone_code":"11010000","gp_func_zone_code_id":19,"id":4725499,"zone_type_id":8},"type":"Feature"},{"bbox":[76.9243,43.4024,76.9295,43.403],"geometry":{"coordinates":[[[[76.9243,43.4024],[76.92440240963856,43.402402008032126],[76.9244,43.4024],[76.9243,43.4024]]],[[[76.925,43.4029],[76.9251,43.4029],[76.9295,43.403],[76.9294,43.4025],[76.92440240963856,43.402402008032126],[76.925,43.4029]]]],"type":"MultiPolygon"},"geometry_name":"shape","id":"gp_functional_zones.fid--7752831e_19fb67eabdc_6203","properties":{"area":22389.5003315516,"creation_doc_id":3613,"deactivation_doc_id":null,"func_zone_status_id":2,"ggk_zone_code":"11010000","ggk_zone_name":"Территория усадебной застройки","gp_func_zone_code":"11010000","gp_func_zone_code_id":19,"id":4725500,"zone_type_id":8},"type":"Feature"},{"bbox":[76.9312,43.4025,76.932,43.403],"geometry":{"coordinates":[[[[76.9318,43.4025],[76.9312,43.4025],[76.9312,43.403],[76.932,43.403],[76.932,43.403],[76.9318,43.4025],[76.9318,43.4025]]]],"type":"MultiPolygon"},"geometry_name":"shape","id":"gp_functional_zones.fid--7752831e_19fb67eabdc_6204","properties":{"area":3195.94171185443,"creation_doc_id":3613,"deactivation_doc_id":null,"func_zone_status_id":2,"ggk_zone_code":"11010000","ggk_zone_name":"Территория усадебной застройки","gp_func_zone_code":"11010000","gp_func_zone_code_id":19,"id":4725501,"zone_type_id":8},"type":"Feature"},{"bbox":[76.9251,43.4031,76.9295,43.4036],"geometry":{"coordinates":[[[76.9252,43.4031],[76.9253,43.4035],[76.9295,43.4036],[76.9295,43.4031],[76.9252,43.4031]]],"type":"Polygon"},"geometry_name":"shape","id":"gp_functional_zones.fid--7752831e_19fb67eabdc_6205","properties":{"area":17587.6182973451,"creation_doc_id":3613,"deactivation_doc_id":null,"func_zone_status_id":2,"ggk_zone_code":"11010000","ggk_zone_name":"Территория усадебной застройки","gp_func_zone_code":"11010000","gp_func_zone_code_id":19,"id":4725502,"zone_type_id":8},"type":"Feature"},{"bbox":[76.9312,43.4032,76.9323,43.4036],"geometry":{"coordinates":[[[76.9312,43.4032],[76.9313,43.4036],[76.9322,43.4036],[76.9321,43.4032],[76.9312,43.4032]]],"type":"Polygon"},"geometry_name":"shape","id":"gp_functional_zones.fid--7752831e_19fb67eabdc_6206","properties":{"area":3616.46567793207,"creation_doc_id":3613,"deactivation_doc_id":null,"func_zone_status_id":2,"ggk_zone_code":"11010000","ggk_zone_name":"Территория усадебной застройки","gp_func_zone_code":"11010000","gp_func_zone_code_id":19,"id":4725503,"zone_type_id":8},"type":"Feature"},{"bbox":[76.9254,43.4036,76.9296,43.4042],"geometry":{"coordinates":[[[[76.9296,43.4037],[76.9254,43.4036],[76.9254,43.4037],[76.9257,43.404],[76.9259,43.4041],[76.926,43.4042],[76.9296,43.4042],[76.9296,43.4037]]]],"type":"MultiPolygon"},"geometry_name":"shape","id":"gp_functional_zones.fid--7752831e_19fb67eabdc_6207","properties":{"area":17544.3673026302,"creation_doc_id":3613,"deactivation_doc_id":null,"func_zone_status_id":2,"ggk_zone_code":"11010000","ggk_zone_name":"Территория усадебной застройки","gp_func_zone_code":"11010000","gp_func_zone_code_id":19,"id":4725504,"zone_type_id":8},"type":"Feature"},{"bbox":[76.9313,43.4038,76.9325,43.4043],"geometry":{"coordinates":[[[[76.9323,43.4038],[76.9313,43.4038],[76.9314,43.4043],[76.9325,43.4043],[76.9325,43.4042],[76.9323,43.4038],[76.9323,43.4038]]]],"type":"MultiPolygon"},"geometry_name":"shape","id":"gp_functional_zones.fid--7752831e_19fb67eabdc_6208","properties":{"area":4694.61545711085,"creation_doc_id":3613,"deactivation_doc_id":null,"func_zone_status_id":2,"ggk_zone_code":"11010000","ggk_zone_name":"Территория усадебной застройки","gp_func_zone_code":"11010000","gp_func_zone_code_id":19,"id":4725505,"zone_type_id":8},"type":"Feature"},{"bbox":[76.9261,43.4043,76.9297,43.4048],"geometry":{"coordinates":[[[[76.9261,43.4043],[76.92620714285714,43.40430306122449],[76.9262,43.4043],[76.9261,43.4043]]],[[[76.9269,43.4046],[76.9271,43.4048],[76.9272,43.4048],[76.9297,43.4048],[76.9296,43.4044],[76.92620714285714,43.40430306122449],[76.9269,43.4046]]]],"type":"MultiPolygon"},"geometry_name":"shape","id":"gp_functional_zones.fid--7752831e_19fb67eabdc_6209","properties":{"area":12700.6182015372,"creation_doc_id":3613,"deactivation_doc_id":null,"func_zone_status_id":2,"ggk_zone_code":"11010000","ggk_zone_name":"Территория усадебной застройки","gp_func_zone_code":"11010000","gp_func_zone_code_id":19,"id":4725506,"zone_type_id":8},"type":"Feature"},{"bbox":[76.9314,43.4044,76.9327,43.4049],"geometry":{"coordinates":[[[[76.9325,43.4044],[76.9314,43.4044],[76.9314,43.4049],[76.9327,43.4049],[76.9327,43.4049],[76.9325,43.4044],[76.9325,43.4044]]]],"type":"MultiPolygon"},"geometry_name":"shape","id":"gp_functional_zones.fid--7752831e_19fb67eabdc_620a","properties":{"area":5178.25201480431,"creation_doc_id":3613,"deactivation_doc_id":null,"func_zone_status_id":2,"ggk_zone_code":"11010000","ggk_zone_name":"Территория усадебной застройки","gp_func_zone_code":"11010000","gp_func_zone_code_id":19,"id":4725507,"zone_type_id":8},"type":"Feature"},{"bbox":[76.9272,43.4049,76.9297,43.4055],"geometry":{"coordinates":[[[[76.9272,43.4049],[76.9273030927835,43.40490412371134],[76.9273,43.4049],[76.9272,43.4049]]],[[[76.9276,43.4053],[76.928,43.4054],[76.9282,43.4055],[76.9284,43.4055],[76.9297,43.4055],[76.9297,43.405],[76.9273030927835,43.40490412371134],[76.9276,43.4053]]]],"type":"MultiPolygon"},"geometry_name":"shape","id":"gp_functional_zones.fid--7752831e_19fb67eabdc_620b","properties":{"area":10330.5634919278,"creation_doc_id":3613,"deactivation_doc_id":null,"func_zone_status_id":2,"ggk_zone_code":"11010000","ggk_zone_name":"Территория усадебной застройки","gp_func_zone_code":"11010000","gp_func_zone_code_id":19,"id":4725508,"zone_type_id":8},"type":"Feature"},{"bbox":[76.9314,43.405,76.9329,43.4056],"geometry":{"coordinates":[[[[76.9327,43.405],[76.9314,43.405],[76.9315,43.4055],[76.9329,43.4056],[76.9329,43.4056],[76.9327,43.4051],[76.9327,43.405]]]],"type":"MultiPolygon"},"geometry_name":"shape","id":"gp_functional_zones.fid--7752831e_19fb67eabdc_620c","properties":{"area":6597.61201861956,"creation_doc_id":3613,"deactivation_doc_id":null,"func_zone_status_id":2,"ggk_zone_code":"11010000","ggk_zone_name":"Территория усадебной застройки","gp_func_zone_code":"11010000","gp_func_zone_code_id":19,"id":4725509,"zone_type_id":8},"type":"Feature"},{"bbox":[76.9285,43.4056,76.9298,43.4061],"geometry":{"coordinates":[[[[76.9298,43.4057],[76.9285,43.4056],[76.9286,43.4057],[76.9287,43.4057],[76.9291,43.4059],[76.9292,43.4059],[76.9293,43.4061],[76.9294,43.4061],[76.9294,43.4061],[76.9298,43.4061],[76.9298,43.4057]]]],"type":"MultiPolygon"},"geometry_name":"shape","id":"gp_functional_zones.fid--7752831e_19fb67eabdc_620d","properties":{"area":3159.69843145624,"creation_doc_id":3613,"deactivation_doc_id":null,"func_zone_status_id":2,"ggk_zone_code":"11010000","ggk_zone_name":"Территория усадебной застройки","gp_func_zone_code":"11010000","gp_func_zone_code_id":19,"id":4725510,"zone_type_id":8},"type":"Feature"},{"bbox":[76.9315,43.4057,76.9331,43.4062],"geometry":{"coordinates":[[[[76.933,43.4057],[76.9315,43.4057],[76.9315,43.4061],[76.933,43.4062],[76.9331,43.4062],[76.9331,43.4061],[76.933,43.4057],[76.933,43.4057]]]],"type":"MultiPolygon"},"geometry_name":"shape","id":"gp_functional_zones.fid--7752831e_19fb67eabdc_620e","properties":{"area":5972.90820340368,"creation_doc_id":3613,"deactivation_doc_id":null,"func_zone_status_id":2,"ggk_zone_code":"11010000","ggk_zone_name":"Территория усадебной застройки","gp_func_zone_code":"11010000","gp_func_zone_code_id":19,"id":4725511,"zone_type_id":8},"type":"Feature"},{"bbox":[76.9316,43.4063,76.9333,43.4068],"geometry":{"coordinates":[[[[76.933,43.4063],[76.9316,43.4063],[76.9316,43.4068],[76.9327,43.4068],[76.9333,43.4068],[76.9333,43.4068],[76.9331,43.4063],[76.9331,43.4063],[76.933,43.4063]]]],"type":"MultiPolygon"},"geometry_name":"shape","id":"gp_functional_zones.fid--7752831e_19fb67eabdc_620f","properties":{"area":7764.73649148862,"creation_doc_id":3613,"deactivation_doc_id":null,"func_zone_status_id":2,"ggk_zone_code":"11010000","ggk_zone_name":"Территория усадебной застройки","gp_func_zone_code":"11010000","gp_func_zone_code_id":19,"id":4725512,"zone_type_id":8},"type":"Feature"},{"bbox":[76.9316,43.4069,76.9334,43.4074],"geometry":{"coordinates":[[[[76.9327,43.4069],[76.9316,43.4069],[76.9317,43.4074],[76.9331,43.4074],[76.9334,43.4074],[76.9334,43.4074],[76.9334,43.407],[76.9334,43.407],[76.9327,43.4069]]]],"type":"MultiPolygon"},"geometry_name":"shape","id":"gp_functional_zones.fid--7752831e_19fb67eabdc_6210","properties":{"area":7198.56391483249,"creation_doc_id":3613,"deactivation_doc_id":null,"func_zone_status_id":2,"ggk_zone_code":"11010000","ggk_zone_name":"Территория усадебной застройки","gp_func_zone_code":"11010000","gp_func_zone_code_id":19,"id":4725513,"zone_type_id":8},"type":"Feature"},{"bbox":[76.9317,43.4075,76.9334,43.4081],"geometry":{"coordinates":[[[[76.9331,43.4076],[76.9317,43.4075],[76.9318,43.408],[76.933,43.4081],[76.9334,43.4081],[76.9334,43.4081],[76.9334,43.408],[76.9334,43.4076],[76.9334,43.4076],[76.9331,43.4076]]]],"type":"MultiPolygon"},"geometry_name":"shape","id":"gp_functional_zones.fid--7752831e_19fb67eabdc_6211","properties":{"area":7725.03817123467,"creation_doc_id":3613,"deactivation_doc_id":null,"func_zone_status_id":2,"ggk_zone_code":"11010000","ggk_zone_name":"Территория усадебной застройки","gp_func_zone_code":"11010000","gp_func_zone_code_id":19,"id":4725514,"zone_type_id":8},"type":"Feature"},{"bbox":[76.9318,43.4082,76.9334,43.4087],"geometry":{"coordinates":[[[[76.933,43.4082],[76.9318,43.4082],[76.9318,43.4087],[76.9319,43.4087],[76.9331,43.4087],[76.9333,43.4087],[76.9334,43.4087],[76.9334,43.4086],[76.9334,43.4082],[76.9334,43.4082],[76.933,43.4082]]]],"type":"MultiPolygon"},"geometry_name":"shape","id":"gp_functional_zones.fid--7752831e_19fb67eabdc_6212","properties":{"area":7242.44679603635,"creation_doc_id":3613,"deactivation_doc_id":null,"func_zone_status_id":2,"ggk_zone_code":"11010000","ggk_zone_name":"Территория усадебной застройки","gp_func_zone_code":"11010000","gp_func_zone_code_id":19,"id":4725515,"zone_type_id":8},"type":"Feature"},{"bbox":[76.9318,43.4088,76.9333,43.4104],"geometry":{"coordinates":[[[[76.9319,43.4088],[76.9318,43.4088],[76.932,43.4102],[76.932,43.4103],[76.9321,43.4104],[76.9331,43.4104],[76.9331,43.41],[76.9331,43.41],[76.9331,43.4094],[76.9331,43.4094],[76.9331,43.4094],[76.9333,43.4089],[76.9333,43.4088],[76.9331,43.4088],[76.9319,43.4088]]]],"type":"MultiPolygon"},"geometry_name":"shape","id":"gp_functional_zones.fid--7752831e_19fb67eabdc_6213","properties":{"area":17042.1033400368,"creation_doc_id":3613,"deactivation_doc_id":null,"func_zone_status_id":2,"ggk_zone_code":"11010000","ggk_zone_name":"Территория усадебной застройки","gp_func_zone_code":"11010000","gp_func_zone_code_id":19,"id":4725516,"zone_type_id":8},"type":"Feature"},{"bbox":[76.9544,43.4008,76.9572,43.402],"geometry":{"coordinates":[[[[76.9572,43.4011],[76.957,43.4008],[76.9558,43.4009],[76.9547,43.401],[76.9546,43.401],[76.9544,43.4011],[76.9544,43.4011],[76.9546,43.402],[76.9567,43.4013],[76.9572,43.4011]]]],"type":"MultiPolygon"},"geometry_name":"shape","id":"gp_functional_zones.fid--7752831e_19fb67eabdc_6214","properties":{"area":16109.998031389,"creation_doc_id":3613,"deactivation_doc_id":null,"func_zone_status_id":2,"ggk_zone_code":"11010000","ggk_zone_name":"Территория усадебной застройки","gp_func_zone_code":"11010000","gp_func_zone_code_id":19,"id":4725517,"zone_type_id":8},"type":"Feature"},{"bbox":[76.9546,43.4013,76.9575,43.4026],"geometry":{"coordinates":[[[[76.9575,43.4018],[76.9572,43.4013],[76.9568,43.4014],[76.9546,43.4021],[76.9548,43.4026],[76.9571,43.4019],[76.9575,43.4018]]]],"type":"MultiPolygon"},"geometry_name":"shape","id":"gp_functional_zones.fid--7752831e_19fb67eabdc_6215","properties":{"area":13834.5004375134,"creation_doc_id":3613,"deactivation_doc_id":null,"func_zone_status_id":2,"ggk_zone_code":"11010000","ggk_zone_name":"Территория усадебной застройки","gp_func_zone_code":"11010000","gp_func_zone_code_id":19,"id":4725518,"zone_type_id":8},"type":"Feature"},{"bbox":[76.9548,43.4019,76.9578,43.4033],"geometry":{"coordinates":[[[[76.9578,43.4024],[76.9575,43.4019],[76.9572,43.402],[76.9548,43.4028],[76.955,43.4033],[76.9575,43.4025],[76.9578,43.4024]]]],"type":"MultiPolygon"},"geometry_name":"shape","id":"gp_functional_zones.fid--7752831e_19fb67eabdc_6216","properties":{"area":14494.0776330191,"creation_doc_id":3613,"deactivation_doc_id":null,"func_zone_status_id":2,"ggk_zone_code":"11010000","ggk_zone_name":"Территория усадебной застройки","gp_func_zone_code":"11010000","gp_func_zone_code_id":19,"id":4725519,"zone_type_id":8},"type":"Feature"},{"bbox":[76.955,43.4025,76.9581,43.404],"geometry":{"coordinates":[[[[76.9581,43.403],[76.9579,43.4025],[76.9575,43.4026],[76.955,43.4034],[76.9552,43.4039],[76.9552,43.404],[76.9578,43.4031],[76.9581,43.403]]]],"type":"MultiPolygon"},"geometry_name":"shape","id":"gp_functional_zones.fid--7752831e_19fb67eabdc_6217","properties":{"area":15162.9053473047,"creation_doc_id":3613,"deactivation_doc_id":null,"func_zone_status_id":2,"ggk_zone_code":"11010000","ggk_zone_name":"Территория усадебной застройки","gp_func_zone_code":"11010000","gp_func_zone_code_id":19,"id":4725520,"zone_type_id":8},"type":"Feature"},{"bbox":[76.9552,43.4031,76.9584,43.4047],"geometry":{"coordinates":[[[[76.9584,43.4036],[76.9582,43.4031],[76.9579,43.4032],[76.9552,43.4041],[76.9552,43.4041],[76.9554,43.4047],[76.9582,43.4037],[76.9584,43.4036]]]],"type":"MultiPolygon"},"geometry_name":"shape","id":"gp_functional_zones.fid--7752831e_19fb67eabdc_6218","properties":{"area":15828.5229423571,"creation_doc_id":3613,"deactivation_doc_id":null,"func_zone_status_id":2,"ggk_zone_code":"11010000","ggk_zone_name":"Территория усадебной застройки","gp_func_zone_code":"11010000","gp_func_zone_code_id":19,"id":4725521,"zone_type_id":8},"type":"Feature"},{"bbox":[76.9554,43.4038,76.9587,43.4053],"geometry":{"coordinates":[[[[76.9587,43.4043],[76.9585,43.4038],[76.9583,43.4038],[76.9554,43.4048],[76.9555,43.4053],[76.9586,43.4043],[76.9587,43.4043]]]],"type":"MultiPolygon"},"geometry_name":"shape","id":"gp_functional_zones.fid--7752831e_19fb67eabdc_6219","properties":{"area":16493.833545601,"creation_doc_id":3613,"deactivation_doc_id":null,"func_zone_status_id":2,"ggk_zone_code":"11010000","ggk_zone_name":"Территория усадебной застройки","gp_func_zone_code":"11010000","gp_func_zone_code_id":19,"id":4725522,"zone_type_id":8},"type":"Feature"},{"bbox":[76.9556,43.4044,76.959,43.4059],"geometry":{"coordinates":[[[[76.959,43.4049],[76.9588,43.4044],[76.9587,43.4044],[76.9556,43.4055],[76.9557,43.4059],[76.9557,43.4059],[76.9588,43.405],[76.959,43.4049]]]],"type":"MultiPolygon"},"geometry_name":"shape","id":"gp_functional_zones.fid--7752831e_19fb67eabdc_621a","properties":{"area":16244.8120493073,"creation_doc_id":3613,"deactivation_doc_id":null,"func_zone_status_id":2,"ggk_zone_code":"11010000","ggk_zone_name":"Территория усадебной застройки","gp_func_zone_code":"11010000","gp_func_zone_code_id":19,"id":4725523,"zone_type_id":8},"type":"Feature"},{"bbox":[76.9559,43.4052,76.9595,43.4066],"geometry":{"coordinates":[[[[76.9595,43.4057],[76.9592,43.4052],[76.9592,43.4052],[76.9591,43.4052],[76.9587,43.4053],[76.9559,43.4062],[76.9559,43.4063],[76.956,43.4064],[76.9561,43.4065],[76.9561,43.4066],[76.9571,43.4064],[76.9594,43.4058],[76.9594,43.4058],[76.9594,43.4058],[76.9595,43.4057]]]],"type":"MultiPolygon"},"geometry_name":"shape","id":"gp_functional_zones.fid--7752831e_19fb67eabdc_621b","properties":{"area":16930.1114059788,"creation_doc_id":3613,"deactivation_doc_id":null,"func_zone_status_id":2,"ggk_zone_code":"11010000","ggk_zone_name":"Территория усадебной застройки","gp_func_zone_code":"11010000","gp_func_zone_code_id":19,"id":4725524,"zone_type_id":8},"type":"Feature"},{"bbox":[76.9523,43.4009,76.9538,43.4014],"geometry":{"coordinates":[[[[76.9538,43.401],[76.9538,43.4009],[76.9538,43.4009],[76.9523,43.401],[76.9523,43.401],[76.9524,43.4014],[76.9524,43.4014],[76.9538,43.401],[76.9538,43.401]]]],"type":"MultiPolygon"},"geometry_name":"shape","id":"gp_functional_zones.fid--7752831e_19fb67eabdc_621c","properties":{"area":3840.47098184634,"creation_doc_id":3613,"deactivation_doc_id":null,"func_zone_status_id":2,"ggk_zone_code":"11010000","ggk_zone_name":"Территория усадебной застройки","gp_func_zone_code":"11010000","gp_func_zone_code_id":19,"id":4725525,"zone_type_id":8},"type":"Feature"},{"bbox":[76.951,43.4001,76.9523,43.4017],"geometry":{"coordinates":[[[[76.9523,43.4014],[76.952,43.4001],[76.951,43.4002],[76.9513,43.4013],[76.9514,43.4016],[76.9514,43.4017],[76.9523,43.4014],[76.9523,43.4014]]]],"type":"MultiPolygon"},"geometry_name":"shape","id":"gp_functional_zones.fid--7752831e_19fb67eabdc_621d","properties":{"area":11652.4502081394,"creation_doc_id":3613,"deactivation_doc_id":null,"func_zone_status_id":2,"ggk_zone_code":"11010000","ggk_zone_name":"Территория усадебной застройки","gp_func_zone_code":"11010000","gp_func_zone_code_id":19,"id":4725526,"zone_type_id":8},"type":"Feature"},{"bbox":[76.9525,43.4012,76.9542,43.4026],"geometry":{"coordinates":[[[76.9539,43.4012],[76.9525,43.4015],[76.9525,43.4016],[76.9528,43.4026],[76.9541,43.4021],[76.9539,43.4012]]],"type":"Polygon"},"geometry_name":"shape","id":"gp_functional_zones.fid--7752831e_19fb67eabdc_621e","properties":{"area":13647.9981324783,"creation_doc_id":3613,"deactivation_doc_id":null,"func_zone_status_id":3,"ggk_zone_code":"11010000","ggk_zone_name":"Территория усадебной застройки","gp_func_zone_code":"11010000","gp_func_zone_code_id":19,"id":4725527,"zone_type_id":8},"type":"Feature"},{"bbox":[76.9528,43.4023,76.9545,43.4037],"geometry":{"coordinates":[[[[76.9543,43.4028],[76.9542,43.4023],[76.9542,43.4023],[76.9528,43.4027],[76.9531,43.4037],[76.9536,43.4036],[76.9545,43.4033],[76.9545,43.4033],[76.9543,43.4028]]]],"type":"MultiPolygon"},"geometry_name":"shape","id":"gp_functional_zones.fid--7752831e_19fb67eabdc_621f","properties":{"area":13979.060612867,"creation_doc_id":3613,"deactivation_doc_id":null,"func_zone_status_id":3,"ggk_zone_code":"11010000","ggk_zone_name":"Территория усадебной застройки","gp_func_zone_code":"11010000","gp_func_zone_code_id":19,"id":4725528,"zone_type_id":8},"type":"Feature"},{"bbox":[76.9515,43.4016,76.9529,43.4038],"geometry":{"coordinates":[[[[76.9524,43.4016],[76.9524,43.4016],[76.9515,43.4018],[76.9515,43.4018],[76.952,43.4038],[76.9529,43.4037],[76.9527,43.4027],[76.9524,43.4016]]]],"type":"MultiPolygon"},"geometry_name":"shape","id":"gp_functional_zones.fid--7752831e_19fb67eabdc_6220","properties":{"area":17880.056179222,"creation_doc_id":3613,"deactivation_doc_id":null,"func_zone_status_id":2,"ggk_zone_code":"11010000","ggk_zone_name":"Территория усадебной застройки","gp_func_zone_code":"11010000","gp_func_zone_code_id":19,"id":4725529,"zone_type_id":8},"type":"Feature"},{"bbox":[76.9531,43.4035,76.9547,43.4046],"geometry":{"coordinates":[[[[76.9547,43.4041],[76.9545,43.4035],[76.9545,43.4035],[76.9536,43.4038],[76.9536,43.4038],[76.9531,43.4038],[76.9533,43.4046],[76.9547,43.4041],[76.9547,43.4041]]]],"type":"MultiPolygon"},"geometry_name":"shape","id":"gp_functional_zones.fid--7752831e_19fb67eabdc_6221","properties":{"area":9281.66419919078,"creation_doc_id":3613,"deactivation_doc_id":null,"func_zone_status_id":3,"ggk_zone_code":"11010000","ggk_zone_name":"Территория усадебной застройки","gp_func_zone_code":"11010000","gp_func_zone_code_id":19,"id":4725530,"zone_type_id":8},"type":"Feature"},{"bbox":[76.9533,43.4043,76.9549,43.4053],"geometry":{"coordinates":[[[[76.9547,43.4043],[76.9547,43.4043],[76.9533,43.4047],[76.9535,43.4053],[76.9549,43.4048],[76.9547,43.4043]]]],"type":"MultiPolygon"},"geometry_name":"shape","id":"gp_functional_zones.fid--7752831e_19fb67eabdc_6222","properties":{"area":7365.60452489086,"creation_doc_id":3613,"deactivation_doc_id":null,"func_zone_status_id":3,"ggk_zone_code":"11010000","ggk_zone_name":"Территория усадебной застройки","gp_func_zone_code":"11010000","gp_func_zone_code_id":19,"id":4725531,"zone_type_id":8},"type":"Feature"},{"bbox":[76.9535,43.4049,76.9551,43.4059],"geometry":{"coordinates":[[[[76.9551,43.4055],[76.9549,43.4049],[76.9535,43.4054],[76.9537,43.4059],[76.9551,43.4055]]]],"type":"MultiPolygon"},"geometry_name":"shape","id":"gp_functional_zones.fid--7752831e_19fb67eabdc_6223","properties":{"area":7385.17840110701,"creation_doc_id":3613,"deactivation_doc_id":null,"func_zone_status_id":3,"ggk_zone_code":"11010000","ggk_zone_name":"Территория усадебной застройки","gp_func_zone_code":"11010000","gp_func_zone_code_id":19,"id":4725532,"zone_type_id":8},"type":"Feature"},{"bbox":[76.9537,43.4056,76.9553,43.4066],"geometry":{"coordinates":[[[[76.9552,43.4059],[76.9551,43.4056],[76.9537,43.4061],[76.9538,43.4066],[76.9553,43.4061],[76.9553,43.4061],[76.9552,43.406],[76.9552,43.4059]]]],"type":"MultiPolygon"},"geometry_name":"shape","id":"gp_functional_zones.fid--7752831e_19fb67eabdc_6224","properties":{"area":7146.91495011744,"creation_doc_id":3613,"deactivation_doc_id":null,"func_zone_status_id":3,"ggk_zone_code":"11010000","ggk_zone_name":"Территория усадебной застройки","gp_func_zone_code":"11010000","gp_func_zone_code_id":19,"id":4725533,"zone_type_id":8},"type":"Feature"},{"bbox":[76.9539,43.4064,76.9557,43.4071],"geometry":{"coordinates":[[[[76.9554,43.4064],[76.9554,43.4064],[76.9539,43.4069],[76.954,43.4071],[76.9544,43.407],[76.9557,43.4067],[76.9556,43.4067],[76.9556,43.4067],[76.9555,43.4066],[76.9555,43.4065],[76.9554,43.4064]]]],"type":"MultiPolygon"},"geometry_name":"shape","id":"gp_functional_zones.fid--7752831e_19fb67eabdc_6225","properties":{"area":4402.91409032205,"creation_doc_id":3613,"deactivation_doc_id":null,"func_zone_status_id":3,"ggk_zone_code":"11010000","ggk_zone_name":"Территория усадебной застройки","gp_func_zone_code":"11010000","gp_func_zone_code_id":19,"id":4725534,"zone_type_id":8},"type":"Feature"},{"bbox":[76.9521,43.4039,76.9537,43.4069],"geometry":{"coordinates":[[[[76.9532,43.4047],[76.953,43.4039],[76.9521,43.404],[76.9529,43.4069],[76.9537,43.4066],[76.9536,43.406],[76.9534,43.4054],[76.9532,43.4047]]]],"type":"MultiPolygon"},"geometry_name":"shape","id":"gp_functional_zones.fid--7752831e_19fb67eabdc_6226","properties":{"area":24347.6665434742,"creation_doc_id":3613,"deactivation_doc_id":null,"func_zone_status_id":2,"ggk_zone_code":"11010000","ggk_zone_name":"Территория усадебной застройки","gp_func_zone_code":"11010000","gp_func_zone_code_id":19,"id":4725535,"zone_type_id":8},"type":"Feature"},{"bbox":[77.1008,43.6068,77.1081,43.6101],"geometry":{"coordinates":[[[[77.1081,43.6099],[77.1081,43.6099],[77.1047,43.609],[77.1047,43.609],[77.1047,43.609],[77.1046,43.6088],[77.1046,43.6088],[77.1046,43.6087],[77.1044,43.6079],[77.1044,43.6079],[77.1032,43.6081],[77.1028,43.6069],[77.1028,43.6068],[77.1028,43.6068],[77.1021,43.6069],[77.1024,43.608],[77.1013,43.6081],[77.101,43.6071],[77.1009,43.6071],[77.1009,43.6071],[77.1009,43.6071],[77.1009,43.6071],[77.1009,43.6071],[77.1009,43.6071],[77.1009,43.6071],[77.1009,43.6071],[77.1009,43.6071],[77.1009,43.6071],[77.1009,43.6071],[77.1009,43.6071],[77.1009,43.6071],[77.1009,43.6071],[77.1009,43.6071],[77.1009,43.6071],[77.1009,43.6071],[77.1008,43.6071],[77.1008,43.6071],[77.1008,43.6071],[77.1008,43.6071],[77.1008,43.6071],[77.1008,43.6071],[77.1008,43.6071],[77.1008,43.6071],[77.1011,43.6082],[77.1024,43.6082],[77.1029,43.6101],[77.1048,43.6101],[77.108,43.6101],[77.1081,43.6099],[77.1081,43.6099]]]],"type":"MultiPolygon"},"geometry_name":"shape","id":"gp_functional_zones.fid--7752831e_19fb67eabdc_6227","properties":{"area":67536.5121911909,"creation_doc_id":3613,"deactivation_doc_id":null,"func_zone_status_id":2,"ggk_zone_code":"11010000","ggk_zone_name":"Территория усадебной застройки","gp_func_zone_code":"11010000","gp_func_zone_code_id":19,"id":4725536,"zone_type_id":8},"type":"Feature"},{"bbox":[77.0769,43.6352,77.0808,43.6374],"geometry":{"coordinates":[[[[77.0808,43.6352],[77.0808,43.6352],[77.0808,43.6352],[77.0772,43.6355],[77.0769,43.6355],[77.0769,43.6355],[77.0769,43.6355],[77.0769,43.6355],[77.0785,43.6374],[77.0785,43.6374],[77.0808,43.6372],[77.0808,43.6372],[77.0808,43.6353],[77.0808,43.6352]]]],"type":"MultiPolygon"},"geometry_name":"shape","id":"gp_functional_zones.fid--7752831e_19fb67eabdc_623e","properties":{"area":54164.4379388512,"creation_doc_id":3613,"deactivation_doc_id":null,"func_zone_status_id":3,"ggk_zone_code":"11010000","ggk_zone_name":"Территория усадебной застройки","gp_func_zone_code":"11010000","gp_func_zone_code_id":19,"id":4725564,"zone_type_id":8},"type":"Feature"},{"bbox":[77.0752,43.6333,77.0769,43.6352],"geometry":{"coordinates":[[[[77.0769,43.6352],[77.0767,43.6333],[77.0752,43.6334],[77.0752,43.6334],[77.0752,43.6334],[77.0752,43.6334],[77.0767,43.6352],[77.0767,43.6352],[77.0769,43.6352],[77.0769,43.6352],[77.0769,43.6352]]]],"type":"MultiPolygon"},"geometry_name":"shape","id":"gp_functional_zones.fid--7752831e_19fb67eabdc_623f","properties":{"area":15445.8266552844,"creation_doc_id":3613,"deactivation_doc_id":null,"func_zone_status_id":3,"ggk_zone_code":"11010000","ggk_zone_name":"Территория усадебной застройки","gp_func_zone_code":"11010000","gp_func_zone_code_id":19,"id":4725565,"zone_type_id":8},"type":"Feature"},{"bbox":[77.0772,43.634,77.0809,43.6351],"geometry":{"coordinates":[[[[77.0808,43.6349],[77.0809,43.634],[77.0772,43.6343],[77.0773,43.6351],[77.0808,43.6349]]]],"type":"MultiPolygon"},"geometry_name":"shape","id":"gp_functional_zones.fid--7752831e_19fb67eabdc_6240","properties":{"area":27429.7741897543,"creation_doc_id":3613,"deactivation_doc_id":null,"func_zone_status_id":3,"ggk_zone_code":"11010000","ggk_zone_name":"Территория усадебной застройки","gp_func_zone_code":"11010000","gp_func_zone_code_id":19,"id":4725566,"zone_type_id":8},"type":"Feature"},{"bbox":[77.0866,43.6332,77.0895,43.6344],"geometry":{"coordinates":[[[[77.0886,43.6335],[77.0868,43.6332],[77.0866,43.6333],[77.087,43.6344],[77.0895,43.6342],[77.0886,43.6335]]]],"type":"MultiPolygon"},"geometry_name":"shape","id":"gp_functional_zones.fid--7752831e_19fb67eabdc_6241","properties":{"area":19052.3861779849,"creation_doc_id":3613,"deactivation_doc_id":null,"func_zone_status_id":3,"ggk_zone_code":"11010000","ggk_zone_name":"Территория усадебной застройки","gp_func_zone_code":"11010000","gp_func_zone_code_id":19,"id":4725567,"zone_type_id":8},"type":"Feature"},{"bbox":[77.0902,43.6326,77.0915,43.6341],"geometry":{"coordinates":[[[[77.0905,43.6329],[77.0902,43.6326],[77.0902,43.6326],[77.0902,43.6335],[77.0902,43.6335],[77.0906,43.6336],[77.0913,43.6341],[77.0913,43.6341],[77.0915,43.6341],[77.0915,43.6341],[77.0915,43.6341],[77.0915,43.6341],[77.0905,43.6329]]]],"type":"MultiPolygon"},"geometry_name":"shape","id":"gp_functional_zones.fid--7752831e_19fb67eabdc_6242","properties":{"area":4548.65863854024,"creation_doc_id":3613,"deactivation_doc_id":null,"func_zone_status_id":3,"ggk_zone_code":"11010000","ggk_zone_name":"Территория усадебной застройки","gp_func_zone_code":"11010000","gp_func_zone_code_id":19,"id":4725568,"zone_type_id":8},"type":"Feature"},{"bbox":[77.0909,43.6329,77.0942,43.634],"geometry":{"coordinates":[[[[77.0942,43.6339],[77.0909,43.6329],[77.0919,43.634],[77.0942,43.6339]]]],"type":"MultiPolygon"},"geometry_name":"shape","id":"gp_functional_zones.fid--7752831e_19fb67eabdc_6243","properties":{"area":12312.7867892318,"creation_doc_id":3613,"deactivation_doc_id":null,"func_zone_status_id":3,"ggk_zone_code":"11010000","ggk_zone_name":"Территория усадебной застройки","gp_func_zone_code":"11010000","gp_func_zone_code_id":19,"id":4725569,"zone_type_id":8},"type":"Feature"},{"bbox":[77.0903,43.6319,77.0949,43.6337],"geometry":{"coordinates":[[[[77.0942,43.632],[77.0942,43.6319],[77.0903,43.6322],[77.0903,43.6322],[77.0903,43.6322],[77.0903,43.6322],[77.0904,43.6323],[77.0907,43.6326],[77.0907,43.6326],[77.0949,43.6337],[77.0949,43.6337],[77.0949,43.6337],[77.0949,43.6337],[77.0947,43.6333],[77.0945,43.6327],[77.0943,43.6321],[77.0942,43.632]]]],"type":"MultiPolygon"},"geometry_name":"shape","id":"gp_functional_zones.fid--7752831e_19fb67eabdc_6244","properties":{"area":38577.6907903382,"creation_doc_id":3613,"deactivation_doc_id":null,"func_zone_status_id":3,"ggk_zone_code":"11010000","ggk_zone_name":"Территория усадебной застройки","gp_func_zone_code":"11010000","gp_func_zone_code_id":19,"id":4725570,"zone_type_id":8},"type":"Feature"},{"bbox":[77.0869,43.6323,77.09,43.6335],"geometry":{"coordinates":[[[[77.0896,43.6323],[77.0896,43.6323],[77.0869,43.6325],[77.0869,43.6325],[77.0869,43.6327],[77.0869,43.6328],[77.0869,43.6328],[77.0869,43.633],[77.0869,43.633],[77.09,43.6335],[77.09,43.6335],[77.0896,43.6323]]]],"type":"MultiPolygon"},"geometry_name":"shape","id":"gp_functional_zones.fid--7752831e_19fb67eabdc_6245","properties":{"area":22077.2204393387,"creation_doc_id":3613,"deactivation_doc_id":null,"func_zone_status_id":3,"ggk_zone_code":"11010000","ggk_zone_name":"Территория усадебной застройки","gp_func_zone_code":"11010000","gp_func_zone_code_id":19,"id":4725571,"zone_type_id":8},"type":"Feature"},{"bbox":[77.0736,43.63,77.0766,43.6331],"geometry":{"coordinates":[[[[77.0766,43.633],[77.0753,43.63],[77.0743,43.63],[77.0744,43.6303],[77.0744,43.6303],[77.0743,43.6306],[77.0739,43.6308],[77.0738,43.6311],[77.0737,43.6312],[77.0737,43.6313],[77.0736,43.6315],[77.0736,43.6315],[77.0749,43.6331],[77.0749,43.6331],[77.0766,43.633],[77.0766,43.633],[77.0766,43.633]]]],"type":"MultiPolygon"},"geometry_name":"shape","id":"gp_functional_zones.fid--7752831e_19fb67eabdc_6246","properties":{"area":49388.8133592481,"creation_doc_id":3613,"deactivation_doc_id":null,"func_zone_status_id":3,"ggk_zone_code":"11010000","ggk_zone_name":"Территория усадебной застройки","gp_func_zone_code":"11010000","gp_func_zone_code_id":19,"id":4725572,"zone_type_id":8},"type":"Feature"},{"bbox":[77.0855,43.6297,77.0895,43.6322],"geometry":{"coordinates":[[[[77.0895,43.632],[77.0891,43.6308],[77.0874,43.6309],[77.0873,43.6301],[77.0872,43.6297],[77.0855,43.6298],[77.0856,43.63],[77.0861,43.6303],[77.0862,43.6307],[77.0862,43.6307],[77.0867,43.6309],[77.0872,43.6316],[77.087,43.6322],[77.0895,43.632]]]],"type":"MultiPolygon"},"geometry_name":"shape","id":"gp_functional_zones.fid--7752831e_19fb67eabdc_6247","properties":{"area":39015.341786395,"creation_doc_id":3613,"deactivation_doc_id":null,"func_zone_status_id":3,"ggk_zone_code":"11010000","ggk_zone_name":"Территория усадебной застройки","gp_func_zone_code":"11010000","gp_func_zone_code_id":19,"id":4725573,"zone_type_id":8},"type":"Feature"},{"bbox":[77.0858,43.6306,77.0868,43.6321],"geometry":{"coordinates":[[[[77.0861,43.6309],[77.0858,43.6306],[77.0863,43.6321],[77.0868,43.6317],[77.0868,43.6317],[77.0868,43.6314],[77.0861,43.6309]]]],"type":"MultiPolygon"},"geometry_name":"shape","id":"gp_functional_zones.fid--7752831e_19fb67eabdc_6248","properties":{"area":5701.55975223049,"creation_doc_id":3613,"deactivation_doc_id":null,"func_zone_status_id":3,"ggk_zone_code":"11010000","ggk_zone_name":"Территория усадебной застройки","gp_func_zone_code":"11010000","gp_func_zone_code_id":19,"id":4725574,"zone_type_id":8},"type":"Feature"},{"bbox":[77.0891,43.6286,77.0941,43.632],"geometry":{"coordinates":[[[[77.0927,43.6286],[77.0927,43.6286],[77.0891,43.6288],[77.0891,43.6288],[77.0891,43.6288],[77.0902,43.632],[77.0941,43.6317],[77.0941,43.6317],[77.0941,43.6317],[77.094,43.6315],[77.0939,43.6311],[77.0938,43.6307],[77.0936,43.6304],[77.0935,43.63],[77.0933,43.6297],[77.0931,43.6293],[77.093,43.6291],[77.0929,43.629],[77.0927,43.6286]]]],"type":"MultiPolygon"},"geometry_name":"shape","id":"gp_functional_zones.fid--7752831e_19fb67eabdc_6249","properties":{"area":107752.274950742,"creation_doc_id":3613,"deactivation_doc_id":null,"func_zone_status_id":3,"ggk_zone_code":"11010000","ggk_zone_name":"Территория усадебной застройки","gp_func_zone_code":"11010000","gp_func_zone_code_id":19,"id":4725575,"zone_type_id":8},"type":"Feature"},{"bbox":[77.0735,43.6301,77.0742,43.6306],"geometry":{"coordinates":[[[[77.0741,43.6301],[77.0735,43.6301],[77.0737,43.6306],[77.0737,43.6306],[77.074,43.6306],[77.0742,43.6304],[77.0742,43.6304],[77.0741,43.6301]]]],"type":"MultiPolygon"},"geometry_name":"shape","id":"gp_functional_zones.fid--7752831e_19fb67eabdc_624a","properties":{"area":2415.17704409981,"creation_doc_id":3613,"deactivation_doc_id":null,"func_zone_status_id":3,"ggk_zone_code":"11010000","ggk_zone_name":"Территория усадебной застройки","gp_func_zone_code":"11010000","gp_func_zone_code_id":19,"id":4725576,"zone_type_id":8},"type":"Feature"},{"bbox":[77.0726,43.6268,77.0745,43.6294],"geometry":{"coordinates":[[[[77.0741,43.6269],[77.0741,43.6268],[77.0726,43.6269],[77.0726,43.6269],[77.0726,43.6269],[77.0733,43.6294],[77.0733,43.6294],[77.0734,43.6294],[77.0734,43.6294],[77.0738,43.6293],[77.0738,43.6291],[77.0745,43.6285],[77.0745,43.6285],[77.0741,43.6269]]]],"type":"MultiPolygon"},"geometry_name":"shape","id":"gp_functional_zones.fid--7752831e_19fb67eabdc_624b","properties":{"area":28043.9067815834,"creation_doc_id":3613,"deactivation_doc_id":null,"func_zone_status_id":3,"ggk_zone_code":"11010000","ggk_zone_name":"Территория усадебной застройки","gp_func_zone_code":"11010000","gp_func_zone_code_id":19,"id":4725577,"zone_type_id":8},"type":"Feature"},{"bbox":[77.0743,43.6285,77.075,43.6293],"geometry":{"coordinates":[[[[77.075,43.6292],[77.0748,43.6285],[77.0748,43.6285],[77.0743,43.629],[77.0743,43.6293],[77.0743,43.6293],[77.075,43.6293],[77.075,43.6293],[77.075,43.6292]]]],"type":"MultiPolygon"},"geometry_name":"shape","id":"gp_functional_zones.fid--7752831e_19fb67eabdc_624c","properties":{"area":3134.49302231475,"creation_doc_id":3613,"deactivation_doc_id":null,"func_zone_status_id":3,"ggk_zone_code":"11010000","ggk_zone_name":"Территория усадебной застройки","gp_func_zone_code":"11010000","gp_func_zone_code_id":19,"id":4725578,"zone_type_id":8},"type":"Feature"},{"bbox":[77.075,43.6277,77.0792,43.6292],"geometry":{"coordinates":[[[[77.0792,43.629],[77.0788,43.6278],[77.0788,43.6278],[77.0762,43.628],[77.0762,43.6277],[77.075,43.6277],[77.0754,43.6292],[77.0792,43.629],[77.0792,43.629],[77.0792,43.629]]]],"type":"MultiPolygon"},"geometry_name":"shape","id":"gp_functional_zones.fid--7752831e_19fb67eabdc_624d","properties":{"area":44457.361829841,"creation_doc_id":3613,"deactivation_doc_id":null,"func_zone_status_id":3,"ggk_zone_code":"11010000","ggk_zone_name":"Территория усадебной застройки","gp_func_zone_code":"11010000","gp_func_zone_code_id":19,"id":4725579,"zone_type_id":8},"type":"Feature"},{"bbox":[77.0853,43.6273,77.0861,43.6287],"geometry":{"coordinates":[[[[77.0859,43.6273],[77.0859,43.6273],[77.0859,43.6273],[77.0853,43.6287],[77.0853,43.6287],[77.0853,43.6287],[77.0861,43.6287],[77.0861,43.6287],[77.0861,43.6282],[77.0861,43.6282],[77.0859,43.6274],[77.0859,43.6274],[77.0859,43.6273]]]],"type":"MultiPolygon"},"geometry_name":"shape","id":"gp_functional_zones.fid--7752831e_19fb67eabdc_624e","properties":{"area":4984.59235416177,"creation_doc_id":3613,"deactivation_doc_id":null,"func_zone_status_id":3,"ggk_zone_code":"11010000","ggk_zone_name":"Территория усадебной застройки","gp_func_zone_code":"11010000","gp_func_zone_code_id":19,"id":4725580,"zone_type_id":8},"type":"Feature"},{"bbox":[77.0855,43.6252,77.0883,43.6287],"geometry":{"coordinates":[[[[77.0855,43.6252],[77.0855,43.6252],[77.0855,43.6252],[77.086,43.6269],[77.0862,43.6271],[77.0865,43.6282],[77.0865,43.6282],[77.0864,43.6287],[77.0883,43.6285],[77.0873,43.6256],[77.0873,43.6256],[77.0872,43.6255],[77.0855,43.6252]]]],"type":"MultiPolygon"},"geometry_name":"shape","id":"gp_functional_zones.fid--7752831e_19fb67eabdc_624f","properties":{"area":49503.7050256932,"creation_doc_id":3613,"deactivation_doc_id":null,"func_zone_status_id":3,"ggk_zone_code":"11010000","ggk_zone_name":"Территория усадебной застройки","gp_func_zone_code":"11010000","gp_func_zone_code_id":19,"id":4725581,"zone_type_id":8},"type":"Feature"},{"bbox":[77.0887,43.6258,77.0925,43.6285],"geometry":{"coordinates":[[[[77.0893,43.6259],[77.0887,43.6258],[77.0888,43.6277],[77.0888,43.6277],[77.0888,43.6277],[77.089,43.6285],[77.0925,43.6283],[77.0925,43.6283],[77.0925,43.6283],[77.0923,43.628],[77.0921,43.6276],[77.092,43.6275],[77.0919,43.6274],[77.0918,43.6272],[77.0917,43.6271],[77.0916,43.627],[77.0915,43.6269],[77.0913,43.6268],[77.0912,43.6267],[77.091,43.6266],[77.0909,43.6265],[77.0907,43.6264],[77.0906,43.6263],[77.0904,43.6262],[77.0902,43.6262],[77.09,43.6261],[77.0899,43.6261],[77.0897,43.626],[77.0895,43.626],[77.0893,43.6259]]]],"type":"MultiPolygon"},"geometry_name":"shape","id":"gp_functional_zones.fid--7752831e_19fb67eabdc_6250","properties":{"area":60514.0753834575,"creation_doc_id":3613,"deactivation_doc_id":null,"func_zone_status_id":3,"ggk_zone_code":"11010000","ggk_zone_name":"Территория усадебной застройки","gp_func_zone_code":"11010000","gp_func_zone_code_id":19,"id":4725582,"zone_type_id":8},"type":"Feature"},{"bbox":[77.0723,43.625,77.074,43.6267],"geometry":{"coordinates":[[[[77.074,43.6263],[77.0734,43.625],[77.0723,43.6255],[77.0723,43.6255],[77.0726,43.6267],[77.0726,43.6267],[77.074,43.6266],[77.074,43.6266],[77.074,43.6263],[77.074,43.6263]]]],"type":"MultiPolygon"},"geometry_name":"shape","id":"gp_functional_zones.fid--7752831e_19fb67eabdc_6251","properties":{"area":17581.7317193242,"creation_doc_id":3613,"deactivation_doc_id":null,"func_zone_status_id":3,"ggk_zone_code":"11010000","ggk_zone_name":"Территория усадебной застройки","gp_func_zone_code":"11010000","gp_func_zone_code_id":19,"id":4725583,"zone_type_id":8},"type":"Feature"},{"bbox":[77.0742,43.625,77.0784,43.6265],"geometry":{"coordinates":[[[[77.0784,43.6263],[77.0784,43.6253],[77.0769,43.6256],[77.0768,43.6255],[77.0742,43.625],[77.0742,43.625],[77.0746,43.6265],[77.0784,43.6263]]]],"type":"MultiPolygon"},"geometry_name":"shape","id":"gp_functional_zones.fid--7752831e_19fb67eabdc_6252","properties":{"area":38950.9812312252,"creation_doc_id":3613,"deactivation_doc_id":null,"func_zone_status_id":3,"ggk_zone_code":"11010000","ggk_zone_name":"Территория усадебной застройки","gp_func_zone_code":"11010000","gp_func_zone_code_id":19,"id":4725584,"zone_type_id":8},"type":"Feature"},{"bbox":[77.0788,43.624,77.0813,43.6261],"geometry":{"coordinates":[[[[77.0811,43.6244],[77.0789,43.624],[77.0789,43.6243],[77.0789,43.6243],[77.0789,43.6243],[77.0798,43.6245],[77.0797,43.6251],[77.0797,43.6251],[77.0788,43.6252],[77.0788,43.6252],[77.0788,43.6261],[77.0788,43.6261],[77.0788,43.6261],[77.0813,43.6259],[77.0813,43.6259],[77.0813,43.6259],[77.0812,43.6252],[77.0811,43.6244]]]],"type":"MultiPolygon"},"geometry_name":"shape","id":"gp_functional_zones.fid--7752831e_19fb67eabdc_6253","properties":{"area":30925.5541502364,"creation_doc_id":3613,"deactivation_doc_id":null,"func_zone_status_id":3,"ggk_zone_code":"11010000","ggk_zone_name":"Территория усадебной застройки","gp_func_zone_code":"11010000","gp_func_zone_code_id":19,"id":4725585,"zone_type_id":8},"type":"Feature"},{"bbox":[77.074,43.6235,77.0786,43.6254],"geometry":{"coordinates":[[[[77.0755,43.6235],[77.0755,43.6235],[77.0755,43.6235],[77.0741,43.6242],[77.074,43.6245],[77.074,43.6245],[77.0741,43.6247],[77.0741,43.6247],[77.0758,43.6251],[77.0769,43.6254],[77.0785,43.6251],[77.0786,43.624],[77.0786,43.624],[77.0786,43.624],[77.0755,43.6235]]]],"type":"MultiPolygon"},"geometry_name":"shape","id":"gp_functional_zones.fid--7752831e_19fb67eabdc_6254","properties":{"area":53945.8729223032,"creation_doc_id":3613,"deactivation_doc_id":null,"func_zone_status_id":3,"ggk_zone_code":"11010000","ggk_zone_name":"Территория усадебной застройки","gp_func_zone_code":"11010000","gp_func_zone_code_id":19,"id":4725586,"zone_type_id":8},"type":"Feature"},{"bbox":[77.0718,43.6229,77.0736,43.6251],"geometry":{"coordinates":[[[[77.0718,43.6229],[77.0718,43.6229],[77.0718,43.6229],[77.0725,43.6251],[77.0733,43.6246],[77.0736,43.6243],[77.0736,43.6243],[77.0736,43.6243],[77.0733,43.6231],[77.0718,43.6229]]]],"type":"MultiPolygon"},"geometry_name":"shape","id":"gp_functional_zones.fid--7752831e_19fb67eabdc_6255","properties":{"area":22100.7446265354,"creation_doc_id":3613,"deactivation_doc_id":null,"func_zone_status_id":3,"ggk_zone_code":"11010000","ggk_zone_name":"Территория усадебной застройки","gp_func_zone_code":"11010000","gp_func_zone_code_id":19,"id":4725587,"zone_type_id":8},"type":"Feature"},{"bbox":[77.0737,43.6232,77.0744,43.624],"geometry":{"coordinates":[[[[77.0737,43.6232],[77.0737,43.6232],[77.0737,43.6232],[77.0739,43.624],[77.0742,43.6238],[77.0744,43.6233],[77.0744,43.6233],[77.0744,43.6233],[77.0741,43.6233],[77.0737,43.6232]]]],"type":"MultiPolygon"},"geometry_name":"shape","id":"gp_functional_zones.fid--7752831e_19fb67eabdc_6256","properties":{"area":2990.25410555917,"creation_doc_id":3613,"deactivation_doc_id":null,"func_zone_status_id":3,"ggk_zone_code":"11010000","ggk_zone_name":"Территория усадебной застройки","gp_func_zone_code":"11010000","gp_func_zone_code_id":19,"id":4725588,"zone_type_id":8},"type":"Feature"},{"bbox":[77.0396,43.5391,77.0417,43.5392],"geometry":{"coordinates":[[[77.04,43.5391],[77.0399,43.5391],[77.0397,43.5392],[77.0401,43.5392],[77.0416,43.5392],[77.0417,43.5391],[77.0416,43.5391],[77.04,43.5391]]],"type":"Polygon"},"geometry_name":"shape","id":"gp_functional_zones.fid--7752831e_19fb67eabdc_6257","properties":{"area":2492.70440056787,"creation_doc_id":3613,"deactivation_doc_id":null,"func_zone_status_id":2,"ggk_zone_code":"11010000","ggk_zone_name":"Территория усадебной застройки","gp_func_zone_code":"11010000","gp_func_zone_code_id":19,"id":4725589,"zone_type_id":8},"type":"Feature"},{"bbox":[77.0418,43.5391,77.0461,43.5395],"geometry":{"coordinates":[[[[77.0419,43.5391],[77.0418,43.5391],[77.0418,43.5391],[77.0418,43.5392],[77.0425,43.5393],[77.0425,43.5393],[77.0425,43.5393],[77.0433,43.5393],[77.0433,43.5393],[77.0433,43.5393],[77.044,43.5394],[77.044,43.5394],[77.044,43.5394],[77.0459,43.5395],[77.0461,43.5393],[77.046,43.5393],[77.046,43.5393],[77.0419,43.5391]]]],"type":"MultiPolygon"},"geometry_name":"shape","id":"gp_functional_zones.fid--7752831e_19fb67eabdc_6258","properties":{"area":7097.36164964816,"creation_doc_id":3613,"deactivation_doc_id":null,"func_zone_status_id":2,"ggk_zone_code":"11010000","ggk_zone_name":"Территория усадебной застройки","gp_func_zone_code":"11010000","gp_func_zone_code_id":19,"id":4725590,"zone_type_id":8},"type":"Feature"},{"bbox":[77.0441,43.5395,77.0459,43.5404],"geometry":{"coordinates":[[[[77.0459,43.5396],[77.0441,43.5395],[77.0444,43.5404],[77.0451,43.5402],[77.0459,43.5401],[77.0459,43.5396]]]],"type":"MultiPolygon"},"geometry_name":"shape","id":"gp_functional_zones.fid--7752831e_19fb67eabdc_6259","properties":{"area":9025.82191889707,"creation_doc_id":3613,"deactivation_doc_id":null,"func_zone_status_id":2,"ggk_zone_code":"11010000","ggk_zone_name":"Территория усадебной застройки","gp_func_zone_code":"11010000","gp_func_zone_code_id":19,"id":4725591,"zone_type_id":8},"type":"Feature"},{"bbox":[77.0434,43.5395,77.0443,43.5405],"geometry":{"coordinates":[[[[77.0439,43.5395],[77.0434,43.5395],[77.0438,43.5405],[77.0443,43.5404],[77.0439,43.5395]]]],"type":"MultiPolygon"},"geometry_name":"shape","id":"gp_functional_zones.fid--7752831e_19fb67eabdc_625a","properties":{"area":4564.17016342237,"creation_doc_id":3613,"deactivation_doc_id":null,"func_zone_status_id":2,"ggk_zone_code":"11010000","ggk_zone_name":"Территория усадебной застройки","gp_func_zone_code":"11010000","gp_func_zone_code_id":19,"id":4725592,"zone_type_id":8},"type":"Feature"},{"bbox":[77.0465,43.5393,77.0485,43.5405],"geometry":{"coordinates":[[[[77.0485,43.5393],[77.0468,43.5393],[77.0468,43.5393],[77.0468,43.5394],[77.0468,43.5394],[77.0465,43.5402],[77.0465,43.5403],[77.0465,43.5403],[77.0465,43.5403],[77.0465,43.5404],[77.0465,43.5404],[77.0465,43.5404],[77.0465,43.5404],[77.0466,43.5404],[77.0471,43.5404],[77.0474,43.5405],[77.0475,43.5405],[77.0477,43.5405],[77.0479,43.5405],[77.0479,43.5405],[77.048,43.5398],[77.048,43.5398],[77.048,43.5398],[77.048,43.5398],[77.048,43.5398],[77.048,43.5398],[77.048,43.5398],[77.048,43.5398],[77.048,43.5398],[77.048,43.5397],[77.048,43.5397],[77.048,43.5397],[77.0485,43.5393],[77.0485,43.5393],[77.0485,43.5393]]]],"type":"MultiPolygon"},"geometry_name":"shape","id":"gp_functional_zones.fid--7752831e_19fb67eabdc_625b","properties":{"area":14603.7723712899,"creation_doc_id":3613,"deactivation_doc_id":null,"func_zone_status_id":2,"ggk_zone_code":"11010000","ggk_zone_name":"Территория усадебной застройки","gp_func_zone_code":"11010000","gp_func_zone_code_id":19,"id":4725593,"zone_type_id":8},"type":"Feature"},{"bbox":[77.0426,43.5394,77.0436,43.5407],"geometry":{"coordinates":[[[[77.0432,43.5395],[77.0426,43.5394],[77.043,43.5407],[77.0436,43.5406],[77.0432,43.5395]]]],"type":"MultiPolygon"},"geometry_name":"shape","id":"gp_functional_zones.fid--7752831e_19fb67eabdc_625c","properties":{"area":6370.52482025159,"creation_doc_id":3613,"deactivation_doc_id":null,"func_zone_status_id":2,"ggk_zone_code":"11010000","ggk_zone_name":"Территория усадебной застройки","gp_func_zone_code":"11010000","gp_func_zone_code_id":19,"id":4725594,"zone_type_id":8},"type":"Feature"},{"bbox":[77.0418,43.5394,77.0429,43.5409],"geometry":{"coordinates":[[[[77.0424,43.5394],[77.0418,43.5394],[77.0422,43.5409],[77.0429,43.5407],[77.0424,43.5394]]]],"type":"MultiPolygon"},"geometry_name":"shape","id":"gp_functional_zones.fid--7752831e_19fb67eabdc_625d","properties":{"area":7848.96350878718,"creation_doc_id":3613,"deactivation_doc_id":null,"func_zone_status_id":2,"ggk_zone_code":"11010000","ggk_zone_name":"Территория усадебной застройки","gp_func_zone_code":"11010000","gp_func_zone_code_id":19,"id":4725595,"zone_type_id":8},"type":"Feature"},{"bbox":[77.0402,43.5394,77.0421,43.5412],"geometry":{"coordinates":[[[[77.0416,43.5394],[77.0402,43.5394],[77.0408,43.5412],[77.0421,43.5409],[77.0416,43.5394]]]],"type":"MultiPolygon"},"geometry_name":"shape","id":"gp_functional_zones.fid--7752831e_19fb67eabdc_625e","properties":{"area":21444.8961089131,"creation_doc_id":3613,"deactivation_doc_id":null,"func_zone_status_id":2,"ggk_zone_code":"11010000","ggk_zone_name":"Территория усадебной застройки","gp_func_zone_code":"11010000","gp_func_zone_code_id":19,"id":4725596,"zone_type_id":8},"type":"Feature"},{"bbox":[77.0394,43.5393,77.0406,43.5414],"geometry":{"coordinates":[[[[77.04,43.5394],[77.0394,43.5393],[77.0394,43.5394],[77.04,43.5414],[77.0406,43.5413],[77.04,43.5394]]]],"type":"MultiPolygon"},"geometry_name":"shape","id":"gp_functional_zones.fid--7752831e_19fb67eabdc_625f","properties":{"area":11497.8761098486,"creation_doc_id":3613,"deactivation_doc_id":null,"func_zone_status_id":2,"ggk_zone_code":"11010000","ggk_zone_name":"Территория усадебной застройки","gp_func_zone_code":"11010000","gp_func_zone_code_id":19,"id":4725597,"zone_type_id":8},"type":"Feature"},{"bbox":[77.038,43.5393,77.0398,43.5416],"geometry":{"coordinates":[[[[77.0392,43.5393],[77.03920517241379,43.53931896551724],[77.0393,43.5393],[77.0392,43.5393]]],[[[77.038,43.5396],[77.038,43.5397],[77.0381,43.5397],[77.0381,43.5398],[77.0381,43.5399],[77.0381,43.54],[77.0381,43.5401],[77.0381,43.5402],[77.0382,43.5403],[77.0383,43.5404],[77.0384,43.5405],[77.0385,43.5405],[77.0386,43.5405],[77.0386,43.5406],[77.0387,43.5406],[77.0388,43.5406],[77.0388,43.5407],[77.0389,43.5407],[77.0389,43.5408],[77.039,43.5408],[77.039,43.5409],[77.0391,43.5409],[77.0391,43.541],[77.0391,43.5411],[77.0392,43.5412],[77.0392,43.5413],[77.0392,43.5414],[77.0393,43.5415],[77.0393,43.5416],[77.0398,43.5415],[77.03920517241379,43.53931896551724],[77.0383,43.5395],[77.038,43.5396]]]],"type":"MultiPolygon"},"geometry_name":"shape","id":"gp_functional_zones.fid--7752831e_19fb67eabdc_6260","properties":{"area":18093.6707733352,"creation_doc_id":3613,"deactivation_doc_id":null,"func_zone_status_id":2,"ggk_zone_code":"11010000","ggk_zone_name":"Территория усадебной застройки","gp_func_zone_code":"11010000","gp_func_zone_code_id":19,"id":4725598,"zone_type_id":8},"type":"Feature"},{"bbox":[77.0431,43.5407,77.0442,43.5423],"geometry":{"coordinates":[[[[77.0442,43.5423],[77.0436,43.5407],[77.0431,43.5408],[77.0436,43.5423],[77.0442,43.5423]]]],"type":"MultiPolygon"},"geometry_name":"shape","id":"gp_functional_zones.fid--7752831e_19fb67eabdc_6261","properties":{"area":8704.96584292794,"creation_doc_id":3613,"deactivation_doc_id":null,"func_zone_status_id":2,"ggk_zone_code":"11010000","ggk_zone_name":"Территория усадебной застройки","gp_func_zone_code":"11010000","gp_func_zone_code_id":19,"id":4725599,"zone_type_id":8},"type":"Feature"},{"bbox":[77.0438,43.5405,77.045,43.5424],"geometry":{"coordinates":[[[[77.045,43.5423],[77.0443,43.5405],[77.0438,43.5406],[77.0444,43.5424],[77.045,43.5423]]]],"type":"MultiPolygon"},"geometry_name":"shape","id":"gp_functional_zones.fid--7752831e_19fb67eabdc_6262","properties":{"area":8827.19627979168,"creation_doc_id":3613,"deactivation_doc_id":null,"func_zone_status_id":2,"ggk_zone_code":"11010000","ggk_zone_name":"Территория усадебной застройки","gp_func_zone_code":"11010000","gp_func_zone_code_id":19,"id":4725600,"zone_type_id":8},"type":"Feature"},{"bbox":[77.039,43.5419,77.0395,43.5428],"geometry":{"coordinates":[[[[77.0392,43.542],[77.0391,43.542],[77.039,43.5421],[77.039,43.5422],[77.0392,43.5424],[77.0392,43.5425],[77.0392,43.5426],[77.0392,43.5427],[77.0392,43.542775000000006],[77.0395,43.5427],[77.0393,43.5419],[77.0392,43.542]]],[[[77.0392,43.5428],[77.0392,43.542775000000006],[77.0391,43.5428],[77.0392,43.5428]]]],"type":"MultiPolygon"},"geometry_name":"shape","id":"gp_functional_zones.fid--7752831e_19fb67eabdc_6263","properties":{"area":2107.70882539737,"creation_doc_id":3613,"deactivation_doc_id":null,"func_zone_status_id":2,"ggk_zone_code":"11010000","ggk_zone_name":"Территория усадебной застройки","gp_func_zone_code":"11010000","gp_func_zone_code_id":19,"id":4725601,"zone_type_id":8},"type":"Feature"},{"bbox":[77.0424,43.5402,77.0464,43.5432],"geometry":{"coordinates":[[[[77.0457,43.5421],[77.0458,43.542],[77.046,43.542],[77.0461,43.542],[77.0462,43.5419],[77.0463,43.5419],[77.0464,43.5418],[77.0464,43.5417],[77.0463,43.5417],[77.0462,43.5417],[77.0461,43.5417],[77.046,43.5417],[77.0459,43.5416],[77.0458,43.5416],[77.0457,43.5416],[77.0456,43.5415],[77.0455,43.5414],[77.0455,43.5413],[77.0454,43.5413],[77.0454,43.5412],[77.0454,43.5411],[77.0454,43.541],[77.0454,43.5409],[77.0455,43.5409],[77.0457,43.5403],[77.0457,43.5402],[77.0451,43.5403],[77.0445,43.5405],[77.0452,43.5424],[77.0452,43.5425],[77.0453,43.5424],[77.0454,43.5423],[77.0455,43.5423],[77.0456,43.5422],[77.0457,43.5421]]],[[[77.04303913043478,43.543060869565224],[77.0431,43.543],[77.0431,43.5429],[77.0431,43.5428],[77.0431,43.5427],[77.0432,43.5426],[77.0433,43.5425],[77.0434,43.5424],[77.043,43.5413],[77.0424,43.5414],[77.0424,43.5416],[77.04303913043478,43.543060869565224]]],[[[77.0435,43.5425],[77.0436,43.5425],[77.0443,43.5425],[77.0435,43.5424],[77.0435,43.5425]]],[[[77.0431,43.5432],[77.04303913043478,43.543060869565224],[77.043,43.5431],[77.0431,43.5432]]]],"type":"MultiPolygon"},"geometry_name":"shape","id":"gp_functional_zones.fid--7752831e_19fb67eabdc_6264","properties":{"area":24377.6580782464,"creation_doc_id":3613,"deactivation_doc_id":null,"func_zone_status_id":2,"ggk_zone_code":"11010000","ggk_zone_name":"Территория усадебной застройки","gp_func_zone_code":"11010000","gp_func_zone_code_id":19,"id":4725602,"zone_type_id":8},"type":"Feature"},{"bbox":[77.04,43.5414,77.0412,43.5434],"geometry":{"coordinates":[[[[77.0412,43.5433],[77.0407,43.5414],[77.04,43.5416],[77.0406,43.5434],[77.0412,43.5433]]]],"type":"MultiPolygon"},"geometry_name":"shape","id":"gp_functional_zones.fid--7752831e_19fb67eabdc_6265","properties":{"area":10941.2776131647,"creation_doc_id":3613,"deactivation_doc_id":null,"func_zone_status_id":2,"ggk_zone_code":"11010000","ggk_zone_name":"Территория усадебной застройки","gp_func_zone_code":"11010000","gp_func_zone_code_id":19,"id":4725603,"zone_type_id":8},"type":"Feature"},{"bbox":[77.0384,43.5429,77.0399,43.5438],"geometry":{"coordinates":[[[[77.0399,43.5438],[77.0396,43.5429],[77.0385,43.543],[77.0385,43.5432],[77.0385,43.5433],[77.0385,43.5433],[77.0385,43.5433],[77.0385,43.5433],[77.0385,43.5433],[77.0385,43.5433],[77.0385,43.5433],[77.0385,43.5433],[77.0385,43.5433],[77.0385,43.5433],[77.0385,43.5433],[77.0385,43.5433],[77.0385,43.5433],[77.0385,43.5433],[77.0384,43.5433],[77.0384,43.5433],[77.0384,43.5433],[77.0385,43.5434],[77.0385,43.5434],[77.0386,43.5434],[77.0387,43.5434],[77.0388,43.5434],[77.0389,43.5434],[77.0389,43.5434],[77.0392,43.5434],[77.0392,43.5434],[77.0393,43.5434],[77.0393,43.5434],[77.0394,43.5434],[77.0394,43.5435],[77.0394,43.5435],[77.0395,43.5435],[77.0395,43.5436],[77.0395,43.5436],[77.0395,43.5437],[77.0395,43.5437],[77.0394,43.5438],[77.0394,43.5438],[77.0394,43.5438],[77.0399,43.5438]]]],"type":"MultiPolygon"},"geometry_name":"shape","id":"gp_functional_zones.fid--7752831e_19fb67eabdc_6266","properties":{"area":6278.17174527221,"creation_doc_id":3613,"deactivation_doc_id":null,"func_zone_status_id":2,"ggk_zone_code":"11010000","ggk_zone_name":"Территория усадебной застройки","gp_func_zone_code":"11010000","gp_func_zone_code_id":19,"id":4725604,"zone_type_id":8},"type":"Feature"},{"bbox":[77.0404,43.5412,77.043,43.5438],"geometry":{"coordinates":[[[[77.0418,43.5434],[77.042,43.5434],[77.0421,43.5434],[77.0423,43.5435],[77.0424,43.5435],[77.0425,43.5435],[77.0426,43.5435],[77.0427,43.5434],[77.0428,43.5434],[77.0429,43.5434],[77.0429,43.5434],[77.043,43.5434],[77.043,43.5434],[77.043,43.5434],[77.043,43.5434],[77.043,43.5434],[77.043,43.5433],[77.043,43.5433],[77.0429,43.5433],[77.0429,43.5433],[77.0429,43.5433],[77.0429,43.5433],[77.0429,43.5433],[77.0429,43.5433],[77.0429,43.5433],[77.0429,43.5432],[77.0429,43.5432],[77.0423,43.5417],[77.0423,43.5417],[77.0422,43.5415],[77.0422,43.5415],[77.0422,43.5415],[77.0416,43.5416],[77.0415,43.5412],[77.0415,43.5412],[77.0415,43.5412],[77.0415,43.5412],[77.0408,43.5414],[77.0414,43.5433],[77.0414,43.5433],[77.0414,43.5433],[77.0414,43.5433],[77.0414,43.5433],[77.0414,43.5433],[77.0414,43.5433],[77.0414,43.5433],[77.0414,43.5434],[77.0414,43.5434],[77.0414,43.5434],[77.0414,43.5434],[77.0414,43.5434],[77.0414,43.5434],[77.0414,43.5434],[77.0414,43.5434],[77.0414,43.5434],[77.0414,43.5434],[77.0413,43.5434],[77.0406,43.5435],[77.0404,43.5438],[77.0404,43.5438],[77.0404,43.5438],[77.0404,43.5438],[77.0406,43.5438],[77.0413,43.5435],[77.0414,43.5435],[77.0415,43.5435],[77.0417,43.5435],[77.0418,43.5434]]]],"type":"MultiPolygon"},"geometry_name":"shape","id":"gp_functional_zones.fid--7752831e_19fb67eabdc_6267","properties":{"area":27582.3870785359,"creation_doc_id":3613,"deactivation_doc_id":null,"func_zone_status_id":2,"ggk_zone_code":"11010000","ggk_zone_name":"Территория усадебной застройки","gp_func_zone_code":"11010000","gp_func_zone_code_id":19,"id":4725605,"zone_type_id":8},"type":"Feature"},{"bbox":[77.0394,43.5416,77.0404,43.5439],"geometry":{"coordinates":[[[[77.0404,43.5435],[77.0398,43.5416],[77.0394,43.5417],[77.0397,43.5428],[77.0401,43.5438],[77.0401,43.5439],[77.0404,43.5435]]]],"type":"MultiPolygon"},"geometry_name":"shape","id":"gp_functional_zones.fid--7752831e_19fb67eabdc_6268","properties":{"area":8642.6014845892,"creation_doc_id":3613,"deactivation_doc_id":null,"func_zone_status_id":2,"ggk_zone_code":"11010000","ggk_zone_name":"Территория усадебной застройки","gp_func_zone_code":"11010000","gp_func_zone_code_id":19,"id":4725606,"zone_type_id":8},"type":"Feature"},{"bbox":[77.0392,43.5439,77.04,43.5441],"geometry":{"coordinates":[[[[77.04,43.5441],[77.0399,43.5439],[77.0392,43.544],[77.0392,43.544],[77.0392,43.544],[77.0392,43.544],[77.0392,43.544],[77.0392,43.544],[77.0392,43.544],[77.0394,43.5441],[77.04,43.5441],[77.04,43.5441],[77.04,43.5441],[77.04,43.5441],[77.04,43.5441],[77.04,43.5441],[77.04,43.5441],[77.04,43.5441]]]],"type":"MultiPolygon"},"geometry_name":"shape","id":"gp_functional_zones.fid--7752831e_19fb67eabdc_6269","properties":{"area":1112.28105726242,"creation_doc_id":3613,"deactivation_doc_id":null,"func_zone_status_id":2,"ggk_zone_code":"11010000","ggk_zone_name":"Территория усадебной застройки","gp_func_zone_code":"11010000","gp_func_zone_code_id":19,"id":4725607,"zone_type_id":8},"type":"Feature"},{"bbox":[77.0355,43.5417,77.0375,43.5436],"geometry":{"coordinates":[[[[77.0375,43.5429],[77.0373,43.5423],[77.0363,43.5423],[77.0361,43.542],[77.0359,43.5418],[77.0355,43.5417],[77.0359,43.5435],[77.0359,43.5436],[77.0374,43.5433],[77.0374,43.5433],[77.0374,43.5433],[77.0374,43.5432],[77.0374,43.5431],[77.0375,43.543],[77.0375,43.5429]]]],"type":"MultiPolygon"},"geometry_name":"shape","id":"gp_functional_zones.fid--7752831e_19fb67eabdc_626a","properties":{"area":19198.3486171034,"creation_doc_id":3613,"deactivation_doc_id":null,"func_zone_status_id":2,"ggk_zone_code":"11010000","ggk_zone_name":"Территория усадебной застройки","gp_func_zone_code":"11010000","gp_func_zone_code_id":19,"id":4725608,"zone_type_id":8},"type":"Feature"},{"bbox":[77.036,43.5435,77.0377,43.5441],"geometry":{"coordinates":[[[[77.0375,43.5435],[77.0375,43.5435],[77.036,43.5437],[77.036,43.5437],[77.036,43.5437],[77.0361,43.5441],[77.0361,43.5441],[77.0377,43.544],[77.0377,43.5439],[77.0377,43.5439],[77.0376,43.5438],[77.0376,43.5437],[77.0375,43.5437],[77.0375,43.5436],[77.0375,43.5435],[77.0375,43.5435],[77.0375,43.5435]]]],"type":"MultiPolygon"},"geometry_name":"shape","id":"gp_functional_zones.fid--7752831e_19fb67eabdc_626b","properties":{"area":6796.65598240794,"creation_doc_id":3613,"deactivation_doc_id":null,"func_zone_status_id":2,"ggk_zone_code":"11010000","ggk_zone_name":"Территория усадебной застройки","gp_func_zone_code":"11010000","gp_func_zone_code_id":19,"id":4725609,"zone_type_id":8},"type":"Feature"},{"bbox":[77.0361,43.5441,77.0384,43.5448],"geometry":{"coordinates":[[[[77.038,43.5446],[77.038,43.5446],[77.038,43.5446],[77.038,43.5446],[77.0384,43.5447],[77.0384,43.5447],[77.0383,43.5446],[77.0382,43.5445],[77.0381,43.5444],[77.038,43.5443],[77.038,43.5443],[77.0379,43.5442],[77.0379,43.5442],[77.0379,43.5441],[77.0378,43.5441],[77.0378,43.5441],[77.0378,43.5441],[77.0361,43.5442],[77.0361,43.5443],[77.0361,43.5443],[77.0362,43.5447],[77.0362,43.5448],[77.0362,43.5448],[77.038,43.5446]]]],"type":"MultiPolygon"},"geometry_name":"shape","id":"gp_functional_zones.fid--7752831e_19fb67eabdc_626c","properties":{"area":9375.67328264727,"creation_doc_id":3613,"deactivation_doc_id":null,"func_zone_status_id":2,"ggk_zone_code":"11010000","ggk_zone_name":"Территория усадебной застройки","gp_func_zone_code":"11010000","gp_func_zone_code_id":19,"id":4725610,"zone_type_id":8},"type":"Feature"},{"bbox":[77.0436,43.5409,77.0478,43.5438],"geometry":{"coordinates":[[[[77.0458,43.5432],[77.0458,43.5432],[77.0478,43.5432],[77.0476,43.5425],[77.0473,43.542],[77.0473,43.5419],[77.0472,43.5412],[77.0472,43.5412],[77.0472,43.5412],[77.0472,43.5411],[77.0472,43.5411],[77.0472,43.5411],[77.0472,43.5411],[77.0472,43.5411],[77.0472,43.5411],[77.0472,43.5411],[77.0472,43.5411],[77.0472,43.5411],[77.0472,43.5411],[77.0472,43.5411],[77.0472,43.5411],[77.0472,43.5411],[77.0473,43.5411],[77.0473,43.5411],[77.0473,43.5411],[77.0478,43.5411],[77.0478,43.541],[77.0478,43.5409],[77.0473,43.5409],[77.047,43.5409],[77.0467,43.541],[77.0467,43.541],[77.0466,43.541],[77.0466,43.5411],[77.0466,43.5411],[77.0466,43.5412],[77.0466,43.5412],[77.0466,43.5413],[77.0466,43.5413],[77.0467,43.5413],[77.0467,43.5414],[77.0468,43.5414],[77.0469,43.5415],[77.0469,43.5415],[77.0469,43.5415],[77.0469,43.5416],[77.047,43.5416],[77.047,43.5417],[77.047,43.5417],[77.0468,43.542],[77.0468,43.5422],[77.0468,43.5422],[77.0468,43.5422],[77.0467,43.5423],[77.0467,43.5423],[77.0467,43.5423],[77.0466,43.5423],[77.0466,43.5424],[77.0465,43.5424],[77.0464,43.5424],[77.0464,43.5424],[77.0462,43.5424],[77.0461,43.5424],[77.0461,43.5424],[77.0461,43.5424],[77.046,43.5424],[77.046,43.5425],[77.0458,43.5426],[77.0456,43.5427],[77.0455,43.5428],[77.0454,43.5428],[77.0452,43.5429],[77.0451,43.543],[77.0449,43.543],[77.0448,43.543],[77.0448,43.543],[77.0447,43.543],[77.0446,43.543],[77.0446,43.543],[77.0445,43.543],[77.0445,43.543],[77.0445,43.543],[77.0444,43.5429],[77.0444,43.5429],[77.0444,43.5429],[77.0443,43.5428],[77.0442,43.5428],[77.0442,43.5428],[77.0441,43.5428],[77.044,43.5429],[77.044,43.543],[77.0439,43.543],[77.0439,43.5431],[77.0438,43.5431],[77.0438,43.5432],[77.0438,43.5432],[77.0438,43.5433],[77.0438,43.5433],[77.0438,43.5434],[77.0437,43.5435],[77.0437,43.5435],[77.0436,43.5436],[77.0436,43.5436],[77.0439,43.5438],[77.0444,43.5436],[77.0449,43.5433],[77.0449,43.5433],[77.0449,43.5433],[77.0449,43.5433],[77.0449,43.5433],[77.0449,43.5433],[77.0449,43.5433],[77.0449,43.5433],[77.0458,43.5432]]]],"type":"MultiPolygon"},"geometry_name":"shape","id":"gp_functional_zones.fid--7752831e_19fb67eabdc_626d","properties":{"area":31000.6993096441,"creation_doc_id":3613,"deactivation_doc_id":null,"func_zone_status_id":2,"ggk_zone_code":"11010000","ggk_zone_name":"Территория усадебной застройки","gp_func_zone_code":"11010000","gp_func_zone_code_id":19,"id":4725611,"zone_type_id":8},"type":"Feature"},{"bbox":[77.0474,43.5412,77.0485,43.5437],"geometry":{"coordinates":[[[[77.0478,43.5412],[77.0478,43.5412],[77.0474,43.5412],[77.0475,43.5419],[77.0477,43.5424],[77.0477,43.5424],[77.048,43.5433],[77.048,43.5433],[77.048,43.5433],[77.048,43.5437],[77.0485,43.5437],[77.0485,43.5437],[77.0485,43.5436],[77.0485,43.5436],[77.048,43.5428],[77.048,43.5427],[77.048,43.5427],[77.0479,43.5425],[77.0479,43.5425],[77.0479,43.5424],[77.0478,43.5423],[77.0478,43.5422],[77.0478,43.5422],[77.0477,43.5421],[77.0477,43.542],[77.0477,43.5419],[77.0477,43.5419],[77.0477,43.5419],[77.0477,43.5419],[77.0477,43.5417],[77.0477,43.5416],[77.0478,43.5412],[77.0478,43.5412]]]],"type":"MultiPolygon"},"geometry_name":"shape","id":"gp_functional_zones.fid--7752831e_19fb67eabdc_626e","properties":{"area":5949.99004133507,"creation_doc_id":3613,"deactivation_doc_id":null,"func_zone_status_id":2,"ggk_zone_code":"11010000","ggk_zone_name":"Территория усадебной застройки","gp_func_zone_code":"11010000","gp_func_zone_code_id":19,"id":4725612,"zone_type_id":8},"type":"Feature"},{"bbox":[77.044,43.5433,77.0478,43.5444],"geometry":{"coordinates":[[[[77.0478,43.5433],[77.0458,43.5433],[77.045,43.5434],[77.0445,43.5437],[77.0445,43.5437],[77.044,43.5439],[77.0443,43.5441],[77.0443,43.5441],[77.0443,43.5441],[77.0443,43.5441],[77.0443,43.5441],[77.0443,43.5442],[77.0443,43.5442],[77.0443,43.5442],[77.0443,43.5442],[77.0443,43.5442],[77.0443,43.5444],[77.0443,43.5444],[77.0468,43.5438],[77.0468,43.5438],[77.0478,43.5437],[77.0478,43.5433]]]],"type":"MultiPolygon"},"geometry_name":"shape","id":"gp_functional_zones.fid--7752831e_19fb67eabdc_626f","properties":{"area":19953.8698454916,"creation_doc_id":3613,"deactivation_doc_id":null,"func_zone_status_id":2,"ggk_zone_code":"11010000","ggk_zone_name":"Территория усадебной застройки","gp_func_zone_code":"11010000","gp_func_zone_code_id":19,"id":4725613,"zone_type_id":8},"type":"Feature"},{"bbox":[77.041,43.5437,77.0478,43.5454],"geometry":{"coordinates":[[[[77.0446,43.545],[77.0478,43.5443],[77.0478,43.5439],[77.0469,43.544],[77.0443,43.5445],[77.0443,43.5445],[77.0443,43.5445],[77.0443,43.5445],[77.0443,43.5445],[77.0443,43.5445],[77.0442,43.5445],[77.0442,43.5445],[77.0442,43.5445],[77.0442,43.5445],[77.0442,43.5445],[77.0442,43.5445],[77.0442,43.5445],[77.0442,43.5445],[77.0442,43.5445],[77.0442,43.5445],[77.0442,43.5445],[77.0441,43.5444],[77.0441,43.5444],[77.0441,43.5444],[77.0441,43.5443],[77.0441,43.5442],[77.0438,43.5439],[77.0435,43.5437],[77.0434,43.5437],[77.0434,43.5437],[77.0434,43.5437],[77.0433,43.5438],[77.0433,43.5438],[77.0432,43.5438],[77.0431,43.5438],[77.043,43.5439],[77.0429,43.5439],[77.0427,43.5439],[77.0426,43.5439],[77.0425,43.5439],[77.0418,43.5439],[77.0417,43.544],[77.0416,43.544],[77.0415,43.544],[77.0414,43.544],[77.0413,43.5441],[77.0412,43.5441],[77.0411,43.5442],[77.0411,43.5442],[77.041,43.5443],[77.041,43.5444],[77.041,43.5444],[77.041,43.5445],[77.041,43.5446],[77.041,43.5446],[77.041,43.5447],[77.041,43.5447],[77.041,43.5448],[77.0411,43.545],[77.0411,43.5451],[77.0412,43.5453],[77.0412,43.5454],[77.0412,43.5454],[77.0446,43.545]]]],"type":"MultiPolygon"},"geometry_name":"shape","id":"gp_functional_zones.fid--7752831e_19fb67eabdc_6270","properties":{"area":51805.4846451133,"creation_doc_id":3613,"deactivation_doc_id":null,"func_zone_status_id":2,"ggk_zone_code":"11010000","ggk_zone_name":"Территория усадебной застройки","gp_func_zone_code":"11010000","gp_func_zone_code_id":19,"id":4725614,"zone_type_id":8},"type":"Feature"},{"bbox":[77.0479,43.5438,77.0494,43.5456],"geometry":{"coordinates":[[[[77.0486,43.5438],[77.0486,43.5438],[77.0486,43.5438],[77.048,43.5439],[77.0479,43.5444],[77.0479,43.5444],[77.0479,43.5444],[77.0479,43.5456],[77.0494,43.5453],[77.0494,43.5453],[77.0494,43.5453],[77.0494,43.5453],[77.0486,43.5438]]]],"type":"MultiPolygon"},"geometry_name":"shape","id":"gp_functional_zones.fid--7752831e_19fb67eabdc_6271","properties":{"area":15584.2889829475,"creation_doc_id":3613,"deactivation_doc_id":null,"func_zone_status_id":2,"ggk_zone_code":"11010000","ggk_zone_name":"Территория усадебной застройки","gp_func_zone_code":"11010000","gp_func_zone_code_id":19,"id":4725615,"zone_type_id":8},"type":"Feature"},{"bbox":[77.0479,43.5456,77.0488,43.5468],"geometry":{"coordinates":[[[[77.0488,43.5468],[77.0482,43.5456],[77.0479,43.5457],[77.0479,43.5468],[77.0488,43.5468]]]],"type":"MultiPolygon"},"geometry_name":"shape","id":"gp_functional_zones.fid--7752831e_19fb67eabdc_6272","properties":{"area":6556.79103130692,"creation_doc_id":3613,"deactivation_doc_id":null,"func_zone_status_id":2,"ggk_zone_code":"11010000","ggk_zone_name":"Территория усадебной застройки","gp_func_zone_code":"11010000","gp_func_zone_code_id":19,"id":4725616,"zone_type_id":8},"type":"Feature"},{"bbox":[77.0436,43.5457,77.0477,43.5474],"geometry":{"coordinates":[[[[77.0467,43.5468],[77.0467,43.5468],[77.0477,43.5468],[77.0477,43.5457],[77.0459,43.546],[77.0436,43.5464],[77.0438,43.5469],[77.0438,43.5469],[77.0438,43.5469],[77.0437,43.5474],[77.0449,43.5472],[77.0467,43.5468]]]],"type":"MultiPolygon"},"geometry_name":"shape","id":"gp_functional_zones.fid--7752831e_19fb67eabdc_6273","properties":{"area":35814.6670635881,"creation_doc_id":3613,"deactivation_doc_id":null,"func_zone_status_id":2,"ggk_zone_code":"11010000","ggk_zone_name":"Территория усадебной застройки","gp_func_zone_code":"11010000","gp_func_zone_code_id":19,"id":4725617,"zone_type_id":8},"type":"Feature"},{"bbox":[77.0484,43.5455,77.0505,43.548],"geometry":{"coordinates":[[[[77.0495,43.5455],[77.0494,43.5455],[77.0494,43.5455],[77.0484,43.5456],[77.049,43.5469],[77.049,43.5469],[77.049,43.5469],[77.0496,43.548],[77.0501,43.5478],[77.0505,43.5476],[77.0505,43.5475],[77.0505,43.5475],[77.0502,43.547],[77.0495,43.5455]]]],"type":"MultiPolygon"},"geometry_name":"shape","id":"gp_functional_zones.fid--7752831e_19fb67eabdc_6274","properties":{"area":22742.6686965548,"creation_doc_id":3613,"deactivation_doc_id":null,"func_zone_status_id":2,"ggk_zone_code":"11010000","ggk_zone_name":"Территория усадебной застройки","gp_func_zone_code":"11010000","gp_func_zone_code_id":19,"id":4725618,"zone_type_id":8},"type":"Feature"},{"bbox":[77.0479,43.547,77.0494,43.5484],"geometry":{"coordinates":[[[[77.0494,43.5481],[77.0489,43.547],[77.0479,43.547],[77.0479,43.547],[77.0488,43.5484],[77.0494,43.5481]]]],"type":"MultiPolygon"},"geometry_name":"shape","id":"gp_functional_zones.fid--7752831e_19fb67eabdc_6275","properties":{"area":10126.5844605115,"creation_doc_id":3613,"deactivation_doc_id":null,"func_zone_status_id":2,"ggk_zone_code":"11010000","ggk_zone_name":"Территория усадебной застройки","gp_func_zone_code":"11010000","gp_func_zone_code_id":19,"id":4725619,"zone_type_id":8},"type":"Feature"},{"bbox":[77.0497,43.5479,77.0503,43.5489],"geometry":{"coordinates":[[[[77.0503,43.5486],[77.0501,43.5479],[77.0497,43.5481],[77.0497,43.5481],[77.0498,43.5489],[77.0503,43.5486]]]],"type":"MultiPolygon"},"geometry_name":"shape","id":"gp_functional_zones.fid--7752831e_19fb67eabdc_6276","properties":{"area":3036.43194766214,"creation_doc_id":3613,"deactivation_doc_id":null,"func_zone_status_id":2,"ggk_zone_code":"11010000","ggk_zone_name":"Территория усадебной застройки","gp_func_zone_code":"11010000","gp_func_zone_code_id":19,"id":4725620,"zone_type_id":8},"type":"Feature"},{"bbox":[77.0462,43.5471,77.0487,43.5491],"geometry":{"coordinates":[[[[77.0487,43.5484],[77.0477,43.5471],[77.0462,43.5476],[77.0473,43.5491],[77.0487,43.5484]]]],"type":"MultiPolygon"},"geometry_name":"shape","id":"gp_functional_zones.fid--7752831e_19fb67eabdc_6277","properties":{"area":23850.0180631934,"creation_doc_id":3613,"deactivation_doc_id":null,"func_zone_status_id":2,"ggk_zone_code":"11010000","ggk_zone_name":"Территория усадебной застройки","gp_func_zone_code":"11010000","gp_func_zone_code_id":19,"id":4725621,"zone_type_id":8},"type":"Feature"},{"bbox":[77.0417,43.5465,77.0454,43.5492],"geometry":{"coordinates":[[[[77.0453,43.5491],[77.045,43.5489],[77.0449,43.5488],[77.0449,43.5488],[77.0449,43.5488],[77.0449,43.5488],[77.0448,43.5487],[77.0448,43.5487],[77.0448,43.5487],[77.0448,43.5487],[77.0448,43.5486],[77.0448,43.5486],[77.0447,43.5486],[77.0447,43.5486],[77.0447,43.5485],[77.0447,43.5485],[77.0447,43.5485],[77.0447,43.5485],[77.0448,43.5484],[77.0448,43.5484],[77.0448,43.5484],[77.0449,43.5481],[77.0448,43.5473],[77.0436,43.5475],[77.0436,43.5475],[77.0436,43.5475],[77.0436,43.5475],[77.0436,43.5475],[77.0436,43.5475],[77.0435,43.5475],[77.0435,43.5475],[77.0435,43.5475],[77.0435,43.5475],[77.0435,43.5475],[77.0435,43.5475],[77.0435,43.5475],[77.0435,43.5475],[77.0435,43.5475],[77.0435,43.5475],[77.0435,43.5475],[77.0435,43.5475],[77.0435,43.5475],[77.0435,43.5475],[77.0436,43.5469],[77.0435,43.5465],[77.0417,43.5468],[77.0417,43.5468],[77.0417,43.5468],[77.0417,43.5468],[77.0418,43.5469],[77.0418,43.547],[77.0418,43.5471],[77.0418,43.5471],[77.0418,43.5472],[77.0419,43.5472],[77.042,43.5472],[77.0421,43.5473],[77.0421,43.5473],[77.0422,43.5473],[77.0423,43.5474],[77.0433,43.5475],[77.0435,43.5476],[77.0436,43.5476],[77.0438,43.5477],[77.044,43.5477],[77.0441,43.5477],[77.0441,43.5477],[77.0441,43.5477],[77.0442,43.5478],[77.0442,43.5478],[77.0442,43.5478],[77.0442,43.5479],[77.0442,43.5479],[77.0442,43.5479],[77.0442,43.548],[77.0441,43.548],[77.0441,43.548],[77.0441,43.5481],[77.044,43.5481],[77.044,43.5481],[77.0439,43.5482],[77.0439,43.5482],[77.0439,43.5483],[77.044,43.5483],[77.0441,43.5484],[77.0441,43.5484],[77.0441,43.5485],[77.0442,43.5485],[77.0442,43.5486],[77.0442,43.5486],[77.0442,43.5487],[77.0442,43.5487],[77.0442,43.5488],[77.0442,43.549],[77.0442,43.549],[77.0442,43.5491],[77.0442,43.5491],[77.0443,43.5491],[77.0443,43.5491],[77.0444,43.5491],[77.0444,43.5491],[77.0444,43.5491],[77.0446,43.5491],[77.0447,43.5491],[77.0448,43.5491],[77.045,43.5491],[77.045,43.5491],[77.0451,43.5491],[77.0452,43.5492],[77.0452,43.5492],[77.0453,43.5492],[77.0453,43.5492],[77.0454,43.5492],[77.0453,43.5491]]]],"type":"MultiPolygon"},"geometry_name":"shape","id":"gp_functional_zones.fid--7752831e_19fb67eabdc_6278","properties":{"area":24590.6737650821,"creation_doc_id":3613,"deactivation_doc_id":null,"func_zone_status_id":2,"ggk_zone_code":"11010000","ggk_zone_name":"Территория усадебной застройки","gp_func_zone_code":"11010000","gp_func_zone_code_id":19,"id":4725622,"zone_type_id":8},"type":"Feature"},{"bbox":[77.0449,43.547,77.0477,43.5495],"geometry":{"coordinates":[[[[77.0477,43.547],[77.0467,43.547],[77.0456,43.5472],[77.0456,43.5472],[77.0456,43.5472],[77.0456,43.548],[77.0451,43.548],[77.0451,43.548],[77.0451,43.5481],[77.0451,43.5481],[77.0451,43.5481],[77.0451,43.5481],[77.0451,43.5481],[77.0451,43.5481],[77.0451,43.5481],[77.0451,43.5481],[77.0451,43.5481],[77.045,43.5484],[77.0449,43.5484],[77.0449,43.5485],[77.0449,43.5485],[77.0449,43.5486],[77.0449,43.5486],[77.0449,43.5486],[77.045,43.5487],[77.045,43.5487],[77.045,43.5487],[77.0451,43.5488],[77.0451,43.5488],[77.0455,43.5491],[77.0455,43.5491],[77.0455,43.5491],[77.0455,43.5491],[77.0455,43.5491],[77.0457,43.5495],[77.0471,43.5491],[77.046,43.5476],[77.046,43.5476],[77.046,43.5476],[77.046,43.5476],[77.046,43.5476],[77.046,43.5476],[77.046,43.5476],[77.046,43.5475],[77.046,43.5475],[77.046,43.5475],[77.046,43.5475],[77.046,43.5475],[77.046,43.5475],[77.046,43.5475],[77.046,43.5475],[77.046,43.5475],[77.046,43.5475],[77.0477,43.547]]]],"type":"MultiPolygon"},"geometry_name":"shape","id":"gp_functional_zones.fid--7752831e_19fb67eabdc_6279","properties":{"area":25462.5629998253,"creation_doc_id":3613,"deactivation_doc_id":null,"func_zone_status_id":2,"ggk_zone_code":"11010000","ggk_zone_name":"Территория усадебной застройки","gp_func_zone_code":"11010000","gp_func_zone_code_id":19,"id":4725623,"zone_type_id":8},"type":"Feature"},{"bbox":[77.0457,43.5482,77.0497,43.5501],"geometry":{"coordinates":[[[[77.0497,43.549],[77.0495,43.5482],[77.0488,43.5485],[77.0488,43.5485],[77.0488,43.5485],[77.0473,43.5492],[77.0473,43.5492],[77.0473,43.5492],[77.0458,43.5496],[77.0457,43.5501],[77.047,43.5497],[77.047,43.5497],[77.0497,43.549]]]],"type":"MultiPolygon"},"geometry_name":"shape","id":"gp_functional_zones.fid--7752831e_19fb67eabdc_627a","properties":{"area":19896.0741355847,"creation_doc_id":3613,"deactivation_doc_id":null,"func_zone_status_id":2,"ggk_zone_code":"11010000","ggk_zone_name":"Территория усадебной застройки","gp_func_zone_code":"11010000","gp_func_zone_code_id":19,"id":4725624,"zone_type_id":8},"type":"Feature"},{"bbox":[77.0458,43.5493,77.0494,43.5506],"geometry":{"coordinates":[[[[77.0492,43.5493],[77.0492,43.5493],[77.0471,43.5499],[77.0458,43.5503],[77.0462,43.5506],[77.0462,43.5506],[77.0468,43.5504],[77.0468,43.5504],[77.0468,43.5504],[77.0468,43.5504],[77.0472,43.5503],[77.0494,43.5497],[77.0494,43.5497],[77.0492,43.5493],[77.0492,43.5493]]]],"type":"MultiPolygon"},"geometry_name":"shape","id":"gp_functional_zones.fid--7752831e_19fb67eabdc_627b","properties":{"area":13815.9875195511,"creation_doc_id":3613,"deactivation_doc_id":null,"func_zone_status_id":2,"ggk_zone_code":"11010000","ggk_zone_name":"Территория усадебной застройки","gp_func_zone_code":"11010000","gp_func_zone_code_id":19,"id":4725625,"zone_type_id":8},"type":"Feature"},{"bbox":[77.0454,43.5503,77.0466,43.551],"geometry":{"coordinates":[[[[77.0459,43.551],[77.0459,43.551],[77.0461,43.551],[77.0462,43.551],[77.0463,43.5509],[77.0464,43.5509],[77.0465,43.5509],[77.0465,43.5509],[77.0466,43.5509],[77.0462,43.5508],[77.0462,43.5508],[77.0462,43.5508],[77.0462,43.5508],[77.0462,43.5508],[77.0462,43.5508],[77.0461,43.5508],[77.0461,43.5508],[77.0461,43.5508],[77.0461,43.5508],[77.0456,43.5503],[77.0456,43.5504],[77.0456,43.5504],[77.0456,43.5504],[77.0455,43.5504],[77.0455,43.5505],[77.0455,43.5505],[77.0454,43.5506],[77.0454,43.5506],[77.0454,43.5507],[77.0454,43.5507],[77.0455,43.5508],[77.0455,43.5508],[77.0455,43.5508],[77.0455,43.5509],[77.0456,43.5509],[77.0456,43.5509],[77.0457,43.551],[77.0457,43.551],[77.0458,43.551],[77.0458,43.551],[77.0459,43.551]]]],"type":"MultiPolygon"},"geometry_name":"shape","id":"gp_functional_zones.fid--7752831e_19fb67eabdc_627c","properties":{"area":2901.95781900377,"creation_doc_id":3613,"deactivation_doc_id":null,"func_zone_status_id":2,"ggk_zone_code":"11010000","ggk_zone_name":"Территория усадебной застройки","gp_func_zone_code":"11010000","gp_func_zone_code_id":19,"id":4725626,"zone_type_id":8},"type":"Feature"},{"bbox":[77.0464,43.5498,77.0498,43.5514],"geometry":{"coordinates":[[[[77.0494,43.5498],[77.0494,43.5498],[77.0472,43.5504],[77.0472,43.5504],[77.0469,43.5505],[77.0464,43.5507],[77.0472,43.5509],[77.0472,43.5509],[77.0472,43.551],[77.0472,43.551],[77.0472,43.551],[77.0476,43.5514],[77.0477,43.5514],[77.0481,43.5512],[77.0481,43.5512],[77.0498,43.5508],[77.0498,43.5508],[77.0494,43.5498],[77.0494,43.5498]]]],"type":"MultiPolygon"},"geometry_name":"shape","id":"gp_functional_zones.fid--7752831e_19fb67eabdc_627d","properties":{"area":24376.9116336928,"creation_doc_id":3613,"deactivation_doc_id":null,"func_zone_status_id":2,"ggk_zone_code":"11010000","ggk_zone_name":"Территория усадебной застройки","gp_func_zone_code":"11010000","gp_func_zone_code_id":19,"id":4725627,"zone_type_id":8},"type":"Feature"},{"bbox":[77.0478,43.5509,77.0501,43.5519],"geometry":{"coordinates":[[[[77.05,43.5514],[77.0501,43.5509],[77.0482,43.5514],[77.0478,43.5515],[77.048,43.5517],[77.048,43.5517],[77.0481,43.5518],[77.0481,43.5518],[77.0482,43.5518],[77.0482,43.5518],[77.0482,43.5519],[77.05,43.5514]]]],"type":"MultiPolygon"},"geometry_name":"shape","id":"gp_functional_zones.fid--7752831e_19fb67eabdc_627e","properties":{"area":9083.08004978696,"creation_doc_id":3613,"deactivation_doc_id":null,"func_zone_status_id":2,"ggk_zone_code":"11010000","ggk_zone_name":"Территория усадебной застройки","gp_func_zone_code":"11010000","gp_func_zone_code_id":19,"id":4725628,"zone_type_id":8},"type":"Feature"},{"bbox":[77.0499,43.5477,77.0525,43.5521],"geometry":{"coordinates":[[[[77.0506,43.5477],[77.0506,43.5477],[77.0502,43.5479],[77.0505,43.5486],[77.0505,43.5486],[77.0505,43.5486],[77.0505,43.5486],[77.0505,43.5486],[77.0505,43.5486],[77.0505,43.5486],[77.0505,43.5486],[77.0504,43.5486],[77.0504,43.5486],[77.0504,43.5486],[77.0499,43.5491],[77.05,43.5496],[77.05,43.5496],[77.05,43.5496],[77.0503,43.5508],[77.0503,43.5508],[77.0503,43.5508],[77.0503,43.5508],[77.0502,43.5514],[77.0502,43.5514],[77.0502,43.5514],[77.0501,43.5521],[77.0505,43.552],[77.0505,43.552],[77.0505,43.552],[77.0513,43.5518],[77.0513,43.5518],[77.0513,43.5518],[77.0525,43.5515],[77.0525,43.5515],[77.0525,43.5514],[77.0524,43.551],[77.0517,43.5497],[77.0506,43.5477]]]],"type":"MultiPolygon"},"geometry_name":"shape","id":"gp_functional_zones.fid--7752831e_19fb67eabdc_627f","properties":{"area":55204.4035434904,"creation_doc_id":3613,"deactivation_doc_id":null,"func_zone_status_id":2,"ggk_zone_code":"11010000","ggk_zone_name":"Территория усадебной застройки","gp_func_zone_code":"11010000","gp_func_zone_code_id":19,"id":4725629,"zone_type_id":8},"type":"Feature"},{"bbox":[77.0483,43.5515,77.05,43.5524],"geometry":{"coordinates":[[[[77.0499,43.5521],[77.05,43.5515],[77.0483,43.552],[77.0483,43.5521],[77.0483,43.5521],[77.0483,43.5521],[77.0483,43.5521],[77.0484,43.5522],[77.0484,43.5522],[77.0484,43.5523],[77.0484,43.5523],[77.0484,43.5523],[77.0489,43.5524],[77.0499,43.5521]]]],"type":"MultiPolygon"},"geometry_name":"shape","id":"gp_functional_zones.fid--7752831e_19fb67eabdc_6280","properties":{"area":7402.40004703236,"creation_doc_id":3613,"deactivation_doc_id":null,"func_zone_status_id":2,"ggk_zone_code":"11010000","ggk_zone_name":"Территория усадебной застройки","gp_func_zone_code":"11010000","gp_func_zone_code_id":19,"id":4725630,"zone_type_id":8},"type":"Feature"},{"bbox":[77.0514,43.5516,77.0528,43.5532],"geometry":{"coordinates":[[[[77.0525,43.5516],[77.0525,43.5516],[77.0525,43.5516],[77.0514,43.5519],[77.0518,43.5532],[77.0518,43.5532],[77.0528,43.5531],[77.0528,43.5531],[77.0528,43.5531],[77.0525,43.5516]]]],"type":"MultiPolygon"},"geometry_name":"shape","id":"gp_functional_zones.fid--7752831e_19fb67eabdc_6281","properties":{"area":14273.4941844261,"creation_doc_id":3613,"deactivation_doc_id":null,"func_zone_status_id":2,"ggk_zone_code":"11010000","ggk_zone_name":"Территория усадебной застройки","gp_func_zone_code":"11010000","gp_func_zone_code_id":19,"id":4725631,"zone_type_id":8},"type":"Feature"},{"bbox":[77.0507,43.5519,77.0516,43.5534],"geometry":{"coordinates":[[[[77.0516,43.5533],[77.0512,43.5519],[77.0507,43.5521],[77.051,43.5534],[77.051,43.5534],[77.0515,43.5533],[77.0515,43.5533],[77.0516,43.5533]]]],"type":"MultiPolygon"},"geometry_name":"shape","id":"gp_functional_zones.fid--7752831e_19fb67eabdc_6282","properties":{"area":7243.65307809141,"creation_doc_id":3613,"deactivation_doc_id":null,"func_zone_status_id":2,"ggk_zone_code":"11010000","ggk_zone_name":"Территория усадебной застройки","gp_func_zone_code":"11010000","gp_func_zone_code_id":19,"id":4725632,"zone_type_id":8},"type":"Feature"},{"bbox":[77.0474,43.5521,77.0508,43.5534],"geometry":{"coordinates":[[[[77.0508,43.5534],[77.0505,43.5521],[77.0489,43.5525],[77.0489,43.5525],[77.0489,43.5525],[77.0489,43.5525],[77.0489,43.5525],[77.0489,43.5525],[77.0489,43.5525],[77.0489,43.5525],[77.0489,43.5525],[77.0482,43.5524],[77.0482,43.5524],[77.0482,43.5524],[77.0482,43.5524],[77.0482,43.5524],[77.0482,43.5524],[77.0482,43.5524],[77.0482,43.5524],[77.0482,43.5524],[77.0482,43.5524],[77.0482,43.5524],[77.0482,43.5524],[77.0482,43.5524],[77.0482,43.5524],[77.0482,43.5524],[77.0481,43.5524],[77.0481,43.5524],[77.048,43.5525],[77.048,43.5525],[77.0479,43.5525],[77.0479,43.5525],[77.0476,43.5525],[77.0475,43.5525],[77.0475,43.5525],[77.0474,43.5525],[77.0474,43.5525],[77.0486,43.5528],[77.0508,43.5534],[77.0508,43.5534],[77.0508,43.5534],[77.0508,43.5534],[77.0508,43.5534]]]],"type":"MultiPolygon"},"geometry_name":"shape","id":"gp_functional_zones.fid--7752831e_19fb67eabdc_6283","properties":{"area":15303.3048853796,"creation_doc_id":3613,"deactivation_doc_id":null,"func_zone_status_id":2,"ggk_zone_code":"11010000","ggk_zone_name":"Территория усадебной застройки","gp_func_zone_code":"11010000","gp_func_zone_code_id":19,"id":4725633,"zone_type_id":8},"type":"Feature"},{"bbox":[77.0364,43.5449,77.0398,43.5459],"geometry":{"coordinates":[[[[77.0392,43.5455],[77.0392,43.5455],[77.0392,43.5455],[77.0397,43.5455],[77.0398,43.5455],[77.0394,43.545],[77.0386,43.5449],[77.0386,43.5449],[77.0386,43.5449],[77.0386,43.5455],[77.0364,43.5457],[77.0365,43.5459],[77.0365,43.5459],[77.0381,43.5458],[77.0381,43.5458],[77.0381,43.5458],[77.0388,43.5457],[77.0391,43.5455],[77.0392,43.5455],[77.0392,43.5455],[77.0392,43.5455],[77.0392,43.5455],[77.0392,43.5455],[77.0392,43.5455],[77.0392,43.5455]]]],"type":"MultiPolygon"},"geometry_name":"shape","id":"gp_functional_zones.fid--7752831e_19fb67eabdc_6284","properties":{"area":10616.0579601614,"creation_doc_id":3613,"deactivation_doc_id":null,"func_zone_status_id":2,"ggk_zone_code":"11010000","ggk_zone_name":"Территория усадебной застройки","gp_func_zone_code":"11010000","gp_func_zone_code_id":19,"id":4725634,"zone_type_id":8},"type":"Feature"},{"bbox":[77.04,43.5456,77.0409,43.547],"geometry":{"coordinates":[[[[77.0404,43.5456],[77.0403,43.5456],[77.04,43.5457],[77.04,43.5457],[77.04,43.5457],[77.04,43.5457],[77.04,43.5458],[77.04,43.5458],[77.04,43.5466],[77.0401,43.5466],[77.0401,43.5466],[77.0401,43.5466],[77.0402,43.5466],[77.0402,43.5466],[77.0402,43.5466],[77.0402,43.5466],[77.0402,43.5466],[77.0402,43.5466],[77.0402,43.5466],[77.0402,43.5467],[77.0404,43.547],[77.0404,43.547],[77.0404,43.547],[77.0406,43.5468],[77.0406,43.5467],[77.0406,43.5466],[77.0407,43.5465],[77.0407,43.5465],[77.0407,43.5464],[77.0407,43.5463],[77.0408,43.5462],[77.0408,43.5461],[77.0409,43.546],[77.0408,43.546],[77.0408,43.5459],[77.0405,43.5457],[77.0405,43.5457],[77.0404,43.5457],[77.0404,43.5457],[77.0404,43.5456],[77.0404,43.5456]]]],"type":"MultiPolygon"},"geometry_name":"shape","id":"gp_functional_zones.fid--7752831e_19fb67eabdc_6285","properties":{"area":6726.59250443023,"creation_doc_id":3613,"deactivation_doc_id":null,"func_zone_status_id":2,"ggk_zone_code":"11010000","ggk_zone_name":"Территория усадебной застройки","gp_func_zone_code":"11010000","gp_func_zone_code_id":19,"id":4725635,"zone_type_id":8},"type":"Feature"},{"bbox":[77.0382,43.5456,77.0411,43.5491],"geometry":{"coordinates":[[[[77.0411,43.5491],[77.0407,43.5477],[77.0402,43.5471],[77.0402,43.547],[77.04,43.5467],[77.0399,43.5467],[77.0399,43.5467],[77.0399,43.5467],[77.0399,43.5467],[77.0399,43.5467],[77.0399,43.5467],[77.0399,43.5467],[77.0399,43.5467],[77.0399,43.5467],[77.0399,43.5467],[77.0399,43.5467],[77.0398,43.5467],[77.0398,43.5467],[77.0398,43.5467],[77.0398,43.5466],[77.0399,43.5458],[77.0397,43.5457],[77.0397,43.5457],[77.0397,43.5457],[77.0392,43.5456],[77.0389,43.5458],[77.0389,43.5458],[77.0389,43.5458],[77.0389,43.5458],[77.0389,43.5458],[77.0389,43.5458],[77.0389,43.5458],[77.0389,43.5458],[77.0389,43.5458],[77.0389,43.5458],[77.0389,43.5458],[77.0382,43.5459],[77.0383,43.5467],[77.039,43.5468],[77.039,43.5468],[77.039,43.5468],[77.039,43.5468],[77.039,43.5468],[77.039,43.5468],[77.039,43.5468],[77.039,43.5468],[77.039,43.5468],[77.0391,43.5469],[77.0391,43.5469],[77.0391,43.5469],[77.0391,43.5469],[77.0391,43.5469],[77.0388,43.5483],[77.0392,43.5484],[77.0398,43.5482],[77.0398,43.5482],[77.0398,43.5482],[77.0399,43.5482],[77.0399,43.5482],[77.0399,43.5482],[77.0399,43.5482],[77.0399,43.5482],[77.04,43.5482],[77.04,43.5482],[77.04,43.5482],[77.04,43.5482],[77.04,43.5482],[77.04,43.5482],[77.0401,43.5482],[77.0401,43.5483],[77.0401,43.5483],[77.0401,43.5483],[77.0401,43.5483],[77.0401,43.5483],[77.0401,43.5483],[77.0402,43.5483],[77.0402,43.5483],[77.0402,43.5484],[77.0402,43.5484],[77.0405,43.549],[77.0405,43.5491],[77.0406,43.5491],[77.0406,43.5491],[77.0406,43.5491],[77.0406,43.5491],[77.0407,43.5491],[77.0407,43.5491],[77.0407,43.5491],[77.0408,43.5491],[77.0408,43.5491],[77.0408,43.5491],[77.0408,43.5491],[77.0409,43.5491],[77.0411,43.5491]]]],"type":"MultiPolygon"},"geometry_name":"shape","id":"gp_functional_zones.fid--7752831e_19fb67eabdc_6286","properties":{"area":41467.9640335518,"creation_doc_id":3613,"deactivation_doc_id":null,"func_zone_status_id":2,"ggk_zone_code":"11010000","ggk_zone_name":"Территория усадебной застройки","gp_func_zone_code":"11010000","gp_func_zone_code_id":19,"id":4725636,"zone_type_id":8},"type":"Feature"},{"bbox":[77.0365,43.5459,77.0391,43.5499],"geometry":{"coordinates":[[[[77.0381,43.5467],[77.038,43.5459],[77.0365,43.5461],[77.0365,43.5461],[77.0365,43.5461],[77.0366,43.5463],[77.0367,43.5469],[77.0372,43.5487],[77.0373,43.5493],[77.0373,43.5494],[77.0374,43.5498],[77.0374,43.5498],[77.0374,43.5498],[77.0388,43.5499],[77.0389,43.5499],[77.0389,43.5493],[77.0389,43.5493],[77.0389,43.5493],[77.0391,43.5485],[77.0386,43.5484],[77.0386,43.5484],[77.0386,43.5484],[77.0386,43.5484],[77.0386,43.5484],[77.0386,43.5484],[77.0386,43.5484],[77.0386,43.5484],[77.0386,43.5484],[77.0386,43.5484],[77.0386,43.5484],[77.0386,43.5484],[77.0386,43.5484],[77.0386,43.5484],[77.0386,43.5484],[77.0389,43.5469],[77.0382,43.5468],[77.0382,43.5468],[77.0382,43.5468],[77.0382,43.5468],[77.0382,43.5468],[77.0382,43.5468],[77.0382,43.5468],[77.0382,43.5468],[77.0382,43.5468],[77.0381,43.5467],[77.0381,43.5467],[77.0381,43.5467],[77.0381,43.5467],[77.0381,43.5467]]]],"type":"MultiPolygon"},"geometry_name":"shape","id":"gp_functional_zones.fid--7752831e_19fb67eabdc_6287","properties":{"area":57825.9206070498,"creation_doc_id":3613,"deactivation_doc_id":null,"func_zone_status_id":2,"ggk_zone_code":"11010000","ggk_zone_name":"Территория усадебной застройки","gp_func_zone_code":"11010000","gp_func_zone_code_id":19,"id":4725637,"zone_type_id":8},"type":"Feature"},{"bbox":[77.039,43.5483,77.0414,43.5499],"geometry":{"coordinates":[[[77.0411,43.5492],[77.0409,43.5492],[77.0408,43.5493],[77.0407,43.5493],[77.0406,43.5493],[77.0406,43.5492],[77.0405,43.5492],[77.0404,43.5492],[77.0404,43.5491],[77.04,43.5484],[77.0399,43.5484],[77.0393,43.5485],[77.039,43.5493],[77.039,43.5499],[77.0391,43.5499],[77.0411,43.5497],[77.0413,43.5497],[77.0414,43.5497],[77.0412,43.5496],[77.0412,43.5495],[77.0411,43.5492]]],"type":"Polygon"},"geometry_name":"shape","id":"gp_functional_zones.fid--7752831e_19fb67eabdc_6288","properties":{"area":18741.4591307011,"creation_doc_id":3613,"deactivation_doc_id":null,"func_zone_status_id":2,"ggk_zone_code":"11010000","ggk_zone_name":"Территория усадебной застройки","gp_func_zone_code":"11010000","gp_func_zone_code_id":19,"id":4725638,"zone_type_id":8},"type":"Feature"},{"bbox":[77.0409,43.5476,77.044,43.5502],"geometry":{"coordinates":[[[[77.0409,43.5476],[77.0409,43.5476],[77.0409,43.5476],[77.0413,43.5491],[77.0413,43.5491],[77.0414,43.5495],[77.0417,43.5499],[77.0417,43.5499],[77.0417,43.5499],[77.0418,43.5499],[77.0418,43.55],[77.0418,43.55],[77.0418,43.55],[77.0433,43.5501],[77.044,43.5502],[77.044,43.5501],[77.0439,43.55],[77.0439,43.5499],[77.0439,43.5499],[77.0438,43.5498],[77.0438,43.5497],[77.0437,43.5497],[77.0436,43.5496],[77.0435,43.5495],[77.0435,43.5494],[77.0434,43.5494],[77.0434,43.5493],[77.0433,43.5492],[77.0433,43.5491],[77.0433,43.549],[77.0432,43.5489],[77.0432,43.5488],[77.0432,43.5487],[77.043,43.5483],[77.043,43.5483],[77.043,43.5482],[77.043,43.5482],[77.0429,43.5481],[77.0429,43.5481],[77.0428,43.5481],[77.0428,43.548],[77.0427,43.548],[77.0426,43.548],[77.0417,43.5477],[77.0409,43.5476],[77.0409,43.5476]]]],"type":"MultiPolygon"},"geometry_name":"shape","id":"gp_functional_zones.fid--7752831e_19fb67eabdc_6289","properties":{"area":41370.1844635554,"creation_doc_id":3613,"deactivation_doc_id":null,"func_zone_status_id":2,"ggk_zone_code":"11010000","ggk_zone_name":"Территория усадебной застройки","gp_func_zone_code":"11010000","gp_func_zone_code_id":19,"id":4725639,"zone_type_id":8},"type":"Feature"},{"bbox":[77.0313,43.5418,77.0325,43.5443],"geometry":{"coordinates":[[[[77.0317,43.5443],[77.0325,43.5418],[77.0325,43.5418],[77.0324,43.542],[77.0323,43.5421],[77.0321,43.5422],[77.032,43.5424],[77.0319,43.5424],[77.0318,43.5425],[77.0318,43.5425],[77.0317,43.5426],[77.0316,43.5426],[77.0315,43.5426],[77.0314,43.5426],[77.0313,43.5427],[77.0313,43.5432],[77.0313,43.5432],[77.0317,43.5443],[77.0317,43.5443]]]],"type":"MultiPolygon"},"geometry_name":"shape","id":"gp_functional_zones.fid--7752831e_19fb67eabdc_628a","properties":{"area":9537.17127387963,"creation_doc_id":3613,"deactivation_doc_id":null,"func_zone_status_id":3,"ggk_zone_code":"11010000","ggk_zone_name":"Территория усадебной застройки","gp_func_zone_code":"11010000","gp_func_zone_code_id":19,"id":4725640,"zone_type_id":8},"type":"Feature"},{"bbox":[77.032,43.5405,77.0357,43.5452],"geometry":{"coordinates":[[[[77.0355,43.5437],[77.0347,43.5405],[77.0333,43.5407],[77.032,43.5452],[77.032,43.5452],[77.032,43.5452],[77.0357,43.5446],[77.0357,43.5446],[77.0357,43.5446],[77.0356,43.5442],[77.0355,43.5437]]]],"type":"MultiPolygon"},"geometry_name":"shape","id":"gp_functional_zones.fid--7752831e_19fb67eabdc_628b","properties":{"area":97347.6808806408,"creation_doc_id":3613,"deactivation_doc_id":null,"func_zone_status_id":3,"ggk_zone_code":"11010000","ggk_zone_name":"Территория усадебной застройки","gp_func_zone_code":"11010000","gp_func_zone_code_id":19,"id":4725641,"zone_type_id":8},"type":"Feature"},{"bbox":[77.031,43.5449,77.0362,43.5477],"geometry":{"coordinates":[[[[77.036,43.5461],[77.0358,43.5449],[77.0318,43.5456],[77.031,43.5477],[77.031,43.5477],[77.031,43.5477],[77.0362,43.5469],[77.0362,43.5469],[77.0362,43.5469],[77.036,43.5461]]]],"type":"MultiPolygon"},"geometry_name":"shape","id":"gp_functional_zones.fid--7752831e_19fb67eabdc_628c","properties":{"area":80944.5059732005,"creation_doc_id":3613,"deactivation_doc_id":null,"func_zone_status_id":3,"ggk_zone_code":"11010000","ggk_zone_name":"Территория усадебной застройки","gp_func_zone_code":"11010000","gp_func_zone_code_id":19,"id":4725642,"zone_type_id":8},"type":"Feature"},{"bbox":[77.0293,43.5459,77.0312,43.55],"geometry":{"coordinates":[[[[77.0312,43.5459],[77.0297,43.5459],[77.0297,43.5459],[77.0297,43.546],[77.0297,43.5462],[77.0297,43.5463],[77.0297,43.5464],[77.0297,43.5465],[77.0297,43.5466],[77.0297,43.5468],[77.0297,43.5469],[77.0297,43.5469],[77.0297,43.547],[77.0297,43.5471],[77.0297,43.5471],[77.0297,43.5472],[77.0297,43.5473],[77.0296,43.5473],[77.0297,43.5474],[77.0297,43.5475],[77.0297,43.5475],[77.0296,43.5475],[77.0296,43.5475],[77.0296,43.5475],[77.0296,43.5476],[77.0297,43.5476],[77.0297,43.5476],[77.0297,43.5476],[77.0297,43.5477],[77.0296,43.5478],[77.0296,43.5478],[77.0296,43.5479],[77.0296,43.5479],[77.0296,43.548],[77.0296,43.548],[77.0296,43.548],[77.0296,43.5481],[77.0296,43.5481],[77.0296,43.5482],[77.0296,43.5482],[77.0296,43.5483],[77.0296,43.5484],[77.0296,43.5484],[77.0295,43.5485],[77.0295,43.5486],[77.0295,43.5487],[77.0295,43.5488],[77.0295,43.5489],[77.0295,43.5489],[77.0295,43.549],[77.0295,43.5491],[77.0295,43.5491],[77.0295,43.5492],[77.0295,43.5493],[77.0295,43.5493],[77.0295,43.5494],[77.0295,43.5495],[77.0295,43.5495],[77.0295,43.5495],[77.0295,43.5496],[77.0294,43.5497],[77.0294,43.5498],[77.0294,43.5499],[77.0294,43.5499],[77.0293,43.55],[77.0296,43.55],[77.0305,43.5478],[77.0312,43.5459]]]],"type":"MultiPolygon"},"geometry_name":"shape","id":"gp_functional_zones.fid--7752831e_19fb67eabdc_628d","properties":{"area":30516.7126892449,"creation_doc_id":3613,"deactivation_doc_id":null,"func_zone_status_id":3,"ggk_zone_code":"11010000","ggk_zone_name":"Территория усадебной застройки","gp_func_zone_code":"11010000","gp_func_zone_code_id":19,"id":4725643,"zone_type_id":8},"type":"Feature"},{"bbox":[77.0301,43.5471,77.0368,43.55],"geometry":{"coordinates":[[[[77.0368,43.5494],[77.0363,43.5471],[77.0309,43.548],[77.0301,43.55],[77.0301,43.55],[77.0301,43.55],[77.0331,43.55],[77.0368,43.5494],[77.0368,43.5494],[77.0368,43.5494]]]],"type":"MultiPolygon"},"geometry_name":"shape","id":"gp_functional_zones.fid--7752831e_19fb67eabdc_628e","properties":{"area":123026.760423688,"creation_doc_id":3613,"deactivation_doc_id":null,"func_zone_status_id":3,"ggk_zone_code":"11010000","ggk_zone_name":"Территория усадебной застройки","gp_func_zone_code":"11010000","gp_func_zone_code_id":19,"id":4725644,"zone_type_id":8},"type":"Feature"},{"bbox":[77.033,43.5555,77.0344,43.5563],"geometry":{"coordinates":[[[[77.0337,43.5555],[77.0337,43.5555],[77.0333,43.556],[77.0333,43.556],[77.0332,43.5561],[77.0332,43.5561],[77.0331,43.5562],[77.033,43.5562],[77.033,43.5563],[77.033,43.5563],[77.033,43.5563],[77.0344,43.5561],[77.0343,43.5559],[77.0337,43.5555],[77.0337,43.5555]]]],"type":"MultiPolygon"},"geometry_name":"shape","id":"gp_functional_zones.fid--7752831e_19fb67eabdc_628f","properties":{"area":4149.80449967143,"creation_doc_id":3613,"deactivation_doc_id":null,"func_zone_status_id":3,"ggk_zone_code":"11010000","ggk_zone_name":"Территория усадебной застройки","gp_func_zone_code":"11010000","gp_func_zone_code_id":19,"id":4725645,"zone_type_id":8},"type":"Feature"},{"bbox":[77.0301,43.5502,77.0368,43.5566],"geometry":{"coordinates":[[[[77.036,43.5523],[77.0368,43.5505],[77.0363,43.5504],[77.0359,43.5502],[77.032,43.5504],[77.0301,43.5509],[77.0305,43.5524],[77.0305,43.5525],[77.0305,43.5525],[77.0325,43.5521],[77.0326,43.5528],[77.0326,43.5528],[77.0326,43.5529],[77.0317,43.554],[77.0309,43.5542],[77.0314,43.5566],[77.0318,43.5565],[77.0319,43.5565],[77.032,43.5564],[77.0321,43.5563],[77.0322,43.5563],[77.0324,43.5562],[77.0325,43.5561],[77.0326,43.5561],[77.0327,43.556],[77.0328,43.5559],[77.0329,43.5558],[77.036,43.5525],[77.036,43.5525],[77.036,43.5523]]]],"type":"MultiPolygon"},"geometry_name":"shape","id":"gp_functional_zones.fid--7752831e_19fb67eabdc_6290","properties":{"area":199802.331287209,"creation_doc_id":3613,"deactivation_doc_id":null,"func_zone_status_id":3,"ggk_zone_code":"11010000","ggk_zone_name":"Территория усадебной застройки","gp_func_zone_code":"11010000","gp_func_zone_code_id":19,"id":4725646,"zone_type_id":8},"type":"Feature"},{"bbox":[77.0289,43.5542,77.0309,43.5569],"geometry":{"coordinates":[[[[77.0309,43.5566],[77.0304,43.5542],[77.0304,43.5542],[77.0299,43.5543],[77.0295,43.5553],[77.0296,43.5555],[77.0294,43.5556],[77.0289,43.5569],[77.0292,43.5569],[77.0309,43.5566],[77.0309,43.5566],[77.0309,43.5566]]]],"type":"MultiPolygon"},"geometry_name":"shape","id":"gp_functional_zones.fid--7752831e_19fb67eabdc_6291","properties":{"area":27848.6077447357,"creation_doc_id":3613,"deactivation_doc_id":null,"func_zone_status_id":3,"ggk_zone_code":"11010000","ggk_zone_name":"Территория усадебной застройки","gp_func_zone_code":"11010000","gp_func_zone_code_id":19,"id":4725647,"zone_type_id":8},"type":"Feature"},{"bbox":[77.0323,43.5564,77.035,43.5569],"geometry":{"coordinates":[[[[77.0349,43.55641923076923],[77.035,43.5564],[77.0349,43.5564],[77.0349,43.55641923076923]]],[[[77.0349,43.5565],[77.0349,43.55641923076923],[77.0324,43.5569],[77.0347,43.5568],[77.0349,43.5565]]]],"type":"MultiPolygon"},"geometry_name":"shape","id":"gp_functional_zones.fid--7752831e_19fb67eabdc_6292","properties":{"area":4143.21981711942,"creation_doc_id":3613,"deactivation_doc_id":null,"func_zone_status_id":3,"ggk_zone_code":"11010000","ggk_zone_name":"Территория усадебной застройки","gp_func_zone_code":"11010000","gp_func_zone_code_id":19,"id":4725648,"zone_type_id":8},"type":"Feature"},{"bbox":[76.9381,43.4091,76.9385,43.4096],"geometry":{"coordinates":[[[[76.9381,43.4091],[76.9381,43.4091],[76.9383,43.4096],[76.9383,43.4096],[76.9383,43.4096],[76.9383,43.4096],[76.9384,43.4096],[76.9384,43.4096],[76.9384,43.4095],[76.9384,43.4095],[76.9384,43.4095],[76.9384,43.4095],[76.9384,43.4094],[76.9384,43.4094],[76.9384,43.4094],[76.9384,43.4094],[76.9384,43.4094],[76.9384,43.4094],[76.9384,43.4094],[76.9385,43.4094],[76.9385,43.4093],[76.9385,43.4093],[76.9385,43.4092],[76.9384,43.4092],[76.9383,43.4091],[76.9381,43.4091],[76.9381,43.4091],[76.9381,43.4091]]]],"type":"MultiPolygon"},"geometry_name":"shape","id":"gp_functional_zones.fid--7752831e_19fb67eabdc_6294","properties":{"area":903.176610714341,"creation_doc_id":3613,"deactivation_doc_id":null,"func_zone_status_id":3,"ggk_zone_code":"11010000","ggk_zone_name":"Территория усадебной застройки","gp_func_zone_code":"11010000","gp_func_zone_code_id":19,"id":4725650,"zone_type_id":8},"type":"Feature"},{"bbox":[76.9379,43.4085,76.9393,43.4102],"geometry":{"coordinates":[[[[76.9387,43.4085],[76.938,43.4085],[76.938,43.4086],[76.9379,43.4086],[76.9381,43.4091],[76.9382,43.4091],[76.9383,43.4091],[76.9384,43.4091],[76.9386,43.4092],[76.9386,43.4093],[76.9385,43.4094],[76.9385,43.4095],[76.9385,43.4096],[76.9384,43.4096],[76.9384,43.4098],[76.9385,43.4098],[76.9387,43.4099],[76.939,43.41],[76.9391,43.4101],[76.93926363636363,43.4101],[76.9389,43.4091],[76.9387,43.4085]]],[[[76.9393,43.4101],[76.93926363636363,43.4101],[76.9393,43.4102],[76.9393,43.4101]]]],"type":"MultiPolygon"},"geometry_name":"shape","id":"gp_functional_zones.fid--7752831e_19fb67eabdc_6295","properties":{"area":8753.38691041405,"creation_doc_id":3613,"deactivation_doc_id":null,"func_zone_status_id":3,"ggk_zone_code":"11010000","ggk_zone_name":"Территория усадебной застройки","gp_func_zone_code":"11010000","gp_func_zone_code_id":19,"id":4725651,"zone_type_id":8},"type":"Feature"},{"bbox":[76.9388,43.4085,76.9407,43.4113],"geometry":{"coordinates":[[[[76.9396,43.4085],[76.9388,43.4085],[76.9388,43.4085],[76.9392,43.4095],[76.94,43.4113],[76.94,43.4113],[76.9404,43.4112],[76.9407,43.4111],[76.9396,43.4085],[76.9396,43.4085]]]],"type":"MultiPolygon"},"geometry_name":"shape","id":"gp_functional_zones.fid--7752831e_19fb67eabdc_6296","properties":{"area":19210.2774334679,"creation_doc_id":3613,"deactivation_doc_id":null,"func_zone_status_id":3,"ggk_zone_code":"11010000","ggk_zone_name":"Территория усадебной застройки","gp_func_zone_code":"11010000","gp_func_zone_code_id":19,"id":4725652,"zone_type_id":8},"type":"Feature"},{"bbox":[76.9394,43.4105,76.9398,43.4114],"geometry":{"coordinates":[[[[76.9394,43.4105],[76.9394,43.4106],[76.9394,43.4107],[76.9395,43.4107],[76.9396,43.411],[76.9397,43.4111],[76.9395,43.4105],[76.9394,43.4105]]],[[[76.9398,43.4113],[76.9398,43.4112],[76.9397,43.4111],[76.9398,43.4114],[76.9398,43.4113]]]],"type":"MultiPolygon"},"geometry_name":"shape","id":"gp_functional_zones.fid--7752831e_19fb67eabdc_6297","properties":{"area":493.601861432114,"creation_doc_id":3613,"deactivation_doc_id":null,"func_zone_status_id":3,"ggk_zone_code":"11010000","ggk_zone_name":"Территория усадебной застройки","gp_func_zone_code":"11010000","gp_func_zone_code_id":19,"id":4725653,"zone_type_id":8},"type":"Feature"},{"bbox":[76.9384,43.4098,76.9397,43.4116],"geometry":{"coordinates":[[[[76.9384,43.4098],[76.9384,43.4098],[76.9392,43.4116],[76.9392,43.4116],[76.9397,43.4114],[76.9397,43.4114],[76.9397,43.4113],[76.9397,43.4111],[76.9396,43.4111],[76.9396,43.411],[76.9394,43.4107],[76.9394,43.4107],[76.9394,43.4107],[76.9393,43.4107],[76.9393,43.4107],[76.9393,43.4106],[76.9393,43.4106],[76.9393,43.4106],[76.9393,43.4106],[76.9394,43.4105],[76.9394,43.4105],[76.9394,43.4105],[76.9394,43.4105],[76.9394,43.4105],[76.9394,43.4104],[76.9394,43.4104],[76.9394,43.4102],[76.9394,43.4102],[76.9393,43.4102],[76.9391,43.4101],[76.9391,43.4101],[76.9391,43.4101],[76.939,43.4101],[76.939,43.4101],[76.9387,43.4099],[76.9385,43.4098],[76.9385,43.4098],[76.9385,43.4098],[76.9385,43.4098],[76.9384,43.4098]]]],"type":"MultiPolygon"},"geometry_name":"shape","id":"gp_functional_zones.fid--7752831e_19fb67eabdc_6298","properties":{"area":9364.12182369146,"creation_doc_id":3613,"deactivation_doc_id":null,"func_zone_status_id":3,"ggk_zone_code":"11010000","ggk_zone_name":"Территория усадебной застройки","gp_func_zone_code":"11010000","gp_func_zone_code_id":19,"id":4725654,"zone_type_id":8},"type":"Feature"},{"bbox":[76.937,43.4085,76.939,43.4119],"geometry":{"coordinates":[[[[76.9377,43.4085],[76.937,43.4085],[76.9371,43.4088],[76.9383,43.4118],[76.9383,43.4119],[76.939,43.4117],[76.9384,43.4101],[76.9377,43.4085],[76.9377,43.4085]]]],"type":"MultiPolygon"},"geometry_name":"shape","id":"gp_functional_zones.fid--7752831e_19fb67eabdc_6299","properties":{"area":22622.1663468063,"creation_doc_id":3613,"deactivation_doc_id":null,"func_zone_status_id":3,"ggk_zone_code":"11010000","ggk_zone_name":"Территория усадебной застройки","gp_func_zone_code":"11010000","gp_func_zone_code_id":19,"id":4725655,"zone_type_id":8},"type":"Feature"},{"bbox":[76.9365,43.4087,76.9382,43.4122],"geometry":{"coordinates":[[[[76.9369,43.4088],[76.9369,43.4087],[76.9365,43.4087],[76.9368,43.4094],[76.9365,43.4095],[76.9365,43.4095],[76.9375,43.4122],[76.9382,43.412],[76.9382,43.4119],[76.9369,43.4088]]]],"type":"MultiPolygon"},"geometry_name":"shape","id":"gp_functional_zones.fid--7752831e_19fb67eabdc_629a","properties":{"area":20781.7879046892,"creation_doc_id":3613,"deactivation_doc_id":null,"func_zone_status_id":3,"ggk_zone_code":"11010000","ggk_zone_name":"Территория усадебной застройки","gp_func_zone_code":"11010000","gp_func_zone_code_id":19,"id":4725656,"zone_type_id":8},"type":"Feature"},{"bbox":[76.9393,43.4118,76.9397,43.4123],"geometry":{"coordinates":[[[[76.9397,43.4119],[76.9397,43.4118],[76.9393,43.412],[76.9393,43.412],[76.9394,43.4123],[76.9394,43.4123],[76.9395,43.4123],[76.9397,43.4121],[76.9397,43.4119]]]],"type":"MultiPolygon"},"geometry_name":"shape","id":"gp_functional_zones.fid--7752831e_19fb67eabdc_629b","properties":{"area":964.893111089779,"creation_doc_id":3613,"deactivation_doc_id":null,"func_zone_status_id":3,"ggk_zone_code":"11010000","ggk_zone_name":"Территория усадебной застройки","gp_func_zone_code":"11010000","gp_func_zone_code_id":19,"id":4725657,"zone_type_id":8},"type":"Feature"},{"bbox":[76.9365,43.4119,76.9374,43.4126],"geometry":{"coordinates":[[[[76.9373,43.4119],[76.9371,43.4119],[76.9365,43.4126],[76.9366,43.4125],[76.9367,43.4125],[76.9374,43.4122],[76.9374,43.4122],[76.9373,43.4119]]]],"type":"MultiPolygon"},"geometry_name":"shape","id":"gp_functional_zones.fid--7752831e_19fb67eabdc_629c","properties":{"area":2218.15344300281,"creation_doc_id":3613,"deactivation_doc_id":null,"func_zone_status_id":3,"ggk_zone_code":"11010000","ggk_zone_name":"Территория усадебной застройки","gp_func_zone_code":"11010000","gp_func_zone_code_id":19,"id":4725658,"zone_type_id":8},"type":"Feature"},{"bbox":[76.9364,43.4129,76.9369,43.4134],"geometry":{"coordinates":[[[[76.9367,43.4129],[76.9367,43.4129],[76.9367,43.4129],[76.9364,43.413],[76.9365,43.4132],[76.9367,43.4134],[76.9369,43.4134],[76.9369,43.4134],[76.9367,43.4129]]]],"type":"MultiPolygon"},"geometry_name":"shape","id":"gp_functional_zones.fid--7752831e_19fb67eabdc_629d","properties":{"area":1566.82971542121,"creation_doc_id":3613,"deactivation_doc_id":null,"func_zone_status_id":3,"ggk_zone_code":"11010000","ggk_zone_name":"Территория усадебной застройки","gp_func_zone_code":"11010000","gp_func_zone_code_id":19,"id":4725659,"zone_type_id":8},"type":"Feature"},{"bbox":[76.9401,43.4114,76.9412,43.4137],"geometry":{"coordinates":[[[[76.9412,43.4125],[76.9409,43.4114],[76.9408,43.4115],[76.9406,43.4115],[76.9401,43.4117],[76.9408,43.4134],[76.9409,43.4137],[76.9409,43.4137],[76.9409,43.4137],[76.9411,43.4136],[76.9411,43.4133],[76.9411,43.4127],[76.941,43.4126],[76.941,43.4125],[76.9412,43.4125]]]],"type":"MultiPolygon"},"geometry_name":"shape","id":"gp_functional_zones.fid--7752831e_19fb67eabdc_629e","properties":{"area":11156.2741185998,"creation_doc_id":3613,"deactivation_doc_id":null,"func_zone_status_id":3,"ggk_zone_code":"11010000","ggk_zone_name":"Территория усадебной застройки","gp_func_zone_code":"11010000","gp_func_zone_code_id":19,"id":4725660,"zone_type_id":8},"type":"Feature"},{"bbox":[76.939,43.4124,76.94,43.4141],"geometry":{"coordinates":[[[[76.94,43.4141],[76.9393,43.4124],[76.9392,43.4125],[76.9391,43.4127],[76.939,43.4129],[76.939,43.4131],[76.9391,43.4133],[76.9394,43.4135],[76.9397,43.4137],[76.9397,43.4137],[76.9397,43.4137],[76.9399,43.4139],[76.9399,43.4139],[76.9399,43.4139],[76.94,43.4141]]]],"type":"MultiPolygon"},"geometry_name":"shape","id":"gp_functional_zones.fid--7752831e_19fb67eabdc_629f","properties":{"area":5126.90509416382,"creation_doc_id":3613,"deactivation_doc_id":null,"func_zone_status_id":3,"ggk_zone_code":"11010000","ggk_zone_name":"Территория усадебной застройки","gp_func_zone_code":"11010000","gp_func_zone_code_id":19,"id":4725661,"zone_type_id":8},"type":"Feature"},{"bbox":[76.9394,43.4117,76.9411,43.4149],"geometry":{"coordinates":[[[[76.9406,43.4149],[76.9411,43.4146],[76.9411,43.4146],[76.9411,43.4146],[76.9411,43.4144],[76.941,43.4144],[76.941,43.4142],[76.9409,43.4141],[76.9409,43.414],[76.9409,43.414],[76.94,43.4117],[76.94,43.4117],[76.9398,43.4118],[76.9398,43.4119],[76.9398,43.4119],[76.9397,43.4121],[76.9397,43.4121],[76.9397,43.4121],[76.9397,43.4121],[76.9395,43.4123],[76.9395,43.4123],[76.9395,43.4123],[76.9394,43.4123],[76.9394,43.4123],[76.9405,43.4148],[76.9406,43.4148],[76.9406,43.4149],[76.9406,43.4149]]]],"type":"MultiPolygon"},"geometry_name":"shape","id":"gp_functional_zones.fid--7752831e_19fb67eabdc_62a0","properties":{"area":18967.5197645801,"creation_doc_id":3613,"deactivation_doc_id":null,"func_zone_status_id":3,"ggk_zone_code":"11010000","ggk_zone_name":"Территория усадебной застройки","gp_func_zone_code":"11010000","gp_func_zone_code_id":19,"id":4725662,"zone_type_id":8},"type":"Feature"},{"bbox":[76.9399,43.4142,76.9403,43.4151],"geometry":{"coordinates":[[[[76.9403,43.4149],[76.9403,43.4149],[76.9403,43.4148],[76.9401,43.4142],[76.94,43.4142],[76.94,43.4142],[76.94,43.4142],[76.94,43.4144],[76.9399,43.4146],[76.9399,43.4149],[76.94,43.415],[76.94,43.415],[76.94,43.4151],[76.9401,43.4151],[76.9403,43.4149]]]],"type":"MultiPolygon"},"geometry_name":"shape","id":"gp_functional_zones.fid--7752831e_19fb67eabdc_62a1","properties":{"area":2044.45272436033,"creation_doc_id":3613,"deactivation_doc_id":null,"func_zone_status_id":3,"ggk_zone_code":"11010000","ggk_zone_name":"Территория усадебной застройки","gp_func_zone_code":"11010000","gp_func_zone_code_id":19,"id":4725663,"zone_type_id":8},"type":"Feature"},{"bbox":[76.9385,43.412,76.94,43.4153],"geometry":{"coordinates":[[[[76.9393,43.4124],[76.9392,43.412],[76.9385,43.4123],[76.9397,43.4153],[76.9398,43.4152],[76.9399,43.4152],[76.9399,43.415],[76.9398,43.4149],[76.9398,43.4149],[76.9398,43.4149],[76.9399,43.4146],[76.9399,43.4146],[76.9399,43.4146],[76.9399,43.4143],[76.9399,43.4143],[76.94,43.4142],[76.9398,43.4139],[76.9396,43.4137],[76.9394,43.4135],[76.9393,43.4135],[76.939,43.4133],[76.939,43.4133],[76.939,43.4133],[76.9389,43.4131],[76.9389,43.4131],[76.9389,43.4131],[76.9389,43.4131],[76.9389,43.4129],[76.9389,43.4129],[76.9389,43.4129],[76.939,43.4126],[76.939,43.4126],[76.9391,43.4125],[76.9391,43.4125],[76.9391,43.4125],[76.9391,43.4125],[76.9393,43.4124]]]],"type":"MultiPolygon"},"geometry_name":"shape","id":"gp_functional_zones.fid--7752831e_19fb67eabdc_62a2","properties":{"area":12057.9486840123,"creation_doc_id":3613,"deactivation_doc_id":null,"func_zone_status_id":3,"ggk_zone_code":"11010000","ggk_zone_name":"Территория усадебной застройки","gp_func_zone_code":"11010000","gp_func_zone_code_id":19,"id":4725664,"zone_type_id":8},"type":"Feature"},{"bbox":[76.9366,43.4143,76.9379,43.4157],"geometry":{"coordinates":[[[[76.9376,43.4157],[76.9379,43.4157],[76.9379,43.4157],[76.9373,43.4143],[76.9373,43.4143],[76.9367,43.4144],[76.9366,43.4145],[76.9371,43.4157],[76.9376,43.4157]]]],"type":"MultiPolygon"},"geometry_name":"shape","id":"gp_functional_zones.fid--7752831e_19fb67eabdc_62a3","properties":{"area":9505.75456982646,"creation_doc_id":3613,"deactivation_doc_id":null,"func_zone_status_id":3,"ggk_zone_code":"11010000","ggk_zone_name":"Территория усадебной застройки","gp_func_zone_code":"11010000","gp_func_zone_code_id":19,"id":4725665,"zone_type_id":8},"type":"Feature"},{"bbox":[76.9377,43.4123,76.9396,43.4158],"geometry":{"coordinates":[[[[76.9396,43.4153],[76.9383,43.4123],[76.9383,43.4123],[76.9377,43.4125],[76.9385,43.4146],[76.939,43.4158],[76.9396,43.4154],[76.9396,43.4154],[76.9396,43.4153]]]],"type":"MultiPolygon"},"geometry_name":"shape","id":"gp_functional_zones.fid--7752831e_19fb67eabdc_62a4","properties":{"area":21868.5906226573,"creation_doc_id":3613,"deactivation_doc_id":null,"func_zone_status_id":3,"ggk_zone_code":"11010000","ggk_zone_name":"Территория усадебной застройки","gp_func_zone_code":"11010000","gp_func_zone_code_id":19,"id":4725666,"zone_type_id":8},"type":"Feature"},{"bbox":[76.9369,43.4126,76.9389,43.4161],"geometry":{"coordinates":[[[[76.9388,43.4158],[76.9375,43.4126],[76.9369,43.4128],[76.9369,43.4128],[76.9369,43.4128],[76.9369,43.4129],[76.938,43.4157],[76.938,43.4157],[76.9381,43.416],[76.9384,43.4161],[76.9389,43.4158],[76.9388,43.4158],[76.9388,43.4158]]]],"type":"MultiPolygon"},"geometry_name":"shape","id":"gp_functional_zones.fid--7752831e_19fb67eabdc_62a5","properties":{"area":22843.0594172984,"creation_doc_id":3613,"deactivation_doc_id":null,"func_zone_status_id":3,"ggk_zone_code":"11010000","ggk_zone_name":"Территория усадебной застройки","gp_func_zone_code":"11010000","gp_func_zone_code_id":19,"id":4725667,"zone_type_id":8},"type":"Feature"},{"bbox":[77.0515,43.7176,77.0559,43.7203],"geometry":{"coordinates":[[[[77.0547,43.7183],[77.0539,43.7176],[77.0515,43.7178],[77.0538,43.7199],[77.0543,43.7203],[77.0546,43.7202],[77.0559,43.7196],[77.0548,43.7185],[77.0547,43.7183]]]],"type":"MultiPolygon"},"geometry_name":"shape","id":"gp_functional_zones.fid--7752831e_19fb67eabdc_62b1","properties":{"area":51840.2468043433,"creation_doc_id":3613,"deactivation_doc_id":null,"func_zone_status_id":2,"ggk_zone_code":"11010000","ggk_zone_name":"Территория усадебной застройки","gp_func_zone_code":"11010000","gp_func_zone_code_id":19,"id":4725679,"zone_type_id":8},"type":"Feature"},{"bbox":[77.0504,43.7178,77.0542,43.7208],"geometry":{"coordinates":[[[77.0514,43.7178],[77.0508,43.7179],[77.0505,43.7181],[77.053,43.7204],[77.0533,43.7208],[77.0541,43.7204],[77.0542,43.7204],[77.0537,43.72],[77.0514,43.7179],[77.0514,43.7178]]],"type":"Polygon"},"geometry_name":"shape","id":"gp_functional_zones.fid--7752831e_19fb67eabdc_62b2","properties":{"area":30138.6935559997,"creation_doc_id":3613,"deactivation_doc_id":null,"func_zone_status_id":2,"ggk_zone_code":"11010000","ggk_zone_name":"Территория усадебной застройки","gp_func_zone_code":"11010000","gp_func_zone_code_id":19,"id":4725680,"zone_type_id":8},"type":"Feature"},{"bbox":[77.0495,43.7182,77.0532,43.7212],"geometry":{"coordinates":[[[[77.0504,43.7182],[77.0503,43.7182],[77.0503,43.7182],[77.0496,43.7186],[77.0495,43.7186],[77.0501,43.7191],[77.0521,43.7209],[77.0524,43.7212],[77.0524,43.7212],[77.0531,43.7209],[77.0532,43.7208],[77.0529,43.7205],[77.0504,43.7182]]]],"type":"MultiPolygon"},"geometry_name":"shape","id":"gp_functional_zones.fid--7752831e_19fb67eabdc_62b3","properties":{"area":29923.0877128557,"creation_doc_id":3613,"deactivation_doc_id":null,"func_zone_status_id":2,"ggk_zone_code":"11010000","ggk_zone_name":"Территория усадебной застройки","gp_func_zone_code":"11010000","gp_func_zone_code_id":19,"id":4725681,"zone_type_id":8},"type":"Feature"},{"bbox":[77.0474,43.7193,77.0504,43.7219],"geometry":{"coordinates":[[[[77.0495,43.7218],[77.0495,43.7218],[77.0503,43.7219],[77.0504,43.7219],[77.0504,43.7219],[77.0503,43.7218],[77.0503,43.7218],[77.0484,43.7193],[77.0484,43.7193],[77.0474,43.7199],[77.0492,43.7219],[77.0492,43.7219],[77.0492,43.7219],[77.0494,43.7219],[77.0495,43.7218]]]],"type":"MultiPolygon"},"geometry_name":"shape","id":"gp_functional_zones.fid--7752831e_19fb67eabdc_62b4","properties":{"area":27219.3398953207,"creation_doc_id":3613,"deactivation_doc_id":null,"func_zone_status_id":2,"ggk_zone_code":"11010000","ggk_zone_name":"Территория усадебной застройки","gp_func_zone_code":"11010000","gp_func_zone_code_id":19,"id":4725682,"zone_type_id":8},"type":"Feature"},{"bbox":[77.046,43.7199,77.0491,43.7223],"geometry":{"coordinates":[[[[77.049,43.722],[77.0474,43.7199],[77.0473,43.72],[77.0461,43.7207],[77.046,43.7207],[77.0478,43.7221],[77.048,43.7223],[77.0481,43.7223],[77.0481,43.7223],[77.0481,43.7223],[77.0491,43.722],[77.049,43.722]]]],"type":"MultiPolygon"},"geometry_name":"shape","id":"gp_functional_zones.fid--7752831e_19fb67eabdc_62b5","properties":{"area":27963.3018729483,"creation_doc_id":3613,"deactivation_doc_id":null,"func_zone_status_id":2,"ggk_zone_code":"11010000","ggk_zone_name":"Территория усадебной застройки","gp_func_zone_code":"11010000","gp_func_zone_code_id":19,"id":4725683,"zone_type_id":8},"type":"Feature"},{"bbox":[77.0447,43.7208,77.0479,43.7229],"geometry":{"coordinates":[[[[77.0477,43.7221],[77.0459,43.7208],[77.0459,43.7208],[77.0447,43.7215],[77.0457,43.7224],[77.0471,43.7229],[77.0479,43.7224],[77.0479,43.7223],[77.0477,43.7221]]]],"type":"MultiPolygon"},"geometry_name":"shape","id":"gp_functional_zones.fid--7752831e_19fb67eabdc_62b6","properties":{"area":29512.0530072545,"creation_doc_id":3613,"deactivation_doc_id":null,"func_zone_status_id":2,"ggk_zone_code":"11010000","ggk_zone_name":"Территория усадебной застройки","gp_func_zone_code":"11010000","gp_func_zone_code_id":19,"id":4725684,"zone_type_id":8},"type":"Feature"},{"bbox":[77.0429,43.7217,77.0451,43.7233],"geometry":{"coordinates":[[[[77.0436,43.7217],[77.0436,43.7217],[77.0435,43.7217],[77.0429,43.7222],[77.0429,43.7222],[77.0429,43.7222],[77.0429,43.7222],[77.0444,43.7233],[77.0451,43.7228],[77.0436,43.7217],[77.0436,43.7217]]]],"type":"MultiPolygon"},"geometry_name":"shape","id":"gp_functional_zones.fid--7752831e_19fb67eabdc_62b7","properties":{"area":13739.9691944329,"creation_doc_id":3613,"deactivation_doc_id":null,"func_zone_status_id":2,"ggk_zone_code":"11010000","ggk_zone_name":"Территория усадебной застройки","gp_func_zone_code":"11010000","gp_func_zone_code_id":19,"id":4725685,"zone_type_id":8},"type":"Feature"},{"bbox":[77.0421,43.7223,77.0442,43.7239],"geometry":{"coordinates":[[[[77.0427,43.7223],[77.0427,43.7223],[77.0427,43.7224],[77.0421,43.7228],[77.0421,43.7228],[77.0421,43.7228],[77.0436,43.7239],[77.0442,43.7234],[77.0427,43.7223]]]],"type":"MultiPolygon"},"geometry_name":"shape","id":"gp_functional_zones.fid--7752831e_19fb67eabdc_62b8","properties":{"area":13255.9783447001,"creation_doc_id":3613,"deactivation_doc_id":null,"func_zone_status_id":2,"ggk_zone_code":"11010000","ggk_zone_name":"Территория усадебной застройки","gp_func_zone_code":"11010000","gp_func_zone_code_id":19,"id":4725686,"zone_type_id":8},"type":"Feature"},{"bbox":[77.0523,43.7219,77.0553,43.7237],"geometry":{"coordinates":[[[[77.0553,43.7232],[77.0535,43.722],[77.0535,43.722],[77.0535,43.7219],[77.0533,43.722],[77.0531,43.7219],[77.0523,43.7222],[77.0523,43.7222],[77.0523,43.7222],[77.0523,43.7223],[77.0546,43.7237],[77.055,43.7234],[77.0553,43.7232]]]],"type":"MultiPolygon"},"geometry_name":"shape","id":"gp_functional_zones.fid--7752831e_19fb67eabdc_62b9","properties":{"area":20078.5953787826,"creation_doc_id":3613,"deactivation_doc_id":null,"func_zone_status_id":2,"ggk_zone_code":"11010000","ggk_zone_name":"Территория усадебной застройки","gp_func_zone_code":"11010000","gp_func_zone_code_id":19,"id":4725687,"zone_type_id":8},"type":"Feature"},{"bbox":[77.0473,43.722,77.0525,43.7242],"geometry":{"coordinates":[[[[77.0525,43.7237],[77.0514,43.723],[77.0514,43.723],[77.0514,43.723],[77.0514,43.723],[77.0514,43.723],[77.0505,43.722],[77.0505,43.722],[77.0495,43.722],[77.0492,43.7221],[77.0482,43.7224],[77.0481,43.7225],[77.0473,43.723],[77.0473,43.723],[77.049,43.7234],[77.049,43.7234],[77.049,43.7234],[77.0496,43.7237],[77.0507,43.7236],[77.0507,43.7236],[77.0507,43.7236],[77.0507,43.7236],[77.0507,43.7236],[77.0508,43.7236],[77.0508,43.7236],[77.0508,43.7236],[77.0508,43.7236],[77.0508,43.7236],[77.0512,43.7238],[77.0512,43.7238],[77.0512,43.7238],[77.0517,43.7242],[77.0522,43.724],[77.0525,43.7237]]]],"type":"MultiPolygon"},"geometry_name":"shape","id":"gp_functional_zones.fid--7752831e_19fb67eabdc_62ba","properties":{"area":48240.6932598937,"creation_doc_id":3613,"deactivation_doc_id":null,"func_zone_status_id":2,"ggk_zone_code":"11010000","ggk_zone_name":"Территория усадебной застройки","gp_func_zone_code":"11010000","gp_func_zone_code_id":19,"id":4725688,"zone_type_id":8},"type":"Feature"},{"bbox":[77.0413,43.7229,77.0434,43.7245],"geometry":{"coordinates":[[[[77.0434,43.724],[77.0419,43.7229],[77.0419,43.723],[77.0413,43.7234],[77.0413,43.7234],[77.0413,43.7234],[77.0428,43.7245],[77.0434,43.724]]]],"type":"MultiPolygon"},"geometry_name":"shape","id":"gp_functional_zones.fid--7752831e_19fb67eabdc_62bb","properties":{"area":12905.2240072842,"creation_doc_id":3613,"deactivation_doc_id":null,"func_zone_status_id":2,"ggk_zone_code":"11010000","ggk_zone_name":"Территория усадебной застройки","gp_func_zone_code":"11010000","gp_func_zone_code_id":19,"id":4725689,"zone_type_id":8},"type":"Feature"},{"bbox":[77.0515,43.7223,77.0545,43.7244],"geometry":{"coordinates":[[[[77.0521,43.7223],[77.0521,43.7223],[77.0518,43.7226],[77.0515,43.7228],[77.0516,43.7229],[77.0527,43.7236],[77.0538,43.7244],[77.0538,43.7244],[77.0545,43.7238],[77.0545,43.7238],[77.0522,43.7224],[77.0522,43.7224],[77.0522,43.7224],[77.0522,43.7224],[77.0522,43.7224],[77.0521,43.7223]]]],"type":"MultiPolygon"},"geometry_name":"shape","id":"gp_functional_zones.fid--7752831e_19fb67eabdc_62bc","properties":{"area":20502.0173349765,"creation_doc_id":3613,"deactivation_doc_id":null,"func_zone_status_id":2,"ggk_zone_code":"11010000","ggk_zone_name":"Территория усадебной застройки","gp_func_zone_code":"11010000","gp_func_zone_code_id":19,"id":4725690,"zone_type_id":8},"type":"Feature"},{"bbox":[77.0445,43.7229,77.0469,43.7246],"geometry":{"coordinates":[[[[77.0469,43.7241],[77.0452,43.7229],[77.0445,43.7234],[77.0462,43.7246],[77.0469,43.7241]]]],"type":"MultiPolygon"},"geometry_name":"shape","id":"gp_functional_zones.fid--7752831e_19fb67eabdc_62bd","properties":{"area":16182.5923520639,"creation_doc_id":3613,"deactivation_doc_id":null,"func_zone_status_id":2,"ggk_zone_code":"11010000","ggk_zone_name":"Территория усадебной застройки","gp_func_zone_code":"11010000","gp_func_zone_code_id":19,"id":4725691,"zone_type_id":8},"type":"Feature"},{"bbox":[77.0405,43.7235,77.0426,43.7251],"geometry":{"coordinates":[[[[77.0426,43.7246],[77.0411,43.7235],[77.0411,43.7236],[77.0405,43.724],[77.0405,43.724],[77.0405,43.724],[77.042,43.7251],[77.0422,43.7249],[77.0426,43.7246]]]],"type":"MultiPolygon"},"geometry_name":"shape","id":"gp_functional_zones.fid--7752831e_19fb67eabdc_62be","properties":{"area":13038.6739370081,"creation_doc_id":3613,"deactivation_doc_id":null,"func_zone_status_id":2,"ggk_zone_code":"11010000","ggk_zone_name":"Территория усадебной застройки","gp_func_zone_code":"11010000","gp_func_zone_code_id":19,"id":4725692,"zone_type_id":8},"type":"Feature"},{"bbox":[77.0547,43.7232,77.0573,43.725],"geometry":{"coordinates":[[[[77.0573,43.7244],[77.0554,43.7232],[77.0551,43.7235],[77.0547,43.7238],[77.0566,43.725],[77.057,43.7247],[77.0573,43.7244]]]],"type":"MultiPolygon"},"geometry_name":"shape","id":"gp_functional_zones.fid--7752831e_19fb67eabdc_62bf","properties":{"area":17004.9325209021,"creation_doc_id":3613,"deactivation_doc_id":null,"func_zone_status_id":2,"ggk_zone_code":"11010000","ggk_zone_name":"Территория усадебной застройки","gp_func_zone_code":"11010000","gp_func_zone_code_id":19,"id":4725693,"zone_type_id":8},"type":"Feature"},{"bbox":[77.0437,43.7235,77.0461,43.7252],"geometry":{"coordinates":[[[[77.0461,43.7247],[77.0444,43.7235],[77.0437,43.724],[77.0454,43.7252],[77.0461,43.7247]]]],"type":"MultiPolygon"},"geometry_name":"shape","id":"gp_functional_zones.fid--7752831e_19fb67eabdc_62c0","properties":{"area":15576.5307934176,"creation_doc_id":3613,"deactivation_doc_id":null,"func_zone_status_id":2,"ggk_zone_code":"11010000","ggk_zone_name":"Территория усадебной застройки","gp_func_zone_code":"11010000","gp_func_zone_code_id":19,"id":4725694,"zone_type_id":8},"type":"Feature"},{"bbox":[77.0429,43.7241,77.0453,43.7258],"geometry":{"coordinates":[[[[77.0453,43.7253],[77.0436,43.7241],[77.0429,43.7246],[77.0445,43.7257],[77.0446,43.7258],[77.0453,43.7253]]]],"type":"MultiPolygon"},"geometry_name":"shape","id":"gp_functional_zones.fid--7752831e_19fb67eabdc_62c1","properties":{"area":15039.3574491485,"creation_doc_id":3613,"deactivation_doc_id":null,"func_zone_status_id":2,"ggk_zone_code":"11010000","ggk_zone_name":"Территория усадебной застройки","gp_func_zone_code":"11010000","gp_func_zone_code_id":19,"id":4725695,"zone_type_id":8},"type":"Feature"},{"bbox":[77.0539,43.7239,77.0565,43.7256],"geometry":{"coordinates":[[[[77.0565,43.7251],[77.0546,43.7239],[77.0546,43.7239],[77.0539,43.7244],[77.0539,43.7244],[77.0558,43.7256],[77.0558,43.7256],[77.0565,43.7251],[77.0565,43.7251]]]],"type":"MultiPolygon"},"geometry_name":"shape","id":"gp_functional_zones.fid--7752831e_19fb67eabdc_62c2","properties":{"area":16370.9177390583,"creation_doc_id":3613,"deactivation_doc_id":null,"func_zone_status_id":2,"ggk_zone_code":"11010000","ggk_zone_name":"Территория усадебной застройки","gp_func_zone_code":"11010000","gp_func_zone_code_id":19,"id":4725696,"zone_type_id":8},"type":"Feature"},{"bbox":[77.0421,43.7247,77.0445,43.7264],"geometry":{"coordinates":[[[[77.0443,43.7258],[77.0428,43.7247],[77.0423,43.725],[77.0421,43.7252],[77.0437,43.7263],[77.0438,43.7264],[77.0445,43.7259],[77.0443,43.7258]]]],"type":"MultiPolygon"},"geometry_name":"shape","id":"gp_functional_zones.fid--7752831e_19fb67eabdc_62c3","properties":{"area":15111.7401977057,"creation_doc_id":3613,"deactivation_doc_id":null,"func_zone_status_id":2,"ggk_zone_code":"11010000","ggk_zone_name":"Территория усадебной застройки","gp_func_zone_code":"11010000","gp_func_zone_code_id":19,"id":4725697,"zone_type_id":8},"type":"Feature"},{"bbox":[77.0568,43.7245,77.0594,43.7263],"geometry":{"coordinates":[[[[77.0594,43.7257],[77.0575,43.7245],[77.0572,43.7248],[77.0568,43.7251],[77.0587,43.7263],[77.0591,43.726],[77.0594,43.7257]]]],"type":"MultiPolygon"},"geometry_name":"shape","id":"gp_functional_zones.fid--7752831e_19fb67eabdc_62c4","properties":{"area":17135.1972938805,"creation_doc_id":3613,"deactivation_doc_id":null,"func_zone_status_id":2,"ggk_zone_code":"11010000","ggk_zone_name":"Территория усадебной застройки","gp_func_zone_code":"11010000","gp_func_zone_code_id":19,"id":4725698,"zone_type_id":8},"type":"Feature"},{"bbox":[77.056,43.7252,77.0585,43.727],"geometry":{"coordinates":[[[[77.0585,43.7264],[77.0567,43.7252],[77.0567,43.7252],[77.056,43.7257],[77.056,43.7258],[77.0579,43.727],[77.0582,43.7267],[77.0585,43.7264]]]],"type":"MultiPolygon"},"geometry_name":"shape","id":"gp_functional_zones.fid--7752831e_19fb67eabdc_62c5","properties":{"area":16327.5403550696,"creation_doc_id":3613,"deactivation_doc_id":null,"func_zone_status_id":2,"ggk_zone_code":"11010000","ggk_zone_name":"Территория усадебной застройки","gp_func_zone_code":"11010000","gp_func_zone_code_id":19,"id":4725699,"zone_type_id":8},"type":"Feature"},{"bbox":[77.0415,43.7259,77.0437,43.7275],"geometry":{"coordinates":[[[[77.0435,43.7264],[77.0429,43.7259],[77.0415,43.7269],[77.0424,43.7275],[77.0437,43.7265],[77.0435,43.7264]]]],"type":"MultiPolygon"},"geometry_name":"shape","id":"gp_functional_zones.fid--7752831e_19fb67eabdc_62c6","properties":{"area":14699.8658586201,"creation_doc_id":3613,"deactivation_doc_id":null,"func_zone_status_id":2,"ggk_zone_code":"11010000","ggk_zone_name":"Территория усадебной застройки","gp_func_zone_code":"11010000","gp_func_zone_code_id":19,"id":4725700,"zone_type_id":8},"type":"Feature"},{"bbox":[77.0519,43.7238,77.0577,43.7276],"geometry":{"coordinates":[[[[77.0537,43.7245],[77.0526,43.7238],[77.0523,43.7241],[77.0523,43.7241],[77.0523,43.7241],[77.0519,43.7243],[77.0531,43.7254],[77.0531,43.7254],[77.0546,43.7269],[77.0549,43.7271],[77.055,43.7272],[77.0552,43.7273],[77.0554,43.7274],[77.0556,43.7274],[77.056,43.7275],[77.0564,43.7275],[77.0564,43.7275],[77.0567,43.7275],[77.0568,43.7275],[77.0571,43.7276],[77.0571,43.7276],[77.0571,43.7276],[77.0571,43.7276],[77.0577,43.7271],[77.0558,43.7258],[77.0537,43.7245]]]],"type":"MultiPolygon"},"geometry_name":"shape","id":"gp_functional_zones.fid--7752831e_19fb67eabdc_62c7","properties":{"area":66844.8939819589,"creation_doc_id":3613,"deactivation_doc_id":null,"func_zone_status_id":2,"ggk_zone_code":"11010000","ggk_zone_name":"Территория усадебной застройки","gp_func_zone_code":"11010000","gp_func_zone_code_id":19,"id":4725701,"zone_type_id":8},"type":"Feature"},{"bbox":[77.0588,43.7258,77.0613,43.7276],"geometry":{"coordinates":[[[[77.0608,43.7267],[77.0595,43.7258],[77.0592,43.7261],[77.0588,43.7264],[77.0606,43.7276],[77.0606,43.7276],[77.0613,43.727],[77.0613,43.727],[77.0613,43.727],[77.0608,43.7267],[77.0608,43.7267]]]],"type":"MultiPolygon"},"geometry_name":"shape","id":"gp_functional_zones.fid--7752831e_19fb67eabdc_62c8","properties":{"area":16749.863213333,"creation_doc_id":3613,"deactivation_doc_id":null,"func_zone_status_id":2,"ggk_zone_code":"11010000","ggk_zone_name":"Территория усадебной застройки","gp_func_zone_code":"11010000","gp_func_zone_code_id":19,"id":4725702,"zone_type_id":8},"type":"Feature"},{"bbox":[77.058,43.7265,77.0605,43.7282],"geometry":{"coordinates":[[[[77.0605,43.7277],[77.0587,43.7265],[77.0583,43.7268],[77.0583,43.7268],[77.058,43.727],[77.0594,43.728],[77.0596,43.7281],[77.0598,43.7282],[77.0605,43.7277],[77.0605,43.7277]]]],"type":"MultiPolygon"},"geometry_name":"shape","id":"gp_functional_zones.fid--7752831e_19fb67eabdc_62c9","properties":{"area":16030.5880468233,"creation_doc_id":3613,"deactivation_doc_id":null,"func_zone_status_id":2,"ggk_zone_code":"11010000","ggk_zone_name":"Территория усадебной застройки","gp_func_zone_code":"11010000","gp_func_zone_code_id":19,"id":4725703,"zone_type_id":8},"type":"Feature"},{"bbox":[77.0498,43.7237,77.0597,43.729],"geometry":{"coordinates":[[[[77.0593,43.7281],[77.0579,43.7272],[77.0572,43.7277],[77.0572,43.7277],[77.0572,43.7277],[77.0572,43.7277],[77.0571,43.7278],[77.0571,43.7277],[77.0571,43.7277],[77.0571,43.7277],[77.057,43.7277],[77.0567,43.7276],[77.0564,43.7276],[77.0559,43.7276],[77.0559,43.7276],[77.0556,43.7276],[77.0553,43.7275],[77.0553,43.7275],[77.0551,43.7274],[77.0551,43.7274],[77.0549,43.7274],[77.0549,43.7274],[77.0549,43.7273],[77.0547,43.7272],[77.0547,43.7272],[77.0545,43.727],[77.053,43.7255],[77.0517,43.7244],[77.0511,43.7239],[77.0507,43.7237],[77.0498,43.7238],[77.0504,43.7241],[77.0506,43.7242],[77.0512,43.7248],[77.0518,43.7252],[77.0521,43.7256],[77.0523,43.7262],[77.0525,43.7266],[77.0526,43.7266],[77.0533,43.7271],[77.054,43.7275],[77.0544,43.7275],[77.0546,43.7276],[77.0548,43.7276],[77.0552,43.7277],[77.0561,43.7287],[77.0568,43.7278],[77.0582,43.7285],[77.0583,43.7286],[77.0583,43.7286],[77.059,43.729],[77.0594,43.7286],[77.0597,43.7283],[77.0594,43.7281],[77.0593,43.7281]]]],"type":"MultiPolygon"},"geometry_name":"shape","id":"gp_functional_zones.fid--7752831e_19fb67eabdc_62ca","properties":{"area":67400.5309206966,"creation_doc_id":3613,"deactivation_doc_id":null,"func_zone_status_id":2,"ggk_zone_code":"11010000","ggk_zone_name":"Территория усадебной застройки","gp_func_zone_code":"11010000","gp_func_zone_code_id":19,"id":4725704,"zone_type_id":8},"type":"Feature"},{"bbox":[77.0596,43.7252,77.0617,43.7266],"geometry":{"coordinates":[[[[77.0617,43.726],[77.0603,43.7252],[77.0596,43.7257],[77.061,43.7266],[77.0617,43.726]]]],"type":"MultiPolygon"},"geometry_name":"shape","id":"gp_functional_zones.fid--7752831e_19fb67eabdc_62cb","properties":{"area":12207.6841970058,"creation_doc_id":3613,"deactivation_doc_id":null,"func_zone_status_id":3,"ggk_zone_code":"11010000","ggk_zone_name":"Территория усадебной застройки","gp_func_zone_code":"11010000","gp_func_zone_code_id":19,"id":4725705,"zone_type_id":8},"type":"Feature"},{"bbox":[77.0576,43.7239,77.0602,43.7256],"geometry":{"coordinates":[[[[77.0602,43.7251],[77.0583,43.7239],[77.0576,43.7244],[77.0595,43.7256],[77.0602,43.7251]]]],"type":"MultiPolygon"},"geometry_name":"shape","id":"gp_functional_zones.fid--7752831e_19fb67eabdc_62cc","properties":{"area":17264.5038938115,"creation_doc_id":3613,"deactivation_doc_id":null,"func_zone_status_id":3,"ggk_zone_code":"11010000","ggk_zone_name":"Территория усадебной застройки","gp_func_zone_code":"11010000","gp_func_zone_code_id":19,"id":4725706,"zone_type_id":8},"type":"Feature"},{"bbox":[77.0556,43.7226,77.0581,43.7243],"geometry":{"coordinates":[[[[77.0581,43.7237],[77.0563,43.7226],[77.0556,43.7231],[77.0574,43.7243],[77.0581,43.7237]]]],"type":"MultiPolygon"},"geometry_name":"shape","id":"gp_functional_zones.fid--7752831e_19fb67eabdc_62cd","properties":{"area":16656.682709585,"creation_doc_id":3613,"deactivation_doc_id":null,"func_zone_status_id":3,"ggk_zone_code":"11010000","ggk_zone_name":"Территория усадебной застройки","gp_func_zone_code":"11010000","gp_func_zone_code_id":19,"id":4725707,"zone_type_id":8},"type":"Feature"},{"bbox":[77.0536,43.7216,77.0562,43.7231],"geometry":{"coordinates":[[[[77.0548,43.7216],[77.0548,43.7216],[77.0541,43.7218],[77.0536,43.7219],[77.0536,43.7219],[77.0555,43.7231],[77.0562,43.7225],[77.0548,43.7216],[77.0548,43.7216]]]],"type":"MultiPolygon"},"geometry_name":"shape","id":"gp_functional_zones.fid--7752831e_19fb67eabdc_62ce","properties":{"area":14764.2643698832,"creation_doc_id":3613,"deactivation_doc_id":null,"func_zone_status_id":3,"ggk_zone_code":"11010000","ggk_zone_name":"Территория усадебной застройки","gp_func_zone_code":"11010000","gp_func_zone_code_id":19,"id":4725708,"zone_type_id":8},"type":"Feature"},{"bbox":[77.0513,43.7312,77.0531,43.7325],"geometry":{"coordinates":[[[[77.0531,43.7321],[77.0519,43.7312],[77.0513,43.7318],[77.0524,43.7325],[77.0531,43.7321]]]],"type":"MultiPolygon"},"geometry_name":"shape","id":"gp_functional_zones.fid--7752831e_19fb67eabdc_62cf","properties":{"area":9533.84557389786,"creation_doc_id":3613,"deactivation_doc_id":null,"func_zone_status_id":3,"ggk_zone_code":"11010000","ggk_zone_name":"Территория усадебной застройки","gp_func_zone_code":"11010000","gp_func_zone_code_id":19,"id":4725709,"zone_type_id":8},"type":"Feature"},{"bbox":[77.0521,43.7306,77.0539,43.732],"geometry":{"coordinates":[[[[77.0539,43.7315],[77.0527,43.7306],[77.0521,43.7311],[77.0532,43.732],[77.0539,43.7315]]]],"type":"MultiPolygon"},"geometry_name":"shape","id":"gp_functional_zones.fid--7752831e_19fb67eabdc_62d0","properties":{"area":10417.1377108387,"creation_doc_id":3613,"deactivation_doc_id":null,"func_zone_status_id":3,"ggk_zone_code":"11010000","ggk_zone_name":"Территория усадебной застройки","gp_func_zone_code":"11010000","gp_func_zone_code_id":19,"id":4725710,"zone_type_id":8},"type":"Feature"},{"bbox":[77.0493,43.7298,77.0518,43.7317],"geometry":{"coordinates":[[[[77.0518,43.7312],[77.0499,43.7298],[77.0493,43.7303],[77.0512,43.7317],[77.0518,43.7312]]]],"type":"MultiPolygon"},"geometry_name":"shape","id":"gp_functional_zones.fid--7752831e_19fb67eabdc_62d1","properties":{"area":16532.3430536407,"creation_doc_id":3613,"deactivation_doc_id":null,"func_zone_status_id":3,"ggk_zone_code":"11010000","ggk_zone_name":"Территория усадебной застройки","gp_func_zone_code":"11010000","gp_func_zone_code_id":19,"id":4725711,"zone_type_id":8},"type":"Feature"},{"bbox":[77.0528,43.73,77.0548,43.7314],"geometry":{"coordinates":[[[[77.0548,43.7309],[77.0534,43.73],[77.0528,43.7305],[77.054,43.7314],[77.0548,43.7309]]]],"type":"MultiPolygon"},"geometry_name":"shape","id":"gp_functional_zones.fid--7752831e_19fb67eabdc_62d2","properties":{"area":11923.2118671348,"creation_doc_id":3613,"deactivation_doc_id":null,"func_zone_status_id":3,"ggk_zone_code":"11010000","ggk_zone_name":"Территория усадебной застройки","gp_func_zone_code":"11010000","gp_func_zone_code_id":19,"id":4725712,"zone_type_id":8},"type":"Feature"},{"bbox":[77.05,43.7291,77.0525,43.7311],"geometry":{"coordinates":[[[[77.0525,43.7305],[77.0506,43.7291],[77.05,43.7297],[77.0519,43.7311],[77.0525,43.7305]]]],"type":"MultiPolygon"},"geometry_name":"shape","id":"gp_functional_zones.fid--7752831e_19fb67eabdc_62d3","properties":{"area":16552.3948967247,"creation_doc_id":3613,"deactivation_doc_id":null,"func_zone_status_id":3,"ggk_zone_code":"11010000","ggk_zone_name":"Территория усадебной застройки","gp_func_zone_code":"11010000","gp_func_zone_code_id":19,"id":4725713,"zone_type_id":8},"type":"Feature"},{"bbox":[77.0535,43.7293,77.0557,43.7308],"geometry":{"coordinates":[[[[77.0557,43.7304],[77.0542,43.7293],[77.0535,43.7299],[77.0549,43.7308],[77.0557,43.7304]]]],"type":"MultiPolygon"},"geometry_name":"shape","id":"gp_functional_zones.fid--7752831e_19fb67eabdc_62d4","properties":{"area":13202.476780429,"creation_doc_id":3613,"deactivation_doc_id":null,"func_zone_status_id":3,"ggk_zone_code":"11010000","ggk_zone_name":"Территория усадебной застройки","gp_func_zone_code":"11010000","gp_func_zone_code_id":19,"id":4725714,"zone_type_id":8},"type":"Feature"},{"bbox":[77.0507,43.7285,77.0533,43.7304],"geometry":{"coordinates":[[[[77.0533,43.7299],[77.0513,43.7285],[77.0507,43.729],[77.0526,43.7304],[77.0533,43.7299]]]],"type":"MultiPolygon"},"geometry_name":"shape","id":"gp_functional_zones.fid--7752831e_19fb67eabdc_62d5","properties":{"area":17440.2424273986,"creation_doc_id":3613,"deactivation_doc_id":null,"func_zone_status_id":3,"ggk_zone_code":"11010000","ggk_zone_name":"Территория усадебной застройки","gp_func_zone_code":"11010000","gp_func_zone_code_id":19,"id":4725715,"zone_type_id":8},"type":"Feature"},{"bbox":[77.0474,43.7242,77.0559,43.7302],"geometry":{"coordinates":[[[[77.0475,43.7243],[77.04754117647057,43.7243],[77.0474,43.7242],[77.0475,43.7243]]],[[[77.0477,43.7243],[77.04754117647057,43.7243],[77.0498,43.7259],[77.0521,43.7276],[77.0542,43.7291],[77.0557,43.7302],[77.0558,43.7302],[77.0558,43.7301],[77.0559,43.7296],[77.0559,43.7295],[77.0557,43.7291],[77.0556,43.7288],[77.0552,43.7282],[77.0551,43.7282],[77.0548,43.728],[77.0544,43.7278],[77.0541,43.7277],[77.0537,43.7277],[77.0532,43.7275],[77.0531,43.7275],[77.0524,43.7273],[77.0521,43.7269],[77.052,43.7269],[77.052,43.7265],[77.0519,43.7264],[77.0518,43.7259],[77.0517,43.7258],[77.0516,43.7254],[77.0512,43.7251],[77.0507,43.7249],[77.0504,43.7248],[77.0503,43.7248],[77.0498,43.7246],[77.0488,43.7244],[77.0482,43.7243],[77.0477,43.7243]]]],"type":"MultiPolygon"},"geometry_name":"shape","id":"gp_functional_zones.fid--7752831e_19fb67eabdc_62d6","properties":{"area":85437.7190223812,"creation_doc_id":3613,"deactivation_doc_id":null,"func_zone_status_id":3,"ggk_zone_code":"11010000","ggk_zone_name":"Территория усадебной застройки","gp_func_zone_code":"11010000","gp_func_zone_code_id":19,"id":4725716,"zone_type_id":8},"type":"Feature"},{"bbox":[77.047,43.7281,77.0498,43.7302],"geometry":{"coordinates":[[[[77.0498,43.7297],[77.0476,43.7281],[77.047,43.7287],[77.0492,43.7302],[77.0498,43.7297]]]],"type":"MultiPolygon"},"geometry_name":"shape","id":"gp_functional_zones.fid--7752831e_19fb67eabdc_62d7","properties":{"area":19068.6839451385,"creation_doc_id":3613,"deactivation_doc_id":null,"func_zone_status_id":3,"ggk_zone_code":"11010000","ggk_zone_name":"Территория усадебной застройки","gp_func_zone_code":"11010000","gp_func_zone_code_id":19,"id":4725717,"zone_type_id":8},"type":"Feature"},{"bbox":[77.0515,43.7278,77.0541,43.7298],"geometry":{"coordinates":[[[[77.0541,43.7292],[77.0521,43.7278],[77.0515,43.7284],[77.0534,43.7298],[77.0541,43.7292]]]],"type":"MultiPolygon"},"geometry_name":"shape","id":"gp_functional_zones.fid--7752831e_19fb67eabdc_62d8","properties":{"area":17985.025762734,"creation_doc_id":3613,"deactivation_doc_id":null,"func_zone_status_id":3,"ggk_zone_code":"11010000","ggk_zone_name":"Территория усадебной застройки","gp_func_zone_code":"11010000","gp_func_zone_code_id":19,"id":4725718,"zone_type_id":8},"type":"Feature"},{"bbox":[77.0477,43.7275,77.0505,43.7296],"geometry":{"coordinates":[[[[77.0505,43.729],[77.0483,43.7275],[77.0477,43.728],[77.0499,43.7296],[77.0505,43.729]]]],"type":"MultiPolygon"},"geometry_name":"shape","id":"gp_functional_zones.fid--7752831e_19fb67eabdc_62d9","properties":{"area":19076.8201862372,"creation_doc_id":3613,"deactivation_doc_id":null,"func_zone_status_id":3,"ggk_zone_code":"11010000","ggk_zone_name":"Территория усадебной застройки","gp_func_zone_code":"11010000","gp_func_zone_code_id":19,"id":4725719,"zone_type_id":8},"type":"Feature"},{"bbox":[77.0484,43.7268,77.0512,43.7289],"geometry":{"coordinates":[[[[77.0512,43.7284],[77.049,43.7268],[77.0484,43.7274],[77.0506,43.7289],[77.0512,43.7284]]]],"type":"MultiPolygon"},"geometry_name":"shape","id":"gp_functional_zones.fid--7752831e_19fb67eabdc_62da","properties":{"area":20014.3223255492,"creation_doc_id":3613,"deactivation_doc_id":null,"func_zone_status_id":3,"ggk_zone_code":"11010000","ggk_zone_name":"Территория усадебной застройки","gp_func_zone_code":"11010000","gp_func_zone_code_id":19,"id":4725720,"zone_type_id":8},"type":"Feature"},{"bbox":[77.044,43.726,77.0474,43.7286],"geometry":{"coordinates":[[[[77.0474,43.728],[77.0446,43.726],[77.044,43.7265],[77.0469,43.7286],[77.0474,43.728]]]],"type":"MultiPolygon"},"geometry_name":"shape","id":"gp_functional_zones.fid--7752831e_19fb67eabdc_62db","properties":{"area":24883.2193208021,"creation_doc_id":3613,"deactivation_doc_id":null,"func_zone_status_id":3,"ggk_zone_code":"11010000","ggk_zone_name":"Территория усадебной застройки","gp_func_zone_code":"11010000","gp_func_zone_code_id":19,"id":4725721,"zone_type_id":8},"type":"Feature"},{"bbox":[77.0491,43.7261,77.052,43.7283],"geometry":{"coordinates":[[[[77.052,43.7277],[77.0497,43.7261],[77.0491,43.7267],[77.0513,43.7283],[77.052,43.7277]]]],"type":"MultiPolygon"},"geometry_name":"shape","id":"gp_functional_zones.fid--7752831e_19fb67eabdc_62dc","properties":{"area":20709.5580150893,"creation_doc_id":3613,"deactivation_doc_id":null,"func_zone_status_id":3,"ggk_zone_code":"11010000","ggk_zone_name":"Территория усадебной застройки","gp_func_zone_code":"11010000","gp_func_zone_code_id":19,"id":4725722,"zone_type_id":8},"type":"Feature"},{"bbox":[77.0448,43.7254,77.0481,43.7279],"geometry":{"coordinates":[[[[77.0481,43.7274],[77.0454,43.7254],[77.0448,43.7259],[77.0476,43.7279],[77.0481,43.7274]]]],"type":"MultiPolygon"},"geometry_name":"shape","id":"gp_functional_zones.fid--7752831e_19fb67eabdc_62dd","properties":{"area":23773.4151052579,"creation_doc_id":3613,"deactivation_doc_id":null,"func_zone_status_id":3,"ggk_zone_code":"11010000","ggk_zone_name":"Территория усадебной застройки","gp_func_zone_code":"11010000","gp_func_zone_code_id":19,"id":4725723,"zone_type_id":8},"type":"Feature"},{"bbox":[77.0456,43.7248,77.0488,43.7273],"geometry":{"coordinates":[[[[77.0488,43.7267],[77.0462,43.7248],[77.0456,43.7253],[77.0482,43.7273],[77.0488,43.7267]]]],"type":"MultiPolygon"},"geometry_name":"shape","id":"gp_functional_zones.fid--7752831e_19fb67eabdc_62de","properties":{"area":23679.7356511561,"creation_doc_id":3613,"deactivation_doc_id":null,"func_zone_status_id":3,"ggk_zone_code":"11010000","ggk_zone_name":"Территория усадебной застройки","gp_func_zone_code":"11010000","gp_func_zone_code_id":19,"id":4725724,"zone_type_id":8},"type":"Feature"},{"bbox":[77.0464,43.7242,77.0496,43.7266],"geometry":{"coordinates":[[[[77.0496,43.726],[77.0471,43.7242],[77.0464,43.7247],[77.049,43.7266],[77.0496,43.726]]]],"type":"MultiPolygon"},"geometry_name":"shape","id":"gp_functional_zones.fid--7752831e_19fb67eabdc_62df","properties":{"area":23403.8785432721,"creation_doc_id":3613,"deactivation_doc_id":null,"func_zone_status_id":3,"ggk_zone_code":"11010000","ggk_zone_name":"Территория усадебной застройки","gp_func_zone_code":"11010000","gp_func_zone_code_id":19,"id":4725725,"zone_type_id":8},"type":"Feature"},{"bbox":[76.9465,43.4028,76.9479,43.4047],"geometry":{"coordinates":[[[[76.9479,43.4045],[76.9474,43.4028],[76.9474,43.4028],[76.9468,43.4028],[76.9468,43.4028],[76.9465,43.4029],[76.9465,43.4029],[76.947,43.4047],[76.9479,43.4045],[76.9479,43.4045]]]],"type":"MultiPolygon"},"geometry_name":"shape","id":"gp_functional_zones.fid--7752831e_19fb67eabdc_62e0","properties":{"area":15775.3571624198,"creation_doc_id":3613,"deactivation_doc_id":null,"func_zone_status_id":2,"ggk_zone_code":"11010000","ggk_zone_name":"Территория усадебной застройки","gp_func_zone_code":"11010000","gp_func_zone_code_id":19,"id":4725726,"zone_type_id":8},"type":"Feature"},{"bbox":[76.9476,43.4026,76.9487,43.4042],"geometry":{"coordinates":[[[[76.9487,43.4041],[76.9483,43.4026],[76.9483,43.4026],[76.9483,43.4026],[76.9477,43.4027],[76.9477,43.4027],[76.9477,43.4027],[76.9477,43.4027],[76.9477,43.4027],[76.9477,43.4027],[76.9476,43.4027],[76.9476,43.4027],[76.948,43.4042],[76.948,43.4042],[76.9487,43.4041]]]],"type":"MultiPolygon"},"geometry_name":"shape","id":"gp_functional_zones.fid--7752831e_19fb67eabdc_62e1","properties":{"area":10201.6867815896,"creation_doc_id":3613,"deactivation_doc_id":null,"func_zone_status_id":2,"ggk_zone_code":"11010000","ggk_zone_name":"Территория усадебной застройки","gp_func_zone_code":"11010000","gp_func_zone_code_id":19,"id":4725727,"zone_type_id":8},"type":"Feature"},{"bbox":[76.9484,43.4026,76.9496,43.404],"geometry":{"coordinates":[[[[76.9496,43.4039],[76.9492,43.4026],[76.9491,43.4026],[76.9484,43.4026],[76.9488,43.404],[76.9492,43.404],[76.9496,43.4039]]]],"type":"MultiPolygon"},"geometry_name":"shape","id":"gp_functional_zones.fid--7752831e_19fb67eabdc_62e2","properties":{"area":9438.28836690958,"creation_doc_id":3613,"deactivation_doc_id":null,"func_zone_status_id":2,"ggk_zone_code":"11010000","ggk_zone_name":"Территория усадебной застройки","gp_func_zone_code":"11010000","gp_func_zone_code_id":19,"id":4725728,"zone_type_id":8},"type":"Feature"},{"bbox":[76.9493,43.4026,76.9504,43.4039],"geometry":{"coordinates":[[[[76.9504,43.4038],[76.95,43.4026],[76.9493,43.4026],[76.9497,43.4039],[76.9504,43.4038],[76.9504,43.4038]]]],"type":"MultiPolygon"},"geometry_name":"shape","id":"gp_functional_zones.fid--7752831e_19fb67eabdc_62e3","properties":{"area":8965.58674975491,"creation_doc_id":3613,"deactivation_doc_id":null,"func_zone_status_id":2,"ggk_zone_code":"11010000","ggk_zone_name":"Территория усадебной застройки","gp_func_zone_code":"11010000","gp_func_zone_code_id":19,"id":4725729,"zone_type_id":8},"type":"Feature"},{"bbox":[76.9502,43.4018,76.9519,43.4041],"geometry":{"coordinates":[[[[76.9514,43.4018],[76.9513,43.4018],[76.951,43.4019],[76.9508,43.4019],[76.951,43.4025],[76.9502,43.4025],[76.9506,43.4041],[76.9519,43.4039],[76.9514,43.4018]]]],"type":"MultiPolygon"},"geometry_name":"shape","id":"gp_functional_zones.fid--7752831e_19fb67eabdc_62e4","properties":{"area":20925.1642716752,"creation_doc_id":3613,"deactivation_doc_id":null,"func_zone_status_id":2,"ggk_zone_code":"11010000","ggk_zone_name":"Территория усадебной застройки","gp_func_zone_code":"11010000","gp_func_zone_code_id":19,"id":4725730,"zone_type_id":8},"type":"Feature"},{"bbox":[76.9487,43.4066,76.9498,43.4077],"geometry":{"coordinates":[[[[76.9497,43.4076],[76.9495,43.4066],[76.9487,43.4067],[76.949,43.4077],[76.9498,43.4077],[76.9497,43.4076]]]],"type":"MultiPolygon"},"geometry_name":"shape","id":"gp_functional_zones.fid--7752831e_19fb67eabdc_62e5","properties":{"area":6971.64118558901,"creation_doc_id":3613,"deactivation_doc_id":null,"func_zone_status_id":3,"ggk_zone_code":"11010000","ggk_zone_name":"Территория усадебной застройки","gp_func_zone_code":"11010000","gp_func_zone_code_id":19,"id":4725731,"zone_type_id":8},"type":"Feature"},{"bbox":[76.949,43.4044,76.9506,43.4078],"geometry":{"coordinates":[[[[76.9506,43.4074],[76.9497,43.4044],[76.949,43.4045],[76.9499,43.4075],[76.9499,43.4078],[76.9501,43.4077],[76.9501,43.4077],[76.9503,43.4076],[76.9503,43.4076],[76.9506,43.4076],[76.9506,43.4076],[76.9506,43.4075],[76.9506,43.4074]]]],"type":"MultiPolygon"},"geometry_name":"shape","id":"gp_functional_zones.fid--7752831e_19fb67eabdc_62e6","properties":{"area":21689.7924737506,"creation_doc_id":3613,"deactivation_doc_id":null,"func_zone_status_id":3,"ggk_zone_code":"11010000","ggk_zone_name":"Территория усадебной застройки","gp_func_zone_code":"11010000","gp_func_zone_code_id":19,"id":4725732,"zone_type_id":8},"type":"Feature"},{"bbox":[76.9498,43.4043,76.9514,43.4075],"geometry":{"coordinates":[[[[76.9514,43.4073],[76.9505,43.4043],[76.9502,43.4043],[76.95,43.4044],[76.95,43.4044],[76.9498,43.4044],[76.9507,43.4074],[76.9507,43.4075],[76.9509,43.4075],[76.9509,43.4075],[76.951,43.4075],[76.9511,43.4074],[76.9511,43.4074],[76.9512,43.4074],[76.9514,43.4073],[76.9514,43.4073],[76.9514,43.4073],[76.9514,43.4073],[76.9514,43.4073]]]],"type":"MultiPolygon"},"geometry_name":"shape","id":"gp_functional_zones.fid--7752831e_19fb67eabdc_62e7","properties":{"area":21035.4028880098,"creation_doc_id":3613,"deactivation_doc_id":null,"func_zone_status_id":3,"ggk_zone_code":"11010000","ggk_zone_name":"Территория усадебной застройки","gp_func_zone_code":"11010000","gp_func_zone_code_id":19,"id":4725733,"zone_type_id":8},"type":"Feature"},{"bbox":[76.9507,43.404,76.9527,43.4073],"geometry":{"coordinates":[[[[76.9527,43.407],[76.952,43.404],[76.9507,43.4043],[76.9515,43.4073],[76.9516,43.4073],[76.9517,43.4073],[76.9517,43.4073],[76.952,43.4072],[76.952,43.4072],[76.952,43.4072],[76.9527,43.407]]]],"type":"MultiPolygon"},"geometry_name":"shape","id":"gp_functional_zones.fid--7752831e_19fb67eabdc_62e8","properties":{"area":35684.7164221685,"creation_doc_id":3613,"deactivation_doc_id":null,"func_zone_status_id":3,"ggk_zone_code":"11010000","ggk_zone_name":"Территория усадебной застройки","gp_func_zone_code":"11010000","gp_func_zone_code_id":19,"id":4725734,"zone_type_id":8},"type":"Feature"},{"bbox":[77.1174,43.7963,77.1275,43.8019],"geometry":{"coordinates":[[[[77.1264,43.7966],[77.1258,43.7963],[77.1257,43.7963],[77.1257,43.7963],[77.1252,43.7968],[77.1252,43.7968],[77.1252,43.7968],[77.1246,43.7973],[77.1246,43.7973],[77.1239,43.7978],[77.1239,43.7978],[77.1239,43.7978],[77.1232,43.7982],[77.1232,43.7982],[77.1225,43.7986],[77.1225,43.7986],[77.1217,43.7989],[77.1217,43.7989],[77.1208,43.7992],[77.1196,43.7996],[77.1187,43.8],[77.1184,43.8001],[77.1174,43.8006],[77.1188,43.8019],[77.1193,43.8017],[77.1193,43.8016],[77.1208,43.801],[77.1208,43.801],[77.1223,43.8004],[77.1233,43.8],[77.1243,43.7995],[77.1251,43.799],[77.1259,43.7985],[77.1267,43.7979],[77.1267,43.7979],[77.1268,43.7978],[77.1274,43.7972],[77.1275,43.797],[77.1264,43.7966]]]],"type":"MultiPolygon"},"geometry_name":"shape","id":"gp_functional_zones.fid--7752831e_19fb67eabdc_631b","properties":{"area":149964.62308625,"creation_doc_id":3613,"deactivation_doc_id":null,"func_zone_status_id":3,"ggk_zone_code":"11010000","ggk_zone_name":"Территория усадебной застройки","gp_func_zone_code":"11010000","gp_func_zone_code_id":19,"id":4725785,"zone_type_id":8},"type":"Feature"},{"bbox":[77.1323,43.8011,77.1354,43.8028],"geometry":{"coordinates":[[[[77.1348,43.8012],[77.1347,43.8011],[77.1323,43.8024],[77.1324,43.8025],[77.1325,43.8026],[77.1326,43.8027],[77.1327,43.8028],[77.1354,43.8019],[77.1353,43.8017],[77.1351,43.8016],[77.135,43.8014],[77.1348,43.8012]]]],"type":"MultiPolygon"},"geometry_name":"shape","id":"gp_functional_zones.fid--7752831e_19fb67eabdc_631d","properties":{"area":20131.7089119972,"creation_doc_id":3613,"deactivation_doc_id":null,"func_zone_status_id":3,"ggk_zone_code":"11010000","ggk_zone_name":"Территория усадебной застройки","gp_func_zone_code":"11010000","gp_func_zone_code_id":19,"id":4725787,"zone_type_id":8},"type":"Feature"},{"bbox":[77.118,43.8033,77.1203,43.8045],"geometry":{"coordinates":[[[[77.1203,43.8043],[77.1197,43.8033],[77.1194,43.8035],[77.119,43.8037],[77.1187,43.8039],[77.1185,43.8041],[77.1182,43.8043],[77.1181,43.8044],[77.1181,43.8044],[77.1181,43.8044],[77.1181,43.8044],[77.118,43.8044],[77.118,43.8045],[77.118,43.8045],[77.1182,43.8045],[77.1184,43.8045],[77.1187,43.8045],[77.1189,43.8045],[77.1191,43.8045],[77.1194,43.8044],[77.1196,43.8044],[77.1198,43.8044],[77.12,43.8043],[77.1203,43.8043]]]],"type":"MultiPolygon"},"geometry_name":"shape","id":"gp_functional_zones.fid--7752831e_19fb67eabdc_631e","properties":{"area":11806.3715906944,"creation_doc_id":3613,"deactivation_doc_id":null,"func_zone_status_id":3,"ggk_zone_code":"11010000","ggk_zone_name":"Территория усадебной застройки","gp_func_zone_code":"11010000","gp_func_zone_code_id":19,"id":4725788,"zone_type_id":8},"type":"Feature"},{"bbox":[77.1329,43.8021,77.1363,43.8048],"geometry":{"coordinates":[[[[77.1357,43.8023],[77.1355,43.8021],[77.1329,43.8031],[77.133,43.8032],[77.133,43.8034],[77.1331,43.8035],[77.1332,43.8037],[77.1332,43.8039],[77.1332,43.804],[77.1333,43.8041],[77.1333,43.8041],[77.1334,43.8041],[77.1334,43.8042],[77.1335,43.8042],[77.1335,43.8042],[77.1335,43.8043],[77.1336,43.8043],[77.1359,43.8047],[77.1359,43.8047],[77.136,43.8047],[77.1361,43.8048],[77.1361,43.8048],[77.1361,43.8048],[77.1361,43.8048],[77.1362,43.8048],[77.1362,43.8048],[77.1362,43.8048],[77.1363,43.8048],[77.1363,43.8048],[77.1363,43.8046],[77.1363,43.8044],[77.1363,43.8042],[77.1362,43.804],[77.1362,43.8038],[77.1362,43.8036],[77.1361,43.8035],[77.1361,43.8033],[77.136,43.8031],[77.1359,43.8029],[77.1358,43.8027],[77.1358,43.8025],[77.1357,43.8023]]]],"type":"MultiPolygon"},"geometry_name":"shape","id":"gp_functional_zones.fid--7752831e_19fb67eabdc_631f","properties":{"area":52601.4509264525,"creation_doc_id":3613,"deactivation_doc_id":null,"func_zone_status_id":3,"ggk_zone_code":"11010000","ggk_zone_name":"Территория усадебной застройки","gp_func_zone_code":"11010000","gp_func_zone_code_id":19,"id":4725789,"zone_type_id":8},"type":"Feature"},{"bbox":[77.1347,43.8003,77.1377,43.8062],"geometry":{"coordinates":[[[[77.1354,43.8003],[77.1354,43.8003],[77.1353,43.8003],[77.1352,43.8003],[77.1351,43.8003],[77.1351,43.8003],[77.135,43.8004],[77.135,43.8004],[77.1349,43.8004],[77.1348,43.8005],[77.1347,43.8006],[77.1347,43.8006],[77.1348,43.8008],[77.135,43.8009],[77.1352,43.8011],[77.1353,43.8013],[77.1355,43.8014],[77.1356,43.8016],[77.1357,43.8018],[77.1359,43.802],[77.136,43.8022],[77.1361,43.8024],[77.1362,43.8026],[77.1363,43.8028],[77.1363,43.803],[77.1364,43.8031],[77.1365,43.8033],[77.1365,43.8036],[77.1366,43.8038],[77.1366,43.804],[77.1366,43.8042],[77.1367,43.8044],[77.1367,43.8046],[77.1367,43.8048],[77.1366,43.805],[77.1367,43.805],[77.1368,43.8051],[77.1369,43.8052],[77.137,43.8052],[77.1371,43.8053],[77.1371,43.8054],[77.1372,43.8055],[77.1372,43.8056],[77.1373,43.8056],[77.1373,43.8057],[77.1373,43.8058],[77.1374,43.8062],[77.1375,43.806],[77.1375,43.8058],[77.1376,43.8056],[77.1376,43.8054],[77.1377,43.8052],[77.1377,43.8049],[77.1377,43.8047],[77.1377,43.8045],[77.1377,43.8043],[77.1377,43.8041],[77.1376,43.8038],[77.1376,43.8036],[77.1375,43.8034],[77.1375,43.8032],[77.1374,43.803],[77.1373,43.8028],[77.1373,43.8026],[77.1372,43.8024],[77.1371,43.8022],[77.137,43.802],[77.1368,43.8018],[77.1367,43.8016],[77.1366,43.8014],[77.1364,43.8012],[77.1363,43.801],[77.1361,43.8008],[77.136,43.8006],[77.1358,43.8004],[77.1357,43.8004],[77.1357,43.8004],[77.1356,43.8003],[77.1356,43.8003],[77.1355,43.8003],[77.1354,43.8003]]]],"type":"MultiPolygon"},"geometry_name":"shape","id":"gp_functional_zones.fid--7752831e_19fb67eabdc_6320","properties":{"area":49757.0424592068,"creation_doc_id":3613,"deactivation_doc_id":null,"func_zone_status_id":3,"ggk_zone_code":"11010000","ggk_zone_name":"Территория усадебной застройки","gp_func_zone_code":"11010000","gp_func_zone_code_id":19,"id":4725790,"zone_type_id":8},"type":"Feature"},{"bbox":[77.1261,43.7978,77.1305,43.801],"geometry":{"coordinates":[[[[77.1277,43.8008],[77.128,43.8008],[77.1282,43.8008],[77.1284,43.8008],[77.1287,43.8008],[77.1289,43.8008],[77.1291,43.8009],[77.1305,43.7983],[77.1293,43.7978],[77.1291,43.798],[77.1289,43.7983],[77.1286,43.7985],[77.1284,43.7987],[77.1282,43.7989],[77.1279,43.7991],[77.1277,43.7993],[77.1275,43.7995],[77.1272,43.7997],[77.1269,43.7999],[77.1267,43.8],[77.1264,43.8002],[77.1261,43.8004],[77.1264,43.801],[77.1266,43.8009],[77.1268,43.8009],[77.1271,43.8008],[77.1273,43.8008],[77.1275,43.8008],[77.1277,43.8008]]]],"type":"MultiPolygon"},"geometry_name":"shape","id":"gp_functional_zones.fid--7752831e_19fb67eabdc_6321","properties":{"area":59695.260188629,"creation_doc_id":3613,"deactivation_doc_id":null,"func_zone_status_id":3,"ggk_zone_code":"11010000","ggk_zone_name":"Территория усадебной застройки","gp_func_zone_code":"11010000","gp_func_zone_code_id":19,"id":4725791,"zone_type_id":8},"type":"Feature"},{"bbox":[76.956,43.4205,76.9582,43.4236],"geometry":{"coordinates":[[[[76.958,43.4234],[76.9565,43.4205],[76.9564,43.4206],[76.9562,43.4207],[76.956,43.4208],[76.956,43.4208],[76.9571,43.4231],[76.9572,43.4233],[76.9582,43.4236],[76.958,43.4234]]]],"type":"MultiPolygon"},"geometry_name":"shape","id":"gp_functional_zones.fid--7752831e_19fb67eabdc_63ba","properties":{"area":19062.2967247793,"creation_doc_id":3613,"deactivation_doc_id":null,"func_zone_status_id":2,"ggk_zone_code":"11010000","ggk_zone_name":"Территория усадебной застройки","gp_func_zone_code":"11010000","gp_func_zone_code_id":19,"id":4725965,"zone_type_id":8},"type":"Feature"},{"bbox":[76.966,43.4205,76.9689,43.4248],"geometry":{"coordinates":[[[[76.9669,43.4215],[76.9667,43.4205],[76.966,43.4206],[76.9666,43.4222],[76.9666,43.4222],[76.9666,43.4222],[76.9666,43.4223],[76.9666,43.4223],[76.9666,43.4224],[76.9666,43.4224],[76.9666,43.4225],[76.9666,43.4225],[76.9665,43.4226],[76.9665,43.4226],[76.9665,43.4227],[76.9665,43.4227],[76.9665,43.4227],[76.9665,43.4228],[76.9665,43.4228],[76.9664,43.4228],[76.9664,43.4228],[76.9663,43.4229],[76.9663,43.4229],[76.9663,43.423],[76.9671,43.4248],[76.9688,43.4247],[76.9689,43.4247],[76.9689,43.4247],[76.9682,43.4242],[76.9682,43.4242],[76.9682,43.4242],[76.9682,43.4242],[76.9669,43.4216],[76.9669,43.4215]]]],"type":"MultiPolygon"},"geometry_name":"shape","id":"gp_functional_zones.fid--7752831e_19fb67eabdc_63bb","properties":{"area":39352.0272586529,"creation_doc_id":3613,"deactivation_doc_id":null,"func_zone_status_id":2,"ggk_zone_code":"11010000","ggk_zone_name":"Территория усадебной застройки","gp_func_zone_code":"11010000","gp_func_zone_code_id":19,"id":4725966,"zone_type_id":8},"type":"Feature"},{"bbox":[77.1089,43.7825,77.114,43.787],"geometry":{"coordinates":[[[[77.1126,43.7835],[77.112,43.7825],[77.1108,43.7828],[77.1104,43.7829],[77.1103,43.7829],[77.1103,43.7829],[77.1094,43.7849],[77.1089,43.7861],[77.1089,43.7861],[77.1091,43.7863],[77.1091,43.7864],[77.1094,43.7867],[77.1094,43.7867],[77.1096,43.787],[77.1096,43.787],[77.1097,43.787],[77.114,43.7855],[77.1136,43.7851],[77.1136,43.7851],[77.1136,43.7851],[77.1131,43.7843],[77.1131,43.7843],[77.1126,43.7835]]]],"type":"MultiPolygon"},"geometry_name":"shape","id":"gp_functional_zones.fid--7752831e_19fb67eabdc_63c7","properties":{"area":114722.992901701,"creation_doc_id":3613,"deactivation_doc_id":null,"func_zone_status_id":3,"ggk_zone_code":"11010000","ggk_zone_name":"Территория усадебной застройки","gp_func_zone_code":"11010000","gp_func_zone_code_id":19,"id":4725978,"zone_type_id":8},"type":"Feature"},{"bbox":[77.1178,43.7874,77.1252,43.7896],"geometry":{"coordinates":[[[[77.1183,43.7874],[77.118,43.7874],[77.1178,43.7877],[77.118,43.7878],[77.1189,43.7882],[77.12,43.7885],[77.121,43.7888],[77.1212,43.7888],[77.1218,43.789],[77.1251,43.7896],[77.1251,43.7896],[77.1252,43.7893],[77.1248,43.7891],[77.1243,43.7889],[77.1237,43.7887],[77.1232,43.7886],[77.1227,43.7885],[77.1221,43.7885],[77.1218,43.7884],[77.1215,43.7884],[77.1211,43.7883],[77.1208,43.7882],[77.1206,43.7881],[77.1203,43.7879],[77.12,43.7878],[77.1198,43.7877],[77.1195,43.7876],[77.1192,43.7876],[77.1189,43.7875],[77.1186,43.7875],[77.1183,43.7874]]]],"type":"MultiPolygon"},"geometry_name":"shape","id":"gp_functional_zones.fid--7752831e_19fb67eabdc_63c8","properties":{"area":37356.6430456381,"creation_doc_id":3613,"deactivation_doc_id":null,"func_zone_status_id":3,"ggk_zone_code":"11010000","ggk_zone_name":"Территория усадебной застройки","gp_func_zone_code":"11010000","gp_func_zone_code_id":19,"id":4725979,"zone_type_id":8},"type":"Feature"},{"bbox":[77.1091,43.7857,77.1148,43.7917],"geometry":{"coordinates":[[[[77.1143,43.7858],[77.1142,43.7857],[77.1098,43.7873],[77.1098,43.7873],[77.1098,43.7873],[77.11,43.7877],[77.11,43.7877],[77.1101,43.788],[77.1101,43.788],[77.1102,43.7884],[77.1102,43.7884],[77.1102,43.7887],[77.1102,43.7887],[77.1102,43.7891],[77.1102,43.7891],[77.1101,43.7895],[77.1101,43.7895],[77.11,43.7898],[77.11,43.7898],[77.1099,43.7902],[77.1099,43.7902],[77.1094,43.7908],[77.1091,43.7912],[77.1103,43.7917],[77.1106,43.791],[77.1106,43.791],[77.1106,43.7909],[77.111,43.79],[77.111,43.79],[77.1116,43.7892],[77.1116,43.7892],[77.1116,43.7892],[77.1123,43.7883],[77.1123,43.7883],[77.1131,43.7875],[77.1131,43.7875],[77.1131,43.7875],[77.114,43.7868],[77.114,43.7868],[77.1148,43.7862],[77.1143,43.7858],[77.1143,43.7858]]]],"type":"MultiPolygon"},"geometry_name":"shape","id":"gp_functional_zones.fid--7752831e_19fb67eabdc_63c9","properties":{"area":97726.9948249375,"creation_doc_id":3613,"deactivation_doc_id":null,"func_zone_status_id":3,"ggk_zone_code":"11010000","ggk_zone_name":"Территория усадебной застройки","gp_func_zone_code":"11010000","gp_func_zone_code_id":19,"id":4725980,"zone_type_id":8},"type":"Feature"},{"bbox":[77.1076,43.7915,77.1102,43.7939],"geometry":{"coordinates":[[[[77.1102,43.792],[77.1089,43.7915],[77.1085,43.7919],[77.1076,43.793],[77.1095,43.7938],[77.1097,43.7939],[77.1098,43.7936],[77.1099,43.7929],[77.1099,43.7929],[77.1102,43.792]]]],"type":"MultiPolygon"},"geometry_name":"shape","id":"gp_functional_zones.fid--7752831e_19fb67eabdc_63ca","properties":{"area":31024.7643582857,"creation_doc_id":3613,"deactivation_doc_id":null,"func_zone_status_id":3,"ggk_zone_code":"11010000","ggk_zone_name":"Территория усадебной застройки","gp_func_zone_code":"11010000","gp_func_zone_code_id":19,"id":4725981,"zone_type_id":8},"type":"Feature"},{"bbox":[77.1066,43.7932,77.1096,43.7952],"geometry":{"coordinates":[[[[77.1093,43.794],[77.1074,43.7932],[77.107,43.7937],[77.1066,43.7941],[77.1091,43.7952],[77.1092,43.7951],[77.1093,43.7948],[77.1095,43.7943],[77.1096,43.7941],[77.1093,43.794]]]],"type":"MultiPolygon"},"geometry_name":"shape","id":"gp_functional_zones.fid--7752831e_19fb67eabdc_63cb","properties":{"area":26814.0021742784,"creation_doc_id":3613,"deactivation_doc_id":null,"func_zone_status_id":3,"ggk_zone_code":"11010000","ggk_zone_name":"Территория усадебной застройки","gp_func_zone_code":"11010000","gp_func_zone_code_id":19,"id":4725982,"zone_type_id":8},"type":"Feature"},{"bbox":[77.1047,43.795,77.108,43.7975],"geometry":{"coordinates":[[[[77.1072,43.7955],[77.106,43.795],[77.1047,43.7964],[77.1066,43.7972],[77.1072,43.7975],[77.1077,43.7971],[77.108,43.7967],[77.107,43.7963],[77.1069,43.7962],[77.1067,43.7961],[77.1072,43.7955]]]],"type":"MultiPolygon"},"geometry_name":"shape","id":"gp_functional_zones.fid--7752831e_19fb67eabdc_63cc","properties":{"area":35749.3693818778,"creation_doc_id":3613,"deactivation_doc_id":null,"func_zone_status_id":3,"ggk_zone_code":"11010000","ggk_zone_name":"Территория усадебной застройки","gp_func_zone_code":"11010000","gp_func_zone_code_id":19,"id":4725983,"zone_type_id":8},"type":"Feature"},{"bbox":[77.11,43.7876,77.1301,43.7979],"geometry":{"coordinates":[[[[77.1176,43.79],[77.1176,43.79],[77.1178,43.79],[77.1178,43.79],[77.118,43.79],[77.118,43.79],[77.1181,43.79],[77.1183,43.7901],[77.1183,43.7901],[77.1185,43.7901],[77.1185,43.7901],[77.1185,43.7901],[77.1187,43.7902],[77.1193,43.7903],[77.1198,43.7905],[77.1203,43.7906],[77.123,43.7911],[77.1237,43.7913],[77.1255,43.7916],[77.1255,43.7916],[77.1257,43.7916],[77.1257,43.7916],[77.1259,43.7917],[77.1259,43.7917],[77.1261,43.7918],[77.1261,43.7918],[77.1263,43.7919],[77.1263,43.7919],[77.1265,43.792],[77.1265,43.792],[77.1266,43.7921],[77.1266,43.7921],[77.1268,43.7922],[77.1268,43.7922],[77.1269,43.7923],[77.1269,43.7923],[77.1271,43.7925],[77.1271,43.7925],[77.1272,43.7926],[77.1272,43.7926],[77.1273,43.7928],[77.1273,43.7928],[77.1273,43.7929],[77.1273,43.7929],[77.1274,43.7931],[77.1274,43.7931],[77.1274,43.7932],[77.1274,43.7933],[77.1274,43.7934],[77.1274,43.7934],[77.1274,43.7934],[77.1274,43.7934],[77.1274,43.7936],[77.1274,43.7936],[77.1274,43.7937],[77.1274,43.7937],[77.1274,43.7937],[77.1274,43.7939],[77.1274,43.7939],[77.1273,43.7941],[77.1273,43.7941],[77.1273,43.7941],[77.1272,43.7942],[77.1272,43.7942],[77.1272,43.7942],[77.127,43.7945],[77.1268,43.7948],[77.1266,43.7952],[77.1262,43.7957],[77.1262,43.7957],[77.126,43.796],[77.1266,43.7963],[77.1277,43.7968],[77.128,43.7965],[77.1285,43.7958],[77.129,43.795],[77.1292,43.7947],[77.1295,43.7942],[77.1299,43.7933],[77.1299,43.7932],[77.1299,43.7932],[77.1299,43.7932],[77.1299,43.7932],[77.13,43.7932],[77.13,43.7931],[77.13,43.7931],[77.13,43.7931],[77.13,43.7931],[77.13,43.7931],[77.13,43.7931],[77.13,43.7931],[77.13,43.7931],[77.13,43.7931],[77.13,43.793],[77.13,43.793],[77.13,43.793],[77.13,43.793],[77.13,43.793],[77.13,43.793],[77.13,43.793],[77.13,43.793],[77.13,43.793],[77.13,43.7929],[77.13,43.7929],[77.13,43.7929],[77.13,43.7929],[77.13,43.7929],[77.13,43.7929],[77.13,43.7929],[77.13,43.7929],[77.1301,43.7929],[77.1301,43.7929],[77.1301,43.7928],[77.1301,43.7928],[77.1301,43.7928],[77.1301,43.7928],[77.1301,43.7928],[77.1301,43.7928],[77.1301,43.7928],[77.1301,43.7928],[77.1301,43.7927],[77.1301,43.7927],[77.1301,43.7927],[77.1301,43.7927],[77.1301,43.7927],[77.1301,43.7927],[77.1301,43.7927],[77.1301,43.7927],[77.1301,43.7926],[77.1301,43.7926],[77.1301,43.7926],[77.1301,43.7926],[77.1301,43.7926],[77.1301,43.7926],[77.1301,43.7926],[77.1301,43.7926],[77.1301,43.7925],[77.1301,43.7925],[77.1301,43.7925],[77.1301,43.7925],[77.1301,43.7925],[77.1301,43.7925],[77.1301,43.7925],[77.1301,43.7925],[77.1301,43.7925],[77.1301,43.7924],[77.1301,43.7924],[77.1301,43.7924],[77.1301,43.7924],[77.1301,43.7924],[77.1301,43.7924],[77.1301,43.7924],[77.1301,43.7924],[77.1301,43.7923],[77.1301,43.7923],[77.1301,43.7923],[77.1301,43.7923],[77.1301,43.7923],[77.1301,43.7923],[77.1301,43.7923],[77.1301,43.7923],[77.1301,43.7923],[77.1301,43.7923],[77.1301,43.7922],[77.1301,43.7922],[77.1301,43.7922],[77.1301,43.7922],[77.1301,43.7922],[77.1301,43.7922],[77.13,43.7922],[77.13,43.7922],[77.13,43.7922],[77.13,43.7921],[77.13,43.7921],[77.13,43.7921],[77.13,43.7921],[77.13,43.7921],[77.13,43.7921],[77.13,43.7921],[77.13,43.7921],[77.13,43.792],[77.13,43.792],[77.13,43.792],[77.13,43.792],[77.13,43.792],[77.13,43.792],[77.13,43.792],[77.13,43.792],[77.13,43.792],[77.13,43.7919],[77.13,43.7919],[77.13,43.7919],[77.13,43.7919],[77.13,43.7919],[77.13,43.7919],[77.1299,43.7919],[77.1299,43.7919],[77.1299,43.7919],[77.1299,43.7918],[77.1299,43.7918],[77.1299,43.7918],[77.1299,43.7918],[77.1299,43.7918],[77.1299,43.7918],[77.1299,43.7918],[77.1299,43.7918],[77.1299,43.7918],[77.1299,43.7917],[77.1299,43.7917],[77.1299,43.7917],[77.1299,43.7917],[77.1299,43.7917],[77.1299,43.7917],[77.1298,43.7917],[77.1298,43.7917],[77.1298,43.7917],[77.1298,43.7917],[77.1298,43.7916],[77.1298,43.7916],[77.1298,43.7916],[77.1298,43.7916],[77.1298,43.7916],[77.1298,43.7916],[77.1298,43.7916],[77.1298,43.7916],[77.1298,43.7916],[77.1298,43.7915],[77.1297,43.7915],[77.1297,43.7915],[77.1297,43.7915],[77.1297,43.7915],[77.1297,43.7915],[77.1297,43.7915],[77.1297,43.7915],[77.1297,43.7915],[77.1297,43.7915],[77.1297,43.7914],[77.1297,43.7914],[77.1297,43.7914],[77.1296,43.7914],[77.1296,43.7914],[77.1296,43.7914],[77.1296,43.7914],[77.1296,43.7914],[77.1296,43.7914],[77.1296,43.7914],[77.1296,43.7913],[77.1296,43.7913],[77.1296,43.7913],[77.1296,43.7913],[77.1295,43.7913],[77.1295,43.7913],[77.1295,43.7913],[77.1295,43.7913],[77.1295,43.7913],[77.1295,43.7913],[77.1295,43.7913],[77.1295,43.7912],[77.1295,43.7912],[77.1295,43.7912],[77.1294,43.7912],[77.1294,43.7912],[77.1294,43.7912],[77.1294,43.7912],[77.1294,43.7912],[77.1294,43.7912],[77.1294,43.7912],[77.1294,43.7912],[77.1294,43.7911],[77.1294,43.7911],[77.1294,43.7911],[77.1293,43.7911],[77.1293,43.7911],[77.1293,43.7911],[77.1293,43.7911],[77.1293,43.7911],[77.1293,43.7911],[77.1293,43.7911],[77.1293,43.7911],[77.1293,43.7911],[77.1292,43.7911],[77.1292,43.791],[77.1292,43.791],[77.1292,43.791],[77.1292,43.791],[77.1292,43.791],[77.1292,43.791],[77.1292,43.791],[77.1291,43.791],[77.1291,43.791],[77.1291,43.791],[77.1291,43.791],[77.1291,43.791],[77.1291,43.7909],[77.1291,43.7909],[77.1291,43.7909],[77.1291,43.7909],[77.129,43.7909],[77.129,43.7909],[77.129,43.7909],[77.129,43.7909],[77.129,43.7909],[77.129,43.7909],[77.129,43.7909],[77.129,43.7909],[77.1289,43.7909],[77.1289,43.7909],[77.1289,43.7908],[77.1289,43.7908],[77.1289,43.7908],[77.1289,43.7908],[77.1289,43.7908],[77.1288,43.7908],[77.1288,43.7908],[77.1288,43.7908],[77.1288,43.7908],[77.1288,43.7908],[77.1288,43.7908],[77.1288,43.7908],[77.1288,43.7908],[77.1287,43.7908],[77.1287,43.7908],[77.1287,43.7908],[77.1287,43.7907],[77.1287,43.7907],[77.1287,43.7907],[77.1287,43.7907],[77.1286,43.7907],[77.1286,43.7907],[77.1286,43.7907],[77.1286,43.7907],[77.1286,43.7907],[77.1286,43.7907],[77.1286,43.7907],[77.1285,43.7907],[77.1285,43.7907],[77.1285,43.7907],[77.1285,43.7907],[77.1285,43.7907],[77.1285,43.7907],[77.1285,43.7907],[77.1284,43.7906],[77.1284,43.7906],[77.1284,43.7906],[77.1284,43.7906],[77.1284,43.7906],[77.1284,43.7906],[77.1284,43.7906],[77.1283,43.7906],[77.1283,43.7906],[77.1283,43.7906],[77.1283,43.7906],[77.1283,43.7906],[77.1283,43.7906],[77.1282,43.7906],[77.1282,43.7906],[77.1282,43.7906],[77.1282,43.7906],[77.1282,43.7906],[77.1282,43.7906],[77.1282,43.7906],[77.1281,43.7906],[77.1281,43.7906],[77.1281,43.7906],[77.1281,43.7905],[77.1281,43.7905],[77.1281,43.7905],[77.128,43.7905],[77.128,43.7905],[77.128,43.7905],[77.128,43.7905],[77.128,43.7905],[77.128,43.7905],[77.1256,43.7901],[77.1252,43.79],[77.1216,43.7893],[77.1209,43.7892],[77.1209,43.7891],[77.1208,43.7891],[77.1198,43.7889],[77.1198,43.7889],[77.1187,43.7885],[77.1187,43.7885],[77.1187,43.7885],[77.1177,43.7881],[77.1177,43.7881],[77.1168,43.7876],[77.1168,43.7876],[77.1165,43.7877],[77.1161,43.7878],[77.1157,43.7879],[77.1154,43.7881],[77.1151,43.7882],[77.1148,43.7884],[77.1147,43.7885],[77.1145,43.7886],[77.1144,43.7886],[77.1143,43.7887],[77.1142,43.7887],[77.1141,43.7887],[77.114,43.7888],[77.114,43.7888],[77.1139,43.7888],[77.1139,43.7889],[77.1138,43.7889],[77.1138,43.789],[77.1137,43.789],[77.1137,43.7891],[77.1137,43.7891],[77.1136,43.7892],[77.1135,43.7895],[77.1133,43.7898],[77.1131,43.7902],[77.1129,43.7905],[77.1126,43.7908],[77.1123,43.7911],[77.1121,43.7914],[77.112,43.7915],[77.1119,43.7918],[77.1118,43.7921],[77.1117,43.7925],[77.1116,43.7928],[77.1116,43.7932],[77.1116,43.7935],[77.1116,43.7938],[77.1116,43.7939],[77.1115,43.7941],[77.1114,43.7944],[77.1112,43.7947],[77.111,43.795],[77.1107,43.7955],[77.1104,43.796],[77.1102,43.7966],[77.11,43.7971],[77.1126,43.7979],[77.1128,43.7975],[77.1131,43.797],[77.1133,43.7965],[77.1135,43.7961],[77.1139,43.7952],[77.1142,43.7943],[77.1144,43.7934],[77.1146,43.7927],[77.1146,43.7927],[77.1148,43.7919],[77.1148,43.7919],[77.1152,43.7912],[77.1152,43.7912],[77.1153,43.7911],[77.1153,43.7911],[77.1154,43.7909],[77.1154,43.7909],[77.1155,43.7908],[77.1155,43.7908],[77.1157,43.7907],[77.1157,43.7906],[77.1158,43.7905],[77.1158,43.7905],[77.116,43.7904],[77.116,43.7904],[77.1162,43.7903],[77.1162,43.7903],[77.1164,43.7902],[77.1164,43.7902],[77.1166,43.7902],[77.1166,43.7901],[77.1169,43.7901],[77.1169,43.7901],[77.1171,43.79],[77.1171,43.79],[77.1173,43.79],[77.1173,43.79],[77.1176,43.79]]]],"type":"MultiPolygon"},"geometry_name":"shape","id":"gp_functional_zones.fid--7752831e_19fb67eabdc_63cf","properties":{"area":532043.86851239,"creation_doc_id":3613,"deactivation_doc_id":null,"func_zone_status_id":3,"ggk_zone_code":"11010000","ggk_zone_name":"Территория усадебной застройки","gp_func_zone_code":"11010000","gp_func_zone_code_id":19,"id":4725986,"zone_type_id":8},"type":"Feature"},{"bbox":[77.0935,43.7812,77.1,43.7843],"geometry":{"coordinates":[[[[77.1,43.782],[77.0935,43.7812],[77.0936,43.7813],[77.0942,43.7819],[77.0949,43.7825],[77.0956,43.783],[77.0964,43.7834],[77.0972,43.7838],[77.0981,43.7842],[77.0984,43.7843],[77.0994,43.7831],[77.0996,43.7827],[77.0998,43.7824],[77.1,43.782],[77.1,43.782]]]],"type":"MultiPolygon"},"geometry_name":"shape","id":"gp_functional_zones.fid--7752831e_19fb67eabdc_63d0","properties":{"area":86457.1056698487,"creation_doc_id":3613,"deactivation_doc_id":null,"func_zone_status_id":2,"ggk_zone_code":"11010000","ggk_zone_name":"Территория усадебной застройки","gp_func_zone_code":"11010000","gp_func_zone_code_id":19,"id":4725987,"zone_type_id":8},"type":"Feature"},{"bbox":[77.1081,43.7788,77.1118,43.7827],"geometry":{"coordinates":[[[[77.1095,43.7788],[77.1092,43.7788],[77.1089,43.7799],[77.1089,43.7799],[77.1087,43.7805],[77.1087,43.7806],[77.1085,43.7812],[77.1085,43.7814],[77.1083,43.7819],[77.1081,43.7825],[77.1081,43.7826],[77.1084,43.7827],[77.1089,43.7827],[77.1094,43.7827],[77.1098,43.7827],[77.1103,43.7826],[77.1107,43.7825],[77.1118,43.7823],[77.1117,43.782],[77.1113,43.7814],[77.1099,43.7789],[77.1095,43.7788]]]],"type":"MultiPolygon"},"geometry_name":"shape","id":"gp_functional_zones.fid--7752831e_19fb67eabdc_63d1","properties":{"area":76176.2647635936,"creation_doc_id":3613,"deactivation_doc_id":null,"func_zone_status_id":2,"ggk_zone_code":"11010000","ggk_zone_name":"Территория усадебной застройки","gp_func_zone_code":"11010000","gp_func_zone_code_id":19,"id":4725988,"zone_type_id":8},"type":"Feature"},{"bbox":[77.1053,43.7784,77.1088,43.7826],"geometry":{"coordinates":[[[[77.1087,43.7787],[77.1064,43.7784],[77.1057,43.781],[77.1056,43.7814],[77.1055,43.7818],[77.1054,43.7822],[77.1053,43.7823],[77.1077,43.7826],[77.1078,43.7824],[77.108,43.7818],[77.1081,43.7814],[77.1082,43.7812],[77.1083,43.7807],[77.1083,43.7805],[77.1085,43.7799],[77.1087,43.7791],[77.1088,43.7787],[77.1087,43.7787]]]],"type":"MultiPolygon"},"geometry_name":"shape","id":"gp_functional_zones.fid--7752831e_19fb67eabdc_63d2","properties":{"area":87030.5942050186,"creation_doc_id":3613,"deactivation_doc_id":null,"func_zone_status_id":2,"ggk_zone_code":"11010000","ggk_zone_name":"Территория усадебной застройки","gp_func_zone_code":"11010000","gp_func_zone_code_id":19,"id":4725989,"zone_type_id":8},"type":"Feature"},{"bbox":[77.1025,43.7781,77.1056,43.7822],"geometry":{"coordinates":[[[[77.1056,43.7783],[77.1035,43.7781],[77.1025,43.782],[77.1046,43.7822],[77.1046,43.782],[77.1048,43.7817],[77.1049,43.7813],[77.105,43.7809],[77.1056,43.7783]]]],"type":"MultiPolygon"},"geometry_name":"shape","id":"gp_functional_zones.fid--7752831e_19fb67eabdc_63d3","properties":{"area":76190.3680510876,"creation_doc_id":3613,"deactivation_doc_id":null,"func_zone_status_id":2,"ggk_zone_code":"11010000","ggk_zone_name":"Территория усадебной застройки","gp_func_zone_code":"11010000","gp_func_zone_code_id":19,"id":4725990,"zone_type_id":8},"type":"Feature"},{"bbox":[77.1006,43.7778,77.1033,43.782],"geometry":{"coordinates":[[[[77.1033,43.778],[77.1016,43.7778],[77.101,43.7801],[77.1006,43.7817],[77.1006,43.7817],[77.1006,43.7818],[77.1023,43.782],[77.1033,43.778]]]],"type":"MultiPolygon"},"geometry_name":"shape","id":"gp_functional_zones.fid--7752831e_19fb67eabdc_63d4","properties":{"area":61645.5673653539,"creation_doc_id":3613,"deactivation_doc_id":null,"func_zone_status_id":2,"ggk_zone_code":"11010000","ggk_zone_name":"Территория усадебной застройки","gp_func_zone_code":"11010000","gp_func_zone_code_id":19,"id":4725991,"zone_type_id":8},"type":"Feature"},{"bbox":[77.0983,43.7799,77.1005,43.7817],"geometry":{"coordinates":[[[[77.1005,43.7801],[77.0987,43.7799],[77.0983,43.7815],[77.1001,43.7817],[77.1001,43.7816],[77.1005,43.7801]]]],"type":"MultiPolygon"},"geometry_name":"shape","id":"gp_functional_zones.fid--7752831e_19fb67eabdc_63d5","properties":{"area":26133.0230968184,"creation_doc_id":3613,"deactivation_doc_id":null,"func_zone_status_id":2,"ggk_zone_code":"11010000","ggk_zone_name":"Территория усадебной застройки","gp_func_zone_code":"11010000","gp_func_zone_code_id":19,"id":4725992,"zone_type_id":8},"type":"Feature"},{"bbox":[77.0969,43.7807,77.0982,43.7815],"geometry":{"coordinates":[[[[77.0981,43.7815],[77.0982,43.7808],[77.0982,43.7808],[77.0974,43.7807],[77.0975,43.7809],[77.0974,43.7812],[77.0969,43.7811],[77.0969,43.7814],[77.0981,43.7815]]]],"type":"MultiPolygon"},"geometry_name":"shape","id":"gp_functional_zones.fid--7752831e_19fb67eabdc_63d6","properties":{"area":5631.56763338359,"creation_doc_id":3613,"deactivation_doc_id":null,"func_zone_status_id":2,"ggk_zone_code":"11010000","ggk_zone_name":"Территория усадебной застройки","gp_func_zone_code":"11010000","gp_func_zone_code_id":19,"id":4725993,"zone_type_id":8},"type":"Feature"},{"bbox":[77.0949,43.7794,77.0971,43.7813],"geometry":{"coordinates":[[[[77.0971,43.7796],[77.0954,43.7794],[77.0949,43.7811],[77.0966,43.7813],[77.0971,43.7796]]]],"type":"MultiPolygon"},"geometry_name":"shape","id":"gp_functional_zones.fid--7752831e_19fb67eabdc_63d7","properties":{"area":26389.0562630509,"creation_doc_id":3613,"deactivation_doc_id":null,"func_zone_status_id":2,"ggk_zone_code":"11010000","ggk_zone_name":"Территория усадебной застройки","gp_func_zone_code":"11010000","gp_func_zone_code_id":19,"id":4725994,"zone_type_id":8},"type":"Feature"},{"bbox":[77.093,43.7792,77.0951,43.7811],"geometry":{"coordinates":[[[[77.0951,43.7794],[77.0934,43.7792],[77.0931,43.7803],[77.093,43.7806],[77.0931,43.7807],[77.0931,43.7807],[77.0933,43.7809],[77.0947,43.7811],[77.0951,43.7794]]]],"type":"MultiPolygon"},"geometry_name":"shape","id":"gp_functional_zones.fid--7752831e_19fb67eabdc_63d8","properties":{"area":27260.6700489859,"creation_doc_id":3613,"deactivation_doc_id":null,"func_zone_status_id":2,"ggk_zone_code":"11010000","ggk_zone_name":"Территория усадебной застройки","gp_func_zone_code":"11010000","gp_func_zone_code_id":19,"id":4725995,"zone_type_id":8},"type":"Feature"},{"bbox":[77.0907,43.7764,77.0937,43.7803],"geometry":{"coordinates":[[[[77.093,43.7767],[77.0907,43.7764],[77.0927,43.7801],[77.0928,43.7803],[77.0929,43.7803],[77.0932,43.779],[77.0937,43.7768],[77.093,43.7767]]]],"type":"MultiPolygon"},"geometry_name":"shape","id":"gp_functional_zones.fid--7752831e_19fb67eabdc_63d9","properties":{"area":49882.961134039,"creation_doc_id":3613,"deactivation_doc_id":null,"func_zone_status_id":2,"ggk_zone_code":"11010000","ggk_zone_name":"Территория усадебной застройки","gp_func_zone_code":"11010000","gp_func_zone_code_id":19,"id":4725996,"zone_type_id":8},"type":"Feature"},{"bbox":[77.0988,43.7775,77.1011,43.78],"geometry":{"coordinates":[[[[77.1008,43.7777],[77.0993,43.7775],[77.0988,43.7797],[77.1005,43.78],[77.1011,43.7777],[77.1008,43.7777]]]],"type":"MultiPolygon"},"geometry_name":"shape","id":"gp_functional_zones.fid--7752831e_19fb67eabdc_63da","properties":{"area":36597.142508526,"creation_doc_id":3613,"deactivation_doc_id":null,"func_zone_status_id":2,"ggk_zone_code":"11010000","ggk_zone_name":"Территория усадебной застройки","gp_func_zone_code":"11010000","gp_func_zone_code_id":19,"id":4725997,"zone_type_id":8},"type":"Feature"},{"bbox":[77.0954,43.777,77.0976,43.7795],"geometry":{"coordinates":[[[[77.0976,43.7773],[77.0959,43.777],[77.0954,43.7792],[77.0971,43.7795],[77.0976,43.7773]]]],"type":"MultiPolygon"},"geometry_name":"shape","id":"gp_functional_zones.fid--7752831e_19fb67eabdc_63db","properties":{"area":34399.3729313962,"creation_doc_id":3613,"deactivation_doc_id":null,"func_zone_status_id":2,"ggk_zone_code":"11010000","ggk_zone_name":"Территория усадебной застройки","gp_func_zone_code":"11010000","gp_func_zone_code_id":19,"id":4725998,"zone_type_id":8},"type":"Feature"},{"bbox":[77.0934,43.7768,77.0957,43.7792],"geometry":{"coordinates":[[[[77.0957,43.777],[77.094,43.7768],[77.0934,43.779],[77.0952,43.7792],[77.0957,43.777]]]],"type":"MultiPolygon"},"geometry_name":"shape","id":"gp_functional_zones.fid--7752831e_19fb67eabdc_63dc","properties":{"area":35256.5326006751,"creation_doc_id":3613,"deactivation_doc_id":null,"func_zone_status_id":2,"ggk_zone_code":"11010000","ggk_zone_name":"Территория усадебной застройки","gp_func_zone_code":"11010000","gp_func_zone_code_id":19,"id":4725999,"zone_type_id":8},"type":"Feature"},{"bbox":[77.1064,43.7752,77.1096,43.7785],"geometry":{"coordinates":[[[[77.1072,43.7752],[77.1072,43.7752],[77.1064,43.7781],[77.1088,43.7784],[77.1091,43.7784],[77.1095,43.7785],[77.1096,43.7785],[77.1095,43.7783],[77.1092,43.7778],[77.1085,43.7765],[77.1083,43.7762],[77.1082,43.776],[77.108,43.7758],[77.1077,43.7756],[77.1075,43.7754],[77.1072,43.7752]]]],"type":"MultiPolygon"},"geometry_name":"shape","id":"gp_functional_zones.fid--7752831e_19fb67eabdc_63dd","properties":{"area":48606.2171700948,"creation_doc_id":3613,"deactivation_doc_id":null,"func_zone_status_id":2,"ggk_zone_code":"11010000","ggk_zone_name":"Территория усадебной застройки","gp_func_zone_code":"11010000","gp_func_zone_code_id":19,"id":4726000,"zone_type_id":8},"type":"Feature"},{"bbox":[77.1036,43.7745,77.1065,43.778],"geometry":{"coordinates":[[[[77.1053,43.7746],[77.1044,43.7745],[77.1036,43.7777],[77.1057,43.778],[77.1065,43.7749],[77.1063,43.7749],[77.106,43.7748],[77.1057,43.7747],[77.1053,43.7746]]]],"type":"MultiPolygon"},"geometry_name":"shape","id":"gp_functional_zones.fid--7752831e_19fb67eabdc_63de","properties":{"area":61661.7093828971,"creation_doc_id":3613,"deactivation_doc_id":null,"func_zone_status_id":2,"ggk_zone_code":"11010000","ggk_zone_name":"Территория усадебной застройки","gp_func_zone_code":"11010000","gp_func_zone_code_id":19,"id":4726001,"zone_type_id":8},"type":"Feature"},{"bbox":[77.1017,43.7743,77.1042,43.7777],"geometry":{"coordinates":[[[[77.1042,43.7745],[77.1024,43.7743],[77.1017,43.7774],[77.1034,43.7777],[77.1042,43.7745]]]],"type":"MultiPolygon"},"geometry_name":"shape","id":"gp_functional_zones.fid--7752831e_19fb67eabdc_63df","properties":{"area":49048.0324067657,"creation_doc_id":3613,"deactivation_doc_id":null,"func_zone_status_id":2,"ggk_zone_code":"11010000","ggk_zone_name":"Территория усадебной застройки","gp_func_zone_code":"11010000","gp_func_zone_code_id":19,"id":4726002,"zone_type_id":8},"type":"Feature"},{"bbox":[77.0994,43.7741,77.1019,43.7774],"geometry":{"coordinates":[[[[77.1019,43.7743],[77.1002,43.7741],[77.0994,43.7771],[77.1009,43.7773],[77.1012,43.7774],[77.1019,43.7743]]]],"type":"MultiPolygon"},"geometry_name":"shape","id":"gp_functional_zones.fid--7752831e_19fb67eabdc_63e0","properties":{"area":50119.4735407904,"creation_doc_id":3613,"deactivation_doc_id":null,"func_zone_status_id":2,"ggk_zone_code":"11010000","ggk_zone_name":"Территория усадебной застройки","gp_func_zone_code":"11010000","gp_func_zone_code_id":19,"id":4726003,"zone_type_id":8},"type":"Feature"},{"bbox":[77.0981,43.774,77.0999,43.7771],"geometry":{"coordinates":[[[[77.0999,43.7741],[77.0987,43.774],[77.0981,43.7763],[77.0989,43.7764],[77.0987,43.777],[77.0992,43.7771],[77.0999,43.7741]]]],"type":"MultiPolygon"},"geometry_name":"shape","id":"gp_functional_zones.fid--7752831e_19fb67eabdc_63e1","properties":{"area":28752.924987499,"creation_doc_id":3613,"deactivation_doc_id":null,"func_zone_status_id":2,"ggk_zone_code":"11010000","ggk_zone_name":"Территория усадебной застройки","gp_func_zone_code":"11010000","gp_func_zone_code_id":19,"id":4726004,"zone_type_id":8},"type":"Feature"},{"bbox":[77.096,43.7737,77.0985,43.7769],"geometry":{"coordinates":[[[[77.0985,43.7739],[77.0967,43.7737],[77.0966,43.7744],[77.096,43.7767],[77.0977,43.7769],[77.0979,43.7763],[77.0985,43.7739]]]],"type":"MultiPolygon"},"geometry_name":"shape","id":"gp_functional_zones.fid--7752831e_19fb67eabdc_63e2","properties":{"area":46971.5382988128,"creation_doc_id":3613,"deactivation_doc_id":null,"func_zone_status_id":2,"ggk_zone_code":"11010000","ggk_zone_name":"Территория усадебной застройки","gp_func_zone_code":"11010000","gp_func_zone_code_id":19,"id":4726005,"zone_type_id":8},"type":"Feature"},{"bbox":[77.094,43.7743,77.0963,43.7767],"geometry":{"coordinates":[[[[77.0963,43.7745],[77.0946,43.7743],[77.094,43.7764],[77.0958,43.7767],[77.0963,43.7745]]]],"type":"MultiPolygon"},"geometry_name":"shape","id":"gp_functional_zones.fid--7752831e_19fb67eabdc_63e3","properties":{"area":34293.2578832989,"creation_doc_id":3613,"deactivation_doc_id":null,"func_zone_status_id":2,"ggk_zone_code":"11010000","ggk_zone_name":"Территория усадебной застройки","gp_func_zone_code":"11010000","gp_func_zone_code_id":19,"id":4726006,"zone_type_id":8},"type":"Feature"},{"bbox":[77.09,43.7738,77.0943,43.7764],"geometry":{"coordinates":[[[[77.0907,43.7738],[77.0906,43.7742],[77.0905,43.7751],[77.0902,43.775],[77.09,43.7751],[77.0903,43.7756],[77.0903,43.7756],[77.0905,43.776],[77.0931,43.7763],[77.0938,43.7764],[77.0943,43.7743],[77.0907,43.7738]]]],"type":"MultiPolygon"},"geometry_name":"shape","id":"gp_functional_zones.fid--7752831e_19fb67eabdc_63e4","properties":{"area":69979.9772392543,"creation_doc_id":3613,"deactivation_doc_id":null,"func_zone_status_id":2,"ggk_zone_code":"11010000","ggk_zone_name":"Территория усадебной застройки","gp_func_zone_code":"11010000","gp_func_zone_code_id":19,"id":4726007,"zone_type_id":8},"type":"Feature"},{"bbox":[77.0932,43.7718,77.1069,43.7745],"geometry":{"coordinates":[[[[77.1064,43.773],[77.1056,43.7727],[77.1048,43.7725],[77.1044,43.7723],[77.1037,43.7718],[77.1034,43.7718],[77.103,43.7719],[77.1028,43.7719],[77.1028,43.7719],[77.1022,43.7719],[77.1018,43.772],[77.1017,43.772],[77.1013,43.7721],[77.1013,43.7721],[77.1008,43.7722],[77.1003,43.7724],[77.0999,43.7725],[77.0998,43.7726],[77.0996,43.7727],[77.0995,43.7728],[77.0991,43.773],[77.0986,43.7729],[77.0983,43.7728],[77.0979,43.7727],[77.0979,43.7726],[77.0976,43.7725],[77.0974,43.7722],[77.0974,43.772],[77.0973,43.772],[77.0972,43.7719],[77.0968,43.7718],[77.0961,43.7718],[77.0955,43.7719],[77.0954,43.7721],[77.0952,43.7722],[77.095,43.7724],[77.0949,43.7725],[77.0948,43.7727],[77.0946,43.7728],[77.0944,43.7729],[77.0941,43.7729],[77.0939,43.7729],[77.0934,43.7729],[77.0932,43.773],[77.0932,43.773],[77.0967,43.7734],[77.0987,43.7736],[77.1001,43.7737],[77.1023,43.774],[77.1044,43.7742],[77.1054,43.7743],[77.1054,43.7743],[77.1058,43.7743],[77.1058,43.7743],[77.1062,43.7744],[77.1062,43.7744],[77.1062,43.7744],[77.1065,43.7745],[77.1066,43.7745],[77.1066,43.7745],[77.1067,43.7741],[77.1068,43.7736],[77.1069,43.7731],[77.1068,43.7731],[77.1064,43.773]]]],"type":"MultiPolygon"},"geometry_name":"shape","id":"gp_functional_zones.fid--7752831e_19fb67eabdc_63e5","properties":{"area":163684.386270929,"creation_doc_id":3613,"deactivation_doc_id":null,"func_zone_status_id":2,"ggk_zone_code":"11010000","ggk_zone_name":"Территория усадебной застройки","gp_func_zone_code":"11010000","gp_func_zone_code_id":19,"id":4726008,"zone_type_id":8},"type":"Feature"},{"bbox":[77.0913,43.7732,77.0965,43.7743],"geometry":{"coordinates":[[[[77.0914,43.7732],[77.0913,43.7737],[77.0963,43.7743],[77.0965,43.7737],[77.0914,43.7732]]]],"type":"MultiPolygon"},"geometry_name":"shape","id":"gp_functional_zones.fid--7752831e_19fb67eabdc_63e6","properties":{"area":26618.141650715,"creation_doc_id":3613,"deactivation_doc_id":null,"func_zone_status_id":2,"ggk_zone_code":"11010000","ggk_zone_name":"Территория усадебной застройки","gp_func_zone_code":"11010000","gp_func_zone_code_id":19,"id":4726009,"zone_type_id":8},"type":"Feature"},{"bbox":[76.9521,43.4222,76.9551,43.4253],"geometry":{"coordinates":[[[[76.9544,43.4239],[76.9532,43.4222],[76.9529,43.4223],[76.9527,43.4224],[76.9526,43.4224],[76.9524,43.4224],[76.9524,43.4224],[76.9524,43.4224],[76.9521,43.4225],[76.9522,43.4226],[76.9522,43.4226],[76.9526,43.4231],[76.9526,43.4232],[76.9529,43.4236],[76.9532,43.4241],[76.9532,43.4241],[76.9537,43.4248],[76.9539,43.425],[76.9541,43.4253],[76.9551,43.425],[76.9544,43.4239]]]],"type":"MultiPolygon"},"geometry_name":"shape","id":"gp_functional_zones.fid--7752831e_19fb67eabdc_6400","properties":{"area":31519.4278038626,"creation_doc_id":3613,"deactivation_doc_id":null,"func_zone_status_id":2,"ggk_zone_code":"11010000","ggk_zone_name":"Территория усадебной застройки","gp_func_zone_code":"11010000","gp_func_zone_code_id":19,"id":4726036,"zone_type_id":8},"type":"Feature"},{"bbox":[76.9573,43.4236,76.9592,43.4257],"geometry":{"coordinates":[[[[76.9583,43.4239],[76.9573,43.4236],[76.9583,43.4257],[76.9585,43.4256],[76.9586,43.4256],[76.9586,43.4256],[76.9587,43.4256],[76.9587,43.4256],[76.9587,43.4256],[76.9587,43.4256],[76.9587,43.4256],[76.9587,43.4256],[76.9587,43.4256],[76.9588,43.4256],[76.9588,43.4256],[76.9588,43.4256],[76.9588,43.4256],[76.9588,43.4256],[76.9588,43.4256],[76.9589,43.4256],[76.9589,43.4256],[76.9589,43.4256],[76.9589,43.4256],[76.9589,43.4256],[76.9589,43.4256],[76.959,43.4256],[76.959,43.4256],[76.959,43.4256],[76.959,43.4256],[76.959,43.4256],[76.959,43.4256],[76.959,43.4256],[76.9591,43.4256],[76.9591,43.4256],[76.9591,43.4256],[76.9591,43.4256],[76.9591,43.4255],[76.9591,43.4255],[76.9592,43.4255],[76.9592,43.4255],[76.9583,43.4239]]]],"type":"MultiPolygon"},"geometry_name":"shape","id":"gp_functional_zones.fid--7752831e_19fb67eabdc_64d6","properties":{"area":14841.2234223409,"creation_doc_id":3613,"deactivation_doc_id":null,"func_zone_status_id":2,"ggk_zone_code":"11010000","ggk_zone_name":"Территория усадебной застройки","gp_func_zone_code":"11010000","gp_func_zone_code_id":19,"id":4726251,"zone_type_id":8},"type":"Feature"},{"bbox":[76.9647,43.4207,76.9662,43.4227],"geometry":{"coordinates":[[[[76.9662,43.4222],[76.9657,43.4207],[76.9657,43.4207],[76.9648,43.4209],[76.9647,43.4209],[76.9647,43.4209],[76.9648,43.4212],[76.9653,43.421],[76.9661,43.4227],[76.9661,43.4227],[76.9662,43.4226],[76.9662,43.4225],[76.9662,43.4224],[76.9662,43.4224],[76.9662,43.4223],[76.9662,43.4222]]]],"type":"MultiPolygon"},"geometry_name":"shape","id":"gp_functional_zones.fid--7752831e_19fb67eabdc_656f","properties":{"area":7919.39233468283,"creation_doc_id":3613,"deactivation_doc_id":null,"func_zone_status_id":2,"ggk_zone_code":"11010000","ggk_zone_name":"Территория усадебной застройки","gp_func_zone_code":"11010000","gp_func_zone_code_id":19,"id":4726404,"zone_type_id":8},"type":"Feature"},{"bbox":[76.9655,43.423,76.9671,43.4249],"geometry":{"coordinates":[[[[76.9671,43.4248],[76.9663,43.423],[76.9663,43.423],[76.9663,43.423],[76.9663,43.423],[76.9662,43.4231],[76.9662,43.4231],[76.9661,43.4231],[76.9661,43.4232],[76.966,43.4232],[76.966,43.4232],[76.9659,43.4233],[76.9659,43.4233],[76.9658,43.4233],[76.9655,43.4234],[76.966,43.4244],[76.9667,43.4249],[76.9671,43.4248]]]],"type":"MultiPolygon"},"geometry_name":"shape","id":"gp_functional_zones.fid--7752831e_19fb67eabdc_6570","properties":{"area":12999.7846729742,"creation_doc_id":3613,"deactivation_doc_id":null,"func_zone_status_id":3,"ggk_zone_code":"11010000","ggk_zone_name":"Территория усадебной застройки","gp_func_zone_code":"11010000","gp_func_zone_code_id":19,"id":4726405,"zone_type_id":8},"type":"Feature"},{"bbox":[76.9636,43.4191,76.9647,43.4208],"geometry":{"coordinates":[[[76.9636,43.4193],[76.9637,43.4196],[76.9638,43.4198],[76.9642,43.4206],[76.9642,43.4208],[76.9644,43.4207],[76.9647,43.4207],[76.9646,43.4205],[76.9642,43.42],[76.9636,43.4192],[76.9636,43.4193]]],"type":"Polygon"},"geometry_name":"shape","id":"gp_functional_zones.fid--7752831e_19fb67eabdc_6571","properties":{"area":4450.30442311128,"creation_doc_id":3613,"deactivation_doc_id":null,"func_zone_status_id":3,"ggk_zone_code":"11010000","ggk_zone_name":"Территория усадебной застройки","gp_func_zone_code":"11010000","gp_func_zone_code_id":19,"id":4726406,"zone_type_id":8},"type":"Feature"},{"bbox":[76.9643,43.4209,76.9661,43.4231],"geometry":{"coordinates":[[[[76.9661,43.4227],[76.9653,43.421],[76.9648,43.4212],[76.9647,43.4209],[76.9647,43.4209],[76.9645,43.4209],[76.9645,43.4209],[76.9643,43.4209],[76.9649,43.4221],[76.9653,43.4229],[76.9654,43.4231],[76.9657,43.423],[76.9657,43.423],[76.9658,43.423],[76.9659,43.4229],[76.966,43.4228],[76.966,43.4228],[76.9661,43.4227],[76.9661,43.4227]]]],"type":"MultiPolygon"},"geometry_name":"shape","id":"gp_functional_zones.fid--7752831e_19fb67eabdc_6572","properties":{"area":16121.8410248996,"creation_doc_id":3613,"deactivation_doc_id":null,"func_zone_status_id":3,"ggk_zone_code":"11010000","ggk_zone_name":"Территория усадебной застройки","gp_func_zone_code":"11010000","gp_func_zone_code_id":19,"id":4726407,"zone_type_id":8},"type":"Feature"},{"bbox":[76.9505,43.3797,76.9533,43.3817],"geometry":{"coordinates":[[[[76.9511,43.3798],[76.9505,43.3797],[76.9526,43.3817],[76.9533,43.3813],[76.9519,43.3799],[76.9518,43.3799],[76.9517,43.3799],[76.9511,43.3798]]]],"type":"MultiPolygon"},"geometry_name":"shape","id":"gp_functional_zones.fid--7752831e_19fb67eabdc_6669","properties":{"area":16628.6292099864,"creation_doc_id":3613,"deactivation_doc_id":null,"func_zone_status_id":2,"ggk_zone_code":"11010000","ggk_zone_name":"Территория усадебной застройки","gp_func_zone_code":"11010000","gp_func_zone_code_id":19,"id":4726684,"zone_type_id":8},"type":"Feature"},{"bbox":[76.9492,43.3796,76.9524,43.3822],"geometry":{"coordinates":[[[[76.9501,43.3796],[76.95,43.3796],[76.95,43.3796],[76.95,43.3796],[76.9492,43.3798],[76.9492,43.3798],[76.9517,43.3822],[76.9524,43.3818],[76.9502,43.3796],[76.9501,43.3796],[76.9501,43.3796]]]],"type":"MultiPolygon"},"geometry_name":"shape","id":"gp_functional_zones.fid--7752831e_19fb67eabdc_666a","properties":{"area":25430.6489299185,"creation_doc_id":3613,"deactivation_doc_id":null,"func_zone_status_id":2,"ggk_zone_code":"11010000","ggk_zone_name":"Территория усадебной застройки","gp_func_zone_code":"11010000","gp_func_zone_code_id":19,"id":4726685,"zone_type_id":8},"type":"Feature"},{"bbox":[77.1312,43.6879,77.1326,43.6919],"geometry":{"coordinates":[[[[77.1326,43.6918],[77.1326,43.6918],[77.1326,43.6915],[77.1325,43.6909],[77.1321,43.6896],[77.132,43.6895],[77.132,43.6895],[77.1316,43.6879],[77.1312,43.688],[77.1315,43.6895],[77.1315,43.6897],[77.1315,43.6897],[77.1316,43.6901],[77.1319,43.6919],[77.1326,43.6918]]]],"type":"MultiPolygon"},"geometry_name":"shape","id":"gp_functional_zones.fid--7752831e_19fb67eabdc_66a1","properties":{"area":21268.3313400537,"creation_doc_id":3613,"deactivation_doc_id":null,"func_zone_status_id":2,"ggk_zone_code":"11010000","ggk_zone_name":"Территория усадебной застройки","gp_func_zone_code":"11010000","gp_func_zone_code_id":19,"id":4726743,"zone_type_id":8},"type":"Feature"},{"bbox":[77.1281,43.6762,77.1296,43.6792],"geometry":{"coordinates":[[[[77.1281,43.6763],[77.1282,43.6765],[77.1283,43.6767],[77.1284,43.6769],[77.1281,43.6762],[77.1281,43.6763]]],[[[77.1289,43.678],[77.1294,43.6792],[77.1294,43.6791],[77.1296,43.6791],[77.1284,43.6769],[77.1285,43.6771],[77.1289,43.678]]]],"type":"MultiPolygon"},"geometry_name":"shape","id":"gp_functional_zones.fid--7752831e_19fb67eabdc_66a2","properties":{"area":2332.15054407116,"creation_doc_id":3613,"deactivation_doc_id":null,"func_zone_status_id":2,"ggk_zone_code":"11010000","ggk_zone_name":"Территория усадебной застройки","gp_func_zone_code":"11010000","gp_func_zone_code_id":19,"id":4726744,"zone_type_id":8},"type":"Feature"},{"bbox":[77.1225,43.6782,77.1248,43.6818],"geometry":{"coordinates":[[[[77.1238,43.6784],[77.1238,43.6782],[77.1237,43.6782],[77.1236,43.6783],[77.1225,43.6785],[77.1226,43.6789],[77.1227,43.6791],[77.123,43.6799],[77.1231,43.6802],[77.1231,43.6804],[77.1231,43.6804],[77.1231,43.6804],[77.1232,43.6806],[77.1235,43.6815],[77.1236,43.6817],[77.1236,43.6818],[77.1236,43.6818],[77.1236,43.6818],[77.1236,43.6818],[77.1236,43.6818],[77.1236,43.6818],[77.1236,43.6818],[77.1236,43.6818],[77.1236,43.6818],[77.1236,43.6818],[77.1236,43.6818],[77.1236,43.6818],[77.1236,43.6818],[77.1236,43.6818],[77.1239,43.6817],[77.1242,43.6816],[77.1244,43.6816],[77.1244,43.6816],[77.1245,43.6815],[77.1246,43.6815],[77.1247,43.6814],[77.1248,43.6814],[77.1248,43.6814],[77.1245,43.6805],[77.1245,43.6804],[77.1244,43.6803],[77.1244,43.6802],[77.1244,43.6801],[77.1243,43.68],[77.1243,43.6799],[77.1241,43.6793],[77.1241,43.6793],[77.1239,43.6786],[77.1238,43.6785],[77.1238,43.6785],[77.1238,43.6784]]]],"type":"MultiPolygon"},"geometry_name":"shape","id":"gp_functional_zones.fid--7752831e_19fb67eabdc_66a3","properties":{"area":39403.3621379628,"creation_doc_id":3613,"deactivation_doc_id":null,"func_zone_status_id":2,"ggk_zone_code":"11010000","ggk_zone_name":"Территория усадебной застройки","gp_func_zone_code":"11010000","gp_func_zone_code_id":19,"id":4726745,"zone_type_id":8},"type":"Feature"},{"bbox":[77.1222,43.6728,77.1249,43.678],"geometry":{"coordinates":[[[[77.1237,43.6749],[77.1237,43.6749],[77.1233,43.6742],[77.1233,43.6741],[77.1231,43.6737],[77.123,43.6734],[77.1228,43.6731],[77.1226,43.6728],[77.1226,43.6728],[77.1222,43.6728],[77.1225,43.6736],[77.1225,43.6736],[77.1229,43.675],[77.1229,43.6751],[77.1229,43.6751],[77.1229,43.6751],[77.1229,43.6753],[77.123,43.6756],[77.1231,43.676],[77.1234,43.6767],[77.1235,43.677],[77.1236,43.6771],[77.1237,43.6773],[77.1237,43.6773],[77.1239,43.6776],[77.1239,43.6776],[77.1239,43.6776],[77.1239,43.6776],[77.1239,43.6778],[77.1239,43.678],[77.1239,43.678],[77.1246,43.6779],[77.1246,43.6779],[77.1246,43.6779],[77.1249,43.6779],[77.1249,43.6779],[77.1249,43.6776],[77.1248,43.6774],[77.1248,43.6771],[77.1246,43.6769],[77.1246,43.6769],[77.1246,43.6769],[77.1245,43.6768],[77.1244,43.6765],[77.1244,43.6765],[77.1241,43.6759],[77.124,43.6756],[77.1238,43.6752],[77.1238,43.6752],[77.1237,43.6749]]]],"type":"MultiPolygon"},"geometry_name":"shape","id":"gp_functional_zones.fid--7752831e_19fb67eabdc_66a4","properties":{"area":40469.9614968036,"creation_doc_id":3613,"deactivation_doc_id":null,"func_zone_status_id":2,"ggk_zone_code":"11010000","ggk_zone_name":"Территория усадебной застройки","gp_func_zone_code":"11010000","gp_func_zone_code_id":19,"id":4726746,"zone_type_id":8},"type":"Feature"},{"bbox":[77.1212,43.671,77.1226,43.675],"geometry":{"coordinates":[[[[77.1213,43.671],[77.1212,43.671],[77.1213,43.6713],[77.1213,43.6713],[77.1217,43.6725],[77.1217,43.6725],[77.1218,43.6728],[77.1226,43.675],[77.1224,43.6742],[77.1222,43.6736],[77.1219,43.6729],[77.1219,43.6728],[77.1219,43.6728],[77.1219,43.6728],[77.1219,43.6728],[77.1219,43.6727],[77.1219,43.6727],[77.122,43.6727],[77.122,43.6727],[77.122,43.6727],[77.122,43.6727],[77.122,43.6727],[77.1225,43.6726],[77.1225,43.6725],[77.1221,43.6717],[77.1215,43.6712],[77.1214,43.6711],[77.1213,43.671],[77.1213,43.671]]]],"type":"MultiPolygon"},"geometry_name":"shape","id":"gp_functional_zones.fid--7752831e_19fb67eabdc_66a5","properties":{"area":10065.6711852502,"creation_doc_id":3613,"deactivation_doc_id":null,"func_zone_status_id":2,"ggk_zone_code":"11010000","ggk_zone_name":"Территория усадебной застройки","gp_func_zone_code":"11010000","gp_func_zone_code_id":19,"id":4726747,"zone_type_id":8},"type":"Feature"},{"bbox":[77.0887,43.6747,77.091,43.6801],"geometry":{"coordinates":[[[[77.0908,43.6775],[77.091,43.6747],[77.0907,43.6748],[77.0907,43.6748],[77.0907,43.6748],[77.0907,43.6748],[77.0907,43.6748],[77.0907,43.6748],[77.0907,43.6748],[77.0907,43.6748],[77.0907,43.6748],[77.0906,43.6748],[77.0906,43.6748],[77.0906,43.6748],[77.0906,43.6748],[77.0906,43.6748],[77.0906,43.6748],[77.0906,43.6748],[77.0905,43.6748],[77.0905,43.6748],[77.0905,43.6748],[77.0905,43.6749],[77.0905,43.6749],[77.0905,43.6749],[77.0905,43.6749],[77.0904,43.6749],[77.0904,43.6749],[77.0904,43.6749],[77.0904,43.6749],[77.0904,43.6749],[77.0904,43.6749],[77.0904,43.6749],[77.0903,43.6749],[77.0903,43.6749],[77.0903,43.6749],[77.0903,43.6749],[77.0903,43.6749],[77.0903,43.6749],[77.0903,43.6749],[77.0902,43.6749],[77.0902,43.6749],[77.0902,43.6749],[77.0902,43.6749],[77.0902,43.675],[77.0902,43.675],[77.0901,43.675],[77.0901,43.675],[77.0901,43.675],[77.0901,43.675],[77.0901,43.675],[77.0901,43.675],[77.0901,43.675],[77.09,43.675],[77.09,43.675],[77.09,43.675],[77.09,43.675],[77.09,43.675],[77.09,43.675],[77.0899,43.675],[77.0899,43.675],[77.0899,43.675],[77.0899,43.675],[77.0899,43.675],[77.0899,43.675],[77.0898,43.675],[77.0898,43.675],[77.0898,43.675],[77.0898,43.675],[77.0898,43.675],[77.0898,43.675],[77.0897,43.675],[77.0897,43.675],[77.0897,43.675],[77.0897,43.675],[77.0897,43.675],[77.0897,43.675],[77.0897,43.675],[77.0896,43.675],[77.0896,43.675],[77.0896,43.675],[77.0896,43.675],[77.0896,43.675],[77.0896,43.675],[77.0896,43.675],[77.0889,43.6751],[77.0893,43.6771],[77.0893,43.6771],[77.0891,43.6774],[77.089,43.6774],[77.0887,43.6775],[77.0888,43.6787],[77.0889,43.6789],[77.0889,43.6792],[77.089,43.6793],[77.0895,43.6795],[77.0907,43.6801],[77.0908,43.6782],[77.0908,43.6778],[77.0908,43.6775]]]],"type":"MultiPolygon"},"geometry_name":"shape","id":"gp_functional_zones.fid--7752831e_19fb67eabdc_66a6","properties":{"area":78693.5196526461,"creation_doc_id":3613,"deactivation_doc_id":null,"func_zone_status_id":3,"ggk_zone_code":"11010000","ggk_zone_name":"Территория усадебной застройки","gp_func_zone_code":"11010000","gp_func_zone_code_id":19,"id":4726748,"zone_type_id":8},"type":"Feature"},{"bbox":[77.0887,43.668,77.0951,43.6747],"geometry":{"coordinates":[[[[77.0911,43.6744],[77.0933,43.6734],[77.0935,43.6733],[77.0947,43.6727],[77.095,43.6724],[77.095,43.6724],[77.095,43.6724],[77.095,43.6724],[77.095,43.6724],[77.095,43.6724],[77.095,43.6724],[77.095,43.6724],[77.095,43.6724],[77.095,43.6724],[77.095,43.6724],[77.095,43.6724],[77.095,43.6724],[77.095,43.6724],[77.095,43.6724],[77.095,43.6724],[77.095,43.6724],[77.095,43.6724],[77.095,43.6724],[77.095,43.6724],[77.095,43.6723],[77.095,43.6723],[77.095,43.6723],[77.0951,43.6723],[77.0951,43.6723],[77.0951,43.6723],[77.0951,43.6723],[77.0951,43.6723],[77.0951,43.6723],[77.0951,43.6723],[77.0951,43.6723],[77.0951,43.6723],[77.0951,43.6723],[77.0951,43.6723],[77.0951,43.6723],[77.0951,43.6723],[77.0951,43.6723],[77.0951,43.6723],[77.0951,43.6723],[77.0951,43.6723],[77.0951,43.6723],[77.0951,43.6723],[77.0951,43.6723],[77.0951,43.6723],[77.0951,43.6722],[77.0951,43.6722],[77.0951,43.6722],[77.0951,43.6722],[77.0951,43.6722],[77.0951,43.6722],[77.0951,43.6722],[77.0951,43.6722],[77.0951,43.6722],[77.0951,43.6722],[77.0951,43.6722],[77.0951,43.6722],[77.0951,43.6722],[77.0951,43.6722],[77.0951,43.6722],[77.0951,43.6722],[77.0951,43.6722],[77.0951,43.6722],[77.0951,43.6722],[77.0951,43.6722],[77.0951,43.6722],[77.0951,43.6722],[77.0951,43.6721],[77.0951,43.6721],[77.0951,43.6721],[77.0951,43.6721],[77.0951,43.6721],[77.0951,43.6721],[77.0951,43.6721],[77.0951,43.6721],[77.0951,43.6721],[77.0951,43.6721],[77.0951,43.6721],[77.0951,43.6721],[77.095,43.6721],[77.095,43.6721],[77.095,43.6721],[77.095,43.6721],[77.095,43.6721],[77.095,43.6721],[77.095,43.6721],[77.0948,43.6716],[77.0948,43.6716],[77.0948,43.6716],[77.0948,43.6716],[77.0948,43.6716],[77.0948,43.6716],[77.0948,43.6716],[77.0948,43.6716],[77.0948,43.6716],[77.0948,43.6716],[77.0948,43.6716],[77.0948,43.6716],[77.0947,43.6716],[77.0947,43.6716],[77.0947,43.6716],[77.0947,43.6716],[77.0947,43.6716],[77.0947,43.6715],[77.0947,43.6715],[77.0947,43.6715],[77.0947,43.6715],[77.0947,43.6715],[77.0947,43.6715],[77.0947,43.6715],[77.0947,43.6715],[77.0947,43.6715],[77.0947,43.6715],[77.0947,43.6715],[77.0947,43.6715],[77.0947,43.6715],[77.0947,43.6715],[77.0947,43.6715],[77.0947,43.6714],[77.0947,43.6714],[77.0947,43.6714],[77.0947,43.6714],[77.0947,43.6714],[77.0947,43.6714],[77.0947,43.6714],[77.0947,43.6714],[77.0947,43.6714],[77.0947,43.6714],[77.0947,43.6714],[77.0947,43.6714],[77.0947,43.6714],[77.0947,43.6714],[77.0947,43.6714],[77.0947,43.6713],[77.0947,43.6713],[77.0947,43.6713],[77.0947,43.6713],[77.0947,43.6713],[77.0947,43.6713],[77.0947,43.6713],[77.0947,43.6713],[77.0947,43.6713],[77.0947,43.6713],[77.0947,43.6713],[77.0948,43.6713],[77.0948,43.6713],[77.0948,43.6713],[77.0948,43.6713],[77.0948,43.6712],[77.0948,43.6712],[77.0948,43.6712],[77.0948,43.6712],[77.0948,43.6712],[77.0948,43.6712],[77.0948,43.6712],[77.0948,43.6712],[77.0948,43.6712],[77.0948,43.6712],[77.0948,43.6712],[77.0948,43.6712],[77.0948,43.6712],[77.0948,43.6712],[77.0948,43.6712],[77.0948,43.6712],[77.0948,43.6711],[77.0948,43.6711],[77.0948,43.6711],[77.0948,43.6711],[77.0948,43.6711],[77.0949,43.6711],[77.0949,43.6711],[77.0949,43.6711],[77.0949,43.6711],[77.0949,43.6711],[77.0949,43.6711],[77.0949,43.6711],[77.0949,43.6711],[77.0949,43.6711],[77.0949,43.6711],[77.0949,43.6711],[77.0949,43.6711],[77.0949,43.6711],[77.095,43.671],[77.0944,43.6707],[77.0942,43.6705],[77.0917,43.6691],[77.0914,43.6689],[77.0908,43.6686],[77.0904,43.6685],[77.09,43.6684],[77.09,43.6684],[77.09,43.6684],[77.0896,43.6682],[77.0896,43.6682],[77.0896,43.6682],[77.0896,43.6682],[77.0895,43.668],[77.0893,43.6681],[77.0887,43.6682],[77.0887,43.6682],[77.0887,43.6682],[77.0887,43.6682],[77.0888,43.6682],[77.0896,43.6687],[77.0914,43.6691],[77.0921,43.6698],[77.0932,43.6713],[77.0932,43.6717],[77.0931,43.672],[77.093,43.6722],[77.091,43.6728],[77.0904,43.6732],[77.0895,43.6736],[77.0899,43.6743],[77.0899,43.6743],[77.0902,43.6743],[77.0904,43.6746],[77.0903,43.6747],[77.0903,43.6747],[77.0903,43.6747],[77.0903,43.6747],[77.0903,43.6747],[77.0903,43.6747],[77.0903,43.6747],[77.0903,43.6747],[77.0904,43.6747],[77.0904,43.6747],[77.0904,43.6747],[77.0904,43.6747],[77.0904,43.6747],[77.0904,43.6747],[77.0904,43.6747],[77.0904,43.6747],[77.0905,43.6747],[77.0905,43.6747],[77.0905,43.6747],[77.0905,43.6747],[77.0905,43.6746],[77.0905,43.6746],[77.0905,43.6746],[77.0906,43.6746],[77.0906,43.6746],[77.0906,43.6746],[77.0906,43.6746],[77.0906,43.6746],[77.0909,43.6745],[77.091,43.6744],[77.091,43.6744],[77.0911,43.6744],[77.0911,43.6744]]]],"type":"MultiPolygon"},"geometry_name":"shape","id":"gp_functional_zones.fid--7752831e_19fb67eabdc_66a7","properties":{"area":102916.878875675,"creation_doc_id":3613,"deactivation_doc_id":null,"func_zone_status_id":2,"ggk_zone_code":"11010000","ggk_zone_name":"Территория усадебной застройки","gp_func_zone_code":"11010000","gp_func_zone_code_id":19,"id":4726749,"zone_type_id":8},"type":"Feature"},{"bbox":[77.091,43.6775,77.0933,43.6812],"geometry":{"coordinates":[[[[77.0916,43.6776],[77.0911,43.6775],[77.0911,43.6779],[77.091,43.6802],[77.0925,43.6809],[77.093,43.6812],[77.0932,43.6784],[77.0933,43.678],[77.0916,43.6776]]]],"type":"MultiPolygon"},"geometry_name":"shape","id":"gp_functional_zones.fid--7752831e_19fb67eabdc_66a9","properties":{"area":56767.5330972285,"creation_doc_id":3613,"deactivation_doc_id":null,"func_zone_status_id":2,"ggk_zone_code":"11010000","ggk_zone_name":"Территория усадебной застройки","gp_func_zone_code":"11010000","gp_func_zone_code_id":19,"id":4726751,"zone_type_id":8},"type":"Feature"},{"bbox":[77.0934,43.6753,77.0961,43.6803],"geometry":{"coordinates":[[[[77.0961,43.6753],[77.0937,43.6753],[77.0935,43.6781],[77.0935,43.6784],[77.0934,43.6792],[77.094,43.6793],[77.0939,43.6796],[77.0948,43.6797],[77.0948,43.6802],[77.0949,43.6803],[77.0956,43.6798],[77.0957,43.6798],[77.0957,43.6796],[77.0958,43.6789],[77.0958,43.6786],[77.0961,43.6753]]]],"type":"MultiPolygon"},"geometry_name":"shape","id":"gp_functional_zones.fid--7752831e_19fb67eabdc_66aa","properties":{"area":92699.7413048649,"creation_doc_id":3613,"deactivation_doc_id":null,"func_zone_status_id":2,"ggk_zone_code":"11010000","ggk_zone_name":"Территория усадебной застройки","gp_func_zone_code":"11010000","gp_func_zone_code_id":19,"id":4726752,"zone_type_id":8},"type":"Feature"},{"bbox":[77.096,43.6753,77.0976,43.6789],"geometry":{"coordinates":[[[[77.0971,43.6753],[77.0964,43.6753],[77.096,43.6786],[77.0962,43.6786],[77.0972,43.6789],[77.0974,43.6789],[77.0974,43.6788],[77.0974,43.6787],[77.0976,43.6763],[77.0976,43.676],[77.0976,43.6754],[77.0971,43.6753]]]],"type":"MultiPolygon"},"geometry_name":"shape","id":"gp_functional_zones.fid--7752831e_19fb67eabdc_66ab","properties":{"area":40462.4024812737,"creation_doc_id":3613,"deactivation_doc_id":null,"func_zone_status_id":2,"ggk_zone_code":"11010000","ggk_zone_name":"Территория усадебной застройки","gp_func_zone_code":"11010000","gp_func_zone_code_id":19,"id":4726753,"zone_type_id":8},"type":"Feature"},{"bbox":[77.0912,43.6736,77.0935,43.6752],"geometry":{"coordinates":[[[[77.0935,43.6751],[77.0934,43.6736],[77.0934,43.6736],[77.0913,43.6745],[77.0912,43.6745],[77.0912,43.6752],[77.0933,43.6751],[77.0935,43.6751]]]],"type":"MultiPolygon"},"geometry_name":"shape","id":"gp_functional_zones.fid--7752831e_19fb67eabdc_66ac","properties":{"area":22040.7709406696,"creation_doc_id":3613,"deactivation_doc_id":null,"func_zone_status_id":2,"ggk_zone_code":"11010000","ggk_zone_name":"Территория усадебной застройки","gp_func_zone_code":"11010000","gp_func_zone_code_id":19,"id":4726754,"zone_type_id":8},"type":"Feature"},{"bbox":[77.0936,43.6725,77.0963,43.6751],"geometry":{"coordinates":[[[[77.0954,43.6725],[77.0952,43.6725],[77.0952,43.6725],[77.0952,43.6725],[77.0952,43.6725],[77.0952,43.6725],[77.0952,43.6725],[77.0952,43.6725],[77.0952,43.6725],[77.0952,43.6725],[77.0952,43.6725],[77.0952,43.6725],[77.0952,43.6725],[77.0952,43.6725],[77.0952,43.6725],[77.0952,43.6725],[77.0949,43.6729],[77.0949,43.6729],[77.0949,43.6729],[77.0949,43.6729],[77.0949,43.6729],[77.0948,43.6729],[77.0936,43.6735],[77.0937,43.6751],[77.096,43.6751],[77.0962,43.6751],[77.0963,43.6734],[77.0954,43.6725]]]],"type":"MultiPolygon"},"geometry_name":"shape","id":"gp_functional_zones.fid--7752831e_19fb67eabdc_66ad","properties":{"area":50097.7749485586,"creation_doc_id":3613,"deactivation_doc_id":null,"func_zone_status_id":2,"ggk_zone_code":"11010000","ggk_zone_name":"Территория усадебной застройки","gp_func_zone_code":"11010000","gp_func_zone_code_id":19,"id":4726755,"zone_type_id":8},"type":"Feature"},{"bbox":[77.1097,43.6863,77.1109,43.6878],"geometry":{"coordinates":[[[[77.1109,43.6878],[77.1105,43.6863],[77.1097,43.6864],[77.1099,43.6871],[77.1099,43.6872],[77.1109,43.6878]]]],"type":"MultiPolygon"},"geometry_name":"shape","id":"gp_functional_zones.fid--7752831e_19fb67eabdc_66ae","properties":{"area":8529.96179065468,"creation_doc_id":3613,"deactivation_doc_id":null,"func_zone_status_id":2,"ggk_zone_code":"11010000","ggk_zone_name":"Территория усадебной застройки","gp_func_zone_code":"11010000","gp_func_zone_code_id":19,"id":4726756,"zone_type_id":8},"type":"Feature"},{"bbox":[77.109,43.6839,77.1104,43.6862],"geometry":{"coordinates":[[[[77.1099,43.6841],[77.1099,43.6839],[77.1099,43.6839],[77.1098,43.6839],[77.1098,43.684],[77.1096,43.684],[77.109,43.6841],[77.1091,43.6845],[77.1092,43.6851],[77.1096,43.6862],[77.1101,43.6861],[77.1102,43.6861],[77.1104,43.6861],[77.1104,43.6861],[77.1104,43.686],[77.1103,43.6858],[77.1102,43.6852],[77.1101,43.6848],[77.1099,43.6841]]]],"type":"MultiPolygon"},"geometry_name":"shape","id":"gp_functional_zones.fid--7752831e_19fb67eabdc_66b4","properties":{"area":17172.3047349836,"creation_doc_id":3613,"deactivation_doc_id":null,"func_zone_status_id":2,"ggk_zone_code":"11010000","ggk_zone_name":"Территория усадебной застройки","gp_func_zone_code":"11010000","gp_func_zone_code_id":19,"id":4726762,"zone_type_id":8},"type":"Feature"},{"bbox":[77.107,43.6768,77.1084,43.6787],"geometry":{"coordinates":[[[[77.108,43.6768],[77.108,43.6768],[77.107,43.6772],[77.107,43.6777],[77.1076,43.6787],[77.1084,43.6784],[77.1084,43.6783],[77.1082,43.6779],[77.1081,43.6772],[77.108,43.6769],[77.108,43.6768],[77.108,43.6768]]]],"type":"MultiPolygon"},"geometry_name":"shape","id":"gp_functional_zones.fid--7752831e_19fb67eabdc_66b5","properties":{"area":14224.6572506741,"creation_doc_id":3613,"deactivation_doc_id":null,"func_zone_status_id":2,"ggk_zone_code":"11010000","ggk_zone_name":"Территория усадебной застройки","gp_func_zone_code":"11010000","gp_func_zone_code_id":19,"id":4726763,"zone_type_id":8},"type":"Feature"},{"bbox":[77.1075,43.6786,77.1098,43.684],"geometry":{"coordinates":[[[[77.1085,43.6788],[77.1084,43.6786],[77.108,43.6788],[77.1077,43.6789],[77.1075,43.679],[77.1077,43.6793],[77.1077,43.6793],[77.1077,43.6793],[77.1081,43.6805],[77.1081,43.6805],[77.1083,43.6816],[77.1084,43.6821],[77.1089,43.684],[77.1098,43.6838],[77.1098,43.6838],[77.1098,43.6838],[77.1097,43.6835],[77.1093,43.6819],[77.1092,43.6815],[77.1092,43.6815],[77.1092,43.6815],[77.1092,43.6813],[77.109,43.6808],[77.1085,43.6788]]]],"type":"MultiPolygon"},"geometry_name":"shape","id":"gp_functional_zones.fid--7752831e_19fb67eabdc_66b6","properties":{"area":41700.301717344,"creation_doc_id":3613,"deactivation_doc_id":null,"func_zone_status_id":2,"ggk_zone_code":"11010000","ggk_zone_name":"Территория усадебной застройки","gp_func_zone_code":"11010000","gp_func_zone_code_id":19,"id":4726764,"zone_type_id":8},"type":"Feature"},{"bbox":[77.1061,43.6791,77.1087,43.684],"geometry":{"coordinates":[[[[77.1075,43.6793],[77.1073,43.6791],[77.1071,43.6792],[77.1071,43.6792],[77.1071,43.6792],[77.1061,43.6796],[77.1061,43.6799],[77.1062,43.6811],[77.1063,43.6827],[77.1063,43.6833],[77.1063,43.6833],[77.1063,43.6833],[77.1063,43.6833],[77.1064,43.6833],[77.1064,43.6833],[77.1064,43.6833],[77.1064,43.6833],[77.1064,43.6833],[77.1064,43.6833],[77.1064,43.6833],[77.1064,43.6833],[77.1064,43.6834],[77.1064,43.6834],[77.1064,43.6834],[77.1064,43.6834],[77.1064,43.6834],[77.1064,43.6834],[77.1064,43.6834],[77.1064,43.6834],[77.1064,43.6834],[77.1064,43.6834],[77.1064,43.6834],[77.1064,43.6834],[77.1064,43.6834],[77.1064,43.6834],[77.1064,43.6835],[77.1064,43.6835],[77.1064,43.6835],[77.1064,43.6835],[77.1064,43.6835],[77.1064,43.6835],[77.1064,43.6835],[77.1064,43.6835],[77.1064,43.6835],[77.1064,43.6835],[77.1064,43.6835],[77.1064,43.6835],[77.1064,43.6835],[77.1064,43.6835],[77.1064,43.6835],[77.1064,43.6836],[77.1064,43.6836],[77.1064,43.6836],[77.1065,43.6836],[77.1065,43.6836],[77.1065,43.6836],[77.1065,43.6836],[77.1065,43.6836],[77.1065,43.6836],[77.1065,43.6836],[77.1065,43.6836],[77.1065,43.6836],[77.1065,43.6836],[77.1065,43.6836],[77.1065,43.6836],[77.1065,43.6837],[77.1065,43.6837],[77.1065,43.6837],[77.1065,43.6837],[77.1065,43.6837],[77.1065,43.6837],[77.1065,43.6837],[77.1065,43.6837],[77.1066,43.6837],[77.1066,43.6837],[77.1066,43.6837],[77.1066,43.6837],[77.1066,43.6837],[77.1066,43.6837],[77.1066,43.6837],[77.1066,43.6837],[77.1066,43.6837],[77.1066,43.6838],[77.1066,43.6838],[77.1066,43.6838],[77.1066,43.6838],[77.1066,43.6838],[77.1066,43.6838],[77.1066,43.6838],[77.1067,43.6838],[77.1067,43.6838],[77.1067,43.6838],[77.1067,43.6838],[77.1067,43.6838],[77.1067,43.6838],[77.1067,43.6838],[77.1067,43.6838],[77.1067,43.6838],[77.1067,43.6838],[77.1067,43.6838],[77.1067,43.6838],[77.1067,43.6838],[77.1067,43.6839],[77.1068,43.6839],[77.1068,43.6839],[77.1068,43.6839],[77.1068,43.6839],[77.1068,43.6839],[77.1068,43.6839],[77.1068,43.6839],[77.1068,43.6839],[77.1068,43.6839],[77.1068,43.6839],[77.1068,43.6839],[77.1068,43.6839],[77.1069,43.6839],[77.1069,43.6839],[77.1069,43.6839],[77.1069,43.6839],[77.1069,43.6839],[77.1069,43.6839],[77.1069,43.6839],[77.1069,43.6839],[77.1069,43.6839],[77.1069,43.6839],[77.1069,43.6839],[77.1069,43.6839],[77.107,43.684],[77.107,43.684],[77.107,43.684],[77.107,43.684],[77.107,43.684],[77.107,43.684],[77.107,43.684],[77.107,43.684],[77.107,43.684],[77.107,43.684],[77.107,43.684],[77.1071,43.684],[77.1071,43.684],[77.1071,43.684],[77.1071,43.684],[77.1071,43.684],[77.1071,43.684],[77.1071,43.684],[77.1071,43.684],[77.1071,43.684],[77.1071,43.684],[77.1071,43.684],[77.1072,43.684],[77.1072,43.684],[77.1072,43.684],[77.1072,43.684],[77.1072,43.684],[77.1072,43.684],[77.1072,43.684],[77.1072,43.684],[77.1072,43.684],[77.1072,43.684],[77.1073,43.684],[77.1073,43.684],[77.1073,43.684],[77.1073,43.684],[77.1073,43.684],[77.1073,43.684],[77.1073,43.684],[77.1073,43.684],[77.1073,43.684],[77.1073,43.684],[77.1074,43.684],[77.1074,43.684],[77.1074,43.684],[77.1074,43.684],[77.1074,43.684],[77.1074,43.684],[77.1074,43.684],[77.1074,43.684],[77.1074,43.684],[77.1074,43.684],[77.1075,43.684],[77.1075,43.684],[77.1075,43.684],[77.1075,43.684],[77.1075,43.684],[77.1075,43.684],[77.1075,43.684],[77.1075,43.684],[77.1075,43.684],[77.1075,43.684],[77.1075,43.684],[77.1087,43.684],[77.1084,43.6828],[77.1083,43.6825],[77.1082,43.6822],[77.1078,43.6805],[77.1077,43.68],[77.1075,43.6793]]]],"type":"MultiPolygon"},"geometry_name":"shape","id":"gp_functional_zones.fid--7752831e_19fb67eabdc_66b7","properties":{"area":76404.2425674447,"creation_doc_id":3613,"deactivation_doc_id":null,"func_zone_status_id":2,"ggk_zone_code":"11010000","ggk_zone_name":"Территория усадебной застройки","gp_func_zone_code":"11010000","gp_func_zone_code_id":19,"id":4726765,"zone_type_id":8},"type":"Feature"},{"bbox":[77.1044,43.6797,77.1061,43.683],"geometry":{"coordinates":[[[[77.1059,43.6804],[77.1058,43.6797],[77.1057,43.6797],[77.1056,43.6797],[77.1044,43.6799],[77.1044,43.6799],[77.105,43.682],[77.1052,43.6825],[77.1056,43.683],[77.1061,43.683],[77.106,43.6818],[77.1059,43.6804]]]],"type":"MultiPolygon"},"geometry_name":"shape","id":"gp_functional_zones.fid--7752831e_19fb67eabdc_66b8","properties":{"area":31624.8691015343,"creation_doc_id":3613,"deactivation_doc_id":null,"func_zone_status_id":2,"ggk_zone_code":"11010000","ggk_zone_name":"Территория усадебной застройки","gp_func_zone_code":"11010000","gp_func_zone_code_id":19,"id":4726766,"zone_type_id":8},"type":"Feature"},{"bbox":[77.1067,43.6751,77.1079,43.6769],"geometry":{"coordinates":[[[[77.1078,43.6762],[77.1075,43.6751],[77.1073,43.6751],[77.1071,43.6752],[77.1067,43.6755],[77.1067,43.6756],[77.1069,43.6762],[77.1072,43.6769],[77.1079,43.6766],[77.1078,43.6762]]]],"type":"MultiPolygon"},"geometry_name":"shape","id":"gp_functional_zones.fid--7752831e_19fb67eabdc_66b9","properties":{"area":12383.8602817947,"creation_doc_id":3613,"deactivation_doc_id":null,"func_zone_status_id":2,"ggk_zone_code":"11010000","ggk_zone_name":"Территория усадебной застройки","gp_func_zone_code":"11010000","gp_func_zone_code_id":19,"id":4726767,"zone_type_id":8},"type":"Feature"},{"bbox":[77.1055,43.6773,77.1074,43.6794],"geometry":{"coordinates":[[[[77.1068,43.6777],[77.1068,43.6773],[77.106,43.6777],[77.106,43.6777],[77.1055,43.6778],[77.1056,43.678],[77.1058,43.6785],[77.1058,43.6785],[77.1059,43.6787],[77.106,43.6794],[77.107,43.679],[77.1074,43.6788],[77.1068,43.6778],[77.1068,43.6778],[77.1068,43.6777]]]],"type":"MultiPolygon"},"geometry_name":"shape","id":"gp_functional_zones.fid--7752831e_19fb67eabdc_66ba","properties":{"area":19391.1669207376,"creation_doc_id":3613,"deactivation_doc_id":null,"func_zone_status_id":2,"ggk_zone_code":"11010000","ggk_zone_name":"Территория усадебной застройки","gp_func_zone_code":"11010000","gp_func_zone_code_id":19,"id":4726768,"zone_type_id":8},"type":"Feature"},{"bbox":[77.1049,43.6756,77.107,43.6776],"geometry":{"coordinates":[[[[77.1064,43.6756],[77.1064,43.6756],[77.1059,43.6758],[77.1059,43.6758],[77.1051,43.6762],[77.1049,43.6762],[77.1055,43.6776],[77.1059,43.6775],[77.1068,43.6771],[77.1068,43.6771],[77.107,43.677],[77.1067,43.6763],[77.1067,43.6763],[77.1064,43.6756],[77.1064,43.6756],[77.1064,43.6756]]]],"type":"MultiPolygon"},"geometry_name":"shape","id":"gp_functional_zones.fid--7752831e_19fb67eabdc_66bb","properties":{"area":22597.8090623481,"creation_doc_id":3613,"deactivation_doc_id":null,"func_zone_status_id":2,"ggk_zone_code":"11010000","ggk_zone_name":"Территория усадебной застройки","gp_func_zone_code":"11010000","gp_func_zone_code_id":19,"id":4726769,"zone_type_id":8},"type":"Feature"},{"bbox":[77.1017,43.6768,77.1041,43.6801],"geometry":{"coordinates":[[[[77.1034,43.6776],[77.1031,43.6768],[77.1017,43.6772],[77.1019,43.6777],[77.1019,43.6777],[77.1028,43.6801],[77.1041,43.6798],[77.1039,43.6794],[77.1038,43.6789],[77.1034,43.6776]]]],"type":"MultiPolygon"},"geometry_name":"shape","id":"gp_functional_zones.fid--7752831e_19fb67eabdc_66bc","properties":{"area":38128.6354260952,"creation_doc_id":3613,"deactivation_doc_id":null,"func_zone_status_id":2,"ggk_zone_code":"11010000","ggk_zone_name":"Территория усадебной застройки","gp_func_zone_code":"11010000","gp_func_zone_code_id":19,"id":4726770,"zone_type_id":8},"type":"Feature"},{"bbox":[77.1033,43.6763,77.1058,43.6797],"geometry":{"coordinates":[[[[77.1051,43.6773],[77.1047,43.6763],[77.1033,43.6768],[77.1037,43.6779],[77.104,43.6788],[77.1042,43.6793],[77.1043,43.6797],[77.1055,43.6795],[77.1055,43.6795],[77.1055,43.6795],[77.1058,43.6795],[77.1056,43.6788],[77.1056,43.6785],[77.1051,43.6773]]]],"type":"MultiPolygon"},"geometry_name":"shape","id":"gp_functional_zones.fid--7752831e_19fb67eabdc_66bd","properties":{"area":42960.6981056141,"creation_doc_id":3613,"deactivation_doc_id":null,"func_zone_status_id":2,"ggk_zone_code":"11010000","ggk_zone_name":"Территория усадебной застройки","gp_func_zone_code":"11010000","gp_func_zone_code_id":19,"id":4726771,"zone_type_id":8},"type":"Feature"},{"bbox":[77.1,43.6741,77.1017,43.6759],"geometry":{"coordinates":[[[[77.1006,43.6741],[77.1006,43.6741],[77.1001,43.6744],[77.1,43.6744],[77.1,43.6744],[77.1,43.6744],[77.1004,43.6749],[77.1004,43.6749],[77.101,43.6759],[77.1017,43.6755],[77.1006,43.6741]]]],"type":"MultiPolygon"},"geometry_name":"shape","id":"gp_functional_zones.fid--7752831e_19fb67eabdc_66be","properties":{"area":11377.9268944119,"creation_doc_id":3613,"deactivation_doc_id":null,"func_zone_status_id":2,"ggk_zone_code":"11010000","ggk_zone_name":"Территория усадебной застройки","gp_func_zone_code":"11010000","gp_func_zone_code_id":19,"id":4726772,"zone_type_id":8},"type":"Feature"},{"bbox":[77.1058,43.6734,77.1074,43.6753],"geometry":{"coordinates":[[[[77.1067,43.6734],[77.1067,43.6734],[77.1065,43.6735],[77.1059,43.6738],[77.1059,43.6738],[77.1058,43.6738],[77.1059,43.6739],[77.1065,43.6744],[77.1065,43.6745],[77.1065,43.6745],[77.1065,43.6745],[77.1065,43.6747],[77.1065,43.6747],[77.1065,43.6747],[77.1065,43.6747],[77.1064,43.6749],[77.1066,43.6753],[77.107,43.6751],[77.107,43.6751],[77.1074,43.6749],[77.1074,43.6748],[77.1073,43.6745],[77.1073,43.6745],[77.1073,43.6745],[77.1073,43.6744],[77.107,43.6739],[77.1067,43.6734],[77.1067,43.6734],[77.1067,43.6734],[77.1067,43.6734]]]],"type":"MultiPolygon"},"geometry_name":"shape","id":"gp_functional_zones.fid--7752831e_19fb67eabdc_66bf","properties":{"area":12625.2390542366,"creation_doc_id":3613,"deactivation_doc_id":null,"func_zone_status_id":2,"ggk_zone_code":"11010000","ggk_zone_name":"Территория усадебной застройки","gp_func_zone_code":"11010000","gp_func_zone_code_id":19,"id":4726773,"zone_type_id":8},"type":"Feature"},{"bbox":[77.1022,43.6729,77.1039,43.6748],"geometry":{"coordinates":[[[[77.1033,43.6735],[77.1028,43.6729],[77.1022,43.6733],[77.1022,43.6733],[77.1022,43.6733],[77.1034,43.6748],[77.1039,43.6745],[77.1038,43.6742],[77.1036,43.6738],[77.1033,43.6735]]]],"type":"MultiPolygon"},"geometry_name":"shape","id":"gp_functional_zones.fid--7752831e_19fb67eabdc_66c0","properties":{"area":13141.0802781642,"creation_doc_id":3613,"deactivation_doc_id":null,"func_zone_status_id":2,"ggk_zone_code":"11010000","ggk_zone_name":"Территория усадебной застройки","gp_func_zone_code":"11010000","gp_func_zone_code_id":19,"id":4726774,"zone_type_id":8},"type":"Feature"},{"bbox":[77.1011,43.6754,77.103,43.677],"geometry":{"coordinates":[[[[77.103,43.6767],[77.1024,43.6754],[77.1011,43.676],[77.1012,43.6761],[77.1012,43.6761],[77.1012,43.6761],[77.1016,43.677],[77.103,43.6767]]]],"type":"MultiPolygon"},"geometry_name":"shape","id":"gp_functional_zones.fid--7752831e_19fb67eabdc_66c1","properties":{"area":15485.1317174955,"creation_doc_id":3613,"deactivation_doc_id":null,"func_zone_status_id":2,"ggk_zone_code":"11010000","ggk_zone_name":"Территория усадебной застройки","gp_func_zone_code":"11010000","gp_func_zone_code_id":19,"id":4726775,"zone_type_id":8},"type":"Feature"},{"bbox":[77.1044,43.6715,77.1066,43.6736],"geometry":{"coordinates":[[[[77.1055,43.6715],[77.1055,43.6715],[77.1044,43.6721],[77.1058,43.6736],[77.1066,43.6732],[77.1055,43.6715],[77.1055,43.6715]]]],"type":"MultiPolygon"},"geometry_name":"shape","id":"gp_functional_zones.fid--7752831e_19fb67eabdc_66c2","properties":{"area":17604.1521012693,"creation_doc_id":3613,"deactivation_doc_id":null,"func_zone_status_id":2,"ggk_zone_code":"11010000","ggk_zone_name":"Территория усадебной застройки","gp_func_zone_code":"11010000","gp_func_zone_code_id":19,"id":4726776,"zone_type_id":8},"type":"Feature"},{"bbox":[77.1027,43.6747,77.1046,43.6766],"geometry":{"coordinates":[[[[77.1046,43.6762],[77.104,43.6747],[77.1035,43.6749],[77.1027,43.6754],[77.1027,43.6754],[77.1033,43.6766],[77.1046,43.6762]]]],"type":"MultiPolygon"},"geometry_name":"shape","id":"gp_functional_zones.fid--7752831e_19fb67eabdc_66c3","properties":{"area":19097.4969334805,"creation_doc_id":3613,"deactivation_doc_id":null,"func_zone_status_id":2,"ggk_zone_code":"11010000","ggk_zone_name":"Территория усадебной застройки","gp_func_zone_code":"11010000","gp_func_zone_code_id":19,"id":4726777,"zone_type_id":8},"type":"Feature"},{"bbox":[77.103,43.6722,77.1054,43.6744],"geometry":{"coordinates":[[[[77.1054,43.6734],[77.1042,43.6722],[77.1033,43.6727],[77.1031,43.6728],[77.103,43.6728],[77.103,43.6728],[77.1038,43.6737],[77.1038,43.6737],[77.1041,43.6742],[77.1041,43.6742],[77.1041,43.6742],[77.1042,43.6744],[77.1046,43.6742],[77.105,43.674],[77.105,43.674],[77.105,43.674],[77.1047,43.6737],[77.1052,43.6735],[77.1053,43.6734],[77.1053,43.6734],[77.1054,43.6734]]]],"type":"MultiPolygon"},"geometry_name":"shape","id":"gp_functional_zones.fid--7752831e_19fb67eabdc_66c4","properties":{"area":22605.2434247122,"creation_doc_id":3613,"deactivation_doc_id":null,"func_zone_status_id":2,"ggk_zone_code":"11010000","ggk_zone_name":"Территория усадебной застройки","gp_func_zone_code":"11010000","gp_func_zone_code_id":19,"id":4726778,"zone_type_id":8},"type":"Feature"},{"bbox":[77.0983,43.6745,77.1008,43.6766],"geometry":{"coordinates":[[[[77.1002,43.6749],[77.0998,43.6745],[77.0989,43.675],[77.0986,43.6752],[77.0984,43.6753],[77.0984,43.6753],[77.0983,43.6753],[77.0988,43.6761],[77.0992,43.6766],[77.1008,43.6759],[77.1002,43.675],[77.1002,43.6749]]]],"type":"MultiPolygon"},"geometry_name":"shape","id":"gp_functional_zones.fid--7752831e_19fb67eabdc_66c5","properties":{"area":25040.1174170743,"creation_doc_id":3613,"deactivation_doc_id":null,"func_zone_status_id":2,"ggk_zone_code":"11010000","ggk_zone_name":"Территория усадебной застройки","gp_func_zone_code":"11010000","gp_func_zone_code_id":19,"id":4726779,"zone_type_id":8},"type":"Feature"},{"bbox":[77.1042,43.6739,77.1064,43.6761],"geometry":{"coordinates":[[[[77.1062,43.6745],[77.1056,43.6739],[77.1042,43.6746],[77.1043,43.6748],[77.1048,43.6761],[77.1058,43.6757],[77.1064,43.6754],[77.1064,43.6753],[77.1062,43.6749],[77.1062,43.6749],[77.1062,43.6749],[77.1062,43.6749],[77.1062,43.6749],[77.1063,43.6747],[77.1062,43.6745]]]],"type":"MultiPolygon"},"geometry_name":"shape","id":"gp_functional_zones.fid--7752831e_19fb67eabdc_66c6","properties":{"area":25472.6304558435,"creation_doc_id":3613,"deactivation_doc_id":null,"func_zone_status_id":2,"ggk_zone_code":"11010000","ggk_zone_name":"Территория усадебной застройки","gp_func_zone_code":"11010000","gp_func_zone_code_id":19,"id":4726780,"zone_type_id":8},"type":"Feature"},{"bbox":[77.0993,43.6761,77.1025,43.6802],"geometry":{"coordinates":[[[[77.101,43.6762],[77.1009,43.6761],[77.1005,43.6763],[77.0993,43.6767],[77.0993,43.6767],[77.1002,43.6783],[77.1005,43.6786],[77.1014,43.6799],[77.1015,43.68],[77.1016,43.6801],[77.1016,43.6801],[77.1017,43.6802],[77.1018,43.6802],[77.102,43.6802],[77.1021,43.6802],[77.1022,43.6802],[77.1023,43.6802],[77.1024,43.6802],[77.1025,43.6802],[77.1017,43.6777],[77.1015,43.6774],[77.101,43.6762]]]],"type":"MultiPolygon"},"geometry_name":"shape","id":"gp_functional_zones.fid--7752831e_19fb67eabdc_66c7","properties":{"area":52689.0315971309,"creation_doc_id":3613,"deactivation_doc_id":null,"func_zone_status_id":2,"ggk_zone_code":"11010000","ggk_zone_name":"Территория усадебной застройки","gp_func_zone_code":"11010000","gp_func_zone_code_id":19,"id":4726781,"zone_type_id":8},"type":"Feature"},{"bbox":[77.0989,43.6702,77.1027,43.6735],"geometry":{"coordinates":[[[[77.1012,43.6713],[77.1002,43.6702],[77.0989,43.6708],[77.1013,43.6735],[77.1027,43.6728],[77.1012,43.6713],[77.1012,43.6713]]]],"type":"MultiPolygon"},"geometry_name":"shape","id":"gp_functional_zones.fid--7752831e_19fb67eabdc_66c8","properties":{"area":45871.9648211422,"creation_doc_id":3613,"deactivation_doc_id":null,"func_zone_status_id":2,"ggk_zone_code":"11010000","ggk_zone_name":"Территория усадебной застройки","gp_func_zone_code":"11010000","gp_func_zone_code_id":19,"id":4726782,"zone_type_id":8},"type":"Feature"},{"bbox":[77.0974,43.6709,77.1011,43.6743],"geometry":{"coordinates":[[[[77.1011,43.6736],[77.0987,43.6709],[77.0981,43.6712],[77.0974,43.6715],[77.0974,43.6715],[77.098,43.6722],[77.0988,43.6731],[77.0999,43.6743],[77.0999,43.6742],[77.1011,43.6736]]]],"type":"MultiPolygon"},"geometry_name":"shape","id":"gp_functional_zones.fid--7752831e_19fb67eabdc_66c9","properties":{"area":46318.035342894,"creation_doc_id":3613,"deactivation_doc_id":null,"func_zone_status_id":2,"ggk_zone_code":"11010000","ggk_zone_name":"Территория усадебной застройки","gp_func_zone_code":"11010000","gp_func_zone_code_id":19,"id":4726783,"zone_type_id":8},"type":"Feature"},{"bbox":[77.095,43.6703,77.0997,43.6752],"geometry":{"coordinates":[[[[77.0971,43.6715],[77.0962,43.6703],[77.0952,43.6711],[77.0952,43.6711],[77.0951,43.6712],[77.0951,43.6712],[77.0951,43.6712],[77.0951,43.6712],[77.0951,43.6712],[77.0951,43.6712],[77.0951,43.6712],[77.0951,43.6712],[77.0951,43.6712],[77.0951,43.6712],[77.0951,43.6712],[77.0951,43.6712],[77.0951,43.6712],[77.0951,43.6712],[77.095,43.6712],[77.095,43.6712],[77.095,43.6712],[77.095,43.6712],[77.095,43.6712],[77.095,43.6713],[77.095,43.6713],[77.095,43.6713],[77.095,43.6713],[77.095,43.6713],[77.095,43.6713],[77.095,43.6713],[77.095,43.6713],[77.095,43.6713],[77.095,43.6713],[77.095,43.6713],[77.095,43.6713],[77.095,43.6713],[77.095,43.6713],[77.095,43.6713],[77.095,43.6713],[77.095,43.6713],[77.095,43.6713],[77.095,43.6713],[77.095,43.6713],[77.095,43.6713],[77.095,43.6713],[77.095,43.6713],[77.095,43.6714],[77.095,43.6714],[77.095,43.6714],[77.095,43.6714],[77.095,43.6714],[77.095,43.6714],[77.095,43.6714],[77.095,43.6714],[77.095,43.6714],[77.095,43.6714],[77.095,43.6714],[77.095,43.6714],[77.095,43.6714],[77.095,43.6714],[77.095,43.6714],[77.095,43.6714],[77.095,43.6714],[77.095,43.6714],[77.095,43.6714],[77.095,43.6714],[77.095,43.6714],[77.095,43.6714],[77.095,43.6714],[77.095,43.6715],[77.095,43.6715],[77.095,43.6715],[77.095,43.6715],[77.095,43.6715],[77.095,43.6715],[77.095,43.6715],[77.095,43.6715],[77.095,43.6715],[77.095,43.6715],[77.095,43.6715],[77.095,43.6715],[77.095,43.6715],[77.095,43.6715],[77.095,43.6715],[77.095,43.6715],[77.095,43.6715],[77.095,43.6715],[77.095,43.6715],[77.095,43.6715],[77.095,43.6715],[77.095,43.6715],[77.095,43.6716],[77.095,43.6716],[77.095,43.6716],[77.095,43.6716],[77.095,43.6716],[77.095,43.6716],[77.095,43.6716],[77.0953,43.672],[77.0953,43.672],[77.0953,43.672],[77.0953,43.672],[77.0953,43.672],[77.0953,43.672],[77.0953,43.672],[77.0953,43.672],[77.0953,43.672],[77.0953,43.672],[77.0953,43.6721],[77.0953,43.6721],[77.0953,43.6721],[77.0953,43.6721],[77.0953,43.6721],[77.0953,43.6721],[77.0953,43.6721],[77.0953,43.6721],[77.0953,43.6721],[77.0953,43.6721],[77.0953,43.6721],[77.0953,43.6721],[77.0953,43.6721],[77.0953,43.6721],[77.0953,43.6721],[77.0953,43.6722],[77.0953,43.6722],[77.0953,43.6722],[77.0953,43.6722],[77.0953,43.6722],[77.0953,43.6722],[77.0953,43.6722],[77.0953,43.6722],[77.0953,43.6722],[77.0953,43.6722],[77.0953,43.6722],[77.0953,43.6722],[77.0953,43.6722],[77.0953,43.6722],[77.0953,43.6722],[77.0953,43.6723],[77.0953,43.6723],[77.0953,43.6723],[77.0953,43.6723],[77.0953,43.6723],[77.0953,43.6723],[77.0953,43.6723],[77.0956,43.6724],[77.0956,43.6724],[77.0956,43.6724],[77.0956,43.6724],[77.0966,43.6734],[77.0966,43.6734],[77.0966,43.6734],[77.0966,43.6734],[77.0966,43.6734],[77.0966,43.6734],[77.0964,43.6751],[77.0972,43.6752],[77.0972,43.6752],[77.0972,43.6752],[77.0978,43.6752],[77.0982,43.6752],[77.0987,43.6749],[77.0988,43.6748],[77.0997,43.6744],[77.0986,43.6732],[77.0985,43.6732],[77.0978,43.6723],[77.0978,43.6723],[77.0978,43.6723],[77.0972,43.6716],[77.0971,43.6715],[77.0971,43.6715]]]],"type":"MultiPolygon"},"geometry_name":"shape","id":"gp_functional_zones.fid--7752831e_19fb67eabdc_66cb","properties":{"area":91098.2842905187,"creation_doc_id":3613,"deactivation_doc_id":null,"func_zone_status_id":2,"ggk_zone_code":"11010000","ggk_zone_name":"Территория усадебной застройки","gp_func_zone_code":"11010000","gp_func_zone_code_id":19,"id":4726786,"zone_type_id":8},"type":"Feature"},{"bbox":[77.1008,43.6671,77.1029,43.669],"geometry":{"coordinates":[[[[77.1029,43.6686],[77.1015,43.6671],[77.1015,43.6671],[77.1012,43.6673],[77.101,43.6674],[77.1008,43.6676],[77.1022,43.669],[77.1029,43.6686]]]],"type":"MultiPolygon"},"geometry_name":"shape","id":"gp_functional_zones.fid--7752831e_19fb67eabdc_66cc","properties":{"area":13999.9318112983,"creation_doc_id":3613,"deactivation_doc_id":null,"func_zone_status_id":2,"ggk_zone_code":"11010000","ggk_zone_name":"Территория усадебной застройки","gp_func_zone_code":"11010000","gp_func_zone_code_id":19,"id":4726787,"zone_type_id":8},"type":"Feature"},{"bbox":[77.1011,43.6688,77.1053,43.6727],"geometry":{"coordinates":[[[[77.1042,43.672],[77.1053,43.6714],[77.1053,43.6714],[77.1052,43.6712],[77.1047,43.6707],[77.1042,43.6701],[77.1031,43.6689],[77.1031,43.6689],[77.1031,43.6689],[77.1031,43.6689],[77.103,43.6688],[77.1022,43.6692],[77.103,43.6702],[77.1039,43.6714],[77.1037,43.6714],[77.102,43.6693],[77.1013,43.6697],[77.1019,43.6703],[77.102,43.6704],[77.1012,43.6708],[77.1011,43.6708],[77.1014,43.6711],[77.1014,43.6711],[77.1014,43.6712],[77.1019,43.6717],[77.1024,43.6721],[77.1028,43.6725],[77.1029,43.6727],[77.1029,43.6727],[77.1031,43.6725],[77.1033,43.6724],[77.1042,43.672],[77.1042,43.672]]]],"type":"MultiPolygon"},"geometry_name":"shape","id":"gp_functional_zones.fid--7752831e_19fb67eabdc_66cd","properties":{"area":72656.7148716872,"creation_doc_id":3613,"deactivation_doc_id":null,"func_zone_status_id":2,"ggk_zone_code":"11010000","ggk_zone_name":"Территория усадебной застройки","gp_func_zone_code":"11010000","gp_func_zone_code_id":19,"id":4726788,"zone_type_id":8},"type":"Feature"},{"bbox":[77.1004,43.6667,77.1015,43.6675],"geometry":{"coordinates":[[[[77.1012,43.6667],[77.1012,43.6667],[77.1004,43.6671],[77.1004,43.6672],[77.1008,43.6675],[77.1008,43.6675],[77.101,43.6674],[77.1011,43.6673],[77.1014,43.6671],[77.1015,43.6671],[77.1012,43.6667],[77.1012,43.6667]]]],"type":"MultiPolygon"},"geometry_name":"shape","id":"gp_functional_zones.fid--7752831e_19fb67eabdc_66ce","properties":{"area":3960.15709380248,"creation_doc_id":3613,"deactivation_doc_id":null,"func_zone_status_id":2,"ggk_zone_code":"11010000","ggk_zone_name":"Территория усадебной застройки","gp_func_zone_code":"11010000","gp_func_zone_code_id":19,"id":4726789,"zone_type_id":8},"type":"Feature"},{"bbox":[77.0983,43.6672,77.1006,43.6687],"geometry":{"coordinates":[[[[77.1003,43.6674],[77.1001,43.6672],[77.1001,43.6672],[77.1001,43.6672],[77.099,43.6677],[77.099,43.6677],[77.0989,43.6677],[77.0989,43.6677],[77.0989,43.6677],[77.0989,43.6677],[77.0989,43.6677],[77.0989,43.6677],[77.0989,43.6677],[77.0988,43.6677],[77.0988,43.6677],[77.0988,43.6677],[77.0988,43.6677],[77.0988,43.6677],[77.0988,43.6677],[77.0988,43.6677],[77.0987,43.6677],[77.0987,43.6677],[77.0987,43.6677],[77.0987,43.6678],[77.0987,43.6678],[77.0987,43.6678],[77.0987,43.6678],[77.0986,43.6678],[77.0986,43.6678],[77.0986,43.6678],[77.0986,43.6678],[77.0986,43.6678],[77.0986,43.6678],[77.0985,43.6678],[77.0985,43.6678],[77.0985,43.6678],[77.0985,43.6678],[77.0985,43.6678],[77.0985,43.6678],[77.0985,43.6678],[77.0984,43.6678],[77.0984,43.6678],[77.0984,43.6678],[77.0984,43.6678],[77.0984,43.6678],[77.0984,43.6678],[77.0983,43.6678],[77.0983,43.6678],[77.0983,43.6678],[77.0991,43.6687],[77.0993,43.6685],[77.0994,43.6684],[77.0995,43.6684],[77.0997,43.6682],[77.0999,43.6681],[77.1001,43.668],[77.1002,43.6678],[77.1004,43.6678],[77.1005,43.6677],[77.1006,43.6676],[77.1006,43.6676],[77.1006,43.6676],[77.1006,43.6676],[77.1003,43.6674]]]],"type":"MultiPolygon"},"geometry_name":"shape","id":"gp_functional_zones.fid--7752831e_19fb67eabdc_66cf","properties":{"area":13585.4840773591,"creation_doc_id":3613,"deactivation_doc_id":null,"func_zone_status_id":2,"ggk_zone_code":"11010000","ggk_zone_name":"Территория усадебной застройки","gp_func_zone_code":"11010000","gp_func_zone_code_id":19,"id":4726790,"zone_type_id":8},"type":"Feature"},{"bbox":[77.0992,43.6677,77.102,43.6699],"geometry":{"coordinates":[[[[77.102,43.6691],[77.1006,43.6677],[77.1006,43.6677],[77.1006,43.6677],[77.1005,43.6677],[77.1004,43.6678],[77.1003,43.6679],[77.1001,43.668],[77.1,43.6681],[77.0998,43.6683],[77.0995,43.6685],[77.0994,43.6686],[77.0992,43.6687],[77.0992,43.6687],[77.0992,43.6688],[77.0992,43.6688],[77.1003,43.6699],[77.1007,43.6697],[77.102,43.6691],[77.102,43.6691],[77.102,43.6691]]]],"type":"MultiPolygon"},"geometry_name":"shape","id":"gp_functional_zones.fid--7752831e_19fb67eabdc_66d0","properties":{"area":29375.2202302649,"creation_doc_id":3613,"deactivation_doc_id":null,"func_zone_status_id":2,"ggk_zone_code":"11010000","ggk_zone_name":"Территория усадебной застройки","gp_func_zone_code":"11010000","gp_func_zone_code_id":19,"id":4726791,"zone_type_id":8},"type":"Feature"},{"bbox":[77.0921,43.6604,77.0924,43.6608],"geometry":{"coordinates":[[[[77.0924,43.6607],[77.0924,43.6604],[77.0921,43.6604],[77.0921,43.6604],[77.0921,43.6606],[77.0921,43.6606],[77.0921,43.6608],[77.0921,43.6608],[77.0924,43.6608],[77.0924,43.6607],[77.0924,43.6607],[77.0924,43.6607],[77.0924,43.6607]]]],"type":"MultiPolygon"},"geometry_name":"shape","id":"gp_functional_zones.fid--7752831e_19fb67eabdc_66d2","properties":{"area":1025.22349336277,"creation_doc_id":3613,"deactivation_doc_id":null,"func_zone_status_id":2,"ggk_zone_code":"11010000","ggk_zone_name":"Территория усадебной застройки","gp_func_zone_code":"11010000","gp_func_zone_code_id":19,"id":4726793,"zone_type_id":8},"type":"Feature"},{"bbox":[77.0865,43.6606,77.088,43.6632],"geometry":{"coordinates":[[[[77.0873,43.6617],[77.0871,43.6606],[77.0868,43.6606],[77.0865,43.6606],[77.0865,43.6606],[77.0865,43.6606],[77.0867,43.6627],[77.0868,43.6632],[77.0871,43.6632],[77.0871,43.6632],[77.0872,43.6632],[77.0872,43.6632],[77.088,43.6628],[77.0878,43.6624],[77.0873,43.6617],[77.0873,43.6617],[77.0873,43.6617],[77.0873,43.6617]]]],"type":"MultiPolygon"},"geometry_name":"shape","id":"gp_functional_zones.fid--7752831e_19fb67eabdc_66d3","properties":{"area":18236.7273165452,"creation_doc_id":3613,"deactivation_doc_id":null,"func_zone_status_id":2,"ggk_zone_code":"11010000","ggk_zone_name":"Территория усадебной застройки","gp_func_zone_code":"11010000","gp_func_zone_code_id":19,"id":4726794,"zone_type_id":8},"type":"Feature"},{"bbox":[77.0944,43.6603,77.0976,43.6634],"geometry":{"coordinates":[[[[77.0953,43.6603],[77.0953,43.6603],[77.0944,43.6604],[77.0944,43.6604],[77.0944,43.6606],[77.0958,43.662],[77.0963,43.6626],[77.0963,43.6626],[77.0963,43.6626],[77.0963,43.6627],[77.0963,43.6627],[77.0963,43.6627],[77.0964,43.6631],[77.0964,43.6631],[77.097,43.6634],[77.0974,43.6631],[77.0976,43.6628],[77.0976,43.6628],[77.0953,43.6603]]]],"type":"MultiPolygon"},"geometry_name":"shape","id":"gp_functional_zones.fid--7752831e_19fb67eabdc_66d4","properties":{"area":28974.9553225841,"creation_doc_id":3613,"deactivation_doc_id":null,"func_zone_status_id":2,"ggk_zone_code":"11010000","ggk_zone_name":"Территория усадебной застройки","gp_func_zone_code":"11010000","gp_func_zone_code_id":19,"id":4726795,"zone_type_id":8},"type":"Feature"},{"bbox":[77.0972,43.663,77.101,43.667],"geometry":{"coordinates":[[[[77.0978,43.6631],[77.0977,43.663],[77.0976,43.6632],[77.0976,43.6632],[77.0976,43.6632],[77.0972,43.6636],[77.0991,43.6658],[77.0994,43.6661],[77.1001,43.667],[77.1001,43.667],[77.101,43.6666],[77.101,43.6665],[77.0996,43.665],[77.0995,43.6649],[77.0995,43.6649],[77.0995,43.6649],[77.0993,43.6647],[77.099,43.6644],[77.098,43.6633],[77.0978,43.6631],[77.0978,43.6631],[77.0978,43.6631]]]],"type":"MultiPolygon"},"geometry_name":"shape","id":"gp_functional_zones.fid--7752831e_19fb67eabdc_66d5","properties":{"area":37192.5725716891,"creation_doc_id":3613,"deactivation_doc_id":null,"func_zone_status_id":2,"ggk_zone_code":"11010000","ggk_zone_name":"Территория усадебной застройки","gp_func_zone_code":"11010000","gp_func_zone_code_id":19,"id":4726796,"zone_type_id":8},"type":"Feature"},{"bbox":[77.0939,43.6643,77.0979,43.6677],"geometry":{"coordinates":[[[[77.0953,43.6644],[77.0952,43.6643],[77.0939,43.6648],[77.0942,43.6652],[77.095,43.6663],[77.0953,43.6668],[77.0953,43.6668],[77.096,43.6676],[77.096,43.6676],[77.096,43.6676],[77.096,43.6676],[77.096,43.6677],[77.0966,43.6677],[77.0966,43.6677],[77.0977,43.6677],[77.0977,43.6677],[77.0977,43.6677],[77.0977,43.6677],[77.0978,43.6677],[77.0978,43.6677],[77.0978,43.6677],[77.0978,43.6677],[77.0978,43.6677],[77.0978,43.6677],[77.0978,43.6677],[77.0979,43.6677],[77.0979,43.6677],[77.0979,43.6677],[77.0979,43.6677],[77.0979,43.6677],[77.0979,43.6677],[77.0972,43.6667],[77.0966,43.6659],[77.0959,43.6651],[77.0953,43.6644]]]],"type":"MultiPolygon"},"geometry_name":"shape","id":"gp_functional_zones.fid--7752831e_19fb67eabdc_66d6","properties":{"area":52476.4254180153,"creation_doc_id":3613,"deactivation_doc_id":null,"func_zone_status_id":2,"ggk_zone_code":"11010000","ggk_zone_name":"Территория усадебной застройки","gp_func_zone_code":"11010000","gp_func_zone_code_id":19,"id":4726797,"zone_type_id":8},"type":"Feature"},{"bbox":[77.0874,43.6605,77.0913,43.6627],"geometry":{"coordinates":[[[[77.0912,43.6611],[77.0912,43.661],[77.0911,43.6611],[77.091,43.661],[77.091,43.6608],[77.0908,43.6605],[77.0902,43.6605],[77.0889,43.6605],[77.0888,43.6605],[77.0888,43.6605],[77.0885,43.6605],[77.0874,43.6606],[77.0875,43.6616],[77.0883,43.6627],[77.0896,43.6622],[77.0913,43.6615],[77.0912,43.6611],[77.0912,43.6611]]]],"type":"MultiPolygon"},"geometry_name":"shape","id":"gp_functional_zones.fid--7752831e_19fb67eabdc_66d7","properties":{"area":53020.7731650299,"creation_doc_id":3613,"deactivation_doc_id":null,"func_zone_status_id":2,"ggk_zone_code":"11010000","ggk_zone_name":"Территория усадебной застройки","gp_func_zone_code":"11010000","gp_func_zone_code_id":19,"id":4726798,"zone_type_id":8},"type":"Feature"},{"bbox":[77.0955,43.6637,77.0999,43.6677],"geometry":{"coordinates":[[[[77.097,43.6637],[77.097,43.6637],[77.0959,43.664],[77.0955,43.6642],[77.0961,43.665],[77.0968,43.6658],[77.0968,43.6658],[77.0971,43.6663],[77.0982,43.6677],[77.0982,43.6677],[77.0982,43.6677],[77.0982,43.6677],[77.0982,43.6677],[77.0982,43.6677],[77.0983,43.6677],[77.0983,43.6677],[77.0983,43.6677],[77.0983,43.6677],[77.0983,43.6677],[77.0983,43.6677],[77.0983,43.6677],[77.0984,43.6676],[77.0984,43.6676],[77.0984,43.6676],[77.0984,43.6676],[77.0984,43.6676],[77.0984,43.6676],[77.0984,43.6676],[77.0985,43.6676],[77.0985,43.6676],[77.0985,43.6676],[77.0985,43.6676],[77.0985,43.6676],[77.0985,43.6676],[77.0985,43.6676],[77.0986,43.6676],[77.0986,43.6676],[77.0986,43.6676],[77.0986,43.6676],[77.0986,43.6676],[77.0986,43.6676],[77.0986,43.6676],[77.0987,43.6676],[77.0987,43.6676],[77.0987,43.6676],[77.0987,43.6676],[77.0987,43.6676],[77.0987,43.6675],[77.0987,43.6675],[77.0987,43.6675],[77.0988,43.6675],[77.0988,43.6675],[77.0988,43.6675],[77.0988,43.6675],[77.0988,43.6675],[77.0988,43.6675],[77.0988,43.6675],[77.0988,43.6675],[77.0999,43.6671],[77.0991,43.6662],[77.097,43.6637],[77.097,43.6637]]]],"type":"MultiPolygon"},"geometry_name":"shape","id":"gp_functional_zones.fid--7752831e_19fb67eabdc_66d8","properties":{"area":63113.6837811076,"creation_doc_id":3613,"deactivation_doc_id":null,"func_zone_status_id":2,"ggk_zone_code":"11010000","ggk_zone_name":"Территория усадебной застройки","gp_func_zone_code":"11010000","gp_func_zone_code_id":19,"id":4726799,"zone_type_id":8},"type":"Feature"},{"bbox":[77.0926,43.6604,77.0968,43.6641],"geometry":{"coordinates":[[[[77.0942,43.6606],[77.0942,43.6604],[77.0926,43.6604],[77.0927,43.6607],[77.0927,43.6608],[77.0935,43.6619],[77.0935,43.6619],[77.0944,43.663],[77.0945,43.6631],[77.0946,43.6632],[77.0946,43.6633],[77.0953,43.6641],[77.0968,43.6635],[77.0962,43.6633],[77.0962,43.6633],[77.0962,43.6633],[77.0962,43.6632],[77.0962,43.6632],[77.0962,43.6631],[77.0962,43.6631],[77.0962,43.6631],[77.0961,43.6628],[77.0961,43.6627],[77.0957,43.6623],[77.0942,43.6606],[77.0942,43.6606],[77.0942,43.6606],[77.0942,43.6606]]]],"type":"MultiPolygon"},"geometry_name":"shape","id":"gp_functional_zones.fid--7752831e_19fb67eabdc_66d9","properties":{"area":53549.7678148916,"creation_doc_id":3613,"deactivation_doc_id":null,"func_zone_status_id":2,"ggk_zone_code":"11010000","ggk_zone_name":"Территория усадебной застройки","gp_func_zone_code":"11010000","gp_func_zone_code_id":19,"id":4726800,"zone_type_id":8},"type":"Feature"},{"bbox":[77.0915,43.6609,77.0951,43.6647],"geometry":{"coordinates":[[[[77.0932,43.6619],[77.0926,43.6609],[77.0915,43.6612],[77.0916,43.6615],[77.0916,43.6615],[77.0916,43.6615],[77.0921,43.6625],[77.0921,43.6625],[77.0922,43.6627],[77.0923,43.6629],[77.0927,43.6634],[77.0933,43.664],[77.0933,43.664],[77.0933,43.664],[77.0933,43.664],[77.0938,43.6647],[77.0951,43.6641],[77.0943,43.6632],[77.0942,43.6631],[77.0933,43.662],[77.0933,43.662],[77.0933,43.662],[77.0932,43.6619]]]],"type":"MultiPolygon"},"geometry_name":"shape","id":"gp_functional_zones.fid--7752831e_19fb67eabdc_66da","properties":{"area":47567.8370441829,"creation_doc_id":3613,"deactivation_doc_id":null,"func_zone_status_id":2,"ggk_zone_code":"11010000","ggk_zone_name":"Территория усадебной застройки","gp_func_zone_code":"11010000","gp_func_zone_code_id":19,"id":4726801,"zone_type_id":8},"type":"Feature"},{"bbox":[77.0926,43.6669,77.0957,43.6678],"geometry":{"coordinates":[[[[77.0938,43.6669],[77.0926,43.6669],[77.0926,43.6678],[77.0935,43.6678],[77.0951,43.6678],[77.0951,43.6678],[77.0953,43.6678],[77.0957,43.6677],[77.0957,43.6677],[77.0952,43.6669],[77.0949,43.6669],[77.0939,43.6669],[77.0938,43.6669]]]],"type":"MultiPolygon"},"geometry_name":"shape","id":"gp_functional_zones.fid--7752831e_19fb67eabdc_66db","properties":{"area":22244.8622386684,"creation_doc_id":3613,"deactivation_doc_id":null,"func_zone_status_id":2,"ggk_zone_code":"11010000","ggk_zone_name":"Территория усадебной застройки","gp_func_zone_code":"11010000","gp_func_zone_code_id":19,"id":4726802,"zone_type_id":8},"type":"Feature"},{"bbox":[77.0874,43.663,77.091,43.6668],"geometry":{"coordinates":[[[[77.0885,43.6634],[77.0882,43.663],[77.0874,43.6633],[77.0884,43.6647],[77.09,43.6668],[77.091,43.6667],[77.0903,43.6659],[77.0897,43.665],[77.0887,43.6636],[77.0886,43.6636],[77.0886,43.6635],[77.0885,43.6634]]]],"type":"MultiPolygon"},"geometry_name":"shape","id":"gp_functional_zones.fid--7752831e_19fb67eabdc_66dc","properties":{"area":33518.6167853864,"creation_doc_id":3613,"deactivation_doc_id":null,"func_zone_status_id":2,"ggk_zone_code":"11010000","ggk_zone_name":"Территория усадебной застройки","gp_func_zone_code":"11010000","gp_func_zone_code_id":19,"id":4726803,"zone_type_id":8},"type":"Feature"},{"bbox":[77.0953,43.6679,77.0986,43.6713],"geometry":{"coordinates":[[[[77.0953,43.6679],[77.0953,43.6679],[77.0953,43.6681],[77.0962,43.6699],[77.0963,43.6701],[77.0963,43.6701],[77.0973,43.6713],[77.0986,43.6707],[77.0976,43.6697],[77.0976,43.6697],[77.0976,43.6697],[77.0974,43.6694],[77.0965,43.6681],[77.0965,43.6681],[77.0965,43.6681],[77.0965,43.6681],[77.0965,43.6679],[77.0959,43.6679],[77.0953,43.6679]]]],"type":"MultiPolygon"},"geometry_name":"shape","id":"gp_functional_zones.fid--7752831e_19fb67eabdc_66dd","properties":{"area":41746.549263535,"creation_doc_id":3613,"deactivation_doc_id":null,"func_zone_status_id":2,"ggk_zone_code":"11010000","ggk_zone_name":"Территория усадебной застройки","gp_func_zone_code":"11010000","gp_func_zone_code_id":19,"id":4726804,"zone_type_id":8},"type":"Feature"},{"bbox":[77.0868,43.6634,77.0924,43.6678],"geometry":{"coordinates":[[[77.0882,43.6647],[77.0871,43.6634],[77.0868,43.6634],[77.0869,43.6636],[77.0869,43.6637],[77.0869,43.664],[77.0869,43.6643],[77.087,43.6644],[77.087,43.6645],[77.0871,43.6645],[77.0872,43.6645],[77.0873,43.6645],[77.0873,43.6646],[77.0874,43.6646],[77.0874,43.6647],[77.0874,43.6648],[77.0873,43.6648],[77.0873,43.6649],[77.0874,43.6649],[77.0875,43.6649],[77.0876,43.6649],[77.0877,43.665],[77.0878,43.6651],[77.0879,43.6651],[77.088,43.6652],[77.0881,43.6653],[77.0882,43.6652],[77.0883,43.6652],[77.0884,43.6652],[77.0885,43.6653],[77.0887,43.6656],[77.0886,43.6657],[77.0885,43.6657],[77.0883,43.6658],[77.0884,43.6659],[77.0885,43.6659],[77.0885,43.666],[77.0885,43.6662],[77.0886,43.6663],[77.0887,43.6664],[77.0886,43.6666],[77.0886,43.6667],[77.0887,43.6668],[77.0887,43.6669],[77.0887,43.667],[77.0886,43.6671],[77.0886,43.6672],[77.0886,43.6673],[77.0887,43.6674],[77.0889,43.6674],[77.0892,43.6674],[77.0893,43.6675],[77.0897,43.6677],[77.0898,43.6678],[77.0924,43.6678],[77.0923,43.6669],[77.0912,43.6669],[77.0911,43.6669],[77.0899,43.6669],[77.0898,43.6669],[77.0882,43.6647]]],"type":"Polygon"},"geometry_name":"shape","id":"gp_functional_zones.fid--7752831e_19fb67eabdc_66de","properties":{"area":46306.828386158,"creation_doc_id":3613,"deactivation_doc_id":null,"func_zone_status_id":2,"ggk_zone_code":"11010000","ggk_zone_name":"Территория усадебной застройки","gp_func_zone_code":"11010000","gp_func_zone_code_id":19,"id":4726805,"zone_type_id":8},"type":"Feature"},{"bbox":[77.0884,43.6617,77.0939,43.6655],"geometry":{"coordinates":[[[[77.092,43.6629],[77.0919,43.6626],[77.0917,43.6622],[77.0914,43.6617],[77.0886,43.6628],[77.0886,43.6628],[77.0884,43.6629],[77.0888,43.6635],[77.0897,43.6631],[77.0897,43.6631],[77.0907,43.6627],[77.0907,43.6627],[77.0908,43.6626],[77.0909,43.6627],[77.0909,43.6627],[77.0909,43.6627],[77.0918,43.664],[77.0926,43.665],[77.0927,43.6651],[77.093,43.6655],[77.0939,43.6652],[77.0937,43.6649],[77.0932,43.6642],[77.0931,43.6641],[77.0925,43.6635],[77.0925,43.6635],[77.0921,43.6629],[77.092,43.6629],[77.092,43.6629]]]],"type":"MultiPolygon"},"geometry_name":"shape","id":"gp_functional_zones.fid--7752831e_19fb67eabdc_66df","properties":{"area":48822.5418641377,"creation_doc_id":3613,"deactivation_doc_id":null,"func_zone_status_id":2,"ggk_zone_code":"11010000","ggk_zone_name":"Территория усадебной застройки","gp_func_zone_code":"11010000","gp_func_zone_code_id":19,"id":4726806,"zone_type_id":8},"type":"Feature"},{"bbox":[77.0899,43.6629,77.0928,43.6659],"geometry":{"coordinates":[[[[77.0924,43.6651],[77.0907,43.6629],[77.0899,43.6632],[77.0916,43.6654],[77.0916,43.6654],[77.092,43.6659],[77.0928,43.6656],[77.0924,43.6651]]]],"type":"MultiPolygon"},"geometry_name":"shape","id":"gp_functional_zones.fid--7752831e_19fb67eabdc_66e0","properties":{"area":25713.0458235849,"creation_doc_id":3613,"deactivation_doc_id":null,"func_zone_status_id":2,"ggk_zone_code":"11010000","ggk_zone_name":"Территория усадебной застройки","gp_func_zone_code":"11010000","gp_func_zone_code_id":19,"id":4726807,"zone_type_id":8},"type":"Feature"},{"bbox":[77.0895,43.6639,77.0918,43.6663],"geometry":{"coordinates":[[[[77.0914,43.6655],[77.0902,43.6639],[77.0901,43.6639],[77.0898,43.6642],[77.0895,43.6644],[77.0906,43.6658],[77.0906,43.6658],[77.0909,43.6663],[77.0918,43.666],[77.0914,43.6655]]]],"type":"MultiPolygon"},"geometry_name":"shape","id":"gp_functional_zones.fid--7752831e_19fb67eabdc_66e1","properties":{"area":19048.7991887462,"creation_doc_id":3613,"deactivation_doc_id":null,"func_zone_status_id":2,"ggk_zone_code":"11010000","ggk_zone_name":"Территория усадебной застройки","gp_func_zone_code":"11010000","gp_func_zone_code_id":19,"id":4726808,"zone_type_id":8},"type":"Feature"},{"bbox":[77.0911,43.6662,77.0923,43.6667],"geometry":{"coordinates":[[[[77.0921,43.6665],[77.0919,43.6662],[77.0911,43.6665],[77.0912,43.6667],[77.0913,43.6667],[77.0914,43.6667],[77.0923,43.6667],[77.0921,43.6665]]]],"type":"MultiPolygon"},"geometry_name":"shape","id":"gp_functional_zones.fid--7752831e_19fb67eabdc_66e2","properties":{"area":3628.61550201684,"creation_doc_id":3613,"deactivation_doc_id":null,"func_zone_status_id":2,"ggk_zone_code":"11010000","ggk_zone_name":"Территория усадебной застройки","gp_func_zone_code":"11010000","gp_func_zone_code_id":19,"id":4726809,"zone_type_id":8},"type":"Feature"},{"bbox":[77.0921,43.6658,77.0936,43.6667],"geometry":{"coordinates":[[[[77.0932,43.6662],[77.0929,43.6658],[77.0921,43.6661],[77.0923,43.6664],[77.0925,43.6667],[77.093,43.6667],[77.0936,43.6667],[77.0932,43.6662]]]],"type":"MultiPolygon"},"geometry_name":"shape","id":"gp_functional_zones.fid--7752831e_19fb67eabdc_66e3","properties":{"area":7699.56880011522,"creation_doc_id":3613,"deactivation_doc_id":null,"func_zone_status_id":2,"ggk_zone_code":"11010000","ggk_zone_name":"Территория усадебной застройки","gp_func_zone_code":"11010000","gp_func_zone_code_id":19,"id":4726810,"zone_type_id":8},"type":"Feature"},{"bbox":[77.0931,43.6654,77.095,43.6667],"geometry":{"coordinates":[[[[77.095,43.6667],[77.094,43.6654],[77.0931,43.6657],[77.0938,43.6665],[77.0939,43.6667],[77.0948,43.6667],[77.095,43.6667]]]],"type":"MultiPolygon"},"geometry_name":"shape","id":"gp_functional_zones.fid--7752831e_19fb67eabdc_66e4","properties":{"area":12095.1056523814,"creation_doc_id":3613,"deactivation_doc_id":null,"func_zone_status_id":2,"ggk_zone_code":"11010000","ggk_zone_name":"Территория усадебной застройки","gp_func_zone_code":"11010000","gp_func_zone_code_id":19,"id":4726811,"zone_type_id":8},"type":"Feature"},{"bbox":[77.1204,43.6868,77.1238,43.6876],"geometry":{"coordinates":[[[[77.1211,43.6869],[77.1206,43.6868],[77.1204,43.6869],[77.1206,43.6873],[77.1206,43.6873],[77.1206,43.6873],[77.1207,43.6876],[77.1238,43.6871],[77.1237,43.6871],[77.1237,43.6871],[77.1237,43.6871],[77.1237,43.6871],[77.1237,43.6871],[77.1237,43.6871],[77.1237,43.687],[77.1237,43.687],[77.1237,43.687],[77.1237,43.687],[77.1237,43.687],[77.1237,43.687],[77.1237,43.687],[77.1236,43.687],[77.1236,43.687],[77.1236,43.687],[77.1236,43.687],[77.1236,43.687],[77.1236,43.687],[77.1236,43.6869],[77.1236,43.6869],[77.1236,43.6869],[77.1236,43.6869],[77.1236,43.6869],[77.1236,43.6869],[77.1236,43.6869],[77.1236,43.6869],[77.1236,43.6869],[77.1236,43.6869],[77.1232,43.6869],[77.1211,43.6869]]]],"type":"MultiPolygon"},"geometry_name":"shape","id":"gp_functional_zones.fid--7752831e_19fb67eabdc_66e6","properties":{"area":14327.5889650928,"creation_doc_id":3613,"deactivation_doc_id":null,"func_zone_status_id":2,"ggk_zone_code":"11010000","ggk_zone_name":"Территория усадебной застройки","gp_func_zone_code":"11010000","gp_func_zone_code_id":19,"id":4726813,"zone_type_id":8},"type":"Feature"},{"bbox":[77.1127,43.6874,77.1205,43.689],"geometry":{"coordinates":[[[[77.113,43.689],[77.113,43.689],[77.113,43.689],[77.1131,43.689],[77.1132,43.6889],[77.1156,43.6885],[77.1159,43.6885],[77.1159,43.6885],[77.1159,43.6885],[77.1161,43.6884],[77.1198,43.6878],[77.1198,43.6878],[77.1198,43.6878],[77.1201,43.6877],[77.1205,43.6877],[77.1204,43.6874],[77.1183,43.6877],[77.1176,43.6878],[77.1152,43.6881],[77.1134,43.6884],[77.1127,43.6885],[77.1128,43.6885],[77.1128,43.6889],[77.1128,43.6889],[77.113,43.689],[77.113,43.689]]]],"type":"MultiPolygon"},"geometry_name":"shape","id":"gp_functional_zones.fid--7752831e_19fb67eabdc_66e7","properties":{"area":28669.6151720323,"creation_doc_id":3613,"deactivation_doc_id":null,"func_zone_status_id":2,"ggk_zone_code":"11010000","ggk_zone_name":"Территория усадебной застройки","gp_func_zone_code":"11010000","gp_func_zone_code_id":19,"id":4726814,"zone_type_id":8},"type":"Feature"},{"bbox":[77.1127,43.6866,77.1175,43.6883],"geometry":{"coordinates":[[[[77.1175,43.6876],[77.1174,43.6866],[77.1127,43.6874],[77.1129,43.6883],[77.1172,43.6876],[77.1175,43.6876]]]],"type":"MultiPolygon"},"geometry_name":"shape","id":"gp_functional_zones.fid--7752831e_19fb67eabdc_66e8","properties":{"area":39532.9067760367,"creation_doc_id":3613,"deactivation_doc_id":null,"func_zone_status_id":2,"ggk_zone_code":"11010000","ggk_zone_name":"Территория усадебной застройки","gp_func_zone_code":"11010000","gp_func_zone_code_id":19,"id":4726815,"zone_type_id":8},"type":"Feature"},{"bbox":[77.1124,43.6859,77.1173,43.6872],"geometry":{"coordinates":[[[[77.1173,43.6864],[77.1173,43.6859],[77.1157,43.686],[77.1157,43.686],[77.1154,43.686],[77.1124,43.6861],[77.1127,43.6872],[77.1173,43.6864]]]],"type":"MultiPolygon"},"geometry_name":"shape","id":"gp_functional_zones.fid--7752831e_19fb67eabdc_66e9","properties":{"area":36244.8069378568,"creation_doc_id":3613,"deactivation_doc_id":null,"func_zone_status_id":2,"ggk_zone_code":"11010000","ggk_zone_name":"Территория усадебной застройки","gp_func_zone_code":"11010000","gp_func_zone_code_id":19,"id":4726816,"zone_type_id":8},"type":"Feature"},{"bbox":[77.1176,43.6864,77.1203,43.6876],"geometry":{"coordinates":[[[[77.1203,43.6872],[77.1201,43.6869],[77.1193,43.687],[77.1193,43.6869],[77.1192,43.6864],[77.1176,43.6866],[77.1177,43.6876],[77.1203,43.6872]]]],"type":"MultiPolygon"},"geometry_name":"shape","id":"gp_functional_zones.fid--7752831e_19fb67eabdc_66ea","properties":{"area":17033.6646353786,"creation_doc_id":3613,"deactivation_doc_id":null,"func_zone_status_id":2,"ggk_zone_code":"11010000","ggk_zone_name":"Территория усадебной застройки","gp_func_zone_code":"11010000","gp_func_zone_code_id":19,"id":4726817,"zone_type_id":8},"type":"Feature"},{"bbox":[77.1175,43.6858,77.1192,43.6864],"geometry":{"coordinates":[[[[77.1192,43.6862],[77.1192,43.6858],[77.1175,43.6859],[77.1176,43.6864],[77.1192,43.6862]]]],"type":"MultiPolygon"},"geometry_name":"shape","id":"gp_functional_zones.fid--7752831e_19fb67eabdc_66eb","properties":{"area":7443.97464390686,"creation_doc_id":3613,"deactivation_doc_id":null,"func_zone_status_id":2,"ggk_zone_code":"11010000","ggk_zone_name":"Территория усадебной застройки","gp_func_zone_code":"11010000","gp_func_zone_code_id":19,"id":4726818,"zone_type_id":8},"type":"Feature"},{"bbox":[77.1193,43.6837,77.1212,43.6844],"geometry":{"coordinates":[[[[77.1212,43.684],[77.1211,43.6837],[77.1194,43.6839],[77.1193,43.6839],[77.1194,43.6844],[77.1205,43.6842],[77.1207,43.6841],[77.1209,43.684],[77.1209,43.684],[77.1209,43.684],[77.1209,43.684],[77.1209,43.684],[77.1209,43.684],[77.1209,43.684],[77.121,43.684],[77.121,43.684],[77.121,43.684],[77.121,43.684],[77.121,43.684],[77.121,43.684],[77.121,43.684],[77.121,43.684],[77.1212,43.684]]]],"type":"MultiPolygon"},"geometry_name":"shape","id":"gp_functional_zones.fid--7752831e_19fb67eabdc_66ec","properties":{"area":6195.8723814721,"creation_doc_id":3613,"deactivation_doc_id":null,"func_zone_status_id":2,"ggk_zone_code":"11010000","ggk_zone_name":"Территория усадебной застройки","gp_func_zone_code":"11010000","gp_func_zone_code_id":19,"id":4726819,"zone_type_id":8},"type":"Feature"},{"bbox":[77.1111,43.6799,77.1116,43.6811],"geometry":{"coordinates":[[[[77.1115,43.6804],[77.1115,43.6799],[77.1112,43.68],[77.1111,43.68],[77.1114,43.6811],[77.1114,43.6811],[77.1116,43.6811],[77.1116,43.6805],[77.1115,43.6804]]]],"type":"MultiPolygon"},"geometry_name":"shape","id":"gp_functional_zones.fid--7752831e_19fb67eabdc_66ed","properties":{"area":3495.3745647231,"creation_doc_id":3613,"deactivation_doc_id":null,"func_zone_status_id":2,"ggk_zone_code":"11010000","ggk_zone_name":"Территория усадебной застройки","gp_func_zone_code":"11010000","gp_func_zone_code_id":19,"id":4726820,"zone_type_id":8},"type":"Feature"},{"bbox":[77.1129,43.6774,77.1139,43.679],"geometry":{"coordinates":[[[[77.1138,43.6774],[77.1138,43.6774],[77.1132,43.6775],[77.1129,43.6775],[77.113,43.6779],[77.1131,43.6788],[77.1131,43.679],[77.1139,43.6789],[77.1139,43.678],[77.1138,43.6774],[77.1138,43.6774],[77.1138,43.6774]]]],"type":"MultiPolygon"},"geometry_name":"shape","id":"gp_functional_zones.fid--7752831e_19fb67eabdc_66ee","properties":{"area":11617.06398704,"creation_doc_id":3613,"deactivation_doc_id":null,"func_zone_status_id":2,"ggk_zone_code":"11010000","ggk_zone_name":"Территория усадебной застройки","gp_func_zone_code":"11010000","gp_func_zone_code_id":19,"id":4726821,"zone_type_id":8},"type":"Feature"},{"bbox":[77.117,43.6772,77.1185,43.6787],"geometry":{"coordinates":[[[[77.1183,43.6772],[77.1172,43.6772],[77.117,43.6772],[77.117,43.6773],[77.117,43.6773],[77.117,43.6774],[77.1172,43.6787],[77.1174,43.6787],[77.1176,43.6787],[77.1178,43.6787],[77.1178,43.6787],[77.1179,43.6786],[77.1181,43.6786],[77.1182,43.6786],[77.1185,43.6786],[77.1185,43.6781],[77.1184,43.6772],[77.1183,43.6772]]]],"type":"MultiPolygon"},"geometry_name":"shape","id":"gp_functional_zones.fid--7752831e_19fb67eabdc_66ef","properties":{"area":17552.7471593217,"creation_doc_id":3613,"deactivation_doc_id":null,"func_zone_status_id":2,"ggk_zone_code":"11010000","ggk_zone_name":"Территория усадебной застройки","gp_func_zone_code":"11010000","gp_func_zone_code_id":19,"id":4726822,"zone_type_id":8},"type":"Feature"},{"bbox":[77.1157,43.6763,77.1184,43.6771],"geometry":{"coordinates":[[[[77.1171,43.677],[77.1172,43.677],[77.1172,43.677],[77.1175,43.677],[77.1176,43.677],[77.1184,43.677],[77.1183,43.6763],[77.1157,43.6764],[77.1158,43.6771],[77.1171,43.677]]]],"type":"MultiPolygon"},"geometry_name":"shape","id":"gp_functional_zones.fid--7752831e_19fb67eabdc_66f0","properties":{"area":16872.2273851057,"creation_doc_id":3613,"deactivation_doc_id":null,"func_zone_status_id":2,"ggk_zone_code":"11010000","ggk_zone_name":"Территория усадебной застройки","gp_func_zone_code":"11010000","gp_func_zone_code_id":19,"id":4726823,"zone_type_id":8},"type":"Feature"},{"bbox":[77.1128,43.6764,77.1155,43.6773],"geometry":{"coordinates":[[[[77.1155,43.6771],[77.1154,43.6764],[77.1128,43.6766],[77.1128,43.6767],[77.1128,43.6768],[77.1129,43.677],[77.1129,43.677],[77.1129,43.6773],[77.1152,43.6772],[77.1154,43.6771],[77.1155,43.6771]]]],"type":"MultiPolygon"},"geometry_name":"shape","id":"gp_functional_zones.fid--7752831e_19fb67eabdc_66f1","properties":{"area":16910.1126995201,"creation_doc_id":3613,"deactivation_doc_id":null,"func_zone_status_id":2,"ggk_zone_code":"11010000","ggk_zone_name":"Территория усадебной застройки","gp_func_zone_code":"11010000","gp_func_zone_code_id":19,"id":4726824,"zone_type_id":8},"type":"Feature"},{"bbox":[77.1156,43.6754,77.1183,43.6762],"geometry":{"coordinates":[[[[77.1182,43.6754],[77.1182,43.6754],[77.1156,43.6755],[77.1156,43.6762],[77.1183,43.6761],[77.1183,43.676],[77.1182,43.6758],[77.1182,43.6757],[77.1182,43.6754]]]],"type":"MultiPolygon"},"geometry_name":"shape","id":"gp_functional_zones.fid--7752831e_19fb67eabdc_66f2","properties":{"area":16138.9029884892,"creation_doc_id":3613,"deactivation_doc_id":null,"func_zone_status_id":2,"ggk_zone_code":"11010000","ggk_zone_name":"Территория усадебной застройки","gp_func_zone_code":"11010000","gp_func_zone_code_id":19,"id":4726825,"zone_type_id":8},"type":"Feature"},{"bbox":[77.1126,43.6756,77.1154,43.6764],"geometry":{"coordinates":[[[[77.1154,43.6762],[77.1154,43.6756],[77.115,43.6756],[77.1143,43.6756],[77.1143,43.6756],[77.1126,43.6757],[77.1126,43.676],[77.1127,43.6764],[77.1154,43.6762]]]],"type":"MultiPolygon"},"geometry_name":"shape","id":"gp_functional_zones.fid--7752831e_19fb67eabdc_66f3","properties":{"area":17098.1536710708,"creation_doc_id":3613,"deactivation_doc_id":null,"func_zone_status_id":2,"ggk_zone_code":"11010000","ggk_zone_name":"Территория усадебной застройки","gp_func_zone_code":"11010000","gp_func_zone_code_id":19,"id":4726826,"zone_type_id":8},"type":"Feature"},{"bbox":[77.1102,43.6751,77.1125,43.6772],"geometry":{"coordinates":[[[[77.1123,43.6756],[77.1121,43.6751],[77.1107,43.6756],[77.1107,43.6756],[77.1102,43.6758],[77.1106,43.6764],[77.1106,43.6764],[77.1106,43.6764],[77.111,43.6772],[77.112,43.6768],[77.1124,43.6767],[77.1125,43.6766],[77.1125,43.6765],[77.1125,43.6765],[77.1124,43.6761],[77.1124,43.676],[77.1123,43.6756]]]],"type":"MultiPolygon"},"geometry_name":"shape","id":"gp_functional_zones.fid--7752831e_19fb67eabdc_66f5","properties":{"area":26341.3827646062,"creation_doc_id":3613,"deactivation_doc_id":null,"func_zone_status_id":2,"ggk_zone_code":"11010000","ggk_zone_name":"Территория усадебной застройки","gp_func_zone_code":"11010000","gp_func_zone_code_id":19,"id":4726828,"zone_type_id":8},"type":"Feature"},{"bbox":[77.1094,43.6733,77.1121,43.6757],"geometry":{"coordinates":[[[[77.1121,43.6749],[77.1115,43.6733],[77.11,43.6736],[77.1094,43.6738],[77.1094,43.6739],[77.1094,43.6739],[77.1095,43.674],[77.1095,43.674],[77.1095,43.674],[77.1095,43.6741],[77.1099,43.6757],[77.11,43.6757],[77.1106,43.6755],[77.1121,43.6749]]]],"type":"MultiPolygon"},"geometry_name":"shape","id":"gp_functional_zones.fid--7752831e_19fb67eabdc_66f6","properties":{"area":36909.3224747826,"creation_doc_id":3613,"deactivation_doc_id":null,"func_zone_status_id":2,"ggk_zone_code":"11010000","ggk_zone_name":"Территория усадебной застройки","gp_func_zone_code":"11010000","gp_func_zone_code_id":19,"id":4726829,"zone_type_id":8},"type":"Feature"},{"bbox":[77.1152,43.6725,77.1182,43.6754],"geometry":{"coordinates":[[[[77.1181,43.675],[77.1177,43.6737],[77.1176,43.6736],[77.1176,43.6735],[77.1172,43.6726],[77.1172,43.6725],[77.1162,43.6729],[77.1161,43.6728],[77.1152,43.6733],[77.1155,43.674],[77.1166,43.6738],[77.1169,43.6748],[77.1155,43.675],[77.1156,43.6754],[77.1156,43.6754],[77.1182,43.6752],[77.1182,43.6752],[77.1181,43.675]]]],"type":"MultiPolygon"},"geometry_name":"shape","id":"gp_functional_zones.fid--7752831e_19fb67eabdc_66f7","properties":{"area":40439.5602794211,"creation_doc_id":3613,"deactivation_doc_id":null,"func_zone_status_id":2,"ggk_zone_code":"11010000","ggk_zone_name":"Территория усадебной застройки","gp_func_zone_code":"11010000","gp_func_zone_code_id":19,"id":4726830,"zone_type_id":8},"type":"Feature"},{"bbox":[77.1107,43.6624,77.1129,43.6649],"geometry":{"coordinates":[[[[77.1114,43.6624],[77.1114,43.6624],[77.1114,43.6624],[77.1114,43.6624],[77.1114,43.6624],[77.1114,43.6624],[77.1114,43.6624],[77.1114,43.6624],[77.1114,43.6624],[77.1114,43.6624],[77.1114,43.6624],[77.1114,43.6624],[77.1114,43.6624],[77.1114,43.6624],[77.1114,43.6624],[77.1114,43.6624],[77.1114,43.6624],[77.1113,43.6624],[77.1113,43.6624],[77.1113,43.6624],[77.1113,43.6624],[77.1113,43.6624],[77.1113,43.6624],[77.1113,43.6624],[77.1113,43.6624],[77.1113,43.6624],[77.1107,43.6625],[77.1119,43.6649],[77.1129,43.6646],[77.1118,43.6625],[77.1118,43.6625],[77.1118,43.6625],[77.1118,43.6625],[77.1118,43.6625],[77.1118,43.6625],[77.1118,43.6625],[77.1118,43.6625],[77.1118,43.6625],[77.1118,43.6625],[77.1118,43.6625],[77.1118,43.6625],[77.1118,43.6625],[77.1118,43.6625],[77.1118,43.6625],[77.1118,43.6625],[77.1117,43.6625],[77.1117,43.6625],[77.1117,43.6625],[77.1117,43.6625],[77.1117,43.6625],[77.1117,43.6625],[77.1117,43.6625],[77.1117,43.6625],[77.1117,43.6624],[77.1117,43.6624],[77.1117,43.6624],[77.1117,43.6624],[77.1117,43.6624],[77.1117,43.6624],[77.1117,43.6624],[77.1117,43.6624],[77.1117,43.6624],[77.1117,43.6624],[77.1117,43.6624],[77.1117,43.6624],[77.1117,43.6624],[77.1117,43.6624],[77.1117,43.6624],[77.1117,43.6624],[77.1117,43.6624],[77.1117,43.6624],[77.1117,43.6624],[77.1117,43.6624],[77.1116,43.6624],[77.1116,43.6624],[77.1116,43.6624],[77.1116,43.6624],[77.1116,43.6624],[77.1116,43.6624],[77.1116,43.6624],[77.1116,43.6624],[77.1116,43.6624],[77.1116,43.6624],[77.1116,43.6624],[77.1116,43.6624],[77.1116,43.6624],[77.1116,43.6624],[77.1116,43.6624],[77.1116,43.6624],[77.1116,43.6624],[77.1116,43.6624],[77.1116,43.6624],[77.1116,43.6624],[77.1116,43.6624],[77.1115,43.6624],[77.1115,43.6624],[77.1115,43.6624],[77.1115,43.6624],[77.1115,43.6624],[77.1115,43.6624],[77.1115,43.6624],[77.1115,43.6624],[77.1115,43.6624],[77.1115,43.6624],[77.1115,43.6624],[77.1115,43.6624],[77.1115,43.6624],[77.1115,43.6624],[77.1115,43.6624],[77.1115,43.6624],[77.1115,43.6624],[77.1115,43.6624],[77.1115,43.6624],[77.1115,43.6624],[77.1114,43.6624],[77.1114,43.6624],[77.1114,43.6624]]]],"type":"MultiPolygon"},"geometry_name":"shape","id":"gp_functional_zones.fid--7752831e_19fb67eabdc_66f8","properties":{"area":22751.1899460211,"creation_doc_id":3613,"deactivation_doc_id":null,"func_zone_status_id":2,"ggk_zone_code":"11010000","ggk_zone_name":"Территория усадебной застройки","gp_func_zone_code":"11010000","gp_func_zone_code_id":19,"id":4726832,"zone_type_id":8},"type":"Feature"},{"bbox":[77.1096,43.6626,77.1117,43.6652],"geometry":{"coordinates":[[[[77.1117,43.6649],[77.1105,43.6626],[77.1096,43.6628],[77.1097,43.6631],[77.1097,43.6631],[77.1108,43.6652],[77.1117,43.6649]]]],"type":"MultiPolygon"},"geometry_name":"shape","id":"gp_functional_zones.fid--7752831e_19fb67eabdc_66f9","properties":{"area":21822.238564157,"creation_doc_id":3613,"deactivation_doc_id":null,"func_zone_status_id":2,"ggk_zone_code":"11010000","ggk_zone_name":"Территория усадебной застройки","gp_func_zone_code":"11010000","gp_func_zone_code_id":19,"id":4726833,"zone_type_id":8},"type":"Feature"},{"bbox":[77.1002,43.6611,77.1047,43.6657],"geometry":{"coordinates":[[[[77.1023,43.662],[77.1017,43.6611],[77.1016,43.6611],[77.1014,43.6612],[77.1006,43.6615],[77.1006,43.6616],[77.1002,43.6617],[77.1009,43.6626],[77.1014,43.6632],[77.1018,43.6636],[77.1018,43.6636],[77.1019,43.6637],[77.1019,43.6637],[77.1019,43.6637],[77.1019,43.6637],[77.1019,43.6638],[77.1019,43.6638],[77.1022,43.6641],[77.1024,43.6643],[77.1029,43.6649],[77.1033,43.6655],[77.1035,43.6657],[77.1036,43.6657],[77.1037,43.6656],[77.1039,43.6655],[77.104,43.6654],[77.104,43.6654],[77.1041,43.6654],[77.1041,43.6654],[77.1041,43.6654],[77.1042,43.6652],[77.1043,43.6651],[77.1044,43.665],[77.1044,43.665],[77.1045,43.6649],[77.1046,43.6648],[77.1047,43.6648],[77.1047,43.6648],[77.1047,43.6648],[77.1047,43.6647],[77.1047,43.6647],[77.1043,43.6642],[77.1035,43.6633],[77.1026,43.6623],[77.1023,43.662],[77.1023,43.662]]]],"type":"MultiPolygon"},"geometry_name":"shape","id":"gp_functional_zones.fid--7752831e_19fb67eabdc_66fa","properties":{"area":66270.0696362011,"creation_doc_id":3613,"deactivation_doc_id":null,"func_zone_status_id":2,"ggk_zone_code":"11010000","ggk_zone_name":"Территория усадебной застройки","gp_func_zone_code":"11010000","gp_func_zone_code_id":19,"id":4726834,"zone_type_id":8},"type":"Feature"},{"bbox":[77.1087,43.6632,77.1107,43.6657],"geometry":{"coordinates":[[[[77.1097,43.6636],[77.1095,43.6632],[77.1087,43.6634],[77.1099,43.6657],[77.11,43.6657],[77.1101,43.6657],[77.1103,43.6656],[77.1107,43.6655],[77.1106,43.6653],[77.1106,43.6653],[77.1097,43.6636]]]],"type":"MultiPolygon"},"geometry_name":"shape","id":"gp_functional_zones.fid--7752831e_19fb67eabdc_66fb","properties":{"area":19115.4788610832,"creation_doc_id":3613,"deactivation_doc_id":null,"func_zone_status_id":2,"ggk_zone_code":"11010000","ggk_zone_name":"Территория усадебной застройки","gp_func_zone_code":"11010000","gp_func_zone_code_id":19,"id":4726835,"zone_type_id":8},"type":"Feature"},{"bbox":[77.0986,43.6589,77.1015,43.66],"geometry":{"coordinates":[[[[77.0989,43.66],[77.1001,43.6596],[77.1002,43.6597],[77.1012,43.6594],[77.1014,43.6593],[77.1015,43.6593],[77.1014,43.6592],[77.1014,43.6591],[77.1013,43.659],[77.1012,43.6589],[77.1007,43.6591],[77.1007,43.6591],[77.1007,43.6591],[77.0986,43.6596],[77.0986,43.6596],[77.0986,43.6597],[77.0986,43.6597],[77.0986,43.6597],[77.0987,43.6598],[77.0989,43.66]]]],"type":"MultiPolygon"},"geometry_name":"shape","id":"gp_functional_zones.fid--7752831e_19fb67eabdc_66fd","properties":{"area":10491.9197570703,"creation_doc_id":3613,"deactivation_doc_id":null,"func_zone_status_id":2,"ggk_zone_code":"11010000","ggk_zone_name":"Территория усадебной застройки","gp_func_zone_code":"11010000","gp_func_zone_code_id":19,"id":4726837,"zone_type_id":8},"type":"Feature"},{"bbox":[77.1076,43.6635,77.1096,43.6661],"geometry":{"coordinates":[[[[77.1096,43.6658],[77.1085,43.6635],[77.1076,43.6637],[77.1088,43.6661],[77.1092,43.666],[77.1096,43.6658]]]],"type":"MultiPolygon"},"geometry_name":"shape","id":"gp_functional_zones.fid--7752831e_19fb67eabdc_6707","properties":{"area":19731.8776311525,"creation_doc_id":3613,"deactivation_doc_id":null,"func_zone_status_id":2,"ggk_zone_code":"11010000","ggk_zone_name":"Территория усадебной застройки","gp_func_zone_code":"11010000","gp_func_zone_code_id":19,"id":4726847,"zone_type_id":8},"type":"Feature"},{"bbox":[77.1019,43.6602,77.1074,43.6668],"geometry":{"coordinates":[[[77.1049,43.6621],[77.1039,43.6602],[77.1038,43.6602],[77.1037,43.6603],[77.1036,43.6603],[77.1034,43.6604],[77.1034,43.6605],[77.1034,43.6606],[77.1034,43.6607],[77.1034,43.6608],[77.1034,43.6609],[77.1034,43.661],[77.1033,43.6609],[77.1033,43.6608],[77.1033,43.6607],[77.1033,43.6606],[77.1033,43.6605],[77.1033,43.6604],[77.1019,43.661],[77.1025,43.6619],[77.1035,43.663],[77.1037,43.6632],[77.1049,43.6646],[77.1049,43.6647],[77.1051,43.6648],[77.1057,43.6655],[77.1057,43.6656],[77.1065,43.6664],[77.1068,43.6668],[77.1074,43.6665],[77.1049,43.6621]],[[77.1035,43.6612],[77.1035,43.6613],[77.1035,43.6614],[77.1036,43.6615],[77.1036,43.6616],[77.1036,43.6617],[77.1035,43.6617],[77.1035,43.6616],[77.1035,43.6615],[77.1034,43.6614],[77.1034,43.6613],[77.1034,43.6612],[77.1034,43.661],[77.1035,43.6612]],[[77.1037,43.6618],[77.1037,43.6619],[77.1037,43.662],[77.1038,43.6621],[77.1037,43.6621],[77.1036,43.662],[77.1036,43.6619],[77.1036,43.6618],[77.1036,43.6617],[77.1037,43.6618]],[[77.1039,43.6621],[77.104,43.6621],[77.104,43.6622],[77.1039,43.6622],[77.1038,43.6621],[77.1039,43.6621]],[[77.1041,43.6622],[77.1041,43.6623],[77.104,43.6622],[77.1041,43.6622]],[[77.1049,43.6645],[77.1048,43.6644],[77.1048,43.6643],[77.1048,43.6642],[77.1049,43.6641],[77.1049,43.6639],[77.1049,43.6638],[77.1049,43.6637],[77.105,43.6638],[77.105,43.6639],[77.105,43.6641],[77.1049,43.6642],[77.1049,43.6643],[77.1049,43.6644],[77.105,43.6645],[77.1049,43.6646],[77.1049,43.6645]],[[77.1048,43.6636],[77.1048,43.6634],[77.1048,43.6633],[77.1049,43.6632],[77.1049,43.6633],[77.1049,43.6634],[77.1049,43.6636],[77.1048,43.6636]],[[77.1048,43.6631],[77.1048,43.663],[77.1049,43.6631],[77.1049,43.6632],[77.1048,43.6631]],[[77.1047,43.663],[77.1047,43.6629],[77.1048,43.6629],[77.1048,43.663],[77.1047,43.663]],[[77.1043,43.6626],[77.1044,43.6625],[77.1045,43.6627],[77.1043,43.6626]]],"type":"Polygon"},"geometry_name":"shape","id":"gp_functional_zones.fid--7752831e_19fb67eabdc_6708","properties":{"area":88824.300063587,"creation_doc_id":3613,"deactivation_doc_id":null,"func_zone_status_id":2,"ggk_zone_code":"11010000","ggk_zone_name":"Территория усадебной застройки","gp_func_zone_code":"11010000","gp_func_zone_code_id":19,"id":4726848,"zone_type_id":8},"type":"Feature"},{"bbox":[77.1036,43.6648,77.1066,43.6676],"geometry":{"coordinates":[[[[77.1055,43.6656],[77.1048,43.6648],[77.1047,43.6649],[77.1047,43.6649],[77.1047,43.6649],[77.1047,43.6649],[77.1042,43.6653],[77.1042,43.6653],[77.1042,43.6653],[77.1042,43.6654],[77.1041,43.6654],[77.1039,43.6655],[77.1038,43.6657],[77.1037,43.6657],[77.1036,43.6657],[77.1036,43.6658],[77.1037,43.6658],[77.104,43.6662],[77.1045,43.6668],[77.105,43.6674],[77.1052,43.6676],[77.1058,43.6674],[77.1066,43.6669],[77.1062,43.6664],[77.1057,43.6658],[77.1055,43.6656]]]],"type":"MultiPolygon"},"geometry_name":"shape","id":"gp_functional_zones.fid--7752831e_19fb67eabdc_6709","properties":{"area":36028.3433031572,"creation_doc_id":3613,"deactivation_doc_id":null,"func_zone_status_id":2,"ggk_zone_code":"11010000","ggk_zone_name":"Территория усадебной застройки","gp_func_zone_code":"11010000","gp_func_zone_code_id":19,"id":4726849,"zone_type_id":8},"type":"Feature"},{"bbox":[77.1077,43.6615,77.1094,43.6633],"geometry":{"coordinates":[[[[77.1078,43.6615],[77.1077,43.6615],[77.1086,43.6633],[77.1094,43.6631],[77.1093,43.6629],[77.109,43.6623],[77.1089,43.662],[77.1086,43.662],[77.1084,43.6619],[77.1083,43.6618],[77.1083,43.6618],[77.1081,43.6616],[77.1081,43.6616],[77.1079,43.6616],[77.1078,43.6615]]]],"type":"MultiPolygon"},"geometry_name":"shape","id":"gp_functional_zones.fid--7752831e_19fb67eabdc_675b","properties":{"area":11044.5849835785,"creation_doc_id":3613,"deactivation_doc_id":null,"func_zone_status_id":2,"ggk_zone_code":"11010000","ggk_zone_name":"Территория усадебной застройки","gp_func_zone_code":"11010000","gp_func_zone_code_id":19,"id":4726935,"zone_type_id":8},"type":"Feature"},{"bbox":[77.1065,43.6615,77.1084,43.6636],"geometry":{"coordinates":[[[[77.1084,43.6633],[77.1074,43.6615],[77.1065,43.6617],[77.1075,43.6636],[77.1084,43.6633]]]],"type":"MultiPolygon"},"geometry_name":"shape","id":"gp_functional_zones.fid--7752831e_19fb67eabdc_6768","properties":{"area":16901.0677968022,"creation_doc_id":3613,"deactivation_doc_id":null,"func_zone_status_id":2,"ggk_zone_code":"11010000","ggk_zone_name":"Территория усадебной застройки","gp_func_zone_code":"11010000","gp_func_zone_code_id":19,"id":4726948,"zone_type_id":8},"type":"Feature"},{"bbox":[77.1051,43.6618,77.1086,43.6665],"geometry":{"coordinates":[[[[77.1086,43.6661],[77.1063,43.6618],[77.1051,43.6621],[77.1076,43.6665],[77.1086,43.6661]]]],"type":"MultiPolygon"},"geometry_name":"shape","id":"gp_functional_zones.fid--7752831e_19fb67eabdc_67a6","properties":{"area":49839.1640036645,"creation_doc_id":3613,"deactivation_doc_id":null,"func_zone_status_id":2,"ggk_zone_code":"11010000","ggk_zone_name":"Территория усадебной застройки","gp_func_zone_code":"11010000","gp_func_zone_code_id":19,"id":4727010,"zone_type_id":8},"type":"Feature"},{"bbox":[76.959,43.4343,76.9596,43.435],"geometry":{"coordinates":[[[[76.9596,43.4345],[76.9595,43.4343],[76.959,43.4345],[76.9593,43.435],[76.9595,43.4348],[76.9596,43.4348],[76.9596,43.4347],[76.9596,43.4345]]]],"type":"MultiPolygon"},"geometry_name":"shape","id":"gp_functional_zones.fid--7752831e_19fb67eabdc_68e7","properties":{"area":2018.97046761364,"creation_doc_id":3613,"deactivation_doc_id":null,"func_zone_status_id":2,"ggk_zone_code":"11010000","ggk_zone_name":"Территория усадебной застройки","gp_func_zone_code":"11010000","gp_func_zone_code_id":19,"id":4727346,"zone_type_id":8},"type":"Feature"},{"bbox":[76.9585,43.4353,76.9605,43.4382],"geometry":{"coordinates":[[[[76.9595,43.4357],[76.9593,43.4353],[76.959,43.4355],[76.9587,43.4357],[76.9587,43.4357],[76.9586,43.4357],[76.9588,43.436],[76.9587,43.436],[76.9588,43.4361],[76.9585,43.4363],[76.9593,43.4382],[76.9605,43.4379],[76.9605,43.4379],[76.9603,43.4376],[76.9602,43.4373],[76.9601,43.437],[76.96,43.4367],[76.9599,43.4364],[76.9599,43.4364],[76.9599,43.4363],[76.9596,43.4359],[76.9595,43.4357]]]],"type":"MultiPolygon"},"geometry_name":"shape","id":"gp_functional_zones.fid--7752831e_19fb67eabdc_68e8","properties":{"area":27588.2267297227,"creation_doc_id":3613,"deactivation_doc_id":null,"func_zone_status_id":2,"ggk_zone_code":"11010000","ggk_zone_name":"Территория усадебной застройки","gp_func_zone_code":"11010000","gp_func_zone_code_id":19,"id":4727347,"zone_type_id":8},"type":"Feature"},{"bbox":[76.965,43.4747,76.9686,43.4788],"geometry":{"coordinates":[[[[76.9666,43.4747],[76.9666,43.4747],[76.9666,43.4747],[76.9662,43.4748],[76.9663,43.4751],[76.965,43.4755],[76.9671,43.478],[76.9672,43.4781],[76.9667,43.4783],[76.9675,43.4788],[76.968,43.4787],[76.9686,43.4785],[76.9675,43.4762],[76.9666,43.4747],[76.9666,43.4747],[76.9666,43.4747]]]],"type":"MultiPolygon"},"geometry_name":"shape","id":"gp_functional_zones.fid--7752831e_19fb67eabdc_68e9","properties":{"area":53414.6617069221,"creation_doc_id":3613,"deactivation_doc_id":null,"func_zone_status_id":2,"ggk_zone_code":"11010000","ggk_zone_name":"Территория усадебной застройки","gp_func_zone_code":"11010000","gp_func_zone_code_id":19,"id":4727348,"zone_type_id":8},"type":"Feature"},{"bbox":[76.9676,43.4787,76.9692,43.4804],"geometry":{"coordinates":[[[[76.9692,43.4804],[76.9686,43.4787],[76.9676,43.479],[76.9676,43.479],[76.968,43.4802],[76.9692,43.4804],[76.9692,43.4804]]]],"type":"MultiPolygon"},"geometry_name":"shape","id":"gp_functional_zones.fid--7752831e_19fb67eabdc_68ea","properties":{"area":14446.9645449088,"creation_doc_id":3613,"deactivation_doc_id":null,"func_zone_status_id":2,"ggk_zone_code":"11010000","ggk_zone_name":"Территория усадебной застройки","gp_func_zone_code":"11010000","gp_func_zone_code_id":19,"id":4727349,"zone_type_id":8},"type":"Feature"},{"bbox":[76.9478,43.4173,76.9484,43.4179],"geometry":{"coordinates":[[[[76.9484,43.4177],[76.948,43.4173],[76.9479,43.4174],[76.9478,43.4175],[76.9478,43.4175],[76.9478,43.4176],[76.9481,43.4179],[76.9484,43.4177]]]],"type":"MultiPolygon"},"geometry_name":"shape","id":"gp_functional_zones.fid--7752831e_19fb67eabdc_68ff","properties":{"area":1437.32053586983,"creation_doc_id":3613,"deactivation_doc_id":null,"func_zone_status_id":2,"ggk_zone_code":"11010000","ggk_zone_name":"Территория усадебной застройки","gp_func_zone_code":"11010000","gp_func_zone_code_id":19,"id":4727371,"zone_type_id":8},"type":"Feature"},{"bbox":[76.9482,43.4174,76.95,43.4187],"geometry":{"coordinates":[[[[76.95,43.4181],[76.9493,43.4174],[76.9485,43.4179],[76.9482,43.418],[76.9489,43.4187],[76.9492,43.4185],[76.95,43.4181]]]],"type":"MultiPolygon"},"geometry_name":"shape","id":"gp_functional_zones.fid--7752831e_19fb67eabdc_6900","properties":{"area":10403.6564484354,"creation_doc_id":3613,"deactivation_doc_id":null,"func_zone_status_id":2,"ggk_zone_code":"11010000","ggk_zone_name":"Территория усадебной застройки","gp_func_zone_code":"11010000","gp_func_zone_code_id":19,"id":4727372,"zone_type_id":8},"type":"Feature"},{"bbox":[76.9361,43.3938,76.9383,43.3977],"geometry":{"coordinates":[[[76.9382,43.3967],[76.9381,43.3961],[76.938,43.394],[76.9381,43.3939],[76.9381,43.3938],[76.938,43.3938],[76.9379,43.3939],[76.9378,43.3939],[76.9378,43.394],[76.9377,43.394],[76.9377,43.3941],[76.9376,43.3941],[76.9376,43.3942],[76.9375,43.3942],[76.9374,43.3942],[76.9373,43.3942],[76.9373,43.3943],[76.9373,43.3944],[76.9373,43.3945],[76.9372,43.3945],[76.9371,43.3945],[76.9371,43.3946],[76.937,43.3946],[76.937,43.3947],[76.937,43.3948],[76.9369,43.3948],[76.9368,43.3948],[76.9368,43.3949],[76.9368,43.395],[76.9367,43.395],[76.9366,43.395],[76.9365,43.3951],[76.9364,43.3952],[76.9363,43.3952],[76.9362,43.3952],[76.9362,43.3953],[76.9362,43.3954],[76.9363,43.3954],[76.9363,43.3955],[76.9364,43.3955],[76.9364,43.3956],[76.9364,43.3957],[76.9365,43.3957],[76.9365,43.3958],[76.9365,43.3959],[76.9366,43.396],[76.9366,43.3961],[76.9366,43.3962],[76.9367,43.3963],[76.9368,43.3964],[76.9368,43.3965],[76.9368,43.3966],[76.9368,43.3967],[76.9369,43.3967],[76.9369,43.3968],[76.9369,43.3969],[76.9368,43.3969],[76.9368,43.397],[76.9367,43.397],[76.9367,43.3971],[76.9366,43.3971],[76.9366,43.3972],[76.9365,43.3972],[76.9365,43.3973],[76.9364,43.3973],[76.9363,43.3973],[76.9363,43.3974],[76.9362,43.3974],[76.9362,43.3973],[76.9361,43.3975],[76.9361,43.3976],[76.9362,43.3976],[76.9363,43.3976],[76.9363,43.3977],[76.9383,43.3976],[76.9382,43.3967]],[[76.9374,43.3971],[76.9378,43.3971],[76.9378,43.3974],[76.9374,43.3974],[76.9374,43.3971]]],"type":"Polygon"},"geometry_name":"shape","id":"gp_functional_zones.fid--7752831e_19fb67eabdc_6945","properties":{"area":45256.7060333853,"creation_doc_id":3613,"deactivation_doc_id":null,"func_zone_status_id":2,"ggk_zone_code":"11010000","ggk_zone_name":"Территория усадебной застройки","gp_func_zone_code":"11010000","gp_func_zone_code_id":19,"id":4727465,"zone_type_id":8},"type":"Feature"},{"bbox":[77.0871,43.5846,77.0927,43.5996],"geometry":{"coordinates":[[[[77.0927,43.599],[77.0927,43.5989],[77.0927,43.5989],[77.0927,43.5982],[77.0927,43.5982],[77.0917,43.5956],[77.0917,43.5956],[77.0917,43.5956],[77.0917,43.5956],[77.0917,43.5956],[77.0917,43.5956],[77.0917,43.5955],[77.0917,43.5955],[77.0917,43.5955],[77.0917,43.5955],[77.0919,43.5954],[77.0918,43.5951],[77.0918,43.5951],[77.0916,43.5945],[77.0915,43.594],[77.0913,43.5934],[77.0911,43.5929],[77.0909,43.5925],[77.0907,43.592],[77.0905,43.5915],[77.0905,43.5915],[77.0903,43.5909],[77.0902,43.5904],[77.09,43.5899],[77.0899,43.5896],[77.0896,43.589],[77.0894,43.5885],[77.0893,43.588],[77.0891,43.5874],[77.0891,43.5874],[77.0889,43.587],[77.0887,43.5865],[77.088,43.5846],[77.088,43.5846],[77.0877,43.5847],[77.0871,43.5851],[77.0871,43.5851],[77.0871,43.5851],[77.0886,43.5872],[77.0886,43.5872],[77.0886,43.5872],[77.0886,43.5872],[77.0886,43.5872],[77.0886,43.5872],[77.0887,43.5876],[77.0887,43.5876],[77.0887,43.5876],[77.0887,43.5877],[77.0887,43.5877],[77.0882,43.589],[77.0882,43.589],[77.0882,43.589],[77.0883,43.5907],[77.0884,43.5909],[77.0894,43.5929],[77.0894,43.5929],[77.0899,43.595],[77.0904,43.5972],[77.0905,43.5972],[77.0913,43.5982],[77.0922,43.5993],[77.0923,43.5996],[77.0927,43.599]],[[77.0904,43.5928],[77.09,43.5929],[77.0899,43.5927],[77.0903,43.5926],[77.0904,43.5928]]]],"type":"MultiPolygon"},"geometry_name":"shape","id":"gp_functional_zones.fid--7752831e_19fb67eabdc_6966","properties":{"area":184856.816489319,"creation_doc_id":3613,"deactivation_doc_id":null,"func_zone_status_id":2,"ggk_zone_code":"11010000","ggk_zone_name":"Территория усадебной застройки","gp_func_zone_code":"11010000","gp_func_zone_code_id":19,"id":4727504,"zone_type_id":8},"type":"Feature"},{"bbox":[77.0655,43.6711,77.0694,43.6752],"geometry":{"coordinates":[[[[77.0693,43.6751],[77.0683,43.6726],[77.0683,43.6726],[77.0675,43.6729],[77.0672,43.6729],[77.067,43.6726],[77.0674,43.6725],[77.0672,43.6721],[77.068,43.6719],[77.068,43.6719],[77.068,43.6719],[77.0676,43.6711],[77.0675,43.6712],[77.0655,43.6713],[77.0655,43.6713],[77.0675,43.6752],[77.0675,43.6752],[77.0694,43.6751],[77.0693,43.6751]],[[77.0662,43.6724],[77.0663,43.6723],[77.0663,43.6724],[77.0662,43.6725],[77.0662,43.6724]]]],"type":"MultiPolygon"},"geometry_name":"shape","id":"gp_functional_zones.fid--7752831e_19fb67eabdc_6967","properties":{"area":65218.5773889007,"creation_doc_id":3613,"deactivation_doc_id":null,"func_zone_status_id":2,"ggk_zone_code":"11010000","ggk_zone_name":"Территория усадебной застройки","gp_func_zone_code":"11010000","gp_func_zone_code_id":19,"id":4727506,"zone_type_id":8},"type":"Feature"},{"bbox":[77.0768,43.7168,77.084,43.7218],"geometry":{"coordinates":[[[[77.0798,43.7215],[77.0799,43.7215],[77.0799,43.7215],[77.0799,43.7215],[77.0813,43.7218],[77.084,43.72],[77.084,43.72],[77.084,43.72],[77.0839,43.7198],[77.0838,43.7197],[77.0838,43.7195],[77.0837,43.7193],[77.0836,43.7192],[77.0835,43.719],[77.0834,43.7189],[77.0832,43.7187],[77.0829,43.7183],[77.0816,43.7168],[77.0797,43.718],[77.0768,43.7199],[77.0768,43.7199],[77.0768,43.7199],[77.0793,43.7218],[77.0798,43.7216],[77.0798,43.7215],[77.0798,43.7215],[77.0798,43.7215]],[[77.0811,43.7198],[77.0815,43.7197],[77.0816,43.7197],[77.0819,43.7195],[77.0821,43.7197],[77.0818,43.7199],[77.0824,43.7204],[77.0822,43.7209],[77.082,43.7212],[77.0801,43.7215],[77.0793,43.7209],[77.0811,43.7198]],[[77.0826,43.7202],[77.0827,43.7199],[77.0831,43.7199],[77.0831,43.7202],[77.0826,43.7202]],[[77.0811,43.7195],[77.0808,43.7197],[77.0807,43.7196],[77.0809,43.7194],[77.0811,43.7195]]]],"type":"MultiPolygon"},"geometry_name":"shape","id":"gp_functional_zones.fid--7752831e_19fb67eabdc_6968","properties":{"area":147060.456861479,"creation_doc_id":3613,"deactivation_doc_id":null,"func_zone_status_id":2,"ggk_zone_code":"11010000","ggk_zone_name":"Территория усадебной застройки","gp_func_zone_code":"11010000","gp_func_zone_code_id":19,"id":4727507,"zone_type_id":8},"type":"Feature"},{"bbox":[77.0339,43.7114,77.045,43.7163],"geometry":{"coordinates":[[[[77.0347,43.7156],[77.0352,43.7153],[77.0356,43.7155],[77.0357,43.7156],[77.0382,43.7139],[77.0382,43.7139],[77.0381,43.7138],[77.0389,43.7133],[77.0391,43.7133],[77.0391,43.7133],[77.0392,43.7133],[77.0392,43.7132],[77.0411,43.7119],[77.0431,43.7132],[77.0431,43.7133],[77.0428,43.7136],[77.0431,43.7137],[77.0425,43.7142],[77.0426,43.7143],[77.0427,43.7145],[77.0429,43.7147],[77.0426,43.7149],[77.0425,43.715],[77.0423,43.7152],[77.0422,43.7152],[77.0415,43.7146],[77.0405,43.7154],[77.0406,43.7162],[77.0407,43.7162],[77.0415,43.7155],[77.042,43.7157],[77.042,43.7158],[77.0422,43.7159],[77.0422,43.7159],[77.045,43.7139],[77.045,43.7139],[77.045,43.7139],[77.0449,43.7137],[77.0448,43.7137],[77.0448,43.7137],[77.0448,43.7137],[77.0448,43.7137],[77.0448,43.7137],[77.0448,43.7136],[77.0416,43.7114],[77.0397,43.7126],[77.0386,43.7133],[77.0386,43.7133],[77.0355,43.7149],[77.0354,43.7149],[77.0344,43.7154],[77.0344,43.7154],[77.0344,43.7154],[77.0346,43.7156],[77.0339,43.7161],[77.0347,43.7163],[77.0347,43.7163],[77.0352,43.716],[77.035,43.7159],[77.0347,43.7156]],[[77.0429,43.7124],[77.0425,43.7127],[77.0422,43.7125],[77.0426,43.7122],[77.0429,43.7124]]]],"type":"MultiPolygon"},"geometry_name":"shape","id":"gp_functional_zones.fid--7752831e_19fb67eabdc_69b8","properties":{"area":88429.0073594431,"creation_doc_id":3613,"deactivation_doc_id":null,"func_zone_status_id":2,"ggk_zone_code":"11010000","ggk_zone_name":"Территория усадебной застройки","gp_func_zone_code":"11010000","gp_func_zone_code_id":19,"id":4727600,"zone_type_id":8},"type":"Feature"},{"bbox":[77.1074,43.6842,77.1089,43.6851],"geometry":{"coordinates":[[[[77.1089,43.6849],[77.1088,43.6842],[77.1081,43.6842],[77.1076,43.6842],[77.1076,43.6842],[77.1076,43.6842],[77.1076,43.6842],[77.1075,43.6842],[77.1075,43.6842],[77.1075,43.6842],[77.1075,43.6842],[77.1075,43.6842],[77.1075,43.6842],[77.1075,43.6842],[77.1075,43.6842],[77.1074,43.6842],[77.1074,43.6842],[77.1074,43.6842],[77.1074,43.6842],[77.1074,43.6842],[77.1074,43.6842],[77.1074,43.6842],[77.1074,43.6842],[77.1075,43.6851],[77.1087,43.6849],[77.1089,43.6849]]]],"type":"MultiPolygon"},"geometry_name":"shape","id":"gp_functional_zones.fid--7752831e_19fb67eabdc_69c1","properties":{"area":10356.2305131633,"creation_doc_id":3613,"deactivation_doc_id":null,"func_zone_status_id":2,"ggk_zone_code":"11010000","ggk_zone_name":"Территория усадебной застройки","gp_func_zone_code":"11010000","gp_func_zone_code_id":19,"id":4727609,"zone_type_id":8},"type":"Feature"},{"bbox":[77.1022,43.6799,77.105,43.6827],"geometry":{"coordinates":[[[[77.1043,43.6806],[77.1041,43.6799],[77.1028,43.6803],[77.1027,43.6803],[77.1027,43.6803],[77.1025,43.6804],[77.1024,43.6804],[77.1022,43.6804],[77.1024,43.6806],[77.1032,43.6813],[77.1041,43.682],[77.1042,43.6821],[77.1043,43.6822],[77.1049,43.6827],[77.105,43.6826],[77.105,43.6826],[77.105,43.6826],[77.105,43.6825],[77.105,43.6825],[77.1043,43.6806]]]],"type":"MultiPolygon"},"geometry_name":"shape","id":"gp_functional_zones.fid--7752831e_19fb67eabdc_69c2","properties":{"area":26255.8598904145,"creation_doc_id":3613,"deactivation_doc_id":null,"func_zone_status_id":2,"ggk_zone_code":"11010000","ggk_zone_name":"Территория усадебной застройки","gp_func_zone_code":"11010000","gp_func_zone_code_id":19,"id":4727610,"zone_type_id":8},"type":"Feature"},{"bbox":[77.0977,43.6754,77.1,43.6786],"geometry":{"coordinates":[[[[77.099,43.6767],[77.0981,43.6754],[77.0979,43.6754],[77.0977,43.6775],[77.0983,43.6781],[77.0989,43.6786],[77.1,43.6783],[77.0999,43.6781],[77.0991,43.6769],[77.099,43.6767]]]],"type":"MultiPolygon"},"geometry_name":"shape","id":"gp_functional_zones.fid--7752831e_19fb67eabdc_69c3","properties":{"area":32733.9937155828,"creation_doc_id":3613,"deactivation_doc_id":null,"func_zone_status_id":2,"ggk_zone_code":"11010000","ggk_zone_name":"Территория усадебной застройки","gp_func_zone_code":"11010000","gp_func_zone_code_id":19,"id":4727611,"zone_type_id":8},"type":"Feature"},{"bbox":[77.0671,43.6691,77.0685,43.6704],"geometry":{"coordinates":[[[[77.0677,43.6692],[77.0676,43.6691],[77.0675,43.6691],[77.0674,43.6691],[77.0674,43.6691],[77.0673,43.6691],[77.0672,43.6692],[77.0671,43.6692],[77.0671,43.6692],[77.0674,43.67],[77.0676,43.6704],[77.0685,43.6704],[77.0684,43.6703],[77.0684,43.6702],[77.0684,43.6701],[77.0683,43.67],[77.0683,43.6699],[77.0682,43.6698],[77.0681,43.6697],[77.068,43.6696],[77.0679,43.6695],[77.0678,43.6694],[77.0677,43.6692]]]],"type":"MultiPolygon"},"geometry_name":"shape","id":"gp_functional_zones.fid--7752831e_19fb67eabdc_69c6","properties":{"area":8917.25902357931,"creation_doc_id":3613,"deactivation_doc_id":null,"func_zone_status_id":2,"ggk_zone_code":"11010000","ggk_zone_name":"Территория усадебной застройки","gp_func_zone_code":"11010000","gp_func_zone_code_id":19,"id":4727614,"zone_type_id":8},"type":"Feature"},{"bbox":[77.0639,43.6688,77.0673,43.6706],"geometry":{"coordinates":[[[[77.0673,43.6704],[77.0666,43.6688],[77.0639,43.669],[77.0639,43.669],[77.0639,43.669],[77.0641,43.6706],[77.0673,43.6704]]]],"type":"MultiPolygon"},"geometry_name":"shape","id":"gp_functional_zones.fid--7752831e_19fb67eabdc_69c7","properties":{"area":45054.4489923129,"creation_doc_id":3613,"deactivation_doc_id":null,"func_zone_status_id":2,"ggk_zone_code":"11010000","ggk_zone_name":"Территория усадебной застройки","gp_func_zone_code":"11010000","gp_func_zone_code_id":19,"id":4727615,"zone_type_id":8},"type":"Feature"},{"bbox":[77.0823,43.6636,77.0838,43.6676],"geometry":{"coordinates":[[[[77.0823,43.6636],[77.0823,43.6636],[77.0823,43.6636],[77.0825,43.6655],[77.0825,43.6656],[77.0827,43.6676],[77.0838,43.6675],[77.083,43.6656],[77.0826,43.6645],[77.0823,43.6636],[77.0823,43.6636]]]],"type":"MultiPolygon"},"geometry_name":"shape","id":"gp_functional_zones.fid--7752831e_19fb67eabdc_69c8","properties":{"area":19359.0145621863,"creation_doc_id":3613,"deactivation_doc_id":null,"func_zone_status_id":3,"ggk_zone_code":"11010000","ggk_zone_name":"Территория усадебной застройки","gp_func_zone_code":"11010000","gp_func_zone_code_id":19,"id":4727616,"zone_type_id":8},"type":"Feature"},{"bbox":[77.0844,43.6677,77.0854,43.6684],"geometry":{"coordinates":[[[[77.0853,43.6677],[77.0853,43.6677],[77.0844,43.6678],[77.0844,43.6679],[77.0846,43.6683],[77.0846,43.6684],[77.0854,43.6683],[77.0853,43.6679],[77.0853,43.6677],[77.0853,43.6677]]]],"type":"MultiPolygon"},"geometry_name":"shape","id":"gp_functional_zones.fid--7752831e_19fb67eabdc_69ca","properties":{"area":4462.17203900484,"creation_doc_id":3613,"deactivation_doc_id":null,"func_zone_status_id":3,"ggk_zone_code":"11010000","ggk_zone_name":"Территория усадебной застройки","gp_func_zone_code":"11010000","gp_func_zone_code_id":19,"id":4727618,"zone_type_id":8},"type":"Feature"},{"bbox":[77.0967,43.6679,77.1001,43.6706],"geometry":{"coordinates":[[[77.099,43.6689],[77.099,43.6688],[77.0983,43.6681],[77.0982,43.668],[77.0981,43.6679],[77.098,43.6679],[77.0979,43.6679],[77.0978,43.6679],[77.0977,43.6679],[77.0967,43.6679],[77.0968,43.6681],[77.0974,43.669],[77.0976,43.6693],[77.0977,43.6695],[77.0979,43.6696],[77.0988,43.6706],[77.1,43.6701],[77.1001,43.67],[77.099,43.6689]],[[77.0978,43.6694],[77.09795,43.66935000000001],[77.0979,43.6694],[77.0978,43.6695],[77.0977,43.6695],[77.0978,43.6694]],[[77.098,43.6693],[77.0981,43.6693],[77.09795,43.66935000000001],[77.098,43.6693]],[[77.0982,43.6692],[77.09830000000001,43.6692],[77.0981,43.6693],[77.0982,43.6692]],[[77.0984,43.66915],[77.0984,43.6692],[77.09830000000001,43.6692],[77.0984,43.66915]],[[77.0984,43.6691],[77.0987,43.669],[77.0984,43.66915],[77.0984,43.6691]]],"type":"Polygon"},"geometry_name":"shape","id":"gp_functional_zones.fid--7752831e_19fb67eabdc_69e7","properties":{"area":37271.2373407588,"creation_doc_id":3613,"deactivation_doc_id":null,"func_zone_status_id":2,"ggk_zone_code":"11010000","ggk_zone_name":"Территория усадебной застройки","gp_func_zone_code":"11010000","gp_func_zone_code_id":19,"id":4727655,"zone_type_id":8},"type":"Feature"},{"bbox":[77.1089,43.6657,77.1143,43.6729],"geometry":{"coordinates":[[[[77.1109,43.6658],[77.1108,43.6657],[77.1098,43.6659],[77.1089,43.6662],[77.1095,43.6673],[77.1104,43.6691],[77.1105,43.6695],[77.111,43.6709],[77.1123,43.6706],[77.1133,43.6703],[77.1136,43.671],[77.11369333333334,43.671],[77.1136,43.6708],[77.1132,43.6701],[77.1119,43.6676],[77.1118,43.6674],[77.11129458128079,43.66650147783251],[77.1102,43.6668],[77.1101,43.6666],[77.11113773584906,43.666222641509435],[77.1109,43.6658]]],[[[77.1113,43.6665],[77.1112,43.6662],[77.11113773584906,43.666222641509435],[77.11129458128079,43.66650147783251],[77.1113,43.6665]]],[[[77.11369333333334,43.671],[77.11369408602151,43.671001612903225],[77.1137,43.671],[77.11369333333334,43.671]]],[[[77.1143,43.6723],[77.11369408602151,43.671001612903225],[77.1126,43.6713],[77.1131,43.6721],[77.1118,43.6725],[77.112,43.6729],[77.1143,43.6723]]]],"type":"MultiPolygon"},"geometry_name":"shape","id":"gp_functional_zones.fid--7752831e_19fb67eabdc_69e9","properties":{"area":115388.238802151,"creation_doc_id":3613,"deactivation_doc_id":null,"func_zone_status_id":2,"ggk_zone_code":"11010000","ggk_zone_name":"Территория усадебной застройки","gp_func_zone_code":"11010000","gp_func_zone_code_id":19,"id":4727657,"zone_type_id":8},"type":"Feature"},{"bbox":[77.1311,43.7936,77.1331,43.7955],"geometry":{"coordinates":[[[[77.1325,43.7936],[77.1325,43.7936],[77.1324,43.7936],[77.1323,43.7937],[77.1321,43.7938],[77.132,43.7939],[77.1319,43.794],[77.1318,43.7941],[77.1317,43.7942],[77.1316,43.7943],[77.1315,43.7944],[77.1315,43.7944],[77.1314,43.7947],[77.1313,43.7949],[77.1311,43.7952],[77.1311,43.7952],[77.1318,43.7953],[77.133,43.7955],[77.133,43.7955],[77.1331,43.7953],[77.1331,43.795],[77.1331,43.7948],[77.1331,43.7945],[77.1331,43.7942],[77.1331,43.794],[77.1331,43.7937],[77.1331,43.7937],[77.133,43.7937],[77.133,43.7937],[77.133,43.7937],[77.1329,43.7937],[77.1329,43.7937],[77.1329,43.7937],[77.1328,43.7937],[77.1328,43.7937],[77.1328,43.7937],[77.1328,43.7937],[77.1327,43.7936],[77.1327,43.7936],[77.1327,43.7936],[77.1326,43.7936],[77.1326,43.7936],[77.1326,43.7936],[77.1325,43.7936]]]],"type":"MultiPolygon"},"geometry_name":"shape","id":"gp_functional_zones.fid--7752831e_19fb67eabdc_6a0d","properties":{"area":23655.1970966715,"creation_doc_id":3613,"deactivation_doc_id":null,"func_zone_status_id":3,"ggk_zone_code":"11010000","ggk_zone_name":"Территория усадебной застройки","gp_func_zone_code":"11010000","gp_func_zone_code_id":19,"id":4727702,"zone_type_id":8},"type":"Feature"},{"bbox":[77.1295,43.7955,77.133,43.7984],"geometry":{"coordinates":[[[[77.133,43.7958],[77.131,43.7955],[77.1308,43.7957],[77.1306,43.796],[77.1305,43.7962],[77.1303,43.7965],[77.1302,43.7967],[77.13,43.7969],[77.1298,43.7971],[77.1297,43.7974],[77.1295,43.7976],[77.1313,43.7984],[77.1314,43.7983],[77.1315,43.7982],[77.1316,43.7981],[77.1317,43.7981],[77.1318,43.798],[77.1318,43.798],[77.1319,43.7979],[77.132,43.7979],[77.1321,43.7978],[77.1322,43.7977],[77.1323,43.7976],[77.1324,43.7975],[77.1325,43.7975],[77.1325,43.7974],[77.1326,43.7973],[77.1326,43.7972],[77.1327,43.7971],[77.1328,43.7968],[77.1328,43.7966],[77.1329,43.7963],[77.133,43.7961],[77.133,43.7958],[77.133,43.7958]]]],"type":"MultiPolygon"},"geometry_name":"shape","id":"gp_functional_zones.fid--7752831e_19fb67eabdc_6a0e","properties":{"area":55787.3024953276,"creation_doc_id":3613,"deactivation_doc_id":null,"func_zone_status_id":3,"ggk_zone_code":"11010000","ggk_zone_name":"Территория усадебной застройки","gp_func_zone_code":"11010000","gp_func_zone_code_id":19,"id":4727703,"zone_type_id":8},"type":"Feature"},{"bbox":[77.12,43.8021,77.1234,43.8042],"geometry":{"coordinates":[[[[77.1221,43.8021],[77.1221,43.8021],[77.1217,43.8023],[77.1217,43.8023],[77.1214,43.8024],[77.1214,43.8024],[77.1211,43.8026],[77.1211,43.8026],[77.1208,43.8027],[77.1208,43.8027],[77.1205,43.8028],[77.1205,43.8028],[77.1203,43.803],[77.1203,43.803],[77.12,43.8032],[77.1202,43.8035],[77.1206,43.8042],[77.1206,43.8042],[77.1207,43.8042],[77.1208,43.8041],[77.1208,43.8041],[77.121,43.8041],[77.1211,43.804],[77.1211,43.804],[77.1212,43.804],[77.1213,43.804],[77.1213,43.804],[77.1214,43.8039],[77.1215,43.8039],[77.1215,43.8039],[77.1216,43.8038],[77.1217,43.8038],[77.1217,43.8038],[77.1218,43.8037],[77.1219,43.8037],[77.1219,43.8037],[77.122,43.8036],[77.1221,43.8036],[77.1221,43.8036],[77.1222,43.8035],[77.1223,43.8035],[77.1223,43.8035],[77.1224,43.8034],[77.1225,43.8034],[77.1225,43.8034],[77.1226,43.8033],[77.1227,43.8033],[77.1227,43.8033],[77.1228,43.8032],[77.1229,43.8031],[77.1229,43.8031],[77.1231,43.803],[77.1231,43.803],[77.1232,43.8029],[77.1232,43.8029],[77.1234,43.8027],[77.1221,43.8021]]]],"type":"MultiPolygon"},"geometry_name":"shape","id":"gp_functional_zones.fid--7752831e_19fb67eabdc_6a13","properties":{"area":32178.1545382837,"creation_doc_id":3613,"deactivation_doc_id":null,"func_zone_status_id":3,"ggk_zone_code":"11010000","ggk_zone_name":"Территория усадебной застройки","gp_func_zone_code":"11010000","gp_func_zone_code_id":19,"id":4727709,"zone_type_id":8},"type":"Feature"},{"bbox":[77.0411,43.7163,77.0438,43.7195],"geometry":{"coordinates":[[[[77.0422,43.7163],[77.0421,43.7163],[77.0411,43.717],[77.0411,43.717],[77.0411,43.717],[77.0411,43.717],[77.0418,43.7175],[77.0419,43.7176],[77.0419,43.7176],[77.042,43.7177],[77.042,43.7177],[77.0421,43.7177],[77.0421,43.7177],[77.0422,43.7178],[77.0422,43.7178],[77.0423,43.7179],[77.0423,43.7179],[77.0423,43.718],[77.0423,43.718],[77.0424,43.7181],[77.0424,43.7181],[77.0424,43.7182],[77.0424,43.7182],[77.0424,43.7183],[77.0424,43.7183],[77.0425,43.7184],[77.0425,43.7184],[77.0425,43.7185],[77.0425,43.7185],[77.0425,43.7185],[77.0425,43.7185],[77.0424,43.7195],[77.0424,43.7195],[77.0424,43.7195],[77.0425,43.7195],[77.0438,43.7188],[77.0438,43.7188],[77.0438,43.7188],[77.0438,43.7188],[77.0438,43.7187],[77.0436,43.7181],[77.0434,43.7175],[77.0431,43.7167],[77.0431,43.7167],[77.0431,43.7166],[77.0431,43.7166],[77.0431,43.7166],[77.043,43.7166],[77.043,43.7166],[77.0429,43.7165],[77.0429,43.7165],[77.0428,43.7165],[77.0428,43.7165],[77.0428,43.7165],[77.0427,43.7165],[77.0427,43.7165],[77.0426,43.7165],[77.0426,43.7165],[77.0425,43.7165],[77.0425,43.7165],[77.0425,43.7164],[77.0425,43.7164],[77.0424,43.7164],[77.0424,43.7164],[77.0423,43.7164],[77.0423,43.7164],[77.0422,43.7163]]]],"type":"MultiPolygon"},"geometry_name":"shape","id":"gp_functional_zones.fid--7752831e_19fb67eabdc_6a48","properties":{"area":35550.7848053825,"creation_doc_id":3613,"deactivation_doc_id":null,"func_zone_status_id":2,"ggk_zone_code":"11010000","ggk_zone_name":"Территория усадебной застройки","gp_func_zone_code":"11010000","gp_func_zone_code_id":19,"id":4727769,"zone_type_id":8},"type":"Feature"},{"bbox":[77.0394,43.7172,77.0422,43.7198],"geometry":{"coordinates":[[[[77.0417,43.7177],[77.0409,43.7172],[77.04,43.7178],[77.04,43.7178],[77.04,43.7178],[77.04,43.7178],[77.04,43.7178],[77.0394,43.7179],[77.0394,43.7179],[77.0394,43.7179],[77.0394,43.7179],[77.0422,43.7198],[77.0422,43.7198],[77.0422,43.7196],[77.0422,43.7185],[77.0422,43.7185],[77.0422,43.7185],[77.0422,43.7184],[77.0422,43.7183],[77.0422,43.7182],[77.0421,43.7182],[77.0421,43.7181],[77.042,43.718],[77.042,43.7179],[77.0419,43.7179],[77.0418,43.7178],[77.0418,43.7177],[77.0417,43.7177]]]],"type":"MultiPolygon"},"geometry_name":"shape","id":"gp_functional_zones.fid--7752831e_19fb67eabdc_6a49","properties":{"area":30716.2002637698,"creation_doc_id":3613,"deactivation_doc_id":null,"func_zone_status_id":2,"ggk_zone_code":"11010000","ggk_zone_name":"Территория усадебной застройки","gp_func_zone_code":"11010000","gp_func_zone_code_id":19,"id":4727770,"zone_type_id":8},"type":"Feature"},{"bbox":[77.0424,43.7173,77.0467,43.7214],"geometry":{"coordinates":[[[[77.0467,43.7201],[77.0466,43.72],[77.0462,43.7195],[77.0456,43.7188],[77.0453,43.7185],[77.0452,43.7184],[77.045,43.7181],[77.0452,43.718],[77.0452,43.7179],[77.0448,43.7173],[77.0437,43.7176],[77.0437,43.7176],[77.0437,43.7176],[77.0437,43.7176],[77.0438,43.7181],[77.044,43.7187],[77.044,43.7187],[77.044,43.7188],[77.044,43.7188],[77.044,43.7188],[77.044,43.7188],[77.044,43.7188],[77.044,43.7188],[77.044,43.7189],[77.044,43.7189],[77.044,43.7189],[77.044,43.7189],[77.044,43.7189],[77.0426,43.7196],[77.0426,43.7196],[77.0426,43.7196],[77.0426,43.7196],[77.0424,43.7197],[77.0424,43.7197],[77.0424,43.7197],[77.0424,43.72],[77.0424,43.72],[77.0424,43.72],[77.0441,43.7211],[77.0441,43.7211],[77.0441,43.7211],[77.0442,43.7212],[77.0445,43.7214],[77.0458,43.7206],[77.0458,43.7206],[77.0467,43.7201]]]],"type":"MultiPolygon"},"geometry_name":"shape","id":"gp_functional_zones.fid--7752831e_19fb67eabdc_6a4a","properties":{"area":76010.4040378263,"creation_doc_id":3613,"deactivation_doc_id":null,"func_zone_status_id":2,"ggk_zone_code":"11010000","ggk_zone_name":"Территория усадебной застройки","gp_func_zone_code":"11010000","gp_func_zone_code_id":19,"id":4727771,"zone_type_id":8},"type":"Feature"},{"bbox":[77.0486,43.7187,77.0523,43.7218],"geometry":{"coordinates":[[[[77.05,43.7191],[77.0495,43.7187],[77.0494,43.7187],[77.0494,43.7187],[77.0486,43.7192],[77.0486,43.7192],[77.0504,43.7217],[77.0506,43.7218],[77.0506,43.7218],[77.0506,43.7218],[77.0515,43.7216],[77.0522,43.7213],[77.0523,43.7213],[77.052,43.721],[77.05,43.7191]]]],"type":"MultiPolygon"},"geometry_name":"shape","id":"gp_functional_zones.fid--7752831e_19fb67eabdc_6a4b","properties":{"area":43128.4196716457,"creation_doc_id":3613,"deactivation_doc_id":null,"func_zone_status_id":2,"ggk_zone_code":"11010000","ggk_zone_name":"Территория усадебной застройки","gp_func_zone_code":"11010000","gp_func_zone_code_id":19,"id":4727772,"zone_type_id":8},"type":"Feature"},{"bbox":[76.94,43.4,76.9407,43.4024],"geometry":{"coordinates":[[[[76.9407,43.4024],[76.9407,43.4021],[76.9406,43.4013],[76.9406,43.4012],[76.9405,43.4004],[76.9404,43.4002],[76.9404,43.4001],[76.9403,43.4001],[76.9401,43.4],[76.94,43.4],[76.94,43.4024],[76.94,43.4024],[76.94,43.4024],[76.9402,43.4024],[76.9407,43.4024]]]],"type":"MultiPolygon"},"geometry_name":"shape","id":"gp_functional_zones.fid--7752831e_19fb67eabdc_6a51","properties":{"area":12452.1894378692,"creation_doc_id":3613,"deactivation_doc_id":null,"func_zone_status_id":2,"ggk_zone_code":"11010000","ggk_zone_name":"Территория усадебной застройки","gp_func_zone_code":"11010000","gp_func_zone_code_id":19,"id":4727778,"zone_type_id":8},"type":"Feature"},{"bbox":[76.9398,43.4028,76.9409,43.4036],"geometry":{"coordinates":[[[[76.9407,43.4028],[76.9398,43.4029],[76.9398,43.4032],[76.9398,43.4036],[76.9398,43.4036],[76.9409,43.4035],[76.9408,43.4035],[76.9407,43.4031],[76.9407,43.4028]]]],"type":"MultiPolygon"},"geometry_name":"shape","id":"gp_functional_zones.fid--7752831e_19fb67eabdc_6a52","properties":{"area":6023.14351557801,"creation_doc_id":3613,"deactivation_doc_id":null,"func_zone_status_id":2,"ggk_zone_code":"11010000","ggk_zone_name":"Территория усадебной застройки","gp_func_zone_code":"11010000","gp_func_zone_code_id":19,"id":4727779,"zone_type_id":8},"type":"Feature"},{"bbox":[77.1309,43.7004,77.1331,43.7041],"geometry":{"coordinates":[[[[77.133,43.7039],[77.1327,43.7031],[77.1326,43.7027],[77.1323,43.7022],[77.1323,43.7021],[77.1323,43.7021],[77.1319,43.7011],[77.1318,43.701],[77.1318,43.701],[77.1316,43.7005],[77.1315,43.7005],[77.1309,43.7004],[77.131,43.7008],[77.1311,43.701],[77.1311,43.701],[77.1312,43.7012],[77.1316,43.7025],[77.1318,43.7029],[77.1319,43.7031],[77.1319,43.7031],[77.132,43.7034],[77.1321,43.7038],[77.1322,43.704],[77.1322,43.704],[77.1331,43.7041],[77.133,43.7039]]]],"type":"MultiPolygon"},"geometry_name":"shape","id":"gp_functional_zones.fid--7752831e_19fb67eabdc_6a89","properties":{"area":25573.136792382,"creation_doc_id":3613,"deactivation_doc_id":null,"func_zone_status_id":2,"ggk_zone_code":"11010000","ggk_zone_name":"Территория усадебной застройки","gp_func_zone_code":"11010000","gp_func_zone_code_id":19,"id":4727837,"zone_type_id":8},"type":"Feature"},{"bbox":[77.13,43.6975,77.1325,43.6998],"geometry":{"coordinates":[[[[77.1325,43.6997],[77.1317,43.6976],[77.1317,43.6975],[77.1317,43.6975],[77.1308,43.6978],[77.13,43.6979],[77.1301,43.6981],[77.1301,43.6981],[77.1302,43.6983],[77.1307,43.6998],[77.1311,43.6998],[77.1325,43.6997]]]],"type":"MultiPolygon"},"geometry_name":"shape","id":"gp_functional_zones.fid--7752831e_19fb67eabdc_6a8a","properties":{"area":33433.199356204,"creation_doc_id":3613,"deactivation_doc_id":null,"func_zone_status_id":2,"ggk_zone_code":"11010000","ggk_zone_name":"Территория усадебной застройки","gp_func_zone_code":"11010000","gp_func_zone_code_id":19,"id":4727838,"zone_type_id":8},"type":"Feature"},{"bbox":[77.1193,43.5984,77.1203,43.5989],"geometry":{"coordinates":[[[[77.1193,43.5986],[77.12,43.5988],[77.1203,43.5989],[77.1199,43.5984],[77.1193,43.5986]]]],"type":"MultiPolygon"},"geometry_name":"shape","id":"gp_functional_zones.fid--7752831e_19fb67eabdc_6a98","properties":{"area":1409.75206735228,"creation_doc_id":3613,"deactivation_doc_id":null,"func_zone_status_id":2,"ggk_zone_code":"11010000","ggk_zone_name":"Территория усадебной застройки","gp_func_zone_code":"11010000","gp_func_zone_code_id":19,"id":4727852,"zone_type_id":8},"type":"Feature"},{"bbox":[77.121,43.5994,77.1223,43.5999],"geometry":{"coordinates":[[[[77.1223,43.5998],[77.1217,43.5996],[77.1211,43.5994],[77.121,43.5994],[77.121,43.5994],[77.121,43.5994],[77.1214,43.5999],[77.1223,43.5998]]]],"type":"MultiPolygon"},"geometry_name":"shape","id":"gp_functional_zones.fid--7752831e_19fb67eabdc_6a99","properties":{"area":2491.11932058626,"creation_doc_id":3613,"deactivation_doc_id":null,"func_zone_status_id":2,"ggk_zone_code":"11010000","ggk_zone_name":"Территория усадебной застройки","gp_func_zone_code":"11010000","gp_func_zone_code_id":19,"id":4727853,"zone_type_id":8},"type":"Feature"},{"bbox":[77.1238,43.6025,77.1257,43.6037],"geometry":{"coordinates":[[[[77.1256,43.6028],[77.1255,43.6025],[77.1238,43.6029],[77.1238,43.6029],[77.1238,43.6029],[77.1241,43.6037],[77.1257,43.6034],[77.1256,43.6028],[77.1256,43.6028]]]],"type":"MultiPolygon"},"geometry_name":"shape","id":"gp_functional_zones.fid--7752831e_19fb67eabdc_6aa2","properties":{"area":13283.2038874929,"creation_doc_id":3613,"deactivation_doc_id":null,"func_zone_status_id":2,"ggk_zone_code":"11010000","ggk_zone_name":"Территория усадебной застройки","gp_func_zone_code":"11010000","gp_func_zone_code_id":19,"id":4727862,"zone_type_id":8},"type":"Feature"},{"bbox":[77.1217,43.6039,77.1242,43.6051],"geometry":{"coordinates":[[[[77.1242,43.6046],[77.1239,43.6039],[77.1217,43.6044],[77.1217,43.6044],[77.1217,43.6044],[77.122,43.6051],[77.1242,43.6046],[77.1242,43.6046],[77.1242,43.6046]]]],"type":"MultiPolygon"},"geometry_name":"shape","id":"gp_functional_zones.fid--7752831e_19fb67eabdc_6aa3","properties":{"area":15629.6100468488,"creation_doc_id":3613,"deactivation_doc_id":null,"func_zone_status_id":2,"ggk_zone_code":"11010000","ggk_zone_name":"Территория усадебной застройки","gp_func_zone_code":"11010000","gp_func_zone_code_id":19,"id":4727863,"zone_type_id":8},"type":"Feature"},{"bbox":[77.122,43.6048,77.1245,43.6059],"geometry":{"coordinates":[[[[77.1245,43.6055],[77.1243,43.6048],[77.122,43.6053],[77.122,43.6053],[77.122,43.6053],[77.1223,43.6059],[77.1245,43.6055],[77.1245,43.6055],[77.1245,43.6055]]]],"type":"MultiPolygon"},"geometry_name":"shape","id":"gp_functional_zones.fid--7752831e_19fb67eabdc_6aa4","properties":{"area":14449.7688759539,"creation_doc_id":3613,"deactivation_doc_id":null,"func_zone_status_id":2,"ggk_zone_code":"11010000","ggk_zone_name":"Территория усадебной застройки","gp_func_zone_code":"11010000","gp_func_zone_code_id":19,"id":4727864,"zone_type_id":8},"type":"Feature"},{"bbox":[76.9494,43.4281,76.9533,43.4332],"geometry":{"coordinates":[[[[76.953,43.4307],[76.9531,43.4307],[76.9531,43.4307],[76.9532,43.4307],[76.9532,43.4307],[76.9533,43.4307],[76.9533,43.4307],[76.953,43.4301],[76.9528,43.4299],[76.9522,43.4291],[76.9521,43.4289],[76.9521,43.4289],[76.9515,43.4281],[76.9506,43.4283],[76.9499,43.4286],[76.9498,43.4291],[76.9503,43.4296],[76.9505,43.4303],[76.9505,43.4305],[76.9502,43.4306],[76.95,43.4309],[76.95,43.4311],[76.9499,43.4317],[76.9494,43.4323],[76.9494,43.4332],[76.9497,43.4332],[76.9498,43.433],[76.9498,43.4328],[76.9498,43.4327],[76.9499,43.4325],[76.9499,43.4323],[76.95,43.4321],[76.95,43.432],[76.9501,43.4319],[76.9502,43.4317],[76.9503,43.4315],[76.9503,43.4315],[76.9503,43.4314],[76.9503,43.4314],[76.9504,43.4313],[76.9504,43.4313],[76.9505,43.4313],[76.9505,43.4313],[76.9506,43.4312],[76.9506,43.4312],[76.9507,43.4311],[76.9507,43.4311],[76.9508,43.4311],[76.9508,43.4311],[76.9509,43.431],[76.9509,43.431],[76.951,43.431],[76.951,43.431],[76.9511,43.4309],[76.9511,43.4309],[76.9512,43.4309],[76.9512,43.4309],[76.9513,43.4309],[76.9514,43.4309],[76.9528,43.4307],[76.9529,43.4307],[76.9529,43.4307],[76.953,43.4307],[76.953,43.4307]]]],"type":"MultiPolygon"},"geometry_name":"shape","id":"gp_functional_zones.fid--7752831e_19fb67eabdc_6aee","properties":{"area":63848.0437980392,"creation_doc_id":3613,"deactivation_doc_id":null,"func_zone_status_id":3,"ggk_zone_code":"11010000","ggk_zone_name":"Территория усадебной застройки","gp_func_zone_code":"11010000","gp_func_zone_code_id":19,"id":4727944,"zone_type_id":8},"type":"Feature"},{"bbox":[76.9391,43.3802,76.9402,43.3812],"geometry":{"coordinates":[[[[76.9402,43.3811],[76.9391,43.3802],[76.9392,43.3812],[76.9402,43.3811]]]],"type":"MultiPolygon"},"geometry_name":"shape","id":"gp_functional_zones.fid--7752831e_19fb67eabdc_6aff","properties":{"area":4571.3669095014,"creation_doc_id":3613,"deactivation_doc_id":null,"func_zone_status_id":2,"ggk_zone_code":"11010000","ggk_zone_name":"Территория усадебной застройки","gp_func_zone_code":"11010000","gp_func_zone_code_id":19,"id":4727966,"zone_type_id":8},"type":"Feature"},{"bbox":[76.9393,43.3815,76.9489,43.3882],"geometry":{"coordinates":[[[[76.9477,43.3871],[76.9417,43.3823],[76.9407,43.3815],[76.9393,43.3815],[76.9395,43.3829],[76.9395,43.3829],[76.9397,43.3829],[76.9399,43.3829],[76.94,43.3829],[76.9402,43.3829],[76.9404,43.3829],[76.9406,43.3829],[76.9409,43.3829],[76.9411,43.3829],[76.9413,43.3829],[76.9414,43.3829],[76.9414,43.3829],[76.9414,43.3829],[76.9415,43.3829],[76.9415,43.3829],[76.9416,43.383],[76.9416,43.383],[76.9416,43.383],[76.9417,43.383],[76.9417,43.383],[76.9417,43.383],[76.9418,43.383],[76.9418,43.383],[76.9419,43.3831],[76.9419,43.3831],[76.9423,43.3833],[76.9426,43.3835],[76.943,43.3838],[76.9434,43.384],[76.9437,43.3842],[76.9438,43.3842],[76.9438,43.3842],[76.9439,43.3843],[76.9439,43.3843],[76.944,43.3844],[76.944,43.3844],[76.944,43.3844],[76.944,43.3845],[76.9441,43.3845],[76.9441,43.3845],[76.9442,43.3846],[76.9442,43.3846],[76.9442,43.3847],[76.9444,43.3853],[76.9444,43.3853],[76.9444,43.3853],[76.9445,43.3853],[76.9445,43.3853],[76.9446,43.3854],[76.9446,43.3854],[76.9446,43.3854],[76.9446,43.3854],[76.9447,43.3855],[76.9447,43.3855],[76.9448,43.3855],[76.9451,43.3858],[76.9454,43.3861],[76.9454,43.3862],[76.9455,43.3862],[76.9456,43.3863],[76.9457,43.3863],[76.9457,43.3864],[76.9458,43.3864],[76.9468,43.3867],[76.9468,43.3867],[76.9469,43.3867],[76.9469,43.3867],[76.947,43.3868],[76.947,43.3868],[76.9471,43.3868],[76.9471,43.3868],[76.9472,43.3869],[76.9472,43.3869],[76.9473,43.3869],[76.9473,43.3869],[76.9474,43.387],[76.9474,43.387],[76.9474,43.3871],[76.9475,43.3871],[76.9475,43.3872],[76.9475,43.3872],[76.9477,43.3875],[76.9479,43.3878],[76.948,43.3881],[76.9481,43.3882],[76.9482,43.3882],[76.9485,43.3882],[76.9486,43.3882],[76.9489,43.3881],[76.9489,43.3881],[76.9481,43.3875],[76.9479,43.3873],[76.9477,43.3871]]]],"type":"MultiPolygon"},"geometry_name":"shape","id":"gp_functional_zones.fid--7752831e_19fb67eabdc_6b00","properties":{"area":57456.7967757813,"creation_doc_id":3613,"deactivation_doc_id":null,"func_zone_status_id":2,"ggk_zone_code":"11010000","ggk_zone_name":"Территория усадебной застройки","gp_func_zone_code":"11010000","gp_func_zone_code_id":19,"id":4727970,"zone_type_id":8},"type":"Feature"},{"bbox":[76.9469,43.3948,76.9478,43.3962],"geometry":{"coordinates":[[[[76.9473,43.395],[76.9471,43.3948],[76.9469,43.3948],[76.9469,43.3948],[76.9469,43.3948],[76.947,43.3949],[76.9471,43.3954],[76.9472,43.3958],[76.9473,43.396],[76.9473,43.396],[76.9473,43.396],[76.9474,43.3961],[76.9474,43.3961],[76.9474,43.3961],[76.9474,43.3962],[76.9476,43.3958],[76.9477,43.3957],[76.9477,43.3957],[76.9478,43.3955],[76.9477,43.3954],[76.9475,43.3952],[76.9473,43.395]]]],"type":"MultiPolygon"},"geometry_name":"shape","id":"gp_functional_zones.fid--7752831e_19fb67eabdc_6b01","properties":{"area":5109.25966700846,"creation_doc_id":3613,"deactivation_doc_id":null,"func_zone_status_id":2,"ggk_zone_code":"11010000","ggk_zone_name":"Территория усадебной застройки","gp_func_zone_code":"11010000","gp_func_zone_code_id":19,"id":4727971,"zone_type_id":8},"type":"Feature"},{"bbox":[76.9479,43.3912,76.9485,43.3915],"geometry":{"coordinates":[[[[76.9485,43.3914],[76.9482,43.3912],[76.9481,43.3913],[76.9481,43.3913],[76.9479,43.3914],[76.9479,43.3915],[76.9482,43.3914],[76.9484,43.3914],[76.9485,43.3914]]]],"type":"MultiPolygon"},"geometry_name":"shape","id":"gp_functional_zones.fid--7752831e_19fb67eabdc_6b03","properties":{"area":531.348350664916,"creation_doc_id":3613,"deactivation_doc_id":null,"func_zone_status_id":2,"ggk_zone_code":"11010000","ggk_zone_name":"Территория усадебной застройки","gp_func_zone_code":"11010000","gp_func_zone_code_id":19,"id":4727973,"zone_type_id":8},"type":"Feature"},{"bbox":[76.9488,43.3845,76.9508,43.3878],"geometry":{"coordinates":[[[[76.9504,43.3866],[76.9499,43.3845],[76.9495,43.3845],[76.9492,43.385],[76.9488,43.3852],[76.9492,43.3857],[76.9496,43.3859],[76.9495,43.3862],[76.9489,43.3861],[76.9489,43.3861],[76.949,43.3865],[76.9491,43.3867],[76.9493,43.3868],[76.9505,43.3878],[76.9508,43.3878],[76.9506,43.3874],[76.9504,43.3866]]]],"type":"MultiPolygon"},"geometry_name":"shape","id":"gp_functional_zones.fid--7752831e_19fb67eabdc_6b06","properties":{"area":27922.5913035586,"creation_doc_id":3613,"deactivation_doc_id":null,"func_zone_status_id":3,"ggk_zone_code":"11010000","ggk_zone_name":"Территория усадебной застройки","gp_func_zone_code":"11010000","gp_func_zone_code_id":19,"id":4727976,"zone_type_id":8},"type":"Feature"},{"bbox":[76.948,43.4041,76.9488,43.4045],"geometry":{"coordinates":[[[[76.9488,43.4044],[76.9487,43.4041],[76.948,43.4042],[76.948,43.4042],[76.9481,43.4045],[76.9481,43.4045],[76.9488,43.4044]]]],"type":"MultiPolygon"},"geometry_name":"shape","id":"gp_functional_zones.fid--7752831e_19fb67eabdc_6b07","properties":{"area":2317.96725776821,"creation_doc_id":3613,"deactivation_doc_id":null,"func_zone_status_id":3,"ggk_zone_code":"11010000","ggk_zone_name":"Территория усадебной застройки","gp_func_zone_code":"11010000","gp_func_zone_code_id":19,"id":4727977,"zone_type_id":8},"type":"Feature"},{"bbox":[76.9488,43.4039,76.9497,43.4044],"geometry":{"coordinates":[[[[76.9497,43.4042],[76.9496,43.4039],[76.9492,43.404],[76.9488,43.404],[76.9489,43.4044],[76.9497,43.4042]]]],"type":"MultiPolygon"},"geometry_name":"shape","id":"gp_functional_zones.fid--7752831e_19fb67eabdc_6b08","properties":{"area":2181.33803856986,"creation_doc_id":3613,"deactivation_doc_id":null,"func_zone_status_id":3,"ggk_zone_code":"11010000","ggk_zone_name":"Территория усадебной застройки","gp_func_zone_code":"11010000","gp_func_zone_code_id":19,"id":4727978,"zone_type_id":8},"type":"Feature"},{"bbox":[76.9497,43.4038,76.9505,43.4042],"geometry":{"coordinates":[[[[76.9505,43.4041],[76.9504,43.4038],[76.9504,43.4038],[76.9497,43.4039],[76.9498,43.4042],[76.9499,43.4042],[76.9499,43.4042],[76.9501,43.4042],[76.9505,43.4041]]]],"type":"MultiPolygon"},"geometry_name":"shape","id":"gp_functional_zones.fid--7752831e_19fb67eabdc_6b09","properties":{"area":1890.28016162049,"creation_doc_id":3613,"deactivation_doc_id":null,"func_zone_status_id":3,"ggk_zone_code":"11010000","ggk_zone_name":"Территория усадебной застройки","gp_func_zone_code":"11010000","gp_func_zone_code_id":19,"id":4727979,"zone_type_id":8},"type":"Feature"},{"bbox":[76.9484,43.4024,76.9492,43.4026],"geometry":{"coordinates":[[[[76.9491,43.4024],[76.9491,43.4024],[76.9484,43.4026],[76.9484,43.4026],[76.9484,43.4026],[76.9484,43.4026],[76.9491,43.4026],[76.9492,43.4026],[76.9491,43.4025],[76.9491,43.4024]]]],"type":"MultiPolygon"},"geometry_name":"shape","id":"gp_functional_zones.fid--7752831e_19fb67eabdc_6b0a","properties":{"area":876.312979873123,"creation_doc_id":3613,"deactivation_doc_id":null,"func_zone_status_id":3,"ggk_zone_code":"11010000","ggk_zone_name":"Территория усадебной застройки","gp_func_zone_code":"11010000","gp_func_zone_code_id":19,"id":4727980,"zone_type_id":8},"type":"Feature"},{"bbox":[76.9492,43.4022,76.95,43.4026],"geometry":{"coordinates":[[[[76.9499,43.4022],[76.9499,43.4022],[76.9492,43.4023],[76.9492,43.4024],[76.9493,43.4024],[76.9493,43.4026],[76.95,43.4026],[76.95,43.4023],[76.9499,43.4022]]]],"type":"MultiPolygon"},"geometry_name":"shape","id":"gp_functional_zones.fid--7752831e_19fb67eabdc_6b0b","properties":{"area":2086.02914595291,"creation_doc_id":3613,"deactivation_doc_id":null,"func_zone_status_id":3,"ggk_zone_code":"11010000","ggk_zone_name":"Территория усадебной застройки","gp_func_zone_code":"11010000","gp_func_zone_code_id":19,"id":4727981,"zone_type_id":8},"type":"Feature"},{"bbox":[76.9501,43.4019,76.951,43.4025],"geometry":{"coordinates":[[[[76.951,43.4025],[76.9508,43.4019],[76.9501,43.4021],[76.9501,43.4022],[76.9501,43.4023],[76.9502,43.4025],[76.951,43.4025]]]],"type":"MultiPolygon"},"geometry_name":"shape","id":"gp_functional_zones.fid--7752831e_19fb67eabdc_6b0c","properties":{"area":3585.97506021826,"creation_doc_id":3613,"deactivation_doc_id":null,"func_zone_status_id":3,"ggk_zone_code":"11010000","ggk_zone_name":"Территория усадебной застройки","gp_func_zone_code":"11010000","gp_func_zone_code_id":19,"id":4727982,"zone_type_id":8},"type":"Feature"},{"bbox":[77.089,43.6797,77.0907,43.6837],"geometry":{"coordinates":[[[[77.0894,43.6799],[77.089,43.6797],[77.089,43.6797],[77.0892,43.682],[77.0893,43.6828],[77.0893,43.6828],[77.0893,43.6828],[77.0893,43.6831],[77.0893,43.6834],[77.0893,43.6837],[77.0896,43.6835],[77.09,43.6833],[77.0903,43.6831],[77.0906,43.6829],[77.0907,43.6814],[77.0907,43.6814],[77.0907,43.6805],[77.0902,43.6803],[77.0894,43.6799]]]],"type":"MultiPolygon"},"geometry_name":"shape","id":"gp_functional_zones.fid--7752831e_19fb67eabdc_6b0d","properties":{"area":41908.514980079,"creation_doc_id":3613,"deactivation_doc_id":null,"func_zone_status_id":3,"ggk_zone_code":"11010000","ggk_zone_name":"Территория усадебной застройки","gp_func_zone_code":"11010000","gp_func_zone_code_id":19,"id":4727983,"zone_type_id":8},"type":"Feature"},{"bbox":[77.0908,43.6806,77.0929,43.6828],"geometry":{"coordinates":[[[[77.0912,43.6807],[77.0909,43.6806],[77.0909,43.6814],[77.0909,43.6814],[77.0909,43.6825],[77.0908,43.6828],[77.0922,43.682],[77.0929,43.6815],[77.0922,43.6812],[77.0912,43.6807]]]],"type":"MultiPolygon"},"geometry_name":"shape","id":"gp_functional_zones.fid--7752831e_19fb67eabdc_6b0e","properties":{"area":19263.5066431901,"creation_doc_id":3613,"deactivation_doc_id":null,"func_zone_status_id":2,"ggk_zone_code":"11010000","ggk_zone_name":"Территория усадебной застройки","gp_func_zone_code":"11010000","gp_func_zone_code_id":19,"id":4727984,"zone_type_id":8},"type":"Feature"},{"bbox":[77.0911,43.6753,77.0935,43.678],"geometry":{"coordinates":[[[[77.0933,43.678],[77.0935,43.6753],[77.0932,43.6753],[77.0912,43.6754],[77.0911,43.6775],[77.0916,43.6776],[77.0933,43.678]]]],"type":"MultiPolygon"},"geometry_name":"shape","id":"gp_functional_zones.fid--7752831e_19fb67eabdc_6b0f","properties":{"area":48641.1008790259,"creation_doc_id":3613,"deactivation_doc_id":null,"func_zone_status_id":2,"ggk_zone_code":"11010000","ggk_zone_name":"Территория усадебной застройки","gp_func_zone_code":"11010000","gp_func_zone_code_id":19,"id":4727985,"zone_type_id":8},"type":"Feature"},{"bbox":[77.0959,43.679,77.097,43.6797],"geometry":{"coordinates":[[[[77.0962,43.679],[77.096,43.679],[77.0959,43.6796],[77.0959,43.6797],[77.097,43.6792],[77.097,43.6792],[77.0962,43.679]]]],"type":"MultiPolygon"},"geometry_name":"shape","id":"gp_functional_zones.fid--7752831e_19fb67eabdc_6b10","properties":{"area":3290.84513307077,"creation_doc_id":3613,"deactivation_doc_id":null,"func_zone_status_id":2,"ggk_zone_code":"11010000","ggk_zone_name":"Территория усадебной застройки","gp_func_zone_code":"11010000","gp_func_zone_code_id":19,"id":4727986,"zone_type_id":8},"type":"Feature"},{"bbox":[76.9492,43.4084,76.9506,43.4108],"geometry":{"coordinates":[[[[76.9506,43.4108],[76.9495,43.4084],[76.9492,43.4085],[76.9492,43.4085],[76.9492,43.4085],[76.9499,43.41],[76.9503,43.4108],[76.9506,43.4108]]]],"type":"MultiPolygon"},"geometry_name":"shape","id":"gp_functional_zones.fid--7752831e_19fb67eabdc_6b25","properties":{"area":6111.94590097836,"creation_doc_id":3613,"deactivation_doc_id":null,"func_zone_status_id":2,"ggk_zone_code":"11010000","ggk_zone_name":"Территория усадебной застройки","gp_func_zone_code":"11010000","gp_func_zone_code_id":19,"id":4728008,"zone_type_id":8},"type":"Feature"},{"bbox":[76.9504,43.4109,76.9512,43.4119],"geometry":{"coordinates":[[[[76.9512,43.4119],[76.9507,43.4109],[76.9504,43.411],[76.9507,43.4116],[76.9509,43.4119],[76.9512,43.4119]]]],"type":"MultiPolygon"},"geometry_name":"shape","id":"gp_functional_zones.fid--7752831e_19fb67eabdc_6b26","properties":{"area":2544.61128949708,"creation_doc_id":3613,"deactivation_doc_id":null,"func_zone_status_id":2,"ggk_zone_code":"11010000","ggk_zone_name":"Территория усадебной застройки","gp_func_zone_code":"11010000","gp_func_zone_code_id":19,"id":4728009,"zone_type_id":8},"type":"Feature"},{"bbox":[76.951,43.4121,76.9519,43.4135],"geometry":{"coordinates":[[[[76.9519,43.4135],[76.9512,43.4121],[76.951,43.4121],[76.9515,43.4133],[76.9516,43.4135],[76.9519,43.4135]]]],"type":"MultiPolygon"},"geometry_name":"shape","id":"gp_functional_zones.fid--7752831e_19fb67eabdc_6b27","properties":{"area":3627.64072939169,"creation_doc_id":3613,"deactivation_doc_id":null,"func_zone_status_id":2,"ggk_zone_code":"11010000","ggk_zone_name":"Территория усадебной застройки","gp_func_zone_code":"11010000","gp_func_zone_code_id":19,"id":4728010,"zone_type_id":8},"type":"Feature"},{"bbox":[76.9517,43.4136,76.9533,43.4164],"geometry":{"coordinates":[[[[76.9533,43.4163],[76.952,43.4136],[76.9517,43.4137],[76.952,43.4143],[76.9522,43.4146],[76.9526,43.4155],[76.9527,43.4157],[76.9528,43.4159],[76.9529,43.4161],[76.953,43.4162],[76.953,43.4164],[76.9533,43.4163]]]],"type":"MultiPolygon"},"geometry_name":"shape","id":"gp_functional_zones.fid--7752831e_19fb67eabdc_6b28","properties":{"area":6939.67824923911,"creation_doc_id":3613,"deactivation_doc_id":null,"func_zone_status_id":2,"ggk_zone_code":"11010000","ggk_zone_name":"Территория усадебной застройки","gp_func_zone_code":"11010000","gp_func_zone_code_id":19,"id":4728011,"zone_type_id":8},"type":"Feature"},{"bbox":[76.9505,43.4137,76.952,43.4145],"geometry":{"coordinates":[[[[76.952,43.4143],[76.9517,43.4137],[76.9509,43.4138],[76.9505,43.4139],[76.9508,43.4144],[76.951,43.4145],[76.952,43.4143]]]],"type":"MultiPolygon"},"geometry_name":"shape","id":"gp_functional_zones.fid--7752831e_19fb67eabdc_6b29","properties":{"area":7285.02297755922,"creation_doc_id":3613,"deactivation_doc_id":null,"func_zone_status_id":3,"ggk_zone_code":"11010000","ggk_zone_name":"Территория усадебной застройки","gp_func_zone_code":"11010000","gp_func_zone_code_id":19,"id":4728012,"zone_type_id":8},"type":"Feature"},{"bbox":[76.9481,43.4046,76.9492,43.4058],"geometry":{"coordinates":[[[[76.9492,43.4057],[76.9489,43.4046],[76.9482,43.4047],[76.9481,43.4047],[76.9484,43.4058],[76.9492,43.4057]]]],"type":"MultiPolygon"},"geometry_name":"shape","id":"gp_functional_zones.fid--7752831e_19fb67eabdc_6b45","properties":{"area":7617.2746224621,"creation_doc_id":3613,"deactivation_doc_id":null,"func_zone_status_id":3,"ggk_zone_code":"11010000","ggk_zone_name":"Территория усадебной застройки","gp_func_zone_code":"11010000","gp_func_zone_code_id":19,"id":4728040,"zone_type_id":8},"type":"Feature"},{"bbox":[76.9484,43.4057,76.9495,43.4067],"geometry":{"coordinates":[[[[76.9495,43.4066],[76.9492,43.4057],[76.9484,43.4058],[76.9487,43.4067],[76.9495,43.4066]]]],"type":"MultiPolygon"},"geometry_name":"shape","id":"gp_functional_zones.fid--7752831e_19fb67eabdc_6b46","properties":{"area":6735.2221079658,"creation_doc_id":3613,"deactivation_doc_id":null,"func_zone_status_id":2,"ggk_zone_code":"11010000","ggk_zone_name":"Территория усадебной застройки","gp_func_zone_code":"11010000","gp_func_zone_code_id":19,"id":4728041,"zone_type_id":8},"type":"Feature"},{"bbox":[76.949,43.4077,76.9498,43.4081],"geometry":{"coordinates":[[[[76.9498,43.4077],[76.949,43.4077],[76.9491,43.4081],[76.9491,43.4081],[76.9494,43.408],[76.9496,43.4079],[76.9498,43.4078],[76.9498,43.4078],[76.9498,43.4078],[76.9498,43.4077]]]],"type":"MultiPolygon"},"geometry_name":"shape","id":"gp_functional_zones.fid--7752831e_19fb67eabdc_6b47","properties":{"area":1959.72581864972,"creation_doc_id":3613,"deactivation_doc_id":null,"func_zone_status_id":2,"ggk_zone_code":"11010000","ggk_zone_name":"Территория усадебной застройки","gp_func_zone_code":"11010000","gp_func_zone_code_id":19,"id":4728042,"zone_type_id":8},"type":"Feature"},{"bbox":[76.9471,43.4047,76.949,43.4082],"geometry":{"coordinates":[[[[76.9489,43.4077],[76.948,43.4047],[76.948,43.4047],[76.9471,43.4048],[76.9479,43.4078],[76.9481,43.4082],[76.9488,43.4082],[76.949,43.4081],[76.949,43.4081],[76.9489,43.4077]]]],"type":"MultiPolygon"},"geometry_name":"shape","id":"gp_functional_zones.fid--7752831e_19fb67eabdc_6b48","properties":{"area":29848.6724692463,"creation_doc_id":3613,"deactivation_doc_id":null,"func_zone_status_id":2,"ggk_zone_code":"11010000","ggk_zone_name":"Территория усадебной застройки","gp_func_zone_code":"11010000","gp_func_zone_code_id":19,"id":4728043,"zone_type_id":8},"type":"Feature"},{"bbox":[77.016,43.7029,77.0181,43.7044],"geometry":{"coordinates":[[[[77.0181,43.7038],[77.0174,43.7029],[77.0174,43.7029],[77.0169,43.7034],[77.0161,43.7043],[77.016,43.7044],[77.016,43.7044],[77.0181,43.7038]]]],"type":"MultiPolygon"},"geometry_name":"shape","id":"gp_functional_zones.fid--7752831e_19fb67eabdc_6b4a","properties":{"area":10578.9353608787,"creation_doc_id":3613,"deactivation_doc_id":null,"func_zone_status_id":3,"ggk_zone_code":"11010000","ggk_zone_name":"Территория усадебной застройки","gp_func_zone_code":"11010000","gp_func_zone_code_id":19,"id":4728045,"zone_type_id":8},"type":"Feature"},{"bbox":[77.0113,43.6937,77.0211,43.6978],"geometry":{"coordinates":[[[[77.0158,43.6938],[77.0154,43.6938],[77.0151,43.6939],[77.0147,43.6939],[77.0147,43.6939],[77.0144,43.6939],[77.0143,43.6939],[77.014,43.6939],[77.014,43.6939],[77.0136,43.6938],[77.0136,43.6938],[77.0133,43.6938],[77.0133,43.6938],[77.0129,43.6938],[77.0129,43.6938],[77.0125,43.6938],[77.0125,43.6938],[77.0122,43.6937],[77.0122,43.6937],[77.0118,43.6937],[77.0118,43.6937],[77.0117,43.6937],[77.0113,43.6947],[77.0137,43.6978],[77.0211,43.6952],[77.021,43.6952],[77.021,43.6952],[77.0209,43.6951],[77.0208,43.695],[77.0207,43.6949],[77.0205,43.6948],[77.0204,43.6947],[77.0202,43.6946],[77.0201,43.6945],[77.0199,43.6944],[77.0198,43.6944],[77.0196,43.6943],[77.0194,43.6943],[77.0194,43.6943],[77.0193,43.6942],[77.0191,43.6942],[77.0189,43.6941],[77.0186,43.6941],[77.0182,43.694],[77.0179,43.694],[77.0175,43.6939],[77.0172,43.6939],[77.0168,43.6939],[77.0165,43.6939],[77.0161,43.6938],[77.0158,43.6938]]]],"type":"MultiPolygon"},"geometry_name":"shape","id":"gp_functional_zones.fid--7752831e_19fb67eabdc_6b4f","properties":{"area":210174.18581123,"creation_doc_id":3613,"deactivation_doc_id":null,"func_zone_status_id":3,"ggk_zone_code":"11010000","ggk_zone_name":"Территория усадебной застройки","gp_func_zone_code":"11010000","gp_func_zone_code_id":19,"id":4728051,"zone_type_id":8},"type":"Feature"},{"bbox":[77.004,43.6905,77.0095,43.6942],"geometry":{"coordinates":[[[[77.0044,43.6906],[77.0043,43.6905],[77.0042,43.6905],[77.004,43.6906],[77.004,43.6906],[77.0067,43.6942],[77.0095,43.6932],[77.0095,43.6932],[77.0094,43.6932],[77.0094,43.6932],[77.0091,43.6931],[77.0091,43.6931],[77.0087,43.693],[77.0087,43.6929],[77.0084,43.6928],[77.0084,43.6928],[77.0081,43.6927],[77.0081,43.6927],[77.0078,43.6926],[77.0078,43.6926],[77.0075,43.6925],[77.0075,43.6925],[77.0072,43.6923],[77.0072,43.6923],[77.0069,43.6922],[77.0069,43.6922],[77.0066,43.692],[77.0066,43.692],[77.0063,43.6919],[77.0063,43.6919],[77.006,43.6917],[77.006,43.6917],[77.0057,43.6915],[77.0057,43.6915],[77.0054,43.6914],[77.0054,43.6914],[77.0052,43.6912],[77.0052,43.6912],[77.0049,43.691],[77.0049,43.691],[77.0046,43.6908],[77.0046,43.6908],[77.0044,43.6906],[77.0044,43.6906]]]],"type":"MultiPolygon"},"geometry_name":"shape","id":"gp_functional_zones.fid--7752831e_19fb67eabdc_6b50","properties":{"area":51759.1020829586,"creation_doc_id":3613,"deactivation_doc_id":null,"func_zone_status_id":3,"ggk_zone_code":"11010000","ggk_zone_name":"Территория усадебной застройки","gp_func_zone_code":"11010000","gp_func_zone_code_id":19,"id":4728052,"zone_type_id":8},"type":"Feature"},{"bbox":[77.0068,43.6932,77.0114,43.6959],"geometry":{"coordinates":[[[77.0096,43.6933],[77.0068,43.6944],[77.0079,43.6959],[77.0111,43.6947],[77.0114,43.6936],[77.0111,43.6936],[77.0108,43.6935],[77.0104,43.6934],[77.0101,43.6933],[77.0097,43.6933],[77.0096,43.6933]]],"type":"Polygon"},"geometry_name":"shape","id":"gp_functional_zones.fid--7752831e_19fb67eabdc_6b51","properties":{"area":60710.2810822803,"creation_doc_id":3613,"deactivation_doc_id":null,"func_zone_status_id":3,"ggk_zone_code":"11010000","ggk_zone_name":"Территория усадебной застройки","gp_func_zone_code":"11010000","gp_func_zone_code_id":19,"id":4728053,"zone_type_id":8},"type":"Feature"},{"bbox":[76.9958,43.6851,76.9999,43.6879],"geometry":{"coordinates":[[[[76.9981,43.6851],[76.998,43.6851],[76.9979,43.6851],[76.9978,43.6851],[76.9978,43.6851],[76.9977,43.6852],[76.9976,43.6852],[76.9975,43.6852],[76.9975,43.6852],[76.9966,43.6856],[76.9965,43.6856],[76.9964,43.6857],[76.9964,43.6857],[76.9963,43.6858],[76.9963,43.6858],[76.9962,43.6859],[76.9962,43.6859],[76.9961,43.686],[76.9961,43.686],[76.9961,43.6861],[76.9961,43.6861],[76.9958,43.6879],[76.9999,43.6865],[76.9987,43.6854],[76.9987,43.6853],[76.9986,43.6853],[76.9986,43.6853],[76.9985,43.6853],[76.9985,43.6852],[76.9984,43.6852],[76.9983,43.6852],[76.9982,43.6852],[76.9982,43.6851],[76.9981,43.6851]]]],"type":"MultiPolygon"},"geometry_name":"shape","id":"gp_functional_zones.fid--7752831e_19fb67eabdc_6b52","properties":{"area":57117.3769110212,"creation_doc_id":3613,"deactivation_doc_id":null,"func_zone_status_id":3,"ggk_zone_code":"11010000","ggk_zone_name":"Территория усадебной застройки","gp_func_zone_code":"11010000","gp_func_zone_code_id":19,"id":4728054,"zone_type_id":8},"type":"Feature"},{"bbox":[76.9955,43.6866,77.0041,43.6926],"geometry":{"coordinates":[[[[77.0037,43.69],[77.0,43.6866],[76.9958,43.6882],[76.9955,43.69],[76.9955,43.6901],[76.9955,43.6902],[76.9956,43.6904],[76.9958,43.6906],[76.9959,43.6908],[76.9961,43.6909],[76.9962,43.6911],[76.9964,43.6913],[76.9966,43.6915],[76.9968,43.6916],[76.9978,43.6926],[77.0037,43.6905],[77.0037,43.6905],[77.0041,43.6904],[77.0039,43.6902],[77.0039,43.6902],[77.0037,43.69]]]],"type":"MultiPolygon"},"geometry_name":"shape","id":"gp_functional_zones.fid--7752831e_19fb67eabdc_6b53","properties":{"area":269304.472094369,"creation_doc_id":3613,"deactivation_doc_id":null,"func_zone_status_id":3,"ggk_zone_code":"11010000","ggk_zone_name":"Территория усадебной застройки","gp_func_zone_code":"11010000","gp_func_zone_code_id":19,"id":4728055,"zone_type_id":8},"type":"Feature"},{"bbox":[77.0933,43.6792,77.0949,43.6813],"geometry":{"coordinates":[[[[77.094,43.6793],[77.0934,43.6792],[77.0933,43.6813],[77.0936,43.6811],[77.0946,43.6805],[77.0949,43.6803],[77.0948,43.6802],[77.0948,43.6797],[77.0939,43.6796],[77.094,43.6793]]]],"type":"MultiPolygon"},"geometry_name":"shape","id":"gp_functional_zones.fid--7752831e_19fb67eabdc_6b60","properties":{"area":16630.369423033,"creation_doc_id":3613,"deactivation_doc_id":null,"func_zone_status_id":3,"ggk_zone_code":"11010000","ggk_zone_name":"Территория усадебной застройки","gp_func_zone_code":"11010000","gp_func_zone_code_id":19,"id":4728068,"zone_type_id":8},"type":"Feature"},{"bbox":[77.0886,43.7731,77.0914,43.7737],"geometry":{"coordinates":[[[[77.0909,43.7731],[77.0909,43.7732],[77.0904,43.7732],[77.0903,43.7731],[77.0886,43.7732],[77.0888,43.7734],[77.0892,43.7735],[77.0913,43.7737],[77.0914,43.7732],[77.0909,43.7731]]]],"type":"MultiPolygon"},"geometry_name":"shape","id":"gp_functional_zones.fid--7752831e_19fb67eabdc_6b78","properties":{"area":9993.64331746426,"creation_doc_id":3613,"deactivation_doc_id":null,"func_zone_status_id":3,"ggk_zone_code":"11010000","ggk_zone_name":"Территория усадебной застройки","gp_func_zone_code":"11010000","gp_func_zone_code_id":19,"id":4728092,"zone_type_id":8},"type":"Feature"},{"bbox":[77.089,43.7736,77.0907,43.7751],"geometry":{"coordinates":[[[[77.09,43.7751],[77.0902,43.775],[77.0905,43.7751],[77.0906,43.7742],[77.0907,43.7738],[77.0892,43.7737],[77.089,43.7736],[77.0897,43.7746],[77.0897,43.7746],[77.09,43.7751]]]],"type":"MultiPolygon"},"geometry_name":"shape","id":"gp_functional_zones.fid--7752831e_19fb67eabdc_6b79","properties":{"area":12380.449233077,"creation_doc_id":3613,"deactivation_doc_id":null,"func_zone_status_id":3,"ggk_zone_code":"11010000","ggk_zone_name":"Территория усадебной застройки","gp_func_zone_code":"11010000","gp_func_zone_code_id":19,"id":4728093,"zone_type_id":8},"type":"Feature"},{"bbox":[77.0798,43.6296,77.0818,43.6327],"geometry":{"coordinates":[[[[77.0817,43.6316],[77.0814,43.6296],[77.0798,43.6297],[77.0807,43.6322],[77.0809,43.6327],[77.0815,43.6326],[77.0818,43.6326],[77.0817,43.6316]]]],"type":"MultiPolygon"},"geometry_name":"shape","id":"gp_functional_zones.fid--7752831e_19fb67eabdc_6bc8","properties":{"area":34088.2363410739,"creation_doc_id":3613,"deactivation_doc_id":null,"func_zone_status_id":3,"ggk_zone_code":"11010000","ggk_zone_name":"Территория усадебной застройки","gp_func_zone_code":"11010000","gp_func_zone_code_id":19,"id":4728174,"zone_type_id":8},"type":"Feature"},{"bbox":[77.0757,43.6297,77.0805,43.633],"geometry":{"coordinates":[[[[77.0805,43.6327],[77.0801,43.6314],[77.0801,43.6314],[77.0788,43.6315],[77.0785,43.6307],[77.0798,43.6306],[77.0798,43.6306],[77.0798,43.6306],[77.0795,43.6297],[77.0784,43.6298],[77.076,43.6299],[77.0757,43.6299],[77.077,43.633],[77.0805,43.6327],[77.0805,43.6327],[77.0805,43.6327]]]],"type":"MultiPolygon"},"geometry_name":"shape","id":"gp_functional_zones.fid--7752831e_19fb67eabdc_6bc9","properties":{"area":91396.8558233158,"creation_doc_id":3613,"deactivation_doc_id":null,"func_zone_status_id":3,"ggk_zone_code":"11010000","ggk_zone_name":"Территория усадебной застройки","gp_func_zone_code":"11010000","gp_func_zone_code_id":19,"id":4728175,"zone_type_id":8},"type":"Feature"},{"bbox":[77.081,43.6329,77.082,43.6349],"geometry":{"coordinates":[[[[77.082,43.634],[77.0818,43.6329],[77.0815,43.6329],[77.0815,43.6329],[77.081,43.6329],[77.081,43.6329],[77.0812,43.6337],[77.0812,43.6337],[77.0812,43.6337],[77.0813,43.6338],[77.0813,43.6338],[77.0813,43.6338],[77.0813,43.6338],[77.0813,43.6338],[77.0813,43.6338],[77.0812,43.6348],[77.0812,43.6349],[77.0812,43.6349],[77.0812,43.6349],[77.082,43.6348],[77.082,43.6348],[77.082,43.634]]]],"type":"MultiPolygon"},"geometry_name":"shape","id":"gp_functional_zones.fid--7752831e_19fb67eabdc_6bca","properties":{"area":13051.0856095761,"creation_doc_id":3613,"deactivation_doc_id":null,"func_zone_status_id":3,"ggk_zone_code":"11010000","ggk_zone_name":"Территория усадебной застройки","gp_func_zone_code":"11010000","gp_func_zone_code_id":19,"id":4728176,"zone_type_id":8},"type":"Feature"},{"bbox":[76.9625,43.4407,76.9632,43.442],"geometry":{"coordinates":[[[[76.9632,43.4408],[76.9632,43.4408],[76.9632,43.4407],[76.9631,43.4408],[76.9629,43.4408],[76.9628,43.4408],[76.9627,43.4408],[76.9627,43.4408],[76.9626,43.4408],[76.9625,43.4408],[76.9625,43.4408],[76.9626,43.4411],[76.9629,43.4416],[76.9631,43.442],[76.9632,43.4419],[76.9632,43.4418],[76.9632,43.4418],[76.9632,43.4417],[76.9631,43.4417],[76.9631,43.4416],[76.963,43.4416],[76.963,43.4416],[76.963,43.4415],[76.963,43.4415],[76.9629,43.4414],[76.9629,43.4414],[76.9629,43.4413],[76.9629,43.4413],[76.9629,43.4413],[76.9629,43.4412],[76.9629,43.4412],[76.963,43.4412],[76.963,43.4411],[76.963,43.4411],[76.963,43.4411],[76.9631,43.441],[76.9631,43.441],[76.9632,43.441],[76.9632,43.441],[76.9632,43.441],[76.9632,43.4409],[76.9632,43.4409],[76.9632,43.4408]]]],"type":"MultiPolygon"},"geometry_name":"shape","id":"gp_functional_zones.fid--7752831e_19fb67eabdc_6c15","properties":{"area":2719.75472232063,"creation_doc_id":3613,"deactivation_doc_id":null,"func_zone_status_id":2,"ggk_zone_code":"11010000","ggk_zone_name":"Территория усадебной застройки","gp_func_zone_code":"11010000","gp_func_zone_code_id":19,"id":4728259,"zone_type_id":8},"type":"Feature"},{"bbox":[76.9612,43.4425,76.9628,43.4436],"geometry":{"coordinates":[[[[76.9628,43.4425],[76.9628,43.4425],[76.9612,43.443],[76.9612,43.4431],[76.9616,43.4436],[76.9617,43.4436],[76.9618,43.4434],[76.962,43.4433],[76.9622,43.4432],[76.9623,43.4431],[76.9623,43.4431],[76.9624,43.4429],[76.9626,43.4428],[76.9627,43.4426],[76.9628,43.4425]]]],"type":"MultiPolygon"},"geometry_name":"shape","id":"gp_functional_zones.fid--7752831e_19fb67eabdc_6c18","properties":{"area":6345.45943377753,"creation_doc_id":3613,"deactivation_doc_id":null,"func_zone_status_id":2,"ggk_zone_code":"11010000","ggk_zone_name":"Территория усадебной застройки","gp_func_zone_code":"11010000","gp_func_zone_code_id":19,"id":4728262,"zone_type_id":8},"type":"Feature"},{"bbox":[76.9668,43.4467,76.9686,43.449],"geometry":{"coordinates":[[[[76.9686,43.449],[76.9677,43.4467],[76.9668,43.4469],[76.9674,43.4484],[76.9674,43.4484],[76.9675,43.4487],[76.9675,43.4487],[76.9675,43.449],[76.9686,43.449]]]],"type":"MultiPolygon"},"geometry_name":"shape","id":"gp_functional_zones.fid--7752831e_19fb67eabdc_6c1e","properties":{"area":19297.1235341471,"creation_doc_id":3613,"deactivation_doc_id":null,"func_zone_status_id":3,"ggk_zone_code":"11010000","ggk_zone_name":"Территория усадебной застройки","gp_func_zone_code":"11010000","gp_func_zone_code_id":19,"id":4728268,"zone_type_id":8},"type":"Feature"},{"bbox":[76.9656,43.447,76.9673,43.4491],"geometry":{"coordinates":[[[[76.9671,43.4484],[76.9665,43.447],[76.9656,43.4472],[76.9661,43.4483],[76.9664,43.4491],[76.9673,43.449],[76.9672,43.4488],[76.9671,43.4484]]]],"type":"MultiPolygon"},"geometry_name":"shape","id":"gp_functional_zones.fid--7752831e_19fb67eabdc_6c1f","properties":{"area":17363.8327142369,"creation_doc_id":3613,"deactivation_doc_id":null,"func_zone_status_id":3,"ggk_zone_code":"11010000","ggk_zone_name":"Территория усадебной застройки","gp_func_zone_code":"11010000","gp_func_zone_code_id":19,"id":4728269,"zone_type_id":8},"type":"Feature"},{"bbox":[76.9596,43.4494,76.9652,43.4533],"geometry":{"coordinates":[[[[76.9625,43.4501],[76.9625,43.4501],[76.9625,43.45],[76.9625,43.45],[76.9625,43.45],[76.9625,43.4499],[76.9625,43.4499],[76.9625,43.4499],[76.9625,43.4498],[76.9625,43.4498],[76.9625,43.4497],[76.9625,43.4497],[76.9625,43.4496],[76.9625,43.4496],[76.9626,43.4496],[76.9626,43.4496],[76.9626,43.4495],[76.9626,43.4495],[76.9627,43.4494],[76.9627,43.4494],[76.9596,43.4495],[76.9601,43.4509],[76.9602,43.451],[76.9605,43.4512],[76.9607,43.4513],[76.9608,43.4514],[76.9611,43.4518],[76.9612,43.4518],[76.9613,43.452],[76.9614,43.4522],[76.9614,43.4523],[76.9618,43.4533],[76.9652,43.4532],[76.9652,43.4532],[76.9651,43.4531],[76.965,43.453],[76.9649,43.4529],[76.9648,43.4527],[76.9647,43.4526],[76.9646,43.4525],[76.9645,43.4524],[76.9644,43.4523],[76.9643,43.4523],[76.9641,43.4522],[76.964,43.4521],[76.9639,43.4521],[76.9639,43.4521],[76.9638,43.452],[76.9638,43.452],[76.9637,43.452],[76.9637,43.452],[76.9636,43.4519],[76.9636,43.4519],[76.9635,43.4518],[76.9635,43.4518],[76.9634,43.4518],[76.9634,43.4518],[76.9633,43.4517],[76.9633,43.4517],[76.9633,43.4516],[76.9633,43.4516],[76.9632,43.4515],[76.9632,43.4515],[76.9626,43.4504],[76.9626,43.4503],[76.9626,43.4503],[76.9626,43.4503],[76.9625,43.4503],[76.9625,43.4502],[76.9625,43.4502],[76.9625,43.4501]]]],"type":"MultiPolygon"},"geometry_name":"shape","id":"gp_functional_zones.fid--7752831e_19fb67eabdc_6c20","properties":{"area":93553.1434345328,"creation_doc_id":3613,"deactivation_doc_id":null,"func_zone_status_id":3,"ggk_zone_code":"11010000","ggk_zone_name":"Территория усадебной застройки","gp_func_zone_code":"11010000","gp_func_zone_code_id":19,"id":4728270,"zone_type_id":8},"type":"Feature"},{"bbox":[76.9691,43.4241,76.9711,43.4246],"geometry":{"coordinates":[[[[76.9711,43.4244],[76.9709,43.4241],[76.9697,43.4245],[76.9691,43.4246],[76.9711,43.4244]]]],"type":"MultiPolygon"},"geometry_name":"shape","id":"gp_functional_zones.fid--7752831e_19fb67eabdc_6c24","properties":{"area":3313.01671036449,"creation_doc_id":3613,"deactivation_doc_id":null,"func_zone_status_id":2,"ggk_zone_code":"11010000","ggk_zone_name":"Территория усадебной застройки","gp_func_zone_code":"11010000","gp_func_zone_code_id":19,"id":4728274,"zone_type_id":8},"type":"Feature"},{"bbox":[76.9563,43.4061,76.9591,43.4069],"geometry":{"coordinates":[[[[76.959,43.4061],[76.959,43.40612],[76.9591,43.4061],[76.959,43.4061]]],[[[76.9563,43.4068],[76.9564,43.4069],[76.9571,43.4068],[76.9572,43.4068],[76.9573,43.4068],[76.9574,43.4068],[76.9575,43.4068],[76.9576,43.4068],[76.9577,43.4068],[76.9577,43.4067],[76.9578,43.4067],[76.9579,43.4067],[76.958,43.4067],[76.9581,43.4067],[76.9581,43.4066],[76.9582,43.4066],[76.9583,43.4066],[76.9583,43.4065],[76.9584,43.4065],[76.9585,43.4065],[76.9586,43.4064],[76.9587,43.4064],[76.9587,43.4063],[76.9588,43.4063],[76.9589,43.4063],[76.9589,43.4062],[76.959,43.4062],[76.959,43.40612],[76.9586,43.4062],[76.9563,43.4068]]]],"type":"MultiPolygon"},"geometry_name":"shape","id":"gp_functional_zones.fid--7752831e_19fb67eabdc_6c2f","properties":{"area":6122.62719616068,"creation_doc_id":3613,"deactivation_doc_id":null,"func_zone_status_id":2,"ggk_zone_code":"11010000","ggk_zone_name":"Территория усадебной застройки","gp_func_zone_code":"11010000","gp_func_zone_code_id":19,"id":4728285,"zone_type_id":8},"type":"Feature"},{"bbox":[76.9615,43.4054,76.9627,43.4061],"geometry":{"coordinates":[[[[76.9627,43.4059],[76.9625,43.4054],[76.9615,43.4056],[76.9618,43.4061],[76.9627,43.4059]]]],"type":"MultiPolygon"},"geometry_name":"shape","id":"gp_functional_zones.fid--7752831e_19fb67eabdc_6c3d","properties":{"area":4594.71515235383,"creation_doc_id":3613,"deactivation_doc_id":null,"func_zone_status_id":2,"ggk_zone_code":"11010000","ggk_zone_name":"Территория усадебной застройки","gp_func_zone_code":"11010000","gp_func_zone_code_id":19,"id":4728300,"zone_type_id":8},"type":"Feature"},{"bbox":[76.9423,43.3968,76.9434,43.3974],"geometry":{"coordinates":[[[[76.9434,43.3968],[76.9423,43.3968],[76.9423,43.3974],[76.9434,43.3973],[76.9434,43.3968]]]],"type":"MultiPolygon"},"geometry_name":"shape","id":"gp_functional_zones.fid--7752831e_19fb67eabdc_6c43","properties":{"area":5555.49462484655,"creation_doc_id":3613,"deactivation_doc_id":null,"func_zone_status_id":2,"ggk_zone_code":"11010000","ggk_zone_name":"Территория усадебной застройки","gp_func_zone_code":"11010000","gp_func_zone_code_id":19,"id":4728306,"zone_type_id":8},"type":"Feature"},{"bbox":[76.9436,43.3968,76.9445,43.3973],"geometry":{"coordinates":[[[[76.9445,43.3969],[76.9436,43.3968],[76.9436,43.3973],[76.9445,43.3973],[76.9445,43.3969]]]],"type":"MultiPolygon"},"geometry_name":"shape","id":"gp_functional_zones.fid--7752831e_19fb67eabdc_6c44","properties":{"area":3670.93442409924,"creation_doc_id":3613,"deactivation_doc_id":null,"func_zone_status_id":2,"ggk_zone_code":"11010000","ggk_zone_name":"Территория усадебной застройки","gp_func_zone_code":"11010000","gp_func_zone_code_id":19,"id":4728307,"zone_type_id":8},"type":"Feature"},{"bbox":[76.9448,43.3969,76.9457,43.3972],"geometry":{"coordinates":[[[[76.9457,43.397],[76.9448,43.3969],[76.9448,43.3972],[76.9457,43.3972],[76.9457,43.397]]]],"type":"MultiPolygon"},"geometry_name":"shape","id":"gp_functional_zones.fid--7752831e_19fb67eabdc_6c45","properties":{"area":2130.51412149318,"creation_doc_id":3613,"deactivation_doc_id":null,"func_zone_status_id":2,"ggk_zone_code":"11010000","ggk_zone_name":"Территория усадебной застройки","gp_func_zone_code":"11010000","gp_func_zone_code_id":19,"id":4728308,"zone_type_id":8},"type":"Feature"},{"bbox":[76.9386,43.3976,76.9397,43.3984],"geometry":{"coordinates":[[[[76.9397,43.3984],[76.9397,43.3976],[76.9386,43.3976],[76.9387,43.3984],[76.9397,43.3984]]]],"type":"MultiPolygon"},"geometry_name":"shape","id":"gp_functional_zones.fid--7752831e_19fb67eabdc_6c47","properties":{"area":7821.19575105721,"creation_doc_id":3613,"deactivation_doc_id":null,"func_zone_status_id":2,"ggk_zone_code":"11010000","ggk_zone_name":"Территория усадебной застройки","gp_func_zone_code":"11010000","gp_func_zone_code_id":19,"id":4728310,"zone_type_id":8},"type":"Feature"},{"bbox":[76.94,43.3967,76.9405,43.3975],"geometry":{"coordinates":[[[[76.9404,43.3967],[76.94,43.3967],[76.94,43.3975],[76.9404,43.3975],[76.9404,43.3974],[76.9405,43.3974],[76.9405,43.3972],[76.9405,43.397],[76.9404,43.3968],[76.9404,43.3967]]]],"type":"MultiPolygon"},"geometry_name":"shape","id":"gp_functional_zones.fid--7752831e_19fb67eabdc_6c48","properties":{"area":3409.5718652198,"creation_doc_id":3613,"deactivation_doc_id":null,"func_zone_status_id":2,"ggk_zone_code":"11010000","ggk_zone_name":"Территория усадебной застройки","gp_func_zone_code":"11010000","gp_func_zone_code_id":19,"id":4728311,"zone_type_id":8},"type":"Feature"},{"bbox":[76.9364,43.3976,76.9384,43.3984],"geometry":{"coordinates":[[[[76.9384,43.3984],[76.9383,43.3976],[76.937,43.3977],[76.9364,43.3977],[76.9364,43.3978],[76.9364,43.3978],[76.9364,43.3978],[76.9364,43.3978],[76.9364,43.3978],[76.9364,43.3978],[76.9364,43.3978],[76.9364,43.3978],[76.9364,43.3978],[76.9364,43.3978],[76.9365,43.3978],[76.9365,43.3978],[76.9365,43.3978],[76.9365,43.3978],[76.9365,43.3978],[76.9365,43.3978],[76.9365,43.3978],[76.9365,43.3978],[76.9365,43.3978],[76.9365,43.3978],[76.9365,43.3978],[76.9366,43.3978],[76.9366,43.3978],[76.9366,43.3978],[76.9366,43.3978],[76.9366,43.3978],[76.9366,43.3978],[76.9366,43.3978],[76.9366,43.3978],[76.9366,43.3978],[76.9366,43.3978],[76.9367,43.3978],[76.9367,43.3978],[76.9367,43.3978],[76.9367,43.3978],[76.9367,43.3978],[76.9367,43.3978],[76.9367,43.3978],[76.9367,43.3978],[76.9367,43.3978],[76.9367,43.3978],[76.9367,43.3979],[76.9367,43.3979],[76.9367,43.3979],[76.9367,43.3979],[76.9367,43.3979],[76.9367,43.3979],[76.9367,43.3979],[76.9367,43.3979],[76.9367,43.3979],[76.9367,43.3979],[76.9367,43.3979],[76.9367,43.3979],[76.9367,43.3979],[76.9367,43.3979],[76.9367,43.3979],[76.9367,43.3979],[76.9367,43.398],[76.9367,43.398],[76.9367,43.398],[76.9367,43.398],[76.9367,43.398],[76.9367,43.398],[76.9367,43.398],[76.9367,43.398],[76.9367,43.3981],[76.9367,43.3981],[76.9367,43.3981],[76.9367,43.3981],[76.9367,43.3981],[76.9367,43.3981],[76.9367,43.3981],[76.9366,43.3981],[76.9366,43.3981],[76.9366,43.3981],[76.9366,43.3981],[76.9366,43.3981],[76.9366,43.3982],[76.9366,43.3982],[76.9365,43.3982],[76.9365,43.3982],[76.9365,43.3982],[76.9365,43.3982],[76.9365,43.3982],[76.9365,43.3982],[76.9365,43.3982],[76.9365,43.3983],[76.9365,43.3983],[76.9365,43.3983],[76.9365,43.3983],[76.9365,43.3983],[76.9365,43.3983],[76.9365,43.3983],[76.9365,43.3983],[76.9365,43.3983],[76.9365,43.3983],[76.9365,43.3984],[76.9365,43.3984],[76.9365,43.3984],[76.9365,43.3984],[76.9365,43.3984],[76.9365,43.3984],[76.9365,43.3984],[76.9365,43.3984],[76.9384,43.3984]]]],"type":"MultiPolygon"},"geometry_name":"shape","id":"gp_functional_zones.fid--7752831e_19fb67eabdc_6c4a","properties":{"area":10951.0469875817,"creation_doc_id":3613,"deactivation_doc_id":null,"func_zone_status_id":2,"ggk_zone_code":"11010000","ggk_zone_name":"Территория усадебной застройки","gp_func_zone_code":"11010000","gp_func_zone_code_id":19,"id":4728313,"zone_type_id":8},"type":"Feature"},{"bbox":[76.9247,43.4011,76.9257,43.4017],"geometry":{"coordinates":[[[[76.9253,43.4012],[76.9251,43.4011],[76.9249,43.4014],[76.9247,43.4016],[76.9257,43.4017],[76.9257,43.4016],[76.9255,43.4015],[76.9253,43.4012]]]],"type":"MultiPolygon"},"geometry_name":"shape","id":"gp_functional_zones.fid--7752831e_19fb67eabdc_6c63","properties":{"area":2442.65937221235,"creation_doc_id":3613,"deactivation_doc_id":null,"func_zone_status_id":2,"ggk_zone_code":"11010000","ggk_zone_name":"Территория усадебной застройки","gp_func_zone_code":"11010000","gp_func_zone_code_id":19,"id":4728338,"zone_type_id":8},"type":"Feature"},{"bbox":[76.9344,43.3814,76.9366,43.3823],"geometry":{"coordinates":[[[[76.9366,43.3817],[76.9344,43.3814],[76.9345,43.3817],[76.9345,43.3817],[76.9346,43.3823],[76.9366,43.3819],[76.9366,43.3817]]]],"type":"MultiPolygon"},"geometry_name":"shape","id":"gp_functional_zones.fid--7752831e_19fb67eabdc_6c75","properties":{"area":10188.8729678376,"creation_doc_id":3613,"deactivation_doc_id":null,"func_zone_status_id":2,"ggk_zone_code":"11010000","ggk_zone_name":"Территория усадебной застройки","gp_func_zone_code":"11010000","gp_func_zone_code_id":19,"id":4728356,"zone_type_id":8},"type":"Feature"},{"bbox":[76.9677,43.4739,76.9714,43.4781],"geometry":{"coordinates":[[[[76.9678,43.4739],[76.9677,43.4739],[76.9677,43.4739],[76.9678,43.4744],[76.9702,43.4781],[76.9713,43.4777],[76.9714,43.4777],[76.9714,43.4777],[76.9703,43.4758],[76.9694,43.4742],[76.9694,43.4742],[76.969,43.4742],[76.9685,43.4741],[76.9685,43.4741],[76.9684,43.4741],[76.9684,43.4741],[76.9683,43.4741],[76.9682,43.4741],[76.9681,43.474],[76.9681,43.474],[76.968,43.474],[76.968,43.474],[76.9679,43.474],[76.9679,43.474],[76.9678,43.4739],[76.9678,43.4739]]]],"type":"MultiPolygon"},"geometry_name":"shape","id":"gp_functional_zones.fid--7752831e_19fb67eabdc_6cb6","properties":{"area":52778.6115466188,"creation_doc_id":3613,"deactivation_doc_id":null,"func_zone_status_id":2,"ggk_zone_code":"11010000","ggk_zone_name":"Территория усадебной застройки","gp_func_zone_code":"11010000","gp_func_zone_code_id":19,"id":4728438,"zone_type_id":8},"type":"Feature"},{"bbox":[76.9718,43.4704,76.9727,43.4708],"geometry":{"coordinates":[[[[76.9727,43.4708],[76.9727,43.4704],[76.9718,43.4706],[76.9719,43.4708],[76.9727,43.4708]]]],"type":"MultiPolygon"},"geometry_name":"shape","id":"gp_functional_zones.fid--7752831e_19fb67eabdc_6cba","properties":{"area":2427.45879574118,"creation_doc_id":3613,"deactivation_doc_id":null,"func_zone_status_id":2,"ggk_zone_code":"11010000","ggk_zone_name":"Территория усадебной застройки","gp_func_zone_code":"11010000","gp_func_zone_code_id":19,"id":4728443,"zone_type_id":8},"type":"Feature"},{"bbox":[76.9685,43.471,76.9727,43.4726],"geometry":{"coordinates":[[[[76.9693,43.471],[76.9685,43.471],[76.9688,43.4724],[76.9699,43.4725],[76.9718,43.4726],[76.9727,43.4726],[76.9727,43.471],[76.9718,43.471],[76.9693,43.471]]]],"type":"MultiPolygon"},"geometry_name":"shape","id":"gp_functional_zones.fid--7752831e_19fb67eabdc_6cbb","properties":{"area":55227.2735985794,"creation_doc_id":3613,"deactivation_doc_id":null,"func_zone_status_id":2,"ggk_zone_code":"11010000","ggk_zone_name":"Территория усадебной застройки","gp_func_zone_code":"11010000","gp_func_zone_code_id":19,"id":4728444,"zone_type_id":8},"type":"Feature"},{"bbox":[76.9688,43.4726,76.9699,43.474],"geometry":{"coordinates":[[[[76.9695,43.4726],[76.9688,43.4726],[76.9691,43.474],[76.9691,43.474],[76.9691,43.474],[76.9699,43.474],[76.9695,43.4726]]]],"type":"MultiPolygon"},"geometry_name":"shape","id":"gp_functional_zones.fid--7752831e_19fb67eabdc_6cbc","properties":{"area":9382.6179923973,"creation_doc_id":3613,"deactivation_doc_id":null,"func_zone_status_id":2,"ggk_zone_code":"11010000","ggk_zone_name":"Территория усадебной застройки","gp_func_zone_code":"11010000","gp_func_zone_code_id":19,"id":4728445,"zone_type_id":8},"type":"Feature"},{"bbox":[76.972,43.4728,76.9727,43.4743],"geometry":{"coordinates":[[[[76.9727,43.4728],[76.972,43.4728],[76.9725,43.4742],[76.9725,43.4742],[76.9727,43.4743],[76.9727,43.4742],[76.9727,43.4728]]]],"type":"MultiPolygon"},"geometry_name":"shape","id":"gp_functional_zones.fid--7752831e_19fb67eabdc_6cbd","properties":{"area":5704.59515662874,"creation_doc_id":3613,"deactivation_doc_id":null,"func_zone_status_id":2,"ggk_zone_code":"11010000","ggk_zone_name":"Территория усадебной застройки","gp_func_zone_code":"11010000","gp_func_zone_code_id":19,"id":4728446,"zone_type_id":8},"type":"Feature"},{"bbox":[77.079,43.6621,77.0808,43.6636],"geometry":{"coordinates":[[[[77.079,43.6621],[77.079,43.6621],[77.079,43.6621],[77.079,43.6621],[77.0791,43.6633],[77.0792,43.6636],[77.0792,43.6636],[77.08,43.6633],[77.0808,43.6629],[77.0808,43.6629],[77.0808,43.6629],[77.0808,43.6629],[77.0807,43.6629],[77.0795,43.6623],[77.0793,43.6622],[77.0791,43.6622],[77.079,43.6621]]]],"type":"MultiPolygon"},"geometry_name":"shape","id":"gp_functional_zones.fid--7752831e_19fb67eabdc_6ce4","properties":{"area":11685.0550024475,"creation_doc_id":3613,"deactivation_doc_id":null,"func_zone_status_id":3,"ggk_zone_code":"11010000","ggk_zone_name":"Территория усадебной застройки","gp_func_zone_code":"11010000","gp_func_zone_code_id":19,"id":4728489,"zone_type_id":8},"type":"Feature"},{"bbox":[77.0792,43.6635,77.08,43.6655],"geometry":{"coordinates":[[[[77.0799,43.6649],[77.0798,43.6635],[77.0792,43.6638],[77.0792,43.6638],[77.0794,43.6655],[77.08,43.6655],[77.0799,43.6649]]]],"type":"MultiPolygon"},"geometry_name":"shape","id":"gp_functional_zones.fid--7752831e_19fb67eabdc_6ce5","properties":{"area":10765.8084608765,"creation_doc_id":3613,"deactivation_doc_id":null,"func_zone_status_id":3,"ggk_zone_code":"11010000","ggk_zone_name":"Территория усадебной застройки","gp_func_zone_code":"11010000","gp_func_zone_code_id":19,"id":4728490,"zone_type_id":8},"type":"Feature"},{"bbox":[77.0755,43.6635,77.079,43.6657],"geometry":{"coordinates":[[[[77.079,43.6656],[77.0788,43.664],[77.0788,43.664],[77.0788,43.664],[77.0788,43.664],[77.0788,43.664],[77.0773,43.6647],[77.0772,43.6647],[77.0772,43.6647],[77.0771,43.6646],[77.0771,43.6646],[77.0771,43.6646],[77.0771,43.6645],[77.0771,43.6645],[77.0779,43.6642],[77.0787,43.6638],[77.0788,43.6638],[77.0788,43.6638],[77.0788,43.6638],[77.0788,43.6638],[77.0788,43.6638],[77.0788,43.6638],[77.0788,43.6635],[77.0787,43.6635],[77.0782,43.6635],[77.0755,43.6637],[77.0755,43.6637],[77.0755,43.6637],[77.0759,43.6657],[77.0786,43.6656],[77.079,43.6656],[77.079,43.6656],[77.079,43.6656]]]],"type":"MultiPolygon"},"geometry_name":"shape","id":"gp_functional_zones.fid--7752831e_19fb67eabdc_6ce6","properties":{"area":57950.9916842588,"creation_doc_id":3613,"deactivation_doc_id":null,"func_zone_status_id":3,"ggk_zone_code":"11010000","ggk_zone_name":"Территория усадебной застройки","gp_func_zone_code":"11010000","gp_func_zone_code_id":19,"id":4728491,"zone_type_id":8},"type":"Feature"},{"bbox":[76.9686,43.4986,76.9723,43.5006],"geometry":{"coordinates":[[[[76.9714,43.5005],[76.9716,43.5004],[76.9717,43.5004],[76.9718,43.5004],[76.9719,43.5003],[76.9719,43.5003],[76.972,43.5002],[76.972,43.5002],[76.9721,43.5001],[76.9721,43.5],[76.9721,43.5],[76.9722,43.4999],[76.9723,43.4997],[76.9723,43.4995],[76.9723,43.4993],[76.9723,43.4992],[76.9722,43.499],[76.9722,43.499],[76.9722,43.499],[76.9723,43.499],[76.9723,43.499],[76.9723,43.4989],[76.9723,43.4989],[76.9723,43.4989],[76.9723,43.4989],[76.9723,43.4988],[76.9722,43.4988],[76.9722,43.4988],[76.9721,43.4987],[76.972,43.4987],[76.972,43.4987],[76.9719,43.4987],[76.9719,43.4987],[76.9719,43.4987],[76.9718,43.4986],[76.9717,43.4986],[76.9716,43.4987],[76.9713,43.4987],[76.971,43.4987],[76.9708,43.4987],[76.9706,43.4987],[76.9704,43.4987],[76.9703,43.4987],[76.9703,43.4987],[76.9703,43.4987],[76.9698,43.4987],[76.9691,43.4988],[76.969,43.4988],[76.9689,43.4994],[76.9688,43.4998],[76.9686,43.5005],[76.9686,43.5006],[76.969,43.5005],[76.9691,43.5005],[76.9698,43.5005],[76.9706,43.5006],[76.9706,43.5006],[76.971,43.5006],[76.9712,43.5005],[76.9714,43.5005]]]],"type":"MultiPolygon"},"geometry_name":"shape","id":"gp_functional_zones.fid--7752831e_19fb67eabdc_6ce8","properties":{"area":55007.0722316397,"creation_doc_id":3613,"deactivation_doc_id":null,"func_zone_status_id":2,"ggk_zone_code":"11010000","ggk_zone_name":"Территория усадебной застройки","gp_func_zone_code":"11010000","gp_func_zone_code_id":19,"id":4728493,"zone_type_id":8},"type":"Feature"},{"bbox":[76.9652,43.5054,76.9718,43.5094],"geometry":{"coordinates":[[[[76.9679,43.5054],[76.9679,43.5054],[76.9679,43.5054],[76.9679,43.5054],[76.9679,43.5054],[76.9679,43.5054],[76.9679,43.5054],[76.9679,43.5054],[76.9679,43.5054],[76.9679,43.5054],[76.9679,43.5054],[76.9679,43.5054],[76.9679,43.5054],[76.9678,43.5054],[76.9678,43.5054],[76.9652,43.506],[76.9652,43.506],[76.9666,43.5074],[76.9716,43.5094],[76.9718,43.5086],[76.9711,43.5081],[76.9705,43.5076],[76.969,43.5064],[76.9679,43.5055],[76.9679,43.5054]]]],"type":"MultiPolygon"},"geometry_name":"shape","id":"gp_functional_zones.fid--7752831e_19fb67eabdc_6ce9","properties":{"area":91163.177947057,"creation_doc_id":3613,"deactivation_doc_id":null,"func_zone_status_id":2,"ggk_zone_code":"11010000","ggk_zone_name":"Территория усадебной застройки","gp_func_zone_code":"11010000","gp_func_zone_code_id":19,"id":4728494,"zone_type_id":8},"type":"Feature"},{"bbox":[77.0184,43.7024,77.0242,43.7084],"geometry":{"coordinates":[[[[77.024,43.7024],[77.024,43.7024],[77.0184,43.704],[77.0188,43.7084],[77.0242,43.7065],[77.0242,43.7065],[77.024,43.7024]]]],"type":"MultiPolygon"},"geometry_name":"shape","id":"gp_functional_zones.fid--7752831e_19fb67eabdc_6e37","properties":{"area":214652.497525947,"creation_doc_id":3613,"deactivation_doc_id":null,"func_zone_status_id":3,"ggk_zone_code":"11010000","ggk_zone_name":"Территория усадебной застройки","gp_func_zone_code":"11010000","gp_func_zone_code_id":19,"id":4728856,"zone_type_id":8},"type":"Feature"},{"bbox":[77.0117,43.7041,77.0185,43.7105],"geometry":{"coordinates":[[[[77.0185,43.7085],[77.0182,43.7041],[77.0157,43.7048],[77.0157,43.7048],[77.0148,43.706],[77.0132,43.7078],[77.012,43.7093],[77.0117,43.7096],[77.0123,43.7105],[77.0123,43.7105],[77.0185,43.7085]]]],"type":"MultiPolygon"},"geometry_name":"shape","id":"gp_functional_zones.fid--7752831e_19fb67eabdc_6e38","properties":{"area":206438.178702462,"creation_doc_id":3613,"deactivation_doc_id":null,"func_zone_status_id":3,"ggk_zone_code":"11010000","ggk_zone_name":"Территория усадебной застройки","gp_func_zone_code":"11010000","gp_func_zone_code_id":19,"id":4728857,"zone_type_id":8},"type":"Feature"},{"bbox":[77.0124,43.7087,77.0188,43.7112],"geometry":{"coordinates":[[[[77.0188,43.7112],[77.0185,43.7087],[77.0124,43.7107],[77.0124,43.7107],[77.0124,43.7107],[77.0124,43.7107],[77.0127,43.7111],[77.0127,43.7111],[77.0127,43.7111],[77.0188,43.7112]]]],"type":"MultiPolygon"},"geometry_name":"shape","id":"gp_functional_zones.fid--7752831e_19fb67eabdc_6e39","properties":{"area":82829.8912591767,"creation_doc_id":3613,"deactivation_doc_id":null,"func_zone_status_id":3,"ggk_zone_code":"11010000","ggk_zone_name":"Территория усадебной застройки","gp_func_zone_code":"11010000","gp_func_zone_code_id":19,"id":4728858,"zone_type_id":8},"type":"Feature"},{"bbox":[77.0188,43.7067,77.0245,43.7113],"geometry":{"coordinates":[[[[77.0242,43.7067],[77.0242,43.7067],[77.0188,43.7086],[77.019,43.7112],[77.0245,43.7113],[77.0245,43.7113],[77.0245,43.7112],[77.0242,43.7067]]]],"type":"MultiPolygon"},"geometry_name":"shape","id":"gp_functional_zones.fid--7752831e_19fb67eabdc_6e3a","properties":{"area":179254.720432432,"creation_doc_id":3613,"deactivation_doc_id":null,"func_zone_status_id":3,"ggk_zone_code":"11010000","ggk_zone_name":"Территория усадебной застройки","gp_func_zone_code":"11010000","gp_func_zone_code_id":19,"id":4728859,"zone_type_id":8},"type":"Feature"}],"name":"AIS GGK lph-household allowed zones","type":"FeatureCollection"}